onset_sec,note,velocity,offset,duration,freq,interval,key
152.0,71.0,80.0,152.94791666666666,0.9479166666666572,493.88330125612424,0,e
153.0,68.0,80.0,153.94791666666666,0.9479166666666572,415.3046975799452,-1.189207115002721,e
154.0,69.0,80.0,154.94791666666666,0.9479166666666572,440.0,1.0594630943592958,e
155.0,73.0,80.0,155.94791666666666,0.9479166666666572,554.3652619537442,1.259921049894873,e
156.0,71.0,80.0,157.42291666666668,1.42291666666668,493.88330125612424,-1.1224620483093732,e
157.5,68.0,80.0,157.97291666666666,0.4729166666666629,415.3046975799452,-1.189207115002721,e
158.0,66.0,80.0,158.94791666666666,0.9479166666666572,369.9944227116344,-1.1224620483093726,e
159.0,64.0,80.0,159.94791666666666,0.9479166666666572,329.62755691286986,-1.1224620483093732,e
