onset_sec,note,velocity,offset,duration,freq,interval,key
112.0,76.0,80.0,112.94791666666669,0.9479166666666714,659.2551138257397,0,c2
113.0,77.0,80.0,113.94791666666669,0.9479166666666714,698.4564628660079,1.0594630943592958,c2
114.0,76.0,80.0,115.42291666666668,1.4229166666666655,659.2551138257397,-1.0594630943592958,c2
115.5,72.0,80.0,115.97291666666666,0.4729166666666629,523.2511306011972,-1.259921049894873,c2
116.0,74.0,80.0,116.94791666666669,0.9479166666666714,587.3295358348153,1.1224620483093732,c2
117.0,72.0,80.0,117.94791666666669,0.9479166666666714,523.2511306011972,-1.1224620483093732,c2
118.0,79.0,80.0,119.89791666666666,1.89791666666666,783.9908719634984,1.4983070768766813,c2
