onset_sec,note,velocity,offset,duration,freq,interval,key
112.0,71.0,80.0,112.94791666666669,0.9479166666666714,493.88330125612424,0,g
113.0,72.0,80.0,113.94791666666669,0.9479166666666714,523.2511306011972,1.0594630943592958,g
114.0,71.0,80.0,115.42291666666668,1.4229166666666655,493.88330125612424,-1.0594630943592958,g
115.5,67.0,80.0,115.97291666666666,0.4729166666666629,391.9954359817492,-1.259921049894873,g
116.0,69.0,80.0,116.94791666666669,0.9479166666666714,440.0,1.1224620483093732,g
117.0,67.0,80.0,117.94791666666669,0.9479166666666714,391.9954359817492,-1.1224620483093732,g
118.0,74.0,80.0,119.89791666666666,1.89791666666666,587.3295358348153,1.4983070768766813,g
