onset_sec,note,velocity,offset,duration,freq,interval,key
104.0,64.0,80.0,104.94791666666669,0.9479166666666714,329.62755691286986,0,a
105.0,64.0,80.0,105.94791666666669,0.9479166666666714,329.62755691286986,-1.0,a
106.0,64.0,80.0,107.42291666666668,1.4229166666666655,329.62755691286986,-1.0,a
107.5,62.0,80.0,107.97291666666666,0.4729166666666629,293.66476791740763,-1.1224620483093726,a
108.0,60.0,80.0,108.94791666666669,0.9479166666666714,261.6255653005986,-1.122462048309373,a
109.0,59.0,80.0,109.47291666666666,0.4729166666666629,246.94165062806212,-1.059463094359295,a
109.5,60.0,80.0,109.97291666666666,0.4729166666666629,261.6255653005986,1.059463094359295,a
110.0,60.0,80.0,110.94791666666669,0.9479166666666714,261.6255653005986,-1.0,a
111.0,57.0,80.0,111.94791666666669,0.9479166666666714,220.0,-1.1892071150027212,a
