onset_sec,note,velocity,offset,duration,freq,interval,key
112.0,75.0,80.0,112.94791666666669,0.9479166666666714,622.2539674441618,0,h
113.0,76.0,80.0,113.94791666666669,0.9479166666666714,659.2551138257397,1.0594630943592958,h
114.0,75.0,80.0,115.42291666666668,1.4229166666666655,622.2539674441618,-1.0594630943592958,h
115.5,71.0,80.0,115.97291666666666,0.4729166666666629,493.88330125612424,-1.259921049894873,h
116.0,73.0,80.0,116.94791666666669,0.9479166666666714,554.3652619537442,1.1224620483093732,h
117.0,71.0,80.0,117.94791666666669,0.9479166666666714,493.88330125612424,-1.1224620483093732,h
118.0,78.0,80.0,119.89791666666666,1.89791666666666,739.9888454232688,1.4983070768766813,h
