onset_sec,note,velocity,offset,duration,freq,interval,key
112.0,68.0,80.0,112.94791666666669,0.9479166666666714,415.3046975799452,0,e
113.0,69.0,80.0,113.94791666666669,0.9479166666666714,440.0,1.0594630943592958,e
114.0,68.0,80.0,115.42291666666668,1.4229166666666655,415.3046975799452,-1.0594630943592958,e
115.5,64.0,80.0,115.97291666666666,0.4729166666666629,329.62755691286986,-1.259921049894873,e
116.0,66.0,80.0,116.94791666666669,0.9479166666666714,369.9944227116344,1.1224620483093732,e
117.0,64.0,80.0,117.94791666666669,0.9479166666666714,329.62755691286986,-1.1224620483093732,e
118.0,71.0,80.0,119.89791666666666,1.89791666666666,493.88330125612424,1.4983070768766813,e
