onset_sec,note,velocity,offset,duration,freq,interval,key
152.0,78.0,80.0,152.94791666666666,0.9479166666666572,739.9888454232688,0,h
153.0,75.0,80.0,153.94791666666666,0.9479166666666572,622.2539674441618,-1.189207115002721,h
154.0,76.0,80.0,154.94791666666666,0.9479166666666572,659.2551138257397,1.0594630943592958,h
155.0,80.0,80.0,155.94791666666666,0.9479166666666572,830.6093951598904,1.259921049894873,h
156.0,78.0,80.0,157.42291666666668,1.42291666666668,739.9888454232688,-1.1224620483093732,h
157.5,75.0,80.0,157.97291666666666,0.4729166666666629,622.2539674441618,-1.189207115002721,h
158.0,73.0,80.0,158.94791666666666,0.9479166666666572,554.3652619537442,-1.1224620483093726,h
159.0,71.0,80.0,159.94791666666666,0.9479166666666572,493.88330125612424,-1.1224620483093732,h
