onset_sec,note,velocity,offset,duration,freq,interval,key
144.0,71.0,80.0,144.94791666666666,0.9479166666666572,493.88330125612424,0,h
145.0,78.0,80.0,145.94791666666666,0.9479166666666572,739.9888454232688,1.4983070768766813,h
146.0,75.0,80.0,146.94791666666666,0.9479166666666572,622.2539674441618,-1.189207115002721,h
147.0,70.0,80.0,147.94791666666666,0.9479166666666572,466.1637615180898,-1.3348398541700337,h
148.0,75.0,80.0,149.42291666666668,1.42291666666668,622.2539674441618,1.3348398541700337,h
149.5,73.0,80.0,149.97291666666666,0.4729166666666629,554.3652619537442,-1.1224620483093726,h
150.0,71.0,80.0,150.94791666666666,0.9479166666666572,493.88330125612424,-1.1224620483093732,h
151.0,83.0,80.0,151.94791666666666,0.9479166666666572,987.7666025122485,2.0,h
