onset_sec,note,velocity,offset,duration,freq,interval,key
104.0,71.0,80.0,104.94791666666669,0.9479166666666714,493.88330125612424,0,e
105.0,71.0,80.0,105.94791666666669,0.9479166666666714,493.88330125612424,-1.0,e
106.0,71.0,80.0,107.42291666666668,1.4229166666666655,493.88330125612424,-1.0,e
107.5,69.0,80.0,107.97291666666666,0.4729166666666629,440.0,-1.1224620483093726,e
108.0,67.0,80.0,108.94791666666669,0.9479166666666714,391.9954359817492,-1.122462048309373,e
109.0,66.0,80.0,109.47291666666666,0.4729166666666629,369.9944227116344,-1.059463094359295,e
109.5,67.0,80.0,109.97291666666666,0.4729166666666629,391.9954359817492,1.059463094359295,e
110.0,67.0,80.0,110.94791666666669,0.9479166666666714,391.9954359817492,-1.0,e
111.0,64.0,80.0,111.94791666666669,0.9479166666666714,329.62755691286986,-1.1892071150027212,e
