onset_sec,note,velocity,offset,duration,freq,interval,key
104.0,79.0,80.0,104.94791666666669,0.9479166666666714,783.9908719634984,0,c2
105.0,79.0,80.0,105.94791666666669,0.9479166666666714,783.9908719634984,-1.0,c2
106.0,79.0,80.0,107.42291666666668,1.4229166666666655,783.9908719634984,-1.0,c2
107.5,77.0,80.0,107.97291666666666,0.4729166666666629,698.4564628660079,-1.1224620483093726,c2
108.0,75.0,80.0,108.94791666666669,0.9479166666666714,622.2539674441618,-1.122462048309373,c2
109.0,74.0,80.0,109.47291666666666,0.4729166666666629,587.3295358348153,-1.059463094359295,c2
109.5,75.0,80.0,109.97291666666666,0.4729166666666629,622.2539674441618,1.059463094359295,c2
110.0,75.0,80.0,110.94791666666669,0.9479166666666714,622.2539674441618,-1.0,c2
111.0,72.0,80.0,111.94791666666669,0.9479166666666714,523.2511306011972,-1.1892071150027212,c2
