onset_sec,note,velocity,offset,duration,freq,interval,key
112.0,61.0,80.0,112.94791666666669,0.9479166666666714,277.1826309768721,0,a
113.0,62.0,80.0,113.94791666666669,0.9479166666666714,293.66476791740763,1.0594630943592958,a
114.0,61.0,80.0,115.42291666666668,1.4229166666666655,277.1826309768721,-1.0594630943592958,a
115.5,57.0,80.0,115.97291666666666,0.4729166666666629,220.0,-1.259921049894873,a
116.0,59.0,80.0,116.94791666666669,0.9479166666666714,246.94165062806212,1.1224620483093732,a
117.0,57.0,80.0,117.94791666666669,0.9479166666666714,220.0,-1.1224620483093732,a
118.0,64.0,80.0,119.89791666666666,1.89791666666666,329.62755691286986,1.4983070768766813,a
