onset_sec,note,velocity,offset,duration,freq,interval,key
152.0,64.0,80.0,152.94791666666666,0.9479166666666572,329.62755691286986,0,a
153.0,61.0,80.0,153.94791666666666,0.9479166666666572,277.1826309768721,-1.189207115002721,a
154.0,62.0,80.0,154.94791666666666,0.9479166666666572,293.66476791740763,1.0594630943592958,a
155.0,66.0,80.0,155.94791666666666,0.9479166666666572,369.9944227116344,1.259921049894873,a
156.0,64.0,80.0,157.42291666666668,1.42291666666668,329.62755691286986,-1.1224620483093732,a
157.5,61.0,80.0,157.97291666666666,0.4729166666666629,277.1826309768721,-1.189207115002721,a
158.0,59.0,80.0,158.94791666666666,0.9479166666666572,246.94165062806212,-1.1224620483093726,a
159.0,57.0,80.0,159.94791666666666,0.9479166666666572,220.0,-1.1224620483093732,a
