onset_sec,note,velocity,offset,duration,freq,interval,key
144.0,64.0,80.0,144.94791666666666,0.9479166666666572,329.62755691286986,0,e
145.0,71.0,80.0,145.94791666666666,0.9479166666666572,493.88330125612424,1.4983070768766813,e
146.0,68.0,80.0,146.94791666666666,0.9479166666666572,415.3046975799452,-1.189207115002721,e
147.0,63.0,80.0,147.94791666666666,0.9479166666666572,311.1269837220809,-1.3348398541700337,e
148.0,68.0,80.0,149.42291666666668,1.42291666666668,415.3046975799452,1.3348398541700337,e
149.5,66.0,80.0,149.97291666666666,0.4729166666666629,369.9944227116344,-1.1224620483093726,e
150.0,64.0,80.0,150.94791666666666,0.9479166666666572,329.62755691286986,-1.1224620483093732,e
151.0,76.0,80.0,151.94791666666666,0.9479166666666572,659.2551138257397,2.0,e
