onset_sec,note,velocity,offset,duration,freq,interval,key
104.0,78.0,80.0,104.94791666666669,0.9479166666666714,739.9888454232688,0,h
105.0,78.0,80.0,105.94791666666669,0.9479166666666714,739.9888454232688,-1.0,h
106.0,78.0,80.0,107.42291666666668,1.4229166666666655,739.9888454232688,-1.0,h
107.5,76.0,80.0,107.97291666666666,0.4729166666666629,659.2551138257397,-1.1224620483093726,h
108.0,74.0,80.0,108.94791666666669,0.9479166666666714,587.3295358348153,-1.122462048309373,h
109.0,73.0,80.0,109.47291666666666,0.4729166666666629,554.3652619537442,-1.059463094359295,h
109.5,74.0,80.0,109.97291666666666,0.4729166666666629,587.3295358348153,1.059463094359295,h
110.0,74.0,80.0,110.94791666666669,0.9479166666666714,587.3295358348153,-1.0,h
111.0,71.0,80.0,111.94791666666669,0.9479166666666714,493.88330125612424,-1.1892071150027212,h
