filename,true_azim,true_elev,pred_azim,pred_elev
khz_band_1.4_2.5_noise.wav,5.000000037252903,20.000000596046448,11.666973531246185,32.823461294174194
khz_band_1.4_2.5_noise.wav,40.000000298023224,60.0,32.11867243051529,38.73650550842285
khz_band_1.4_2.5_noise.wav,84.99999761581421,10.000000298023224,48.67863893508911,21.987862586975098
khz_band_1.4_2.5_noise.wav,90.0,10.000000298023224,51.58353567123413,18.56504201889038
khz_band_1.4_2.5_noise.wav,74.99999821186066,20.000000596046448,66.17283225059509,37.03330636024475
khz_band_1.4_2.5_noise.wav,50.00000238418579,49.999998807907104,43.95038455724716,18.93154263496399
khz_band_1.4_2.5_noise.wav,30.00000089406967,49.999998807907104,37.21521019935608,24.70862567424774
khz_band_1.4_2.5_noise.wav,54.99999940395355,49.999998807907104,44.992513954639435,21.08611822128296
khz_band_1.4_2.5_noise.wav,45.0,20.000000596046448,42.98438161611557,11.729480624198914
khz_band_1.4_2.5_noise.wav,54.99999940395355,20.000000596046448,57.797205448150635,20.245249271392822
khz_band_1.4_2.5_noise.wav,74.99999821186066,10.000000298023224,62.635164856910706,15.63005805015564
khz_band_1.4_2.5_noise.wav,0.0,20.000000596046448,8.236792981624603,30.82991123199463
khz_band_1.4_2.5_noise.wav,0.0,60.0,10.24224042892456,28.158820867538452
khz_band_1.4_2.5_noise.wav,25.000001192092896,30.0,40.727686285972595,32.40350961685181
khz_band_1.4_2.5_noise.wav,5.000000037252903,20.000000596046448,11.033602058887482,38.45869302749634
khz_band_1.4_2.5_noise.wav,50.00000238418579,20.000000596046448,47.93913781642914,13.272941708564758
khz_band_1.4_2.5_noise.wav,60.00000178813934,20.000000596046448,59.916300773620605,10.390502214431763
khz_band_1.4_2.5_noise.wav,80.00000059604645,40.000001192092896,69.96560454368591,38.9031708240509
khz_band_1.4_2.5_noise.wav,45.0,20.000000596046448,44.05503362417221,17.4714195728302
khz_band_1.4_2.5_noise.wav,20.000000149011612,49.999998807907104,29.366084933280945,34.41757678985596
khz_band_1.4_2.5_noise.wav,0.0,40.000001192092896,11.421497762203217,28.068909645080566
khz_band_1.4_2.5_noise.wav,50.00000238418579,20.000000596046448,57.57465720176697,19.512734413146973
khz_band_1.4_2.5_noise.wav,45.0,10.000000298023224,55.29668927192688,27.711365818977356
khz_band_1.4_2.5_noise.wav,15.000000447034836,10.000000298023224,24.74769651889801,28.805948495864868
khz_band_1.4_2.5_noise.wav,0.0,0.0,10.531226992607117,30.223056077957153
khz_band_1.4_2.5_noise.wav,90.0,20.000000596046448,61.13940417766571,32.836993932724
khz_band_1.4_2.5_noise.wav,80.00000059604645,30.0,76.15877151489258,36.28687620162964
khz_band_1.4_2.5_noise.wav,60.00000178813934,0.0,56.11133515834808,8.283219337463379
khz_band_1.4_2.5_noise.wav,0.0,49.999998807907104,11.261093616485596,31.1655592918396
khz_band_1.4_2.5_noise.wav,50.00000238418579,20.000000596046448,50.41975736618042,16.96566939353943
khz_band_1.4_2.5_noise.wav,70.0000011920929,0.0,65.52584052085876,13.705950379371643
khz_band_1.4_2.5_noise.wav,80.00000059604645,0.0,61.432156562805176,14.736741185188293
khz_band_1.4_2.5_noise.wav,50.00000238418579,30.0,42.69284963607788,19.36737298965454
khz_band_1.4_2.5_noise.wav,35.00000059604645,49.999998807907104,42.29884386062622,22.577328085899353
khz_band_1.4_2.5_noise.wav,10.000000074505806,30.0,16.046369075775146,30.647681951522827
khz_band_1.4_2.5_noise.wav,10.000000074505806,10.000000298023224,18.474715054035187,29.772339463233948
khz_band_1.4_2.5_noise.wav,20.000000149011612,0.0,34.06380504369736,29.8845773935318
khz_band_1.4_2.5_noise.wav,10.000000074505806,40.000001192092896,13.760217726230621,33.99295449256897
khz_band_1.4_2.5_noise.wav,40.000000298023224,60.0,33.11655342578888,32.30125308036804
khz_band_1.4_2.5_noise.wav,20.000000149011612,40.000001192092896,32.65515178442001,38.60353231430054
khz_band_1.4_2.5_noise.wav,45.0,30.0,47.82851278781891,20.256298184394836
khz_band_1.4_2.5_noise.wav,84.99999761581421,0.0,62.76906609535217,11.822113394737244
khz_band_1.4_2.5_noise.wav,60.00000178813934,0.0,56.913524866104126,10.280413627624512
khz_band_1.4_2.5_noise.wav,20.000000149011612,60.0,14.85562652349472,34.84042167663574
khz_band_1.4_2.5_noise.wav,10.000000074505806,10.000000298023224,17.9726779460907,30.038799047470093
khz_band_1.4_2.5_noise.wav,50.00000238418579,49.999998807907104,52.41799771785736,37.024126052856445
khz_band_1.4_2.5_noise.wav,54.99999940395355,0.0,58.42922508716583,17.211660146713257
khz_band_1.4_2.5_noise.wav,40.000000298023224,49.999998807907104,47.903040647506714,24.46998417377472
khz_band_1.4_2.5_noise.wav,10.000000074505806,0.0,13.408242166042328,32.105151414871216
khz_band_1.4_2.5_noise.wav,25.000001192092896,60.0,29.8509880900383,32.92144775390625
khz_band_1.4_2.5_noise.wav,64.9999988079071,60.0,48.32733392715454,30.90226650238037
khz_band_1.4_2.5_noise.wav,80.00000059604645,49.999998807907104,65.56542992591858,27.84823179244995
khz_band_1.4_2.5_noise.wav,45.0,49.999998807907104,51.73032224178314,24.959755539894104
khz_band_1.4_2.5_noise.wav,90.0,49.999998807907104,59.88672137260437,24.55458641052246
khz_band_1.4_2.5_noise.wav,50.00000238418579,20.000000596046448,59.184245467185974,25.898587703704834
khz_band_1.4_2.5_noise.wav,40.000000298023224,49.999998807907104,53.17140340805054,35.37464261054993
khz_band_1.4_2.5_noise.wav,25.000001192092896,10.000000298023224,41.8171700835228,18.941234350204468
khz_band_1.4_2.5_noise.wav,25.000001192092896,30.0,33.26490640640259,29.57220196723938
khz_band_1.4_2.5_noise.wav,50.00000238418579,40.000001192092896,41.82554930448532,21.40335202217102
khz_band_1.4_2.5_noise.wav,74.99999821186066,30.0,72.70452618598938,35.9290087223053
khz_band_1.4_2.5_noise.wav,60.00000178813934,30.0,53.894301652908325,25.11083722114563
khz_band_1.4_2.5_noise.wav,54.99999940395355,40.000001192092896,52.95277655124664,22.088547348976135
khz_band_1.4_2.5_noise.wav,15.000000447034836,20.000000596046448,23.433776199817657,32.92745590209961
khz_band_1.4_2.5_noise.wav,35.00000059604645,60.0,35.89587986469269,38.68589401245117
khz_band_1.4_2.5_noise.wav,60.00000178813934,49.999998807907104,49.64517831802368,24.85560894012451
khz_band_1.4_2.5_noise.wav,84.99999761581421,0.0,65.12905597686768,10.74953556060791
khz_band_1.4_2.5_noise.wav,15.000000447034836,60.0,11.885369718074799,37.65932321548462
khz_band_1.4_2.5_noise.wav,60.00000178813934,0.0,60.990504026412964,7.429813742637634
khz_band_1.4_2.5_noise.wav,84.99999761581421,0.0,64.55940842628479,10.456674098968506
khz_band_1.4_2.5_noise.wav,50.00000238418579,30.0,42.810477912425995,15.426355004310608
khz_band_1.4_2.5_noise.wav,5.000000037252903,10.000000298023224,11.683179438114166,34.04312610626221
khz_band_1.4_2.5_noise.wav,35.00000059604645,40.000001192092896,46.935728788375854,23.988119959831238
khz_band_1.4_2.5_noise.wav,60.00000178813934,10.000000298023224,57.13718891143799,8.1624037027359
khz_band_1.4_2.5_noise.wav,60.00000178813934,60.0,48.11490297317505,31.376259326934814
khz_band_1.4_2.5_noise.wav,74.99999821186066,20.000000596046448,68.53578329086304,30.386370420455933
khz_band_1.4_2.5_noise.wav,60.00000178813934,49.999998807907104,42.72029131650925,14.97502326965332
khz_band_1.4_2.5_noise.wav,25.000001192092896,40.000001192092896,40.01557320356369,33.908350467681885
khz_band_1.4_2.5_noise.wav,10.000000074505806,20.000000596046448,14.904217422008514,34.82519030570984
khz_band_1.4_2.5_noise.wav,20.000000149011612,60.0,18.69635134935379,34.567673206329346
khz_band_1.4_2.5_noise.wav,80.00000059604645,0.0,61.7067289352417,13.138675689697266
khz_band_1.4_2.5_noise.wav,80.00000059604645,0.0,66.74413204193115,10.129185318946838
khz_band_1.4_2.5_noise.wav,45.0,0.0,50.13282001018524,16.98039472103119
khz_band_1.4_2.5_noise.wav,54.99999940395355,49.999998807907104,48.43364059925079,26.68237566947937
khz_band_1.4_2.5_noise.wav,90.0,20.000000596046448,57.673636078834534,34.732704162597656
khz_band_1.4_2.5_noise.wav,90.0,49.999998807907104,64.9780422449112,27.04638183116913
khz_band_1.4_2.5_noise.wav,30.00000089406967,20.000000596046448,45.22505342960358,26.230480670928955
khz_band_1.4_2.5_noise.wav,54.99999940395355,20.000000596046448,52.98110604286194,16.415433883666992
khz_band_1.4_2.5_noise.wav,90.0,40.000001192092896,76.55122697353363,41.62307024002075
khz_band_1.4_2.5_noise.wav,0.0,0.0,10.808087289333344,30.609716176986694
khz_band_1.4_2.5_noise.wav,0.0,10.000000298023224,7.016433477401733,31.64607882499695
khz_band_1.4_2.5_noise.wav,74.99999821186066,30.0,77.68991589546204,39.440789222717285
khz_band_1.4_2.5_noise.wav,5.000000037252903,30.0,13.913253843784332,33.7959086894989
khz_band_1.4_2.5_noise.wav,45.0,20.000000596046448,42.070638835430145,16.899629831314087
khz_band_1.4_2.5_noise.wav,64.9999988079071,10.000000298023224,64.46855664253235,8.226519227027893
khz_band_1.4_2.5_noise.wav,15.000000447034836,60.0,9.944694936275482,39.78379726409912
khz_band_1.4_2.5_noise.wav,15.000000447034836,60.0,16.10336869955063,35.75185418128967
khz_band_1.4_2.5_noise.wav,90.0,49.999998807907104,62.558995485305786,23.461546897888184
khz_band_1.4_2.5_noise.wav,74.99999821186066,40.000001192092896,68.85020792484283,39.86678123474121
khz_band_1.4_2.5_noise.wav,45.0,49.999998807907104,56.87729895114899,37.83587694168091
khz_band_1.4_2.5_noise.wav,90.0,49.999998807907104,61.37987494468689,25.392894744873047
khz_band_1.4_2.5_noise.wav,50.00000238418579,60.0,45.026832818984985,23.753714561462402
khz_band_1.4_2.5_noise.wav,30.00000089406967,40.000001192092896,46.994898319244385,23.1065833568573
khz_band_1.4_2.5_noise.wav,5.000000037252903,49.999998807907104,9.388538897037506,35.3747820854187
khz_band_1.4_2.5_noise.wav,10.000000074505806,60.0,11.68656975030899,36.78950071334839
khz_band_1.4_2.5_noise.wav,45.0,49.999998807907104,58.900816440582275,33.000887632369995
khz_band_1.4_2.5_noise.wav,60.00000178813934,20.000000596046448,56.59787714481354,11.207478046417236
khz_band_1.4_2.5_noise.wav,35.00000059604645,60.0,35.74869900941849,35.601017475128174
khz_band_1.4_2.5_noise.wav,50.00000238418579,60.0,44.75066989660263,25.253317952156067
khz_band_1.4_2.5_noise.wav,10.000000074505806,0.0,15.646939873695374,33.47972631454468
khz_band_1.4_2.5_noise.wav,84.99999761581421,60.0,56.170188188552856,38.71735095977783
khz_band_1.4_2.5_noise.wav,50.00000238418579,49.999998807907104,46.00500762462616,28.767380118370056
khz_band_1.4_2.5_noise.wav,30.00000089406967,0.0,47.39574372768402,25.995596051216125
khz_band_1.4_2.5_noise.wav,45.0,30.0,54.619393944740295,15.325682759284973
khz_band_1.4_2.5_noise.wav,35.00000059604645,60.0,33.26806336641312,42.4482786655426
khz_band_1.4_2.5_noise.wav,10.000000074505806,30.0,16.19437336921692,33.43833088874817
khz_band_1.4_2.5_noise.wav,64.9999988079071,10.000000298023224,64.29822564125061,11.120612025260925
khz_band_1.4_2.5_noise.wav,30.00000089406967,40.000001192092896,46.95638179779053,18.26791763305664
khz_band_1.4_2.5_noise.wav,45.0,60.0,34.15388435125351,37.462735176086426
khz_band_1.4_2.5_noise.wav,35.00000059604645,0.0,49.391875863075256,15.28740406036377
khz_band_1.4_2.5_noise.wav,15.000000447034836,20.000000596046448,22.90728271007538,33.74974966049194
khz_band_1.4_2.5_noise.wav,60.00000178813934,49.999998807907104,42.25539743900299,17.782663106918335
khz_band_1.4_2.5_noise.wav,10.000000074505806,20.000000596046448,12.771957814693451,36.978957653045654
khz_band_1.4_2.5_noise.wav,70.0000011920929,10.000000298023224,63.7541663646698,12.662892937660217
khz_band_1.4_2.5_noise.wav,84.99999761581421,40.000001192092896,78.11170399188995,36.863651275634766
khz_band_1.4_2.5_noise.wav,70.0000011920929,10.000000298023224,60.99332571029663,14.442414343357086
khz_band_1.4_2.5_noise.wav,10.000000074505806,40.000001192092896,16.83583438396454,34.38641667366028
khz_band_1.4_2.5_noise.wav,0.0,49.999998807907104,5.3487566113471985,34.53141689300537
khz_band_1.4_2.5_noise.wav,70.0000011920929,60.0,48.4395307302475,31.654640436172485
khz_band_1.4_2.5_noise.wav,70.0000011920929,20.000000596046448,72.82290279865265,39.153960943222046
khz_band_1.4_2.5_noise.wav,25.000001192092896,0.0,41.86769753694534,20.99675416946411
khz_band_1.4_2.5_noise.wav,45.0,30.0,53.72361660003662,39.32913780212402
khz_band_1.4_2.5_noise.wav,54.99999940395355,60.0,49.19597268104553,21.417422890663147
khz_band_1.4_2.5_noise.wav,50.00000238418579,49.999998807907104,44.56090897321701,18.641429543495178
band_5_noise.wav,80.00000059604645,60.0,69.85381007194519,47.82724857330322
band_5_noise.wav,5.000000037252903,10.000000298023224,9.41029965877533,31.50128960609436
band_5_noise.wav,20.000000149011612,60.0,24.085762202739716,37.46589660644531
band_5_noise.wav,35.00000059604645,20.000000596046448,56.90046787261963,34.5081889629364
band_5_noise.wav,54.99999940395355,49.999998807907104,44.28978592157364,37.78261184692383
band_5_noise.wav,74.99999821186066,40.000001192092896,57.15453743934631,33.68300199508667
band_5_noise.wav,84.99999761581421,30.0,62.40181803703308,28.87663185596466
band_5_noise.wav,90.0,49.999998807907104,68.7649405002594,44.13147568702698
band_5_noise.wav,84.99999761581421,60.0,64.47551965713501,41.495057344436646
band_5_noise.wav,50.00000238418579,0.0,50.21029829978943,6.82840883731842
band_5_noise.wav,90.0,60.0,62.28379547595978,46.660977602005005
band_5_noise.wav,40.000000298023224,0.0,42.50876426696777,21.384227871894836
band_5_noise.wav,20.000000149011612,0.0,29.411226511001587,13.809117078781128
band_5_noise.wav,30.00000089406967,30.0,33.917785584926605,26.130030155181885
band_5_noise.wav,30.00000089406967,40.000001192092896,39.89354342222214,37.54507899284363
band_5_noise.wav,84.99999761581421,49.999998807907104,68.20778667926788,41.883119344711304
band_5_noise.wav,70.0000011920929,40.000001192092896,51.67594313621521,34.69754934310913
band_5_noise.wav,60.00000178813934,40.000001192092896,49.809356331825256,30.56788444519043
band_5_noise.wav,45.0,60.0,43.59958380460739,40.1419472694397
band_5_noise.wav,80.00000059604645,20.000000596046448,64.55450534820557,15.96037745475769
band_5_noise.wav,90.0,49.999998807907104,69.14286375045776,43.09544563293457
band_5_noise.wav,35.00000059604645,30.0,41.68222814798355,35.380117893218994
band_5_noise.wav,70.0000011920929,10.000000298023224,60.4215806722641,29.02171790599823
band_5_noise.wav,50.00000238418579,49.999998807907104,49.008915424346924,44.66956615447998
band_5_noise.wav,90.0,0.0,63.862919211387634,13.152835965156555
band_5_noise.wav,35.00000059604645,20.000000596046448,49.192995429039,39.61625933647156
band_5_noise.wav,30.00000089406967,10.000000298023224,47.89382994174957,27.277740240097046
band_5_noise.wav,84.99999761581421,30.0,61.82033658027649,28.01475763320923
band_5_noise.wav,60.00000178813934,60.0,45.688254833221436,35.99255561828613
band_5_noise.wav,20.000000149011612,10.000000298023224,30.116443634033203,19.6340811252594
band_5_noise.wav,50.00000238418579,49.999998807907104,46.14056646823883,47.26810097694397
band_5_noise.wav,54.99999940395355,20.000000596046448,53.12508702278137,10.888293385505676
band_5_noise.wav,20.000000149011612,10.000000298023224,30.062131583690643,20.397194623947144
band_5_noise.wav,20.000000149011612,20.000000596046448,29.123076796531677,16.268675923347473
band_5_noise.wav,0.0,60.0,11.245464384555817,30.925222635269165
band_5_noise.wav,70.0000011920929,60.0,59.51738119125366,53.815011978149414
band_5_noise.wav,80.00000059604645,49.999998807907104,69.79341745376587,42.01209783554077
band_5_noise.wav,40.000000298023224,30.0,47.36098229885101,31.159944534301758
band_5_noise.wav,15.000000447034836,30.0,20.11774644255638,35.88451623916626
band_5_noise.wav,64.9999988079071,49.999998807907104,53.194438219070435,37.507896423339844
band_5_noise.wav,50.00000238418579,60.0,42.73269385099411,47.27391958236694
band_5_noise.wav,54.99999940395355,40.000001192092896,55.01251459121704,36.7706036567688
band_5_noise.wav,70.0000011920929,60.0,47.869593501091,31.484649181365967
band_5_noise.wav,0.0,0.0,5.723632872104645,29.486403465270996
band_5_noise.wav,0.0,10.000000298023224,8.697516024112701,30.275895595550537
band_5_noise.wav,10.000000074505806,40.000001192092896,18.14551681280136,30.197267532348633
band_5_noise.wav,70.0000011920929,49.999998807907104,57.31112480163574,41.42064571380615
band_5_noise.wav,25.000001192092896,20.000000596046448,35.1748913526535,20.18966317176819
band_5_noise.wav,30.00000089406967,60.0,27.590988278388977,40.37139415740967
band_5_noise.wav,15.000000447034836,0.0,27.933157682418823,23.8433039188385
band_5_noise.wav,25.000001192092896,10.000000298023224,34.35702681541443,21.22783899307251
band_5_noise.wav,25.000001192092896,20.000000596046448,33.0399951338768,20.17102360725403
band_5_noise.wav,40.000000298023224,30.0,48.062031269073486,35.438196659088135
band_5_noise.wav,25.000001192092896,49.999998807907104,30.982021987438202,39.536672830581665
band_5_noise.wav,74.99999821186066,49.999998807907104,58.30550014972687,42.468273639678955
band_5_noise.wav,90.0,40.000001192092896,76.3878858089447,36.856040954589844
band_5_noise.wav,70.0000011920929,10.000000298023224,59.06177043914795,14.407424926757812
band_5_noise.wav,35.00000059604645,49.999998807907104,40.37230163812637,43.37038993835449
band_5_noise.wav,30.00000089406967,20.000000596046448,61.262624859809875,43.57989549636841
band_5_noise.wav,20.000000149011612,30.0,28.503116369247437,38.24742794036865
band_5_noise.wav,25.000001192092896,40.000001192092896,32.353078722953796,40.546613931655884
band_5_noise.wav,74.99999821186066,20.000000596046448,61.174728870391846,22.899100184440613
band_5_noise.wav,25.000001192092896,20.000000596046448,38.5283499956131,16.161019206047058
band_5_noise.wav,60.00000178813934,40.000001192092896,52.77681291103363,36.125911474227905
band_5_noise.wav,0.0,0.0,6.165969371795654,30.641720294952393
band_5_noise.wav,35.00000059604645,0.0,44.02131825685501,23.438326120376587
band_5_noise.wav,84.99999761581421,10.000000298023224,73.28337907791138,12.018224000930786
band_5_noise.wav,80.00000059604645,40.000001192092896,63.40007185935974,35.052223205566406
band_5_noise.wav,20.000000149011612,20.000000596046448,31.785241663455963,17.18066096305847
band_5_noise.wav,10.000000074505806,40.000001192092896,16.69256955385208,33.30098748207092
band_5_noise.wav,50.00000238418579,60.0,41.89904987812042,43.21755409240723
band_5_noise.wav,80.00000059604645,10.000000298023224,71.60307168960571,14.902068972587585
band_5_noise.wav,84.99999761581421,10.000000298023224,75.69950222969055,10.945018529891968
band_5_noise.wav,60.00000178813934,30.0,53.6028528213501,23.83457601070404
band_5_noise.wav,84.99999761581421,20.000000596046448,72.42980897426605,16.991175413131714
band_5_noise.wav,15.000000447034836,10.000000298023224,25.88329017162323,22.204577922821045
band_5_noise.wav,50.00000238418579,20.000000596046448,46.8177330493927,17.542566061019897
band_5_noise.wav,54.99999940395355,10.000000298023224,50.09391188621521,11.73596978187561
band_5_noise.wav,70.0000011920929,60.0,62.76756405830383,44.29300546646118
band_5_noise.wav,45.0,20.000000596046448,48.82120370864868,27.535634636878967
band_5_noise.wav,64.9999988079071,20.000000596046448,56.979442834854126,20.619755387306213
band_5_noise.wav,84.99999761581421,0.0,72.64875769615173,6.656688451766968
band_5_noise.wav,84.99999761581421,60.0,66.94714844226837,47.82527446746826
band_5_noise.wav,54.99999940395355,10.000000298023224,50.788410902023315,11.661608219146729
band_5_noise.wav,0.0,40.000001192092896,10.342919826507568,29.83799457550049
band_5_noise.wav,74.99999821186066,30.0,65.09897232055664,31.984198093414307
band_5_noise.wav,5.000000037252903,20.000000596046448,11.40716940164566,32.301446199417114
band_5_noise.wav,90.0,49.999998807907104,67.98371493816376,45.255067348480225
band_5_noise.wav,20.000000149011612,30.0,27.87641018629074,32.312378883361816
band_5_noise.wav,40.000000298023224,0.0,52.285582423210144,29.487460255622864
band_5_noise.wav,54.99999940395355,60.0,47.97450542449951,51.64367437362671
band_5_noise.wav,70.0000011920929,10.000000298023224,57.710055112838745,10.916061401367188
band_5_noise.wav,90.0,60.0,71.32485151290894,49.34418082237244
band_5_noise.wav,15.000000447034836,40.000001192092896,21.0677969455719,33.79478931427002
band_5_noise.wav,70.0000011920929,49.999998807907104,52.184178829193115,32.96791076660156
band_5_noise.wav,30.00000089406967,40.000001192092896,39.074512124061584,43.38351488113403
band_5_noise.wav,0.0,30.0,8.013668060302734,28.64583134651184
band_5_noise.wav,84.99999761581421,20.000000596046448,65.23976683616638,21.231334805488586
band_5_noise.wav,0.0,30.0,6.100917756557465,31.521867513656616
band_5_noise.wav,50.00000238418579,0.0,49.62042152881622,9.735785722732544
band_5_noise.wav,54.99999940395355,30.0,55.49942672252655,37.22649335861206
band_5_noise.wav,5.000000037252903,49.999998807907104,8.421468436717987,43.836185932159424
band_5_noise.wav,40.000000298023224,49.999998807907104,47.44691491127014,45.74143409729004
band_5_noise.wav,35.00000059604645,40.000001192092896,39.01976019144058,42.152953147888184
band_5_noise.wav,10.000000074505806,10.000000298023224,16.54936373233795,26.907543540000916
band_5_noise.wav,0.0,20.000000596046448,9.70244586467743,30.463639497756958
band_5_noise.wav,15.000000447034836,60.0,10.131218433380127,41.84321165084839
band_5_noise.wav,50.00000238418579,0.0,50.1226544380188,9.822235107421875
band_5_noise.wav,90.0,40.000001192092896,69.11128878593445,34.15558218955994
band_5_noise.wav,80.00000059604645,49.999998807907104,61.76669239997864,40.397751331329346
band_5_noise.wav,0.0,49.999998807907104,9.15970891714096,42.572622299194336
band_5_noise.wav,0.0,0.0,11.829920411109924,30.63562273979187
band_5_noise.wav,10.000000074505806,20.000000596046448,20.548027753829956,31.35208010673523
band_5_noise.wav,0.0,30.0,8.228228688240051,30.917251110076904
band_5_noise.wav,35.00000059604645,40.000001192092896,40.07296711206436,40.03030300140381
band_5_noise.wav,35.00000059604645,60.0,32.18602001667023,41.446452140808105
band_5_noise.wav,54.99999940395355,20.000000596046448,51.781155467033386,9.704369902610779
band_5_noise.wav,54.99999940395355,60.0,45.3887540102005,39.09323573112488
band_5_noise.wav,84.99999761581421,40.000001192092896,67.66171038150787,35.60478687286377
band_5_noise.wav,64.9999988079071,40.000001192092896,53.14403414726257,30.654137134552002
band_5_noise.wav,54.99999940395355,30.0,43.38535577058792,25.093889236450195
band_5_noise.wav,35.00000059604645,20.000000596046448,44.42526161670685,39.298460483551025
band_5_noise.wav,10.000000074505806,20.000000596046448,15.356553196907043,26.698840856552124
band_5_noise.wav,30.00000089406967,0.0,49.23469305038452,41.25078320503235
band_5_noise.wav,64.9999988079071,60.0,42.0647594332695,30.492982864379883
band_5_noise.wav,35.00000059604645,10.000000298023224,38.195238411426544,22.054232954978943
band_5_noise.wav,70.0000011920929,30.0,58.270824551582336,15.793840885162354
band_5_noise.wav,20.000000149011612,20.000000596046448,29.819802045822144,22.47863531112671
band_5_noise.wav,25.000001192092896,60.0,32.50113129615784,40.824469327926636
band_5_noise.wav,84.99999761581421,20.000000596046448,64.19241786003113,19.612348079681396
band_5_noise.wav,70.0000011920929,60.0,65.0574517250061,44.9228310585022
band_5_noise.wav,10.000000074505806,60.0,13.578988909721375,38.38706731796265
band_5_noise.wav,74.99999821186066,10.000000298023224,63.44676375389099,5.407376289367676
band_5_noise.wav,80.00000059604645,49.999998807907104,64.10116910934448,42.865684032440186
band_5_noise.wav,50.00000238418579,30.0,47.892553210258484,29.103798866271973
band_5_noise.wav,5.000000037252903,30.0,12.78531789779663,32.9817008972168
band_5_noise.wav,80.00000059604645,10.000000298023224,67.6893961429596,10.948968529701233
band_5_noise.wav,54.99999940395355,60.0,48.34991812705994,41.0284423828125
band_5_noise.wav,45.0,0.0,56.80897235870361,36.7888069152832
band_5_noise.wav,15.000000447034836,20.000000596046448,25.844650268554688,28.12756597995758
band_5_noise.wav,15.000000447034836,60.0,7.633647322654724,39.8187518119812
band_5_noise.wav,70.0000011920929,20.000000596046448,44.83995795249939,17.610018253326416
band_5_noise.wav,60.00000178813934,20.000000596046448,56.72317385673523,8.941805362701416
band_1_noise.wav,35.00000059604645,0.0,47.03091502189636,29.16120171546936
band_1_noise.wav,80.00000059604645,30.0,59.957252740859985,19.168782234191895
band_1_noise.wav,54.99999940395355,60.0,38.74272555112839,27.294323444366455
band_1_noise.wav,40.000000298023224,20.000000596046448,34.1822674870491,24.216848015785217
band_1_noise.wav,40.000000298023224,60.0,28.777570724487305,27.59016215801239
band_1_noise.wav,35.00000059604645,20.000000596046448,35.481215715408325,26.700387597084045
band_1_noise.wav,25.000001192092896,20.000000596046448,30.133462250232697,24.482322335243225
band_1_noise.wav,80.00000059604645,20.000000596046448,60.05451500415802,17.123640775680542
band_1_noise.wav,70.0000011920929,30.0,48.779141306877136,26.321023106575012
band_1_noise.wav,74.99999821186066,0.0,73.83200883865356,10.394471883773804
band_1_noise.wav,45.0,30.0,45.43387949466705,29.42134737968445
band_1_noise.wav,0.0,49.999998807907104,22.406677901744843,28.772284984588623
band_1_noise.wav,0.0,10.000000298023224,28.62977296113968,26.88949942588806
band_1_noise.wav,60.00000178813934,0.0,58.82809638977051,20.241215229034424
band_1_noise.wav,70.0000011920929,20.000000596046448,58.58488976955414,18.58707547187805
band_1_noise.wav,5.000000037252903,40.000001192092896,25.272390246391296,25.715176463127136
band_1_noise.wav,5.000000037252903,49.999998807907104,22.801743149757385,31.29855751991272
band_1_noise.wav,10.000000074505806,60.0,26.774974465370178,30.416529178619385
band_1_noise.wav,50.00000238418579,30.0,51.30887746810913,23.042761087417603
band_1_noise.wav,60.00000178813934,10.000000298023224,60.18389403820038,19.617290496826172
band_1_noise.wav,84.99999761581421,40.000001192092896,33.83906811475754,26.8677020072937
band_1_noise.wav,84.99999761581421,49.999998807907104,56.06716454029083,25.11635720729828
band_1_noise.wav,5.000000037252903,20.000000596046448,28.196974396705627,25.948022603988647
band_1_noise.wav,20.000000149011612,20.000000596046448,31.206190288066864,24.735776782035828
band_1_noise.wav,25.000001192092896,60.0,34.699909687042236,28.03008198738098
band_1_noise.wav,54.99999940395355,60.0,33.81264567375183,26.99603497982025
band_1_noise.wav,40.000000298023224,40.000001192092896,30.758269429206848,25.252193212509155
band_1_noise.wav,50.00000238418579,0.0,43.108490109443665,23.668298721313477
band_1_noise.wav,90.0,40.000001192092896,45.008089542388916,25.37541925907135
band_1_noise.wav,64.9999988079071,20.000000596046448,61.54814600944519,19.225890040397644
band_1_noise.wav,30.00000089406967,60.0,31.10699951648712,25.899540781974792
band_1_noise.wav,40.000000298023224,30.0,42.813060879707336,27.712959051132202
band_1_noise.wav,60.00000178813934,10.000000298023224,50.88046431541443,23.63796293735504
band_1_noise.wav,84.99999761581421,0.0,57.34114408493042,19.81608510017395
band_1_noise.wav,45.0,49.999998807907104,38.749511539936066,24.294442534446716
band_1_noise.wav,0.0,49.999998807907104,23.28876256942749,25.874857306480408
band_1_noise.wav,64.9999988079071,30.0,43.92888933420181,24.876603484153748
band_1_noise.wav,10.000000074505806,49.999998807907104,24.82245236635208,26.95087730884552
band_1_noise.wav,70.0000011920929,60.0,48.959675431251526,26.93553864955902
band_1_noise.wav,64.9999988079071,20.000000596046448,43.878431618213654,26.614097356796265
band_1_noise.wav,45.0,40.000001192092896,44.51710045337677,27.13006317615509
band_1_noise.wav,30.00000089406967,20.000000596046448,30.146301984786987,27.513733506202698
band_1_noise.wav,40.000000298023224,30.0,45.4520058631897,25.632469654083252
band_1_noise.wav,10.000000074505806,20.000000596046448,19.502042680978775,21.440958380699158
band_1_noise.wav,10.000000074505806,40.000001192092896,26.957007944583893,32.960872650146484
band_1_noise.wav,35.00000059604645,10.000000298023224,46.39773666858673,30.964096784591675
band_1_noise.wav,60.00000178813934,60.0,37.70986050367355,26.118897199630737
band_1_noise.wav,74.99999821186066,40.000001192092896,53.84316802024841,21.875932216644287
band_1_noise.wav,80.00000059604645,0.0,63.96817445755005,15.456140041351318
band_1_noise.wav,90.0,20.000000596046448,58.37958812713623,20.603631734848022
band_1_noise.wav,60.00000178813934,30.0,55.732537508010864,21.3166344165802
band_1_noise.wav,50.00000238418579,30.0,39.200744926929474,25.693953037261963
band_1_noise.wav,50.00000238418579,60.0,33.9064747095108,26.65677309036255
band_1_noise.wav,20.000000149011612,60.0,19.970336258411407,27.35756278038025
band_1_noise.wav,30.00000089406967,49.999998807907104,29.8518168926239,24.816765189170837
band_1_noise.wav,40.000000298023224,40.000001192092896,39.00899112224579,28.223950266838074
band_1_noise.wav,84.99999761581421,40.000001192092896,56.09662055969238,20.389448404312134
band_1_noise.wav,90.0,20.000000596046448,55.50713539123535,21.480767726898193
band_1_noise.wav,84.99999761581421,30.0,48.40297222137451,25.166743397712708
band_1_noise.wav,0.0,0.0,31.496676206588745,28.060559034347534
band_1_noise.wav,35.00000059604645,49.999998807907104,31.175642609596252,29.671348929405212
band_1_noise.wav,25.000001192092896,10.000000298023224,28.701165318489075,23.266371488571167
band_1_noise.wav,10.000000074505806,20.000000596046448,22.93397605419159,28.923189640045166
band_1_noise.wav,5.000000037252903,10.000000298023224,28.541627526283264,24.835469126701355
band_1_noise.wav,25.000001192092896,60.0,27.256645560264587,26.841827630996704
band_1_noise.wav,60.00000178813934,49.999998807907104,46.66301250457764,27.994624972343445
band_1_noise.wav,15.000000447034836,30.0,28.220062851905823,24.22802746295929
band_1_noise.wav,10.000000074505806,30.0,28.276732563972473,26.29985511302948
band_1_noise.wav,35.00000059604645,40.000001192092896,42.47151106595993,26.60122275352478
band_1_noise.wav,84.99999761581421,60.0,51.86324715614319,38.83329391479492
band_1_noise.wav,15.000000447034836,0.0,24.871625304222107,26.004465222358704
band_1_noise.wav,45.0,20.000000596046448,37.14712768793106,26.2250018119812
band_1_noise.wav,74.99999821186066,60.0,37.670010924339294,26.56533658504486
band_1_noise.wav,54.99999940395355,20.000000596046448,52.77449548244476,18.57685089111328
band_1_noise.wav,60.00000178813934,60.0,33.93651008605957,30.66177248954773
band_1_noise.wav,64.9999988079071,40.000001192092896,53.13856780529022,20.515615940093994
band_1_noise.wav,70.0000011920929,40.000001192092896,45.7581102848053,25.636455416679382
band_1_noise.wav,5.000000037252903,60.0,20.592745542526245,29.880037307739258
band_1_noise.wav,0.0,20.000000596046448,21.707735806703568,28.986087441444397
band_1_noise.wav,5.000000037252903,20.000000596046448,21.875025182962418,24.62324559688568
band_1_noise.wav,0.0,10.000000298023224,20.129986703395844,22.081353664398193
band_1_noise.wav,20.000000149011612,40.000001192092896,37.816572189331055,27.578735947608948
band_1_noise.wav,70.0000011920929,10.000000298023224,59.83551263809204,20.43289840221405
band_1_noise.wav,5.000000037252903,10.000000298023224,34.02981072664261,26.76949381828308
band_1_noise.wav,45.0,0.0,49.400673508644104,21.788275837898254
band_1_noise.wav,70.0000011920929,49.999998807907104,47.66799867153168,27.547026872634888
band_1_noise.wav,25.000001192092896,0.0,31.424436271190643,26.123401522636414
band_1_noise.wav,64.9999988079071,40.000001192092896,47.883567810058594,22.738879323005676
band_1_noise.wav,40.000000298023224,30.0,37.57682830095291,26.768878698349
band_1_noise.wav,50.00000238418579,10.000000298023224,45.656320452690125,25.492751598358154
band_1_noise.wav,50.00000238418579,40.000001192092896,47.224323749542236,22.538378834724426
band_1_noise.wav,50.00000238418579,30.0,30.780295729637146,27.817708253860474
band_1_noise.wav,90.0,49.999998807907104,48.064783215522766,20.27379870414734
band_1_noise.wav,74.99999821186066,49.999998807907104,36.9439235329628,26.92760467529297
band_1_noise.wav,5.000000037252903,60.0,18.0688539147377,29.6779865026474
band_1_noise.wav,70.0000011920929,40.000001192092896,51.31309926509857,21.882230043411255
band_1_noise.wav,15.000000447034836,40.000001192092896,20.85544914007187,24.756333231925964
band_1_noise.wav,50.00000238418579,10.000000298023224,50.09360611438751,21.570814847946167
band_1_noise.wav,35.00000059604645,0.0,43.78903090953827,25.96225082874298
band_1_noise.wav,0.0,49.999998807907104,24.895840287208557,25.25794208049774
band_1_noise.wav,20.000000149011612,49.999998807907104,31.75669491291046,31.99184775352478
band_1_noise.wav,10.000000074505806,30.0,21.799246072769165,27.467878460884094
band_1_noise.wav,45.0,30.0,44.52652037143707,25.3479140996933
band_1_noise.wav,70.0000011920929,0.0,42.63639450073242,24.800603985786438
band_1_noise.wav,64.9999988079071,20.000000596046448,52.96125769615173,23.576456308364868
band_1_noise.wav,15.000000447034836,60.0,24.918172359466553,26.51407241821289
band_1_noise.wav,5.000000037252903,30.0,24.581303000450134,25.185195207595825
band_1_noise.wav,80.00000059604645,10.000000298023224,49.51444208621979,22.35276997089386
band_1_noise.wav,54.99999940395355,10.000000298023224,52.006664872169495,22.969826459884644
band_1_noise.wav,20.000000149011612,30.0,36.552876234054565,26.917226314544678
band_1_noise.wav,84.99999761581421,0.0,51.81674838066101,22.783690094947815
band_1_noise.wav,0.0,0.0,20.637301057577133,23.61955761909485
band_1_noise.wav,84.99999761581421,49.999998807907104,53.990212082862854,22.265419363975525
band_1_noise.wav,25.000001192092896,40.000001192092896,37.9962882399559,28.178091645240784
band_1_noise.wav,80.00000059604645,60.0,43.289984464645386,28.278883695602417
band_1_noise.wav,54.99999940395355,0.0,48.138667345047,25.114377737045288
band_1_noise.wav,5.000000037252903,0.0,16.55511975288391,25.85177779197693
band_1_noise.wav,50.00000238418579,10.000000298023224,36.420283913612366,26.530839800834656
band_1_noise.wav,60.00000178813934,30.0,53.81897985935211,20.62581181526184
band_1_noise.wav,70.0000011920929,30.0,57.45241820812225,22.79954195022583
band_1_noise.wav,25.000001192092896,40.000001192092896,36.54047906398773,26.298492550849915
band_1_noise.wav,40.000000298023224,40.000001192092896,43.699235916137695,26.7751282453537
band_1_noise.wav,25.000001192092896,0.0,33.246270418167114,18.58716130256653
band_1_noise.wav,20.000000149011612,30.0,26.691852807998657,25.420913100242615
band_1_noise.wav,35.00000059604645,30.0,39.87317472696304,25.24038076400757
band_1_noise.wav,40.000000298023224,40.000001192092896,46.935235261917114,29.745216965675354
band_1_noise.wav,84.99999761581421,20.000000596046448,66.31012916564941,14.665384590625763
band_1_noise.wav,5.000000037252903,0.0,32.09876239299774,32.31135964393616
band_1_noise.wav,30.00000089406967,10.000000298023224,34.615575671195984,20.49631118774414
band_1_noise.wav,70.0000011920929,20.000000596046448,60.06105422973633,20.81602692604065
band_1_noise.wav,50.00000238418579,49.999998807907104,42.08860158920288,25.72767734527588
band_1_noise.wav,35.00000059604645,40.000001192092896,35.36882042884827,24.239941835403442
band_1_noise.wav,20.000000149011612,40.000001192092896,37.110832035541534,30.706751346588135
band_1_noise.wav,5.000000037252903,20.000000596046448,26.86681866645813,28.069406747817993
band_1_noise.wav,0.0,60.0,30.961629152297974,28.92108678817749
pink_noise.wav,25.000001192092896,40.000001192092896,25.94462960958481,29.001946449279785
pink_noise.wav,40.000000298023224,30.0,41.91942662000656,30.961532592773438
pink_noise.wav,80.00000059604645,0.0,82.17068552970886,-2.805161476135254
pink_noise.wav,10.000000074505806,60.0,2.676195502281189,38.57482552528381
pink_noise.wav,80.00000059604645,40.000001192092896,76.49031400680542,39.178569316864014
pink_noise.wav,54.99999940395355,20.000000596046448,52.686025500297546,7.147514820098877
pink_noise.wav,25.000001192092896,40.000001192092896,30.579843521118164,52.31289625167847
pink_noise.wav,20.000000149011612,49.999998807907104,16.285485327243805,43.034119606018066
pink_noise.wav,45.0,40.000001192092896,48.2660186290741,43.38803172111511
pink_noise.wav,84.99999761581421,10.000000298023224,77.62852549552917,10.70558488368988
pink_noise.wav,80.00000059604645,40.000001192092896,69.17867660522461,34.48042631149292
pink_noise.wav,10.000000074505806,10.000000298023224,7.975865006446838,41.20552182197571
pink_noise.wav,0.0,30.0,9.77184534072876,31.63771390914917
pink_noise.wav,80.00000059604645,60.0,84.86472308635712,71.29843711853027
pink_noise.wav,15.000000447034836,30.0,9.29030030965805,25.69301962852478
pink_noise.wav,0.0,49.999998807907104,0.7545751333236694,33.833348751068115
pink_noise.wav,15.000000447034836,20.000000596046448,16.06203317642212,29.940859079360962
pink_noise.wav,30.00000089406967,20.000000596046448,33.84482949972153,23.96570920944214
pink_noise.wav,50.00000238418579,40.000001192092896,47.194411754608154,40.37100076675415
pink_noise.wav,84.99999761581421,30.0,78.03682208061218,30.954902172088623
pink_noise.wav,74.99999821186066,0.0,63.546284437179565,10.210763812065125
pink_noise.wav,30.00000089406967,20.000000596046448,32.5525438785553,27.907315492630005
pink_noise.wav,60.00000178813934,30.0,62.995487451553345,34.79570388793945
pink_noise.wav,84.99999761581421,49.999998807907104,80.46603441238403,51.444514989852905
pink_noise.wav,60.00000178813934,10.000000298023224,59.045918583869934,8.353491425514221
pink_noise.wav,10.000000074505806,60.0,3.842768669128418,37.22688674926758
pink_noise.wav,84.99999761581421,60.0,81.89246535301208,69.12464618682861
pink_noise.wav,45.0,60.0,44.265388548374176,53.65894317626953
pink_noise.wav,15.000000447034836,30.0,11.18684470653534,26.614151000976562
pink_noise.wav,10.000000074505806,40.000001192092896,10.048517882823944,35.14291048049927
pink_noise.wav,64.9999988079071,20.000000596046448,61.37146353721619,12.075973749160767
pink_noise.wav,64.9999988079071,40.000001192092896,61.211678981781006,31.81736469268799
pink_noise.wav,45.0,10.000000298023224,48.36831271648407,18.09199869632721
pink_noise.wav,45.0,20.000000596046448,45.23166239261627,20.144360661506653
pink_noise.wav,70.0000011920929,0.0,65.87616920471191,3.4811174869537354
pink_noise.wav,60.00000178813934,60.0,50.61944246292114,56.636574268341064
pink_noise.wav,74.99999821186066,20.000000596046448,70.97726941108704,18.978068232536316
pink_noise.wav,45.0,49.999998807907104,38.344393372535706,45.80272436141968
pink_noise.wav,20.000000149011612,20.000000596046448,25.205933153629303,31.98014259338379
pink_noise.wav,20.000000149011612,60.0,12.900121808052063,41.92203640937805
pink_noise.wav,30.00000089406967,20.000000596046448,38.36544066667557,35.33567190170288
pink_noise.wav,35.00000059604645,30.0,49.50982868671417,40.11156678199768
pink_noise.wav,80.00000059604645,30.0,64.93785738945007,26.585413813591003
pink_noise.wav,90.0,30.0,82.22843885421753,29.219645261764526
pink_noise.wav,50.00000238418579,20.000000596046448,50.29592514038086,21.771708726882935
pink_noise.wav,20.000000149011612,20.000000596046448,26.004383862018585,21.87095046043396
pink_noise.wav,60.00000178813934,10.000000298023224,58.508833050727844,10.356404185295105
pink_noise.wav,5.000000037252903,30.0,7.747220098972321,38.80862474441528
pink_noise.wav,15.000000447034836,20.000000596046448,22.64016419649124,31.913176774978638
pink_noise.wav,0.0,10.000000298023224,13.799045383930206,23.876461386680603
pink_noise.wav,15.000000447034836,20.000000596046448,17.575040459632874,39.63560342788696
pink_noise.wav,5.000000037252903,10.000000298023224,1.6015926003456116,39.88363981246948
pink_noise.wav,40.000000298023224,10.000000298023224,39.9142125248909,16.91652774810791
pink_noise.wav,15.000000447034836,20.000000596046448,13.581545054912567,21.906949281692505
pink_noise.wav,25.000001192092896,0.0,29.49471026659012,18.235037326812744
pink_noise.wav,54.99999940395355,30.0,52.81652569770813,32.53917932510376
pink_noise.wav,20.000000149011612,0.0,16.37870818376541,15.901604890823364
pink_noise.wav,10.000000074505806,10.000000298023224,13.188934028148651,24.17506992816925
pink_noise.wav,30.00000089406967,20.000000596046448,32.70147621631622,25.194586515426636
pink_noise.wav,0.0,40.000001192092896,9.04873788356781,28.160982728004456
pink_noise.wav,74.99999821186066,30.0,74.00650262832642,28.298068642616272
pink_noise.wav,10.000000074505806,20.000000596046448,5.797584056854248,19.4699764251709
pink_noise.wav,5.000000037252903,49.999998807907104,-2.087297737598419,39.21175003051758
pink_noise.wav,35.00000059604645,10.000000298023224,40.444195568561554,22.19400644302368
pink_noise.wav,50.00000238418579,49.999998807907104,44.22189116477966,46.26426458358765
pink_noise.wav,40.000000298023224,10.000000298023224,40.33078908920288,21.94065034389496
pink_noise.wav,84.99999761581421,40.000001192092896,77.26765036582947,39.696550369262695
pink_noise.wav,15.000000447034836,20.000000596046448,12.45239406824112,26.810907125473022
pink_noise.wav,5.000000037252903,10.000000298023224,11.510125994682312,31.396515369415283
pink_noise.wav,20.000000149011612,20.000000596046448,25.759959518909454,31.401515007019043
pink_noise.wav,20.000000149011612,40.000001192092896,23.87130618095398,46.14633321762085
pink_noise.wav,40.000000298023224,40.000001192092896,38.81821095943451,34.296748638153076
pink_noise.wav,35.00000059604645,60.0,34.89965111017227,46.26887083053589
pink_noise.wav,60.00000178813934,20.000000596046448,59.338027238845825,16.977006196975708
pink_noise.wav,50.00000238418579,10.000000298023224,54.408169984817505,17.876336574554443
pink_noise.wav,20.000000149011612,49.999998807907104,24.29876446723938,52.4247944355011
pink_noise.wav,80.00000059604645,60.0,93.54679226875305,75.31763792037964
pink_noise.wav,20.000000149011612,10.000000298023224,21.389243602752686,16.875264644622803
pink_noise.wav,10.000000074505806,49.999998807907104,6.8779778480529785,46.697072982788086
pink_noise.wav,35.00000059604645,40.000001192092896,37.859146893024445,50.917840003967285
pink_noise.wav,74.99999821186066,30.0,74.7648811340332,30.1536762714386
pink_noise.wav,80.00000059604645,0.0,75.80613613128662,2.1110540628433228
pink_noise.wav,64.9999988079071,30.0,60.74042558670044,23.099371790885925
pink_noise.wav,30.00000089406967,0.0,33.4005805850029,23.299081921577454
pink_noise.wav,70.0000011920929,49.999998807907104,59.23145771026611,43.77315402030945
pink_noise.wav,80.00000059604645,40.000001192092896,70.29074728488922,38.461207151412964
pink_noise.wav,40.000000298023224,60.0,34.786587953567505,48.94566535949707
pink_noise.wav,54.99999940395355,20.000000596046448,51.19373559951782,14.916847944259644
pink_noise.wav,5.000000037252903,60.0,4.847014546394348,35.19670486450195
pink_noise.wav,10.000000074505806,30.0,10.119062662124634,34.11662220954895
pink_noise.wav,20.000000149011612,10.000000298023224,18.297748267650604,10.946105718612671
pink_noise.wav,0.0,60.0,10.144052803516388,27.462773323059082
pink_noise.wav,20.000000149011612,60.0,12.616325318813324,50.5066180229187
pink_noise.wav,84.99999761581421,10.000000298023224,76.73156261444092,9.887670278549194
pink_noise.wav,74.99999821186066,20.000000596046448,78.73976469039917,21.513526439666748
pink_noise.wav,45.0,10.000000298023224,48.13688099384308,21.938620805740356
pink_noise.wav,15.000000447034836,40.000001192092896,13.037708401679993,35.58419466018677
pink_noise.wav,70.0000011920929,49.999998807907104,58.65920305252075,43.730199337005615
pink_noise.wav,80.00000059604645,30.0,73.703493475914,27.746112942695618
pink_noise.wav,70.0000011920929,10.000000298023224,65.59636116027832,10.349478721618652
pink_noise.wav,64.9999988079071,60.0,58.73107552528381,58.638174533843994
pink_noise.wav,5.000000037252903,10.000000298023224,6.087847352027893,31.440171003341675
pink_noise.wav,0.0,10.000000298023224,10.77434778213501,24.627858996391296
khz_band_gt_8_noise.wav,0.0,0.0,41.18233144283295,26.274191737174988
khz_band_gt_8_noise.wav,5.000000037252903,10.000000298023224,41.07392191886902,26.258023381233215
khz_band_gt_8_noise.wav,50.00000238418579,0.0,41.18368864059448,26.247809529304504
khz_band_gt_8_noise.wav,80.00000059604645,49.999998807907104,41.32558822631836,26.31169617176056
khz_band_gt_8_noise.wav,40.000000298023224,60.0,40.99506497383118,26.240996718406677
khz_band_gt_8_noise.wav,40.000000298023224,30.0,41.17100179195404,26.24881625175476
khz_band_gt_8_noise.wav,50.00000238418579,20.000000596046448,41.14960044622421,26.28754198551178
khz_band_gt_8_noise.wav,40.000000298023224,0.0,40.970882177352905,26.304568648338318
khz_band_gt_8_noise.wav,15.000000447034836,0.0,41.10993057489395,26.25768005847931
khz_band_gt_8_noise.wav,60.00000178813934,0.0,41.17321729660034,26.237565279006958
khz_band_gt_8_noise.wav,84.99999761581421,30.0,41.290966272354126,26.272108554840088
khz_band_gt_8_noise.wav,90.0,0.0,41.31677985191345,26.275296807289124
khz_band_gt_8_noise.wav,15.000000447034836,10.000000298023224,41.118341982364655,26.246777772903442
khz_band_gt_8_noise.wav,0.0,0.0,41.104477643966675,26.248546242713928
khz_band_gt_8_noise.wav,0.0,30.0,40.99165588617325,26.278445720672607
khz_band_gt_8_noise.wav,40.000000298023224,10.000000298023224,41.18119955062866,26.261179447174072
khz_band_gt_8_noise.wav,50.00000238418579,30.0,41.03410452604294,26.257678270339966
khz_band_gt_8_noise.wav,35.00000059604645,10.000000298023224,41.14879310131073,26.260989904403687
khz_band_gt_8_noise.wav,80.00000059604645,30.0,41.23381108045578,26.23226523399353
khz_band_gt_8_noise.wav,50.00000238418579,40.000001192092896,41.14304780960083,26.25421106815338
khz_band_gt_8_noise.wav,15.000000447034836,10.000000298023224,41.15022271871567,26.26076638698578
khz_band_gt_8_noise.wav,84.99999761581421,20.000000596046448,41.17941588163376,26.249263286590576
khz_band_gt_8_noise.wav,54.99999940395355,10.000000298023224,41.23757153749466,26.251865029335022
khz_band_gt_8_noise.wav,45.0,0.0,41.12699210643768,26.2642103433609
khz_band_gt_8_noise.wav,10.000000074505806,10.000000298023224,41.083634197711945,26.251607537269592
khz_band_gt_8_noise.wav,40.000000298023224,49.999998807907104,41.26486301422119,26.265730261802673
khz_band_gt_8_noise.wav,25.000001192092896,0.0,41.102077066898346,26.25117838382721
khz_band_gt_8_noise.wav,50.00000238418579,30.0,41.052796840667725,26.237339973449707
khz_band_gt_8_noise.wav,80.00000059604645,40.000001192092896,41.200723350048065,26.30022704601288
khz_band_gt_8_noise.wav,90.0,30.0,41.14908009767532,26.24081790447235
khz_band_gt_8_noise.wav,84.99999761581421,60.0,41.1177733540535,26.26547634601593
khz_band_gt_8_noise.wav,25.000001192092896,60.0,41.122974157333374,26.253381371498108
khz_band_gt_8_noise.wav,20.000000149011612,49.999998807907104,41.13713890314102,26.255764961242676
khz_band_gt_8_noise.wav,64.9999988079071,40.000001192092896,41.229165494441986,26.264058351516724
khz_band_gt_8_noise.wav,5.000000037252903,10.000000298023224,41.160742342472076,26.269519329071045
khz_band_gt_8_noise.wav,30.00000089406967,60.0,41.21264040470123,26.264896988868713
khz_band_gt_8_noise.wav,30.00000089406967,20.000000596046448,41.22143268585205,26.248751878738403
khz_band_gt_8_noise.wav,40.000000298023224,10.000000298023224,41.144887804985046,26.258012652397156
khz_band_gt_8_noise.wav,45.0,49.999998807907104,41.2916100025177,26.206424832344055
khz_band_gt_8_noise.wav,84.99999761581421,0.0,41.25118911266327,26.230174899101257
khz_band_gt_8_noise.wav,54.99999940395355,0.0,41.139678955078125,26.25172734260559
khz_band_gt_8_noise.wav,5.000000037252903,40.000001192092896,41.138187646865845,26.258654594421387
khz_band_gt_8_noise.wav,20.000000149011612,30.0,41.18055582046509,26.25217616558075
khz_band_gt_8_noise.wav,30.00000089406967,10.000000298023224,41.11138164997101,26.245025396347046
khz_band_gt_8_noise.wav,10.000000074505806,0.0,41.06867551803589,26.242459416389465
khz_band_gt_8_noise.wav,0.0,0.0,41.132152676582336,26.244211792945862
khz_band_gt_8_noise.wav,74.99999821186066,0.0,41.176103353500366,26.2448912858963
khz_band_gt_8_noise.wav,84.99999761581421,60.0,41.23524874448776,26.26093089580536
khz_band_gt_8_noise.wav,35.00000059604645,49.999998807907104,41.129963994026184,26.27174735069275
khz_band_gt_8_noise.wav,40.000000298023224,60.0,41.13350719213486,26.25725269317627
khz_band_gt_8_noise.wav,90.0,0.0,41.19514971971512,26.27565622329712
khz_band_gt_8_noise.wav,20.000000149011612,10.000000298023224,40.99279850721359,26.25851333141327
khz_band_gt_8_noise.wav,74.99999821186066,20.000000596046448,41.22449845075607,26.242175102233887
khz_band_gt_8_noise.wav,30.00000089406967,0.0,41.18069261312485,26.27570629119873
khz_band_gt_8_noise.wav,25.000001192092896,49.999998807907104,41.04974180459976,26.267865300178528
khz_band_gt_8_noise.wav,20.000000149011612,30.0,41.042891442775726,26.264941692352295
khz_band_gt_8_noise.wav,35.00000059604645,49.999998807907104,41.196085810661316,26.275643706321716
khz_band_gt_8_noise.wav,40.000000298023224,60.0,41.18519872426987,26.269513964653015
khz_band_gt_8_noise.wav,70.0000011920929,49.999998807907104,41.16243213415146,26.262522339820862
khz_band_gt_8_noise.wav,64.9999988079071,49.999998807907104,41.147824823856354,26.262449026107788
khz_band_gt_8_noise.wav,20.000000149011612,49.999998807907104,41.24104231595993,26.277177929878235
khz_band_gt_8_noise.wav,25.000001192092896,49.999998807907104,41.442170441150665,26.220295429229736
khz_band_gt_8_noise.wav,30.00000089406967,20.000000596046448,41.1026269197464,26.249751448631287
khz_band_gt_8_noise.wav,45.0,40.000001192092896,41.24633967876434,26.253204345703125
khz_band_gt_8_noise.wav,10.000000074505806,30.0,41.0966831445694,26.256762742996216
khz_band_gt_8_noise.wav,5.000000037252903,40.000001192092896,41.09381318092346,26.260523200035095
khz_band_gt_8_noise.wav,40.000000298023224,0.0,41.08192831277847,26.24167799949646
khz_band_gt_8_noise.wav,50.00000238418579,0.0,41.126560270786285,26.25746726989746
khz_band_gt_8_noise.wav,35.00000059604645,60.0,41.09382390975952,26.253631711006165
khz_band_gt_8_noise.wav,5.000000037252903,49.999998807907104,41.033155024051666,26.25170409679413
khz_band_gt_8_noise.wav,30.00000089406967,20.000000596046448,41.21226489543915,26.254255771636963
khz_band_gt_8_noise.wav,80.00000059604645,40.000001192092896,41.18823230266571,26.260204911231995
khz_band_gt_8_noise.wav,50.00000238418579,10.000000298023224,41.242799162864685,26.286973357200623
khz_band_gt_8_noise.wav,35.00000059604645,60.0,41.14665538072586,26.270649433135986
khz_band_gt_8_noise.wav,84.99999761581421,20.000000596046448,41.26301497220993,26.279232501983643
khz_band_gt_8_noise.wav,30.00000089406967,10.000000298023224,41.10265374183655,26.262168288230896
khz_band_gt_8_noise.wav,25.000001192092896,10.000000298023224,41.1244010925293,26.244919896125793
khz_band_gt_8_noise.wav,60.00000178813934,40.000001192092896,41.182615756988525,26.304545402526855
khz_band_gt_8_noise.wav,40.000000298023224,10.000000298023224,41.17968946695328,26.270368695259094
khz_band_gt_8_noise.wav,64.9999988079071,0.0,41.1683651804924,26.243578791618347
khz_band_gt_8_noise.wav,45.0,0.0,41.28284990787506,26.255353689193726
khz_band_gt_8_noise.wav,10.000000074505806,49.999998807907104,41.13708257675171,26.268262267112732
khz_band_gt_8_noise.wav,20.000000149011612,49.999998807907104,41.169424653053284,26.27598524093628
khz_band_gt_8_noise.wav,5.000000037252903,40.000001192092896,41.12274885177612,26.263461112976074
khz_band_gt_8_noise.wav,50.00000238418579,10.000000298023224,41.170116662979126,26.258659958839417
khz_band_gt_8_noise.wav,64.9999988079071,49.999998807907104,41.18408560752869,26.295445561408997
khz_band_gt_8_noise.wav,74.99999821186066,30.0,41.08208656311035,26.245627999305725
khz_band_gt_8_noise.wav,64.9999988079071,40.000001192092896,41.145072877407074,26.261472702026367
khz_band_gt_8_noise.wav,5.000000037252903,0.0,41.25248730182648,26.29453718662262
khz_band_gt_8_noise.wav,80.00000059604645,30.0,41.163252890110016,26.259711384773254
khz_band_gt_8_noise.wav,20.000000149011612,40.000001192092896,41.18330240249634,26.25957727432251
khz_band_gt_8_noise.wav,30.00000089406967,40.000001192092896,41.37019872665405,26.218103170394897
khz_band_gt_8_noise.wav,74.99999821186066,30.0,41.21942102909088,26.25289499759674
khz_band_gt_8_noise.wav,50.00000238418579,30.0,41.200701892375946,26.274978518486023
khz_band_gt_8_noise.wav,30.00000089406967,10.000000298023224,41.177479326725006,26.254733204841614
khz_band_gt_8_noise.wav,80.00000059604645,30.0,41.209346652030945,26.259130239486694
khz_band_gt_8_noise.wav,74.99999821186066,40.000001192092896,41.28982096910477,26.26484513282776
khz_band_gt_8_noise.wav,64.9999988079071,40.000001192092896,41.0989710688591,26.24910593032837
khz_band_gt_8_noise.wav,74.99999821186066,30.0,41.31853133440018,26.290034651756287
khz_band_gt_8_noise.wav,64.9999988079071,60.0,41.17429554462433,26.253381371498108
khz_band_gt_8_noise.wav,80.00000059604645,20.000000596046448,41.16032391786575,26.259936690330505
khz_band_gt_8_noise.wav,20.000000149011612,10.000000298023224,41.12483561038971,26.25732958316803
khz_band_gt_8_noise.wav,70.0000011920929,60.0,41.23835206031799,26.247321367263794
khz_band_gt_8_noise.wav,35.00000059604645,40.000001192092896,41.133681535720825,26.269810795783997
khz_band_gt_8_noise.wav,20.000000149011612,10.000000298023224,41.07742220163345,26.249279379844666
khz_band_gt_8_noise.wav,80.00000059604645,10.000000298023224,41.33658528327942,26.279956698417664
khz_band_gt_8_noise.wav,45.0,60.0,41.15946292877197,26.258171796798706
khz_band_gt_8_noise.wav,35.00000059604645,49.999998807907104,41.2125438451767,26.261689066886902
khz_band_gt_8_noise.wav,10.000000074505806,30.0,41.094236969947815,26.24967634677887
khz_band_gt_8_noise.wav,0.0,0.0,41.20083600282669,26.262983679771423
khz_band_gt_8_noise.wav,50.00000238418579,10.000000298023224,41.16914302110672,26.278005838394165
khz_band_gt_8_noise.wav,80.00000059604645,60.0,41.17515653371811,26.267486214637756
khz_band_gt_8_noise.wav,5.000000037252903,0.0,41.143959760665894,26.250506043434143
khz_band_gt_8_noise.wav,60.00000178813934,0.0,41.201637983322144,26.25459909439087
khz_band_gt_8_noise.wav,30.00000089406967,30.0,41.13219827413559,26.254847645759583
khz_band_gt_8_noise.wav,20.000000149011612,10.000000298023224,41.08005344867706,26.25152349472046
khz_band_gt_8_noise.wav,10.000000074505806,40.000001192092896,41.46970063447952,26.309094429016113
khz_band_gt_8_noise.wav,60.00000178813934,30.0,41.24037444591522,26.29863739013672
khz_band_gt_8_noise.wav,50.00000238418579,0.0,41.0985392332077,26.24688684940338
khz_band_gt_8_noise.wav,15.000000447034836,10.000000298023224,41.07031166553497,26.253544092178345
khz_band_gt_8_noise.wav,70.0000011920929,0.0,41.284019351005554,26.258851289749146
khz_band_gt_8_noise.wav,35.00000059604645,60.0,41.25427097082138,26.287638545036316
khz_band_gt_8_noise.wav,64.9999988079071,30.0,41.25015377998352,26.238396763801575
khz_band_gt_8_noise.wav,15.000000447034836,10.000000298023224,40.982619524002075,26.253767609596252
khz_band_gt_8_noise.wav,0.0,10.000000298023224,41.068924963474274,26.244932413101196
khz_band_gt_8_noise.wav,10.000000074505806,49.999998807907104,41.06107950210571,26.262990832328796
khz_band_gt_8_noise.wav,15.000000447034836,30.0,41.08180224895477,26.254751086235046
khz_band_gt_8_noise.wav,54.99999940395355,10.000000298023224,41.18017226457596,26.24074637889862
khz_band_gt_8_noise.wav,84.99999761581421,60.0,41.274545788764954,26.2575101852417
khz_band_gt_8_noise.wav,35.00000059604645,0.0,41.188361048698425,26.25024676322937
khz_band_gt_8_noise.wav,50.00000238418579,30.0,41.33666843175888,26.284282207489014
khz_band_gt_8_noise.wav,70.0000011920929,40.000001192092896,41.11169010400772,26.395690441131592
khz_band_gt_8_noise.wav,84.99999761581421,20.000000596046448,41.165632009506226,26.23960554599762
khz_band_gt_8_noise.wav,15.000000447034836,49.999998807907104,41.13688945770264,26.2731796503067
khz_band_gt_8_noise.wav,0.0,20.000000596046448,41.10512673854828,26.264798641204834
khz_band_gt_8_noise.wav,30.00000089406967,10.000000298023224,41.24837547540665,26.257821321487427
khz_band_gt_8_noise.wav,54.99999940395355,10.000000298023224,41.239422261714935,26.258155703544617
khz_band_gt_8_noise.wav,70.0000011920929,49.999998807907104,41.26892924308777,26.2000572681427
khz_band_gt_8_noise.wav,40.000000298023224,10.000000298023224,41.13861411809921,26.232696175575256
band_3_noise.wav,0.0,40.000001192092896,15.28859943151474,34.36511993408203
band_3_noise.wav,10.000000074505806,49.999998807907104,21.83578848838806,37.98585891723633
band_3_noise.wav,5.000000037252903,49.999998807907104,15.547011494636536,46.315494775772095
band_3_noise.wav,30.00000089406967,10.000000298023224,35.57143181562424,23.23490560054779
band_3_noise.wav,50.00000238418579,60.0,38.683494329452515,40.69702506065369
band_3_noise.wav,64.9999988079071,40.000001192092896,68.86335611343384,44.95666980743408
band_3_noise.wav,90.0,20.000000596046448,60.44997453689575,34.29523229598999
band_3_noise.wav,80.00000059604645,49.999998807907104,67.03979730606079,45.116050243377686
band_3_noise.wav,45.0,60.0,35.986471474170685,37.123897075653076
band_3_noise.wav,60.00000178813934,0.0,63.671876192092896,28.38467538356781
band_3_noise.wav,35.00000059604645,0.0,33.95039588212967,25.473974347114563
band_3_noise.wav,70.0000011920929,30.0,76.95488333702087,24.628969430923462
band_3_noise.wav,60.00000178813934,10.000000298023224,63.42539191246033,30.205113887786865
band_3_noise.wav,54.99999940395355,40.000001192092896,45.25184869766235,27.337857484817505
band_3_noise.wav,40.000000298023224,30.0,58.28877389431,49.71816301345825
band_3_noise.wav,90.0,60.0,61.680647134780884,53.08368802070618
band_3_noise.wav,74.99999821186066,60.0,58.78002047538757,51.06331944465637
band_3_noise.wav,84.99999761581421,49.999998807907104,75.48902928829193,45.973684787750244
band_3_noise.wav,54.99999940395355,10.000000298023224,56.81923449039459,29.196544289588928
band_3_noise.wav,0.0,20.000000596046448,20.670242607593536,33.59388828277588
band_3_noise.wav,0.0,40.000001192092896,16.104151904582977,29.40265953540802
band_3_noise.wav,70.0000011920929,10.000000298023224,65.81010103225708,21.022499799728394
band_3_noise.wav,0.0,0.0,18.702158331871033,25.948492884635925
band_3_noise.wav,20.000000149011612,49.999998807907104,28.70175004005432,50.19448757171631
band_3_noise.wav,45.0,30.0,50.67818284034729,36.71595096588135
band_3_noise.wav,70.0000011920929,30.0,73.6590975522995,28.184001445770264
band_3_noise.wav,40.000000298023224,20.000000596046448,55.82630753517151,43.02525043487549
band_3_noise.wav,30.00000089406967,30.0,37.00216501951218,39.42120552062988
band_3_noise.wav,5.000000037252903,40.000001192092896,19.02806282043457,32.21745729446411
band_3_noise.wav,50.00000238418579,0.0,47.96198487281799,30.122147798538208
band_3_noise.wav,74.99999821186066,49.999998807907104,64.29952383041382,44.24488663673401
band_3_noise.wav,74.99999821186066,49.999998807907104,78.42873573303223,48.296942710876465
band_3_noise.wav,70.0000011920929,40.000001192092896,66.070876121521,40.60938119888306
band_3_noise.wav,40.000000298023224,49.999998807907104,48.189688324928284,47.799174785614014
band_3_noise.wav,25.000001192092896,30.0,32.27159321308136,41.21397614479065
band_3_noise.wav,50.00000238418579,10.000000298023224,48.99929165840149,26.573079228401184
band_3_noise.wav,84.99999761581421,0.0,57.905818819999695,22.06846296787262
band_3_noise.wav,90.0,40.000001192092896,81.14595293998718,35.81993222236633
band_3_noise.wav,80.00000059604645,0.0,60.49801290035248,20.019416213035583
band_3_noise.wav,70.0000011920929,20.000000596046448,67.22201585769653,24.3185555934906
band_3_noise.wav,0.0,40.000001192092896,15.844693779945374,30.137654542922974
band_3_noise.wav,84.99999761581421,49.999998807907104,72.62367367744446,47.414621114730835
band_3_noise.wav,60.00000178813934,60.0,41.0255965590477,46.70555591583252
band_3_noise.wav,15.000000447034836,30.0,23.841721415519714,38.21810245513916
band_3_noise.wav,25.000001192092896,60.0,27.014554738998413,48.974690437316895
band_3_noise.wav,80.00000059604645,10.000000298023224,59.163748025894165,23.10006558895111
band_3_noise.wav,0.0,49.999998807907104,13.267200887203217,30.967204570770264
band_3_noise.wav,45.0,40.000001192092896,64.9008160829544,58.55055570602417
band_3_noise.wav,70.0000011920929,30.0,72.04724550247192,29.74522590637207
band_3_noise.wav,80.00000059604645,0.0,61.359297037124634,20.46103835105896
band_3_noise.wav,50.00000238418579,49.999998807907104,52.93320715427399,43.606778383255005
band_3_noise.wav,25.000001192092896,60.0,29.35823678970337,40.523189306259155
band_3_noise.wav,45.0,20.000000596046448,39.758799970149994,23.14208149909973
band_3_noise.wav,50.00000238418579,0.0,49.85140264034271,30.480215549468994
band_3_noise.wav,25.000001192092896,60.0,27.6237890124321,55.14508366584778
band_3_noise.wav,45.0,0.0,41.32599860429764,21.668631434440613
band_3_noise.wav,84.99999761581421,49.999998807907104,69.20608878135681,45.6115186214447
band_3_noise.wav,20.000000149011612,20.000000596046448,30.33172845840454,39.21547293663025
band_3_noise.wav,64.9999988079071,40.000001192092896,66.10600769519806,44.40842270851135
band_3_noise.wav,70.0000011920929,0.0,62.24345505237579,17.383192777633667
band_3_noise.wav,0.0,0.0,14.95053380727768,28.502025604248047
band_3_noise.wav,74.99999821186066,20.000000596046448,62.55337357521057,27.956331968307495
band_3_noise.wav,15.000000447034836,60.0,16.353667080402374,40.02896547317505
band_3_noise.wav,30.00000089406967,0.0,36.408079862594604,32.88489103317261
band_3_noise.wav,0.0,0.0,13.308622241020203,34.553024768829346
band_3_noise.wav,0.0,0.0,20.733126997947693,26.035233736038208
band_3_noise.wav,54.99999940395355,49.999998807907104,59.630945920944214,49.26918268203735
band_3_noise.wav,25.000001192092896,10.000000298023224,34.27677512168884,24.83103632926941
band_3_noise.wav,74.99999821186066,40.000001192092896,67.97837734222412,37.65875816345215
band_3_noise.wav,70.0000011920929,49.999998807907104,60.4527747631073,45.113253593444824
band_3_noise.wav,15.000000447034836,20.000000596046448,27.600719332695007,32.79072046279907
band_3_noise.wav,90.0,10.000000298023224,58.890870809555054,23.054083585739136
band_3_noise.wav,70.0000011920929,30.0,76.96206092834473,28.880850076675415
band_3_noise.wav,25.000001192092896,0.0,34.39801096916199,23.708258271217346
band_3_noise.wav,35.00000059604645,49.999998807907104,32.42517650127411,36.29042387008667
band_3_noise.wav,10.000000074505806,10.000000298023224,22.840881943702698,35.00459432601929
band_3_noise.wav,64.9999988079071,49.999998807907104,60.84725260734558,43.10070991516113
band_3_noise.wav,45.0,49.999998807907104,57.911038398742676,56.49503231048584
band_3_noise.wav,60.00000178813934,10.000000298023224,60.060861110687256,22.20185101032257
band_3_noise.wav,10.000000074505806,10.000000298023224,23.218290209770203,32.39375710487366
band_3_noise.wav,10.000000074505806,20.000000596046448,20.342705994844437,40.49309492111206
band_3_noise.wav,20.000000149011612,60.0,23.278487026691437,44.673564434051514
band_3_noise.wav,25.000001192092896,0.0,33.84128898382187,35.995752811431885
band_3_noise.wav,90.0,20.000000596046448,51.19620323181152,33.91826391220093
band_3_noise.wav,20.000000149011612,20.000000596046448,30.63016712665558,31.211693286895752
band_3_noise.wav,20.000000149011612,40.000001192092896,26.879419684410095,39.54408288002014
band_3_noise.wav,0.0,40.000001192092896,15.838736593723297,30.507348775863647
band_3_noise.wav,40.000000298023224,20.000000596046448,53.47537815570831,42.20278859138489
band_3_noise.wav,10.000000074505806,49.999998807907104,19.579597413539886,33.63016605377197
band_3_noise.wav,30.00000089406967,49.999998807907104,36.96205794811249,46.86768651008606
band_3_noise.wav,54.99999940395355,49.999998807907104,56.207696199417114,42.70988345146179
band_3_noise.wav,20.000000149011612,60.0,23.50223958492279,48.557220697402954
band_3_noise.wav,25.000001192092896,20.000000596046448,37.141894698143005,33.91017436981201
band_3_noise.wav,60.00000178813934,40.000001192092896,49.941256642341614,37.92803764343262
band_3_noise.wav,20.000000149011612,49.999998807907104,27.389862835407257,44.59628462791443
band_3_noise.wav,0.0,30.0,21.324319392442703,27.427929639816284
band_3_noise.wav,35.00000059604645,60.0,32.53473937511444,34.76780891418457
band_3_noise.wav,20.000000149011612,10.000000298023224,30.49644559621811,28.92199158668518
band_3_noise.wav,10.000000074505806,10.000000298023224,17.158230543136597,38.05635452270508
band_3_noise.wav,80.00000059604645,20.000000596046448,59.9770313501358,31.19455575942993
band_3_noise.wav,64.9999988079071,0.0,62.99332559108734,22.669923305511475
band_3_noise.wav,5.000000037252903,60.0,14.349364936351776,38.29305410385132
band_3_noise.wav,84.99999761581421,30.0,70.67967295646667,21.363056302070618
band_3_noise.wav,70.0000011920929,0.0,65.0312089920044,18.097153902053833
band_3_noise.wav,60.00000178813934,30.0,72.62926876544952,44.5315146446228
band_3_noise.wav,45.0,0.0,47.37248361110687,28.111588954925537
band_3_noise.wav,45.0,60.0,40.12853980064392,42.01443314552307
band_3_noise.wav,64.9999988079071,10.000000298023224,61.01260006427765,24.157791137695312
band_3_noise.wav,15.000000447034836,30.0,21.112648844718933,36.1635947227478
band_3_noise.wav,54.99999940395355,30.0,61.08948826789856,38.597198724746704
band_3_noise.wav,35.00000059604645,49.999998807907104,35.83889901638031,40.35842299461365
band_7_noise.wav,20.000000149011612,40.000001192092896,41.10547810792923,26.220529675483704
band_7_noise.wav,60.00000178813934,49.999998807907104,41.003500521183014,26.256653666496277
band_7_noise.wav,20.000000149011612,0.0,40.98652482032776,26.233990788459778
band_7_noise.wav,15.000000447034836,60.0,41.19506120681763,26.259430646896362
band_7_noise.wav,84.99999761581421,30.0,41.24412417411804,26.20498538017273
band_7_noise.wav,10.000000074505806,60.0,41.05471193790436,26.226550340652466
band_7_noise.wav,35.00000059604645,20.000000596046448,41.10655099153519,26.22057795524597
band_7_noise.wav,64.9999988079071,10.000000298023224,41.18773341178894,26.08513355255127
band_7_noise.wav,54.99999940395355,10.000000298023224,41.198376417160034,26.211376190185547
band_7_noise.wav,0.0,40.000001192092896,41.04836851358414,26.225881576538086
band_7_noise.wav,64.9999988079071,10.000000298023224,41.01737022399902,26.24308705329895
band_7_noise.wav,54.99999940395355,30.0,41.012437641620636,26.244437098503113
band_7_noise.wav,10.000000074505806,0.0,40.91846913099289,26.238609552383423
band_7_noise.wav,30.00000089406967,10.000000298023224,40.997382402420044,26.232252717018127
band_7_noise.wav,40.000000298023224,40.000001192092896,41.31728142499924,26.19416892528534
band_7_noise.wav,60.00000178813934,60.0,41.15913838148117,26.21241867542267
band_7_noise.wav,40.000000298023224,0.0,41.06293022632599,26.225300431251526
band_7_noise.wav,0.0,40.000001192092896,41.15024954080582,26.214276552200317
band_7_noise.wav,74.99999821186066,49.999998807907104,41.328831017017365,26.20436131954193
band_7_noise.wav,70.0000011920929,0.0,41.0833016037941,26.220234632492065
band_7_noise.wav,30.00000089406967,60.0,41.08796328306198,26.22142732143402
band_7_noise.wav,20.000000149011612,20.000000596046448,41.02381557226181,26.226133704185486
band_7_noise.wav,20.000000149011612,40.000001192092896,41.17604702711105,26.21032476425171
band_7_noise.wav,30.00000089406967,0.0,41.00017726421356,26.244251132011414
band_7_noise.wav,30.00000089406967,49.999998807907104,41.260123550891876,26.200286149978638
band_7_noise.wav,90.0,40.000001192092896,41.19428604841232,26.206374764442444
band_7_noise.wav,54.99999940395355,0.0,40.970761477947235,26.28239393234253
band_7_noise.wav,40.000000298023224,10.000000298023224,40.843820571899414,26.32452964782715
band_7_noise.wav,20.000000149011612,60.0,41.027090549468994,26.227433681488037
band_7_noise.wav,80.00000059604645,49.999998807907104,41.24444603919983,26.190800070762634
band_7_noise.wav,74.99999821186066,49.999998807907104,41.242573857307434,26.199724674224854
band_7_noise.wav,80.00000059604645,49.999998807907104,41.12226337194443,26.2095308303833
band_7_noise.wav,50.00000238418579,40.000001192092896,41.21327340602875,26.260710954666138
band_7_noise.wav,35.00000059604645,60.0,41.20020031929016,26.211145520210266
band_7_noise.wav,25.000001192092896,10.000000298023224,41.10480219125748,26.22084081172943
band_7_noise.wav,50.00000238418579,49.999998807907104,41.224302649497986,26.19618058204651
band_7_noise.wav,50.00000238418579,30.0,41.03797227144241,26.228522658348083
band_7_noise.wav,15.000000447034836,10.000000298023224,41.07911467552185,26.239256858825684
band_7_noise.wav,25.000001192092896,0.0,41.125677824020386,26.218004822731018
band_7_noise.wav,5.000000037252903,49.999998807907104,41.18705213069916,26.21096670627594
band_7_noise.wav,5.000000037252903,40.000001192092896,41.1305969953537,26.215991377830505
band_7_noise.wav,50.00000238418579,20.000000596046448,41.1302724480629,26.214101314544678
band_7_noise.wav,20.000000149011612,60.0,41.095261573791504,26.21806025505066
band_7_noise.wav,64.9999988079071,40.000001192092896,41.22765809297562,26.203038096427917
band_7_noise.wav,70.0000011920929,60.0,41.10517233610153,26.22365891933441
band_7_noise.wav,5.000000037252903,40.000001192092896,41.11553370952606,26.21911346912384
band_7_noise.wav,25.000001192092896,40.000001192092896,41.04120969772339,26.22298300266266
band_7_noise.wav,70.0000011920929,30.0,41.19342237710953,26.202626824378967
band_7_noise.wav,20.000000149011612,60.0,41.127930879592896,26.2172269821167
band_7_noise.wav,15.000000447034836,30.0,41.046651899814606,26.232987642288208
band_7_noise.wav,54.99999940395355,60.0,41.04054719209671,26.268171072006226
band_7_noise.wav,74.99999821186066,20.000000596046448,41.00089073181152,26.225613355636597
band_7_noise.wav,64.9999988079071,10.000000298023224,40.97190409898758,26.22445285320282
band_7_noise.wav,64.9999988079071,49.999998807907104,41.3182657957077,26.199159622192383
band_7_noise.wav,25.000001192092896,20.000000596046448,40.718328058719635,26.26610577106476
band_7_noise.wav,60.00000178813934,30.0,41.29080533981323,26.255276799201965
band_7_noise.wav,54.99999940395355,60.0,41.16997718811035,26.213080286979675
band_7_noise.wav,84.99999761581421,0.0,41.104445457458496,26.209035515785217
band_7_noise.wav,50.00000238418579,49.999998807907104,41.152408719062805,26.210433840751648
band_7_noise.wav,20.000000149011612,40.000001192092896,41.13404631614685,26.21921718120575
band_7_noise.wav,25.000001192092896,20.000000596046448,41.223358511924744,26.205280423164368
band_7_noise.wav,90.0,40.000001192092896,41.22302055358887,26.201024651527405
band_7_noise.wav,74.99999821186066,30.0,41.09206974506378,26.25339388847351
band_7_noise.wav,60.00000178813934,10.000000298023224,41.14746809005737,26.214895248413086
band_7_noise.wav,15.000000447034836,0.0,41.116963326931,26.220404505729675
band_7_noise.wav,15.000000447034836,30.0,41.060505509376526,26.227104663848877
band_7_noise.wav,50.00000238418579,49.999998807907104,41.20154410600662,26.207016706466675
band_7_noise.wav,35.00000059604645,30.0,41.08750730752945,26.220552921295166
band_7_noise.wav,80.00000059604645,40.000001192092896,41.15146726369858,26.209532618522644
band_7_noise.wav,70.0000011920929,60.0,41.189348101615906,26.210662722587585
band_7_noise.wav,54.99999940395355,60.0,41.18732303380966,26.209210753440857
band_7_noise.wav,50.00000238418579,0.0,41.156000196933746,26.214861273765564
band_7_noise.wav,90.0,0.0,41.136444211006165,26.27406120300293
band_7_noise.wav,35.00000059604645,10.000000298023224,41.03092074394226,26.230092644691467
band_7_noise.wav,0.0,0.0,41.067747473716736,26.22387707233429
band_7_noise.wav,54.99999940395355,40.000001192092896,41.22428119182587,26.199982166290283
band_7_noise.wav,20.000000149011612,60.0,41.04435592889786,26.226003170013428
band_7_noise.wav,20.000000149011612,20.000000596046448,41.14825665950775,26.215640902519226
band_7_noise.wav,74.99999821186066,60.0,41.239564418792725,26.206387281417847
band_7_noise.wav,5.000000037252903,0.0,41.02054327726364,26.227576732635498
band_7_noise.wav,30.00000089406967,60.0,41.202093958854675,26.219773292541504
band_7_noise.wav,60.00000178813934,10.000000298023224,41.08296096324921,26.210968494415283
band_7_noise.wav,35.00000059604645,60.0,41.18535429239273,26.210721731185913
band_7_noise.wav,50.00000238418579,49.999998807907104,41.33286505937576,26.220238208770752
band_7_noise.wav,84.99999761581421,20.000000596046448,41.16270840167999,26.211277842521667
band_7_noise.wav,35.00000059604645,60.0,41.14182472229004,26.214764714241028
band_7_noise.wav,74.99999821186066,60.0,41.223347783088684,26.20704710483551
band_7_noise.wav,64.9999988079071,30.0,41.135333776474,26.21611475944519
band_7_noise.wav,64.9999988079071,49.999998807907104,41.1840882897377,26.189895272254944
band_7_noise.wav,50.00000238418579,49.999998807907104,41.19068652391434,26.205822229385376
band_7_noise.wav,10.000000074505806,49.999998807907104,41.115616858005524,26.217588186264038
band_7_noise.wav,5.000000037252903,40.000001192092896,41.17266744375229,26.229835152626038
band_7_noise.wav,15.000000447034836,49.999998807907104,41.208700239658356,26.204561591148376
band_7_noise.wav,30.00000089406967,49.999998807907104,41.12447887659073,26.21479332447052
band_7_noise.wav,50.00000238418579,40.000001192092896,41.23062193393707,26.191028952598572
band_7_noise.wav,20.000000149011612,0.0,41.00094974040985,26.284316182136536
band_7_noise.wav,40.000000298023224,10.000000298023224,41.103831231594086,26.21911346912384
band_7_noise.wav,0.0,20.000000596046448,40.996384620666504,26.231287121772766
band_7_noise.wav,60.00000178813934,60.0,41.0074058175087,26.28123700618744
band_7_noise.wav,84.99999761581421,30.0,41.410477459430695,26.181124448776245
band_7_noise.wav,20.000000149011612,49.999998807907104,40.87461769580841,26.240365505218506
band_7_noise.wav,64.9999988079071,0.0,41.14810645580292,26.21007800102234
band_7_noise.wav,64.9999988079071,49.999998807907104,41.27681761980057,26.1922949552536
band_7_noise.wav,74.99999821186066,30.0,41.02837532758713,26.217520236968994
band_7_noise.wav,84.99999761581421,20.000000596046448,41.26652866601944,26.2044095993042
band_7_noise.wav,70.0000011920929,0.0,41.26926451921463,26.125572323799133
band_7_noise.wav,50.00000238418579,30.0,40.85884094238281,26.273317337036133
band_7_noise.wav,20.000000149011612,30.0,41.131822764873505,26.2441349029541
band_7_noise.wav,84.99999761581421,10.000000298023224,41.180032789707184,26.178773045539856
band_7_noise.wav,50.00000238418579,40.000001192092896,41.03044331073761,26.23945713043213
band_7_noise.wav,80.00000059604645,40.000001192092896,40.94472527503967,26.217491626739502
band_7_noise.wav,80.00000059604645,30.0,41.12743467092514,26.240939497947693
band_7_noise.wav,84.99999761581421,0.0,41.238529086112976,26.201371550559998
band_7_noise.wav,35.00000059604645,60.0,41.27696514129639,26.20051860809326
band_7_noise.wav,15.000000447034836,30.0,40.78986793756485,26.252415776252747
band_7_noise.wav,74.99999821186066,30.0,41.09527230262756,26.21208965778351
band_7_noise.wav,50.00000238418579,20.000000596046448,41.14136070013046,26.2155944108963
band_7_noise.wav,45.0,30.0,41.05930119752884,26.2216579914093
band_7_noise.wav,30.00000089406967,49.999998807907104,41.098946928977966,26.220179200172424
band_7_noise.wav,25.000001192092896,60.0,41.09055161476135,26.218936443328857
band_7_noise.wav,60.00000178813934,49.999998807907104,41.28779321908951,26.199447512626648
band_7_noise.wav,20.000000149011612,40.000001192092896,41.19956731796265,26.214841604232788
band_7_noise.wav,20.000000149011612,60.0,40.970619320869446,26.233917474746704
khz_band_0.8_1.4_noise.wav,20.000000149011612,30.0,38.41774374246597,27.790094017982483
khz_band_0.8_1.4_noise.wav,90.0,10.000000298023224,52.885796427726746,21.207470297813416
khz_band_0.8_1.4_noise.wav,30.00000089406967,20.000000596046448,35.12711584568024,39.948298931121826
khz_band_0.8_1.4_noise.wav,15.000000447034836,40.000001192092896,20.232361257076263,39.682209491729736
khz_band_0.8_1.4_noise.wav,80.00000059604645,10.000000298023224,52.63657629489899,20.153433680534363
khz_band_0.8_1.4_noise.wav,15.000000447034836,49.999998807907104,27.303517162799835,27.33714759349823
khz_band_0.8_1.4_noise.wav,20.000000149011612,49.999998807907104,28.910415172576904,42.39131212234497
khz_band_0.8_1.4_noise.wav,45.0,0.0,49.97301936149597,35.100438594818115
khz_band_0.8_1.4_noise.wav,25.000001192092896,49.999998807907104,34.84886348247528,40.50779342651367
khz_band_0.8_1.4_noise.wav,20.000000149011612,49.999998807907104,25.514127016067505,36.41557216644287
khz_band_0.8_1.4_noise.wav,20.000000149011612,60.0,28.922426104545593,39.5115065574646
khz_band_0.8_1.4_noise.wav,10.000000074505806,10.000000298023224,31.165809631347656,27.850749492645264
khz_band_0.8_1.4_noise.wav,80.00000059604645,20.000000596046448,57.95838475227356,20.740036368370056
khz_band_0.8_1.4_noise.wav,10.000000074505806,10.000000298023224,37.122526466846466,26.79815948009491
khz_band_0.8_1.4_noise.wav,50.00000238418579,20.000000596046448,45.64886927604675,20.116074085235596
khz_band_0.8_1.4_noise.wav,15.000000447034836,49.999998807907104,25.70949375629425,29.874154329299927
khz_band_0.8_1.4_noise.wav,30.00000089406967,60.0,31.59942090511322,38.832632303237915
khz_band_0.8_1.4_noise.wav,40.000000298023224,10.000000298023224,40.53950250148773,22.053862810134888
khz_band_0.8_1.4_noise.wav,80.00000059604645,40.000001192092896,66.09948992729187,38.349448442459106
khz_band_0.8_1.4_noise.wav,40.000000298023224,60.0,33.852597177028656,54.22240734100342
khz_band_0.8_1.4_noise.wav,0.0,60.0,29.16392147541046,23.746163249015808
khz_band_0.8_1.4_noise.wav,25.000001192092896,0.0,33.192073702812195,19.66669499874115
khz_band_0.8_1.4_noise.wav,10.000000074505806,10.000000298023224,19.38551276922226,42.11459398269653
khz_band_0.8_1.4_noise.wav,35.00000059604645,60.0,34.45460021495819,40.5531907081604
khz_band_0.8_1.4_noise.wav,74.99999821186066,30.0,59.01129126548767,20.902660489082336
khz_band_0.8_1.4_noise.wav,74.99999821186066,30.0,55.945987701416016,22.482998371124268
khz_band_0.8_1.4_noise.wav,84.99999761581421,49.999998807907104,65.4005491733551,47.72885799407959
khz_band_0.8_1.4_noise.wav,0.0,20.000000596046448,31.239318251609802,25.695880651474
khz_band_0.8_1.4_noise.wav,25.000001192092896,10.000000298023224,41.95785731077194,47.84783720970154
khz_band_0.8_1.4_noise.wav,84.99999761581421,10.000000298023224,55.239365100860596,18.510426878929138
khz_band_0.8_1.4_noise.wav,54.99999940395355,60.0,45.57483494281769,61.04433059692383
khz_band_0.8_1.4_noise.wav,20.000000149011612,60.0,27.747508585453033,38.89403700828552
khz_band_0.8_1.4_noise.wav,5.000000037252903,49.999998807907104,23.24581503868103,29.47628617286682
khz_band_0.8_1.4_noise.wav,30.00000089406967,10.000000298023224,46.75949692726135,43.66738557815552
khz_band_0.8_1.4_noise.wav,70.0000011920929,10.000000298023224,57.201658487319946,19.09907341003418
khz_band_0.8_1.4_noise.wav,64.9999988079071,0.0,53.80328893661499,22.13670015335083
khz_band_0.8_1.4_noise.wav,60.00000178813934,30.0,58.1597113609314,27.06270396709442
khz_band_0.8_1.4_noise.wav,50.00000238418579,20.000000596046448,54.00326907634735,35.13356566429138
khz_band_0.8_1.4_noise.wav,35.00000059604645,49.999998807907104,45.85495948791504,43.717700242996216
khz_band_0.8_1.4_noise.wav,30.00000089406967,60.0,35.19103556871414,37.47507691383362
khz_band_0.8_1.4_noise.wav,15.000000447034836,10.000000298023224,29.901845455169678,26.326666474342346
khz_band_0.8_1.4_noise.wav,5.000000037252903,20.000000596046448,37.29333758354187,26.488389372825623
khz_band_0.8_1.4_noise.wav,70.0000011920929,49.999998807907104,57.567216753959656,43.75522971153259
khz_band_0.8_1.4_noise.wav,30.00000089406967,49.999998807907104,36.94539338350296,31.528022289276123
khz_band_0.8_1.4_noise.wav,70.0000011920929,10.000000298023224,59.07619535923004,22.42745876312256
khz_band_0.8_1.4_noise.wav,90.0,60.0,50.68836987018585,38.69478464126587
khz_band_0.8_1.4_noise.wav,45.0,40.000001192092896,52.42343187332153,42.67955303192139
khz_band_0.8_1.4_noise.wav,5.000000037252903,60.0,26.288636326789856,28.30019474029541
khz_band_0.8_1.4_noise.wav,80.00000059604645,10.000000298023224,57.71539807319641,17.831103801727295
khz_band_0.8_1.4_noise.wav,35.00000059604645,20.000000596046448,50.037612318992615,53.44815373420715
khz_band_0.8_1.4_noise.wav,20.000000149011612,49.999998807907104,36.34984374046326,31.340153217315674
khz_band_0.8_1.4_noise.wav,20.000000149011612,60.0,31.663270890712738,28.817952275276184
khz_band_0.8_1.4_noise.wav,5.000000037252903,40.000001192092896,30.712671875953674,24.885478019714355
khz_band_0.8_1.4_noise.wav,64.9999988079071,10.000000298023224,58.70491325855255,19.58505392074585
khz_band_0.8_1.4_noise.wav,5.000000037252903,60.0,25.627911686897278,29.873117208480835
khz_band_0.8_1.4_noise.wav,40.000000298023224,10.000000298023224,58.56337308883667,46.60470485687256
khz_band_0.8_1.4_noise.wav,45.0,60.0,45.82454323768616,43.018566370010376
khz_band_0.8_1.4_noise.wav,15.000000447034836,0.0,27.714605927467346,24.148748517036438
khz_band_0.8_1.4_noise.wav,5.000000037252903,30.0,20.491685271263123,34.361371994018555
khz_band_0.8_1.4_noise.wav,50.00000238418579,49.999998807907104,55.04076898097992,44.22393321990967
khz_band_0.8_1.4_noise.wav,60.00000178813934,49.999998807907104,54.36403155326843,41.11058950424194
khz_band_0.8_1.4_noise.wav,50.00000238418579,40.000001192092896,57.278079986572266,43.54404330253601
khz_band_0.8_1.4_noise.wav,50.00000238418579,49.999998807907104,61.45650029182434,50.989558696746826
khz_band_0.8_1.4_noise.wav,60.00000178813934,10.000000298023224,52.11433410644531,23.110599517822266
khz_band_0.8_1.4_noise.wav,54.99999940395355,30.0,46.52776479721069,35.11436462402344
khz_band_0.8_1.4_noise.wav,30.00000089406967,60.0,31.45734965801239,36.196489334106445
khz_band_0.8_1.4_noise.wav,0.0,20.000000596046448,26.91528081893921,24.725316166877747
khz_band_0.8_1.4_noise.wav,5.000000037252903,10.000000298023224,27.647164463996887,29.224036931991577
khz_band_0.8_1.4_noise.wav,5.000000037252903,40.000001192092896,24.049383401870728,29.944236874580383
khz_band_0.8_1.4_noise.wav,80.00000059604645,10.000000298023224,55.57916879653931,20.774788856506348
khz_band_0.8_1.4_noise.wav,20.000000149011612,60.0,29.185250401496887,26.662577390670776
khz_band_0.8_1.4_noise.wav,84.99999761581421,49.999998807907104,59.41463112831116,43.5228967666626
khz_band_0.8_1.4_noise.wav,40.000000298023224,20.000000596046448,58.97715210914612,49.47532653808594
khz_band_0.8_1.4_noise.wav,25.000001192092896,10.000000298023224,35.445496737957,43.81316542625427
khz_band_0.8_1.4_noise.wav,70.0000011920929,10.000000298023224,57.143760323524475,20.427417755126953
khz_band_0.8_1.4_noise.wav,84.99999761581421,10.000000298023224,57.63399839401245,20.049079656600952
khz_band_0.8_1.4_noise.wav,5.000000037252903,0.0,31.04564666748047,25.314289927482605
khz_band_0.8_1.4_noise.wav,10.000000074505806,49.999998807907104,26.230901777744293,30.341849327087402
khz_band_0.8_1.4_noise.wav,74.99999821186066,10.000000298023224,59.85702395439148,18.399885892868042
khz_band_0.8_1.4_noise.wav,20.000000149011612,60.0,28.507086038589478,35.07591962814331
khz_band_0.8_1.4_noise.wav,15.000000447034836,40.000001192092896,26.83009386062622,33.163758516311646
khz_band_0.8_1.4_noise.wav,15.000000447034836,40.000001192092896,25.33447265625,30.1837420463562
khz_band_0.8_1.4_noise.wav,50.00000238418579,40.000001192092896,53.74443054199219,43.01206111907959
khz_band_0.8_1.4_noise.wav,45.0,60.0,46.73376381397247,45.12356400489807
khz_band_0.8_1.4_noise.wav,10.000000074505806,49.999998807907104,18.543910682201385,39.633564949035645
khz_band_0.8_1.4_noise.wav,84.99999761581421,49.999998807907104,66.3023990392685,47.4519681930542
khz_band_0.8_1.4_noise.wav,74.99999821186066,10.000000298023224,59.32883262634277,19.6028870344162
khz_band_0.8_1.4_noise.wav,64.9999988079071,0.0,57.42360591888428,24.483096599578857
khz_band_0.8_1.4_noise.wav,25.000001192092896,10.000000298023224,35.59405893087387,49.51246976852417
khz_band_0.8_1.4_noise.wav,70.0000011920929,0.0,56.48644208908081,22.392706274986267
khz_band_0.8_1.4_noise.wav,40.000000298023224,0.0,47.06665277481079,31.56567692756653
khz_band_0.8_1.4_noise.wav,30.00000089406967,10.000000298023224,41.876776814460754,33.36575388908386
khz_band_0.8_1.4_noise.wav,64.9999988079071,60.0,43.95968645811081,41.59717798233032
khz_band_0.8_1.4_noise.wav,74.99999821186066,40.000001192092896,61.53844177722931,32.100841999053955
khz_band_0.8_1.4_noise.wav,80.00000059604645,10.000000298023224,58.720062375068665,19.37101721763611
khz_band_0.8_1.4_noise.wav,90.0,40.000001192092896,61.21255874633789,27.89500594139099
khz_band_0.8_1.4_noise.wav,80.00000059604645,30.0,58.27176332473755,22.11512804031372
khz_band_0.8_1.4_noise.wav,45.0,60.0,33.062474727630615,50.16293406486511
khz_band_0.8_1.4_noise.wav,64.9999988079071,30.0,53.49863827228546,26.291776299476624
khz_band_0.8_1.4_noise.wav,60.00000178813934,40.000001192092896,59.17037844657898,43.14886808395386
khz_band_0.8_1.4_noise.wav,30.00000089406967,60.0,29.691120386123657,46.63858652114868
khz_band_0.8_1.4_noise.wav,5.000000037252903,20.000000596046448,43.854146897792816,24.584248065948486
khz_band_0.8_1.4_noise.wav,60.00000178813934,49.999998807907104,53.98337781429291,42.3562216758728
khz_band_0.8_1.4_noise.wav,80.00000059604645,40.000001192092896,65.3417980670929,35.38592576980591
khz_band_0.8_1.4_noise.wav,5.000000037252903,60.0,24.541531205177307,26.290390491485596
khz_band_0.8_1.4_noise.wav,0.0,30.0,21.71832650899887,25.160114765167236
khz_band_0.8_1.4_noise.wav,74.99999821186066,20.000000596046448,57.45696187019348,20.748018622398376
khz_band_0.8_1.4_noise.wav,90.0,20.000000596046448,43.78641039133072,29.962499141693115
khz_band_0.8_1.4_noise.wav,45.0,30.0,51.43879294395447,41.45665168762207
khz_band_0.8_1.4_noise.wav,20.000000149011612,49.999998807907104,29.735832810401917,35.68870782852173
khz_band_0.8_1.4_noise.wav,50.00000238418579,49.999998807907104,61.37208580970764,53.122791051864624
khz_band_0.8_1.4_noise.wav,70.0000011920929,40.000001192092896,58.58266890048981,34.76171851158142
khz_band_0.8_1.4_noise.wav,0.0,49.999998807907104,25.842276513576508,24.3618643283844
khz_band_0.8_1.4_noise.wav,15.000000447034836,40.000001192092896,28.553863763809204,28.743127584457397
khz_band_0.8_1.4_noise.wav,10.000000074505806,40.000001192092896,25.80842435359955,30.640733242034912
khz_band_0.8_1.4_noise.wav,40.000000298023224,20.000000596046448,57.576963901519775,45.58032274246216
khz_band_0.8_1.4_noise.wav,40.000000298023224,60.0,35.41811406612396,53.35797071456909
khz_band_0.8_1.4_noise.wav,20.000000149011612,60.0,26.384063959121704,33.812012672424316
khz_band_0.8_1.4_noise.wav,74.99999821186066,0.0,58.76858353614807,19.45857524871826
khz_band_0.8_1.4_noise.wav,80.00000059604645,40.000001192092896,62.52219557762146,30.647621154785156
khz_band_0.8_1.4_noise.wav,64.9999988079071,60.0,48.54217350482941,39.46490406990051
khz_band_0.8_1.4_noise.wav,54.99999940395355,0.0,50.14901518821716,28.23824644088745
khz_band_0.8_1.4_noise.wav,30.00000089406967,0.0,38.03556114435196,37.47594237327576
khz_band_0.8_1.4_noise.wav,25.000001192092896,10.000000298023224,35.183876752853394,33.539382219314575
khz_band_0.8_1.4_noise.wav,35.00000059604645,10.000000298023224,50.56812644004822,48.23812007904053
khz_band_0.8_1.4_noise.wav,45.0,0.0,50.22367179393768,35.41911721229553
khz_band_0.8_1.4_noise.wav,90.0,20.000000596046448,53.820117115974426,21.515822410583496
khz_band_0.8_1.4_noise.wav,80.00000059604645,49.999998807907104,59.284817576408386,45.1068377494812
khz_band_0.8_1.4_noise.wav,54.99999940395355,0.0,48.945931792259216,26.275632977485657
band_9_noise.wav,74.99999821186066,0.0,41.054556369781494,26.280385851860046
band_9_noise.wav,35.00000059604645,20.000000596046448,41.12812936306,26.269733905792236
band_9_noise.wav,74.99999821186066,10.000000298023224,41.139190793037415,26.258860230445862
band_9_noise.wav,54.99999940395355,40.000001192092896,41.06811761856079,26.277287006378174
band_9_noise.wav,40.000000298023224,10.000000298023224,40.99430859088898,26.28083825111389
band_9_noise.wav,35.00000059604645,0.0,41.1162605881691,26.265329718589783
band_9_noise.wav,70.0000011920929,20.000000596046448,41.063619554042816,26.261220574378967
band_9_noise.wav,50.00000238418579,30.0,41.10203683376312,26.264047622680664
band_9_noise.wav,84.99999761581421,10.000000298023224,41.08354032039642,26.24978005886078
band_9_noise.wav,0.0,49.999998807907104,41.24845594167709,26.288089156150818
band_9_noise.wav,0.0,30.0,41.10448032617569,26.290817856788635
band_9_noise.wav,25.000001192092896,10.000000298023224,41.06373220682144,26.253578066825867
band_9_noise.wav,54.99999940395355,0.0,40.92564672231674,26.241120100021362
band_9_noise.wav,64.9999988079071,30.0,41.112553775310516,26.266783475875854
band_9_noise.wav,74.99999821186066,20.000000596046448,40.94443291425705,26.242318153381348
band_9_noise.wav,20.000000149011612,30.0,41.11062794923782,26.292214393615723
band_9_noise.wav,10.000000074505806,40.000001192092896,40.97208112478256,26.299195289611816
band_9_noise.wav,15.000000447034836,20.000000596046448,41.052665412425995,26.2868070602417
band_9_noise.wav,30.00000089406967,10.000000298023224,41.07991933822632,26.273608803749084
band_9_noise.wav,54.99999940395355,60.0,41.08316749334335,26.304067969322205
band_9_noise.wav,50.00000238418579,10.000000298023224,41.10701769590378,26.268070936203003
band_9_noise.wav,30.00000089406967,0.0,41.068482398986816,26.273093819618225
band_9_noise.wav,20.000000149011612,0.0,41.00947916507721,26.269909143447876
band_9_noise.wav,84.99999761581421,30.0,41.14623427391052,26.24929189682007
band_9_noise.wav,0.0,30.0,41.0782054066658,26.27168118953705
band_9_noise.wav,10.000000074505806,30.0,41.114707589149475,26.291633248329163
band_9_noise.wav,54.99999940395355,0.0,41.022831201553345,26.25836670398712
band_9_noise.wav,5.000000037252903,49.999998807907104,41.27287745475769,26.262468695640564
band_9_noise.wav,0.0,20.000000596046448,41.06754630804062,26.270018219947815
band_9_noise.wav,40.000000298023224,30.0,41.07091784477234,26.260083317756653
band_9_noise.wav,70.0000011920929,10.000000298023224,41.002202332019806,26.257470846176147
band_9_noise.wav,5.000000037252903,0.0,41.1202597618103,26.271910071372986
band_9_noise.wav,40.000000298023224,40.000001192092896,41.12065941095352,26.284037232398987
band_9_noise.wav,54.99999940395355,60.0,41.185904145240784,26.25364601612091
band_9_noise.wav,5.000000037252903,10.000000298023224,41.02527737617493,26.288137435913086
band_9_noise.wav,15.000000447034836,20.000000596046448,41.07944458723068,26.292033791542053
band_9_noise.wav,5.000000037252903,30.0,41.05963110923767,26.293197870254517
band_9_noise.wav,50.00000238418579,30.0,41.13853633403778,26.300371885299683
band_9_noise.wav,20.000000149011612,0.0,41.21731013059616,26.257431507110596
band_9_noise.wav,5.000000037252903,49.999998807907104,41.09607696533203,26.29252016544342
band_9_noise.wav,15.000000447034836,49.999998807907104,41.13157331943512,26.28707528114319
band_9_noise.wav,80.00000059604645,60.0,41.192773282527924,26.25052034854889
band_9_noise.wav,70.0000011920929,40.000001192092896,41.0235795378685,26.24411165714264
band_9_noise.wav,64.9999988079071,60.0,41.131280958652496,26.29720151424408
band_9_noise.wav,35.00000059604645,49.999998807907104,41.128051578998566,26.285696625709534
band_9_noise.wav,30.00000089406967,49.999998807907104,41.15127146244049,26.286245584487915
band_9_noise.wav,5.000000037252903,49.999998807907104,41.14608943462372,26.27515733242035
band_9_noise.wav,84.99999761581421,60.0,41.06862187385559,26.275938749313354
band_9_noise.wav,30.00000089406967,49.999998807907104,41.0585555434227,26.282899975776672
band_9_noise.wav,60.00000178813934,49.999998807907104,41.26662790775299,26.23451292514801
band_9_noise.wav,80.00000059604645,49.999998807907104,41.1390620470047,26.264943480491638
band_9_noise.wav,45.0,0.0,40.80139607191086,26.240639090538025
band_9_noise.wav,60.00000178813934,40.000001192092896,41.110375821590424,26.275888681411743
band_9_noise.wav,20.000000149011612,60.0,41.11797720193863,26.28466486930847
band_9_noise.wav,74.99999821186066,10.000000298023224,41.0958731174469,26.256696581840515
band_9_noise.wav,54.99999940395355,10.000000298023224,41.16318315267563,26.25821828842163
band_9_noise.wav,80.00000059604645,10.000000298023224,41.13900572061539,26.205047965049744
band_9_noise.wav,10.000000074505806,0.0,41.07841730117798,26.27634823322296
band_9_noise.wav,35.00000059604645,30.0,41.06518864631653,26.276026368141174
band_9_noise.wav,84.99999761581421,60.0,41.18960827589035,26.234073042869568
band_9_noise.wav,80.00000059604645,20.000000596046448,41.0060915350914,26.2530255317688
band_9_noise.wav,15.000000447034836,0.0,41.009334325790405,26.25986158847809
band_9_noise.wav,50.00000238418579,40.000001192092896,41.08540177345276,26.283799409866333
band_9_noise.wav,60.00000178813934,10.000000298023224,41.041952669620514,26.275556087493896
band_9_noise.wav,54.99999940395355,0.0,41.11591994762421,26.25521957874298
band_9_noise.wav,54.99999940395355,40.000001192092896,41.042529344558716,26.290669441223145
band_9_noise.wav,50.00000238418579,49.999998807907104,41.11283004283905,26.267412900924683
band_9_noise.wav,60.00000178813934,10.000000298023224,41.06970816850662,26.217952966690063
band_9_noise.wav,84.99999761581421,30.0,41.08925074338913,26.255974173545837
band_9_noise.wav,5.000000037252903,0.0,41.064408123493195,26.27864420413971
band_9_noise.wav,5.000000037252903,40.000001192092896,41.051815152168274,26.29130780696869
band_9_noise.wav,70.0000011920929,20.000000596046448,41.02500647306442,26.239235401153564
band_9_noise.wav,70.0000011920929,30.0,41.109592616558075,26.252775192260742
band_9_noise.wav,25.000001192092896,49.999998807907104,41.15103542804718,26.286739110946655
band_9_noise.wav,5.000000037252903,30.0,40.99949598312378,26.28003180027008
band_9_noise.wav,15.000000447034836,60.0,41.072543263435364,26.284437775611877
band_9_noise.wav,80.00000059604645,49.999998807907104,41.08632445335388,26.264880895614624
band_9_noise.wav,84.99999761581421,40.000001192092896,41.06383144855499,26.258007287979126
band_9_noise.wav,35.00000059604645,0.0,41.12831175327301,26.254307627677917
band_9_noise.wav,50.00000238418579,49.999998807907104,41.10999494791031,26.266053915023804
band_9_noise.wav,64.9999988079071,20.000000596046448,41.061881482601166,26.26400649547577
band_9_noise.wav,80.00000059604645,60.0,41.14718109369278,26.220824718475342
band_9_noise.wav,5.000000037252903,60.0,41.06759458780289,26.272217631340027
band_9_noise.wav,35.00000059604645,30.0,41.048915684223175,26.261154413223267
band_9_noise.wav,84.99999761581421,20.000000596046448,41.03635489940643,26.25237286090851
band_9_noise.wav,70.0000011920929,40.000001192092896,41.085729002952576,26.276487708091736
band_9_noise.wav,10.000000074505806,10.000000298023224,41.10453933477402,26.29637360572815
band_9_noise.wav,5.000000037252903,10.000000298023224,41.046777963638306,26.297285556793213
band_9_noise.wav,10.000000074505806,40.000001192092896,41.058027148246765,26.27750873565674
band_9_noise.wav,25.000001192092896,10.000000298023224,41.145429611206055,26.264755725860596
band_9_noise.wav,45.0,49.999998807907104,41.06559902429581,26.273882389068604
band_9_noise.wav,74.99999821186066,20.000000596046448,41.063657104969025,26.251646876335144
band_9_noise.wav,45.0,60.0,41.10744148492813,26.292091012001038
band_9_noise.wav,10.000000074505806,40.000001192092896,41.138686537742615,26.283652782440186
band_9_noise.wav,50.00000238418579,0.0,41.183393597602844,26.25369429588318
band_9_noise.wav,84.99999761581421,49.999998807907104,41.12158477306366,26.291695833206177
band_9_noise.wav,10.000000074505806,60.0,41.13508701324463,26.292718648910522
band_9_noise.wav,0.0,0.0,41.04467511177063,26.308457851409912
band_9_noise.wav,20.000000149011612,30.0,41.04116141796112,26.2768417596817
band_9_noise.wav,70.0000011920929,40.000001192092896,41.0353946685791,26.250452399253845
band_9_noise.wav,90.0,49.999998807907104,41.14637643098831,26.268972158432007
band_9_noise.wav,10.000000074505806,40.000001192092896,41.07273906469345,26.264031529426575
band_9_noise.wav,10.000000074505806,60.0,41.14757537841797,26.291284561157227
band_9_noise.wav,0.0,40.000001192092896,41.08108878135681,26.267332434654236
band_9_noise.wav,25.000001192092896,49.999998807907104,41.10379904508591,26.285433769226074
band_9_noise.wav,84.99999761581421,0.0,41.06019169092178,26.2185001373291
band_9_noise.wav,50.00000238418579,20.000000596046448,41.07883036136627,26.26470386981964
band_9_noise.wav,45.0,0.0,41.17749273777008,26.266729831695557
band_9_noise.wav,45.0,0.0,41.096101105213165,26.25071883201599
band_9_noise.wav,5.000000037252903,0.0,41.08704596757889,26.290336847305298
band_9_noise.wav,30.00000089406967,0.0,41.394266188144684,26.231517791748047
band_9_noise.wav,54.99999940395355,10.000000298023224,41.100886166095734,26.25271439552307
band_9_noise.wav,64.9999988079071,40.000001192092896,41.101951003074646,26.257460117340088
band_9_noise.wav,40.000000298023224,60.0,41.07773870229721,26.270374059677124
band_9_noise.wav,20.000000149011612,0.0,41.168614625930786,26.252118945121765
band_9_noise.wav,84.99999761581421,40.000001192092896,41.16144776344299,26.289167404174805
band_9_noise.wav,45.0,10.000000298023224,40.93567281961441,26.261837482452393
band_9_noise.wav,5.000000037252903,30.0,41.058000326156616,26.28639042377472
band_2_noise.wav,80.00000059604645,30.0,64.4912052154541,26.631329655647278
band_2_noise.wav,74.99999821186066,60.0,64.09772515296936,56.7410945892334
band_2_noise.wav,10.000000074505806,40.000001192092896,18.718657940626144,36.607253551483154
band_2_noise.wav,50.00000238418579,40.000001192092896,61.21085286140442,49.03795838356018
band_2_noise.wav,80.00000059604645,20.000000596046448,63.34318220615387,20.928835272789
band_2_noise.wav,15.000000447034836,0.0,25.08625030517578,34.470309019088745
band_2_noise.wav,50.00000238418579,20.000000596046448,57.45977282524109,42.15811014175415
band_2_noise.wav,20.000000149011612,60.0,20.405032485723495,40.80055475234985
band_2_noise.wav,45.0,20.000000596046448,47.80600905418396,25.238041877746582
band_2_noise.wav,84.99999761581421,40.000001192092896,59.45499837398529,36.15909218788147
band_2_noise.wav,60.00000178813934,20.000000596046448,63.536574840545654,25.726497173309326
band_2_noise.wav,35.00000059604645,10.000000298023224,37.11752414703369,39.54322099685669
band_2_noise.wav,35.00000059604645,20.000000596046448,38.39796781539917,43.99578094482422
band_2_noise.wav,54.99999940395355,30.0,62.093600034713745,37.3938775062561
band_2_noise.wav,20.000000149011612,49.999998807907104,19.91889551281929,47.044984102249146
band_2_noise.wav,35.00000059604645,40.000001192092896,42.795529961586,53.71885299682617
band_2_noise.wav,74.99999821186066,60.0,60.57687520980835,58.25182914733887
band_2_noise.wav,90.0,40.000001192092896,61.26249611377716,26.786769032478333
band_2_noise.wav,10.000000074505806,30.0,25.49305021762848,37.44767904281616
band_2_noise.wav,54.99999940395355,0.0,38.85920852422714,34.12927865982056
band_2_noise.wav,84.99999761581421,10.000000298023224,56.29738926887512,21.55672252178192
band_2_noise.wav,25.000001192092896,10.000000298023224,33.479834496974945,35.71429252624512
band_2_noise.wav,25.000001192092896,30.0,33.65586519241333,30.298519134521484
band_2_noise.wav,20.000000149011612,60.0,18.737635910511017,46.398983001708984
band_2_noise.wav,5.000000037252903,30.0,22.551627159118652,31.273834705352783
band_2_noise.wav,40.000000298023224,49.999998807907104,51.76786243915558,45.04907727241516
band_2_noise.wav,45.0,60.0,30.045802295207977,41.46747708320618
band_2_noise.wav,80.00000059604645,0.0,60.313299894332886,18.986708521842957
band_2_noise.wav,84.99999761581421,40.000001192092896,64.79160189628601,33.24844479560852
band_2_noise.wav,60.00000178813934,40.000001192092896,62.85747706890106,45.50257086753845
band_2_noise.wav,25.000001192092896,60.0,24.583633840084076,44.61139440536499
band_2_noise.wav,84.99999761581421,60.0,61.97879076004028,54.287588596343994
band_2_noise.wav,30.00000089406967,60.0,25.941826701164246,32.398130893707275
band_2_noise.wav,40.000000298023224,0.0,47.360183000564575,34.2743182182312
band_2_noise.wav,84.99999761581421,60.0,65.04651367664337,54.753427505493164
band_2_noise.wav,64.9999988079071,30.0,53.22556793689728,44.44875240325928
band_2_noise.wav,20.000000149011612,49.999998807907104,20.210687667131424,44.16151285171509
band_2_noise.wav,0.0,30.0,18.48781630396843,24.72708821296692
band_2_noise.wav,25.000001192092896,60.0,31.08858346939087,45.20025014877319
band_2_noise.wav,80.00000059604645,49.999998807907104,64.26279902458191,40.1269805431366
band_2_noise.wav,0.0,49.999998807907104,26.294250190258026,23.027352690696716
band_2_noise.wav,30.00000089406967,10.000000298023224,49.75191414356232,37.91265249252319
band_2_noise.wav,35.00000059604645,30.0,57.14989721775055,50.682477951049805
band_2_noise.wav,40.000000298023224,49.999998807907104,50.556705594062805,57.98017501831055
band_2_noise.wav,84.99999761581421,0.0,63.446452617645264,16.93866491317749
band_2_noise.wav,40.000000298023224,0.0,58.33582520484924,49.182915687561035
band_2_noise.wav,40.000000298023224,49.999998807907104,49.48664367198944,46.936973333358765
band_2_noise.wav,10.000000074505806,10.000000298023224,19.14238929748535,33.3100962638855
band_2_noise.wav,0.0,40.000001192092896,16.60946935415268,25.347672700881958
band_2_noise.wav,35.00000059604645,30.0,56.89965784549713,47.887916564941406
band_2_noise.wav,35.00000059604645,49.999998807907104,48.53901922702789,57.95769453048706
band_2_noise.wav,64.9999988079071,20.000000596046448,63.915603160858154,22.182428240776062
band_2_noise.wav,70.0000011920929,49.999998807907104,62.49898910522461,34.0482223033905
band_2_noise.wav,5.000000037252903,40.000001192092896,18.385464549064636,29.669798612594604
band_2_noise.wav,64.9999988079071,49.999998807907104,66.07765674591064,47.15462565422058
band_2_noise.wav,35.00000059604645,20.000000596046448,54.101818799972534,54.77350831031799
band_2_noise.wav,80.00000059604645,0.0,64.92034792900085,17.461456060409546
band_2_noise.wav,74.99999821186066,49.999998807907104,54.196715354919434,39.866416454315186
band_2_noise.wav,64.9999988079071,0.0,64.57498669624329,19.226996898651123
band_2_noise.wav,45.0,30.0,60.76607823371887,40.645294189453125
band_2_noise.wav,35.00000059604645,10.000000298023224,48.60360145568848,35.68977355957031
band_2_noise.wav,74.99999821186066,20.000000596046448,59.99479293823242,23.76065969467163
band_2_noise.wav,60.00000178813934,30.0,63.870402574539185,34.94841814041138
band_2_noise.wav,50.00000238418579,0.0,55.28191566467285,34.05915856361389
band_2_noise.wav,50.00000238418579,20.000000596046448,60.044918060302734,35.329062938690186
band_2_noise.wav,45.0,20.000000596046448,52.535730600357056,35.211875438690186
band_2_noise.wav,54.99999940395355,49.999998807907104,62.86859750747681,47.96157360076904
band_2_noise.wav,5.000000037252903,60.0,14.439452290534973,41.66346788406372
band_2_noise.wav,64.9999988079071,20.000000596046448,64.76763367652893,27.94588029384613
band_2_noise.wav,50.00000238418579,60.0,48.609910011291504,56.47939682006836
band_2_noise.wav,35.00000059604645,30.0,54.98709261417389,46.760830879211426
band_2_noise.wav,25.000001192092896,10.000000298023224,46.78858280181885,44.55345153808594
band_2_noise.wav,50.00000238418579,60.0,60.75321972370148,63.23791980743408
band_2_noise.wav,70.0000011920929,40.000001192092896,63.304316997528076,37.709083557128906
band_2_noise.wav,20.000000149011612,40.000001192092896,31.161861419677734,38.61827373504639
band_2_noise.wav,25.000001192092896,0.0,34.22145456075668,41.45279288291931
band_2_noise.wav,70.0000011920929,49.999998807907104,59.55540418624878,50.2550482749939
band_2_noise.wav,25.000001192092896,10.000000298023224,36.448248624801636,45.58510065078735
band_2_noise.wav,40.000000298023224,49.999998807907104,59.213712215423584,68.14717769622803
band_2_noise.wav,60.00000178813934,60.0,63.49569797515869,57.41599917411804
band_2_noise.wav,45.0,30.0,46.25349283218384,32.53259539604187
band_2_noise.wav,35.00000059604645,49.999998807907104,55.667370557785034,54.4721782207489
band_2_noise.wav,0.0,30.0,19.559059739112854,22.897768020629883
band_2_noise.wav,20.000000149011612,40.000001192092896,23.32459956407547,52.14800477027893
band_2_noise.wav,10.000000074505806,49.999998807907104,19.064752757549286,29.781392812728882
band_2_noise.wav,5.000000037252903,20.000000596046448,17.46610790491104,30.356504917144775
band_2_noise.wav,5.000000037252903,49.999998807907104,18.071367144584656,33.79594087600708
band_2_noise.wav,40.000000298023224,60.0,40.625821352005005,54.81938123703003
band_2_noise.wav,45.0,0.0,54.87477779388428,34.291008710861206
band_2_noise.wav,84.99999761581421,0.0,61.40184760093689,18.901378512382507
band_2_noise.wav,40.000000298023224,60.0,39.911101162433624,59.91664409637451
band_2_noise.wav,15.000000447034836,10.000000298023224,21.5329147875309,26.218205094337463
band_2_noise.wav,0.0,30.0,19.19735312461853,22.622251510620117
band_2_noise.wav,25.000001192092896,20.000000596046448,33.58297884464264,37.804341316223145
band_2_noise.wav,20.000000149011612,0.0,36.65636122226715,36.566176414489746
band_2_noise.wav,30.00000089406967,10.000000298023224,38.89042139053345,19.143991470336914
band_2_noise.wav,70.0000011920929,49.999998807907104,68.28038334846497,46.80269479751587
band_2_noise.wav,50.00000238418579,10.000000298023224,58.450913429260254,35.15596032142639
band_2_noise.wav,64.9999988079071,30.0,61.84844613075256,26.094594597816467
band_2_noise.wav,84.99999761581421,60.0,66.53613209724426,53.619117736816406
band_2_noise.wav,40.000000298023224,10.000000298023224,56.28913879394531,44.04095649719238
band_2_noise.wav,35.00000059604645,10.000000298023224,55.651845932006836,40.98647117614746
band_2_noise.wav,10.000000074505806,60.0,18.947124481201172,34.27698612213135
band_2_noise.wav,0.0,49.999998807907104,15.995667278766632,28.913615942001343
band_2_noise.wav,64.9999988079071,20.000000596046448,64.33958530426025,18.86273503303528
band_2_noise.wav,64.9999988079071,60.0,58.98392736911774,66.91459894180298
band_2_noise.wav,30.00000089406967,30.0,44.70868527889252,54.62593674659729
band_2_noise.wav,10.000000074505806,20.000000596046448,22.834686040878296,30.54741382598877
band_2_noise.wav,90.0,49.999998807907104,69.12127733230591,44.416000843048096
band_2_noise.wav,45.0,49.999998807907104,63.419694900512695,57.1082067489624
band_2_noise.wav,10.000000074505806,30.0,24.291350841522217,35.12166738510132
band_2_noise.wav,60.00000178813934,40.000001192092896,64.26512718200684,45.02394676208496
band_2_noise.wav,40.000000298023224,30.0,61.49651348590851,51.31816864013672
band_2_noise.wav,20.000000149011612,60.0,24.758006930351257,37.205822467803955
band_2_noise.wav,45.0,30.0,62.80675649642944,42.87986755371094
band_2_noise.wav,60.00000178813934,10.000000298023224,61.01006269454956,22.06324875354767
band_2_noise.wav,84.99999761581421,0.0,61.033955812454224,18.602190613746643
band_2_noise.wav,70.0000011920929,20.000000596046448,61.29181265830994,25.22688388824463
band_2_noise.wav,30.00000089406967,0.0,39.577860832214355,29.619534015655518
band_2_noise.wav,74.99999821186066,20.000000596046448,68.19667160511017,28.08708429336548
band_2_noise.wav,10.000000074505806,20.000000596046448,16.572588980197906,32.42502808570862
band_2_noise.wav,30.00000089406967,60.0,27.715201377868652,47.55099534988403
band_2_noise.wav,90.0,10.000000298023224,62.903112173080444,18.101338148117065
band_2_noise.wav,84.99999761581421,60.0,69.02751803398132,57.494741678237915
band_2_noise.wav,70.0000011920929,40.000001192092896,72.05755591392517,46.1779260635376
band_2_noise.wav,15.000000447034836,20.000000596046448,20.756593644618988,40.218822956085205
band_2_noise.wav,30.00000089406967,40.000001192092896,38.80188703536987,59.24103498458862
band_2_noise.wav,60.00000178813934,40.000001192092896,53.20384740829468,45.76086401939392
band_2_noise.wav,70.0000011920929,20.000000596046448,65.42636275291443,21.25161051750183
band_2_noise.wav,15.000000447034836,49.999998807907104,18.89025092124939,36.538002490997314
band_2_noise.wav,35.00000059604645,40.000001192092896,44.96980369091034,53.02338123321533
band_2_noise.wav,30.00000089406967,49.999998807907104,34.63163137435913,47.66736030578613
band_2_noise.wav,25.000001192092896,60.0,28.678414821624756,54.28726673126221
band_2_noise.wav,20.000000149011612,49.999998807907104,33.4071546792984,40.175278186798096
band_0_noise.wav,54.99999940395355,60.0,43.21778744459152,29.003121256828308
band_0_noise.wav,25.000001192092896,60.0,49.8164963722229,26.042738556861877
band_0_noise.wav,20.000000149011612,10.000000298023224,47.979891300201416,30.770620107650757
band_0_noise.wav,15.000000447034836,49.999998807907104,55.05876123905182,21.59442365169525
band_0_noise.wav,45.0,40.000001192092896,43.951586186885834,27.135629653930664
band_0_noise.wav,15.000000447034836,0.0,40.98550021648407,27.473142743110657
band_0_noise.wav,60.00000178813934,30.0,61.31287336349487,18.602898716926575
band_0_noise.wav,60.00000178813934,10.000000298023224,62.31093406677246,16.13984227180481
band_0_noise.wav,50.00000238418579,20.000000596046448,60.4912805557251,17.565364837646484
band_0_noise.wav,30.00000089406967,60.0,60.567970275878906,18.038910627365112
band_0_noise.wav,45.0,40.000001192092896,55.749510526657104,18.82695972919464
band_0_noise.wav,5.000000037252903,20.000000596046448,40.94770789146423,24.173991680145264
band_0_noise.wav,0.0,10.000000298023224,47.01542258262634,28.83188009262085
band_0_noise.wav,35.00000059604645,20.000000596046448,53.744012117385864,24.577306509017944
band_0_noise.wav,35.00000059604645,49.999998807907104,46.85285925865173,23.957836031913757
band_0_noise.wav,60.00000178813934,10.000000298023224,62.05927848815918,16.432485580444336
band_0_noise.wav,30.00000089406967,49.999998807907104,53.48476052284241,34.063403606414795
band_0_noise.wav,10.000000074505806,30.0,52.06966459751129,24.48627233505249
band_0_noise.wav,5.000000037252903,10.000000298023224,44.64180439710617,38.07598829269409
band_0_noise.wav,5.000000037252903,20.000000596046448,42.728552520275116,27.917967438697815
band_0_noise.wav,20.000000149011612,40.000001192092896,41.93188548088074,33.01003575325012
band_0_noise.wav,64.9999988079071,20.000000596046448,61.65177047252655,17.977840304374695
band_0_noise.wav,15.000000447034836,49.999998807907104,44.9224117398262,23.381574153900146
band_0_noise.wav,60.00000178813934,10.000000298023224,52.07502901554108,21.988876461982727
band_0_noise.wav,60.00000178813934,30.0,57.695603370666504,18.608152270317078
band_0_noise.wav,30.00000089406967,40.000001192092896,50.98388493061066,21.74348294734955
band_0_noise.wav,30.00000089406967,0.0,56.175493597984314,20.965545773506165
band_0_noise.wav,0.0,40.000001192092896,34.77622389793396,32.82814979553223
band_0_noise.wav,10.000000074505806,49.999998807907104,40.240784883499146,30.37840962409973
band_0_noise.wav,0.0,20.000000596046448,51.140724420547485,27.842554450035095
band_0_noise.wav,45.0,0.0,50.08146643638611,23.175260424613953
band_0_noise.wav,35.00000059604645,40.000001192092896,48.22600543498993,22.36602544784546
band_0_noise.wav,20.000000149011612,10.000000298023224,50.07786691188812,24.527660608291626
band_0_noise.wav,10.000000074505806,60.0,36.53661131858826,34.76515531539917
band_0_noise.wav,40.000000298023224,0.0,60.7042533159256,24.48717713356018
band_0_noise.wav,74.99999821186066,30.0,59.43550944328308,20.15515923500061
band_0_noise.wav,70.0000011920929,30.0,48.347461223602295,24.740967750549316
band_0_noise.wav,64.9999988079071,49.999998807907104,44.50340509414673,22.364278435707092
band_0_noise.wav,25.000001192092896,40.000001192092896,36.84271842241287,24.877338409423828
band_0_noise.wav,0.0,30.0,48.77281665802002,24.675959944725037
band_0_noise.wav,45.0,20.000000596046448,55.738250613212585,22.584797143936157
band_0_noise.wav,70.0000011920929,20.000000596046448,57.47472882270813,18.515108227729797
band_0_noise.wav,90.0,20.000000596046448,55.070847272872925,21.84547483921051
band_0_noise.wav,80.00000059604645,10.000000298023224,61.585723757743835,17.091291546821594
band_0_noise.wav,10.000000074505806,40.000001192092896,47.41258263587952,21.972257494926453
band_0_noise.wav,20.000000149011612,49.999998807907104,56.103052496910095,23.206679821014404
band_0_noise.wav,84.99999761581421,40.000001192092896,66.58794164657593,18.53661596775055
band_0_noise.wav,74.99999821186066,60.0,56.30672872066498,24.6542626619339
band_0_noise.wav,45.0,0.0,59.930822253227234,14.465965032577515
band_0_noise.wav,0.0,30.0,44.5647069811821,36.041579246520996
band_0_noise.wav,15.000000447034836,10.000000298023224,60.30694842338562,16.732226014137268
band_0_noise.wav,60.00000178813934,20.000000596046448,59.495065212249756,18.20671319961548
band_0_noise.wav,15.000000447034836,40.000001192092896,38.92374515533447,34.832425117492676
band_0_noise.wav,54.99999940395355,10.000000298023224,65.24285674095154,17.64666438102722
band_0_noise.wav,70.0000011920929,10.000000298023224,63.70176672935486,15.419669151306152
band_0_noise.wav,74.99999821186066,0.0,52.769222259521484,20.65648913383484
band_0_noise.wav,15.000000447034836,60.0,41.6622456908226,27.827362418174744
band_0_noise.wav,10.000000074505806,0.0,27.89551556110382,35.42359471321106
band_0_noise.wav,0.0,10.000000298023224,51.546961069107056,24.62875485420227
band_0_noise.wav,45.0,10.000000298023224,61.087605357170105,16.846193075180054
band_0_noise.wav,54.99999940395355,49.999998807907104,54.014877676963806,20.81909716129303
band_0_noise.wav,64.9999988079071,0.0,55.01685976982117,18.631603717803955
band_0_noise.wav,30.00000089406967,10.000000298023224,52.849098443984985,22.650400400161743
band_0_noise.wav,84.99999761581421,30.0,53.39231014251709,21.59147322177887
band_0_noise.wav,54.99999940395355,10.000000298023224,48.699007630348206,23.04452419281006
band_0_noise.wav,30.00000089406967,20.000000596046448,50.99287033081055,19.725971817970276
band_0_noise.wav,20.000000149011612,0.0,42.58814424276352,33.32533836364746
band_0_noise.wav,30.00000089406967,30.0,55.35984456539154,23.596272468566895
band_0_noise.wav,40.000000298023224,60.0,37.30316519737244,35.954389572143555
band_0_noise.wav,90.0,30.0,60.68400800228119,15.25275707244873
band_0_noise.wav,60.00000178813934,30.0,63.98109197616577,19.285878539085388
band_0_noise.wav,54.99999940395355,0.0,56.15341901779175,19.183824062347412
band_0_noise.wav,5.000000037252903,49.999998807907104,51.38049244880676,21.99373483657837
band_0_noise.wav,35.00000059604645,60.0,38.88292729854584,30.855703353881836
band_0_noise.wav,80.00000059604645,40.000001192092896,55.717522501945496,19.690396785736084
band_0_noise.wav,74.99999821186066,20.000000596046448,59.75614607334137,19.32997763156891
band_0_noise.wav,40.000000298023224,40.000001192092896,53.02018582820892,23.558709025382996
band_0_noise.wav,20.000000149011612,40.000001192092896,44.70015048980713,25.250093936920166
band_0_noise.wav,74.99999821186066,30.0,61.007439494132996,19.25989329814911
band_0_noise.wav,80.00000059604645,49.999998807907104,57.8519332408905,17.84544289112091
band_0_noise.wav,64.9999988079071,40.000001192092896,68.05357575416565,15.766950845718384
band_0_noise.wav,40.000000298023224,30.0,52.13735282421112,23.38368594646454
band_0_noise.wav,35.00000059604645,0.0,61.39177322387695,17.76464581489563
band_0_noise.wav,15.000000447034836,40.000001192092896,33.85536789894104,33.47095012664795
band_0_noise.wav,10.000000074505806,10.000000298023224,40.92640310525894,24.410718083381653
band_0_noise.wav,84.99999761581421,60.0,59.17268514633179,20.093584656715393
band_0_noise.wav,70.0000011920929,30.0,44.50716555118561,26.69881045818329
band_0_noise.wav,64.9999988079071,10.000000298023224,46.58798575401306,21.657509207725525
band_0_noise.wav,10.000000074505806,0.0,42.91592091321945,31.870805025100708
band_0_noise.wav,64.9999988079071,30.0,59.909595251083374,17.974398136138916
band_0_noise.wav,40.000000298023224,30.0,58.775487542152405,17.543753385543823
band_0_noise.wav,40.000000298023224,49.999998807907104,54.42221403121948,21.999991536140442
band_0_noise.wav,45.0,30.0,51.223642230033875,23.47089171409607
band_0_noise.wav,60.00000178813934,20.000000596046448,54.13293242454529,20.974448919296265
band_0_noise.wav,60.00000178813934,49.999998807907104,49.4592422246933,21.56723141670227
band_0_noise.wav,30.00000089406967,60.0,41.143822968006134,27.45613932609558
band_0_noise.wav,10.000000074505806,10.000000298023224,30.934914350509644,34.178996086120605
band_0_noise.wav,0.0,60.0,30.57384878396988,36.350473165512085
band_0_noise.wav,64.9999988079071,20.000000596046448,55.71695923805237,19.802827835083008
band_0_noise.wav,60.00000178813934,40.000001192092896,62.52471685409546,21.34069561958313
band_0_noise.wav,30.00000089406967,0.0,55.14538586139679,23.858202695846558
band_0_noise.wav,20.000000149011612,10.000000298023224,57.14232802391052,23.243587017059326
band_0_noise.wav,60.00000178813934,40.000001192092896,55.56414842605591,18.175649642944336
band_0_noise.wav,35.00000059604645,10.000000298023224,57.47028708457947,18.323063850402832
band_0_noise.wav,50.00000238418579,20.000000596046448,53.499512672424316,18.868095874786377
band_0_noise.wav,60.00000178813934,40.000001192092896,62.305097579956055,14.479109644889832
band_0_noise.wav,80.00000059604645,10.000000298023224,56.93436026573181,15.407170057296753
band_0_noise.wav,35.00000059604645,60.0,49.310749769210815,29.364030361175537
band_0_noise.wav,60.00000178813934,10.000000298023224,53.8174831867218,22.838358879089355
band_0_noise.wav,64.9999988079071,40.000001192092896,54.536020159721375,20.434738397598267
band_0_noise.wav,25.000001192092896,30.0,40.30176222324371,26.14311933517456
band_0_noise.wav,40.000000298023224,10.000000298023224,45.50831615924835,23.03771674633026
band_0_noise.wav,84.99999761581421,0.0,49.040130972862244,22.132027745246887
band_0_noise.wav,84.99999761581421,40.000001192092896,60.91298818588257,18.30951690673828
band_0_noise.wav,80.00000059604645,0.0,52.50385522842407,19.479711055755615
band_0_noise.wav,60.00000178813934,60.0,52.22877323627472,24.928545355796814
band_0_noise.wav,70.0000011920929,49.999998807907104,58.466143012046814,21.487773656845093
band_0_noise.wav,74.99999821186066,30.0,65.30737459659576,19.534719586372375
band_0_noise.wav,0.0,0.0,37.3028889298439,31.76509380340576
band_0_noise.wav,70.0000011920929,0.0,54.74146127700806,22.192654609680176
band_0_noise.wav,74.99999821186066,0.0,44.78486806154251,23.622483015060425
band_0_noise.wav,30.00000089406967,30.0,44.309218525886536,26.182461977005005
band_0_noise.wav,20.000000149011612,40.000001192092896,57.58092284202576,27.61669635772705
band_0_noise.wav,0.0,10.000000298023224,42.97961264848709,25.55543839931488
band_4_noise.wav,54.99999940395355,60.0,32.96169340610504,37.18849182128906
band_4_noise.wav,74.99999821186066,20.000000596046448,64.01902914047241,28.488435745239258
band_4_noise.wav,80.00000059604645,60.0,63.8404905796051,44.56143379211426
band_4_noise.wav,64.9999988079071,10.000000298023224,62.478636503219604,8.180513978004456
band_4_noise.wav,35.00000059604645,60.0,28.82347136735916,34.66583847999573
band_4_noise.wav,20.000000149011612,10.000000298023224,31.26681089401245,22.329395413398743
band_4_noise.wav,40.000000298023224,30.0,46.00329101085663,27.03607141971588
band_4_noise.wav,64.9999988079071,20.000000596046448,66.54119074344635,18.67051899433136
band_4_noise.wav,70.0000011920929,49.999998807907104,73.01731467247009,49.406898021698
band_4_noise.wav,84.99999761581421,40.000001192092896,85.58694005012512,41.64851188659668
band_4_noise.wav,84.99999761581421,60.0,54.46450710296631,45.56270956993103
band_4_noise.wav,80.00000059604645,30.0,79.62107419967651,34.83131647109985
band_4_noise.wav,50.00000238418579,40.000001192092896,44.63049620389938,20.958572030067444
band_4_noise.wav,25.000001192092896,20.000000596046448,39.75147485733032,37.14245080947876
band_4_noise.wav,30.00000089406967,0.0,36.768627762794495,15.303915739059448
band_4_noise.wav,20.000000149011612,60.0,14.647792875766754,30.000364780426025
band_4_noise.wav,5.000000037252903,40.000001192092896,14.045851528644562,36.048996448516846
band_4_noise.wav,5.000000037252903,40.000001192092896,10.807491838932037,37.24605202674866
band_4_noise.wav,10.000000074505806,20.000000596046448,9.132924377918243,34.30732011795044
band_4_noise.wav,84.99999761581421,20.000000596046448,71.12199068069458,22.11996853351593
band_4_noise.wav,54.99999940395355,40.000001192092896,67.17486262321472,38.65443706512451
band_4_noise.wav,45.0,40.000001192092896,44.01325285434723,23.05684804916382
band_4_noise.wav,5.000000037252903,10.000000298023224,15.79585611820221,34.03775453567505
band_4_noise.wav,25.000001192092896,30.0,35.543389320373535,43.51495027542114
band_4_noise.wav,5.000000037252903,20.000000596046448,11.292708814144135,34.177701473236084
band_4_noise.wav,64.9999988079071,49.999998807907104,54.738011956214905,35.1893413066864
band_4_noise.wav,90.0,0.0,83.42129230499268,0.35631895065307617
band_4_noise.wav,74.99999821186066,0.0,72.01324582099915,7.574558258056641
band_4_noise.wav,74.99999821186066,20.000000596046448,64.72475051879883,26.38270139694214
band_4_noise.wav,64.9999988079071,60.0,47.09286332130432,44.75702404975891
band_4_noise.wav,84.99999761581421,49.999998807907104,73.57134103775024,43.38706970214844
band_4_noise.wav,10.000000074505806,0.0,11.143462657928467,29.513572454452515
band_4_noise.wav,30.00000089406967,40.000001192092896,33.05733025074005,35.360448360443115
band_4_noise.wav,50.00000238418579,0.0,58.50963771343231,21.062952876091003
band_4_noise.wav,84.99999761581421,10.000000298023224,70.20190179347992,12.526951432228088
band_4_noise.wav,60.00000178813934,10.000000298023224,58.96042585372925,16.52481436729431
band_4_noise.wav,5.000000037252903,0.0,14.067199230194092,31.322332620620728
band_4_noise.wav,35.00000059604645,20.000000596046448,43.74528408050537,22.48060941696167
band_4_noise.wav,80.00000059604645,0.0,77.40862727165222,1.7404139041900635
band_4_noise.wav,15.000000447034836,20.000000596046448,19.63207483291626,30.712108612060547
band_4_noise.wav,25.000001192092896,0.0,35.39639890193939,19.17749047279358
band_4_noise.wav,30.00000089406967,10.000000298023224,35.84722727537155,17.961596846580505
band_4_noise.wav,30.00000089406967,49.999998807907104,42.26177841424942,35.66284418106079
band_4_noise.wav,84.99999761581421,40.000001192092896,86.78527593612671,45.94902992248535
band_4_noise.wav,74.99999821186066,10.000000298023224,61.452117562294006,16.256353855133057
band_4_noise.wav,84.99999761581421,20.000000596046448,80.66107392311096,21.721495985984802
band_4_noise.wav,5.000000037252903,10.000000298023224,12.798801362514496,31.66653871536255
band_4_noise.wav,15.000000447034836,49.999998807907104,18.819283694028854,36.797693967819214
band_4_noise.wav,0.0,20.000000596046448,12.535848319530487,25.692901611328125
band_4_noise.wav,20.000000149011612,10.000000298023224,33.091179728507996,40.16631245613098
band_4_noise.wav,40.000000298023224,10.000000298023224,40.8031690120697,18.913482427597046
band_4_noise.wav,10.000000074505806,60.0,9.34773713350296,37.22267746925354
band_4_noise.wav,45.0,20.000000596046448,45.056058168411255,22.77057409286499
band_4_noise.wav,64.9999988079071,49.999998807907104,65.20468354225159,48.903647661209106
band_4_noise.wav,45.0,20.000000596046448,45.58378279209137,14.838964641094208
band_4_noise.wav,60.00000178813934,20.000000596046448,57.99640774726868,20.36080777645111
band_4_noise.wav,15.000000447034836,30.0,18.29708307981491,31.159368753433228
band_4_noise.wav,50.00000238418579,0.0,52.5630247592926,15.071173310279846
band_4_noise.wav,80.00000059604645,0.0,79.82635974884033,0.14223933219909668
band_4_noise.wav,10.000000074505806,10.000000298023224,13.551482856273651,26.60859704017639
band_4_noise.wav,10.000000074505806,40.000001192092896,13.399106562137604,31.13485336303711
band_4_noise.wav,74.99999821186066,49.999998807907104,73.38068962097168,47.26977825164795
band_4_noise.wav,10.000000074505806,49.999998807907104,4.415530264377594,44.88828420639038
band_4_noise.wav,30.00000089406967,49.999998807907104,37.25130468606949,33.986713886260986
band_4_noise.wav,74.99999821186066,30.0,79.78679180145264,37.65275001525879
band_4_noise.wav,50.00000238418579,60.0,37.662506103515625,36.54138207435608
band_4_noise.wav,35.00000059604645,30.0,45.40451467037201,31.186012029647827
band_4_noise.wav,25.000001192092896,10.000000298023224,36.91678762435913,27.19995617866516
band_4_noise.wav,35.00000059604645,0.0,39.510692954063416,19.61211919784546
band_4_noise.wav,40.000000298023224,30.0,41.70189946889877,26.914901733398438
band_4_noise.wav,10.000000074505806,49.999998807907104,7.167240679264069,42.518759965896606
band_4_noise.wav,74.99999821186066,20.000000596046448,68.73071551322937,27.142950296401978
band_4_noise.wav,0.0,0.0,11.532498300075531,27.213785648345947
band_4_noise.wav,0.0,40.000001192092896,10.54024189710617,27.382657527923584
band_4_noise.wav,50.00000238418579,49.999998807907104,47.98346936702728,37.91517734527588
band_4_noise.wav,45.0,60.0,39.00809794664383,42.873473167419434
band_4_noise.wav,30.00000089406967,0.0,50.129708647727966,10.951344966888428
band_4_noise.wav,45.0,40.000001192092896,60.71492314338684,32.5297486782074
band_4_noise.wav,80.00000059604645,20.000000596046448,72.90020942687988,23.713164925575256
band_4_noise.wav,25.000001192092896,60.0,27.725310623645782,35.88269591331482
band_4_noise.wav,50.00000238418579,10.000000298023224,53.48743736743927,21.441544890403748
band_4_noise.wav,54.99999940395355,40.000001192092896,57.026901841163635,39.002845287323
band_4_noise.wav,50.00000238418579,20.000000596046448,56.46849811077118,30.20050048828125
band_4_noise.wav,25.000001192092896,0.0,34.78826701641083,23.89873445034027
band_4_noise.wav,25.000001192092896,49.999998807907104,29.150912761688232,44.17228102684021
band_4_noise.wav,45.0,60.0,29.088237583637238,42.73898720741272
band_4_noise.wav,60.00000178813934,0.0,55.50938844680786,10.656784772872925
band_4_noise.wav,60.00000178813934,30.0,54.740517139434814,28.185904026031494
band_4_noise.wav,35.00000059604645,20.000000596046448,42.706475257873535,28.90305519104004
band_4_noise.wav,40.000000298023224,20.000000596046448,42.3565274477005,18.929091095924377
band_4_noise.wav,25.000001192092896,49.999998807907104,33.67708683013916,42.242757081985474
band_4_noise.wav,54.99999940395355,30.0,61.876598596572876,43.00233721733093
band_4_noise.wav,90.0,60.0,56.823933720588684,51.09269142150879
band_4_noise.wav,84.99999761581421,10.000000298023224,75.87369561195374,10.281620621681213
band_4_noise.wav,10.000000074505806,20.000000596046448,13.059286773204803,37.62550234794617
band_4_noise.wav,45.0,20.000000596046448,44.185885190963745,14.38949167728424
band_4_noise.wav,15.000000447034836,40.000001192092896,13.212108314037323,35.15526294708252
band_4_noise.wav,5.000000037252903,10.000000298023224,5.8854129910469055,29.488107562065125
band_4_noise.wav,0.0,60.0,14.37798410654068,26.91672921180725
band_4_noise.wav,0.0,10.000000298023224,14.147686958312988,27.026896476745605
band_4_noise.wav,30.00000089406967,30.0,34.08924579620361,32.43525266647339
band_4_noise.wav,64.9999988079071,60.0,48.54117572307587,47.357797622680664
band_4_noise.wav,20.000000149011612,49.999998807907104,29.249215722084045,44.46003198623657
band_4_noise.wav,35.00000059604645,30.0,42.7709823846817,32.71299719810486
band_4_noise.wav,40.000000298023224,20.000000596046448,46.171202659606934,17.763361930847168
band_4_noise.wav,40.000000298023224,49.999998807907104,37.78977155685425,38.512147665023804
band_4_noise.wav,35.00000059604645,40.000001192092896,33.8061386346817,37.78245806694031
band_4_noise.wav,25.000001192092896,30.0,31.792888641357422,39.584641456604004
band_4_noise.wav,25.000001192092896,49.999998807907104,32.07602262496948,46.51740074157715
band_4_noise.wav,70.0000011920929,49.999998807907104,73.05842757225037,50.58076858520508
band_4_noise.wav,90.0,20.000000596046448,76.81132078170776,22.419569492340088
band_4_noise.wav,25.000001192092896,30.0,37.14241772890091,34.41795587539673
band_4_noise.wav,20.000000149011612,0.0,29.326559901237488,26.504575610160828
band_4_noise.wav,50.00000238418579,40.000001192092896,46.86175346374512,30.552574396133423
band_4_noise.wav,5.000000037252903,10.000000298023224,10.541422069072723,32.488439083099365
band_4_noise.wav,54.99999940395355,20.000000596046448,57.03150987625122,8.933762311935425
band_4_noise.wav,40.000000298023224,40.000001192092896,43.111698031425476,38.08008670806885
band_4_noise.wav,35.00000059604645,20.000000596046448,45.95306932926178,35.28831481933594
band_4_noise.wav,10.000000074505806,20.000000596046448,13.622513115406036,27.959302067756653
band_4_noise.wav,35.00000059604645,40.000001192092896,36.055026054382324,29.330538511276245
band_4_noise.wav,45.0,0.0,46.139429211616516,11.926137506961823
band_4_noise.wav,64.9999988079071,10.000000298023224,65.7446551322937,12.03789085149765
band_4_noise.wav,74.99999821186066,30.0,81.6679322719574,33.39566230773926
band_4_noise.wav,70.0000011920929,10.000000298023224,65.96451044082642,13.992329835891724
band_4_noise.wav,30.00000089406967,30.0,44.4414085149765,29.04857575893402
band_4_noise.wav,84.99999761581421,20.000000596046448,71.16716980934143,20.220859050750732
band_4_noise.wav,80.00000059604645,20.000000596046448,64.47653889656067,29.79339301586151
band_4_noise.wav,60.00000178813934,40.000001192092896,55.856852531433105,38.666006326675415
band_4_noise.wav,15.000000447034836,20.000000596046448,21.443483233451843,21.173958778381348
band_4_noise.wav,60.00000178813934,40.000001192092896,54.7694206237793,35.211113691329956
band_4_noise.wav,25.000001192092896,30.0,34.36867028474808,31.12061619758606
band_4_noise.wav,10.000000074505806,30.0,14.710776507854462,31.16677165031433
band_4_noise.wav,10.000000074505806,20.000000596046448,9.682289063930511,34.788901805877686
band_4_noise.wav,15.000000447034836,0.0,27.029290795326233,21.324942111968994
band_4_noise.wav,50.00000238418579,40.000001192092896,48.36925148963928,22.13954508304596
band_4_noise.wav,84.99999761581421,60.0,58.811691999435425,51.19720101356506
band_4_noise.wav,5.000000037252903,40.000001192092896,6.7184025049209595,35.62256455421448
khz_band_2.5_4.5_noise.wav,5.000000037252903,10.000000298023224,16.231103539466858,25.796563625335693
khz_band_2.5_4.5_noise.wav,80.00000059604645,20.000000596046448,61.017476320266724,20.606907606124878
khz_band_2.5_4.5_noise.wav,70.0000011920929,30.0,42.022466361522675,22.252619862556458
khz_band_2.5_4.5_noise.wav,20.000000149011612,60.0,31.902971863746643,31.08219623565674
khz_band_2.5_4.5_noise.wav,5.000000037252903,0.0,16.826607584953308,23.159313797950745
khz_band_2.5_4.5_noise.wav,0.0,40.000001192092896,16.35748118162155,26.931188106536865
khz_band_2.5_4.5_noise.wav,45.0,20.000000596046448,54.941264390945435,34.48302626609802
khz_band_2.5_4.5_noise.wav,64.9999988079071,10.000000298023224,52.16209352016449,22.86761462688446
khz_band_2.5_4.5_noise.wav,40.000000298023224,30.0,53.1767463684082,27.220906019210815
khz_band_2.5_4.5_noise.wav,54.99999940395355,40.000001192092896,48.39249551296234,30.40243148803711
khz_band_2.5_4.5_noise.wav,64.9999988079071,60.0,44.09482687711716,40.4874050617218
khz_band_2.5_4.5_noise.wav,80.00000059604645,0.0,54.19528305530548,13.70137631893158
khz_band_2.5_4.5_noise.wav,74.99999821186066,0.0,54.74766254425049,13.10387670993805
khz_band_2.5_4.5_noise.wav,60.00000178813934,20.000000596046448,51.80276870727539,17.28581964969635
khz_band_2.5_4.5_noise.wav,25.000001192092896,10.000000298023224,33.50179374217987,24.249942898750305
khz_band_2.5_4.5_noise.wav,50.00000238418579,20.000000596046448,50.49934387207031,25.0735205411911
khz_band_2.5_4.5_noise.wav,20.000000149011612,40.000001192092896,29.834074079990387,35.53492069244385
khz_band_2.5_4.5_noise.wav,70.0000011920929,60.0,41.43262982368469,35.99775195121765
khz_band_2.5_4.5_noise.wav,84.99999761581421,40.000001192092896,48.20533096790314,20.75005531311035
khz_band_2.5_4.5_noise.wav,60.00000178813934,40.000001192092896,46.06372654438019,28.50147306919098
khz_band_2.5_4.5_noise.wav,40.000000298023224,30.0,53.50016176700592,25.85132360458374
khz_band_2.5_4.5_noise.wav,25.000001192092896,40.000001192092896,32.43393927812576,35.45485496520996
khz_band_2.5_4.5_noise.wav,25.000001192092896,60.0,32.41682946681976,34.07077074050903
khz_band_2.5_4.5_noise.wav,0.0,49.999998807907104,13.642895221710205,28.506159782409668
khz_band_2.5_4.5_noise.wav,10.000000074505806,49.999998807907104,23.80013108253479,38.86410713195801
khz_band_2.5_4.5_noise.wav,84.99999761581421,10.000000298023224,71.34887337684631,15.93900740146637
khz_band_2.5_4.5_noise.wav,0.0,10.000000298023224,22.337003499269485,26.10144853591919
khz_band_2.5_4.5_noise.wav,25.000001192092896,10.000000298023224,34.122041165828705,22.479089498519897
khz_band_2.5_4.5_noise.wav,50.00000238418579,20.000000596046448,49.78679358959198,25.65918803215027
khz_band_2.5_4.5_noise.wav,25.000001192092896,30.0,34.74178969860077,27.131699323654175
khz_band_2.5_4.5_noise.wav,35.00000059604645,10.000000298023224,42.61968433856964,22.66802966594696
khz_band_2.5_4.5_noise.wav,54.99999940395355,10.000000298023224,49.395132064819336,18.602389097213745
khz_band_2.5_4.5_noise.wav,84.99999761581421,20.000000596046448,59.72875535488129,24.709972143173218
khz_band_2.5_4.5_noise.wav,60.00000178813934,30.0,44.01730567216873,25.01206934452057
khz_band_2.5_4.5_noise.wav,60.00000178813934,49.999998807907104,45.773382782936096,33.35681676864624
khz_band_2.5_4.5_noise.wav,10.000000074505806,49.999998807907104,27.95841872692108,37.570366859436035
khz_band_2.5_4.5_noise.wav,15.000000447034836,30.0,29.548214972019196,30.98966360092163
khz_band_2.5_4.5_noise.wav,35.00000059604645,60.0,33.442243337631226,40.46644449234009
khz_band_2.5_4.5_noise.wav,10.000000074505806,30.0,31.852168142795563,33.0065131187439
khz_band_2.5_4.5_noise.wav,25.000001192092896,40.000001192092896,32.89490103721619,36.29908204078674
khz_band_2.5_4.5_noise.wav,50.00000238418579,20.000000596046448,52.426376938819885,26.045860648155212
khz_band_2.5_4.5_noise.wav,64.9999988079071,20.000000596046448,48.92184019088745,21.68509840965271
khz_band_2.5_4.5_noise.wav,60.00000178813934,0.0,51.58260762691498,13.309246301651001
khz_band_2.5_4.5_noise.wav,45.0,20.000000596046448,55.20272076129913,34.20857548713684
khz_band_2.5_4.5_noise.wav,54.99999940395355,10.000000298023224,49.104546904563904,20.93039631843567
khz_band_2.5_4.5_noise.wav,0.0,20.000000596046448,20.401933193206787,27.300333380699158
khz_band_2.5_4.5_noise.wav,45.0,49.999998807907104,42.51756191253662,38.21359992027283
khz_band_2.5_4.5_noise.wav,70.0000011920929,0.0,50.6369948387146,16.10509157180786
khz_band_2.5_4.5_noise.wav,80.00000059604645,30.0,52.416881918907166,22.404356002807617
khz_band_2.5_4.5_noise.wav,40.000000298023224,0.0,53.39936971664429,27.602900862693787
khz_band_2.5_4.5_noise.wav,10.000000074505806,30.0,30.688019692897797,29.28643763065338
khz_band_2.5_4.5_noise.wav,70.0000011920929,49.999998807907104,55.335243344306946,32.285202741622925
khz_band_2.5_4.5_noise.wav,60.00000178813934,10.000000298023224,49.99710023403168,18.75604748725891
khz_band_2.5_4.5_noise.wav,0.0,20.000000596046448,18.110564947128296,28.041781783103943
khz_band_2.5_4.5_noise.wav,50.00000238418579,20.000000596046448,53.32372069358826,24.959505200386047
khz_band_2.5_4.5_noise.wav,25.000001192092896,49.999998807907104,41.73947721719742,42.825679779052734
khz_band_2.5_4.5_noise.wav,10.000000074505806,40.000001192092896,29.013283252716064,34.79908347129822
khz_band_2.5_4.5_noise.wav,54.99999940395355,10.000000298023224,53.340479135513306,16.24541401863098
khz_band_2.5_4.5_noise.wav,90.0,60.0,42.415578961372375,28.40469002723694
khz_band_2.5_4.5_noise.wav,40.000000298023224,0.0,44.708382189273834,23.863524198532104
khz_band_2.5_4.5_noise.wav,25.000001192092896,0.0,34.17438447475433,21.06667399406433
khz_band_2.5_4.5_noise.wav,50.00000238418579,60.0,42.511111199855804,31.40803813934326
khz_band_2.5_4.5_noise.wav,40.000000298023224,60.0,38.139260709285736,34.60876822471619
khz_band_2.5_4.5_noise.wav,0.0,10.000000298023224,17.17524915933609,26.988083124160767
khz_band_2.5_4.5_noise.wav,74.99999821186066,60.0,50.161412358284,37.80827522277832
khz_band_2.5_4.5_noise.wav,5.000000037252903,10.000000298023224,19.60057497024536,26.773300766944885
khz_band_2.5_4.5_noise.wav,10.000000074505806,30.0,29.568071365356445,30.732969045639038
khz_band_2.5_4.5_noise.wav,70.0000011920929,60.0,47.05552160739899,34.31520223617554
khz_band_2.5_4.5_noise.wav,60.00000178813934,20.000000596046448,51.622653007507324,19.497106075286865
khz_band_2.5_4.5_noise.wav,5.000000037252903,20.000000596046448,14.17935311794281,25.268787145614624
khz_band_2.5_4.5_noise.wav,74.99999821186066,49.999998807907104,53.19553792476654,31.269400119781494
khz_band_2.5_4.5_noise.wav,84.99999761581421,49.999998807907104,56.7150092124939,34.806010723114014
khz_band_2.5_4.5_noise.wav,70.0000011920929,40.000001192092896,43.500012159347534,28.228923082351685
khz_band_2.5_4.5_noise.wav,45.0,20.000000596046448,51.38302445411682,32.81989574432373
khz_band_2.5_4.5_noise.wav,84.99999761581421,10.000000298023224,75.42519807815552,12.683027386665344
khz_band_2.5_4.5_noise.wav,64.9999988079071,0.0,51.276841163635254,15.725317597389221
khz_band_2.5_4.5_noise.wav,25.000001192092896,10.000000298023224,35.004581809043884,27.72123098373413
khz_band_2.5_4.5_noise.wav,5.000000037252903,10.000000298023224,19.48554039001465,27.857998609542847
khz_band_2.5_4.5_noise.wav,10.000000074505806,30.0,27.59192168712616,26.977028846740723
khz_band_2.5_4.5_noise.wav,80.00000059604645,10.000000298023224,72.61501550674438,15.850389003753662
khz_band_2.5_4.5_noise.wav,84.99999761581421,0.0,60.10897994041443,11.479745507240295
khz_band_2.5_4.5_noise.wav,15.000000447034836,30.0,33.583831787109375,32.12656617164612
khz_band_2.5_4.5_noise.wav,70.0000011920929,10.000000298023224,59.69072163105011,11.963451504707336
khz_band_2.5_4.5_noise.wav,60.00000178813934,20.000000596046448,46.70229613780975,18.42767357826233
khz_band_2.5_4.5_noise.wav,30.00000089406967,30.0,33.918700218200684,24.27206039428711
khz_band_2.5_4.5_noise.wav,54.99999940395355,49.999998807907104,43.13126474618912,31.22638463973999
khz_band_2.5_4.5_noise.wav,54.99999940395355,49.999998807907104,43.10206353664398,30.622801780700684
khz_band_2.5_4.5_noise.wav,10.000000074505806,30.0,31.135334372520447,31.80818796157837
khz_band_2.5_4.5_noise.wav,50.00000238418579,30.0,55.17810881137848,26.650455594062805
khz_band_2.5_4.5_noise.wav,5.000000037252903,20.000000596046448,15.617384612560272,23.295350074768066
khz_band_2.5_4.5_noise.wav,5.000000037252903,30.0,15.329980552196503,24.628329277038574
khz_band_2.5_4.5_noise.wav,54.99999940395355,10.000000298023224,48.37006688117981,23.453806042671204
khz_band_2.5_4.5_noise.wav,0.0,20.000000596046448,13.472937047481537,27.885711193084717
khz_band_2.5_4.5_noise.wav,54.99999940395355,49.999998807907104,43.08150440454483,32.343506813049316
khz_band_2.5_4.5_noise.wav,0.0,20.000000596046448,16.428742110729218,28.078996539115906
khz_band_2.5_4.5_noise.wav,84.99999761581421,49.999998807907104,51.199191212654114,34.28348779678345
khz_band_2.5_4.5_noise.wav,90.0,49.999998807907104,51.88940405845642,31.534255743026733
khz_band_2.5_4.5_noise.wav,70.0000011920929,0.0,54.43252444267273,12.705722451210022
khz_band_2.5_4.5_noise.wav,35.00000059604645,0.0,47.997368574142456,20.870364904403687
khz_band_2.5_4.5_noise.wav,30.00000089406967,10.000000298023224,44.61673378944397,30.72087049484253
khz_band_2.5_4.5_noise.wav,30.00000089406967,20.000000596046448,39.37204957008362,27.38395929336548
khz_band_2.5_4.5_noise.wav,10.000000074505806,30.0,30.71642428636551,31.42547607421875
khz_band_2.5_4.5_noise.wav,15.000000447034836,30.0,28.422489166259766,29.791077375411987
khz_band_2.5_4.5_noise.wav,64.9999988079071,30.0,52.11819112300873,21.495906114578247
khz_band_2.5_4.5_noise.wav,5.000000037252903,10.000000298023224,15.820604860782623,24.277666211128235
khz_band_2.5_4.5_noise.wav,0.0,10.000000298023224,16.437056958675385,28.318791389465332
khz_band_2.5_4.5_noise.wav,74.99999821186066,49.999998807907104,50.85250496864319,31.61576271057129
khz_band_2.5_4.5_noise.wav,20.000000149011612,0.0,32.14221954345703,29.369148015975952
khz_band_2.5_4.5_noise.wav,20.000000149011612,30.0,34.64794456958771,37.58407473564148
khz_band_2.5_4.5_noise.wav,0.0,10.000000298023224,17.815500497817993,26.378116607666016
khz_band_2.5_4.5_noise.wav,45.0,0.0,52.45447039604187,18.20462465286255
khz_band_2.5_4.5_noise.wav,64.9999988079071,40.000001192092896,46.517749428749084,26.37641429901123
khz_band_2.5_4.5_noise.wav,20.000000149011612,20.000000596046448,34.68279987573624,19.709118604660034
khz_band_2.5_4.5_noise.wav,15.000000447034836,49.999998807907104,32.46803015470505,29.87905204296112
khz_band_2.5_4.5_noise.wav,0.0,40.000001192092896,16.914256811141968,25.845853686332703
khz_band_2.5_4.5_noise.wav,25.000001192092896,0.0,37.33011335134506,24.044578671455383
khz_band_2.5_4.5_noise.wav,40.000000298023224,30.0,48.80806088447571,20.038281083106995
khz_band_2.5_4.5_noise.wav,74.99999821186066,10.000000298023224,64.26015973091125,10.286089181900024
khz_band_2.5_4.5_noise.wav,20.000000149011612,0.0,32.90962636470795,29.326559901237488
khz_band_2.5_4.5_noise.wav,15.000000447034836,20.000000596046448,38.813082575798035,28.126391172409058
khz_band_2.5_4.5_noise.wav,25.000001192092896,20.000000596046448,38.966655135154724,28.25945019721985
khz_band_2.5_4.5_noise.wav,30.00000089406967,60.0,36.99540853500366,31.753878593444824
khz_band_2.5_4.5_noise.wav,80.00000059604645,49.999998807907104,55.27127265930176,32.99357771873474
khz_band_2.5_4.5_noise.wav,50.00000238418579,20.000000596046448,45.85836052894592,24.979076385498047
khz_band_2.5_4.5_noise.wav,54.99999940395355,40.000001192092896,52.54616975784302,27.654410004615784
khz_band_2.5_4.5_noise.wav,64.9999988079071,20.000000596046448,50.08212625980377,23.34433615207672
khz_band_2.5_4.5_noise.wav,35.00000059604645,60.0,40.875443816185,40.623414516448975
khz_band_2.5_4.5_noise.wav,15.000000447034836,20.000000596046448,31.221009492874146,28.191111087799072
khz_band_2.5_4.5_noise.wav,0.0,0.0,17.987631261348724,27.26922333240509
khz_band_2.5_4.5_noise.wav,25.000001192092896,40.000001192092896,34.590341448783875,37.36906170845032
khz_band_2.5_4.5_noise.wav,64.9999988079071,0.0,40.21958738565445,24.015793204307556
khz_band_2.5_4.5_noise.wav,64.9999988079071,10.000000298023224,52.495036125183105,16.818712949752808
khz_band_2.5_4.5_noise.wav,60.00000178813934,20.000000596046448,48.587438464164734,21.024309396743774
khz_band_2.5_4.5_noise.wav,84.99999761581421,0.0,58.96634817123413,10.685927867889404
khz_band_2.5_4.5_noise.wav,74.99999821186066,30.0,51.748234033584595,30.277812480926514
khz_band_2.5_4.5_noise.wav,35.00000059604645,60.0,47.49166488647461,41.98206424713135
khz_band_2.5_4.5_noise.wav,50.00000238418579,60.0,39.29251670837402,46.46912097930908
khz_band_2.5_4.5_noise.wav,35.00000059604645,0.0,40.452692806720734,22.421903014183044
khz_band_2.5_4.5_noise.wav,30.00000089406967,40.000001192092896,35.263337194919586,44.631839990615845
khz_band_2.5_4.5_noise.wav,5.000000037252903,49.999998807907104,11.49305909872055,34.246251583099365
khz_band_lt_0.8_noise.wav,74.99999821186066,60.0,40.58683544397354,33.65930914878845
khz_band_lt_0.8_noise.wav,20.000000149011612,20.000000596046448,31.984272301197052,27.772918939590454
khz_band_lt_0.8_noise.wav,70.0000011920929,10.000000298023224,63.19107413291931,18.53877067565918
khz_band_lt_0.8_noise.wav,54.99999940395355,60.0,33.79647195339203,32.84373879432678
khz_band_lt_0.8_noise.wav,40.000000298023224,0.0,43.00341188907623,26.0059654712677
khz_band_lt_0.8_noise.wav,90.0,0.0,54.401700496673584,22.537697553634644
khz_band_lt_0.8_noise.wav,90.0,10.000000298023224,65.36394238471985,14.56188976764679
khz_band_lt_0.8_noise.wav,25.000001192092896,60.0,29.098521173000336,30.78491449356079
khz_band_lt_0.8_noise.wav,64.9999988079071,40.000001192092896,59.082573652267456,18.036033511161804
khz_band_lt_0.8_noise.wav,84.99999761581421,49.999998807907104,55.105265378952026,26.255747079849243
khz_band_lt_0.8_noise.wav,54.99999940395355,0.0,45.8627325296402,22.467477321624756
khz_band_lt_0.8_noise.wav,40.000000298023224,0.0,32.97105431556702,29.866703152656555
khz_band_lt_0.8_noise.wav,5.000000037252903,30.0,33.20319950580597,26.81810438632965
khz_band_lt_0.8_noise.wav,54.99999940395355,0.0,55.51894783973694,15.810098648071289
khz_band_lt_0.8_noise.wav,50.00000238418579,10.000000298023224,53.54029297828674,16.969817876815796
khz_band_lt_0.8_noise.wav,45.0,30.0,37.228326201438904,28.842217326164246
khz_band_lt_0.8_noise.wav,70.0000011920929,40.000001192092896,49.779900312423706,14.42851334810257
khz_band_lt_0.8_noise.wav,10.000000074505806,10.000000298023224,25.911313891410828,25.908615589141846
khz_band_lt_0.8_noise.wav,74.99999821186066,20.000000596046448,47.98844754695892,26.61053717136383
khz_band_lt_0.8_noise.wav,80.00000059604645,0.0,56.24601423740387,19.913406372070312
khz_band_lt_0.8_noise.wav,74.99999821186066,49.999998807907104,54.691599011421204,15.085058212280273
khz_band_lt_0.8_noise.wav,10.000000074505806,10.000000298023224,22.391630709171295,25.973029732704163
khz_band_lt_0.8_noise.wav,15.000000447034836,40.000001192092896,37.70909607410431,28.10033082962036
khz_band_lt_0.8_noise.wav,80.00000059604645,60.0,40.593009889125824,25.24217963218689
khz_band_lt_0.8_noise.wav,54.99999940395355,0.0,57.52347528934479,17.051392793655396
khz_band_lt_0.8_noise.wav,54.99999940395355,0.0,43.5796657204628,25.283063650131226
khz_band_lt_0.8_noise.wav,45.0,20.000000596046448,51.1921101808548,24.131521582603455
khz_band_lt_0.8_noise.wav,5.000000037252903,60.0,18.46480831503868,39.54357862472534
khz_band_lt_0.8_noise.wav,45.0,60.0,34.587573409080505,29.42759335041046
khz_band_lt_0.8_noise.wav,5.000000037252903,10.000000298023224,25.65829575061798,24.134784936904907
khz_band_lt_0.8_noise.wav,74.99999821186066,49.999998807907104,50.16688942909241,22.691195011138916
khz_band_lt_0.8_noise.wav,15.000000447034836,60.0,29.533701539039612,30.91981530189514
khz_band_lt_0.8_noise.wav,70.0000011920929,0.0,44.972673654556274,23.19150745868683
khz_band_lt_0.8_noise.wav,60.00000178813934,60.0,40.420337319374084,24.496198296546936
khz_band_lt_0.8_noise.wav,64.9999988079071,0.0,61.58112645149231,17.692161798477173
khz_band_lt_0.8_noise.wav,74.99999821186066,40.000001192092896,56.01797819137573,19.5500510931015
khz_band_lt_0.8_noise.wav,90.0,10.000000298023224,45.63946008682251,22.958874106407166
khz_band_lt_0.8_noise.wav,70.0000011920929,30.0,53.82051944732666,19.11665976047516
khz_band_lt_0.8_noise.wav,15.000000447034836,40.000001192092896,29.957503974437714,34.77081298828125
khz_band_lt_0.8_noise.wav,54.99999940395355,60.0,37.479724287986755,33.695536851882935
khz_band_lt_0.8_noise.wav,80.00000059604645,0.0,58.26696217060089,21.948838233947754
khz_band_lt_0.8_noise.wav,45.0,10.000000298023224,50.463096499443054,23.30025851726532
khz_band_lt_0.8_noise.wav,70.0000011920929,20.000000596046448,52.289321422576904,21.516299843788147
khz_band_lt_0.8_noise.wav,84.99999761581421,0.0,65.46801209449768,14.76211667060852
khz_band_lt_0.8_noise.wav,74.99999821186066,40.000001192092896,53.04282367229462,21.060361862182617
khz_band_lt_0.8_noise.wav,50.00000238418579,0.0,53.087557554244995,21.346036791801453
khz_band_lt_0.8_noise.wav,25.000001192092896,60.0,28.648223876953125,30.420931577682495
khz_band_lt_0.8_noise.wav,60.00000178813934,49.999998807907104,51.882537603378296,19.340676069259644
khz_band_lt_0.8_noise.wav,50.00000238418579,40.000001192092896,41.7002472281456,27.588770985603333
khz_band_lt_0.8_noise.wav,64.9999988079071,10.000000298023224,49.11464273929596,21.029033660888672
khz_band_lt_0.8_noise.wav,74.99999821186066,10.000000298023224,57.42678165435791,21.435593962669373
khz_band_lt_0.8_noise.wav,64.9999988079071,10.000000298023224,59.73270893096924,20.26046633720398
khz_band_lt_0.8_noise.wav,40.000000298023224,0.0,44.277394115924835,31.676137447357178
khz_band_lt_0.8_noise.wav,10.000000074505806,60.0,34.422805309295654,30.941154956817627
khz_band_lt_0.8_noise.wav,40.000000298023224,49.999998807907104,42.086015939712524,23.745664358139038
khz_band_lt_0.8_noise.wav,80.00000059604645,10.000000298023224,65.59961199760437,14.853774011135101
khz_band_lt_0.8_noise.wav,40.000000298023224,30.0,48.78996133804321,29.239227175712585
khz_band_lt_0.8_noise.wav,20.000000149011612,20.000000596046448,35.836637914180756,28.739449381828308
khz_band_lt_0.8_noise.wav,10.000000074505806,49.999998807907104,24.627254605293274,26.98497176170349
khz_band_lt_0.8_noise.wav,10.000000074505806,0.0,26.10653579235077,28.91858696937561
khz_band_lt_0.8_noise.wav,20.000000149011612,60.0,24.725801646709442,32.55484700202942
khz_band_lt_0.8_noise.wav,45.0,40.000001192092896,37.974377274513245,27.01131820678711
khz_band_lt_0.8_noise.wav,5.000000037252903,60.0,27.682365775108337,29.864262342453003
khz_band_lt_0.8_noise.wav,20.000000149011612,30.0,26.71148121356964,27.955445051193237
khz_band_lt_0.8_noise.wav,5.000000037252903,30.0,25.596733689308167,26.248639225959778
khz_band_lt_0.8_noise.wav,40.000000298023224,10.000000298023224,48.16360116004944,29.498591423034668
khz_band_lt_0.8_noise.wav,35.00000059604645,10.000000298023224,40.56369334459305,22.321701049804688
khz_band_lt_0.8_noise.wav,84.99999761581421,0.0,56.11448407173157,18.266521096229553
khz_band_lt_0.8_noise.wav,0.0,60.0,26.663874685764313,29.434266686439514
khz_band_lt_0.8_noise.wav,80.00000059604645,30.0,46.983423829078674,21.713143587112427
khz_band_lt_0.8_noise.wav,80.00000059604645,20.000000596046448,56.70511186122894,21.71554148197174
khz_band_lt_0.8_noise.wav,35.00000059604645,40.000001192092896,41.25094771385193,26.5985244512558
khz_band_lt_0.8_noise.wav,0.0,10.000000298023224,16.74493432044983,26.70609176158905
khz_band_lt_0.8_noise.wav,54.99999940395355,0.0,56.771217584609985,22.239439487457275
khz_band_lt_0.8_noise.wav,74.99999821186066,20.000000596046448,55.78105866909027,20.405505895614624
khz_band_lt_0.8_noise.wav,25.000001192092896,30.0,33.56330215930939,28.053510189056396
khz_band_lt_0.8_noise.wav,45.0,20.000000596046448,51.299060583114624,22.097243070602417
khz_band_lt_0.8_noise.wav,64.9999988079071,10.000000298023224,44.37103271484375,27.186083793640137
khz_band_lt_0.8_noise.wav,70.0000011920929,20.000000596046448,56.209938526153564,20.315614342689514
khz_band_lt_0.8_noise.wav,50.00000238418579,20.000000596046448,51.007617115974426,28.17212998867035
khz_band_lt_0.8_noise.wav,54.99999940395355,0.0,59.17752385139465,21.50151014328003
khz_band_lt_0.8_noise.wav,50.00000238418579,10.000000298023224,49.175662994384766,28.01093101501465
khz_band_lt_0.8_noise.wav,45.0,30.0,47.21906125545502,17.319066524505615
khz_band_lt_0.8_noise.wav,20.000000149011612,49.999998807907104,29.69290405511856,29.21440601348877
khz_band_lt_0.8_noise.wav,20.000000149011612,40.000001192092896,31.56373679637909,30.631163120269775
khz_band_lt_0.8_noise.wav,20.000000149011612,30.0,35.84535241127014,31.922707557678223
khz_band_lt_0.8_noise.wav,54.99999940395355,60.0,37.64128178358078,28.258150219917297
khz_band_lt_0.8_noise.wav,74.99999821186066,0.0,54.44479823112488,21.959162950515747
khz_band_lt_0.8_noise.wav,20.000000149011612,49.999998807907104,33.34631681442261,27.823787927627563
khz_band_lt_0.8_noise.wav,40.000000298023224,60.0,33.81586700677872,29.007344841957092
khz_band_lt_0.8_noise.wav,45.0,20.000000596046448,37.07842826843262,26.342060565948486
khz_band_lt_0.8_noise.wav,0.0,20.000000596046448,31.629515290260315,28.943676352500916
khz_band_lt_0.8_noise.wav,74.99999821186066,60.0,28.611295223236084,26.020812392234802
khz_band_lt_0.8_noise.wav,50.00000238418579,0.0,48.02054286003113,23.622965812683105
khz_band_lt_0.8_noise.wav,5.000000037252903,40.000001192092896,18.489726036787033,23.984813690185547
khz_band_lt_0.8_noise.wav,80.00000059604645,49.999998807907104,44.922867715358734,19.639797806739807
khz_band_lt_0.8_noise.wav,90.0,60.0,30.563825368881226,24.013473987579346
khz_band_lt_0.8_noise.wav,80.00000059604645,10.000000298023224,62.428661584854126,17.25278377532959
khz_band_lt_0.8_noise.wav,54.99999940395355,0.0,52.78877019882202,22.714614272117615
khz_band_lt_0.8_noise.wav,64.9999988079071,49.999998807907104,46.10391139984131,30.38038730621338
khz_band_lt_0.8_noise.wav,45.0,0.0,52.39584267139435,15.357896089553833
khz_band_lt_0.8_noise.wav,40.000000298023224,10.000000298023224,52.48442530632019,20.286449790000916
khz_band_lt_0.8_noise.wav,54.99999940395355,20.000000596046448,57.13708698749542,12.480390965938568
band_8_noise.wav,64.9999988079071,40.000001192092896,41.251301765441895,26.154261231422424
band_8_noise.wav,5.000000037252903,20.000000596046448,41.12764924764633,26.25531792640686
band_8_noise.wav,5.000000037252903,49.999998807907104,41.10310971736908,26.257887482643127
band_8_noise.wav,20.000000149011612,40.000001192092896,41.357426047325134,26.237080693244934
band_8_noise.wav,74.99999821186066,20.000000596046448,41.31049543619156,26.21631681919098
band_8_noise.wav,54.99999940395355,60.0,41.19078308343887,26.258000135421753
band_8_noise.wav,80.00000059604645,30.0,41.41965597867966,26.244637370109558
band_8_noise.wav,54.99999940395355,0.0,41.257677376270294,26.230233907699585
band_8_noise.wav,10.000000074505806,0.0,40.93611806631088,26.25716507434845
band_8_noise.wav,10.000000074505806,10.000000298023224,41.096001863479614,26.26715362071991
band_8_noise.wav,60.00000178813934,60.0,41.287900507450104,26.260578632354736
band_8_noise.wav,84.99999761581421,60.0,41.16509020328522,26.255249977111816
band_8_noise.wav,70.0000011920929,10.000000298023224,41.04245960712433,26.196953058242798
band_8_noise.wav,10.000000074505806,30.0,41.17243945598602,26.262150406837463
band_8_noise.wav,60.00000178813934,20.000000596046448,41.193229258060455,26.246806383132935
band_8_noise.wav,15.000000447034836,10.000000298023224,41.060631573200226,26.26412272453308
band_8_noise.wav,15.000000447034836,30.0,41.22515290975571,26.24865710735321
band_8_noise.wav,50.00000238418579,49.999998807907104,41.33556604385376,26.20001971721649
band_8_noise.wav,64.9999988079071,40.000001192092896,41.02935969829559,26.176827549934387
band_8_noise.wav,64.9999988079071,60.0,41.41131967306137,26.26072347164154
band_8_noise.wav,25.000001192092896,60.0,41.22089356184006,26.25367283821106
band_8_noise.wav,35.00000059604645,10.000000298023224,41.27426415681839,26.269585490226746
band_8_noise.wav,20.000000149011612,49.999998807907104,41.42766773700714,26.25589907169342
band_8_noise.wav,54.99999940395355,49.999998807907104,41.27532631158829,26.230090856552124
band_8_noise.wav,64.9999988079071,0.0,41.335936188697815,26.255332231521606
band_8_noise.wav,5.000000037252903,49.999998807907104,41.25608950853348,26.257234811782837
band_8_noise.wav,10.000000074505806,40.000001192092896,41.41481727361679,26.24219298362732
band_8_noise.wav,84.99999761581421,20.000000596046448,41.21778219938278,26.26135289669037
band_8_noise.wav,54.99999940395355,49.999998807907104,41.37297749519348,26.253161430358887
band_8_noise.wav,0.0,30.0,41.056509017944336,26.26272439956665
band_8_noise.wav,5.000000037252903,30.0,41.17410510778427,26.265859007835388
band_8_noise.wav,15.000000447034836,60.0,41.21502220630646,26.282231211662292
band_8_noise.wav,25.000001192092896,10.000000298023224,41.288882195949554,26.268498301506042
band_8_noise.wav,40.000000298023224,20.000000596046448,41.265884935855865,26.28369927406311
band_8_noise.wav,54.99999940395355,40.000001192092896,41.30975782871246,26.257256269454956
band_8_noise.wav,5.000000037252903,49.999998807907104,41.17208003997803,26.25982403755188
band_8_noise.wav,10.000000074505806,30.0,41.26937985420227,26.275434494018555
band_8_noise.wav,60.00000178813934,20.000000596046448,41.1630517244339,26.27657175064087
band_8_noise.wav,60.00000178813934,20.000000596046448,41.23103231191635,26.215667724609375
band_8_noise.wav,74.99999821186066,40.000001192092896,41.11384928226471,26.177199482917786
band_8_noise.wav,25.000001192092896,30.0,41.230305433273315,26.262418627738953
band_8_noise.wav,60.00000178813934,30.0,41.2037917971611,26.267947554588318
band_8_noise.wav,60.00000178813934,60.0,41.24033957719803,26.227700114250183
band_8_noise.wav,90.0,0.0,41.156136989593506,26.196237802505493
band_8_noise.wav,50.00000238418579,49.999998807907104,41.43875598907471,26.197882890701294
band_8_noise.wav,45.0,40.000001192092896,41.290378868579865,26.196468472480774
band_8_noise.wav,45.0,30.0,41.156778037548065,26.267906427383423
band_8_noise.wav,90.0,10.000000298023224,41.19654983282089,26.260600090026855
band_8_noise.wav,20.000000149011612,10.000000298023224,40.91615706682205,26.259739995002747
band_8_noise.wav,10.000000074505806,30.0,41.026717722415924,26.309162378311157
band_8_noise.wav,60.00000178813934,60.0,41.24281793832779,26.25259816646576
band_8_noise.wav,54.99999940395355,10.000000298023224,41.269519329071045,26.24121844768524
band_8_noise.wav,80.00000059604645,60.0,41.41065984964371,26.255012154579163
band_8_noise.wav,30.00000089406967,60.0,41.24923914670944,26.265025734901428
band_8_noise.wav,45.0,0.0,41.34036988019943,26.253495812416077
band_8_noise.wav,10.000000074505806,10.000000298023224,41.04875206947327,26.25541627407074
band_8_noise.wav,90.0,30.0,41.317587196826935,26.255412697792053
band_8_noise.wav,80.00000059604645,10.000000298023224,41.26912236213684,26.25535011291504
band_8_noise.wav,35.00000059604645,0.0,41.31964713335037,26.2464040517807
band_8_noise.wav,50.00000238418579,20.000000596046448,41.34786128997803,26.239086985588074
band_8_noise.wav,54.99999940395355,20.000000596046448,41.15909278392792,26.19632363319397
band_8_noise.wav,80.00000059604645,49.999998807907104,41.29530340433121,26.2383896112442
band_8_noise.wav,45.0,49.999998807907104,41.231528520584106,26.267777681350708
band_8_noise.wav,84.99999761581421,49.999998807907104,41.22487396001816,26.20057761669159
band_8_noise.wav,20.000000149011612,20.000000596046448,41.27929866313934,26.26261532306671
band_8_noise.wav,45.0,60.0,41.17446184158325,26.265562176704407
band_8_noise.wav,15.000000447034836,10.000000298023224,41.03759676218033,26.276875734329224
band_8_noise.wav,60.00000178813934,40.000001192092896,41.36860549449921,26.24107003211975
band_8_noise.wav,30.00000089406967,10.000000298023224,41.223452389240265,26.257753372192383
band_8_noise.wav,0.0,60.0,41.066545844078064,26.278985738754272
band_8_noise.wav,30.00000089406967,20.000000596046448,41.358013451099396,26.23842179775238
band_8_noise.wav,45.0,40.000001192092896,41.25334560871124,26.244256496429443
band_8_noise.wav,70.0000011920929,30.0,41.29128277301788,26.261739134788513
band_8_noise.wav,20.000000149011612,20.000000596046448,41.25636845827103,26.269251108169556
band_8_noise.wav,70.0000011920929,0.0,41.2512668967247,26.241626143455505
band_8_noise.wav,50.00000238418579,60.0,41.13252282142639,26.253796219825745
band_8_noise.wav,35.00000059604645,49.999998807907104,41.334444880485535,26.255300045013428
band_8_noise.wav,30.00000089406967,20.000000596046448,41.13756537437439,26.24978005886078
band_8_noise.wav,15.000000447034836,49.999998807907104,41.209971606731415,26.259343028068542
band_8_noise.wav,54.99999940395355,40.000001192092896,41.128413677215576,26.193326711654663
band_8_noise.wav,64.9999988079071,60.0,41.244762539863586,26.26242220401764
band_8_noise.wav,50.00000238418579,60.0,41.14185959100723,26.2893944978714
band_8_noise.wav,25.000001192092896,60.0,41.14083766937256,26.224860548973083
band_8_noise.wav,30.00000089406967,20.000000596046448,41.153926849365234,26.31350576877594
band_8_noise.wav,40.000000298023224,60.0,41.21978580951691,26.246856451034546
band_8_noise.wav,60.00000178813934,30.0,41.24448090791702,26.254668831825256
band_8_noise.wav,70.0000011920929,49.999998807907104,41.2381187081337,26.16080403327942
band_8_noise.wav,80.00000059604645,49.999998807907104,41.07084274291992,26.19261145591736
band_8_noise.wav,20.000000149011612,40.000001192092896,41.37545317411423,26.264376640319824
band_8_noise.wav,54.99999940395355,0.0,41.306222677230835,26.24319076538086
band_8_noise.wav,54.99999940395355,10.000000298023224,41.20069921016693,26.21709644794464
band_8_noise.wav,20.000000149011612,30.0,41.15260720252991,26.271976232528687
band_8_noise.wav,0.0,0.0,41.32927894592285,26.25084936618805
band_8_noise.wav,80.00000059604645,60.0,41.2815061211586,26.210655570030212
band_8_noise.wav,84.99999761581421,30.0,41.124055087566376,26.275606155395508
band_8_noise.wav,80.00000059604645,20.000000596046448,41.36047035455704,26.247008442878723
band_8_noise.wav,10.000000074505806,30.0,41.25094771385193,26.264880895614624
band_8_noise.wav,10.000000074505806,40.000001192092896,41.2931227684021,26.266765594482422
band_8_noise.wav,90.0,30.0,41.33534878492355,26.249470710754395
band_8_noise.wav,20.000000149011612,40.000001192092896,41.17197811603546,26.268067359924316
band_8_noise.wav,20.000000149011612,49.999998807907104,41.373154520988464,26.2472265958786
band_8_noise.wav,40.000000298023224,10.000000298023224,41.2950137257576,26.25648558139801
band_8_noise.wav,60.00000178813934,0.0,41.341423988342285,26.244694590568542
band_8_noise.wav,64.9999988079071,0.0,41.338803470134735,26.247718334197998
band_8_noise.wav,80.00000059604645,60.0,41.279886066913605,26.247931122779846
band_8_noise.wav,50.00000238418579,0.0,41.307153403759,26.237295269966125
band_8_noise.wav,54.99999940395355,60.0,41.24734818935394,26.274181008338928
band_8_noise.wav,60.00000178813934,60.0,41.185252368450165,26.26251518726349
band_8_noise.wav,74.99999821186066,10.000000298023224,41.042529344558716,26.20766580104828
band_8_noise.wav,30.00000089406967,49.999998807907104,41.36688083410263,26.244587302207947
band_8_noise.wav,60.00000178813934,30.0,41.30793660879135,26.222060322761536
band_8_noise.wav,70.0000011920929,60.0,41.2777054309845,26.255308985710144
band_8_noise.wav,74.99999821186066,30.0,41.301013827323914,26.214054822921753
band_8_noise.wav,5.000000037252903,20.000000596046448,41.08904957771301,26.267330646514893
band_8_noise.wav,45.0,49.999998807907104,41.28650039434433,26.211259961128235
band_8_noise.wav,64.9999988079071,0.0,41.20730012655258,26.259098052978516
band_8_noise.wav,35.00000059604645,60.0,41.18269354104996,26.25646948814392
band_8_noise.wav,15.000000447034836,40.000001192092896,41.33107602596283,26.250352263450623
band_8_noise.wav,60.00000178813934,30.0,41.319172382354736,26.236183047294617
band_8_noise.wav,0.0,60.0,41.10173910856247,26.271986961364746
band_8_noise.wav,54.99999940395355,0.0,41.14890843629837,26.257837414741516
band_8_noise.wav,30.00000089406967,60.0,41.115831434726715,26.27315640449524
band_8_noise.wav,40.000000298023224,20.000000596046448,41.190131306648254,26.247612833976746
band_8_noise.wav,54.99999940395355,60.0,41.28506004810333,26.25389277935028
band_8_noise.wav,64.9999988079071,10.000000298023224,41.01162761449814,26.210017204284668
band_8_noise.wav,84.99999761581421,20.000000596046448,40.91633677482605,26.204540133476257
band_8_noise.wav,50.00000238418579,40.000001192092896,41.33469969034195,26.255439519882202
band_8_noise.wav,35.00000059604645,40.000001192092896,41.43341839313507,26.225597262382507
band_6_noise.wav,0.0,30.0,24.662697315216064,27.355095148086548
band_6_noise.wav,30.00000089406967,10.000000298023224,46.85450613498688,31.413803100585938
band_6_noise.wav,60.00000178813934,40.000001192092896,44.75210756063461,32.428250312805176
band_6_noise.wav,80.00000059604645,0.0,50.30706703662872,25.54053246974945
band_6_noise.wav,35.00000059604645,0.0,41.88875287771225,25.60483753681183
band_6_noise.wav,5.000000037252903,60.0,29.298748075962067,27.03988552093506
band_6_noise.wav,25.000001192092896,60.0,38.14349591732025,28.61823320388794
band_6_noise.wav,60.00000178813934,20.000000596046448,45.44860482215881,23.840843439102173
band_6_noise.wav,5.000000037252903,0.0,19.266582280397415,27.58707046508789
band_6_noise.wav,10.000000074505806,30.0,33.35661381483078,32.67460584640503
band_6_noise.wav,15.000000447034836,10.000000298023224,38.44520688056946,27.701536417007446
band_6_noise.wav,40.000000298023224,49.999998807907104,45.75500965118408,30.330108404159546
band_6_noise.wav,74.99999821186066,40.000001192092896,44.65363293886185,27.714813351631165
band_6_noise.wav,20.000000149011612,10.000000298023224,37.414551973342896,25.75530230998993
band_6_noise.wav,50.00000238418579,40.000001192092896,46.217615604400635,29.7927063703537
band_6_noise.wav,70.0000011920929,49.999998807907104,46.70593321323395,32.74591326713562
band_6_noise.wav,84.99999761581421,30.0,48.654069900512695,26.893726587295532
band_6_noise.wav,64.9999988079071,30.0,44.822121262550354,25.501720905303955
band_6_noise.wav,70.0000011920929,20.000000596046448,48.63429129123688,27.574777007102966
band_6_noise.wav,60.00000178813934,20.000000596046448,44.7029185295105,24.296443462371826
band_6_noise.wav,74.99999821186066,0.0,43.073135912418365,22.67340660095215
band_6_noise.wav,64.9999988079071,49.999998807907104,44.03834491968155,30.520209074020386
band_6_noise.wav,45.0,10.000000298023224,43.5853385925293,28.79476010799408
band_6_noise.wav,15.000000447034836,30.0,38.98059457540512,30.479353666305542
band_6_noise.wav,80.00000059604645,0.0,50.284515023231506,26.245073676109314
band_6_noise.wav,80.00000059604645,60.0,47.378164529800415,30.439707040786743
band_6_noise.wav,15.000000447034836,49.999998807907104,35.421405136585236,31.251121759414673
band_6_noise.wav,25.000001192092896,60.0,38.52799594402313,28.83772909641266
band_6_noise.wav,64.9999988079071,20.000000596046448,43.30878138542175,25.24953782558441
band_6_noise.wav,0.0,60.0,25.584057569503784,27.547701001167297
band_6_noise.wav,20.000000149011612,0.0,38.80472481250763,28.943288326263428
band_6_noise.wav,60.00000178813934,0.0,44.971906542778015,23.44269633293152
band_6_noise.wav,60.00000178813934,10.000000298023224,49.938987493515015,23.369534611701965
band_6_noise.wav,80.00000059604645,20.000000596046448,57.28238224983215,15.420498847961426
band_6_noise.wav,50.00000238418579,40.000001192092896,45.18226683139801,32.77068614959717
band_6_noise.wav,25.000001192092896,30.0,38.12649875879288,25.122828483581543
band_6_noise.wav,90.0,49.999998807907104,48.52319955825806,29.07757043838501
band_6_noise.wav,35.00000059604645,49.999998807907104,43.714849054813385,36.760382652282715
band_6_noise.wav,84.99999761581421,60.0,39.24820125102997,26.394794583320618
band_6_noise.wav,70.0000011920929,20.000000596046448,47.084516286849976,25.713606476783752
band_6_noise.wav,60.00000178813934,60.0,45.28343975543976,32.089834213256836
band_6_noise.wav,45.0,0.0,44.06823813915253,30.54654836654663
band_6_noise.wav,70.0000011920929,40.000001192092896,46.55884623527527,27.70397186279297
band_6_noise.wav,45.0,20.000000596046448,42.842055559158325,30.532861948013306
band_6_noise.wav,10.000000074505806,20.000000596046448,32.51271843910217,31.43897294998169
band_6_noise.wav,74.99999821186066,20.000000596046448,48.724247217178345,24.170011281967163
band_6_noise.wav,15.000000447034836,40.000001192092896,36.277088820934296,32.29486584663391
band_6_noise.wav,40.000000298023224,0.0,48.67584943771362,29.025996923446655
band_6_noise.wav,90.0,30.0,51.437897086143494,27.509105801582336
band_6_noise.wav,15.000000447034836,60.0,19.18887734413147,30.53088068962097
band_6_noise.wav,30.00000089406967,49.999998807907104,39.07258361577988,32.99668550491333
band_6_noise.wav,54.99999940395355,49.999998807907104,44.59304451942444,26.252830624580383
band_6_noise.wav,70.0000011920929,0.0,50.51335036754608,24.988253116607666
band_6_noise.wav,84.99999761581421,30.0,45.698720812797546,27.716277837753296
band_6_noise.wav,60.00000178813934,0.0,44.285145699977875,23.68456542491913
band_6_noise.wav,50.00000238418579,40.000001192092896,44.70622569322586,31.476391553878784
band_6_noise.wav,0.0,10.000000298023224,23.506431877613068,27.702373266220093
band_6_noise.wav,15.000000447034836,30.0,33.88140946626663,31.46141767501831
band_6_noise.wav,30.00000089406967,10.000000298023224,46.81575894355774,30.435343980789185
band_6_noise.wav,40.000000298023224,60.0,45.1023530960083,32.78437614440918
band_6_noise.wav,20.000000149011612,20.000000596046448,38.945291340351105,22.79331922531128
band_6_noise.wav,20.000000149011612,49.999998807907104,41.70220524072647,30.08778691291809
band_6_noise.wav,35.00000059604645,30.0,47.42602586746216,30.951765775680542
band_6_noise.wav,5.000000037252903,10.000000298023224,29.720536172389984,25.905259251594543
band_6_noise.wav,15.000000447034836,60.0,37.867113053798676,30.60192346572876
band_6_noise.wav,45.0,49.999998807907104,43.87772619724274,30.28447151184082
band_6_noise.wav,25.000001192092896,49.999998807907104,38.32259237766266,37.741992473602295
band_6_noise.wav,40.000000298023224,30.0,46.52305483818054,22.635315656661987
band_6_noise.wav,64.9999988079071,10.000000298023224,48.93241345882416,25.07941246032715
band_6_noise.wav,74.99999821186066,40.000001192092896,44.485262632369995,26.95970892906189
band_6_noise.wav,35.00000059604645,60.0,40.9152290225029,31.41713261604309
band_6_noise.wav,50.00000238418579,0.0,43.990636467933655,27.663708329200745
band_6_noise.wav,70.0000011920929,49.999998807907104,49.391183853149414,32.55063772201538
band_6_noise.wav,90.0,30.0,50.83225429058075,28.32715094089508
band_6_noise.wav,25.000001192092896,60.0,37.53392368555069,28.873554468154907
band_6_noise.wav,10.000000074505806,20.000000596046448,36.47868096828461,30.51307439804077
band_6_noise.wav,15.000000447034836,20.000000596046448,36.42337650060654,27.009165287017822
band_6_noise.wav,25.000001192092896,30.0,39.98369246721268,26.561282873153687
band_6_noise.wav,50.00000238418579,20.000000596046448,47.90592670440674,25.25092363357544
band_6_noise.wav,84.99999761581421,30.0,47.74567008018494,26.817455291748047
band_6_noise.wav,60.00000178813934,0.0,46.43193483352661,25.997475385665894
band_6_noise.wav,74.99999821186066,30.0,51.77401542663574,28.391312956809998
band_6_noise.wav,5.000000037252903,10.000000298023224,28.36729735136032,27.362236976623535
band_6_noise.wav,35.00000059604645,40.000001192092896,43.564302027225494,33.54894518852234
band_6_noise.wav,40.000000298023224,30.0,45.02663433551788,24.14914906024933
band_6_noise.wav,15.000000447034836,0.0,37.65417516231537,28.597946763038635
band_6_noise.wav,45.0,10.000000298023224,41.930579245090485,30.113954544067383
band_6_noise.wav,25.000001192092896,49.999998807907104,41.11786723136902,31.875232458114624
band_6_noise.wav,30.00000089406967,10.000000298023224,50.25464594364166,36.49266958236694
band_6_noise.wav,35.00000059604645,30.0,46.178154945373535,33.49256157875061
band_6_noise.wav,40.000000298023224,10.000000298023224,46.970162987709045,29.585813283920288
band_6_noise.wav,60.00000178813934,30.0,43.38968485593796,27.93119251728058
band_6_noise.wav,90.0,60.0,41.517226696014404,27.052175402641296
band_6_noise.wav,35.00000059604645,30.0,40.038084983825684,27.147856950759888
band_6_noise.wav,35.00000059604645,60.0,41.39998197555542,30.744141340255737
band_6_noise.wav,74.99999821186066,20.000000596046448,48.20335149765015,24.26815152168274
band_6_noise.wav,80.00000059604645,0.0,52.69885718822479,25.72773814201355
band_6_noise.wav,70.0000011920929,30.0,48.00569415092468,25.804449319839478
band_6_noise.wav,64.9999988079071,60.0,49.24314737319946,27.299324870109558
band_6_noise.wav,35.00000059604645,49.999998807907104,39.596714079380035,29.56783890724182
band_6_noise.wav,54.99999940395355,49.999998807907104,42.9089418053627,25.877691507339478
band_6_noise.wav,70.0000011920929,60.0,43.42811554670334,36.348921060562134
band_6_noise.wav,74.99999821186066,40.000001192092896,45.45391023159027,28.090644478797913
band_6_noise.wav,64.9999988079071,40.000001192092896,43.36378812789917,28.498424291610718
band_6_noise.wav,60.00000178813934,60.0,45.42414307594299,29.966420531272888
band_6_noise.wav,35.00000059604645,10.000000298023224,35.6563800573349,26.96758210659027
band_6_noise.wav,5.000000037252903,49.999998807907104,33.57781022787094,30.548150539398193
band_6_noise.wav,50.00000238418579,40.000001192092896,42.66377180814743,30.159090757369995
band_6_noise.wav,45.0,49.999998807907104,44.08310830593109,27.775442004203796
band_6_noise.wav,64.9999988079071,40.000001192092896,45.952945947647095,27.531670331954956
band_6_noise.wav,74.99999821186066,20.000000596046448,48.58076512813568,20.235782861709595
band_6_noise.wav,35.00000059604645,20.000000596046448,28.61602932214737,28.745906352996826
band_6_noise.wav,50.00000238418579,0.0,45.56097328662872,29.017576575279236
band_6_noise.wav,60.00000178813934,0.0,47.016586661338806,20.122886896133423
band_6_noise.wav,30.00000089406967,49.999998807907104,39.00931566953659,36.388903856277466
band_6_noise.wav,15.000000447034836,49.999998807907104,39.563130140304565,29.313805103302002
band_6_noise.wav,50.00000238418579,30.0,48.126726150512695,31.19721293449402
band_6_noise.wav,45.0,0.0,50.04814267158508,25.812873244285583
band_6_noise.wav,50.00000238418579,20.000000596046448,48.29282999038696,27.535178661346436
band_6_noise.wav,54.99999940395355,10.000000298023224,47.28448569774628,20.858699083328247
band_6_noise.wav,30.00000089406967,30.0,44.05055433511734,28.06801199913025
band_6_noise.wav,74.99999821186066,10.000000298023224,50.26664614677429,24.94493007659912
band_6_noise.wav,70.0000011920929,49.999998807907104,47.4826580286026,31.844297647476196
band_6_noise.wav,80.00000059604645,20.000000596046448,51.35478079319,26.435487270355225
band_6_noise.wav,74.99999821186066,10.000000298023224,49.40451443195343,26.447558999061584
band_6_noise.wav,5.000000037252903,0.0,30.085469484329224,26.64346218109131
band_6_noise.wav,40.000000298023224,60.0,43.94537955522537,30.678863525390625
band_6_noise.wav,40.000000298023224,0.0,43.76386374235153,28.235639333724976
band_6_noise.wav,40.000000298023224,20.000000596046448,42.886515855789185,30.086781978607178
band_6_noise.wav,10.000000074505806,49.999998807907104,36.464113891124725,31.277661323547363
band_6_noise.wav,45.0,10.000000298023224,50.019646883010864,20.606306791305542
band_6_noise.wav,84.99999761581421,60.0,49.297295808792114,28.78458023071289
band_6_noise.wav,64.9999988079071,40.000001192092896,43.206205666065216,27.926836609840393
band_6_noise.wav,30.00000089406967,60.0,39.42154973745346,28.281426429748535
band_6_noise.wav,54.99999940395355,20.000000596046448,46.392640471458435,25.695072412490845
band_6_noise.wav,0.0,49.999998807907104,16.427122056484222,29.173606038093567
band_6_noise.wav,10.000000074505806,40.000001192092896,35.56146204471588,34.671610593795776
band_6_noise.wav,25.000001192092896,10.000000298023224,40.027297139167786,31.117722988128662
band_6_noise.wav,0.0,0.0,21.394852101802826,27.53134310245514
band_6_noise.wav,0.0,30.0,24.68818098306656,27.314738631248474
band_6_noise.wav,5.000000037252903,20.000000596046448,29.900869131088257,28.704641461372375
band_6_noise.wav,70.0000011920929,10.000000298023224,55.452112555503845,18.899075388908386
band_6_noise.wav,54.99999940395355,10.000000298023224,45.868767499923706,21.786298155784607
band_6_noise.wav,40.000000298023224,10.000000298023224,43.87976199388504,28.369910717010498
band_6_noise.wav,30.00000089406967,0.0,48.413110971450806,34.1991662979126
band_6_noise.wav,70.0000011920929,30.0,45.47764241695404,24.61661696434021
band_6_noise.wav,25.000001192092896,20.000000596046448,43.25534373521805,26.812976002693176
khz_band_4.5_8_noise.wav,60.00000178813934,10.000000298023224,40.87257921695709,26.29637360572815
khz_band_4.5_8_noise.wav,74.99999821186066,60.0,41.0684072971344,26.24124526977539
khz_band_4.5_8_noise.wav,74.99999821186066,60.0,41.055757999420166,26.224697828292847
khz_band_4.5_8_noise.wav,10.000000074505806,40.000001192092896,40.976622104644775,26.23502254486084
khz_band_4.5_8_noise.wav,15.000000447034836,40.000001192092896,41.12382709980011,26.220710277557373
khz_band_4.5_8_noise.wav,60.00000178813934,60.0,41.161793768405914,26.213917136192322
khz_band_4.5_8_noise.wav,20.000000149011612,30.0,41.11576706171036,26.2181156873703
khz_band_4.5_8_noise.wav,54.99999940395355,10.000000298023224,41.091758608818054,26.222323179244995
khz_band_4.5_8_noise.wav,60.00000178813934,40.000001192092896,41.04718565940857,26.221405863761902
khz_band_4.5_8_noise.wav,64.9999988079071,49.999998807907104,40.781598687171936,26.24989092350006
khz_band_4.5_8_noise.wav,15.000000447034836,30.0,41.10335111618042,26.21795117855072
khz_band_4.5_8_noise.wav,25.000001192092896,20.000000596046448,40.906702280044556,26.278034448623657
khz_band_4.5_8_noise.wav,5.000000037252903,40.000001192092896,41.14839881658554,26.215776801109314
khz_band_4.5_8_noise.wav,10.000000074505806,20.000000596046448,41.10507845878601,26.215065121650696
khz_band_4.5_8_noise.wav,70.0000011920929,10.000000298023224,40.856923162937164,26.238563060760498
khz_band_4.5_8_noise.wav,70.0000011920929,60.0,41.03909611701965,26.2287175655365
khz_band_4.5_8_noise.wav,70.0000011920929,30.0,41.01700812578201,26.22806489467621
khz_band_4.5_8_noise.wav,45.0,0.0,41.19642376899719,26.262542009353638
khz_band_4.5_8_noise.wav,74.99999821186066,60.0,41.29889488220215,26.24399185180664
khz_band_4.5_8_noise.wav,84.99999761581421,49.999998807907104,40.91054856777191,26.246341466903687
khz_band_4.5_8_noise.wav,5.000000037252903,49.999998807907104,41.06427401304245,26.226144433021545
khz_band_4.5_8_noise.wav,0.0,60.0,41.04413598775864,26.224311590194702
khz_band_4.5_8_noise.wav,60.00000178813934,0.0,41.087877452373505,26.262348890304565
khz_band_4.5_8_noise.wav,70.0000011920929,49.999998807907104,41.13363325595856,26.214147806167603
khz_band_4.5_8_noise.wav,30.00000089406967,20.000000596046448,41.08754217624664,26.219084858894348
khz_band_4.5_8_noise.wav,20.000000149011612,30.0,41.03991150856018,26.227582097053528
khz_band_4.5_8_noise.wav,84.99999761581421,60.0,41.12848073244095,26.22551679611206
khz_band_4.5_8_noise.wav,45.0,10.000000298023224,40.99672257900238,26.26244366168976
khz_band_4.5_8_noise.wav,10.000000074505806,30.0,41.119959354400635,26.218798756599426
khz_band_4.5_8_noise.wav,40.000000298023224,40.000001192092896,41.02477043867111,26.231718063354492
khz_band_4.5_8_noise.wav,30.00000089406967,30.0,41.10902667045593,26.233561635017395
khz_band_4.5_8_noise.wav,74.99999821186066,20.000000596046448,41.023423969745636,26.225361227989197
khz_band_4.5_8_noise.wav,64.9999988079071,49.999998807907104,41.18172526359558,26.223145723342896
khz_band_4.5_8_noise.wav,20.000000149011612,20.000000596046448,41.10953092575073,26.21883988380432
khz_band_4.5_8_noise.wav,10.000000074505806,40.000001192092896,41.1323806643486,26.22048318386078
khz_band_4.5_8_noise.wav,15.000000447034836,40.000001192092896,41.00771427154541,26.22876226902008
khz_band_4.5_8_noise.wav,40.000000298023224,0.0,41.065400540828705,26.222641468048096
khz_band_4.5_8_noise.wav,15.000000447034836,20.000000596046448,41.11494094133377,26.21997892856598
khz_band_4.5_8_noise.wav,54.99999940395355,0.0,41.15141361951828,26.2151437997818
khz_band_4.5_8_noise.wav,50.00000238418579,30.0,41.16419434547424,26.213500499725342
khz_band_4.5_8_noise.wav,5.000000037252903,49.999998807907104,41.00725829601288,26.230042576789856
khz_band_4.5_8_noise.wav,84.99999761581421,0.0,41.1175212264061,26.22650384902954
khz_band_4.5_8_noise.wav,10.000000074505806,10.000000298023224,41.069595515728,26.225430965423584
khz_band_4.5_8_noise.wav,50.00000238418579,20.000000596046448,40.889214277267456,26.251959800720215
khz_band_4.5_8_noise.wav,84.99999761581421,20.000000596046448,41.196973621845245,26.208145022392273
khz_band_4.5_8_noise.wav,74.99999821186066,60.0,40.81758052110672,26.247523427009583
khz_band_4.5_8_noise.wav,15.000000447034836,10.000000298023224,41.06635272502899,26.21788501739502
khz_band_4.5_8_noise.wav,0.0,49.999998807907104,41.07394874095917,26.222283840179443
khz_band_4.5_8_noise.wav,74.99999821186066,20.000000596046448,40.822682082653046,26.264065504074097
khz_band_4.5_8_noise.wav,0.0,49.999998807907104,40.99879592657089,26.23183786869049
khz_band_4.5_8_noise.wav,40.000000298023224,49.999998807907104,41.016460955142975,26.294420957565308
khz_band_4.5_8_noise.wav,40.000000298023224,49.999998807907104,41.13850682973862,26.216209530830383
khz_band_4.5_8_noise.wav,54.99999940395355,60.0,41.12128436565399,26.216692328453064
khz_band_4.5_8_noise.wav,54.99999940395355,60.0,41.195860505104065,26.210085153579712
khz_band_4.5_8_noise.wav,30.00000089406967,60.0,41.175269186496735,26.21298909187317
khz_band_4.5_8_noise.wav,5.000000037252903,10.000000298023224,40.97044229507446,26.23432695865631
khz_band_4.5_8_noise.wav,15.000000447034836,60.0,40.99505960941315,26.23072385787964
khz_band_4.5_8_noise.wav,70.0000011920929,49.999998807907104,41.13300561904907,26.215587258338928
khz_band_4.5_8_noise.wav,80.00000059604645,0.0,41.07142746448517,26.22502863407135
khz_band_4.5_8_noise.wav,20.000000149011612,30.0,41.066714823246,26.22065305709839
khz_band_4.5_8_noise.wav,84.99999761581421,40.000001192092896,41.08993738889694,26.218879222869873
khz_band_4.5_8_noise.wav,60.00000178813934,49.999998807907104,41.10343426465988,26.219775080680847
khz_band_4.5_8_noise.wav,45.0,60.0,41.10077083110809,26.223544478416443
khz_band_4.5_8_noise.wav,50.00000238418579,30.0,41.05445176362991,26.22080683708191
khz_band_4.5_8_noise.wav,40.000000298023224,49.999998807907104,41.10989838838577,26.222705841064453
khz_band_4.5_8_noise.wav,70.0000011920929,10.000000298023224,40.939934849739075,26.241981983184814
khz_band_4.5_8_noise.wav,70.0000011920929,40.000001192092896,41.210459768772125,26.211277842521667
khz_band_4.5_8_noise.wav,5.000000037252903,10.000000298023224,40.97226619720459,26.232919692993164
khz_band_4.5_8_noise.wav,5.000000037252903,60.0,41.04980081319809,26.22673273086548
khz_band_4.5_8_noise.wav,45.0,40.000001192092896,41.12501800060272,26.2165367603302
khz_band_4.5_8_noise.wav,20.000000149011612,0.0,41.031038761138916,26.22934341430664
khz_band_4.5_8_noise.wav,10.000000074505806,40.000001192092896,41.02264881134033,26.25978112220764
khz_band_4.5_8_noise.wav,45.0,20.000000596046448,41.00077539682388,26.23580574989319
khz_band_4.5_8_noise.wav,80.00000059604645,20.000000596046448,41.09092980623245,26.222069263458252
khz_band_4.5_8_noise.wav,84.99999761581421,40.000001192092896,40.75445473194122,26.256049275398254
khz_band_4.5_8_noise.wav,54.99999940395355,20.000000596046448,41.16077721118927,26.216758489608765
khz_band_4.5_8_noise.wav,15.000000447034836,10.000000298023224,40.93365043401718,26.263564825057983
khz_band_4.5_8_noise.wav,25.000001192092896,49.999998807907104,41.07335329055786,26.22308313846588
khz_band_4.5_8_noise.wav,54.99999940395355,20.000000596046448,41.120726466178894,26.269469261169434
khz_band_4.5_8_noise.wav,40.000000298023224,10.000000298023224,41.119811832904816,26.214011907577515
khz_band_4.5_8_noise.wav,10.000000074505806,20.000000596046448,41.043022871017456,26.22068703174591
khz_band_4.5_8_noise.wav,40.000000298023224,10.000000298023224,41.03291094303131,26.231192350387573
khz_band_4.5_8_noise.wav,15.000000447034836,20.000000596046448,40.85422217845917,26.240842938423157
khz_band_4.5_8_noise.wav,25.000001192092896,20.000000596046448,41.12065941095352,26.216842532157898
khz_band_4.5_8_noise.wav,40.000000298023224,10.000000298023224,41.0800775885582,26.31844460964203
khz_band_4.5_8_noise.wav,10.000000074505806,0.0,40.8621346950531,26.242530941963196
khz_band_4.5_8_noise.wav,74.99999821186066,60.0,41.15817278623581,26.212779879570007
khz_band_4.5_8_noise.wav,20.000000149011612,0.0,41.076354682445526,26.223846673965454
khz_band_4.5_8_noise.wav,40.000000298023224,40.000001192092896,41.08904957771301,26.21814250946045
khz_band_4.5_8_noise.wav,45.0,10.000000298023224,40.82453817129135,26.28669261932373
khz_band_4.5_8_noise.wav,15.000000447034836,30.0,41.21150583028793,26.216121912002563
khz_band_4.5_8_noise.wav,20.000000149011612,0.0,41.02754920721054,26.230326890945435
khz_band_4.5_8_noise.wav,25.000001192092896,0.0,40.96339613199234,26.23604714870453
khz_band_4.5_8_noise.wav,84.99999761581421,40.000001192092896,41.03543221950531,26.270458102226257
khz_band_4.5_8_noise.wav,15.000000447034836,10.000000298023224,40.95185458660126,26.257547736167908
khz_band_4.5_8_noise.wav,64.9999988079071,40.000001192092896,41.11264497041702,26.219446063041687
khz_band_4.5_8_noise.wav,10.000000074505806,10.000000298023224,41.02368950843811,26.22632145881653
khz_band_4.5_8_noise.wav,50.00000238418579,40.000001192092896,41.03149473667145,26.226160526275635
khz_band_4.5_8_noise.wav,25.000001192092896,60.0,41.031910479068756,26.225298643112183
khz_band_4.5_8_noise.wav,54.99999940395355,10.000000298023224,41.0250198841095,26.270193457603455
khz_band_4.5_8_noise.wav,74.99999821186066,0.0,40.636713802814484,26.272518038749695
khz_band_4.5_8_noise.wav,60.00000178813934,20.000000596046448,40.977099537849426,26.255534291267395
khz_band_4.5_8_noise.wav,0.0,40.000001192092896,41.11425429582596,26.22071385383606
khz_band_4.5_8_noise.wav,10.000000074505806,10.000000298023224,41.03990614414215,26.225459575653076
khz_band_4.5_8_noise.wav,35.00000059604645,20.000000596046448,40.71313261985779,26.262511610984802
khz_band_4.5_8_noise.wav,50.00000238418579,10.000000298023224,41.12287491559982,26.21966779232025
khz_band_4.5_8_noise.wav,80.00000059604645,0.0,40.47255456447601,26.29107356071472
khz_band_4.5_8_noise.wav,40.000000298023224,20.000000596046448,41.0964497923851,26.22066020965576
khz_band_4.5_8_noise.wav,35.00000059604645,20.000000596046448,41.044830679893494,26.223281621932983
khz_band_4.5_8_noise.wav,15.000000447034836,49.999998807907104,41.07060134410858,26.22205674648285
khz_band_4.5_8_noise.wav,70.0000011920929,30.0,40.83528310060501,26.245254278182983
khz_band_4.5_8_noise.wav,84.99999761581421,20.000000596046448,41.069391667842865,26.223662495613098
