filename,true_azim,true_elev,pred_azim,pred_elev
stim_73_flute.wav,20.000000149011612,49.999998807907104,28.49253237247467,24.166529774665833
stim_73_flute.wav,30.00000089406967,49.999998807907104,34.76254999637604,33.479461669921875
stim_73_flute.wav,20.000000149011612,30.0,28.09778094291687,26.710633635520935
stim_73_flute.wav,20.000000149011612,60.0,27.18116819858551,22.09588050842285
stim_73_flute.wav,40.000000298023224,10.000000298023224,47.557722330093384,32.631458044052124
stim_73_flute.wav,10.000000074505806,0.0,21.093312799930573,38.99554967880249
stim_73_flute.wav,54.99999940395355,49.999998807907104,50.86001515388489,28.288763165473938
stim_73_flute.wav,64.9999988079071,10.000000298023224,60.49474060535431,27.853399515151978
stim_73_flute.wav,70.0000011920929,20.000000596046448,50.882556438446045,29.14605975151062
stim_73_flute.wav,35.00000059604645,0.0,38.638419806957245,28.74381422996521
stim_73_flute.wav,50.00000238418579,10.000000298023224,55.08871078491211,29.440539479255676
stim_73_flute.wav,50.00000238418579,30.0,48.30719590187073,31.04522466659546
stim_73_flute.wav,20.000000149011612,20.000000596046448,40.69936752319336,24.840118288993835
stim_73_flute.wav,20.000000149011612,30.0,26.529589891433716,30.893990993499756
stim_73_flute.wav,74.99999821186066,20.000000596046448,56.15139663219452,32.053234577178955
stim_73_flute.wav,60.00000178813934,60.0,35.704198479652405,28.602338433265686
stim_73_flute.wav,5.000000037252903,49.999998807907104,19.171319603919983,27.65159010887146
stim_73_flute.wav,25.000001192092896,10.000000298023224,39.134070575237274,26.636531352996826
stim_73_flute.wav,30.00000089406967,60.0,40.91830551624298,24.846065640449524
stim_73_flute.wav,0.0,40.000001192092896,29.693719446659088,28.65821599960327
stim_73_flute.wav,20.000000149011612,40.000001192092896,31.875484585762024,28.30114781856537
stim_73_flute.wav,84.99999761581421,40.000001192092896,50.65716505050659,29.59038019180298
stim_73_flute.wav,70.0000011920929,40.000001192092896,57.30470895767212,31.22408151626587
stim_73_flute.wav,74.99999821186066,10.000000298023224,43.92679452896118,24.491504430770874
stim_73_flute.wav,60.00000178813934,10.000000298023224,54.75515127182007,23.984021544456482
stim_73_flute.wav,70.0000011920929,60.0,55.6986129283905,31.71067714691162
stim_73_flute.wav,90.0,0.0,51.92818880081177,26.50845229625702
stim_73_flute.wav,30.00000089406967,10.000000298023224,47.73516654968262,24.209044575691223
stim_73_flute.wav,30.00000089406967,30.0,40.027407109737396,29.270052909851074
stim_73_flute.wav,10.000000074505806,49.999998807907104,20.501016676425934,37.52053499221802
stim_73_flute.wav,20.000000149011612,30.0,39.38106179237366,20.518006682395935
stim_73_flute.wav,90.0,60.0,59.93113875389099,33.42245936393738
stim_73_flute.wav,30.00000089406967,0.0,50.74876248836517,25.847631096839905
stim_73_flute.wav,84.99999761581421,20.000000596046448,60.08400857448578,27.610952854156494
stim_73_flute.wav,35.00000059604645,20.000000596046448,45.980658531188965,27.088794708251953
stim_73_flute.wav,20.000000149011612,40.000001192092896,35.469515919685364,26.856510043144226
stim_73_flute.wav,60.00000178813934,20.000000596046448,54.517292976379395,27.11978316307068
stim_73_flute.wav,30.00000089406967,40.000001192092896,45.30384600162506,28.317478895187378
stim_73_flute.wav,20.000000149011612,20.000000596046448,33.30004870891571,26.088759899139404
stim_73_flute.wav,45.0,0.0,47.147950530052185,33.361501693725586
stim_73_flute.wav,45.0,20.000000596046448,55.16864061355591,29.52854812145233
stim_73_flute.wav,74.99999821186066,10.000000298023224,48.21176826953888,28.72045397758484
stim_73_flute.wav,64.9999988079071,10.000000298023224,44.75217193365097,28.396595120429993
stim_73_flute.wav,50.00000238418579,40.000001192092896,47.25964844226837,31.41756534576416
stim_73_flute.wav,60.00000178813934,40.000001192092896,56.26402795314789,30.06833553314209
stim_73_flute.wav,10.000000074505806,0.0,21.51836782693863,36.041386127471924
stim_73_flute.wav,35.00000059604645,20.000000596046448,40.140920877456665,30.964500904083252
stim_73_flute.wav,10.000000074505806,0.0,22.966379821300507,31.106436252593994
stim_73_flute.wav,84.99999761581421,10.000000298023224,38.24669122695923,29.26824152469635
stim_73_flute.wav,80.00000059604645,0.0,53.951228857040405,25.221092104911804
stim_73_flute.wav,70.0000011920929,10.000000298023224,49.25015330314636,23.07043433189392
stim_73_flute.wav,54.99999940395355,49.999998807907104,45.4184353351593,35.72687745094299
stim_73_flute.wav,35.00000059604645,30.0,39.699619710445404,24.224758744239807
stim_73_flute.wav,20.000000149011612,20.000000596046448,29.591835737228394,26.319803595542908
stim_73_flute.wav,0.0,60.0,16.292051374912262,27.784924507141113
stim_73_flute.wav,20.000000149011612,49.999998807907104,19.477456212043762,20.40769636631012
stim_73_flute.wav,80.00000059604645,30.0,56.67488873004913,25.126717686653137
stim_73_flute.wav,64.9999988079071,0.0,39.8584708571434,24.834766387939453
stim_73_flute.wav,15.000000447034836,0.0,28.603264689445496,26.54490351676941
stim_73_flute.wav,0.0,20.000000596046448,24.751827120780945,30.95020294189453
stim_73_flute.wav,5.000000037252903,40.000001192092896,43.65267276763916,32.75723218917847
stim_73_flute.wav,10.000000074505806,0.0,27.142142057418823,32.592612504959106
stim_73_flute.wav,64.9999988079071,20.000000596046448,48.02802085876465,32.68038511276245
stim_73_flute.wav,70.0000011920929,10.000000298023224,58.78639876842499,28.22547197341919
stim_73_flute.wav,60.00000178813934,40.000001192092896,52.35684335231781,28.15074384212494
stim_73_flute.wav,25.000001192092896,10.000000298023224,43.27414333820343,29.872228503227234
stim_73_flute.wav,20.000000149011612,40.000001192092896,28.66806149482727,28.40963065624237
stim_73_flute.wav,64.9999988079071,30.0,39.608183205127716,24.618905782699585
stim_73_flute.wav,0.0,0.0,24.655771851539612,30.445300340652466
stim_73_flute.wav,45.0,30.0,50.07370948791504,32.475560903549194
stim_73_flute.wav,45.0,60.0,50.87169885635376,32.36004710197449
stim_73_flute.wav,70.0000011920929,49.999998807907104,52.25890517234802,29.860568046569824
stim_73_flute.wav,84.99999761581421,30.0,50.05886614322662,26.29504680633545
stim_73_flute.wav,60.00000178813934,0.0,53.30548167228699,31.00233793258667
stim_73_flute.wav,25.000001192092896,49.999998807907104,39.10650014877319,29.88791584968567
stim_73_flute.wav,20.000000149011612,10.000000298023224,25.9564608335495,22.00298309326172
stim_73_flute.wav,40.000000298023224,60.0,58.90891671180725,30.896294116973877
stim_73_flute.wav,30.00000089406967,40.000001192092896,36.56651258468628,26.949411034584045
stim_73_flute.wav,10.000000074505806,60.0,23.19547802209854,29.638062715530396
stim_73_flute.wav,40.000000298023224,60.0,54.59734082221985,32.07386255264282
stim_73_flute.wav,84.99999761581421,20.000000596046448,53.863627910614014,30.85666537284851
stim_73_flute.wav,15.000000447034836,40.000001192092896,26.051024794578552,27.81784236431122
stim_73_flute.wav,45.0,30.0,52.76827275753021,33.962838649749756
stim_73_flute.wav,84.99999761581421,20.000000596046448,64.97761309146881,22.960240244865417
stim_73_flute.wav,15.000000447034836,10.000000298023224,24.448243975639343,28.86311709880829
stim_73_flute.wav,20.000000149011612,10.000000298023224,32.377714812755585,24.42362129688263
stim_73_flute.wav,10.000000074505806,0.0,29.796606302261353,29.28329586982727
stim_73_flute.wav,74.99999821186066,30.0,53.7207305431366,27.021195888519287
stim_73_flute.wav,0.0,0.0,16.01696938276291,27.086039185523987
stim_73_flute.wav,0.0,49.999998807907104,16.027875244617462,27.649869918823242
stim_73_flute.wav,5.000000037252903,30.0,26.315514743328094,26.8945974111557
stim_73_flute.wav,45.0,20.000000596046448,53.52388858795166,26.714306473731995
stim_73_flute.wav,80.00000059604645,40.000001192092896,54.07871961593628,30.807087421417236
stim_73_flute.wav,0.0,30.0,21.089787036180496,28.930424451828003
stim_73_flute.wav,5.000000037252903,40.000001192092896,20.094628483057022,37.28957533836365
stim_73_flute.wav,70.0000011920929,60.0,48.388659954071045,30.19453525543213
stim_73_flute.wav,90.0,0.0,48.84369134902954,24.186712503433228
stim_73_flute.wav,45.0,40.000001192092896,55.671865940093994,35.69826364517212
stim_73_flute.wav,0.0,49.999998807907104,18.879438936710358,25.74726641178131
stim_73_flute.wav,20.000000149011612,20.000000596046448,42.277911901474,25.698537826538086
stim_73_flute.wav,60.00000178813934,10.000000298023224,53.38154911994934,25.84636688232422
stim_73_flute.wav,50.00000238418579,40.000001192092896,46.734960079193115,32.11880564689636
stim_73_flute.wav,5.000000037252903,0.0,27.095790803432465,27.25449800491333
stim_73_flute.wav,35.00000059604645,0.0,35.17284482717514,25.390126705169678
stim_73_flute.wav,10.000000074505806,40.000001192092896,29.77510839700699,28.972928524017334
stim_73_flute.wav,35.00000059604645,60.0,44.59959715604782,30.288151502609253
stim_73_flute.wav,40.000000298023224,10.000000298023224,44.51063632965088,32.05621004104614
stim_73_flute.wav,50.00000238418579,0.0,50.3545206785202,27.381872534751892
stim_73_flute.wav,5.000000037252903,40.000001192092896,27.52088338136673,28.945884704589844
stim_73_flute.wav,45.0,30.0,54.31844472885132,32.71574378013611
stim_73_flute.wav,50.00000238418579,49.999998807907104,47.30687141418457,35.18115162849426
stim_73_flute.wav,10.000000074505806,49.999998807907104,27.32225239276886,30.39414882659912
stim_73_flute.wav,45.0,40.000001192092896,54.7760671377182,33.64593744277954
stim_73_flute.wav,70.0000011920929,60.0,56.294326186180115,28.6812025308609
stim_73_flute.wav,90.0,10.000000298023224,45.859567523002625,26.880914568901062
stim_73_flute.wav,35.00000059604645,10.000000298023224,43.77914696931839,28.839617371559143
stim_73_flute.wav,5.000000037252903,30.0,30.668442249298096,28.024020195007324
stim_73_flute.wav,0.0,60.0,18.23107123374939,31.79532766342163
stim_73_flute.wav,15.000000447034836,30.0,33.47599893808365,29.521610140800476
stim_73_flute.wav,20.000000149011612,49.999998807907104,27.529917061328888,28.054659962654114
stim_73_flute.wav,5.000000037252903,20.000000596046448,24.085931181907654,28.642476797103882
stim_73_flute.wav,30.00000089406967,20.000000596046448,40.536281168460846,29.776192903518677
stim_73_flute.wav,54.99999940395355,40.000001192092896,54.66401517391205,33.548855781555176
stim_73_flute.wav,80.00000059604645,30.0,51.92346274852753,28.88473391532898
stim_73_flute.wav,0.0,40.000001192092896,10.752088129520416,29.613683223724365
stim_73_flute.wav,50.00000238418579,20.000000596046448,48.670318722724915,29.440534114837646
stim_73_flute.wav,64.9999988079071,40.000001192092896,48.54162096977234,30.646426677703857
stim_73_flute.wav,25.000001192092896,10.000000298023224,35.70649445056915,27.656509280204773
stim_73_flute.wav,10.000000074505806,30.0,33.72222036123276,26.47917866706848
stim_73_flute.wav,10.000000074505806,60.0,28.78092348575592,31.57518982887268
stim_87_flute.wav,50.00000238418579,30.0,42.479994893074036,28.280652165412903
stim_87_flute.wav,45.0,0.0,48.74775946140289,29.21823263168335
stim_87_flute.wav,15.000000447034836,49.999998807907104,35.511417388916016,30.30789613723755
stim_87_flute.wav,25.000001192092896,20.000000596046448,37.743307650089264,29.43916618824005
stim_87_flute.wav,15.000000447034836,10.000000298023224,34.634029269218445,28.41944396495819
stim_87_flute.wav,25.000001192092896,49.999998807907104,35.36417752504349,29.93781566619873
stim_87_flute.wav,50.00000238418579,20.000000596046448,51.746764183044434,31.00562810897827
stim_87_flute.wav,80.00000059604645,49.999998807907104,48.45519483089447,30.239135026931763
stim_87_flute.wav,10.000000074505806,10.000000298023224,33.4091717004776,30.807137489318848
stim_87_flute.wav,40.000000298023224,10.000000298023224,42.50986397266388,27.99636483192444
stim_87_flute.wav,80.00000059604645,30.0,46.268035769462585,30.001566410064697
stim_87_flute.wav,35.00000059604645,30.0,38.100467920303345,30.41451930999756
stim_87_flute.wav,30.00000089406967,20.000000596046448,40.36225140094757,27.420979142189026
stim_87_flute.wav,80.00000059604645,10.000000298023224,49.826849699020386,28.37481200695038
stim_87_flute.wav,70.0000011920929,30.0,40.963661670684814,29.88503336906433
stim_87_flute.wav,50.00000238418579,0.0,48.36056113243103,27.457693219184875
stim_87_flute.wav,15.000000447034836,10.000000298023224,33.38488966226578,32.08177328109741
stim_87_flute.wav,70.0000011920929,20.000000596046448,40.92277407646179,28.138158917427063
stim_87_flute.wav,35.00000059604645,60.0,42.60966092348099,27.96647071838379
stim_87_flute.wav,15.000000447034836,30.0,35.40458768606186,29.43002164363861
stim_87_flute.wav,0.0,40.000001192092896,27.510036528110504,28.07055115699768
stim_87_flute.wav,90.0,49.999998807907104,48.36762607097626,30.197288990020752
stim_87_flute.wav,35.00000059604645,10.000000298023224,37.81102001667023,28.531036376953125
stim_87_flute.wav,10.000000074505806,10.000000298023224,30.01528412103653,31.922682523727417
stim_87_flute.wav,10.000000074505806,40.000001192092896,35.84691345691681,29.17423367500305
stim_87_flute.wav,0.0,0.0,32.97142446041107,29.448366165161133
stim_87_flute.wav,64.9999988079071,60.0,47.70564615726471,28.666343092918396
stim_87_flute.wav,0.0,49.999998807907104,35.37230461835861,29.34944450855255
stim_87_flute.wav,35.00000059604645,20.000000596046448,41.95614606142044,28.75056266784668
stim_87_flute.wav,30.00000089406967,40.000001192092896,39.82795000076294,27.35866606235504
stim_87_flute.wav,0.0,30.0,28.13572883605957,30.28954267501831
stim_87_flute.wav,84.99999761581421,40.000001192092896,53.61868858337402,30.52494764328003
stim_87_flute.wav,25.000001192092896,49.999998807907104,34.93707329034805,29.710176587104797
stim_87_flute.wav,20.000000149011612,20.000000596046448,36.26385748386383,28.54023277759552
stim_87_flute.wav,84.99999761581421,49.999998807907104,58.15060257911682,35.63298940658569
stim_87_flute.wav,74.99999821186066,20.000000596046448,51.49924457073212,29.479824900627136
stim_87_flute.wav,50.00000238418579,0.0,48.91719460487366,30.2261745929718
stim_87_flute.wav,54.99999940395355,10.000000298023224,47.83892512321472,28.13107430934906
stim_87_flute.wav,35.00000059604645,0.0,39.91412669420242,27.776799201965332
stim_87_flute.wav,25.000001192092896,0.0,34.96509164571762,25.7079416513443
stim_87_flute.wav,80.00000059604645,20.000000596046448,44.054094851017,32.42154121398926
stim_87_flute.wav,15.000000447034836,49.999998807907104,28.243296146392822,31.215065717697144
stim_87_flute.wav,74.99999821186066,49.999998807907104,51.9107061624527,31.88234567642212
stim_87_flute.wav,0.0,49.999998807907104,32.88066923618317,30.677404403686523
stim_87_flute.wav,10.000000074505806,30.0,33.39196801185608,29.781948924064636
stim_87_flute.wav,50.00000238418579,20.000000596046448,50.551239252090454,29.83223855495453
stim_87_flute.wav,90.0,40.000001192092896,46.63476884365082,28.02246630191803
stim_87_flute.wav,30.00000089406967,49.999998807907104,33.673996925354004,30.43299436569214
stim_87_flute.wav,10.000000074505806,40.000001192092896,33.196443021297455,32.14346408843994
stim_87_flute.wav,64.9999988079071,30.0,48.089261054992676,29.24210250377655
stim_87_flute.wav,0.0,60.0,26.500579118728638,28.569679856300354
stim_87_flute.wav,50.00000238418579,49.999998807907104,46.18257522583008,27.519357204437256
stim_87_flute.wav,0.0,49.999998807907104,32.37781137228012,28.856652975082397
stim_87_flute.wav,10.000000074505806,40.000001192092896,37.7977779507637,30.114891529083252
stim_87_flute.wav,60.00000178813934,60.0,44.847712218761444,29.169230461120605
stim_87_flute.wav,64.9999988079071,30.0,48.71267080307007,30.24639129638672
stim_87_flute.wav,84.99999761581421,60.0,44.94833528995514,29.205458164215088
stim_87_flute.wav,25.000001192092896,30.0,33.89593631029129,29.254510402679443
stim_87_flute.wav,70.0000011920929,10.000000298023224,45.903496742248535,26.896111965179443
stim_87_flute.wav,54.99999940395355,30.0,46.64440870285034,28.365935683250427
stim_87_flute.wav,54.99999940395355,49.999998807907104,41.27732187509537,28.417730927467346
stim_87_flute.wav,45.0,40.000001192092896,40.690894424915314,27.285293340682983
stim_87_flute.wav,50.00000238418579,40.000001192092896,41.60267382860184,28.57406973838806
stim_87_flute.wav,80.00000059604645,20.000000596046448,40.964259803295135,26.46648108959198
stim_87_flute.wav,90.0,10.000000298023224,45.950955748558044,27.876838445663452
stim_87_flute.wav,74.99999821186066,20.000000596046448,48.250821232795715,27.800581455230713
stim_87_flute.wav,60.00000178813934,10.000000298023224,48.581178188323975,29.746230840682983
stim_87_flute.wav,10.000000074505806,0.0,31.283939480781555,28.326342701911926
stim_87_flute.wav,40.000000298023224,49.999998807907104,39.968441426754,28.634596467018127
stim_87_flute.wav,70.0000011920929,60.0,43.491399586200714,29.885584115982056
stim_87_flute.wav,64.9999988079071,60.0,48.723973631858826,29.42936897277832
stim_87_flute.wav,10.000000074505806,40.000001192092896,33.3467835187912,31.453503370285034
stim_87_flute.wav,25.000001192092896,30.0,40.40829956531525,28.032546043395996
stim_87_flute.wav,30.00000089406967,40.000001192092896,40.74646711349487,28.284217715263367
stim_87_flute.wav,0.0,20.000000596046448,31.131627559661865,29.464995861053467
stim_87_flute.wav,50.00000238418579,20.000000596046448,51.096768379211426,29.291004538536072
stim_87_flute.wav,60.00000178813934,20.000000596046448,48.25466752052307,28.19491982460022
stim_87_flute.wav,45.0,40.000001192092896,43.580051958560944,28.451027870178223
stim_87_flute.wav,10.000000074505806,20.000000596046448,35.64755022525787,30.90054988861084
stim_87_flute.wav,5.000000037252903,30.0,34.35999870300293,28.601696491241455
stim_87_flute.wav,84.99999761581421,20.000000596046448,48.886263370513916,30.20302176475525
stim_87_flute.wav,60.00000178813934,0.0,42.03014820814133,28.774938583374023
stim_87_flute.wav,5.000000037252903,60.0,33.83241355419159,30.866997241973877
stim_87_flute.wav,10.000000074505806,0.0,28.39126020669937,31.322872638702393
stim_87_flute.wav,30.00000089406967,60.0,40.10202616453171,28.03547501564026
stim_87_flute.wav,54.99999940395355,49.999998807907104,44.21129375696182,28.62484574317932
stim_87_flute.wav,80.00000059604645,10.000000298023224,47.650832533836365,27.210001945495605
stim_87_flute.wav,45.0,60.0,38.115922808647156,28.08284282684326
stim_87_flute.wav,60.00000178813934,60.0,48.18835258483887,30.675219297409058
stim_87_flute.wav,74.99999821186066,10.000000298023224,44.72101271152496,28.417189121246338
stim_87_flute.wav,25.000001192092896,49.999998807907104,33.30702245235443,32.079209089279175
stim_87_flute.wav,90.0,40.000001192092896,45.194406509399414,26.218655705451965
stim_87_flute.wav,70.0000011920929,0.0,45.75688719749451,29.125410318374634
stim_87_flute.wav,40.000000298023224,0.0,40.95898926258087,27.993480563163757
stim_87_flute.wav,0.0,49.999998807907104,32.481679916381836,28.341062664985657
stim_87_flute.wav,0.0,49.999998807907104,35.04401296377182,30.352052450180054
stim_87_flute.wav,74.99999821186066,0.0,47.734957337379456,27.042882442474365
stim_87_flute.wav,60.00000178813934,60.0,43.90040159225464,28.448671102523804
stim_87_flute.wav,50.00000238418579,60.0,40.65725952386856,29.178156852722168
stim_87_flute.wav,74.99999821186066,60.0,45.94648718833923,28.33785116672516
stim_87_flute.wav,60.00000178813934,20.000000596046448,47.78798460960388,29.558125734329224
stim_87_flute.wav,10.000000074505806,40.000001192092896,33.94780218601227,30.003032684326172
stim_87_flute.wav,80.00000059604645,49.999998807907104,46.24287664890289,28.282780051231384
stim_87_flute.wav,74.99999821186066,40.000001192092896,50.591922998428345,30.18288016319275
stim_87_flute.wav,84.99999761581421,40.000001192092896,47.209357023239136,28.952738642692566
stim_87_flute.wav,84.99999761581421,60.0,48.70866894721985,30.93547224998474
stim_87_flute.wav,70.0000011920929,40.000001192092896,42.245658338069916,28.031505346298218
stim_87_flute.wav,40.000000298023224,30.0,39.92014020681381,28.035884499549866
stim_101_flute.wav,45.0,20.000000596046448,54.40856695175171,27.292624711990356
stim_101_flute.wav,84.99999761581421,20.000000596046448,52.056559324264526,27.111852765083313
stim_101_flute.wav,60.00000178813934,10.000000298023224,47.25293219089508,29.757161736488342
stim_101_flute.wav,30.00000089406967,30.0,42.73138761520386,28.37621569633484
stim_101_flute.wav,0.0,20.000000596046448,30.109882950782776,30.90466618537903
stim_101_flute.wav,64.9999988079071,0.0,41.58541113138199,29.258124232292175
stim_101_flute.wav,80.00000059604645,0.0,54.056135416030884,23.969455361366272
stim_101_flute.wav,20.000000149011612,0.0,38.00689101219177,28.31238090991974
stim_101_flute.wav,10.000000074505806,49.999998807907104,33.58927130699158,30.621893405914307
stim_101_flute.wav,74.99999821186066,49.999998807907104,42.279231548309326,28.72052013874054
stim_101_flute.wav,10.000000074505806,40.000001192092896,32.26361632347107,27.73421287536621
stim_101_flute.wav,5.000000037252903,60.0,34.679696559906006,28.126714825630188
stim_101_flute.wav,0.0,60.0,26.196207404136658,31.042227745056152
stim_101_flute.wav,54.99999940395355,10.000000298023224,51.28573536872864,29.008256793022156
stim_101_flute.wav,0.0,40.000001192092896,27.576627731323242,33.70251417160034
stim_101_flute.wav,54.99999940395355,20.000000596046448,53.99436950683594,28.9482843875885
stim_101_flute.wav,50.00000238418579,0.0,42.085484862327576,28.528323769569397
stim_101_flute.wav,10.000000074505806,49.999998807907104,32.511924505233765,30.134718418121338
stim_101_flute.wav,70.0000011920929,30.0,43.09517294168472,31.15334987640381
stim_101_flute.wav,70.0000011920929,49.999998807907104,54.584723711013794,34.48781132698059
stim_101_flute.wav,90.0,60.0,52.73220777511597,25.54541766643524
stim_101_flute.wav,25.000001192092896,49.999998807907104,34.90534543991089,27.040793895721436
stim_101_flute.wav,5.000000037252903,40.000001192092896,35.558498203754425,29.351525902748108
stim_101_flute.wav,80.00000059604645,0.0,55.10288894176483,31.20632529258728
stim_101_flute.wav,84.99999761581421,20.000000596046448,52.18206524848938,29.105966091156006
stim_101_flute.wav,35.00000059604645,10.000000298023224,40.76390415430069,26.028642654418945
stim_101_flute.wav,64.9999988079071,40.000001192092896,52.154728174209595,29.851056933403015
stim_101_flute.wav,54.99999940395355,10.000000298023224,43.923085033893585,28.697104454040527
stim_101_flute.wav,80.00000059604645,60.0,46.84088051319122,28.573002219200134
stim_101_flute.wav,90.0,60.0,53.8539719581604,29.300955533981323
stim_101_flute.wav,5.000000037252903,30.0,29.924907088279724,30.469504594802856
stim_101_flute.wav,0.0,49.999998807907104,26.778788566589355,32.00031638145447
stim_101_flute.wav,74.99999821186066,60.0,51.74055755138397,25.96780836582184
stim_101_flute.wav,0.0,49.999998807907104,34.038125574588776,36.8557870388031
stim_101_flute.wav,64.9999988079071,30.0,44.27995830774307,28.44480872154236
stim_101_flute.wav,15.000000447034836,10.000000298023224,34.15722906589508,29.963436126708984
stim_101_flute.wav,45.0,20.000000596046448,54.509761333465576,28.43222200870514
stim_101_flute.wav,84.99999761581421,20.000000596046448,53.47427308559418,28.873929977416992
stim_101_flute.wav,80.00000059604645,40.000001192092896,41.253511905670166,28.41183364391327
stim_101_flute.wav,10.000000074505806,0.0,33.624263405799866,28.752593994140625
stim_101_flute.wav,0.0,0.0,39.21951234340668,37.349066734313965
stim_101_flute.wav,10.000000074505806,20.000000596046448,31.154675781726837,30.2431583404541
stim_101_flute.wav,20.000000149011612,10.000000298023224,38.19963455200195,29.31097447872162
stim_101_flute.wav,20.000000149011612,30.0,38.6160072684288,28.752880096435547
stim_101_flute.wav,25.000001192092896,49.999998807907104,45.715237855911255,29.032339453697205
stim_101_flute.wav,20.000000149011612,20.000000596046448,35.55316597223282,32.05867052078247
stim_101_flute.wav,30.00000089406967,20.000000596046448,41.42251789569855,25.651668906211853
stim_101_flute.wav,74.99999821186066,0.0,46.13427937030792,27.286986708641052
stim_101_flute.wav,80.00000059604645,40.000001192092896,38.889997601509094,28.717973828315735
stim_101_flute.wav,35.00000059604645,49.999998807907104,51.31044387817383,24.1737699508667
stim_101_flute.wav,60.00000178813934,10.000000298023224,49.8704731464386,27.043381333351135
stim_101_flute.wav,40.000000298023224,60.0,39.40248727798462,31.0227370262146
stim_101_flute.wav,0.0,10.000000298023224,33.859393894672394,31.324607133865356
stim_101_flute.wav,74.99999821186066,20.000000596046448,57.21548795700073,22.439993619918823
stim_101_flute.wav,64.9999988079071,20.000000596046448,48.215142488479614,30.415867567062378
stim_101_flute.wav,64.9999988079071,10.000000298023224,41.30619317293167,28.165186643600464
stim_101_flute.wav,5.000000037252903,49.999998807907104,17.75613784790039,28.245012760162354
stim_101_flute.wav,60.00000178813934,49.999998807907104,41.33804976940155,28.524050116539
stim_101_flute.wav,20.000000149011612,0.0,41.359174847602844,28.189516067504883
stim_101_flute.wav,74.99999821186066,20.000000596046448,48.617103695869446,26.46617352962494
stim_101_flute.wav,74.99999821186066,49.999998807907104,50.76810657978058,29.93755280971527
stim_101_flute.wav,10.000000074505806,40.000001192092896,35.92010021209717,29.292261600494385
stim_101_flute.wav,74.99999821186066,0.0,50.45391261577606,24.154951572418213
stim_101_flute.wav,90.0,0.0,55.58629274368286,33.314881324768066
stim_101_flute.wav,20.000000149011612,40.000001192092896,35.85620194673538,27.847459316253662
stim_101_flute.wav,50.00000238418579,30.0,47.074280977249146,33.48452568054199
stim_101_flute.wav,40.000000298023224,10.000000298023224,44.12376791238785,30.973609685897827
stim_101_flute.wav,10.000000074505806,40.000001192092896,38.30915987491608,28.58907401561737
stim_101_flute.wav,15.000000447034836,30.0,35.75083673000336,27.511183619499207
stim_101_flute.wav,25.000001192092896,10.000000298023224,46.89667582511902,22.912986874580383
stim_101_flute.wav,30.00000089406967,49.999998807907104,39.38136488199234,28.13419282436371
stim_101_flute.wav,74.99999821186066,30.0,49.72439467906952,26.727848052978516
stim_101_flute.wav,54.99999940395355,20.000000596046448,50.65703094005585,27.096521258354187
stim_101_flute.wav,20.000000149011612,0.0,38.48081052303314,28.656352758407593
stim_101_flute.wav,50.00000238418579,20.000000596046448,49.672316908836365,27.331436276435852
stim_101_flute.wav,80.00000059604645,40.000001192092896,41.87236726284027,29.671563506126404
stim_101_flute.wav,84.99999761581421,60.0,44.08395856618881,28.108271956443787
stim_101_flute.wav,54.99999940395355,10.000000298023224,47.321253418922424,30.07349967956543
stim_101_flute.wav,45.0,10.000000298023224,47.31959581375122,29.925581216812134
stim_101_flute.wav,50.00000238418579,10.000000298023224,51.19928777217865,27.170146107673645
stim_101_flute.wav,84.99999761581421,49.999998807907104,45.73354125022888,28.280882835388184
stim_101_flute.wav,80.00000059604645,0.0,57.327287793159485,21.237151622772217
stim_101_flute.wav,54.99999940395355,0.0,48.90162706375122,32.230632305145264
stim_101_flute.wav,0.0,60.0,24.901596307754517,31.09662652015686
stim_101_flute.wav,70.0000011920929,20.000000596046448,45.87791919708252,29.020065665245056
stim_101_flute.wav,15.000000447034836,49.999998807907104,34.468751549720764,27.699878811836243
stim_101_flute.wav,50.00000238418579,10.000000298023224,47.81695246696472,28.160126209259033
stim_101_flute.wav,45.0,40.000001192092896,45.472519397735596,26.504831314086914
stim_101_flute.wav,20.000000149011612,40.000001192092896,34.701953530311584,29.219282269477844
stim_101_flute.wav,5.000000037252903,60.0,37.97788292169571,28.86539340019226
stim_101_flute.wav,25.000001192092896,49.999998807907104,45.18274962902069,27.700558304786682
stim_101_flute.wav,70.0000011920929,20.000000596046448,52.018611431121826,26.90354883670807
stim_101_flute.wav,40.000000298023224,40.000001192092896,45.948724150657654,23.224952816963196
stim_101_flute.wav,30.00000089406967,10.000000298023224,38.75046908855438,26.080915331840515
stim_101_flute.wav,0.0,0.0,35.03735035657883,31.160134077072144
stim_101_flute.wav,0.0,60.0,28.236751556396484,30.73446035385132
stim_101_flute.wav,35.00000059604645,60.0,38.29482614994049,28.280210494995117
stim_101_flute.wav,5.000000037252903,10.000000298023224,35.035397708415985,28.063486218452454
stim_101_flute.wav,50.00000238418579,20.000000596046448,49.21133637428284,26.61826193332672
stim_101_flute.wav,40.000000298023224,60.0,43.911369144916534,32.91612982749939
stim_101_flute.wav,25.000001192092896,49.999998807907104,38.98820400238037,29.30963158607483
stim_101_flute.wav,5.000000037252903,40.000001192092896,30.7092547416687,28.4763103723526
stim_101_flute.wav,10.000000074505806,49.999998807907104,31.48406982421875,33.246281147003174
stim_101_flute.wav,80.00000059604645,49.999998807907104,42.52065986394882,28.12865674495697
stim_101_flute.wav,5.000000037252903,20.000000596046448,33.57290178537369,29.194992184638977
stim_101_flute.wav,60.00000178813934,0.0,45.909236669540405,23.00218105316162
stim_101_flute.wav,20.000000149011612,20.000000596046448,41.222932040691376,28.179479241371155
stim_101_flute.wav,10.000000074505806,20.000000596046448,34.143624901771545,29.272524118423462
stim_101_flute.wav,74.99999821186066,20.000000596046448,50.63839495182037,23.798439502716064
stim_101_flute.wav,84.99999761581421,49.999998807907104,41.94780170917511,28.708943724632263
stim_101_flute.wav,80.00000059604645,20.000000596046448,56.91274702548981,20.702558755874634
stim_101_flute.wav,10.000000074505806,20.000000596046448,37.65543580055237,28.606148958206177
stim_101_flute.wav,15.000000447034836,40.000001192092896,36.33607864379883,29.046614170074463
stim_101_flute.wav,15.000000447034836,30.0,38.140647411346436,28.657345175743103
stim_101_flute.wav,25.000001192092896,40.000001192092896,40.84874242544174,28.257481455802917
stim_101_flute.wav,54.99999940395355,10.000000298023224,42.05983489751816,28.183579444885254
stim_101_flute.wav,64.9999988079071,0.0,44.65270757675171,27.536335587501526
stim_101_flute.wav,90.0,60.0,45.71992099285126,27.899402976036072
stim_101_flute.wav,25.000001192092896,30.0,38.56391340494156,31.003936529159546
stim_101_flute.wav,5.000000037252903,40.000001192092896,26.31160408258438,27.955620288848877
stim_101_flute.wav,84.99999761581421,20.000000596046448,52.329039573669434,28.131566047668457
stim_101_flute.wav,30.00000089406967,49.999998807907104,42.85935580730438,28.12813639640808
stim_101_flute.wav,74.99999821186066,40.000001192092896,45.363165736198425,29.81732726097107
stim_101_flute.wav,10.000000074505806,30.0,45.4763388633728,32.591049671173096
stim_101_flute.wav,40.000000298023224,49.999998807907104,40.998578667640686,28.536046743392944
stim_101_flute.wav,64.9999988079071,49.999998807907104,45.00307381153107,29.642305970191956
stim_101_flute.wav,84.99999761581421,0.0,51.259814500808716,24.57594394683838
stim_101_flute.wav,15.000000447034836,10.000000298023224,37.730693221092224,28.658262491226196
stim_101_flute.wav,5.000000037252903,20.000000596046448,38.78094166517258,32.161842584609985
stim_66_flute.wav,25.000001192092896,0.0,49.49248015880585,22.49903440475464
stim_66_flute.wav,25.000001192092896,60.0,40.54600149393082,28.87567698955536
stim_66_flute.wav,0.0,0.0,21.861125975847244,27.837231159210205
stim_66_flute.wav,70.0000011920929,20.000000596046448,60.81713140010834,28.145252466201782
stim_66_flute.wav,60.00000178813934,60.0,54.44242179393768,31.164711713790894
stim_66_flute.wav,5.000000037252903,0.0,21.253474205732346,30.89459538459778
stim_66_flute.wav,20.000000149011612,60.0,39.11661475896835,23.087568283081055
stim_66_flute.wav,20.000000149011612,30.0,45.61424195766449,26.326829195022583
stim_66_flute.wav,10.000000074505806,30.0,22.6846781373024,28.823193311691284
stim_66_flute.wav,60.00000178813934,10.000000298023224,55.45118987560272,23.51177215576172
stim_66_flute.wav,60.00000178813934,40.000001192092896,67.04448580741882,36.762728691101074
stim_66_flute.wav,50.00000238418579,49.999998807907104,47.98732101917267,23.781242966651917
stim_66_flute.wav,0.0,0.0,19.946600049734116,28.161597847938538
stim_66_flute.wav,30.00000089406967,49.999998807907104,43.21384459733963,23.42349886894226
stim_66_flute.wav,60.00000178813934,10.000000298023224,53.82003128528595,22.018062472343445
stim_66_flute.wav,84.99999761581421,30.0,68.33592653274536,35.45185089111328
stim_66_flute.wav,35.00000059604645,60.0,50.74857473373413,20.11947512626648
stim_66_flute.wav,0.0,49.999998807907104,20.174456387758255,30.09787917137146
stim_66_flute.wav,70.0000011920929,0.0,60.84953784942627,26.349218487739563
stim_66_flute.wav,70.0000011920929,40.000001192092896,55.68468689918518,24.077764749526978
stim_66_flute.wav,40.000000298023224,20.000000596046448,46.971697211265564,26.86781108379364
stim_66_flute.wav,50.00000238418579,30.0,66.25702142715454,38.48880171775818
stim_66_flute.wav,54.99999940395355,10.000000298023224,58.84772479534149,25.400195717811584
stim_66_flute.wav,70.0000011920929,60.0,64.62061643600464,31.740857362747192
stim_66_flute.wav,70.0000011920929,10.000000298023224,52.4678760766983,19.82500970363617
stim_66_flute.wav,54.99999940395355,49.999998807907104,47.50095069408417,31.755523681640625
stim_66_flute.wav,90.0,40.000001192092896,64.73262012004852,25.37774384021759
stim_66_flute.wav,54.99999940395355,20.000000596046448,52.316803336143494,27.326209545135498
stim_66_flute.wav,50.00000238418579,30.0,53.49048435688019,35.009998083114624
stim_66_flute.wav,25.000001192092896,20.000000596046448,45.79074740409851,18.400738835334778
stim_66_flute.wav,10.000000074505806,60.0,30.07707953453064,28.067275285720825
stim_66_flute.wav,50.00000238418579,49.999998807907104,48.38171303272247,33.43001961708069
stim_66_flute.wav,45.0,20.000000596046448,57.91438579559326,35.05986928939819
stim_66_flute.wav,30.00000089406967,10.000000298023224,44.34556245803833,26.69368028640747
stim_66_flute.wav,50.00000238418579,20.000000596046448,60.58790445327759,30.421088933944702
stim_66_flute.wav,5.000000037252903,30.0,34.65564250946045,32.539730072021484
stim_66_flute.wav,25.000001192092896,10.000000298023224,48.193395137786865,22.526426911354065
stim_66_flute.wav,54.99999940395355,60.0,59.674338698387146,30.512359142303467
stim_66_flute.wav,84.99999761581421,20.000000596046448,61.13089084625244,26.58860206604004
stim_66_flute.wav,35.00000059604645,20.000000596046448,47.5895494222641,28.607917428016663
stim_66_flute.wav,15.000000447034836,49.999998807907104,16.66635900735855,39.636064767837524
stim_66_flute.wav,84.99999761581421,20.000000596046448,69.85430896282196,33.51083278656006
stim_66_flute.wav,84.99999761581421,30.0,58.92096519470215,24.82818067073822
stim_66_flute.wav,20.000000149011612,49.999998807907104,30.92698574066162,22.737902998924255
stim_66_flute.wav,10.000000074505806,40.000001192092896,35.40643036365509,31.117730140686035
stim_66_flute.wav,35.00000059604645,10.000000298023224,39.81539726257324,30.975608825683594
stim_66_flute.wav,35.00000059604645,20.000000596046448,49.08416211605072,33.27909708023071
stim_66_flute.wav,80.00000059604645,0.0,62.18205392360687,27.618836760520935
stim_66_flute.wav,40.000000298023224,10.000000298023224,44.5412215590477,25.176002383232117
stim_66_flute.wav,0.0,30.0,2.2814521193504333,28.11246693134308
stim_66_flute.wav,74.99999821186066,60.0,66.0162878036499,29.947916865348816
stim_66_flute.wav,50.00000238418579,60.0,57.116267681121826,36.038639545440674
stim_66_flute.wav,35.00000059604645,20.000000596046448,49.708521366119385,26.359316110610962
stim_66_flute.wav,45.0,60.0,57.66247808933258,27.81284987926483
stim_66_flute.wav,74.99999821186066,0.0,67.9857587814331,20.561732053756714
stim_66_flute.wav,90.0,20.000000596046448,70.36981880664825,18.156936764717102
stim_66_flute.wav,15.000000447034836,10.000000298023224,26.308777034282684,20.198834538459778
stim_66_flute.wav,0.0,30.0,31.317402720451355,30.313725471496582
stim_66_flute.wav,5.000000037252903,0.0,18.48560482263565,28.13205599784851
stim_66_flute.wav,80.00000059604645,30.0,61.96617364883423,33.33375692367554
stim_66_flute.wav,60.00000178813934,10.000000298023224,48.483787178993225,23.966116905212402
stim_66_flute.wav,10.000000074505806,30.0,32.049095928668976,31.49659752845764
stim_66_flute.wav,5.000000037252903,20.000000596046448,21.10227942466736,25.011895895004272
stim_66_flute.wav,5.000000037252903,0.0,29.620465636253357,30.250471830368042
stim_66_flute.wav,10.000000074505806,20.000000596046448,50.373972058296204,31.81232213973999
stim_66_flute.wav,64.9999988079071,0.0,58.01724314689636,17.417011857032776
stim_66_flute.wav,30.00000089406967,20.000000596046448,46.42738580703735,26.736239790916443
stim_66_flute.wav,20.000000149011612,0.0,51.741737723350525,22.583513259887695
stim_66_flute.wav,20.000000149011612,20.000000596046448,31.336213052272797,30.470699071884155
stim_66_flute.wav,15.000000447034836,49.999998807907104,25.03972202539444,21.480665802955627
stim_66_flute.wav,80.00000059604645,49.999998807907104,65.95810532569885,18.874953389167786
stim_66_flute.wav,15.000000447034836,40.000001192092896,27.518633008003235,27.093413472175598
stim_66_flute.wav,0.0,0.0,19.183266162872314,29.455997943878174
stim_66_flute.wav,45.0,40.000001192092896,47.32406437397003,28.244565725326538
stim_66_flute.wav,5.000000037252903,20.000000596046448,7.999551594257355,26.895883083343506
stim_66_flute.wav,80.00000059604645,40.000001192092896,61.77986204624176,29.84845519065857
stim_66_flute.wav,70.0000011920929,49.999998807907104,60.72726130485535,41.448819637298584
stim_66_flute.wav,30.00000089406967,20.000000596046448,41.78146719932556,34.91615295410156
stim_66_flute.wav,70.0000011920929,10.000000298023224,60.56290626525879,22.76425838470459
stim_66_flute.wav,25.000001192092896,40.000001192092896,54.59573149681091,28.81549894809723
stim_66_flute.wav,54.99999940395355,10.000000298023224,55.03344655036926,22.658559679985046
stim_66_flute.wav,10.000000074505806,20.000000596046448,28.566319942474365,42.04494595527649
stim_66_flute.wav,5.000000037252903,30.0,24.811077117919922,33.593233823776245
stim_66_flute.wav,54.99999940395355,60.0,53.5666161775589,34.40739154815674
stim_66_flute.wav,64.9999988079071,20.000000596046448,54.622183442115784,28.623763918876648
stim_66_flute.wav,5.000000037252903,40.000001192092896,31.23240888118744,31.871602535247803
stim_66_flute.wav,45.0,60.0,56.403170228004456,30.47492265701294
stim_66_flute.wav,0.0,60.0,11.978066861629486,28.02106261253357
stim_66_flute.wav,70.0000011920929,30.0,64.02642130851746,30.28696060180664
stim_66_flute.wav,25.000001192092896,30.0,38.3742892742157,28.89262318611145
stim_66_flute.wav,50.00000238418579,49.999998807907104,63.1696218252182,34.944995641708374
stim_66_flute.wav,90.0,30.0,59.66931760311127,22.041859030723572
stim_66_flute.wav,10.000000074505806,30.0,38.4400999546051,31.205649375915527
stim_66_flute.wav,90.0,0.0,65.08952021598816,29.625180959701538
stim_66_flute.wav,64.9999988079071,30.0,69.47497487068176,36.20429992675781
stim_66_flute.wav,45.0,49.999998807907104,44.13689732551575,26.936232447624207
stim_66_flute.wav,80.00000059604645,60.0,71.67396783828735,25.47688364982605
stim_66_flute.wav,70.0000011920929,10.000000298023224,55.90113043785095,21.831411123275757
stim_66_flute.wav,60.00000178813934,10.000000298023224,59.26469564437866,25.966145396232605
stim_66_flute.wav,20.000000149011612,20.000000596046448,32.99791932106018,24.388802647590637
stim_66_flute.wav,64.9999988079071,30.0,59.17532444000244,30.108507871627808
stim_66_flute.wav,40.000000298023224,10.000000298023224,43.54811489582062,27.059569358825684
stim_66_flute.wav,0.0,10.000000298023224,18.40085506439209,27.308680415153503
stim_66_flute.wav,80.00000059604645,49.999998807907104,65.5482530593872,25.183335542678833
stim_66_flute.wav,84.99999761581421,30.0,63.698633909225464,32.23259210586548
stim_66_flute.wav,40.000000298023224,30.0,44.41280275583267,23.354617953300476
stim_66_flute.wav,35.00000059604645,49.999998807907104,38.5016405582428,37.930744886398315
stim_66_flute.wav,25.000001192092896,20.000000596046448,61.47476077079773,16.674327850341797
stim_66_flute.wav,35.00000059604645,30.0,50.81205725669861,27.933241724967957
stim_66_flute.wav,15.000000447034836,40.000001192092896,35.03337264060974,36.06343746185303
stim_66_flute.wav,15.000000447034836,0.0,31.74652397632599,22.805975675582886
stim_66_flute.wav,74.99999821186066,60.0,69.26047325134277,38.2124662399292
stim_66_flute.wav,70.0000011920929,0.0,53.14141631126404,28.487725853919983
stim_66_flute.wav,60.00000178813934,10.000000298023224,56.931034326553345,24.10962224006653
stim_66_flute.wav,84.99999761581421,60.0,64.40156579017639,26.15413784980774
stim_66_flute.wav,10.000000074505806,40.000001192092896,30.70404589176178,30.12250542640686
stim_102_flute.wav,35.00000059604645,30.0,40.96664160490036,27.778170704841614
stim_102_flute.wav,20.000000149011612,0.0,40.164921283721924,28.062599301338196
stim_102_flute.wav,80.00000059604645,10.000000298023224,61.007466316223145,24.551655650138855
stim_102_flute.wav,25.000001192092896,10.000000298023224,43.29031974077225,27.56914794445038
stim_102_flute.wav,5.000000037252903,0.0,34.248094260692596,27.667089700698853
stim_102_flute.wav,54.99999940395355,0.0,46.75364434719086,27.954407930374146
stim_102_flute.wav,50.00000238418579,40.000001192092896,46.877546310424805,26.90650463104248
stim_102_flute.wav,45.0,40.000001192092896,46.46262466907501,31.331470012664795
stim_102_flute.wav,35.00000059604645,60.0,43.9879435300827,30.808181762695312
stim_102_flute.wav,74.99999821186066,20.000000596046448,46.90460443496704,26.39278292655945
stim_102_flute.wav,74.99999821186066,49.999998807907104,62.39155054092407,33.42931509017944
stim_102_flute.wav,25.000001192092896,40.000001192092896,35.936791598796844,29.39951241016388
stim_102_flute.wav,25.000001192092896,10.000000298023224,42.557440996170044,27.53050446510315
stim_102_flute.wav,54.99999940395355,10.000000298023224,53.96039128303528,25.56229054927826
stim_102_flute.wav,54.99999940395355,20.000000596046448,49.52744007110596,23.828723430633545
stim_102_flute.wav,0.0,30.0,35.61468780040741,29.485403895378113
stim_102_flute.wav,74.99999821186066,10.000000298023224,49.43105220794678,23.846211433410645
stim_102_flute.wav,35.00000059604645,40.000001192092896,49.28424417972565,26.67872965335846
stim_102_flute.wav,30.00000089406967,60.0,41.491887867450714,23.037777543067932
stim_102_flute.wav,15.000000447034836,0.0,35.53778350353241,30.43999671936035
stim_102_flute.wav,64.9999988079071,30.0,62.23855197429657,36.94665312767029
stim_102_flute.wav,5.000000037252903,60.0,26.944401562213898,31.790002584457397
stim_102_flute.wav,50.00000238418579,30.0,47.838855385780334,32.105594873428345
stim_102_flute.wav,80.00000059604645,60.0,57.80155599117279,32.19867825508118
stim_102_flute.wav,70.0000011920929,10.000000298023224,45.63371479511261,26.43672287464142
stim_102_flute.wav,10.000000074505806,30.0,36.976370215415955,32.68883943557739
stim_102_flute.wav,15.000000447034836,60.0,28.569592237472534,33.082154989242554
stim_102_flute.wav,90.0,10.000000298023224,58.39510202407837,21.56920552253723
stim_102_flute.wav,70.0000011920929,0.0,45.92388153076172,25.25147795677185
stim_102_flute.wav,30.00000089406967,20.000000596046448,38.76721680164337,30.54388403892517
stim_102_flute.wav,60.00000178813934,30.0,39.850507378578186,28.39132010936737
stim_102_flute.wav,20.000000149011612,49.999998807907104,39.79668080806732,29.352795481681824
stim_102_flute.wav,15.000000447034836,60.0,32.31238156557083,34.715012311935425
stim_102_flute.wav,90.0,30.0,63.60380172729492,26.593227982521057
stim_102_flute.wav,25.000001192092896,40.000001192092896,33.06022971868515,34.944788217544556
stim_102_flute.wav,74.99999821186066,0.0,48.938233852386475,27.407294511795044
stim_102_flute.wav,90.0,0.0,52.569172382354736,31.17470383644104
stim_102_flute.wav,40.000000298023224,60.0,43.69438648223877,29.046106338500977
stim_102_flute.wav,5.000000037252903,0.0,18.32608312368393,22.17998743057251
stim_102_flute.wav,15.000000447034836,10.000000298023224,36.65639877319336,29.851505756378174
stim_102_flute.wav,35.00000059604645,60.0,41.376909613609314,28.086190223693848
stim_102_flute.wav,40.000000298023224,0.0,48.82407367229462,34.761972427368164
stim_102_flute.wav,35.00000059604645,40.000001192092896,44.48579639196396,23.18169593811035
stim_102_flute.wav,0.0,20.000000596046448,30.592380166053772,32.49650001525879
stim_102_flute.wav,54.99999940395355,60.0,54.693835973739624,23.580880165100098
stim_102_flute.wav,74.99999821186066,60.0,48.87240707874298,35.46083450317383
stim_102_flute.wav,20.000000149011612,10.000000298023224,38.96466761827469,29.57295835018158
stim_102_flute.wav,0.0,30.0,38.86092782020569,33.10759663581848
stim_102_flute.wav,45.0,49.999998807907104,49.92281913757324,32.83882141113281
stim_102_flute.wav,80.00000059604645,49.999998807907104,55.21179735660553,28.404990434646606
stim_102_flute.wav,5.000000037252903,10.000000298023224,22.215634882450104,27.53868341445923
stim_102_flute.wav,60.00000178813934,40.000001192092896,50.09320914745331,24.73716974258423
stim_102_flute.wav,84.99999761581421,0.0,51.44527316093445,27.48056173324585
stim_102_flute.wav,5.000000037252903,30.0,22.98480123281479,24.274731874465942
stim_102_flute.wav,5.000000037252903,40.000001192092896,30.580522119998932,30.748794078826904
stim_102_flute.wav,35.00000059604645,60.0,38.09551924467087,33.66435527801514
stim_102_flute.wav,70.0000011920929,49.999998807907104,55.94644367694855,31.65145754814148
stim_102_flute.wav,5.000000037252903,20.000000596046448,21.455703377723694,23.310205936431885
stim_102_flute.wav,80.00000059604645,0.0,53.1199586391449,23.693736791610718
stim_102_flute.wav,70.0000011920929,49.999998807907104,44.09018665552139,29.637431502342224
stim_102_flute.wav,84.99999761581421,30.0,53.88697385787964,34.93576169013977
stim_102_flute.wav,35.00000059604645,30.0,38.67392688989639,30.382239818572998
stim_102_flute.wav,0.0,30.0,32.92415052652359,30.349502563476562
stim_102_flute.wav,0.0,49.999998807907104,40.871243476867676,32.80062675476074
stim_102_flute.wav,30.00000089406967,60.0,38.41987073421478,35.78746318817139
stim_102_flute.wav,64.9999988079071,10.000000298023224,44.7877112030983,25.44513702392578
stim_102_flute.wav,25.000001192092896,0.0,46.39934062957764,26.59382700920105
stim_102_flute.wav,80.00000059604645,20.000000596046448,50.25113224983215,28.672404885292053
stim_102_flute.wav,64.9999988079071,49.999998807907104,44.128585159778595,24.963625073432922
stim_102_flute.wav,54.99999940395355,20.000000596046448,48.850842118263245,14.795965254306793
stim_102_flute.wav,30.00000089406967,10.000000298023224,38.85836362838745,34.323105812072754
stim_102_flute.wav,25.000001192092896,10.000000298023224,46.20104491710663,26.336427927017212
stim_102_flute.wav,45.0,49.999998807907104,49.642351269721985,29.929908514022827
stim_102_flute.wav,70.0000011920929,60.0,38.03223520517349,29.722078442573547
stim_102_flute.wav,25.000001192092896,30.0,38.78240883350372,32.4856960773468
stim_102_flute.wav,64.9999988079071,10.000000298023224,43.36999475955963,26.62552535533905
stim_102_flute.wav,5.000000037252903,60.0,29.6937757730484,34.5814847946167
stim_102_flute.wav,90.0,0.0,43.384918570518494,30.009169578552246
stim_102_flute.wav,50.00000238418579,30.0,42.390156984329224,28.993349075317383
stim_102_flute.wav,35.00000059604645,60.0,37.54782021045685,30.2846360206604
stim_102_flute.wav,15.000000447034836,20.000000596046448,36.1174812912941,29.42289412021637
stim_102_flute.wav,5.000000037252903,20.000000596046448,19.882456362247467,22.314448356628418
stim_102_flute.wav,30.00000089406967,10.000000298023224,41.50576829910278,26.80245816707611
stim_102_flute.wav,74.99999821186066,30.0,35.84607928991318,30.80113649368286
stim_102_flute.wav,25.000001192092896,10.000000298023224,44.89944934844971,24.79930579662323
stim_102_flute.wav,70.0000011920929,60.0,47.42478132247925,29.270732402801514
stim_102_flute.wav,60.00000178813934,40.000001192092896,49.79354739189148,31.464614868164062
stim_102_flute.wav,30.00000089406967,10.000000298023224,40.47095060348511,28.71603548526764
stim_102_flute.wav,0.0,10.000000298023224,26.377068758010864,28.45144271850586
stim_102_flute.wav,70.0000011920929,40.000001192092896,46.33033275604248,29.54798698425293
stim_102_flute.wav,5.000000037252903,10.000000298023224,31.877380907535553,27.2168630361557
stim_102_flute.wav,10.000000074505806,30.0,37.46075302362442,31.484931707382202
stim_102_flute.wav,80.00000059604645,60.0,54.102033376693726,32.651846408843994
stim_102_flute.wav,60.00000178813934,0.0,39.21227842569351,21.201210021972656
stim_102_flute.wav,20.000000149011612,10.000000298023224,40.239272117614746,28.221044540405273
stim_102_flute.wav,64.9999988079071,20.000000596046448,40.723290145397186,32.18942642211914
stim_102_flute.wav,70.0000011920929,0.0,46.72217130661011,24.039271473884583
stim_102_flute.wav,25.000001192092896,0.0,50.832887291908264,24.29915428161621
stim_102_flute.wav,25.000001192092896,10.000000298023224,51.93980813026428,22.252821922302246
stim_102_flute.wav,30.00000089406967,49.999998807907104,44.79350209236145,27.005388736724854
stim_102_flute.wav,25.000001192092896,0.0,44.805083870887756,26.30172550678253
stim_102_flute.wav,0.0,40.000001192092896,36.86146706342697,33.087358474731445
stim_102_flute.wav,70.0000011920929,49.999998807907104,45.73017776012421,33.03951859474182
stim_102_flute.wav,90.0,40.000001192092896,58.78933310508728,28.53665292263031
stim_102_flute.wav,84.99999761581421,10.000000298023224,54.07064080238342,24.58475410938263
stim_102_flute.wav,30.00000089406967,49.999998807907104,39.835803508758545,27.53289520740509
stim_102_flute.wav,35.00000059604645,40.000001192092896,52.461369037628174,24.545361399650574
stim_102_flute.wav,45.0,0.0,50.75106918811798,26.903318166732788
stim_102_flute.wav,10.000000074505806,40.000001192092896,31.138644218444824,31.417300701141357
stim_102_flute.wav,54.99999940395355,20.000000596046448,47.79149830341339,25.593252182006836
stim_102_flute.wav,80.00000059604645,49.999998807907104,57.467122077941895,23.052445650100708
stim_102_flute.wav,45.0,0.0,57.585225105285645,32.8212833404541
stim_102_flute.wav,45.0,60.0,43.510384261608124,35.89882850646973
stim_102_flute.wav,30.00000089406967,30.0,49.34600472450256,25.509114861488342
stim_102_flute.wav,60.00000178813934,10.000000298023224,46.71939790248871,25.458009839057922
stim_102_flute.wav,64.9999988079071,10.000000298023224,48.31587553024292,27.673882842063904
stim_102_flute.wav,45.0,40.000001192092896,45.74134647846222,31.046472787857056
stim_102_flute.wav,20.000000149011612,60.0,38.10493379831314,32.20108151435852
stim_102_flute.wav,0.0,0.0,33.24940323829651,30.843615531921387
stim_90_flute.wav,10.000000074505806,0.0,26.935799717903137,30.13255476951599
stim_90_flute.wav,20.000000149011612,49.999998807907104,28.439043760299683,22.03565239906311
stim_90_flute.wav,50.00000238418579,20.000000596046448,52.348254919052124,26.444186568260193
stim_90_flute.wav,54.99999940395355,10.000000298023224,56.49292767047882,28.57679843902588
stim_90_flute.wav,25.000001192092896,20.000000596046448,42.73919552564621,22.118557691574097
stim_90_flute.wav,45.0,20.000000596046448,56.65742754936218,25.96729338169098
stim_90_flute.wav,80.00000059604645,10.000000298023224,59.03560817241669,20.228179693222046
stim_90_flute.wav,0.0,10.000000298023224,31.82011842727661,27.97947406768799
stim_90_flute.wav,74.99999821186066,40.000001192092896,57.730568647384644,23.1248939037323
stim_90_flute.wav,10.000000074505806,0.0,26.605700254440308,25.966960787773132
stim_90_flute.wav,74.99999821186066,10.000000298023224,49.8608922958374,23.354305028915405
stim_90_flute.wav,20.000000149011612,20.000000596046448,39.93699789047241,30.155246257781982
stim_90_flute.wav,30.00000089406967,60.0,44.25392746925354,28.42275381088257
stim_90_flute.wav,15.000000447034836,20.000000596046448,24.37739610671997,20.542627573013306
stim_90_flute.wav,10.000000074505806,0.0,32.47957706451416,25.431536436080933
stim_90_flute.wav,0.0,10.000000298023224,36.0657924413681,28.39910387992859
stim_90_flute.wav,74.99999821186066,49.999998807907104,59.51266050338745,33.354856967926025
stim_90_flute.wav,64.9999988079071,0.0,51.903769969940186,23.694249987602234
stim_90_flute.wav,40.000000298023224,40.000001192092896,41.246170699596405,26.86493754386902
stim_90_flute.wav,25.000001192092896,49.999998807907104,27.78033882379532,34.37251925468445
stim_90_flute.wav,50.00000238418579,49.999998807907104,43.797367215156555,29.810866713523865
stim_90_flute.wav,40.000000298023224,49.999998807907104,41.32938086986542,30.885987281799316
stim_90_flute.wav,5.000000037252903,30.0,21.359593123197556,25.244813561439514
stim_90_flute.wav,5.000000037252903,10.000000298023224,22.58805423974991,26.33092761039734
stim_90_flute.wav,25.000001192092896,40.000001192092896,34.0508633852005,36.857850551605225
stim_90_flute.wav,20.000000149011612,20.000000596046448,35.176245868206024,28.23060929775238
stim_90_flute.wav,10.000000074505806,0.0,27.72675633430481,24.85966980457306
stim_90_flute.wav,50.00000238418579,20.000000596046448,53.98598492145538,27.44408905506134
stim_90_flute.wav,64.9999988079071,10.000000298023224,51.25014781951904,24.939594268798828
stim_90_flute.wav,15.000000447034836,20.000000596046448,29.81511354446411,25.039397478103638
stim_90_flute.wav,54.99999940395355,40.000001192092896,45.93464255332947,23.425303101539612
stim_90_flute.wav,70.0000011920929,0.0,45.881250500679016,26.231998801231384
stim_90_flute.wav,30.00000089406967,10.000000298023224,35.71716159582138,31.202588081359863
stim_90_flute.wav,0.0,60.0,21.082042157649994,26.0783851146698
stim_90_flute.wav,90.0,60.0,47.403141260147095,27.55533993244171
stim_90_flute.wav,90.0,30.0,54.00509834289551,23.774061799049377
stim_90_flute.wav,50.00000238418579,20.000000596046448,46.16098344326019,16.599331498146057
stim_90_flute.wav,45.0,20.000000596046448,52.51956224441528,29.97936487197876
stim_90_flute.wav,74.99999821186066,20.000000596046448,49.14462983608246,23.888343572616577
stim_90_flute.wav,74.99999821186066,60.0,44.30467486381531,25.081538558006287
stim_90_flute.wav,60.00000178813934,49.999998807907104,43.96466463804245,27.541832327842712
stim_90_flute.wav,84.99999761581421,30.0,66.53479099273682,39.77636218070984
stim_90_flute.wav,60.00000178813934,60.0,49.907514452934265,24.904639720916748
stim_90_flute.wav,54.99999940395355,10.000000298023224,51.63905203342438,27.983297109603882
stim_90_flute.wav,84.99999761581421,60.0,62.625203132629395,23.328750729560852
stim_90_flute.wav,0.0,20.000000596046448,32.76165693998337,28.2180655002594
stim_90_flute.wav,35.00000059604645,30.0,43.486635982990265,34.870426654815674
stim_90_flute.wav,54.99999940395355,60.0,44.909392297267914,26.698055863380432
stim_90_flute.wav,20.000000149011612,60.0,38.779466450214386,34.99584674835205
stim_90_flute.wav,50.00000238418579,20.000000596046448,57.45256304740906,24.431610703468323
stim_90_flute.wav,50.00000238418579,10.000000298023224,54.695026874542236,22.901233434677124
stim_90_flute.wav,5.000000037252903,20.000000596046448,16.303515136241913,23.313939571380615
stim_90_flute.wav,40.000000298023224,49.999998807907104,39.219335317611694,27.669437527656555
stim_90_flute.wav,35.00000059604645,49.999998807907104,38.35535019636154,38.300721645355225
stim_90_flute.wav,5.000000037252903,10.000000298023224,24.33432787656784,26.48716449737549
stim_90_flute.wav,54.99999940395355,0.0,55.38387179374695,28.9557945728302
stim_90_flute.wav,64.9999988079071,40.000001192092896,48.37127387523651,29.66492235660553
stim_90_flute.wav,45.0,20.000000596046448,52.60073661804199,29.06212091445923
stim_90_flute.wav,25.000001192092896,10.000000298023224,42.42468774318695,22.82599925994873
stim_90_flute.wav,40.000000298023224,20.000000596046448,42.13607132434845,28.8960063457489
stim_90_flute.wav,0.0,10.000000298023224,27.959022223949432,27.235888838768005
stim_90_flute.wav,84.99999761581421,10.000000298023224,49.24764275550842,27.322665452957153
stim_90_flute.wav,60.00000178813934,20.000000596046448,45.98404347896576,31.749987602233887
stim_90_flute.wav,74.99999821186066,40.000001192092896,54.66873049736023,24.114323258399963
stim_90_flute.wav,84.99999761581421,49.999998807907104,58.27891945838928,32.257397174835205
stim_90_flute.wav,20.000000149011612,30.0,40.80213636159897,28.684256672859192
stim_90_flute.wav,70.0000011920929,20.000000596046448,49.47414994239807,22.283175587654114
stim_90_flute.wav,84.99999761581421,10.000000298023224,44.41356718540192,26.21622920036316
stim_90_flute.wav,30.00000089406967,30.0,39.858537912368774,33.98710012435913
stim_90_flute.wav,54.99999940395355,49.999998807907104,40.508485436439514,26.75924062728882
stim_90_flute.wav,25.000001192092896,30.0,47.3416006565094,30.671464204788208
stim_90_flute.wav,40.000000298023224,10.000000298023224,47.815858125686646,31.68597936630249
stim_90_flute.wav,84.99999761581421,10.000000298023224,53.24206352233887,22.811817526817322
stim_90_flute.wav,64.9999988079071,0.0,53.07166278362274,23.299899101257324
stim_90_flute.wav,90.0,40.000001192092896,55.75106620788574,21.5936940908432
stim_90_flute.wav,50.00000238418579,20.000000596046448,41.832662522792816,28.329970836639404
stim_90_flute.wav,40.000000298023224,0.0,44.20470356941223,28.445162773132324
stim_90_flute.wav,70.0000011920929,49.999998807907104,39.42202985286713,26.08514428138733
stim_90_flute.wav,54.99999940395355,60.0,53.76263201236725,29.14612591266632
stim_90_flute.wav,5.000000037252903,20.000000596046448,31.101157665252686,29.353453516960144
stim_90_flute.wav,35.00000059604645,10.000000298023224,43.534194231033325,30.60868263244629
stim_90_flute.wav,54.99999940395355,40.000001192092896,44.807516634464264,26.0507994890213
stim_90_flute.wav,64.9999988079071,60.0,53.88616919517517,28.940813541412354
stim_90_flute.wav,80.00000059604645,60.0,49.279625415802,28.95685315132141
stim_90_flute.wav,30.00000089406967,49.999998807907104,37.83042848110199,31.790159940719604
stim_90_flute.wav,50.00000238418579,30.0,55.599451661109924,31.568784713745117
stim_90_flute.wav,64.9999988079071,0.0,50.170944929122925,26.553937196731567
stim_90_flute.wav,84.99999761581421,40.000001192092896,58.71961712837219,28.88343036174774
stim_90_flute.wav,20.000000149011612,0.0,42.4502894282341,29.669959545135498
stim_90_flute.wav,25.000001192092896,60.0,40.41004300117493,29.149616360664368
stim_90_flute.wav,20.000000149011612,10.000000298023224,32.5091028213501,33.22245240211487
stim_90_flute.wav,80.00000059604645,49.999998807907104,57.56558060646057,25.365968942642212
stim_90_flute.wav,64.9999988079071,40.000001192092896,51.018142104148865,27.256168127059937
stim_90_flute.wav,5.000000037252903,20.000000596046448,23.768902122974396,26.489229798316956
stim_90_flute.wav,40.000000298023224,49.999998807907104,52.00027585029602,29.779855012893677
stim_90_flute.wav,0.0,20.000000596046448,43.844547271728516,29.71970558166504
stim_90_flute.wav,15.000000447034836,49.999998807907104,29.752897024154663,28.903003334999084
stim_90_flute.wav,84.99999761581421,49.999998807907104,48.81092548370361,30.156941413879395
stim_90_flute.wav,74.99999821186066,40.000001192092896,51.101263761520386,25.20444095134735
stim_90_flute.wav,10.000000074505806,40.000001192092896,24.308667182922363,27.02632248401642
stim_90_flute.wav,15.000000447034836,10.000000298023224,27.01760172843933,24.192674160003662
stim_90_flute.wav,15.000000447034836,49.999998807907104,23.06207835674286,29.366905689239502
stim_90_flute.wav,5.000000037252903,49.999998807907104,25.35294771194458,28.65267276763916
stim_90_flute.wav,15.000000447034836,0.0,21.418401896953583,19.814443588256836
stim_90_flute.wav,80.00000059604645,0.0,58.88645052909851,28.28139066696167
stim_90_flute.wav,60.00000178813934,49.999998807907104,48.66960525512695,26.760892868041992
stim_90_flute.wav,45.0,30.0,44.00926172733307,33.63826274871826
stim_90_flute.wav,45.0,49.999998807907104,43.41890752315521,29.204882383346558
stim_90_flute.wav,25.000001192092896,10.000000298023224,40.45414388179779,23.487253189086914
stim_90_flute.wav,5.000000037252903,30.0,33.18248748779297,28.00719380378723
stim_90_flute.wav,5.000000037252903,49.999998807907104,15.167111456394196,22.614412307739258
stim_90_flute.wav,40.000000298023224,49.999998807907104,41.5492308139801,31.898024082183838
stim_90_flute.wav,50.00000238418579,10.000000298023224,54.988203048706055,29.63457942008972
stim_90_flute.wav,30.00000089406967,49.999998807907104,40.99342882633209,28.434635996818542
stim_90_flute.wav,25.000001192092896,0.0,32.48140633106232,19.869781136512756
stim_90_flute.wav,60.00000178813934,30.0,56.6102796792984,33.888187408447266
stim_90_flute.wav,10.000000074505806,40.000001192092896,25.56208223104477,20.604708194732666
stim_83_flute.wav,60.00000178813934,40.000001192092896,44.37901496887207,27.164810299873352
stim_83_flute.wav,15.000000447034836,49.999998807907104,36.63567066192627,30.52668571472168
stim_83_flute.wav,20.000000149011612,20.000000596046448,45.10254085063934,24.294251203536987
stim_83_flute.wav,45.0,20.000000596046448,52.807411551475525,30.501855611801147
stim_83_flute.wav,45.0,20.000000596046448,51.13752722740173,30.284593105316162
stim_83_flute.wav,64.9999988079071,20.000000596046448,54.156487584114075,27.029154896736145
stim_83_flute.wav,30.00000089406967,60.0,38.73139590024948,29.125816226005554
stim_83_flute.wav,25.000001192092896,60.0,42.40006506443024,28.225119709968567
stim_83_flute.wav,15.000000447034836,40.000001192092896,33.95243167877197,32.65277981758118
stim_83_flute.wav,35.00000059604645,10.000000298023224,44.04144823551178,29.04157519340515
stim_83_flute.wav,50.00000238418579,20.000000596046448,46.65402710437775,27.383726835250854
stim_83_flute.wav,35.00000059604645,20.000000596046448,40.69841802120209,27.884445190429688
stim_83_flute.wav,80.00000059604645,10.000000298023224,60.27990639209747,24.748883843421936
stim_83_flute.wav,45.0,40.000001192092896,43.27716886997223,28.30719530582428
stim_83_flute.wav,54.99999940395355,30.0,45.97880780696869,27.248076796531677
stim_83_flute.wav,54.99999940395355,40.000001192092896,47.388904094696045,27.742822766304016
stim_83_flute.wav,15.000000447034836,10.000000298023224,29.758666455745697,26.366330981254578
stim_83_flute.wav,15.000000447034836,30.0,37.28441923856735,27.151100635528564
stim_83_flute.wav,84.99999761581421,40.000001192092896,60.06092548370361,29.772832989692688
stim_83_flute.wav,35.00000059604645,0.0,43.15594643354416,27.085173726081848
stim_83_flute.wav,70.0000011920929,60.0,54.11583065986633,28.116872906684875
stim_83_flute.wav,25.000001192092896,40.000001192092896,41.76033407449722,27.37773835659027
stim_83_flute.wav,20.000000149011612,30.0,34.73459333181381,23.787437081336975
stim_83_flute.wav,15.000000447034836,40.000001192092896,33.730130195617676,31.512190103530884
stim_83_flute.wav,15.000000447034836,60.0,33.29828917980194,32.703022956848145
stim_83_flute.wav,50.00000238418579,20.000000596046448,53.69544267654419,29.889373183250427
stim_83_flute.wav,25.000001192092896,49.999998807907104,38.372846245765686,23.56582224369049
stim_83_flute.wav,50.00000238418579,40.000001192092896,44.43187326192856,28.77713978290558
stim_83_flute.wav,45.0,0.0,46.637333035469055,26.73819601535797
stim_83_flute.wav,5.000000037252903,60.0,32.19138443470001,27.87902534008026
stim_83_flute.wav,10.000000074505806,20.000000596046448,35.984124541282654,29.54111158847809
stim_83_flute.wav,45.0,40.000001192092896,44.87945079803467,28.56796145439148
stim_83_flute.wav,60.00000178813934,20.000000596046448,52.40951120853424,27.83749759197235
stim_83_flute.wav,64.9999988079071,30.0,45.82622766494751,31.01114273071289
stim_83_flute.wav,80.00000059604645,49.999998807907104,48.130491971969604,27.66135334968567
stim_83_flute.wav,84.99999761581421,30.0,45.56828498840332,26.18988811969757
stim_83_flute.wav,64.9999988079071,20.000000596046448,51.63532376289368,28.23012113571167
stim_83_flute.wav,40.000000298023224,30.0,48.74405264854431,26.74326002597809
stim_83_flute.wav,74.99999821186066,0.0,48.710503578186035,23.748173117637634
stim_83_flute.wav,84.99999761581421,60.0,43.78630042076111,25.83400547504425
stim_83_flute.wav,40.000000298023224,60.0,42.80643582344055,27.649850249290466
stim_83_flute.wav,0.0,0.0,33.03120821714401,28.433441519737244
stim_83_flute.wav,20.000000149011612,40.000001192092896,37.67754256725311,27.332017421722412
stim_83_flute.wav,90.0,40.000001192092896,48.714022636413574,27.13946521282196
stim_83_flute.wav,70.0000011920929,60.0,44.19555723667145,26.89865291118622
stim_83_flute.wav,60.00000178813934,0.0,47.4466198682785,29.957900047302246
stim_83_flute.wav,35.00000059604645,10.000000298023224,44.34995859861374,28.003150820732117
stim_83_flute.wav,60.00000178813934,0.0,47.893797755241394,30.554630756378174
stim_83_flute.wav,30.00000089406967,20.000000596046448,40.9120237827301,28.395116329193115
stim_83_flute.wav,0.0,40.000001192092896,36.282576620578766,29.573745131492615
stim_83_flute.wav,70.0000011920929,60.0,52.09711968898773,30.083895921707153
stim_83_flute.wav,25.000001192092896,30.0,36.7744454741478,31.46701455116272
stim_83_flute.wav,0.0,30.0,28.232679963111877,27.906593084335327
stim_83_flute.wav,80.00000059604645,40.000001192092896,53.79912078380585,28.99928569793701
stim_83_flute.wav,80.00000059604645,49.999998807907104,53.01030993461609,29.66774046421051
stim_83_flute.wav,45.0,49.999998807907104,38.45562994480133,26.861125230789185
stim_83_flute.wav,35.00000059604645,0.0,43.66736054420471,27.809804677963257
stim_83_flute.wav,20.000000149011612,30.0,29.54320728778839,28.817129731178284
stim_83_flute.wav,40.000000298023224,0.0,43.49218547344208,27.35770583152771
stim_83_flute.wav,64.9999988079071,20.000000596046448,48.92533242702484,29.914514422416687
stim_83_flute.wav,80.00000059604645,49.999998807907104,50.425904989242554,27.134095430374146
stim_83_flute.wav,84.99999761581421,49.999998807907104,55.087600350379944,30.132036209106445
stim_83_flute.wav,20.000000149011612,30.0,31.613660752773285,27.04263746738434
stim_83_flute.wav,10.000000074505806,10.000000298023224,41.17141216993332,30.088881254196167
stim_83_flute.wav,54.99999940395355,10.000000298023224,50.213822722435,29.118518829345703
stim_83_flute.wav,45.0,20.000000596046448,46.31867051124573,30.109330415725708
stim_83_flute.wav,10.000000074505806,40.000001192092896,35.42189598083496,30.23616313934326
stim_83_flute.wav,50.00000238418579,20.000000596046448,47.721487283706665,30.090419054031372
stim_83_flute.wav,30.00000089406967,10.000000298023224,41.06198608875275,27.265591621398926
stim_83_flute.wav,84.99999761581421,0.0,42.886038422584534,27.68885314464569
stim_83_flute.wav,0.0,10.000000298023224,37.764513194561005,29.190609455108643
stim_83_flute.wav,54.99999940395355,10.000000298023224,47.37103521823883,29.364041090011597
stim_83_flute.wav,5.000000037252903,10.000000298023224,30.37892997264862,28.257721066474915
stim_83_flute.wav,30.00000089406967,49.999998807907104,48.853583335876465,27.317950129508972
stim_83_flute.wav,54.99999940395355,10.000000298023224,51.231619119644165,28.36222529411316
stim_83_flute.wav,74.99999821186066,20.000000596046448,48.9291787147522,21.615160703659058
stim_83_flute.wav,90.0,10.000000298023224,58.22130024433136,23.736222982406616
stim_83_flute.wav,60.00000178813934,0.0,46.60008788108826,29.87572431564331
stim_83_flute.wav,35.00000059604645,0.0,39.6854630112648,26.468258500099182
stim_83_flute.wav,30.00000089406967,40.000001192092896,42.42064833641052,27.401597499847412
stim_83_flute.wav,40.000000298023224,60.0,43.348199129104614,30.05395531654358
stim_83_flute.wav,45.0,49.999998807907104,45.9741997718811,30.441566705703735
stim_83_flute.wav,64.9999988079071,49.999998807907104,45.96601903438568,31.010441780090332
stim_83_flute.wav,45.0,40.000001192092896,46.44493818283081,29.3252831697464
stim_83_flute.wav,15.000000447034836,0.0,38.01012307405472,28.60519051551819
stim_83_flute.wav,90.0,60.0,50.63274621963501,27.587828636169434
stim_83_flute.wav,45.0,30.0,41.64613634347916,28.228769302368164
stim_83_flute.wav,84.99999761581421,0.0,42.32105791568756,27.148656249046326
stim_83_flute.wav,15.000000447034836,30.0,39.079774618148804,29.18564200401306
stim_83_flute.wav,64.9999988079071,10.000000298023224,50.00602662563324,25.645281672477722
stim_83_flute.wav,64.9999988079071,30.0,52.172940373420715,30.021711587905884
stim_83_flute.wav,74.99999821186066,30.0,50.427841544151306,27.75582790374756
stim_83_flute.wav,70.0000011920929,40.000001192092896,54.38833236694336,30.59290051460266
stim_83_flute.wav,64.9999988079071,30.0,56.346355676651,31.514861583709717
stim_83_flute.wav,50.00000238418579,0.0,49.969425201416016,30.09189248085022
stim_83_flute.wav,10.000000074505806,49.999998807907104,38.656505942344666,30.930951833724976
stim_83_flute.wav,35.00000059604645,30.0,41.882489919662476,28.134530782699585
stim_83_flute.wav,54.99999940395355,0.0,47.12782859802246,24.962239265441895
stim_83_flute.wav,90.0,40.000001192092896,52.65850067138672,21.30266547203064
stim_83_flute.wav,15.000000447034836,49.999998807907104,32.915682792663574,32.87706971168518
stim_83_flute.wav,15.000000447034836,30.0,39.0489587187767,25.84247589111328
stim_83_flute.wav,84.99999761581421,10.000000298023224,55.34756541252136,25.490680932998657
stim_83_flute.wav,64.9999988079071,40.000001192092896,50.839839577674866,30.77322006225586
stim_83_flute.wav,74.99999821186066,40.000001192092896,48.338486552238464,27.048972845077515
stim_83_flute.wav,70.0000011920929,20.000000596046448,53.2115238904953,26.80865228176117
stim_83_flute.wav,54.99999940395355,30.0,49.42274272441864,30.44877290725708
stim_83_flute.wav,64.9999988079071,10.000000298023224,41.89770072698593,28.816194534301758
stim_83_flute.wav,80.00000059604645,30.0,51.25549614429474,28.933194279670715
stim_83_flute.wav,50.00000238418579,10.000000298023224,49.78996396064758,29.22897219657898
stim_83_flute.wav,40.000000298023224,60.0,43.05153340101242,27.847031950950623
stim_83_flute.wav,25.000001192092896,20.000000596046448,41.305114924907684,27.732245922088623
stim_83_flute.wav,20.000000149011612,40.000001192092896,36.51862442493439,27.12586998939514
stim_83_flute.wav,5.000000037252903,20.000000596046448,34.60626840591431,29.254547953605652
stim_83_flute.wav,15.000000447034836,49.999998807907104,35.95391482114792,27.758220434188843
stim_83_flute.wav,80.00000059604645,49.999998807907104,50.295549631118774,26.328259706497192
stim_83_flute.wav,80.00000059604645,40.000001192092896,54.32965636253357,27.045568227767944
stim_83_flute.wav,5.000000037252903,0.0,37.026039361953735,28.622506856918335
stim_83_flute.wav,64.9999988079071,10.000000298023224,52.32393264770508,26.967265605926514
stim_83_flute.wav,35.00000059604645,20.000000596046448,43.83665353059769,28.283827900886536
stim_83_flute.wav,45.0,30.0,50.63443064689636,29.15457308292389
stim_83_flute.wav,64.9999988079071,60.0,51.35302126407623,28.24198007583618
stim_83_flute.wav,0.0,49.999998807907104,30.85431933403015,28.328842520713806
stim_83_flute.wav,5.000000037252903,40.000001192092896,37.26963758468628,28.64858865737915
stim_83_flute.wav,30.00000089406967,0.0,41.004597544670105,28.000638484954834
stim_83_flute.wav,74.99999821186066,0.0,41.621722877025604,26.820019483566284
stim_83_flute.wav,35.00000059604645,10.000000298023224,41.87556177377701,27.154110074043274
stim_68_flute.wav,90.0,30.0,66.75210893154144,17.612469792366028
stim_68_flute.wav,54.99999940395355,40.000001192092896,47.597676515579224,31.065959930419922
stim_68_flute.wav,30.00000089406967,0.0,40.97636193037033,23.054065704345703
stim_68_flute.wav,54.99999940395355,10.000000298023224,48.343749046325684,23.710044622421265
stim_68_flute.wav,10.000000074505806,30.0,30.953300893306732,30.345053672790527
stim_68_flute.wav,45.0,10.000000298023224,57.43597626686096,28.405780792236328
stim_68_flute.wav,50.00000238418579,10.000000298023224,52.699270248413086,22.252990007400513
stim_68_flute.wav,90.0,10.000000298023224,56.362953186035156,28.746326565742493
stim_68_flute.wav,54.99999940395355,20.000000596046448,57.879399061203,25.7952743768692
stim_68_flute.wav,5.000000037252903,40.000001192092896,34.81799125671387,34.050235748291016
stim_68_flute.wav,70.0000011920929,0.0,53.93434703350067,19.374418258666992
stim_68_flute.wav,60.00000178813934,49.999998807907104,54.367915391922,32.66929864883423
stim_68_flute.wav,84.99999761581421,30.0,55.295562744140625,28.20448100566864
stim_68_flute.wav,20.000000149011612,20.000000596046448,36.37997567653656,28.913896679878235
stim_68_flute.wav,50.00000238418579,20.000000596046448,53.082568645477295,24.385178089141846
stim_68_flute.wav,20.000000149011612,30.0,33.947504460811615,30.83677053451538
stim_68_flute.wav,15.000000447034836,30.0,30.34012109041214,31.390256881713867
stim_68_flute.wav,90.0,20.000000596046448,66.4279317855835,18.418328762054443
stim_68_flute.wav,64.9999988079071,20.000000596046448,56.632139682769775,26.0892516374588
stim_68_flute.wav,90.0,20.000000596046448,64.11955296993256,19.195386171340942
stim_68_flute.wav,64.9999988079071,60.0,56.13785147666931,32.517385482788086
stim_68_flute.wav,25.000001192092896,49.999998807907104,26.54469072818756,24.882463216781616
stim_68_flute.wav,54.99999940395355,40.000001192092896,49.86746907234192,34.62526202201843
stim_68_flute.wav,30.00000089406967,60.0,38.489693999290466,26.664703488349915
stim_68_flute.wav,25.000001192092896,60.0,41.08808130025864,26.055395007133484
stim_68_flute.wav,5.000000037252903,20.000000596046448,18.586321771144867,27.5228351354599
stim_68_flute.wav,25.000001192092896,0.0,42.80703663825989,26.5114688873291
stim_68_flute.wav,35.00000059604645,40.000001192092896,37.59176284074783,26.283985376358032
stim_68_flute.wav,35.00000059604645,60.0,42.316817343235016,26.420826315879822
stim_68_flute.wav,84.99999761581421,20.000000596046448,66.73200845718384,37.25669503211975
stim_68_flute.wav,70.0000011920929,10.000000298023224,52.04079329967499,23.684497475624084
stim_68_flute.wav,60.00000178813934,20.000000596046448,52.20629096031189,30.12569546699524
stim_68_flute.wav,45.0,0.0,52.68210411071777,32.36555099487305
stim_68_flute.wav,15.000000447034836,49.999998807907104,36.22175753116608,30.123571157455444
stim_68_flute.wav,90.0,60.0,51.39133393764496,30.343462228775024
stim_68_flute.wav,74.99999821186066,0.0,61.95070803165436,25.8151513338089
stim_68_flute.wav,30.00000089406967,10.000000298023224,41.78380876779556,28.013604283332825
stim_68_flute.wav,50.00000238418579,49.999998807907104,48.95238518714905,30.614765882492065
stim_68_flute.wav,84.99999761581421,49.999998807907104,49.819618463516235,33.42552423477173
stim_68_flute.wav,25.000001192092896,20.000000596046448,31.79242730140686,34.10342574119568
stim_68_flute.wav,35.00000059604645,10.000000298023224,44.509115517139435,23.794301748275757
stim_68_flute.wav,64.9999988079071,10.000000298023224,49.67367947101593,30.774307250976562
stim_68_flute.wav,60.00000178813934,60.0,50.76674401760101,28.620729446411133
stim_68_flute.wav,35.00000059604645,0.0,37.102192640304565,24.329697489738464
stim_68_flute.wav,50.00000238418579,10.000000298023224,51.634647846221924,25.599403381347656
stim_68_flute.wav,74.99999821186066,10.000000298023224,56.63829803466797,26.131439208984375
stim_68_flute.wav,50.00000238418579,20.000000596046448,51.72334313392639,25.168325901031494
stim_68_flute.wav,60.00000178813934,0.0,57.548537850379944,26.887725591659546
stim_68_flute.wav,40.000000298023224,30.0,36.386584639549255,45.12175798416138
stim_68_flute.wav,64.9999988079071,60.0,59.0939998626709,32.16769337654114
stim_68_flute.wav,5.000000037252903,0.0,17.574514746665955,24.296134114265442
stim_68_flute.wav,15.000000447034836,60.0,22.968721389770508,37.02990531921387
stim_68_flute.wav,60.00000178813934,0.0,44.02213901281357,23.572547435760498
stim_68_flute.wav,60.00000178813934,20.000000596046448,50.65622091293335,30.914386510849
stim_68_flute.wav,45.0,0.0,57.270371317863464,31.09322190284729
stim_68_flute.wav,35.00000059604645,60.0,40.839204490184784,28.88868749141693
stim_68_flute.wav,25.000001192092896,49.999998807907104,45.76724588871002,30.90071439743042
stim_68_flute.wav,20.000000149011612,60.0,34.88093465566635,29.394965171813965
stim_68_flute.wav,74.99999821186066,49.999998807907104,57.98352241516113,31.624774932861328
stim_68_flute.wav,80.00000059604645,20.000000596046448,63.768789768218994,29.01906967163086
stim_68_flute.wav,50.00000238418579,40.000001192092896,51.93112850189209,37.377694845199585
stim_68_flute.wav,40.000000298023224,30.0,54.979952573776245,27.10892379283905
stim_68_flute.wav,84.99999761581421,20.000000596046448,63.20556879043579,32.14499473571777
stim_68_flute.wav,60.00000178813934,49.999998807907104,47.135252952575684,29.481380581855774
stim_68_flute.wav,64.9999988079071,60.0,57.43250012397766,33.61440896987915
stim_68_flute.wav,0.0,49.999998807907104,20.752982050180435,30.371811389923096
stim_68_flute.wav,15.000000447034836,30.0,28.41363251209259,31.212512254714966
stim_68_flute.wav,84.99999761581421,10.000000298023224,68.37051093578339,23.2973849773407
stim_68_flute.wav,45.0,0.0,46.318745613098145,25.008414387702942
stim_68_flute.wav,20.000000149011612,40.000001192092896,23.211938738822937,26.12818479537964
stim_68_flute.wav,10.000000074505806,30.0,24.01600331068039,25.429033041000366
stim_68_flute.wav,25.000001192092896,40.000001192092896,31.963112354278564,24.611506462097168
stim_68_flute.wav,80.00000059604645,10.000000298023224,59.3994927406311,30.530312061309814
stim_68_flute.wav,64.9999988079071,49.999998807907104,48.87536823749542,29.01609241962433
stim_68_flute.wav,0.0,20.000000596046448,28.957579135894775,32.96764612197876
stim_68_flute.wav,20.000000149011612,20.000000596046448,39.95068520307541,27.724047303199768
stim_68_flute.wav,10.000000074505806,30.0,18.500896096229553,38.43315124511719
stim_68_flute.wav,5.000000037252903,0.0,13.112016320228577,22.42603898048401
stim_68_flute.wav,5.000000037252903,30.0,17.156167924404144,24.116753339767456
stim_68_flute.wav,74.99999821186066,60.0,64.25105631351471,34.60589647293091
stim_68_flute.wav,25.000001192092896,10.000000298023224,37.36249029636383,28.258726000785828
stim_68_flute.wav,5.000000037252903,0.0,22.600902020931244,23.310851454734802
stim_68_flute.wav,5.000000037252903,49.999998807907104,14.682243168354034,29.351552724838257
stim_68_flute.wav,40.000000298023224,20.000000596046448,53.05966258049011,31.157748699188232
stim_68_flute.wav,10.000000074505806,49.999998807907104,24.094669818878174,30.89467763900757
stim_68_flute.wav,0.0,60.0,19.56717476248741,28.800777196884155
stim_68_flute.wav,45.0,30.0,49.906007051467896,33.924211263656616
stim_68_flute.wav,50.00000238418579,40.000001192092896,46.13002002239227,29.95893895626068
stim_68_flute.wav,30.00000089406967,49.999998807907104,33.88840734958649,34.87698554992676
stim_68_flute.wav,90.0,10.000000298023224,62.19240725040436,27.583812475204468
stim_68_flute.wav,50.00000238418579,10.000000298023224,46.54453933238983,27.303927540779114
stim_68_flute.wav,15.000000447034836,10.000000298023224,28.2633376121521,20.78984498977661
stim_68_flute.wav,84.99999761581421,40.000001192092896,54.65557157993317,27.328603863716125
stim_68_flute.wav,25.000001192092896,10.000000298023224,37.068466544151306,26.743630170822144
stim_68_flute.wav,74.99999821186066,30.0,59.74313735961914,30.255439281463623
stim_68_flute.wav,15.000000447034836,10.000000298023224,29.683910608291626,22.736821174621582
stim_68_flute.wav,15.000000447034836,49.999998807907104,29.548335671424866,40.15512943267822
stim_68_flute.wav,30.00000089406967,10.000000298023224,43.50043594837189,22.896902561187744
stim_68_flute.wav,40.000000298023224,40.000001192092896,40.42259305715561,24.73229169845581
stim_68_flute.wav,70.0000011920929,0.0,57.3455536365509,28.82885992527008
stim_68_flute.wav,10.000000074505806,30.0,25.763872861862183,29.21708106994629
stim_68_flute.wav,20.000000149011612,20.000000596046448,30.669171810150146,29.862976670265198
stim_68_flute.wav,64.9999988079071,60.0,57.180941104888916,28.177828788757324
stim_68_flute.wav,45.0,10.000000298023224,46.13634467124939,25.285847783088684
stim_68_flute.wav,25.000001192092896,40.000001192092896,34.45457071065903,23.479769825935364
stim_68_flute.wav,0.0,10.000000298023224,7.718858420848846,29.043205976486206
stim_68_flute.wav,60.00000178813934,10.000000298023224,49.28944766521454,25.78700065612793
stim_68_flute.wav,10.000000074505806,0.0,23.513317108154297,29.186389446258545
stim_68_flute.wav,15.000000447034836,10.000000298023224,28.283116221427917,17.69194185733795
stim_68_flute.wav,20.000000149011612,60.0,34.53758239746094,31.316245794296265
stim_68_flute.wav,25.000001192092896,0.0,45.05165934562683,29.356788396835327
stim_68_flute.wav,80.00000059604645,30.0,46.290287375450134,29.18418288230896
stim_68_flute.wav,45.0,60.0,35.93632221221924,30.77918529510498
stim_68_flute.wav,15.000000447034836,20.000000596046448,23.6295747756958,25.158002972602844
stim_68_flute.wav,35.00000059604645,40.000001192092896,50.96238434314728,31.72321915626526
stim_68_flute.wav,10.000000074505806,60.0,20.392745286226273,36.74285173416138
stim_68_flute.wav,25.000001192092896,49.999998807907104,42.955553233623505,29.105147123336792
stim_68_flute.wav,80.00000059604645,40.000001192092896,58.17506432533264,28.361390233039856
stim_68_flute.wav,25.000001192092896,10.000000298023224,34.70625042915344,25.952532291412354
stim_68_flute.wav,70.0000011920929,40.000001192092896,58.94419312477112,31.38360857963562
stim_68_flute.wav,54.99999940395355,30.0,55.788214802742004,33.34942102432251
stim_68_flute.wav,90.0,30.0,61.0164999961853,21.43994450569153
stim_68_flute.wav,25.000001192092896,60.0,36.38531059026718,26.587475538253784
stim_104_flute.wav,20.000000149011612,49.999998807907104,32.196078300476074,30.085129737854004
stim_104_flute.wav,40.000000298023224,20.000000596046448,43.525729179382324,25.3597354888916
stim_104_flute.wav,35.00000059604645,49.999998807907104,49.687288999557495,28.3074152469635
stim_104_flute.wav,70.0000011920929,20.000000596046448,40.67895323038101,26.22128963470459
stim_104_flute.wav,54.99999940395355,49.999998807907104,44.482516050338745,27.08494484424591
stim_104_flute.wav,0.0,10.000000298023224,40.782124400138855,28.668043613433838
stim_104_flute.wav,0.0,10.000000298023224,36.723437905311584,27.326953411102295
stim_104_flute.wav,60.00000178813934,40.000001192092896,46.22267961502075,25.163152813911438
stim_104_flute.wav,15.000000447034836,10.000000298023224,38.167356848716736,28.84459376335144
stim_104_flute.wav,50.00000238418579,10.000000298023224,41.534913182258606,27.889080047607422
stim_104_flute.wav,54.99999940395355,0.0,44.19520318508148,27.67756998538971
stim_104_flute.wav,74.99999821186066,30.0,48.35699915885925,24.786322116851807
stim_104_flute.wav,70.0000011920929,49.999998807907104,51.84054493904114,25.24379253387451
stim_104_flute.wav,50.00000238418579,20.000000596046448,48.59507203102112,28.58672797679901
stim_104_flute.wav,25.000001192092896,10.000000298023224,44.96328592300415,27.60629653930664
stim_104_flute.wav,64.9999988079071,30.0,48.34756851196289,24.815842509269714
stim_104_flute.wav,40.000000298023224,49.999998807907104,51.39833986759186,39.77311849594116
stim_104_flute.wav,30.00000089406967,40.000001192092896,44.730244874954224,26.336796283721924
stim_104_flute.wav,54.99999940395355,40.000001192092896,46.6059672832489,25.3656667470932
stim_104_flute.wav,74.99999821186066,30.0,38.54628324508667,22.53970742225647
stim_104_flute.wav,5.000000037252903,60.0,31.050243973731995,32.44765520095825
stim_104_flute.wav,15.000000447034836,60.0,31.840267181396484,31.216084957122803
stim_104_flute.wav,40.000000298023224,60.0,44.553449749946594,25.845385193824768
stim_104_flute.wav,5.000000037252903,49.999998807907104,37.56383299827576,29.19131577014923
stim_104_flute.wav,60.00000178813934,60.0,44.22676205635071,27.7963650226593
stim_104_flute.wav,50.00000238418579,60.0,45.4527086019516,28.35176646709442
stim_104_flute.wav,10.000000074505806,49.999998807907104,29.4064199924469,32.594261169433594
stim_104_flute.wav,0.0,20.000000596046448,40.25763988494873,26.186435222625732
stim_104_flute.wav,0.0,30.0,38.83800029754639,27.81193256378174
stim_104_flute.wav,0.0,60.0,39.43948835134506,26.89184546470642
stim_104_flute.wav,35.00000059604645,49.999998807907104,42.06075757741928,28.19443166255951
stim_104_flute.wav,45.0,20.000000596046448,45.22644817829132,26.551771759986877
stim_104_flute.wav,80.00000059604645,60.0,48.674331307411194,31.077611446380615
stim_104_flute.wav,90.0,60.0,50.90322554111481,27.052559852600098
stim_104_flute.wav,80.00000059604645,30.0,41.87995254993439,27.45031714439392
stim_104_flute.wav,5.000000037252903,30.0,35.342242419719696,29.164050221443176
stim_104_flute.wav,30.00000089406967,30.0,44.062573313713074,46.39230966567993
stim_104_flute.wav,50.00000238418579,30.0,46.02296233177185,24.238897562026978
stim_104_flute.wav,64.9999988079071,40.000001192092896,47.16447830200195,23.821274042129517
stim_104_flute.wav,35.00000059604645,0.0,46.82651460170746,24.997077584266663
stim_104_flute.wav,64.9999988079071,40.000001192092896,50.977222323417664,28.320794105529785
stim_104_flute.wav,40.000000298023224,30.0,45.470770597457886,23.748382329940796
stim_104_flute.wav,70.0000011920929,0.0,46.245328187942505,25.04030406475067
stim_104_flute.wav,64.9999988079071,0.0,40.383371114730835,27.871763706207275
stim_104_flute.wav,64.9999988079071,30.0,40.384221374988556,27.38175094127655
stim_104_flute.wav,40.000000298023224,20.000000596046448,45.45194149017334,27.747085690498352
stim_104_flute.wav,40.000000298023224,60.0,45.27643918991089,24.29743766784668
stim_104_flute.wav,50.00000238418579,30.0,47.84049153327942,26.511220335960388
stim_104_flute.wav,60.00000178813934,20.000000596046448,43.639036417007446,27.177255749702454
stim_104_flute.wav,80.00000059604645,30.0,42.310594618320465,24.787740111351013
stim_104_flute.wav,90.0,10.000000298023224,50.3325480222702,27.139150500297546
stim_104_flute.wav,50.00000238418579,20.000000596046448,40.806465446949005,28.19882869720459
stim_104_flute.wav,60.00000178813934,60.0,43.9275187253952,28.51630210876465
stim_104_flute.wav,35.00000059604645,49.999998807907104,44.565396308898926,34.343862533569336
stim_104_flute.wav,20.000000149011612,0.0,41.50054603815079,28.68104875087738
stim_104_flute.wav,15.000000447034836,49.999998807907104,38.4102737903595,28.859864473342896
stim_104_flute.wav,30.00000089406967,20.000000596046448,47.78559744358063,31.56438946723938
stim_104_flute.wav,60.00000178813934,40.000001192092896,49.2292857170105,24.184210896492004
stim_104_flute.wav,70.0000011920929,30.0,38.14915806055069,24.61913824081421
stim_104_flute.wav,35.00000059604645,10.000000298023224,47.302499413490295,24.22530949115753
stim_104_flute.wav,70.0000011920929,10.000000298023224,40.6593918800354,25.468411445617676
stim_104_flute.wav,20.000000149011612,10.000000298023224,41.440909802913666,28.287978172302246
stim_104_flute.wav,10.000000074505806,30.0,33.80710959434509,30.858947038650513
stim_104_flute.wav,10.000000074505806,0.0,38.159017860889435,28.92587184906006
stim_104_flute.wav,54.99999940395355,20.000000596046448,49.33589816093445,28.906951546669006
stim_104_flute.wav,50.00000238418579,20.000000596046448,45.40406942367554,22.258858680725098
stim_104_flute.wav,35.00000059604645,10.000000298023224,44.497262835502625,29.67926859855652
stim_104_flute.wav,30.00000089406967,0.0,41.44759654998779,35.59406518936157
stim_104_flute.wav,10.000000074505806,0.0,35.89429467916489,29.461140632629395
stim_104_flute.wav,10.000000074505806,10.000000298023224,31.027662456035614,31.83180570602417
stim_104_flute.wav,35.00000059604645,0.0,43.90290409326553,26.760224103927612
stim_104_flute.wav,10.000000074505806,30.0,37.33601152896881,28.401326537132263
stim_104_flute.wav,15.000000447034836,20.000000596046448,34.29106593132019,29.12579655647278
stim_104_flute.wav,30.00000089406967,40.000001192092896,44.548570811748505,25.83822727203369
stim_104_flute.wav,45.0,40.000001192092896,46.19277834892273,27.40838885307312
stim_104_flute.wav,74.99999821186066,40.000001192092896,38.56078326702118,22.004395723342896
stim_104_flute.wav,40.000000298023224,40.000001192092896,39.05101865530014,36.07935190200806
stim_104_flute.wav,20.000000149011612,20.000000596046448,45.725955963134766,28.667714595794678
stim_104_flute.wav,10.000000074505806,10.000000298023224,29.83535885810852,32.52602934837341
stim_104_flute.wav,5.000000037252903,10.000000298023224,33.86997252702713,28.904734253883362
stim_104_flute.wav,70.0000011920929,40.000001192092896,44.86702412366867,23.228511214256287
stim_104_flute.wav,64.9999988079071,60.0,47.39397346973419,28.81912887096405
stim_104_flute.wav,5.000000037252903,40.000001192092896,29.484480321407318,30.43564796447754
stim_104_flute.wav,74.99999821186066,20.000000596046448,40.71594625711441,26.327868103981018
stim_104_flute.wav,90.0,30.0,48.46868634223938,25.871137976646423
stim_104_flute.wav,54.99999940395355,10.000000298023224,44.42172646522522,28.41454267501831
stim_104_flute.wav,15.000000447034836,40.000001192092896,31.400859653949738,31.71558380126953
stim_104_flute.wav,64.9999988079071,40.000001192092896,49.29297745227814,24.45894956588745
stim_104_flute.wav,35.00000059604645,40.000001192092896,41.63114279508591,25.907190442085266
stim_104_flute.wav,20.000000149011612,60.0,43.20825755596161,28.482876420021057
stim_104_flute.wav,45.0,60.0,46.00466966629028,28.779839873313904
stim_104_flute.wav,54.99999940395355,49.999998807907104,44.72727030515671,21.232928037643433
stim_104_flute.wav,80.00000059604645,60.0,46.37900412082672,26.68042480945587
stim_104_flute.wav,74.99999821186066,60.0,45.28869152069092,26.744338274002075
stim_104_flute.wav,54.99999940395355,20.000000596046448,45.01941382884979,29.063292145729065
stim_104_flute.wav,30.00000089406967,60.0,47.87194311618805,30.222702026367188
stim_104_flute.wav,10.000000074505806,20.000000596046448,38.512313067913055,29.25414204597473
stim_104_flute.wav,74.99999821186066,60.0,45.8274507522583,26.721246242523193
stim_104_flute.wav,80.00000059604645,20.000000596046448,45.43370246887207,26.512253880500793
stim_104_flute.wav,84.99999761581421,20.000000596046448,45.26721239089966,26.911913752555847
stim_104_flute.wav,54.99999940395355,40.000001192092896,48.08520555496216,26.32302761077881
stim_104_flute.wav,0.0,30.0,41.466133296489716,27.75935411453247
stim_104_flute.wav,10.000000074505806,49.999998807907104,35.64896106719971,30.387121438980103
stim_104_flute.wav,74.99999821186066,0.0,48.67672920227051,22.632715702056885
stim_104_flute.wav,15.000000447034836,40.000001192092896,28.66506814956665,36.792179346084595
stim_104_flute.wav,5.000000037252903,10.000000298023224,31.192583441734314,28.061673045158386
stim_104_flute.wav,35.00000059604645,20.000000596046448,44.273150861263275,26.659653782844543
stim_104_flute.wav,70.0000011920929,49.999998807907104,53.02555561065674,28.555710911750793
stim_104_flute.wav,0.0,0.0,37.08403408527374,25.042723417282104
stim_104_flute.wav,0.0,49.999998807907104,37.66143053770065,28.2478129863739
stim_104_flute.wav,60.00000178813934,20.000000596046448,45.432372093200684,27.34924077987671
stim_104_flute.wav,60.00000178813934,40.000001192092896,48.63999366760254,26.50190234184265
stim_104_flute.wav,54.99999940395355,49.999998807907104,48.260600566864014,24.96988356113434
stim_104_flute.wav,40.000000298023224,0.0,41.73245519399643,26.712343096733093
stim_104_flute.wav,30.00000089406967,10.000000298023224,43.225048184394836,39.03656244277954
stim_104_flute.wav,15.000000447034836,10.000000298023224,34.27156090736389,28.09777557849884
stim_104_flute.wav,80.00000059604645,20.000000596046448,43.68963897228241,25.341219305992126
stim_104_flute.wav,15.000000447034836,20.000000596046448,38.36466282606125,29.17281210422516
stim_104_flute.wav,40.000000298023224,10.000000298023224,44.210835099220276,27.484708428382874
stim_104_flute.wav,50.00000238418579,49.999998807907104,43.701346814632416,26.589725017547607
stim_104_flute.wav,80.00000059604645,10.000000298023224,45.036585330963135,24.91399884223938
stim_104_flute.wav,64.9999988079071,10.000000298023224,46.24400854110718,24.244447946548462
stim_104_flute.wav,64.9999988079071,0.0,42.31879413127899,27.607462406158447
stim_104_flute.wav,80.00000059604645,60.0,47.696279883384705,25.365960001945496
stim_104_flute.wav,80.00000059604645,0.0,43.37392956018448,27.61717200279236
stim_104_flute.wav,70.0000011920929,10.000000298023224,44.70145404338837,24.195871353149414
stim_104_flute.wav,70.0000011920929,40.000001192092896,43.42708021402359,23.056504726409912
stim_104_flute.wav,20.000000149011612,0.0,40.73962211608887,29.198972582817078
stim_104_flute.wav,5.000000037252903,40.000001192092896,33.1694895029068,30.113718509674072
stim_104_flute.wav,40.000000298023224,40.000001192092896,47.84204185009003,31.727192401885986
stim_104_flute.wav,20.000000149011612,60.0,39.66562807559967,29.382938146591187
stim_104_flute.wav,0.0,49.999998807907104,38.53894740343094,28.736339807510376
stim_104_flute.wav,0.0,0.0,38.37941229343414,27.911818027496338
stim_104_flute.wav,50.00000238418579,40.000001192092896,45.52915155887604,25.08152425289154
stim_104_flute.wav,25.000001192092896,49.999998807907104,41.581811606884,29.10856783390045
stim_104_flute.wav,45.0,49.999998807907104,47.03329145908356,26.711588501930237
stim_104_flute.wav,74.99999821186066,30.0,39.89294797182083,25.02074360847473
stim_104_flute.wav,84.99999761581421,30.0,49.28969979286194,28.105257153511047
stim_104_flute.wav,74.99999821186066,10.000000298023224,45.481756925582886,24.85231876373291
stim_104_flute.wav,15.000000447034836,0.0,38.04220229387283,28.98403823375702
stim_104_flute.wav,64.9999988079071,0.0,41.937815845012665,27.623047828674316
stim_104_flute.wav,54.99999940395355,0.0,42.40894854068756,26.566309332847595
stim_104_flute.wav,0.0,40.000001192092896,39.26133066415787,26.923651099205017
stim_104_flute.wav,0.0,49.999998807907104,42.7894252538681,29.186382293701172
stim_104_flute.wav,20.000000149011612,60.0,41.564500629901886,28.456531763076782
stim_104_flute.wav,10.000000074505806,60.0,38.872268199920654,28.773833513259888
stim_104_flute.wav,50.00000238418579,49.999998807907104,49.988683462142944,24.918901920318604
stim_104_flute.wav,20.000000149011612,20.000000596046448,41.32308304309845,28.63761305809021
stim_104_flute.wav,5.000000037252903,20.000000596046448,37.88604408502579,30.09574055671692
stim_104_flute.wav,0.0,10.000000298023224,42.591156363487244,25.025387406349182
stim_104_flute.wav,80.00000059604645,49.999998807907104,52.71423697471619,17.635552883148193
stim_104_flute.wav,54.99999940395355,49.999998807907104,46.958468556404114,23.993221521377563
stim_104_flute.wav,74.99999821186066,10.000000298023224,47.994434237480164,24.613312482833862
stim_104_flute.wav,54.99999940395355,60.0,42.91279345750809,27.530513405799866
stim_104_flute.wav,20.000000149011612,40.000001192092896,34.02097016572952,28.466155529022217
stim_62_flute.wav,35.00000059604645,0.0,37.14444547891617,25.035488605499268
stim_62_flute.wav,50.00000238418579,40.000001192092896,57.35554218292236,26.340065002441406
stim_62_flute.wav,35.00000059604645,60.0,43.09771567583084,31.221739053726196
stim_62_flute.wav,40.000000298023224,30.0,49.2917275428772,37.46678352355957
stim_62_flute.wav,80.00000059604645,10.000000298023224,69.43259060382843,16.390299797058105
stim_62_flute.wav,20.000000149011612,30.0,28.327796459197998,28.30859363079071
stim_62_flute.wav,30.00000089406967,30.0,44.49878364801407,29.592309594154358
stim_62_flute.wav,54.99999940395355,0.0,49.15758490562439,28.49824547767639
stim_62_flute.wav,60.00000178813934,30.0,54.49365198612213,25.809525847434998
stim_62_flute.wav,35.00000059604645,49.999998807907104,51.01795434951782,22.465597987174988
stim_62_flute.wav,40.000000298023224,0.0,41.00133866071701,29.61441993713379
stim_62_flute.wav,60.00000178813934,10.000000298023224,52.378934025764465,30.801537036895752
stim_62_flute.wav,60.00000178813934,20.000000596046448,57.92095720767975,28.788524866104126
stim_62_flute.wav,84.99999761581421,30.0,74.07569289207458,27.0102059841156
stim_62_flute.wav,60.00000178813934,60.0,54.31788682937622,27.13160276412964
stim_62_flute.wav,35.00000059604645,40.000001192092896,47.83269166946411,23.333330154418945
stim_62_flute.wav,30.00000089406967,0.0,32.86072701215744,25.909820795059204
stim_62_flute.wav,50.00000238418579,20.000000596046448,51.504566073417664,22.202451825141907
stim_62_flute.wav,80.00000059604645,20.000000596046448,66.69120669364929,30.084117650985718
stim_62_flute.wav,90.0,30.0,53.85568857192993,24.412565231323242
stim_62_flute.wav,40.000000298023224,10.000000298023224,38.7972816824913,28.844550848007202
stim_62_flute.wav,64.9999988079071,49.999998807907104,56.69547200202942,40.86159110069275
stim_62_flute.wav,70.0000011920929,60.0,69.01291608810425,36.746968030929565
stim_62_flute.wav,70.0000011920929,0.0,59.358261823654175,30.033423900604248
stim_62_flute.wav,80.00000059604645,30.0,72.22180366516113,39.85742211341858
stim_62_flute.wav,45.0,20.000000596046448,56.8939608335495,42.68527150154114
stim_62_flute.wav,30.00000089406967,30.0,39.93921607732773,27.297191619873047
stim_62_flute.wav,54.99999940395355,10.000000298023224,60.55415153503418,30.858746767044067
stim_62_flute.wav,90.0,60.0,50.54089665412903,24.08282697200775
stim_62_flute.wav,20.000000149011612,40.000001192092896,18.670073747634888,24.21295702457428
stim_62_flute.wav,10.000000074505806,49.999998807907104,17.962198555469513,22.468092441558838
stim_62_flute.wav,20.000000149011612,30.0,38.55378270149231,30.359323024749756
stim_62_flute.wav,25.000001192092896,40.000001192092896,33.043243288993835,24.75688934326172
stim_62_flute.wav,45.0,30.0,41.99150025844574,23.59895646572113
stim_62_flute.wav,10.000000074505806,49.999998807907104,21.2466037273407,28.59946310520172
stim_62_flute.wav,10.000000074505806,0.0,26.776980757713318,34.3974494934082
stim_62_flute.wav,45.0,10.000000298023224,40.04151552915573,31.77215337753296
stim_62_flute.wav,45.0,60.0,49.25868272781372,35.0918447971344
stim_62_flute.wav,64.9999988079071,20.000000596046448,66.90422773361206,33.12126874923706
stim_62_flute.wav,80.00000059604645,20.000000596046448,63.33811283111572,16.878342032432556
stim_62_flute.wav,35.00000059604645,60.0,45.95086991786957,36.63793087005615
stim_62_flute.wav,25.000001192092896,30.0,25.17389416694641,18.783931732177734
stim_62_flute.wav,54.99999940395355,40.000001192092896,56.7218542098999,26.444833874702454
stim_62_flute.wav,50.00000238418579,30.0,41.37978494167328,28.986627459526062
stim_62_flute.wav,0.0,0.0,13.839262425899506,29.647595286369324
stim_62_flute.wav,84.99999761581421,49.999998807907104,62.5555944442749,45.6311309337616
stim_62_flute.wav,74.99999821186066,40.000001192092896,49.970224499702454,28.608010411262512
stim_62_flute.wav,35.00000059604645,40.000001192092896,48.52984607219696,13.101375102996826
stim_62_flute.wav,5.000000037252903,40.000001192092896,7.876245081424713,26.270477771759033
stim_62_flute.wav,40.000000298023224,10.000000298023224,47.56786644458771,33.59732151031494
stim_62_flute.wav,90.0,30.0,56.43594145774841,25.904905200004578
stim_62_flute.wav,74.99999821186066,20.000000596046448,60.263121128082275,26.835225820541382
stim_62_flute.wav,64.9999988079071,10.000000298023224,59.94058549404144,33.28458309173584
stim_62_flute.wav,60.00000178813934,49.999998807907104,56.03533208370209,27.255663871765137
stim_62_flute.wav,15.000000447034836,20.000000596046448,23.96566092967987,22.254831790924072
stim_62_flute.wav,40.000000298023224,0.0,32.629989981651306,29.84255611896515
stim_62_flute.wav,45.0,49.999998807907104,51.5509307384491,36.239333152770996
stim_62_flute.wav,50.00000238418579,60.0,51.22148036956787,38.69128346443176
stim_62_flute.wav,10.000000074505806,0.0,26.93901300430298,21.50765597820282
stim_62_flute.wav,30.00000089406967,10.000000298023224,54.11634027957916,23.533276319503784
stim_62_flute.wav,74.99999821186066,0.0,65.88295519351959,27.450000643730164
stim_62_flute.wav,70.0000011920929,40.000001192092896,54.16133165359497,30.302281379699707
stim_62_flute.wav,25.000001192092896,20.000000596046448,42.64512240886688,23.842817544937134
stim_62_flute.wav,30.00000089406967,30.0,37.39843189716339,35.8164381980896
stim_62_flute.wav,5.000000037252903,40.000001192092896,8.591201305389404,20.16985774040222
stim_62_flute.wav,70.0000011920929,10.000000298023224,53.52568030357361,26.971371173858643
stim_62_flute.wav,80.00000059604645,40.000001192092896,68.98520350456238,38.4176230430603
stim_62_flute.wav,60.00000178813934,60.0,51.675792932510376,28.576208353042603
stim_62_flute.wav,30.00000089406967,10.000000298023224,33.615897595882416,41.12698316574097
stim_62_flute.wav,20.000000149011612,40.000001192092896,28.516948521137238,19.243805408477783
stim_62_flute.wav,0.0,0.0,19.392550885677338,31.143264770507812
stim_62_flute.wav,80.00000059604645,20.000000596046448,63.704105615615845,24.868147373199463
stim_62_flute.wav,90.0,10.000000298023224,57.04103708267212,34.4551956653595
stim_62_flute.wav,30.00000089406967,10.000000298023224,39.70463007688522,21.566076278686523
stim_62_flute.wav,0.0,30.0,7.143449485301971,26.846110224723816
stim_62_flute.wav,80.00000059604645,0.0,65.55428266525269,30.64497470855713
stim_62_flute.wav,70.0000011920929,30.0,64.6929931640625,35.99578499794006
stim_62_flute.wav,60.00000178813934,40.000001192092896,43.64451348781586,35.42099118232727
stim_62_flute.wav,15.000000447034836,0.0,22.61526793241501,25.145553946495056
stim_62_flute.wav,40.000000298023224,20.000000596046448,50.537495613098145,25.250755548477173
stim_62_flute.wav,45.0,30.0,48.17179799079895,31.227768659591675
stim_62_flute.wav,90.0,40.000001192092896,66.39245688915253,21.94111704826355
stim_62_flute.wav,84.99999761581421,0.0,56.995707750320435,22.147468328475952
stim_62_flute.wav,74.99999821186066,20.000000596046448,54.19672608375549,24.369635581970215
stim_62_flute.wav,10.000000074505806,49.999998807907104,12.903471887111664,35.88104724884033
stim_62_flute.wav,20.000000149011612,60.0,26.651410460472107,36.213462352752686
stim_62_flute.wav,30.00000089406967,60.0,34.043256640434265,34.847023487091064
stim_62_flute.wav,35.00000059604645,30.0,47.82196283340454,25.542376041412354
stim_62_flute.wav,54.99999940395355,40.000001192092896,40.801438987255096,31.632102727890015
stim_62_flute.wav,74.99999821186066,20.000000596046448,63.506582379341125,25.878045558929443
stim_62_flute.wav,80.00000059604645,60.0,69.13925886154175,39.83930468559265
stim_62_flute.wav,25.000001192092896,40.000001192092896,34.05233323574066,27.9645037651062
stim_62_flute.wav,60.00000178813934,20.000000596046448,42.445313930511475,28.722113370895386
stim_62_flute.wav,90.0,0.0,65.6616085767746,24.444637298583984
stim_62_flute.wav,70.0000011920929,49.999998807907104,47.11942791938782,36.476147174835205
stim_62_flute.wav,35.00000059604645,60.0,27.690889835357666,27.535977959632874
stim_62_flute.wav,90.0,20.000000596046448,49.09592092037201,29.253196120262146
stim_62_flute.wav,25.000001192092896,60.0,36.57812386751175,33.8201379776001
stim_62_flute.wav,0.0,0.0,16.76833927631378,27.58714735507965
stim_62_flute.wav,80.00000059604645,20.000000596046448,61.813421845436096,22.71331787109375
stim_62_flute.wav,70.0000011920929,40.000001192092896,53.22694659233093,28.72098684310913
stim_62_flute.wav,25.000001192092896,10.000000298023224,36.284499764442444,31.169954538345337
stim_62_flute.wav,10.000000074505806,20.000000596046448,18.911743462085724,19.803836345672607
stim_62_flute.wav,54.99999940395355,30.0,43.303964138031006,26.779696941375732
stim_62_flute.wav,90.0,20.000000596046448,62.772756814956665,18.910340666770935
stim_62_flute.wav,15.000000447034836,20.000000596046448,32.891298830509186,24.488178491592407
stim_62_flute.wav,74.99999821186066,0.0,70.14419674873352,33.02478075027466
stim_62_flute.wav,50.00000238418579,0.0,52.09843933582306,26.83351993560791
stim_62_flute.wav,0.0,20.000000596046448,6.879343092441559,25.993868708610535
stim_62_flute.wav,64.9999988079071,49.999998807907104,66.51244819164276,42.480690479278564
stim_62_flute.wav,45.0,30.0,46.237565875053406,32.77211666107178
stim_62_flute.wav,45.0,49.999998807907104,40.51056683063507,31.65948987007141
stim_62_flute.wav,0.0,49.999998807907104,11.214120090007782,27.78251051902771
stim_62_flute.wav,84.99999761581421,20.000000596046448,64.72389757633209,24.988805651664734
stim_62_flute.wav,5.000000037252903,0.0,13.610121309757233,20.564696788787842
stim_62_flute.wav,60.00000178813934,20.000000596046448,63.10552775859833,26.09061598777771
stim_62_flute.wav,80.00000059604645,10.000000298023224,66.5570318698883,20.613677501678467
stim_62_flute.wav,54.99999940395355,10.000000298023224,56.25519275665283,29.316739439964294
stim_62_flute.wav,80.00000059604645,40.000001192092896,67.58087396621704,33.398813009262085
stim_62_flute.wav,80.00000059604645,49.999998807907104,61.027411222457886,29.947330355644226
stim_62_flute.wav,15.000000447034836,49.999998807907104,15.014700293540955,32.014124393463135
stim_62_flute.wav,0.0,0.0,9.158947169780731,26.20133399963379
stim_62_flute.wav,35.00000059604645,60.0,37.47140407562256,34.14605140686035
stim_62_flute.wav,80.00000059604645,60.0,71.55381560325623,35.69534182548523
stim_62_flute.wav,70.0000011920929,60.0,70.07275342941284,40.83983302116394
stim_62_flute.wav,84.99999761581421,10.000000298023224,66.77260637283325,31.190314292907715
stim_62_flute.wav,40.000000298023224,20.000000596046448,43.89476090669632,31.61638855934143
stim_62_flute.wav,60.00000178813934,30.0,46.85227990150452,21.095112562179565
stim_62_flute.wav,60.00000178813934,60.0,51.88095510005951,29.50166881084442
stim_62_flute.wav,20.000000149011612,0.0,29.998517632484436,24.05155599117279
stim_58_flute.wav,64.9999988079071,49.999998807907104,55.5009663105011,37.86380410194397
stim_58_flute.wav,45.0,49.999998807907104,45.306522846221924,28.952558040618896
stim_58_flute.wav,10.000000074505806,20.000000596046448,27.1292245388031,31.015048027038574
stim_58_flute.wav,30.00000089406967,30.0,37.48846024274826,35.437989234924316
stim_58_flute.wav,64.9999988079071,30.0,50.58880627155304,33.77282381057739
stim_58_flute.wav,30.00000089406967,40.000001192092896,46.071826815605164,36.006470918655396
stim_58_flute.wav,80.00000059604645,30.0,64.4811737537384,31.11905336380005
stim_58_flute.wav,10.000000074505806,20.000000596046448,15.303925573825836,38.049384355545044
stim_58_flute.wav,0.0,0.0,22.54517376422882,28.013713359832764
stim_58_flute.wav,64.9999988079071,40.000001192092896,67.83241152763367,36.786489486694336
stim_58_flute.wav,40.000000298023224,0.0,51.11139714717865,34.43519711494446
stim_58_flute.wav,0.0,40.000001192092896,7.347139120101929,28.550924062728882
stim_58_flute.wav,5.000000037252903,30.0,17.24880874156952,38.36725473403931
stim_58_flute.wav,0.0,10.000000298023224,5.8920058608055115,28.1746906042099
stim_58_flute.wav,0.0,40.000001192092896,1.5319249033927917,28.923550844192505
stim_58_flute.wav,25.000001192092896,60.0,46.558685302734375,26.72087073326111
stim_58_flute.wav,74.99999821186066,60.0,67.33328461647034,35.817296504974365
stim_58_flute.wav,30.00000089406967,20.000000596046448,35.18520176410675,18.039668798446655
stim_58_flute.wav,35.00000059604645,49.999998807907104,41.67344927787781,33.20059418678284
stim_58_flute.wav,80.00000059604645,60.0,62.41315841674805,38.00007104873657
stim_58_flute.wav,10.000000074505806,30.0,17.400619089603424,22.33579158782959
stim_58_flute.wav,0.0,20.000000596046448,9.35546725988388,31.196107864379883
stim_58_flute.wav,40.000000298023224,20.000000596046448,46.39817655086517,31.135668754577637
stim_58_flute.wav,45.0,49.999998807907104,54.10173296928406,33.11017870903015
stim_58_flute.wav,50.00000238418579,30.0,34.1755673289299,28.548815846443176
stim_58_flute.wav,40.000000298023224,0.0,45.16931176185608,31.515276432037354
stim_58_flute.wav,45.0,30.0,43.591099977493286,40.90533256530762
stim_58_flute.wav,64.9999988079071,60.0,60.35708427429199,32.779022455215454
stim_58_flute.wav,70.0000011920929,10.000000298023224,65.24977147579193,20.401037335395813
stim_58_flute.wav,35.00000059604645,20.000000596046448,38.400623202323914,28.69953453540802
stim_58_flute.wav,30.00000089406967,10.000000298023224,45.13066649436951,34.543161392211914
stim_58_flute.wav,10.000000074505806,20.000000596046448,13.921579420566559,34.46381092071533
stim_58_flute.wav,54.99999940395355,60.0,53.6211884021759,43.238325119018555
stim_58_flute.wav,0.0,40.000001192092896,0.7587191462516785,29.014896154403687
stim_58_flute.wav,25.000001192092896,20.000000596046448,58.556538820266724,21.180344223976135
stim_58_flute.wav,50.00000238418579,0.0,47.51263976097107,22.433245182037354
stim_58_flute.wav,54.99999940395355,60.0,52.15559184551239,41.19731426239014
stim_58_flute.wav,25.000001192092896,10.000000298023224,30.99569320678711,20.12325346469879
stim_58_flute.wav,64.9999988079071,0.0,56.89540922641754,33.50704908370972
stim_58_flute.wav,0.0,49.999998807907104,16.002286970615387,24.943490624427795
stim_58_flute.wav,0.0,0.0,1.4206534624099731,28.128615617752075
stim_58_flute.wav,15.000000447034836,10.000000298023224,17.09335595369339,10.980378985404968
stim_58_flute.wav,20.000000149011612,10.000000298023224,36.30598425865173,30.336366891860962
stim_58_flute.wav,35.00000059604645,40.000001192092896,40.95759719610214,28.61128807067871
stim_58_flute.wav,30.00000089406967,20.000000596046448,35.47854959964752,30.3139865398407
stim_58_flute.wav,54.99999940395355,49.999998807907104,40.462796688079834,31.46242618560791
stim_58_flute.wav,45.0,30.0,50.27016520500183,35.771634578704834
stim_58_flute.wav,90.0,49.999998807907104,60.67143380641937,34.48144197463989
stim_58_flute.wav,84.99999761581421,20.000000596046448,51.16108775138855,38.35607886314392
stim_58_flute.wav,70.0000011920929,30.0,67.35624432563782,33.70556831359863
stim_58_flute.wav,60.00000178813934,40.000001192092896,55.84846258163452,31.707876920700073
stim_58_flute.wav,35.00000059604645,30.0,34.86355125904083,30.069608688354492
stim_58_flute.wav,45.0,60.0,57.07466125488281,42.82310485839844
stim_58_flute.wav,20.000000149011612,20.000000596046448,18.06243807077408,28.44624102115631
stim_58_flute.wav,15.000000447034836,20.000000596046448,27.737917006015778,24.781717658042908
stim_58_flute.wav,5.000000037252903,20.000000596046448,10.990112721920013,32.761595249176025
stim_58_flute.wav,40.000000298023224,40.000001192092896,40.78986257314682,31.705280542373657
stim_58_flute.wav,0.0,49.999998807907104,7.548371851444244,30.422794818878174
stim_58_flute.wav,74.99999821186066,10.000000298023224,42.76128351688385,23.696061372756958
stim_58_flute.wav,64.9999988079071,20.000000596046448,49.960418343544006,38.665348291397095
stim_58_flute.wav,0.0,30.0,5.905754864215851,28.509135246276855
stim_58_flute.wav,35.00000059604645,40.000001192092896,36.78773581981659,24.529030323028564
stim_58_flute.wav,74.99999821186066,60.0,72.56631731987,29.528769850730896
stim_58_flute.wav,70.0000011920929,20.000000596046448,64.56742286682129,36.15306615829468
stim_58_flute.wav,64.9999988079071,40.000001192092896,60.15062391757965,29.177715182304382
stim_58_flute.wav,15.000000447034836,0.0,20.73079079389572,21.478300094604492
stim_58_flute.wav,30.00000089406967,49.999998807907104,37.656404078006744,35.77408790588379
stim_58_flute.wav,70.0000011920929,40.000001192092896,57.48269498348236,29.347380995750427
stim_58_flute.wav,25.000001192092896,40.000001192092896,25.747334361076355,21.9277024269104
stim_58_flute.wav,60.00000178813934,10.000000298023224,59.42179799079895,27.76707351207733
stim_58_flute.wav,5.000000037252903,60.0,14.93280440568924,49.70520257949829
stim_58_flute.wav,50.00000238418579,49.999998807907104,50.11371731758118,33.09788703918457
stim_58_flute.wav,20.000000149011612,40.000001192092896,24.19040858745575,29.381806254386902
stim_58_flute.wav,25.000001192092896,10.000000298023224,33.515161871910095,22.036848664283752
stim_58_flute.wav,60.00000178813934,20.000000596046448,44.46291446685791,30.916954278945923
stim_58_flute.wav,60.00000178813934,30.0,56.39462471008301,30.400017499923706
stim_58_flute.wav,15.000000447034836,49.999998807907104,20.663762390613556,44.71852898597717
stim_58_flute.wav,25.000001192092896,0.0,45.34750699996948,24.481143951416016
stim_58_flute.wav,70.0000011920929,30.0,64.10187721252441,37.560778856277466
stim_58_flute.wav,25.000001192092896,60.0,29.93249237537384,32.94799089431763
stim_58_flute.wav,80.00000059604645,30.0,67.42165267467499,32.70098090171814
stim_58_flute.wav,80.00000059604645,60.0,62.69904971122742,30.75227379798889
stim_58_flute.wav,60.00000178813934,20.000000596046448,56.95920288562775,30.97926378250122
stim_58_flute.wav,54.99999940395355,60.0,47.927765250205994,40.20267963409424
stim_58_flute.wav,80.00000059604645,60.0,72.36847758293152,35.296783447265625
stim_58_flute.wav,5.000000037252903,60.0,13.111187517642975,42.99433350563049
stim_58_flute.wav,80.00000059604645,20.000000596046448,68.32123339176178,21.19645893573761
stim_58_flute.wav,74.99999821186066,60.0,55.77880024909973,39.80078458786011
stim_58_flute.wav,74.99999821186066,10.000000298023224,53.189964294433594,28.073394298553467
stim_58_flute.wav,54.99999940395355,0.0,60.31940460205078,32.243263721466064
stim_58_flute.wav,45.0,10.000000298023224,54.94894087314606,33.881460428237915
stim_58_flute.wav,40.000000298023224,40.000001192092896,49.79584336280823,29.51290190219879
stim_58_flute.wav,10.000000074505806,0.0,19.68150794506073,35.000975131988525
stim_58_flute.wav,35.00000059604645,60.0,46.2796014547348,38.871753215789795
stim_58_flute.wav,10.000000074505806,10.000000298023224,23.806450366973877,23.750685453414917
stim_58_flute.wav,20.000000149011612,10.000000298023224,28.635861575603485,39.89344596862793
stim_58_flute.wav,20.000000149011612,40.000001192092896,24.500592648983,27.42776870727539
stim_58_flute.wav,60.00000178813934,20.000000596046448,59.009435176849365,34.877318143844604
stim_58_flute.wav,80.00000059604645,49.999998807907104,64.97092366218567,36.0253643989563
stim_58_flute.wav,40.000000298023224,0.0,44.40822958946228,27.464675903320312
stim_58_flute.wav,5.000000037252903,0.0,10.006954371929169,21.3278067111969
stim_58_flute.wav,10.000000074505806,40.000001192092896,29.680622220039368,35.027146339416504
stim_58_flute.wav,50.00000238418579,30.0,44.90932255983353,34.03087019920349
stim_58_flute.wav,90.0,30.0,65.96896290779114,19.595725536346436
stim_58_flute.wav,30.00000089406967,30.0,40.939167737960815,30.468549728393555
stim_58_flute.wav,70.0000011920929,10.000000298023224,65.65749406814575,28.282307982444763
stim_58_flute.wav,74.99999821186066,49.999998807907104,63.497570157051086,37.75731325149536
stim_58_flute.wav,20.000000149011612,20.000000596046448,25.814985036849976,33.33777666091919
stim_58_flute.wav,40.000000298023224,49.999998807907104,48.26017677783966,32.849775552749634
stim_58_flute.wav,15.000000447034836,10.000000298023224,24.58194136619568,27.68958806991577
stim_58_flute.wav,40.000000298023224,20.000000596046448,42.930981516838074,24.894577860832214
stim_58_flute.wav,70.0000011920929,0.0,59.429887533187866,32.55055546760559
stim_58_flute.wav,45.0,60.0,43.47122937440872,28.615697622299194
stim_58_flute.wav,0.0,10.000000298023224,15.447295010089874,28.31484317779541
stim_58_flute.wav,15.000000447034836,30.0,16.328532099723816,34.11577105522156
stim_58_flute.wav,70.0000011920929,0.0,57.00628638267517,21.40032649040222
stim_58_flute.wav,10.000000074505806,40.000001192092896,14.106236100196838,28.064686059951782
stim_58_flute.wav,0.0,0.0,2.4642232060432434,28.38290512561798
stim_58_flute.wav,70.0000011920929,10.000000298023224,67.45697736740112,28.0776447057724
stim_58_flute.wav,25.000001192092896,20.000000596046448,39.383835196495056,23.6079078912735
stim_58_flute.wav,80.00000059604645,20.000000596046448,69.08541083335876,18.97190809249878
stim_58_flute.wav,84.99999761581421,49.999998807907104,63.51175367832184,41.83006525039673
stim_58_flute.wav,54.99999940395355,40.000001192092896,62.84251570701599,40.06584405899048
stim_58_flute.wav,20.000000149011612,40.000001192092896,20.308235585689545,34.19197082519531
stim_58_flute.wav,70.0000011920929,40.000001192092896,60.08072018623352,33.27647566795349
stim_58_flute.wav,40.000000298023224,20.000000596046448,44.74311411380768,25.935133695602417
stim_58_flute.wav,0.0,40.000001192092896,1.9522646069526672,35.30204772949219
stim_58_flute.wav,10.000000074505806,20.000000596046448,11.303024590015411,34.96147155761719
stim_58_flute.wav,0.0,20.000000596046448,3.443288505077362,28.562335968017578
stim_58_flute.wav,40.000000298023224,40.000001192092896,38.43137741088867,29.231016039848328
stim_58_flute.wav,50.00000238418579,49.999998807907104,53.65065515041351,33.538702726364136
stim_58_flute.wav,54.99999940395355,49.999998807907104,28.574865460395813,28.164775371551514
stim_58_flute.wav,45.0,40.000001192092896,37.2893089056015,33.53276252746582
stim_69_flute.wav,50.00000238418579,20.000000596046448,55.241360664367676,30.07268786430359
stim_69_flute.wav,60.00000178813934,60.0,63.36638331413269,29.310861825942993
stim_69_flute.wav,70.0000011920929,60.0,42.70825892686844,23.732709288597107
stim_69_flute.wav,70.0000011920929,20.000000596046448,67.11298942565918,29.04523730278015
stim_69_flute.wav,5.000000037252903,49.999998807907104,14.473728239536285,23.88574719429016
stim_69_flute.wav,54.99999940395355,49.999998807907104,30.236772894859314,29.283442497253418
stim_69_flute.wav,74.99999821186066,0.0,61.026944518089294,23.720204830169678
stim_69_flute.wav,70.0000011920929,49.999998807907104,52.90982902050018,38.052978515625
stim_69_flute.wav,20.000000149011612,10.000000298023224,43.78793656826019,30.014959573745728
stim_69_flute.wav,0.0,30.0,9.563046097755432,29.631330370903015
stim_69_flute.wav,5.000000037252903,40.000001192092896,17.36262559890747,29.60997462272644
stim_69_flute.wav,54.99999940395355,0.0,53.44642639160156,29.817808270454407
stim_69_flute.wav,60.00000178813934,0.0,39.45723921060562,30.359208583831787
stim_69_flute.wav,15.000000447034836,10.000000298023224,19.969359934329987,18.70004653930664
stim_69_flute.wav,74.99999821186066,40.000001192092896,57.223695516586304,33.62899661064148
stim_69_flute.wav,15.000000447034836,60.0,26.383473873138428,36.65056228637695
stim_69_flute.wav,35.00000059604645,30.0,47.87943720817566,33.47751975059509
stim_69_flute.wav,90.0,49.999998807907104,58.28501343727112,34.579410552978516
stim_69_flute.wav,35.00000059604645,10.000000298023224,45.36156177520752,35.96927046775818
stim_69_flute.wav,54.99999940395355,49.999998807907104,31.096200942993164,27.66644775867462
stim_69_flute.wav,60.00000178813934,20.000000596046448,56.454845666885376,29.063099026679993
stim_69_flute.wav,74.99999821186066,40.000001192092896,54.62872266769409,25.42945146560669
stim_69_flute.wav,80.00000059604645,20.000000596046448,47.62929439544678,34.120999574661255
stim_69_flute.wav,45.0,60.0,49.55915987491608,39.60467576980591
stim_69_flute.wav,35.00000059604645,60.0,40.55914968252182,43.27730655670166
stim_69_flute.wav,45.0,40.000001192092896,57.546783685684204,36.02621912956238
stim_69_flute.wav,80.00000059604645,10.000000298023224,58.02496790885925,22.92124629020691
stim_69_flute.wav,54.99999940395355,0.0,52.39635229110718,30.481592416763306
stim_69_flute.wav,50.00000238418579,49.999998807907104,41.62918210029602,30.448583364486694
stim_69_flute.wav,40.000000298023224,60.0,20.098823457956314,27.335246801376343
stim_69_flute.wav,20.000000149011612,0.0,33.59794557094574,31.781355142593384
stim_69_flute.wav,40.000000298023224,10.000000298023224,41.316983699798584,30.712623596191406
stim_69_flute.wav,54.99999940395355,10.000000298023224,56.96404695510864,26.197065711021423
stim_69_flute.wav,25.000001192092896,60.0,34.74061757326126,24.07610535621643
stim_69_flute.wav,64.9999988079071,30.0,63.38034152984619,30.312334299087524
stim_69_flute.wav,30.00000089406967,30.0,34.98689532279968,29.53284502029419
stim_69_flute.wav,54.99999940395355,10.000000298023224,63.02024960517883,29.045802354812622
stim_69_flute.wav,30.00000089406967,0.0,51.630635261535645,22.330970764160156
stim_69_flute.wav,35.00000059604645,30.0,43.13801318407059,31.842201948165894
stim_69_flute.wav,74.99999821186066,60.0,51.80330514907837,31.15537405014038
stim_69_flute.wav,74.99999821186066,30.0,55.780704617500305,26.427862644195557
stim_69_flute.wav,70.0000011920929,20.000000596046448,61.727033257484436,26.531224250793457
stim_69_flute.wav,35.00000059604645,0.0,33.032755851745605,20.87443470954895
stim_69_flute.wav,5.000000037252903,60.0,8.184602558612823,27.91187345981598
stim_69_flute.wav,20.000000149011612,40.000001192092896,27.047433257102966,28.337543606758118
stim_69_flute.wav,50.00000238418579,60.0,44.59356218576431,34.01113986968994
stim_69_flute.wav,5.000000037252903,10.000000298023224,6.643158495426178,18.889281749725342
stim_69_flute.wav,45.0,10.000000298023224,62.18764901161194,36.645623445510864
stim_69_flute.wav,50.00000238418579,40.000001192092896,37.050911486148834,28.024093508720398
stim_69_flute.wav,84.99999761581421,30.0,54.667566418647766,28.25504779815674
stim_69_flute.wav,80.00000059604645,60.0,47.72632598876953,23.656808137893677
stim_69_flute.wav,30.00000089406967,10.000000298023224,37.99801290035248,26.270688772201538
stim_69_flute.wav,5.000000037252903,10.000000298023224,16.215938329696655,27.079301476478577
stim_69_flute.wav,5.000000037252903,20.000000596046448,16.7979696393013,22.310982942581177
stim_69_flute.wav,40.000000298023224,20.000000596046448,44.79118466377258,34.771631956100464
stim_69_flute.wav,20.000000149011612,49.999998807907104,40.22698491811752,22.833938598632812
stim_69_flute.wav,15.000000447034836,30.0,22.948068380355835,26.813108325004578
stim_69_flute.wav,74.99999821186066,30.0,58.39231789112091,20.578114986419678
stim_69_flute.wav,64.9999988079071,49.999998807907104,57.014418840408325,32.86195993423462
stim_69_flute.wav,30.00000089406967,0.0,35.60702204704285,25.00402808189392
stim_69_flute.wav,15.000000447034836,0.0,35.13750672340393,26.515105962753296
stim_69_flute.wav,20.000000149011612,0.0,24.604844748973846,36.1310076713562
stim_69_flute.wav,40.000000298023224,20.000000596046448,57.89216101169586,34.62566256523132
stim_69_flute.wav,50.00000238418579,20.000000596046448,62.911121249198914,31.953781843185425
stim_69_flute.wav,45.0,40.000001192092896,46.777902245521545,34.213095903396606
stim_69_flute.wav,80.00000059604645,60.0,62.121843695640564,36.893287897109985
stim_69_flute.wav,25.000001192092896,40.000001192092896,33.50234895944595,29.451135993003845
stim_69_flute.wav,40.000000298023224,0.0,39.51709806919098,28.155214190483093
stim_69_flute.wav,84.99999761581421,49.999998807907104,53.64968419075012,24.347936511039734
stim_69_flute.wav,64.9999988079071,30.0,56.08276963233948,34.28011178970337
stim_69_flute.wav,64.9999988079071,20.000000596046448,58.7631493806839,29.621062874794006
stim_69_flute.wav,20.000000149011612,10.000000298023224,36.66659653186798,29.159832000732422
stim_69_flute.wav,40.000000298023224,10.000000298023224,43.833429515361786,24.389299750328064
stim_69_flute.wav,70.0000011920929,0.0,52.36889183521271,25.113725066184998
stim_69_flute.wav,50.00000238418579,20.000000596046448,51.26494824886322,33.42812776565552
stim_69_flute.wav,30.00000089406967,30.0,39.74611580371857,32.44631767272949
stim_69_flute.wav,35.00000059604645,30.0,47.3036527633667,30.71131467819214
stim_69_flute.wav,40.000000298023224,20.000000596046448,43.25277954339981,31.71079158782959
stim_69_flute.wav,45.0,30.0,54.111780524253845,34.792760610580444
stim_69_flute.wav,70.0000011920929,10.000000298023224,47.514973282814026,24.876734018325806
stim_69_flute.wav,70.0000011920929,20.000000596046448,58.874831199645996,27.01038658618927
stim_69_flute.wav,70.0000011920929,30.0,52.166427969932556,29.096422791481018
stim_69_flute.wav,90.0,49.999998807907104,43.24264883995056,35.72762489318848
stim_69_flute.wav,35.00000059604645,30.0,34.820523262023926,26.735106110572815
stim_69_flute.wav,25.000001192092896,10.000000298023224,30.985060930252075,13.844262957572937
stim_69_flute.wav,20.000000149011612,60.0,23.414558172225952,25.608367323875427
stim_69_flute.wav,35.00000059604645,49.999998807907104,42.939430475234985,33.56466293334961
stim_69_flute.wav,70.0000011920929,40.000001192092896,60.716049671173096,31.029188632965088
stim_69_flute.wav,64.9999988079071,40.000001192092896,50.38387477397919,29.772797226905823
stim_69_flute.wav,45.0,0.0,47.49736726284027,34.14283990859985
stim_69_flute.wav,35.00000059604645,20.000000596046448,31.713382601737976,24.56742525100708
stim_69_flute.wav,80.00000059604645,30.0,49.36007022857666,29.440394639968872
stim_69_flute.wav,40.000000298023224,20.000000596046448,35.91064542531967,25.609905123710632
stim_69_flute.wav,15.000000447034836,40.000001192092896,24.256192445755005,33.09299826622009
stim_69_flute.wav,25.000001192092896,40.000001192092896,27.612099945545197,31.348986625671387
stim_69_flute.wav,70.0000011920929,40.000001192092896,54.05954718589783,31.60391092300415
stim_69_flute.wav,25.000001192092896,49.999998807907104,31.23953551054001,30.450103282928467
stim_69_flute.wav,10.000000074505806,0.0,26.87859356403351,27.776665091514587
stim_69_flute.wav,5.000000037252903,20.000000596046448,13.566674888134003,29.053478837013245
stim_69_flute.wav,70.0000011920929,0.0,52.56201088428497,26.933078169822693
stim_69_flute.wav,45.0,60.0,28.002530336380005,19.24980640411377
stim_69_flute.wav,45.0,60.0,56.652862429618835,31.910566091537476
stim_69_flute.wav,70.0000011920929,40.000001192092896,52.38172888755798,32.788825035095215
stim_69_flute.wav,84.99999761581421,60.0,63.15773963928223,33.681185245513916
stim_69_flute.wav,74.99999821186066,10.000000298023224,56.98610544204712,22.111764550209045
stim_69_flute.wav,54.99999940395355,60.0,65.10306000709534,35.838940143585205
stim_69_flute.wav,70.0000011920929,20.000000596046448,59.60725128650665,28.1996351480484
stim_69_flute.wav,74.99999821186066,49.999998807907104,63.92241060733795,24.513882994651794
stim_69_flute.wav,25.000001192092896,0.0,34.97398316860199,26.66265070438385
stim_69_flute.wav,64.9999988079071,60.0,52.26945161819458,31.58664107322693
stim_69_flute.wav,74.99999821186066,20.000000596046448,53.60704243183136,19.396557211875916
stim_69_flute.wav,54.99999940395355,0.0,58.21127414703369,37.93129920959473
stim_69_flute.wav,15.000000447034836,0.0,34.55314725637436,24.751315712928772
stim_69_flute.wav,54.99999940395355,49.999998807907104,36.57342731952667,29.23586905002594
stim_69_flute.wav,80.00000059604645,0.0,57.880622148513794,27.786433696746826
stim_69_flute.wav,45.0,30.0,41.42185002565384,36.26702427864075
stim_69_flute.wav,15.000000447034836,60.0,27.49739795923233,35.153971910476685
stim_69_flute.wav,15.000000447034836,60.0,20.160260796546936,31.419732570648193
stim_69_flute.wav,10.000000074505806,20.000000596046448,26.726624965667725,32.669559717178345
stim_69_flute.wav,10.000000074505806,40.000001192092896,23.604549765586853,31.011046171188354
stim_69_flute.wav,30.00000089406967,20.000000596046448,42.173292338848114,18.87939155101776
stim_69_flute.wav,30.00000089406967,49.999998807907104,49.54585611820221,31.903553009033203
stim_69_flute.wav,70.0000011920929,40.000001192092896,49.449323415756226,28.936078548431396
stim_69_flute.wav,35.00000059604645,10.000000298023224,34.53888863325119,27.619748711586
stim_69_flute.wav,10.000000074505806,0.0,24.87151801586151,34.65608596801758
stim_69_flute.wav,74.99999821186066,0.0,55.01856565475464,23.10320556163788
stim_69_flute.wav,10.000000074505806,0.0,36.38562172651291,31.264246702194214
stim_69_flute.wav,74.99999821186066,30.0,62.10947871208191,30.132272243499756
stim_69_flute.wav,15.000000447034836,40.000001192092896,17.234257757663727,29.204978942871094
stim_69_flute.wav,45.0,40.000001192092896,63.50304186344147,34.383448362350464
stim_69_flute.wav,70.0000011920929,49.999998807907104,58.481109738349915,31.313241720199585
stim_69_flute.wav,64.9999988079071,20.000000596046448,59.4734787940979,30.006483793258667
stim_69_flute.wav,40.000000298023224,10.000000298023224,37.39653825759888,27.216686010360718
stim_69_flute.wav,35.00000059604645,0.0,31.019006967544556,20.810256600379944
stim_69_flute.wav,30.00000089406967,20.000000596046448,38.632773756980896,19.400614500045776
stim_69_flute.wav,40.000000298023224,30.0,60.23237228393555,35.04181623458862
stim_69_flute.wav,54.99999940395355,40.000001192092896,55.234622955322266,37.767966985702515
stim_69_flute.wav,10.000000074505806,10.000000298023224,24.586369693279266,31.14803910255432
stim_69_flute.wav,50.00000238418579,49.999998807907104,57.76511013507843,37.46934771537781
stim_69_flute.wav,80.00000059604645,20.000000596046448,43.7026584148407,22.748515605926514
stim_69_flute.wav,0.0,49.999998807907104,6.429295241832733,32.28432297706604
stim_69_flute.wav,74.99999821186066,10.000000298023224,59.15984272956848,20.445610284805298
stim_69_flute.wav,60.00000178813934,60.0,36.10784411430359,26.34081244468689
stim_69_flute.wav,0.0,30.0,23.76321315765381,24.27590310573578
stim_70_flute.wav,20.000000149011612,49.999998807907104,39.99190270900726,30.62436819076538
stim_70_flute.wav,54.99999940395355,49.999998807907104,34.73029911518097,22.590866088867188
stim_70_flute.wav,74.99999821186066,20.000000596046448,57.13765561580658,25.25943160057068
stim_70_flute.wav,60.00000178813934,30.0,59.56489384174347,29.16006624698639
stim_70_flute.wav,40.000000298023224,20.000000596046448,42.03102260828018,29.0945166349411
stim_70_flute.wav,25.000001192092896,40.000001192092896,31.840446889400482,25.925785303115845
stim_70_flute.wav,30.00000089406967,0.0,48.06850075721741,28.288913369178772
stim_70_flute.wav,54.99999940395355,10.000000298023224,67.22900032997131,32.31795787811279
stim_70_flute.wav,15.000000447034836,30.0,29.51605260372162,31.121903657913208
stim_70_flute.wav,0.0,49.999998807907104,23.173419535160065,29.791985750198364
stim_70_flute.wav,84.99999761581421,30.0,48.06051850318909,27.96666920185089
stim_70_flute.wav,60.00000178813934,10.000000298023224,38.16819369792938,25.87538480758667
stim_70_flute.wav,80.00000059604645,20.000000596046448,55.654646158218384,21.852775812149048
stim_70_flute.wav,10.000000074505806,0.0,16.020488440990448,22.734253406524658
stim_70_flute.wav,40.000000298023224,30.0,43.471296429634094,33.01594018936157
stim_70_flute.wav,64.9999988079071,60.0,57.05427646636963,30.37063479423523
stim_70_flute.wav,40.000000298023224,30.0,41.90585732460022,25.65566897392273
stim_70_flute.wav,30.00000089406967,40.000001192092896,46.15152060985565,29.764652252197266
stim_70_flute.wav,35.00000059604645,10.000000298023224,39.50423151254654,26.67750120162964
stim_70_flute.wav,25.000001192092896,30.0,33.51612210273743,33.33241939544678
stim_70_flute.wav,70.0000011920929,40.000001192092896,62.41400599479675,33.52964401245117
stim_70_flute.wav,70.0000011920929,60.0,61.082106828689575,36.119760274887085
stim_70_flute.wav,80.00000059604645,60.0,53.735767006874084,26.865434646606445
stim_70_flute.wav,45.0,20.000000596046448,43.68905156850815,31.289749145507812
stim_70_flute.wav,35.00000059604645,10.000000298023224,40.07641911506653,29.458892941474915
stim_70_flute.wav,0.0,60.0,10.035257041454315,28.613256812095642
stim_70_flute.wav,30.00000089406967,30.0,35.56968837976456,33.17357540130615
stim_70_flute.wav,30.00000089406967,60.0,41.2702140212059,36.96533918380737
stim_70_flute.wav,35.00000059604645,30.0,46.10307991504669,26.58535659313202
stim_70_flute.wav,54.99999940395355,40.000001192092896,48.43765318393707,32.51536846160889
stim_70_flute.wav,80.00000059604645,0.0,51.88670575618744,21.88075304031372
stim_70_flute.wav,70.0000011920929,10.000000298023224,46.548181772232056,28.082728385925293
stim_70_flute.wav,64.9999988079071,49.999998807907104,51.82378649711609,29.040334224700928
stim_70_flute.wav,30.00000089406967,10.000000298023224,44.50290083885193,21.718645691871643
stim_70_flute.wav,74.99999821186066,60.0,55.74692487716675,30.586284399032593
stim_70_flute.wav,50.00000238418579,30.0,50.832356214523315,33.66950511932373
stim_70_flute.wav,80.00000059604645,49.999998807907104,65.45305609703064,28.05104970932007
stim_70_flute.wav,30.00000089406967,49.999998807907104,37.2804120182991,30.34086585044861
stim_70_flute.wav,60.00000178813934,20.000000596046448,53.34413766860962,29.73869025707245
stim_70_flute.wav,84.99999761581421,30.0,49.4249153137207,22.103322744369507
stim_70_flute.wav,84.99999761581421,10.000000298023224,58.19905400276184,25.399564504623413
stim_70_flute.wav,40.000000298023224,10.000000298023224,32.04831272363663,29.070873856544495
stim_70_flute.wav,15.000000447034836,30.0,38.44368875026703,24.93352174758911
stim_70_flute.wav,5.000000037252903,20.000000596046448,15.43017715215683,29.26031470298767
stim_70_flute.wav,64.9999988079071,49.999998807907104,39.921840727329254,35.086283683776855
stim_70_flute.wav,0.0,20.000000596046448,17.39384114742279,28.163752555847168
stim_70_flute.wav,90.0,49.999998807907104,57.76105999946594,34.04359817504883
stim_70_flute.wav,20.000000149011612,10.000000298023224,36.663621962070465,29.286330342292786
stim_70_flute.wav,35.00000059604645,20.000000596046448,35.93949794769287,23.27723264694214
stim_70_flute.wav,40.000000298023224,40.000001192092896,44.01303291320801,21.000182032585144
stim_70_flute.wav,40.000000298023224,60.0,33.34376335144043,30.85445523262024
stim_70_flute.wav,15.000000447034836,30.0,37.78901517391205,28.92634391784668
stim_70_flute.wav,0.0,60.0,22.54620373249054,29.82309579849243
stim_70_flute.wav,84.99999761581421,0.0,59.565752148628235,20.130064487457275
stim_70_flute.wav,70.0000011920929,49.999998807907104,53.044604659080505,33.04018020629883
stim_70_flute.wav,60.00000178813934,40.000001192092896,57.44722008705139,33.04812669754028
stim_70_flute.wav,54.99999940395355,30.0,53.7461256980896,34.52697515487671
stim_70_flute.wav,50.00000238418579,0.0,54.15079593658447,32.38754868507385
stim_70_flute.wav,60.00000178813934,10.000000298023224,43.04294228553772,18.24511170387268
stim_70_flute.wav,40.000000298023224,30.0,31.24785840511322,32.2147536277771
stim_70_flute.wav,84.99999761581421,0.0,65.98020672798157,17.379857897758484
stim_70_flute.wav,74.99999821186066,30.0,50.550740361213684,27.642293572425842
stim_70_flute.wav,30.00000089406967,60.0,51.96860432624817,32.79446482658386
stim_70_flute.wav,15.000000447034836,49.999998807907104,26.89853310585022,25.370237231254578
stim_70_flute.wav,60.00000178813934,40.000001192092896,56.33740782737732,34.642581939697266
stim_70_flute.wav,25.000001192092896,0.0,51.8684184551239,22.434768676757812
stim_70_flute.wav,54.99999940395355,49.999998807907104,43.680366575717926,28.20801615715027
stim_70_flute.wav,74.99999821186066,0.0,63.510830998420715,22.425270080566406
stim_70_flute.wav,74.99999821186066,30.0,50.00922918319702,25.741066932678223
stim_70_flute.wav,45.0,49.999998807907104,55.91770648956299,26.928001642227173
stim_70_flute.wav,80.00000059604645,40.000001192092896,53.762465715408325,26.065165400505066
stim_70_flute.wav,35.00000059604645,10.000000298023224,31.674804389476776,29.641631841659546
stim_70_flute.wav,20.000000149011612,60.0,27.523863315582275,29.09999370574951
stim_70_flute.wav,15.000000447034836,40.000001192092896,37.59152412414551,35.76446056365967
stim_70_flute.wav,5.000000037252903,0.0,12.502739131450653,22.93375253677368
stim_70_flute.wav,45.0,10.000000298023224,40.31285583972931,31.272976398468018
stim_70_flute.wav,30.00000089406967,20.000000596046448,37.0904204249382,36.76398038864136
stim_70_flute.wav,0.0,0.0,17.54227727651596,35.938003063201904
stim_70_flute.wav,50.00000238418579,10.000000298023224,46.54385805130005,24.06828224658966
stim_70_flute.wav,0.0,49.999998807907104,20.63337966799736,34.903221130371094
stim_70_flute.wav,60.00000178813934,30.0,59.51520323753357,26.003857254981995
stim_70_flute.wav,90.0,10.000000298023224,39.39376473426819,23.21722447872162
stim_70_flute.wav,30.00000089406967,40.000001192092896,45.34385919570923,30.27677893638611
stim_70_flute.wav,80.00000059604645,0.0,58.34292769432068,19.12541091442108
stim_70_flute.wav,70.0000011920929,49.999998807907104,42.83675819635391,29.1334068775177
stim_70_flute.wav,70.0000011920929,60.0,59.610931277275085,28.12088191509247
stim_70_flute.wav,25.000001192092896,40.000001192092896,33.05783450603485,33.36894750595093
stim_70_flute.wav,10.000000074505806,49.999998807907104,19.70574975013733,31.440417766571045
stim_70_flute.wav,30.00000089406967,0.0,53.476059436798096,27.76836097240448
stim_70_flute.wav,20.000000149011612,10.000000298023224,36.04802280664444,23.451404571533203
stim_70_flute.wav,60.00000178813934,40.000001192092896,53.15285861492157,33.234050273895264
stim_70_flute.wav,0.0,40.000001192092896,21.017594039440155,29.55258071422577
stim_70_flute.wav,74.99999821186066,60.0,61.71926558017731,24.955342411994934
stim_70_flute.wav,15.000000447034836,60.0,20.192541182041168,31.983811855316162
stim_70_flute.wav,84.99999761581421,20.000000596046448,49.04848337173462,27.82954216003418
stim_70_flute.wav,80.00000059604645,20.000000596046448,54.78650093078613,28.2294899225235
stim_70_flute.wav,70.0000011920929,40.000001192092896,56.12394690513611,28.284097909927368
stim_70_flute.wav,74.99999821186066,20.000000596046448,67.72251605987549,31.94948673248291
stim_70_flute.wav,80.00000059604645,30.0,65.38987398147583,26.032919883728027
stim_70_flute.wav,84.99999761581421,40.000001192092896,53.070573806762695,29.129428267478943
stim_70_flute.wav,30.00000089406967,40.000001192092896,46.62304759025574,29.78773534297943
stim_70_flute.wav,30.00000089406967,49.999998807907104,40.014572739601135,30.67012310028076
stim_70_flute.wav,84.99999761581421,20.000000596046448,43.341965675354004,28.024195432662964
stim_70_flute.wav,84.99999761581421,49.999998807907104,64.67995762825012,35.78925848007202
stim_70_flute.wav,84.99999761581421,60.0,61.32390797138214,30.005829334259033
stim_70_flute.wav,35.00000059604645,10.000000298023224,31.910197734832764,26.85682475566864
stim_70_flute.wav,54.99999940395355,49.999998807907104,38.1962388753891,30.76766610145569
stim_70_flute.wav,74.99999821186066,40.000001192092896,58.91871213912964,28.578370213508606
stim_70_flute.wav,35.00000059604645,10.000000298023224,36.77671730518341,29.86063241958618
stim_70_flute.wav,60.00000178813934,0.0,45.401907563209534,28.682175278663635
stim_70_flute.wav,74.99999821186066,60.0,46.03421688079834,15.956200361251831
stim_70_flute.wav,84.99999761581421,60.0,54.02578353881836,27.437891364097595
stim_70_flute.wav,74.99999821186066,49.999998807907104,49.29495692253113,32.88742661476135
stim_70_flute.wav,54.99999940395355,0.0,50.68442702293396,26.280090808868408
stim_70_flute.wav,15.000000447034836,60.0,35.79973876476288,36.721004247665405
stim_82_flute.wav,15.000000447034836,10.000000298023224,27.110816538333893,22.288159132003784
stim_82_flute.wav,35.00000059604645,10.000000298023224,53.40526521205902,33.035545349121094
stim_82_flute.wav,84.99999761581421,49.999998807907104,56.27579748630524,31.901042461395264
stim_82_flute.wav,60.00000178813934,0.0,59.805225133895874,32.58768439292908
stim_82_flute.wav,40.000000298023224,0.0,40.82965046167374,27.889491319656372
stim_82_flute.wav,15.000000447034836,49.999998807907104,28.613516092300415,25.994725227355957
stim_82_flute.wav,70.0000011920929,0.0,60.55031061172485,24.96353566646576
stim_82_flute.wav,90.0,40.000001192092896,53.514254093170166,28.566330671310425
stim_82_flute.wav,64.9999988079071,30.0,56.84096038341522,29.685128331184387
stim_82_flute.wav,30.00000089406967,49.999998807907104,35.87102651596069,26.106616258621216
stim_82_flute.wav,5.000000037252903,30.0,26.128288507461548,31.624596118927002
stim_82_flute.wav,45.0,49.999998807907104,50.195905566215515,32.04748749732971
stim_82_flute.wav,25.000001192092896,60.0,45.800859332084656,26.350144743919373
stim_82_flute.wav,10.000000074505806,0.0,29.00615394115448,30.134185552597046
stim_82_flute.wav,25.000001192092896,20.000000596046448,43.77371549606323,26.738044023513794
stim_82_flute.wav,40.000000298023224,40.000001192092896,41.60352945327759,30.831280946731567
stim_82_flute.wav,60.00000178813934,20.000000596046448,50.772473216056824,29.443109035491943
stim_82_flute.wav,90.0,30.0,61.32440686225891,21.115288138389587
stim_82_flute.wav,74.99999821186066,30.0,59.711326360702515,27.36279845237732
stim_82_flute.wav,15.000000447034836,20.000000596046448,29.11952018737793,24.3000590801239
stim_82_flute.wav,50.00000238418579,30.0,55.44468820095062,31.387535333633423
stim_82_flute.wav,5.000000037252903,20.000000596046448,35.8408784866333,29.29935872554779
stim_82_flute.wav,20.000000149011612,0.0,35.79981654882431,23.85354995727539
stim_82_flute.wav,30.00000089406967,10.000000298023224,45.17310440540314,30.553865432739258
stim_82_flute.wav,15.000000447034836,60.0,33.174623250961304,30.097274780273438
stim_82_flute.wav,15.000000447034836,30.0,36.3514718413353,30.312999486923218
stim_82_flute.wav,54.99999940395355,10.000000298023224,61.36185050010681,31.70659303665161
stim_82_flute.wav,54.99999940395355,60.0,52.8407621383667,26.987364292144775
stim_82_flute.wav,10.000000074505806,0.0,27.60591208934784,30.850017070770264
stim_82_flute.wav,30.00000089406967,20.000000596046448,43.26237112283707,26.505255103111267
stim_82_flute.wav,40.000000298023224,0.0,50.40022552013397,31.708849668502808
stim_82_flute.wav,40.000000298023224,40.000001192092896,45.54484784603119,32.61504650115967
stim_82_flute.wav,90.0,49.999998807907104,63.93463611602783,36.579744815826416
stim_82_flute.wav,0.0,0.0,38.39629411697388,30.867336988449097
stim_82_flute.wav,0.0,0.0,51.12442195415497,32.554882764816284
stim_82_flute.wav,40.000000298023224,10.000000298023224,45.17578125,28.448912501335144
stim_82_flute.wav,10.000000074505806,49.999998807907104,34.41522002220154,30.323238372802734
stim_82_flute.wav,30.00000089406967,60.0,39.59623396396637,31.48910164833069
stim_82_flute.wav,0.0,20.000000596046448,36.69713616371155,30.56705117225647
stim_82_flute.wav,20.000000149011612,0.0,33.30900996923447,24.02443528175354
stim_82_flute.wav,84.99999761581421,60.0,61.342790722846985,29.700318574905396
stim_82_flute.wav,60.00000178813934,49.999998807907104,56.36279225349426,27.664294838905334
stim_82_flute.wav,10.000000074505806,10.000000298023224,24.445663690567017,25.800238251686096
stim_82_flute.wav,5.000000037252903,40.000001192092896,40.41359156370163,30.13912081718445
stim_82_flute.wav,5.000000037252903,20.000000596046448,24.4195094704628,27.66495645046234
stim_82_flute.wav,45.0,49.999998807907104,51.29062235355377,35.918662548065186
stim_82_flute.wav,54.99999940395355,0.0,58.62274646759033,31.310784816741943
stim_82_flute.wav,80.00000059604645,49.999998807907104,59.295111894607544,31.341025829315186
stim_82_flute.wav,70.0000011920929,49.999998807907104,55.920292139053345,32.4701464176178
stim_82_flute.wav,60.00000178813934,60.0,51.11042618751526,31.401522159576416
stim_82_flute.wav,54.99999940395355,30.0,56.5730345249176,37.40621566772461
stim_82_flute.wav,54.99999940395355,10.000000298023224,55.42477011680603,28.576149344444275
stim_82_flute.wav,74.99999821186066,10.000000298023224,53.62449288368225,30.719897747039795
stim_82_flute.wav,60.00000178813934,60.0,56.79275572299957,29.704254269599915
stim_82_flute.wav,0.0,0.0,32.93644309043884,29.163451194763184
stim_82_flute.wav,20.000000149011612,49.999998807907104,36.827781200408936,23.854912519454956
stim_82_flute.wav,74.99999821186066,30.0,62.336082458496094,33.624587059020996
stim_82_flute.wav,0.0,0.0,38.519034683704376,29.987441897392273
stim_82_flute.wav,60.00000178813934,49.999998807907104,55.20428717136383,31.534405946731567
stim_82_flute.wav,35.00000059604645,49.999998807907104,36.145762503147125,30.249059200286865
stim_82_flute.wav,5.000000037252903,40.000001192092896,35.57728707790375,30.51377534866333
stim_82_flute.wav,40.000000298023224,30.0,50.527968406677246,32.354207038879395
stim_82_flute.wav,74.99999821186066,30.0,60.10939836502075,31.267869472503662
stim_82_flute.wav,54.99999940395355,10.000000298023224,61.441415548324585,32.7285361289978
stim_82_flute.wav,64.9999988079071,40.000001192092896,66.17117464542389,38.585500717163086
stim_82_flute.wav,90.0,20.000000596046448,54.571961760520935,24.312572479248047
stim_82_flute.wav,50.00000238418579,60.0,57.37209677696228,33.00279378890991
stim_82_flute.wav,15.000000447034836,49.999998807907104,38.854286670684814,28.477090001106262
stim_82_flute.wav,40.000000298023224,60.0,44.21480476856232,29.3111515045166
stim_82_flute.wav,50.00000238418579,60.0,57.765995264053345,32.712650299072266
stim_82_flute.wav,15.000000447034836,30.0,33.013803362846375,27.232795357704163
stim_82_flute.wav,54.99999940395355,40.000001192092896,54.83702301979065,34.67558741569519
stim_82_flute.wav,74.99999821186066,49.999998807907104,60.2715003490448,30.76014518737793
stim_82_flute.wav,80.00000059604645,30.0,55.2042281627655,29.294822216033936
stim_82_flute.wav,10.000000074505806,30.0,29.532271921634674,25.942493677139282
stim_82_flute.wav,30.00000089406967,60.0,42.150206565856934,29.714856147766113
stim_82_flute.wav,64.9999988079071,30.0,61.02913856506348,30.8464515209198
stim_82_flute.wav,74.99999821186066,0.0,46.7034387588501,24.348222613334656
stim_82_flute.wav,0.0,30.0,38.41335028409958,27.831870317459106
stim_82_flute.wav,5.000000037252903,0.0,27.259773015975952,27.87497878074646
stim_82_flute.wav,15.000000447034836,60.0,29.84015464782715,31.046161651611328
stim_82_flute.wav,74.99999821186066,40.000001192092896,55.24499773979187,31.301947832107544
stim_82_flute.wav,35.00000059604645,30.0,42.695730328559875,28.975326418876648
stim_82_flute.wav,84.99999761581421,20.000000596046448,60.98128259181976,35.09130835533142
stim_82_flute.wav,70.0000011920929,60.0,55.02485811710358,32.210644483566284
stim_82_flute.wav,64.9999988079071,40.000001192092896,55.180217027664185,29.955827593803406
stim_82_flute.wav,45.0,60.0,42.72213399410248,28.85301947593689
stim_82_flute.wav,20.000000149011612,60.0,34.89091783761978,28.603296875953674
stim_82_flute.wav,64.9999988079071,60.0,57.8200900554657,30.72953224182129
stim_82_flute.wav,45.0,20.000000596046448,58.665372133255005,33.55321526527405
stim_82_flute.wav,30.00000089406967,0.0,40.869494676589966,27.227715253829956
stim_82_flute.wav,70.0000011920929,10.000000298023224,42.76819825172424,27.74113655090332
stim_82_flute.wav,5.000000037252903,0.0,36.373712718486786,28.871047496795654
stim_82_flute.wav,20.000000149011612,0.0,34.80664551258087,27.954715490341187
stim_82_flute.wav,45.0,40.000001192092896,53.35631489753723,33.47101092338562
stim_82_flute.wav,84.99999761581421,49.999998807907104,62.82474875450134,34.403014183044434
stim_82_flute.wav,54.99999940395355,20.000000596046448,54.04144763946533,28.835347294807434
stim_82_flute.wav,0.0,49.999998807907104,39.448058009147644,35.85079908370972
stim_82_flute.wav,80.00000059604645,20.000000596046448,56.69940948486328,30.273878574371338
stim_82_flute.wav,64.9999988079071,0.0,47.9560250043869,26.20708465576172
stim_82_flute.wav,20.000000149011612,0.0,37.96991407871246,25.509933829307556
stim_82_flute.wav,35.00000059604645,49.999998807907104,37.953423857688904,28.657856583595276
stim_82_flute.wav,70.0000011920929,60.0,67.03736186027527,36.750826835632324
stim_82_flute.wav,40.000000298023224,40.000001192092896,45.02971887588501,26.19768798351288
stim_82_flute.wav,15.000000447034836,20.000000596046448,32.80894696712494,26.19213044643402
stim_82_flute.wav,30.00000089406967,10.000000298023224,42.79762476682663,28.257892727851868
stim_82_flute.wav,50.00000238418579,10.000000298023224,52.135019302368164,27.67770767211914
stim_82_flute.wav,10.000000074505806,40.000001192092896,33.39735925197601,30.69341540336609
stim_82_flute.wav,84.99999761581421,0.0,54.652331471443176,23.509129285812378
stim_82_flute.wav,90.0,10.000000298023224,60.854129791259766,30.747578144073486
stim_82_flute.wav,64.9999988079071,30.0,56.84476912021637,28.378618955612183
stim_82_flute.wav,64.9999988079071,40.000001192092896,61.18309736251831,34.20383334159851
stim_82_flute.wav,54.99999940395355,49.999998807907104,46.93990230560303,29.35006320476532
stim_82_flute.wav,60.00000178813934,49.999998807907104,56.167243123054504,35.614439249038696
stim_82_flute.wav,84.99999761581421,0.0,54.84218895435333,23.68426501750946
stim_82_flute.wav,84.99999761581421,40.000001192092896,60.713839530944824,32.561466693878174
stim_82_flute.wav,64.9999988079071,10.000000298023224,57.741785645484924,30.35701274871826
stim_82_flute.wav,60.00000178813934,49.999998807907104,50.7943332195282,28.570765256881714
stim_82_flute.wav,90.0,0.0,63.22408139705658,31.668283939361572
stim_82_flute.wav,10.000000074505806,0.0,33.04610788822174,30.9195613861084
stim_82_flute.wav,74.99999821186066,60.0,53.237353563308716,29.61476504802704
stim_82_flute.wav,10.000000074505806,49.999998807907104,36.4936101436615,30.69444179534912
stim_82_flute.wav,35.00000059604645,0.0,51.068594455718994,27.969385385513306
stim_82_flute.wav,70.0000011920929,0.0,60.543036460876465,28.620867133140564
stim_82_flute.wav,25.000001192092896,0.0,42.49870330095291,27.18280792236328
stim_82_flute.wav,20.000000149011612,0.0,42.958256900310516,26.515148878097534
stim_82_flute.wav,74.99999821186066,0.0,52.72087812423706,26.408565044403076
stim_82_flute.wav,60.00000178813934,49.999998807907104,56.21608078479767,31.061407327651978
stim_93_flute.wav,84.99999761581421,10.000000298023224,58.19430112838745,18.58606517314911
stim_93_flute.wav,70.0000011920929,30.0,48.460097908973694,28.852815628051758
stim_93_flute.wav,84.99999761581421,40.000001192092896,53.37413549423218,27.522101998329163
stim_93_flute.wav,64.9999988079071,0.0,47.85540461540222,25.385942459106445
stim_93_flute.wav,64.9999988079071,20.000000596046448,43.75699996948242,29.19593095779419
stim_93_flute.wav,64.9999988079071,40.000001192092896,45.33611297607422,24.34246301651001
stim_93_flute.wav,45.0,20.000000596046448,42.87165641784668,29.369741678237915
stim_93_flute.wav,80.00000059604645,49.999998807907104,53.652827739715576,23.06525409221649
stim_93_flute.wav,45.0,40.000001192092896,39.54853892326355,28.290935754776
stim_93_flute.wav,84.99999761581421,30.0,51.49092435836792,26.812634468078613
stim_93_flute.wav,64.9999988079071,10.000000298023224,42.47499793767929,28.994243144989014
stim_93_flute.wav,45.0,49.999998807907104,49.29619073867798,31.509854793548584
stim_93_flute.wav,40.000000298023224,30.0,52.05928444862366,30.839656591415405
stim_93_flute.wav,50.00000238418579,0.0,42.82189607620239,27.965717911720276
stim_93_flute.wav,90.0,30.0,54.97206151485443,26.145161390304565
stim_93_flute.wav,54.99999940395355,40.000001192092896,43.03571105003357,24.23776388168335
stim_93_flute.wav,35.00000059604645,10.000000298023224,42.49699205160141,25.10993242263794
stim_93_flute.wav,30.00000089406967,40.000001192092896,45.673792362213135,27.06513226032257
stim_93_flute.wav,10.000000074505806,60.0,31.909460127353668,35.29250979423523
stim_93_flute.wav,35.00000059604645,60.0,40.26895076036453,26.029406189918518
stim_93_flute.wav,40.000000298023224,0.0,43.11195284128189,26.781824827194214
stim_93_flute.wav,84.99999761581421,30.0,44.22071635723114,27.97611951828003
stim_93_flute.wav,10.000000074505806,10.000000298023224,28.275378048419952,30.7686710357666
stim_93_flute.wav,35.00000059604645,30.0,44.891504645347595,27.169591784477234
stim_93_flute.wav,30.00000089406967,49.999998807907104,41.43711715936661,28.868313431739807
stim_93_flute.wav,0.0,20.000000596046448,23.206252455711365,27.387152910232544
stim_93_flute.wav,15.000000447034836,30.0,23.8273823261261,33.05343747138977
stim_93_flute.wav,45.0,0.0,40.03099054098129,27.52585530281067
stim_93_flute.wav,60.00000178813934,20.000000596046448,48.93937647342682,30.94544291496277
stim_93_flute.wav,45.0,30.0,42.85163640975952,29.153360724449158
stim_93_flute.wav,15.000000447034836,60.0,32.77220606803894,32.99549102783203
stim_93_flute.wav,25.000001192092896,60.0,45.793880224227905,31.68985605239868
stim_93_flute.wav,64.9999988079071,30.0,42.88708448410034,27.785659432411194
stim_93_flute.wav,80.00000059604645,60.0,51.870296001434326,27.351935505867004
stim_93_flute.wav,64.9999988079071,0.0,54.9725604057312,23.516979217529297
stim_93_flute.wav,54.99999940395355,10.000000298023224,50.35749793052673,25.75697422027588
stim_93_flute.wav,60.00000178813934,10.000000298023224,42.9047816991806,30.99753499031067
stim_93_flute.wav,74.99999821186066,20.000000596046448,50.1314252614975,27.87847638130188
stim_93_flute.wav,60.00000178813934,0.0,37.722788751125336,25.21180272102356
stim_93_flute.wav,64.9999988079071,60.0,49.03714835643768,23.5580313205719
stim_93_flute.wav,40.000000298023224,30.0,46.720486879348755,28.46244513988495
stim_93_flute.wav,60.00000178813934,60.0,48.98596107959747,25.32735049724579
stim_93_flute.wav,60.00000178813934,30.0,45.91684877872467,28.319286704063416
stim_93_flute.wav,64.9999988079071,49.999998807907104,42.51673310995102,27.474113702774048
stim_93_flute.wav,70.0000011920929,0.0,48.64602327346802,25.462730526924133
stim_93_flute.wav,10.000000074505806,10.000000298023224,36.40437573194504,29.480794072151184
stim_93_flute.wav,84.99999761581421,49.999998807907104,50.57003080844879,25.720560550689697
stim_93_flute.wav,45.0,20.000000596046448,41.91779851913452,29.754302501678467
stim_93_flute.wav,40.000000298023224,40.000001192092896,38.115351498126984,30.228742361068726
stim_93_flute.wav,90.0,40.000001192092896,49.27002310752869,23.127483129501343
stim_93_flute.wav,80.00000059604645,49.999998807907104,51.01675271987915,27.388265132904053
stim_93_flute.wav,54.99999940395355,60.0,50.26038587093353,24.79734778404236
stim_93_flute.wav,35.00000059604645,30.0,43.456072211265564,28.788333535194397
stim_93_flute.wav,0.0,0.0,31.08365625143051,27.262319326400757
stim_93_flute.wav,70.0000011920929,40.000001192092896,55.28488755226135,28.943281173706055
stim_93_flute.wav,10.000000074505806,60.0,29.954019784927368,29.81425166130066
stim_93_flute.wav,45.0,40.000001192092896,49.21892166137695,23.60926866531372
stim_93_flute.wav,60.00000178813934,30.0,54.11583065986633,28.11104714870453
stim_93_flute.wav,70.0000011920929,40.000001192092896,50.064809918403625,24.70764398574829
stim_93_flute.wav,80.00000059604645,49.999998807907104,53.31446170806885,29.744920134544373
stim_93_flute.wav,74.99999821186066,40.000001192092896,50.809133648872375,26.721970438957214
stim_93_flute.wav,30.00000089406967,30.0,43.496750593185425,27.971604466438293
stim_93_flute.wav,54.99999940395355,20.000000596046448,43.25224578380585,27.79538333415985
stim_93_flute.wav,20.000000149011612,30.0,47.045334577560425,28.080323338508606
stim_93_flute.wav,5.000000037252903,30.0,29.12926197052002,26.812849044799805
stim_93_flute.wav,0.0,30.0,29.509548246860504,26.274973154067993
stim_93_flute.wav,70.0000011920929,20.000000596046448,51.50136888027191,28.55442523956299
stim_93_flute.wav,60.00000178813934,40.000001192092896,39.842031598091125,28.79528045654297
stim_93_flute.wav,25.000001192092896,10.000000298023224,39.860611259937286,27.353038787841797
stim_93_flute.wav,40.000000298023224,10.000000298023224,41.69824093580246,26.376142501831055
stim_93_flute.wav,90.0,20.000000596046448,45.845807790756226,26.251505613327026
stim_93_flute.wav,50.00000238418579,60.0,45.07695257663727,25.46499788761139
stim_93_flute.wav,0.0,0.0,27.62934386730194,27.854422330856323
stim_93_flute.wav,0.0,20.000000596046448,28.85612726211548,27.763524055480957
stim_93_flute.wav,80.00000059604645,40.000001192092896,46.12738609313965,27.626502513885498
stim_93_flute.wav,54.99999940395355,0.0,45.90364158153534,29.69538688659668
stim_93_flute.wav,84.99999761581421,30.0,47.647098898887634,25.130499601364136
stim_93_flute.wav,15.000000447034836,30.0,29.492481350898743,30.940439701080322
stim_93_flute.wav,15.000000447034836,20.000000596046448,28.975024223327637,30.219615697860718
stim_93_flute.wav,35.00000059604645,49.999998807907104,35.89191824197769,42.32343077659607
stim_93_flute.wav,10.000000074505806,30.0,40.35534471273422,28.969797492027283
stim_93_flute.wav,80.00000059604645,49.999998807907104,55.37700533866882,23.137407302856445
stim_93_flute.wav,90.0,30.0,42.110595703125,27.92194962501526
stim_93_flute.wav,90.0,40.000001192092896,45.987664461135864,28.210912942886353
stim_93_flute.wav,20.000000149011612,40.000001192092896,38.47871571779251,29.927891492843628
stim_93_flute.wav,35.00000059604645,30.0,40.11335849761963,28.396058678627014
stim_93_flute.wav,30.00000089406967,40.000001192092896,36.458977460861206,29.798651933670044
stim_93_flute.wav,45.0,0.0,46.121453046798706,29.494133591651917
stim_93_flute.wav,84.99999761581421,60.0,51.08620047569275,27.70188331604004
stim_93_flute.wav,64.9999988079071,40.000001192092896,52.606889605522156,28.590974807739258
stim_93_flute.wav,80.00000059604645,49.999998807907104,35.012306571006775,26.905712485313416
stim_93_flute.wav,15.000000447034836,20.000000596046448,37.662401497364044,29.426629543304443
stim_93_flute.wav,50.00000238418579,10.000000298023224,39.676979184150696,29.21594202518463
stim_93_flute.wav,80.00000059604645,60.0,48.54040324687958,24.521591663360596
stim_93_flute.wav,5.000000037252903,30.0,24.436010420322418,25.24868667125702
stim_93_flute.wav,35.00000059604645,20.000000596046448,48.15054416656494,24.288017749786377
stim_93_flute.wav,40.000000298023224,60.0,37.294490933418274,28.131174445152283
stim_93_flute.wav,74.99999821186066,0.0,46.049848794937134,25.89216649532318
stim_93_flute.wav,80.00000059604645,40.000001192092896,42.29369938373566,29.04016613960266
stim_93_flute.wav,50.00000238418579,30.0,45.46589970588684,29.000689387321472
stim_93_flute.wav,15.000000447034836,10.000000298023224,44.345181584358215,28.108205795288086
stim_93_flute.wav,64.9999988079071,10.000000298023224,45.58575689792633,25.698532462120056
stim_93_flute.wav,50.00000238418579,60.0,38.95157307386398,25.889049768447876
stim_93_flute.wav,15.000000447034836,49.999998807907104,24.0375816822052,36.84391736984253
stim_93_flute.wav,10.000000074505806,40.000001192092896,27.3464834690094,31.30788803100586
stim_93_flute.wav,50.00000238418579,10.000000298023224,47.07310080528259,31.67213201522827
stim_93_flute.wav,50.00000238418579,60.0,42.22055286169052,27.21568465232849
stim_93_flute.wav,5.000000037252903,60.0,44.34678018093109,30.685747861862183
stim_93_flute.wav,70.0000011920929,0.0,46.60842418670654,27.154558897018433
stim_93_flute.wav,60.00000178813934,60.0,41.683014035224915,28.398415446281433
stim_93_flute.wav,50.00000238418579,60.0,43.38973581790924,27.018179297447205
stim_93_flute.wav,10.000000074505806,0.0,36.95865958929062,28.98770570755005
stim_93_flute.wav,30.00000089406967,20.000000596046448,45.28737187385559,27.402915358543396
stim_93_flute.wav,45.0,20.000000596046448,43.82675349712372,25.3462153673172
stim_93_flute.wav,10.000000074505806,0.0,21.63023740053177,31.955230236053467
stim_93_flute.wav,74.99999821186066,20.000000596046448,42.470768094062805,28.10803234577179
stim_93_flute.wav,70.0000011920929,20.000000596046448,51.35825157165527,27.45153844356537
stim_93_flute.wav,30.00000089406967,10.000000298023224,45.211122035980225,25.74805498123169
stim_93_flute.wav,60.00000178813934,60.0,48.71654391288757,26.752023696899414
stim_93_flute.wav,60.00000178813934,49.999998807907104,57.962751388549805,26.35413408279419
stim_93_flute.wav,45.0,20.000000596046448,41.61254972219467,28.32594931125641
stim_93_flute.wav,30.00000089406967,49.999998807907104,36.9013836979866,26.752172112464905
stim_84_flute.wav,15.000000447034836,20.000000596046448,25.65046638250351,23.422206044197083
stim_84_flute.wav,84.99999761581421,30.0,68.88675034046173,32.157840728759766
stim_84_flute.wav,30.00000089406967,49.999998807907104,35.91685473918915,24.954214096069336
stim_84_flute.wav,54.99999940395355,20.000000596046448,50.9006667137146,28.576127886772156
stim_84_flute.wav,64.9999988079071,40.000001192092896,59.63051676750183,34.66527700424194
stim_84_flute.wav,80.00000059604645,20.000000596046448,57.574474811553955,26.66087508201599
stim_84_flute.wav,70.0000011920929,0.0,47.90106654167175,26.008967757225037
stim_84_flute.wav,5.000000037252903,30.0,28.80493462085724,27.726654410362244
stim_84_flute.wav,74.99999821186066,10.000000298023224,42.23356157541275,28.13742220401764
stim_84_flute.wav,60.00000178813934,30.0,57.202436327934265,30.475831031799316
stim_84_flute.wav,10.000000074505806,0.0,24.761979281902313,28.590763807296753
stim_84_flute.wav,50.00000238418579,30.0,53.50340723991394,31.13898754119873
stim_84_flute.wav,60.00000178813934,20.000000596046448,53.266578912734985,30.65279245376587
stim_84_flute.wav,5.000000037252903,40.000001192092896,22.960006892681122,25.95230519771576
stim_84_flute.wav,74.99999821186066,0.0,55.44991850852966,20.730568170547485
stim_84_flute.wav,80.00000059604645,10.000000298023224,56.664095520973206,22.088871002197266
stim_84_flute.wav,80.00000059604645,10.000000298023224,51.41176164150238,25.00876486301422
stim_84_flute.wav,35.00000059604645,30.0,41.76074177026749,23.741884231567383
stim_84_flute.wav,54.99999940395355,20.000000596046448,59.13188338279724,31.279985904693604
stim_84_flute.wav,80.00000059604645,30.0,67.07131326198578,33.445690870285034
stim_84_flute.wav,10.000000074505806,0.0,26.34645402431488,25.89971423149109
stim_84_flute.wav,40.000000298023224,20.000000596046448,50.60370326042175,30.763185024261475
stim_84_flute.wav,0.0,60.0,40.780654549598694,30.26532769203186
stim_84_flute.wav,60.00000178813934,49.999998807907104,52.358495593070984,32.44418263435364
stim_84_flute.wav,54.99999940395355,30.0,49.11229848861694,29.92844045162201
stim_84_flute.wav,10.000000074505806,0.0,33.12715619802475,27.02454149723053
stim_84_flute.wav,10.000000074505806,60.0,36.40022099018097,29.3142968416214
stim_84_flute.wav,15.000000447034836,0.0,26.13220989704132,26.299703121185303
stim_84_flute.wav,80.00000059604645,0.0,43.05411100387573,26.958167552947998
stim_84_flute.wav,74.99999821186066,0.0,51.628848910331726,22.511597871780396
stim_84_flute.wav,30.00000089406967,30.0,39.49840843677521,20.546354055404663
stim_84_flute.wav,84.99999761581421,0.0,64.70517039299011,21.771191954612732
stim_84_flute.wav,60.00000178813934,49.999998807907104,48.13828110694885,29.939834475517273
stim_84_flute.wav,45.0,30.0,43.46770763397217,27.66312539577484
stim_84_flute.wav,45.0,40.000001192092896,43.4929284453392,28.28521728515625
stim_84_flute.wav,30.00000089406967,20.000000596046448,38.67625504732132,30.080294609069824
stim_84_flute.wav,70.0000011920929,30.0,56.43250823020935,28.87360990047455
stim_84_flute.wav,25.000001192092896,49.999998807907104,41.837793588638306,27.403271198272705
stim_84_flute.wav,30.00000089406967,40.000001192092896,38.593361377716064,28.928099870681763
stim_84_flute.wav,60.00000178813934,60.0,61.47900402545929,33.48255157470703
stim_84_flute.wav,15.000000447034836,30.0,26.654352843761444,25.652480721473694
stim_84_flute.wav,64.9999988079071,10.000000298023224,49.88923788070679,30.018954277038574
stim_84_flute.wav,74.99999821186066,40.000001192092896,57.517054080963135,30.187615156173706
stim_84_flute.wav,5.000000037252903,10.000000298023224,28.550328612327576,25.835931301116943
stim_84_flute.wav,10.000000074505806,40.000001192092896,25.98742425441742,23.437419533729553
stim_84_flute.wav,25.000001192092896,60.0,39.97548758983612,24.885762333869934
stim_84_flute.wav,20.000000149011612,49.999998807907104,33.563618659973145,27.34493851661682
stim_84_flute.wav,45.0,49.999998807907104,50.957486629486084,29.663216471672058
stim_84_flute.wav,25.000001192092896,30.0,36.179966032505035,26.404273509979248
stim_84_flute.wav,10.000000074505806,0.0,27.91728973388672,23.734901547431946
stim_84_flute.wav,64.9999988079071,30.0,60.19934892654419,32.094587087631226
stim_84_flute.wav,84.99999761581421,49.999998807907104,63.28741371631622,34.196341037750244
stim_84_flute.wav,20.000000149011612,40.000001192092896,27.685246467590332,30.010582208633423
stim_84_flute.wav,45.0,0.0,54.86076056957245,29.657349586486816
stim_84_flute.wav,50.00000238418579,60.0,56.84978485107422,30.674099922180176
stim_84_flute.wav,90.0,40.000001192092896,58.921828866004944,23.668352365493774
stim_84_flute.wav,74.99999821186066,10.000000298023224,44.672749042510986,26.64857804775238
stim_84_flute.wav,50.00000238418579,40.000001192092896,42.60476052761078,28.418989777565002
stim_84_flute.wav,80.00000059604645,20.000000596046448,44.17697757482529,27.30689227581024
stim_84_flute.wav,80.00000059604645,49.999998807907104,55.31998157501221,32.89757251739502
stim_84_flute.wav,15.000000447034836,0.0,26.785094439983368,22.961440086364746
stim_84_flute.wav,45.0,60.0,52.5374311208725,28.185619711875916
stim_84_flute.wav,84.99999761581421,20.000000596046448,56.29348397254944,30.87427854537964
stim_84_flute.wav,70.0000011920929,40.000001192092896,50.927000641822815,29.524590969085693
stim_84_flute.wav,10.000000074505806,60.0,27.870630025863647,27.58217453956604
stim_84_flute.wav,64.9999988079071,49.999998807907104,50.82318305969238,29.810966849327087
stim_84_flute.wav,15.000000447034836,30.0,33.859509229660034,28.112838864326477
stim_84_flute.wav,40.000000298023224,49.999998807907104,51.47969663143158,34.502753019332886
stim_84_flute.wav,50.00000238418579,30.0,45.935495495796204,28.268224596977234
stim_84_flute.wav,30.00000089406967,49.999998807907104,38.75364750623703,27.796372175216675
stim_84_flute.wav,10.000000074505806,30.0,29.450762271881104,27.847613096237183
stim_84_flute.wav,60.00000178813934,60.0,54.28372085094452,31.645545959472656
stim_84_flute.wav,80.00000059604645,49.999998807907104,66.17049872875214,33.66572856903076
stim_84_flute.wav,54.99999940395355,49.999998807907104,44.71938729286194,29.859652519226074
stim_84_flute.wav,30.00000089406967,40.000001192092896,38.52731466293335,25.129376649856567
stim_84_flute.wav,35.00000059604645,10.000000298023224,41.75111800432205,27.376123666763306
stim_84_flute.wav,15.000000447034836,0.0,30.03099113702774,22.53329873085022
stim_84_flute.wav,10.000000074505806,10.000000298023224,25.54281860589981,23.88063132762909
stim_84_flute.wav,0.0,40.000001192092896,28.97458165884018,28.514868021011353
stim_84_flute.wav,25.000001192092896,0.0,39.86728996038437,25.019291639328003
stim_84_flute.wav,84.99999761581421,20.000000596046448,55.53787887096405,31.454250812530518
stim_84_flute.wav,10.000000074505806,0.0,28.010601103305817,25.833520889282227
stim_84_flute.wav,20.000000149011612,40.000001192092896,26.277346909046173,27.1683132648468
stim_84_flute.wav,60.00000178813934,30.0,56.14086091518402,26.61663293838501
stim_84_flute.wav,64.9999988079071,49.999998807907104,47.660552859306335,29.335659742355347
stim_84_flute.wav,90.0,30.0,54.86996054649353,20.337274074554443
stim_84_flute.wav,35.00000059604645,20.000000596046448,42.829698622226715,25.238049030303955
stim_84_flute.wav,84.99999761581421,60.0,58.181705474853516,30.480469465255737
stim_84_flute.wav,10.000000074505806,0.0,26.11913412809372,25.545190572738647
stim_84_flute.wav,50.00000238418579,49.999998807907104,52.49863028526306,30.10460615158081
stim_84_flute.wav,40.000000298023224,49.999998807907104,36.14333242177963,29.97153103351593
stim_84_flute.wav,64.9999988079071,49.999998807907104,49.86347258090973,30.961639881134033
stim_84_flute.wav,5.000000037252903,60.0,21.17461457848549,26.6042697429657
stim_84_flute.wav,80.00000059604645,30.0,56.6369891166687,29.932546019554138
stim_84_flute.wav,70.0000011920929,60.0,53.79937827587128,29.726890325546265
stim_84_flute.wav,80.00000059604645,10.000000298023224,46.0123085975647,26.51113271713257
stim_84_flute.wav,10.000000074505806,10.000000298023224,31.957806944847107,27.076969742774963
stim_84_flute.wav,90.0,49.999998807907104,60.64023435115814,34.59439516067505
stim_84_flute.wav,50.00000238418579,30.0,44.84265089035034,28.52407693862915
stim_84_flute.wav,74.99999821186066,60.0,58.18466663360596,29.803335070610046
stim_84_flute.wav,84.99999761581421,49.999998807907104,54.587717056274414,31.711024045944214
stim_84_flute.wav,45.0,49.999998807907104,43.90355050563812,28.86549174785614
stim_84_flute.wav,54.99999940395355,0.0,54.72646772861481,29.92397367954254
stim_84_flute.wav,80.00000059604645,60.0,57.04198658466339,28.022228479385376
stim_84_flute.wav,54.99999940395355,0.0,55.002461671829224,31.25908613204956
stim_84_flute.wav,30.00000089406967,0.0,38.823527097702026,30.040065050125122
stim_84_flute.wav,10.000000074505806,49.999998807907104,25.422556400299072,25.62260627746582
stim_84_flute.wav,30.00000089406967,40.000001192092896,39.434204399585724,29.570494294166565
stim_84_flute.wav,70.0000011920929,40.000001192092896,61.73271417617798,31.40187978744507
stim_84_flute.wav,60.00000178813934,60.0,61.64382040500641,33.10636639595032
stim_84_flute.wav,45.0,40.000001192092896,45.791117548942566,27.914711236953735
stim_84_flute.wav,64.9999988079071,40.000001192092896,60.451626777648926,27.24808931350708
stim_86_flute.wav,5.000000037252903,10.000000298023224,25.845975279808044,26.231242418289185
stim_86_flute.wav,35.00000059604645,20.000000596046448,35.996307134628296,24.38844323158264
stim_86_flute.wav,15.000000447034836,10.000000298023224,28.408919870853424,25.260878205299377
stim_86_flute.wav,45.0,60.0,42.15091735124588,28.748345375061035
stim_86_flute.wav,10.000000074505806,10.000000298023224,38.52707862854004,28.531814217567444
stim_86_flute.wav,25.000001192092896,0.0,34.45088803768158,27.564895749092102
stim_86_flute.wav,25.000001192092896,60.0,39.516186118125916,29.693378806114197
stim_86_flute.wav,35.00000059604645,20.000000596046448,39.73821938037872,28.408695459365845
stim_86_flute.wav,70.0000011920929,60.0,42.978413701057434,29.411076307296753
stim_86_flute.wav,90.0,20.000000596046448,45.28338611125946,22.64169216156006
stim_86_flute.wav,35.00000059604645,30.0,40.954644083976746,28.339437246322632
stim_86_flute.wav,15.000000447034836,0.0,29.7259059548378,32.228068113327026
stim_86_flute.wav,15.000000447034836,40.000001192092896,28.96979123353958,32.98422574996948
stim_86_flute.wav,25.000001192092896,60.0,37.20325022935867,28.961182236671448
stim_86_flute.wav,50.00000238418579,49.999998807907104,46.67759299278259,31.0867702960968
stim_86_flute.wav,35.00000059604645,49.999998807907104,38.31088185310364,27.82245934009552
stim_86_flute.wav,70.0000011920929,49.999998807907104,57.142735719680786,33.34170341491699
stim_86_flute.wav,80.00000059604645,60.0,45.23277282714844,29.410146474838257
stim_86_flute.wav,74.99999821186066,49.999998807907104,49.466564655303955,30.156826972961426
stim_86_flute.wav,45.0,0.0,39.0092995762825,28.480741381645203
stim_86_flute.wav,40.000000298023224,30.0,40.42772948741913,28.878119587898254
stim_86_flute.wav,25.000001192092896,30.0,35.39204299449921,29.80976700782776
stim_86_flute.wav,74.99999821186066,30.0,49.352720975875854,31.17315173149109
stim_86_flute.wav,15.000000447034836,30.0,36.57851815223694,30.515717267990112
stim_86_flute.wav,15.000000447034836,49.999998807907104,32.75896668434143,30.939327478408813
stim_86_flute.wav,54.99999940395355,0.0,47.374902963638306,27.625776529312134
stim_86_flute.wav,70.0000011920929,0.0,45.252041816711426,27.65036702156067
stim_86_flute.wav,25.000001192092896,30.0,38.082464933395386,28.321516513824463
stim_86_flute.wav,64.9999988079071,40.000001192092896,49.35129940509796,30.601526498794556
stim_86_flute.wav,80.00000059604645,30.0,42.83596158027649,31.037814617156982
stim_86_flute.wav,84.99999761581421,30.0,44.84252214431763,29.189504384994507
stim_86_flute.wav,0.0,60.0,28.635070323944092,29.206316471099854
stim_86_flute.wav,70.0000011920929,49.999998807907104,44.606742560863495,27.50890552997589
stim_86_flute.wav,35.00000059604645,60.0,43.19560557603836,31.862597465515137
stim_86_flute.wav,64.9999988079071,10.000000298023224,41.91526114940643,28.913040161132812
stim_86_flute.wav,84.99999761581421,20.000000596046448,49.64403033256531,26.74140751361847
stim_86_flute.wav,50.00000238418579,10.000000298023224,47.97626495361328,29.074974060058594
stim_86_flute.wav,80.00000059604645,20.000000596046448,38.920193910598755,29.5213383436203
stim_86_flute.wav,15.000000447034836,20.000000596046448,31.103855967521667,32.527796030044556
stim_86_flute.wav,80.00000059604645,10.000000298023224,49.886046051979065,22.594953775405884
stim_86_flute.wav,90.0,0.0,44.131935238838196,27.52670645713806
stim_86_flute.wav,10.000000074505806,40.000001192092896,27.595121562480927,33.54501128196716
stim_86_flute.wav,35.00000059604645,20.000000596046448,41.75352394580841,28.60635280609131
stim_86_flute.wav,84.99999761581421,20.000000596046448,40.935055911540985,27.72425651550293
stim_86_flute.wav,0.0,0.0,36.44014835357666,29.231892228126526
stim_86_flute.wav,90.0,0.0,51.61872088909149,26.452152729034424
stim_86_flute.wav,25.000001192092896,40.000001192092896,34.899071753025055,29.487428069114685
stim_86_flute.wav,35.00000059604645,0.0,41.888530254364014,27.99621284008026
stim_86_flute.wav,80.00000059604645,49.999998807907104,44.01217460632324,27.259390354156494
stim_86_flute.wav,40.000000298023224,30.0,39.8774528503418,29.94171917438507
stim_86_flute.wav,84.99999761581421,30.0,40.940071642398834,28.792086839675903
stim_86_flute.wav,60.00000178813934,0.0,52.31582164764404,30.858378410339355
stim_86_flute.wav,35.00000059604645,0.0,42.20201879739761,28.75675141811371
stim_86_flute.wav,84.99999761581421,0.0,43.84597688913345,27.497461438179016
stim_86_flute.wav,30.00000089406967,49.999998807907104,38.87568801641464,30.254395008087158
stim_86_flute.wav,45.0,10.000000298023224,44.01206463575363,28.822068572044373
stim_86_flute.wav,74.99999821186066,0.0,51.12309157848358,22.73681402206421
stim_86_flute.wav,30.00000089406967,49.999998807907104,38.14830780029297,30.144102573394775
stim_86_flute.wav,74.99999821186066,49.999998807907104,53.57063412666321,30.443944931030273
stim_86_flute.wav,64.9999988079071,60.0,41.67106747627258,29.187714457511902
stim_86_flute.wav,30.00000089406967,60.0,40.42673707008362,26.014777421951294
stim_86_flute.wav,64.9999988079071,49.999998807907104,41.96826159954071,29.509504437446594
stim_86_flute.wav,84.99999761581421,40.000001192092896,47.880075573921204,32.00859189033508
stim_86_flute.wav,35.00000059604645,40.000001192092896,39.874161779880524,28.334503769874573
stim_86_flute.wav,40.000000298023224,40.000001192092896,41.65637969970703,27.791832089424133
stim_86_flute.wav,64.9999988079071,10.000000298023224,41.287769079208374,28.047282099723816
stim_86_flute.wav,50.00000238418579,40.000001192092896,40.16575813293457,28.632976412773132
stim_86_flute.wav,40.000000298023224,49.999998807907104,47.263832688331604,30.080984830856323
stim_86_flute.wav,64.9999988079071,60.0,44.64917778968811,30.001384019851685
stim_86_flute.wav,74.99999821186066,20.000000596046448,44.85602706670761,27.296281456947327
stim_86_flute.wav,64.9999988079071,10.000000298023224,41.36386066675186,27.730214595794678
stim_86_flute.wav,60.00000178813934,10.000000298023224,50.86473047733307,30.470967292785645
stim_86_flute.wav,0.0,60.0,20.37236988544464,27.675400972366333
stim_86_flute.wav,5.000000037252903,0.0,22.781267166137695,26.250702738761902
stim_86_flute.wav,15.000000447034836,20.000000596046448,34.29360330104828,32.22043991088867
stim_86_flute.wav,70.0000011920929,30.0,41.41246497631073,28.217716813087463
stim_86_flute.wav,70.0000011920929,20.000000596046448,49.498268365859985,27.70573318004608
stim_86_flute.wav,15.000000447034836,49.999998807907104,28.12921643257141,29.2219215631485
stim_86_flute.wav,74.99999821186066,0.0,45.131991505622864,26.402660608291626
stim_86_flute.wav,30.00000089406967,0.0,39.832195937633514,25.801745653152466
stim_86_flute.wav,54.99999940395355,0.0,54.19047653675079,31.331934928894043
stim_86_flute.wav,84.99999761581421,0.0,46.476813554763794,27.971978187561035
stim_86_flute.wav,45.0,60.0,39.75539892911911,28.8143652677536
stim_86_flute.wav,25.000001192092896,30.0,38.752526342868805,28.322943449020386
stim_86_flute.wav,25.000001192092896,40.000001192092896,29.88430380821228,25.135497450828552
stim_86_flute.wav,10.000000074505806,40.000001192092896,29.054050147533417,32.07353353500366
stim_86_flute.wav,5.000000037252903,30.0,26.214357912540436,26.783004999160767
stim_86_flute.wav,5.000000037252903,40.000001192092896,27.677985727787018,27.93969690799713
stim_86_flute.wav,10.000000074505806,49.999998807907104,27.893176674842834,28.37937355041504
stim_86_flute.wav,35.00000059604645,10.000000298023224,40.58892756700516,27.793822288513184
stim_86_flute.wav,54.99999940395355,60.0,44.180901646614075,27.86649227142334
stim_86_flute.wav,84.99999761581421,20.000000596046448,43.2363885641098,26.642979383468628
stim_86_flute.wav,30.00000089406967,0.0,37.36331641674042,24.67177927494049
stim_86_flute.wav,0.0,49.999998807907104,21.121548414230347,27.9835045337677
stim_86_flute.wav,45.0,10.000000298023224,42.2476002573967,25.749204754829407
stim_86_flute.wav,50.00000238418579,10.000000298023224,43.601246774196625,28.656177520751953
stim_86_flute.wav,60.00000178813934,49.999998807907104,49.96163606643677,29.615564346313477
stim_86_flute.wav,30.00000089406967,0.0,40.9452348947525,28.40410888195038
stim_86_flute.wav,50.00000238418579,20.000000596046448,41.89821034669876,29.004628658294678
stim_86_flute.wav,35.00000059604645,30.0,40.19198477268219,28.471657633781433
stim_86_flute.wav,15.000000447034836,60.0,39.21392798423767,27.63849914073944
stim_86_flute.wav,80.00000059604645,40.000001192092896,50.88369369506836,30.52210807800293
stim_86_flute.wav,5.000000037252903,0.0,24.867599308490753,24.43345606327057
stim_86_flute.wav,80.00000059604645,0.0,44.785018265247345,27.838293313980103
stim_86_flute.wav,74.99999821186066,20.000000596046448,49.75142061710358,24.460508823394775
stim_86_flute.wav,45.0,40.000001192092896,43.86867105960846,29.186695218086243
stim_86_flute.wav,10.000000074505806,40.000001192092896,26.933814883232117,34.09411668777466
stim_65_flute.wav,60.00000178813934,30.0,53.10999155044556,23.65282416343689
stim_65_flute.wav,90.0,40.000001192092896,47.407164573669434,27.398834824562073
stim_65_flute.wav,70.0000011920929,40.000001192092896,47.05115497112274,27.02176809310913
stim_65_flute.wav,10.000000074505806,40.000001192092896,25.171193182468414,28.158275485038757
stim_65_flute.wav,45.0,49.999998807907104,59.61928367614746,34.37530875205994
stim_65_flute.wav,54.99999940395355,40.000001192092896,49.922250509262085,25.131458044052124
stim_65_flute.wav,70.0000011920929,49.999998807907104,66.55398488044739,34.629456996917725
stim_65_flute.wav,70.0000011920929,0.0,68.75988721847534,25.9440940618515
stim_65_flute.wav,40.000000298023224,40.000001192092896,40.687415599823,29.767979979515076
stim_65_flute.wav,20.000000149011612,0.0,37.92779803276062,36.350780725479126
stim_65_flute.wav,0.0,10.000000298023224,6.638598740100861,25.40315866470337
stim_65_flute.wav,25.000001192092896,40.000001192092896,35.41272819042206,23.994061946868896
stim_65_flute.wav,70.0000011920929,40.000001192092896,57.51209735870361,33.56823205947876
stim_65_flute.wav,74.99999821186066,49.999998807907104,55.30243992805481,31.041769981384277
stim_65_flute.wav,20.000000149011612,0.0,28.20950835943222,25.24830937385559
stim_65_flute.wav,40.000000298023224,60.0,53.85257184505463,30.28203248977661
stim_65_flute.wav,25.000001192092896,49.999998807907104,24.45830762386322,24.412500858306885
stim_65_flute.wav,40.000000298023224,40.000001192092896,36.16678029298782,38.81207585334778
stim_65_flute.wav,60.00000178813934,49.999998807907104,57.95113205909729,27.43906080722809
stim_65_flute.wav,70.0000011920929,0.0,71.1806720495224,34.224443435668945
stim_65_flute.wav,35.00000059604645,10.000000298023224,39.754545986652374,27.304916381835938
stim_65_flute.wav,35.00000059604645,10.000000298023224,36.74818933010101,23.1514710187912
stim_65_flute.wav,30.00000089406967,20.000000596046448,38.10919314622879,39.782949686050415
stim_65_flute.wav,90.0,0.0,40.121831595897675,29.320959448814392
stim_65_flute.wav,50.00000238418579,20.000000596046448,44.91216570138931,22.039228677749634
stim_65_flute.wav,15.000000447034836,49.999998807907104,25.727936625480652,22.16568946838379
stim_65_flute.wav,64.9999988079071,30.0,44.06295418739319,30.107592344284058
stim_65_flute.wav,45.0,0.0,45.75654923915863,28.211699724197388
stim_65_flute.wav,10.000000074505806,10.000000298023224,21.882823705673218,15.811273455619812
stim_65_flute.wav,60.00000178813934,20.000000596046448,63.95862579345703,32.49681115150452
stim_65_flute.wav,54.99999940395355,60.0,54.39223229885101,38.442420959472656
stim_65_flute.wav,35.00000059604645,60.0,39.84321981668472,33.843222856521606
stim_65_flute.wav,30.00000089406967,0.0,33.97714018821716,21.025366187095642
stim_65_flute.wav,35.00000059604645,30.0,47.0884108543396,23.924662470817566
stim_65_flute.wav,80.00000059604645,60.0,59.907095432281494,28.63880753517151
stim_65_flute.wav,84.99999761581421,60.0,65.95866322517395,29.13688838481903
stim_65_flute.wav,40.000000298023224,40.000001192092896,33.910270035266876,45.615670680999756
stim_65_flute.wav,10.000000074505806,0.0,36.10066115856171,30.714097023010254
stim_65_flute.wav,0.0,10.000000298023224,13.416280746459961,28.666584491729736
stim_65_flute.wav,20.000000149011612,40.000001192092896,20.810527503490448,16.543210744857788
stim_65_flute.wav,54.99999940395355,20.000000596046448,51.69465959072113,26.48813009262085
stim_65_flute.wav,15.000000447034836,60.0,14.655549824237823,23.33531677722931
stim_65_flute.wav,25.000001192092896,20.000000596046448,41.596756875514984,25.876516699790955
stim_65_flute.wav,80.00000059604645,10.000000298023224,62.25483298301697,31.088383197784424
stim_65_flute.wav,20.000000149011612,0.0,28.712655901908875,35.02347707748413
stim_65_flute.wav,20.000000149011612,40.000001192092896,30.163186490535736,20.614700317382812
stim_65_flute.wav,5.000000037252903,40.000001192092896,15.365643203258514,22.960304617881775
stim_65_flute.wav,25.000001192092896,49.999998807907104,40.10680854320526,33.20298671722412
stim_65_flute.wav,80.00000059604645,10.000000298023224,70.17896890640259,35.0557816028595
stim_65_flute.wav,90.0,49.999998807907104,55.35733938217163,31.151851415634155
stim_65_flute.wav,50.00000238418579,49.999998807907104,43.77187818288803,28.792541027069092
stim_65_flute.wav,45.0,10.000000298023224,47.5728714466095,29.930773973464966
stim_65_flute.wav,70.0000011920929,40.000001192092896,41.4910563826561,30.341098308563232
stim_65_flute.wav,45.0,10.000000298023224,43.52330446243286,29.052359461784363
stim_65_flute.wav,10.000000074505806,0.0,20.492052733898163,22.520867586135864
stim_65_flute.wav,60.00000178813934,10.000000298023224,60.512824058532715,26.324416995048523
stim_65_flute.wav,80.00000059604645,0.0,64.69740271568298,24.802055954933167
stim_65_flute.wav,80.00000059604645,30.0,65.59514880180359,36.679794788360596
stim_65_flute.wav,74.99999821186066,20.000000596046448,62.95123100280762,23.578092455863953
stim_65_flute.wav,45.0,30.0,38.33128809928894,28.577685356140137
stim_65_flute.wav,45.0,40.000001192092896,42.08479821681976,31.045092344284058
stim_65_flute.wav,90.0,60.0,62.37132668495178,31.428533792495728
stim_65_flute.wav,50.00000238418579,0.0,48.947187066078186,25.05355417728424
stim_65_flute.wav,30.00000089406967,30.0,43.72204810380936,32.189297676086426
stim_65_flute.wav,5.000000037252903,10.000000298023224,15.502661168575287,16.86105787754059
stim_65_flute.wav,74.99999821186066,10.000000298023224,63.60938608646393,34.611908197402954
stim_65_flute.wav,74.99999821186066,49.999998807907104,56.16656720638275,36.574931144714355
stim_65_flute.wav,70.0000011920929,20.000000596046448,60.1841676235199,27.236453890800476
stim_65_flute.wav,60.00000178813934,20.000000596046448,59.232149720191956,26.84523582458496
stim_65_flute.wav,30.00000089406967,0.0,34.732686281204224,16.670011281967163
stim_65_flute.wav,30.00000089406967,10.000000298023224,46.384679675102234,27.548396587371826
stim_65_flute.wav,70.0000011920929,10.000000298023224,52.46022641658783,20.034745931625366
stim_65_flute.wav,80.00000059604645,30.0,55.194936990737915,27.527441382408142
stim_65_flute.wav,45.0,10.000000298023224,47.691489458084106,25.894782543182373
stim_65_flute.wav,20.000000149011612,20.000000596046448,26.80955082178116,42.30457305908203
stim_65_flute.wav,10.000000074505806,40.000001192092896,16.235810816287994,24.824999570846558
stim_65_flute.wav,30.00000089406967,10.000000298023224,48.4407377243042,28.681586980819702
stim_65_flute.wav,30.00000089406967,30.0,43.186885714530945,31.203056573867798
stim_65_flute.wav,70.0000011920929,10.000000298023224,58.789928555488586,19.433019161224365
stim_65_flute.wav,80.00000059604645,20.000000596046448,56.680569648742676,24.973813891410828
stim_65_flute.wav,15.000000447034836,20.000000596046448,20.86877703666687,23.412723541259766
stim_65_flute.wav,60.00000178813934,60.0,59.74189817905426,30.07547378540039
stim_65_flute.wav,10.000000074505806,60.0,18.305725157260895,37.1248197555542
stim_65_flute.wav,74.99999821186066,20.000000596046448,70.48166155815125,32.68296718597412
stim_65_flute.wav,80.00000059604645,60.0,61.29845380783081,29.365017414093018
stim_65_flute.wav,20.000000149011612,60.0,26.739837527275085,33.46671938896179
stim_65_flute.wav,35.00000059604645,20.000000596046448,46.835585832595825,29.549646377563477
stim_65_flute.wav,50.00000238418579,40.000001192092896,30.672674775123596,24.5133376121521
stim_65_flute.wav,64.9999988079071,30.0,59.4494891166687,30.13916015625
stim_65_flute.wav,84.99999761581421,30.0,63.353562355041504,28.703468441963196
stim_65_flute.wav,90.0,49.999998807907104,52.438398599624634,24.845341444015503
stim_65_flute.wav,10.000000074505806,10.000000298023224,14.474211037158966,22.01139807701111
stim_65_flute.wav,20.000000149011612,20.000000596046448,23.153788447380066,19.440221786499023
stim_65_flute.wav,80.00000059604645,60.0,63.97135555744171,24.23488676548004
stim_65_flute.wav,80.00000059604645,10.000000298023224,48.0251669883728,29.834348559379578
stim_65_flute.wav,70.0000011920929,20.000000596046448,55.49610614776611,28.290077447891235
stim_65_flute.wav,50.00000238418579,0.0,61.47307097911835,29.664201736450195
stim_65_flute.wav,84.99999761581421,30.0,63.74746084213257,36.4847731590271
stim_65_flute.wav,5.000000037252903,0.0,16.806491017341614,17.279680967330933
stim_65_flute.wav,40.000000298023224,60.0,46.533992886543274,28.009116053581238
stim_65_flute.wav,80.00000059604645,10.000000298023224,48.815377950668335,19.783519506454468
stim_65_flute.wav,0.0,0.0,30.267999172210693,32.65705704689026
stim_65_flute.wav,70.0000011920929,40.000001192092896,50.310494899749756,27.687801718711853
stim_65_flute.wav,10.000000074505806,30.0,26.036948561668396,25.082847476005554
stim_65_flute.wav,10.000000074505806,20.000000596046448,14.661456048488617,17.469130754470825
stim_65_flute.wav,20.000000149011612,49.999998807907104,17.90520966053009,18.092603087425232
stim_65_flute.wav,64.9999988079071,60.0,56.91991925239563,36.1827027797699
stim_65_flute.wav,74.99999821186066,60.0,52.21229910850525,26.575212478637695
stim_65_flute.wav,54.99999940395355,60.0,39.42461013793945,26.520695686340332
stim_65_flute.wav,0.0,10.000000298023224,7.309851050376892,30.991727113723755
stim_65_flute.wav,15.000000447034836,60.0,16.102513074874878,23.12429666519165
stim_65_flute.wav,64.9999988079071,60.0,62.37379431724548,31.056329011917114
stim_65_flute.wav,15.000000447034836,0.0,27.257855236530304,20.425626039505005
stim_65_flute.wav,35.00000059604645,10.000000298023224,41.19319707155228,28.22290062904358
stim_65_flute.wav,60.00000178813934,0.0,41.48355424404144,31.88523530960083
stim_65_flute.wav,10.000000074505806,10.000000298023224,13.19921761751175,15.265586972236633
stim_65_flute.wav,5.000000037252903,49.999998807907104,21.105075627565384,28.285142183303833
stim_65_flute.wav,10.000000074505806,49.999998807907104,18.23694795370102,15.93451738357544
stim_65_flute.wav,25.000001192092896,40.000001192092896,31.126555502414703,40.013426542282104
stim_65_flute.wav,0.0,20.000000596046448,20.028918385505676,30.953046083450317
stim_65_flute.wav,30.00000089406967,20.000000596046448,37.51038193702698,28.92367959022522
stim_65_flute.wav,40.000000298023224,40.000001192092896,44.09842103719711,33.16379427909851
stim_65_flute.wav,54.99999940395355,40.000001192092896,53.318785429000854,27.51414120197296
stim_65_flute.wav,64.9999988079071,40.000001192092896,67.48883128166199,30.862956047058105
stim_65_flute.wav,74.99999821186066,60.0,61.32797420024872,34.19486045837402
stim_65_flute.wav,10.000000074505806,30.0,21.379839777946472,25.354135036468506
stim_65_flute.wav,54.99999940395355,20.000000596046448,46.09146058559418,24.677685499191284
stim_65_flute.wav,64.9999988079071,10.000000298023224,58.81710469722748,26.326798796653748
stim_65_flute.wav,25.000001192092896,40.000001192092896,32.06967651844025,27.463388442993164
stim_65_flute.wav,15.000000447034836,40.000001192092896,23.98849457502365,29.778835773468018
stim_65_flute.wav,10.000000074505806,49.999998807907104,23.170882165431976,28.927130699157715
stim_65_flute.wav,25.000001192092896,40.000001192092896,28.56273114681244,21.30366325378418
stim_65_flute.wav,64.9999988079071,49.999998807907104,44.879799485206604,27.998748421669006
stim_65_flute.wav,74.99999821186066,10.000000298023224,46.122456192970276,25.785003304481506
stim_65_flute.wav,50.00000238418579,60.0,50.46148180961609,35.0215744972229
stim_65_flute.wav,45.0,49.999998807907104,47.61774480342865,28.956851363182068
stim_65_flute.wav,15.000000447034836,60.0,24.209822416305542,33.276779651641846
stim_65_flute.wav,5.000000037252903,60.0,25.14362007379532,33.795483112335205
stim_65_flute.wav,54.99999940395355,60.0,59.37217712402344,36.125221252441406
stim_65_flute.wav,64.9999988079071,0.0,65.83732008934021,24.151092767715454
stim_65_flute.wav,84.99999761581421,10.000000298023224,64.97290849685669,34.061583280563354
stim_65_flute.wav,80.00000059604645,10.000000298023224,63.91026020050049,19.893779754638672
stim_85_flute.wav,5.000000037252903,0.0,36.43272668123245,28.954886198043823
stim_85_flute.wav,84.99999761581421,20.000000596046448,49.94532823562622,29.245365858078003
stim_85_flute.wav,0.0,10.000000298023224,36.80819034576416,28.617006540298462
stim_85_flute.wav,40.000000298023224,20.000000596046448,46.82414352893829,29.026358127593994
stim_85_flute.wav,64.9999988079071,0.0,41.223101019859314,28.339766263961792
stim_85_flute.wav,74.99999821186066,10.000000298023224,42.689156234264374,28.59963297843933
stim_85_flute.wav,74.99999821186066,49.999998807907104,52.61229157447815,31.74939751625061
stim_85_flute.wav,40.000000298023224,30.0,46.1687296628952,27.87924885749817
stim_85_flute.wav,15.000000447034836,30.0,35.10327905416489,29.85496759414673
stim_85_flute.wav,60.00000178813934,49.999998807907104,52.33131945133209,32.91679859161377
stim_85_flute.wav,35.00000059604645,40.000001192092896,40.23301720619202,28.78192663192749
stim_85_flute.wav,30.00000089406967,40.000001192092896,38.34315687417984,28.36694061756134
stim_85_flute.wav,25.000001192092896,30.0,37.51964896917343,28.82127821445465
stim_85_flute.wav,10.000000074505806,20.000000596046448,33.482428193092346,29.116782546043396
stim_85_flute.wav,74.99999821186066,60.0,48.85963439941406,27.277185916900635
stim_85_flute.wav,50.00000238418579,30.0,47.91720807552338,27.540078163146973
stim_85_flute.wav,80.00000059604645,20.000000596046448,44.17031228542328,27.834972739219666
stim_85_flute.wav,5.000000037252903,40.000001192092896,33.67268264293671,29.492960572242737
stim_85_flute.wav,80.00000059604645,10.000000298023224,43.09263825416565,28.909175992012024
stim_85_flute.wav,90.0,30.0,44.7561040520668,27.24688947200775
stim_85_flute.wav,35.00000059604645,10.000000298023224,42.76535242795944,28.38679611682892
stim_85_flute.wav,70.0000011920929,0.0,40.16740769147873,28.5772043466568
stim_85_flute.wav,60.00000178813934,20.000000596046448,40.55121302604675,31.01069927215576
stim_85_flute.wav,15.000000447034836,20.000000596046448,32.70275831222534,29.48430597782135
stim_85_flute.wav,15.000000447034836,0.0,37.28803217411041,28.671228289604187
stim_85_flute.wav,74.99999821186066,0.0,48.515501618385315,26.235968470573425
stim_85_flute.wav,10.000000074505806,49.999998807907104,32.98635631799698,27.198781371116638
stim_85_flute.wav,25.000001192092896,0.0,40.12474715709686,28.41107726097107
stim_85_flute.wav,40.000000298023224,20.000000596046448,44.45554107427597,26.843823194503784
stim_85_flute.wav,10.000000074505806,60.0,32.04831540584564,30.14815092086792
stim_85_flute.wav,84.99999761581421,49.999998807907104,51.94832146167755,33.09682846069336
stim_85_flute.wav,50.00000238418579,40.000001192092896,43.52345198392868,29.33838129043579
stim_85_flute.wav,10.000000074505806,49.999998807907104,31.215999126434326,30.99287509918213
stim_85_flute.wav,15.000000447034836,0.0,32.76636689901352,25.844555497169495
stim_85_flute.wav,40.000000298023224,20.000000596046448,43.252052664756775,28.30282688140869
stim_85_flute.wav,80.00000059604645,20.000000596046448,35.57655215263367,28.70678722858429
stim_85_flute.wav,60.00000178813934,30.0,45.55498659610748,30.848636627197266
stim_85_flute.wav,45.0,40.000001192092896,46.12913489341736,29.867164492607117
stim_85_flute.wav,90.0,0.0,48.70992958545685,26.29923105239868
stim_85_flute.wav,60.00000178813934,60.0,45.11540472507477,30.17518401145935
stim_85_flute.wav,40.000000298023224,30.0,41.55848443508148,28.843921422958374
stim_85_flute.wav,50.00000238418579,0.0,49.82653319835663,27.884284257888794
stim_85_flute.wav,90.0,60.0,39.69522625207901,28.457263112068176
stim_85_flute.wav,54.99999940395355,40.000001192092896,42.97268182039261,29.02077555656433
stim_85_flute.wav,50.00000238418579,20.000000596046448,52.595152258872986,30.37248730659485
stim_85_flute.wav,45.0,20.000000596046448,49.74687695503235,30.35465955734253
stim_85_flute.wav,0.0,10.000000298023224,34.68856394290924,29.24583077430725
stim_85_flute.wav,15.000000447034836,60.0,34.70336973667145,29.6571546792984
stim_85_flute.wav,64.9999988079071,30.0,47.24674701690674,31.071685552597046
stim_85_flute.wav,70.0000011920929,30.0,53.600417375564575,28.301644921302795
stim_85_flute.wav,45.0,49.999998807907104,40.85520923137665,28.301807641983032
stim_85_flute.wav,40.000000298023224,49.999998807907104,39.26643490791321,27.831255197525024
stim_85_flute.wav,20.000000149011612,40.000001192092896,38.748315274715424,28.85730743408203
stim_85_flute.wav,10.000000074505806,60.0,31.331409215927124,29.818273186683655
stim_85_flute.wav,20.000000149011612,60.0,40.0886607170105,27.51932144165039
stim_85_flute.wav,50.00000238418579,10.000000298023224,51.741474866867065,30.171003341674805
stim_85_flute.wav,40.000000298023224,10.000000298023224,43.10980439186096,29.80807363986969
stim_85_flute.wav,35.00000059604645,40.000001192092896,41.14403486251831,28.313342928886414
stim_85_flute.wav,35.00000059604645,30.0,41.10894352197647,28.632023334503174
stim_85_flute.wav,40.000000298023224,20.000000596046448,43.946439027786255,28.555912971496582
stim_85_flute.wav,80.00000059604645,20.000000596046448,45.414331555366516,27.66891360282898
stim_85_flute.wav,54.99999940395355,20.000000596046448,44.30067837238312,29.234907031059265
stim_85_flute.wav,25.000001192092896,60.0,39.321940541267395,28.484936356544495
stim_85_flute.wav,15.000000447034836,40.000001192092896,38.16591113805771,28.621712923049927
stim_85_flute.wav,5.000000037252903,0.0,34.56459492444992,29.001129269599915
stim_85_flute.wav,10.000000074505806,0.0,27.60698765516281,26.727038025856018
stim_85_flute.wav,25.000001192092896,30.0,40.03869652748108,29.89366114139557
stim_85_flute.wav,64.9999988079071,49.999998807907104,52.621121406555176,34.25219535827637
stim_85_flute.wav,80.00000059604645,10.000000298023224,48.88918161392212,26.122789978981018
stim_85_flute.wav,45.0,49.999998807907104,42.87999004125595,28.54870319366455
stim_85_flute.wav,15.000000447034836,49.999998807907104,31.922085285186768,29.349215626716614
stim_85_flute.wav,50.00000238418579,20.000000596046448,51.9124174118042,29.83699321746826
stim_85_flute.wav,0.0,49.999998807907104,32.134612798690796,29.85322415828705
stim_85_flute.wav,20.000000149011612,40.000001192092896,37.5158429145813,28.611799478530884
stim_85_flute.wav,60.00000178813934,60.0,54.90242063999176,32.06323027610779
stim_85_flute.wav,84.99999761581421,30.0,48.32268834114075,29.286208748817444
stim_85_flute.wav,84.99999761581421,40.000001192092896,41.127810180187225,30.15304684638977
stim_85_flute.wav,0.0,10.000000298023224,39.13403034210205,28.497766256332397
stim_85_flute.wav,54.99999940395355,49.999998807907104,44.75189030170441,30.166929960250854
stim_85_flute.wav,70.0000011920929,30.0,50.4778915643692,27.591957449913025
stim_85_flute.wav,70.0000011920929,10.000000298023224,46.77683472633362,28.798053860664368
stim_85_flute.wav,74.99999821186066,60.0,42.89308458566666,28.7307608127594
stim_85_flute.wav,30.00000089406967,20.000000596046448,37.706446051597595,25.217013359069824
stim_85_flute.wav,90.0,60.0,44.085001945495605,29.546170234680176
stim_85_flute.wav,64.9999988079071,40.000001192092896,58.79564166069031,34.014469385147095
stim_85_flute.wav,74.99999821186066,40.000001192092896,50.699045062065125,31.689341068267822
stim_85_flute.wav,60.00000178813934,10.000000298023224,47.07640528678894,30.011601448059082
stim_85_flute.wav,84.99999761581421,40.000001192092896,53.15055727958679,32.10678219795227
stim_85_flute.wav,0.0,10.000000298023224,38.33347141742706,28.783172965049744
stim_85_flute.wav,25.000001192092896,30.0,38.33970218896866,28.184961676597595
stim_85_flute.wav,84.99999761581421,49.999998807907104,41.380012929439545,28.78729999065399
stim_85_flute.wav,60.00000178813934,60.0,40.59619903564453,29.425814151763916
stim_85_flute.wav,30.00000089406967,49.999998807907104,35.779957473278046,28.530449867248535
stim_85_flute.wav,5.000000037252903,40.000001192092896,34.25814986228943,28.79122495651245
stim_85_flute.wav,70.0000011920929,30.0,50.21908521652222,31.915537118911743
stim_85_flute.wav,20.000000149011612,0.0,33.87950241565704,26.144683957099915
stim_85_flute.wav,60.00000178813934,60.0,52.254382967948914,31.17375612258911
stim_85_flute.wav,64.9999988079071,40.000001192092896,53.90368402004242,34.21700477600098
stim_85_flute.wav,74.99999821186066,30.0,42.44623929262161,29.129220843315125
stim_85_flute.wav,0.0,30.0,37.657538652420044,28.58260989189148
stim_85_flute.wav,10.000000074505806,10.000000298023224,27.828597128391266,29.09885287284851
stim_85_flute.wav,40.000000298023224,0.0,43.144525587558746,29.923569560050964
stim_85_flute.wav,10.000000074505806,49.999998807907104,31.655216217041016,28.20517122745514
stim_85_flute.wav,20.000000149011612,40.000001192092896,37.60031372308731,28.932126760482788
stim_85_flute.wav,54.99999940395355,30.0,49.94652450084686,34.61225867271423
stim_85_flute.wav,80.00000059604645,30.0,53.583465814590454,32.02715992927551
stim_85_flute.wav,20.000000149011612,40.000001192092896,33.76340299844742,31.020326614379883
stim_85_flute.wav,0.0,49.999998807907104,38.74206304550171,28.61207664012909
stim_85_flute.wav,25.000001192092896,49.999998807907104,38.55696380138397,30.39947748184204
stim_85_flute.wav,54.99999940395355,60.0,47.76661276817322,29.452484250068665
stim_85_flute.wav,45.0,40.000001192092896,41.98379695415497,28.037885427474976
stim_85_flute.wav,40.000000298023224,40.000001192092896,42.94747442007065,29.09691095352173
stim_85_flute.wav,50.00000238418579,49.999998807907104,40.083242654800415,28.74487817287445
stim_85_flute.wav,30.00000089406967,0.0,40.00284343957901,28.216087818145752
stim_85_flute.wav,25.000001192092896,30.0,35.60651242733002,31.30223035812378
stim_85_flute.wav,35.00000059604645,60.0,46.37720704078674,24.947163462638855
stim_85_flute.wav,74.99999821186066,0.0,59.8235821723938,21.45185351371765
stim_59_flute.wav,84.99999761581421,20.000000596046448,69.00235891342163,36.02055788040161
stim_59_flute.wav,84.99999761581421,40.000001192092896,54.06552314758301,31.114304065704346
stim_59_flute.wav,80.00000059604645,60.0,62.007946372032166,27.729238271713257
stim_59_flute.wav,45.0,60.0,40.738704800605774,28.67660164833069
stim_59_flute.wav,54.99999940395355,60.0,59.18213188648224,30.232011079788208
stim_59_flute.wav,5.000000037252903,49.999998807907104,13.69507223367691,28.20602059364319
stim_59_flute.wav,60.00000178813934,60.0,53.957698345184326,31.16211175918579
stim_59_flute.wav,70.0000011920929,40.000001192092896,58.9461886882782,27.260241508483887
stim_59_flute.wav,45.0,49.999998807907104,51.70460522174835,24.208804965019226
stim_59_flute.wav,30.00000089406967,60.0,39.75021153688431,31.01075291633606
stim_59_flute.wav,90.0,0.0,72.06576347351074,36.5419864654541
stim_59_flute.wav,25.000001192092896,49.999998807907104,41.6819304227829,29.234626293182373
stim_59_flute.wav,35.00000059604645,49.999998807907104,37.01002657413483,30.699563026428223
stim_59_flute.wav,54.99999940395355,49.999998807907104,39.42553550004959,27.202763557434082
stim_59_flute.wav,0.0,49.999998807907104,21.127151548862457,25.935046076774597
stim_59_flute.wav,25.000001192092896,0.0,46.38651430606842,25.6622976064682
stim_59_flute.wav,84.99999761581421,10.000000298023224,56.27529859542847,27.247742414474487
stim_59_flute.wav,5.000000037252903,60.0,18.249329030513763,43.19717288017273
stim_59_flute.wav,45.0,0.0,49.613120555877686,32.89131760597229
stim_59_flute.wav,5.000000037252903,49.999998807907104,29.979012608528137,32.65904903411865
stim_59_flute.wav,20.000000149011612,30.0,27.90354609489441,29.034975171089172
stim_59_flute.wav,60.00000178813934,60.0,53.41856896877289,28.318886160850525
stim_59_flute.wav,54.99999940395355,60.0,42.79031306505203,31.05527400970459
stim_59_flute.wav,20.000000149011612,10.000000298023224,25.575356483459473,21.68992280960083
stim_59_flute.wav,50.00000238418579,30.0,47.80458211898804,34.65561032295227
stim_59_flute.wav,80.00000059604645,10.000000298023224,68.14005017280579,23.9816951751709
stim_59_flute.wav,80.00000059604645,49.999998807907104,60.096362829208374,31.10952615737915
stim_59_flute.wav,20.000000149011612,30.0,28.41336965560913,32.773869037628174
stim_59_flute.wav,25.000001192092896,0.0,54.12186026573181,28.111247420310974
stim_59_flute.wav,54.99999940395355,60.0,54.75558042526245,35.58292865753174
stim_59_flute.wav,0.0,40.000001192092896,11.820884048938751,30.35684823989868
stim_59_flute.wav,20.000000149011612,30.0,33.14097225666046,25.526100397109985
stim_59_flute.wav,30.00000089406967,40.000001192092896,32.66516983509064,25.44552505016327
stim_59_flute.wav,54.99999940395355,60.0,51.76341533660889,30.54787516593933
stim_59_flute.wav,74.99999821186066,10.000000298023224,57.72361099720001,18.27466607093811
stim_59_flute.wav,45.0,20.000000596046448,46.17900252342224,36.85317277908325
stim_59_flute.wav,70.0000011920929,20.000000596046448,61.20877146720886,30.098140239715576
stim_59_flute.wav,80.00000059604645,10.000000298023224,67.56443738937378,19.226295948028564
stim_59_flute.wav,15.000000447034836,20.000000596046448,24.912362694740295,21.790305376052856
stim_59_flute.wav,74.99999821186066,30.0,69.68748092651367,34.181907176971436
stim_59_flute.wav,54.99999940395355,60.0,48.19951057434082,38.55370044708252
stim_59_flute.wav,80.00000059604645,20.000000596046448,72.33872652053833,29.494729042053223
stim_59_flute.wav,54.99999940395355,0.0,55.19426643848419,24.011971950531006
stim_59_flute.wav,20.000000149011612,49.999998807907104,31.33279860019684,30.848701000213623
stim_59_flute.wav,10.000000074505806,40.000001192092896,29.062882661819458,30.828702449798584
stim_59_flute.wav,54.99999940395355,40.000001192092896,61.22508466243744,34.344295263290405
stim_59_flute.wav,60.00000178813934,49.999998807907104,49.86975967884064,35.40712594985962
stim_59_flute.wav,74.99999821186066,60.0,60.062373876571655,32.36849069595337
stim_59_flute.wav,0.0,40.000001192092896,16.275421679019928,29.249122738838196
stim_59_flute.wav,84.99999761581421,0.0,70.3883957862854,21.854941248893738
stim_59_flute.wav,30.00000089406967,30.0,46.710267663002014,24.426666498184204
stim_59_flute.wav,80.00000059604645,60.0,58.06826412677765,23.957011699676514
stim_59_flute.wav,35.00000059604645,40.000001192092896,62.26981043815613,26.583747267723083
stim_59_flute.wav,15.000000447034836,20.000000596046448,28.24410080909729,30.899391174316406
stim_59_flute.wav,70.0000011920929,20.000000596046448,63.687379360198975,30.040394067764282
stim_59_flute.wav,30.00000089406967,30.0,38.19628715515137,20.275298953056335
stim_59_flute.wav,25.000001192092896,49.999998807907104,32.04890549182892,28.530723452568054
stim_59_flute.wav,54.99999940395355,20.000000596046448,60.30969500541687,29.737114906311035
stim_59_flute.wav,54.99999940395355,49.999998807907104,36.0195592045784,29.148184061050415
stim_59_flute.wav,90.0,10.000000298023224,65.11152505874634,23.972432613372803
stim_59_flute.wav,84.99999761581421,20.000000596046448,62.55423724651337,30.38421392440796
stim_59_flute.wav,20.000000149011612,10.000000298023224,26.481119692325592,26.234586238861084
stim_59_flute.wav,20.000000149011612,60.0,31.663426458835602,32.40804433822632
stim_59_flute.wav,35.00000059604645,0.0,45.7715106010437,22.833840250968933
stim_59_flute.wav,90.0,40.000001192092896,66.97819232940674,26.03719711303711
stim_59_flute.wav,40.000000298023224,40.000001192092896,43.647828698158264,26.74481213092804
stim_59_flute.wav,50.00000238418579,0.0,58.038931488990784,31.403385400772095
stim_59_flute.wav,15.000000447034836,10.000000298023224,24.196188747882843,21.580472588539124
stim_59_flute.wav,45.0,10.000000298023224,49.914488196372986,21.096004843711853
stim_59_flute.wav,54.99999940395355,49.999998807907104,45.81173300743103,26.183093190193176
stim_59_flute.wav,54.99999940395355,60.0,55.02582907676697,33.49772930145264
stim_59_flute.wav,60.00000178813934,60.0,53.805992603302,28.859580159187317
stim_59_flute.wav,64.9999988079071,0.0,59.94159400463104,23.224446773529053
stim_59_flute.wav,40.000000298023224,30.0,52.21277117729187,34.44868326187134
stim_59_flute.wav,30.00000089406967,49.999998807907104,28.379112482070923,39.05806303024292
stim_59_flute.wav,0.0,60.0,3.5258227586746216,27.457693219184875
stim_59_flute.wav,60.00000178813934,10.000000298023224,47.35154628753662,18.130162954330444
stim_59_flute.wav,10.000000074505806,40.000001192092896,15.305196940898895,30.679954290390015
stim_59_flute.wav,35.00000059604645,49.999998807907104,48.23140740394592,28.598206043243408
stim_59_flute.wav,35.00000059604645,20.000000596046448,41.82033509016037,34.3181848526001
stim_59_flute.wav,25.000001192092896,10.000000298023224,44.788668751716614,19.913231134414673
stim_59_flute.wav,40.000000298023224,0.0,45.8856600522995,42.97165632247925
stim_59_flute.wav,74.99999821186066,49.999998807907104,66.29151463508606,32.433249950408936
stim_59_flute.wav,70.0000011920929,30.0,59.36833620071411,30.194928646087646
stim_59_flute.wav,80.00000059604645,49.999998807907104,63.43681812286377,29.366503357887268
stim_59_flute.wav,70.0000011920929,30.0,58.28296959400177,32.024545669555664
stim_59_flute.wav,5.000000037252903,60.0,23.096415996551514,34.97416377067566
stim_59_flute.wav,5.000000037252903,20.000000596046448,14.076299965381622,38.428566455841064
stim_59_flute.wav,30.00000089406967,30.0,40.4443296790123,26.436699628829956
stim_59_flute.wav,80.00000059604645,40.000001192092896,61.70018970966339,31.01855993270874
stim_59_flute.wav,74.99999821186066,10.000000298023224,64.01671171188354,20.39849817752838
stim_59_flute.wav,70.0000011920929,40.000001192092896,55.02004623413086,29.250070452690125
stim_59_flute.wav,60.00000178813934,60.0,51.688302755355835,28.033608198165894
stim_59_flute.wav,10.000000074505806,30.0,28.437388837337494,23.756244778633118
stim_59_flute.wav,25.000001192092896,0.0,41.44518256187439,23.113462328910828
stim_59_flute.wav,80.00000059604645,0.0,70.83340108394623,28.65452527999878
stim_59_flute.wav,35.00000059604645,40.000001192092896,38.18381756544113,22.714580297470093
stim_59_flute.wav,25.000001192092896,60.0,47.16880202293396,27.005410194396973
stim_59_flute.wav,50.00000238418579,30.0,46.04202210903168,37.14394927024841
stim_59_flute.wav,0.0,40.000001192092896,19.605341255664825,25.749487280845642
stim_59_flute.wav,5.000000037252903,60.0,27.961404025554657,30.338577032089233
stim_59_flute.wav,40.000000298023224,40.000001192092896,46.57611966133118,31.46441102027893
stim_59_flute.wav,90.0,49.999998807907104,62.16711401939392,39.64869976043701
stim_59_flute.wav,35.00000059604645,49.999998807907104,44.49185013771057,30.90483784675598
stim_59_flute.wav,20.000000149011612,49.999998807907104,41.39742851257324,28.62951099872589
stim_59_flute.wav,5.000000037252903,40.000001192092896,29.867915511131287,33.45461368560791
stim_59_flute.wav,5.000000037252903,0.0,15.5502650141716,27.70983874797821
stim_59_flute.wav,10.000000074505806,40.000001192092896,29.94046926498413,40.07060766220093
stim_59_flute.wav,20.000000149011612,30.0,27.182206213474274,27.71353304386139
stim_59_flute.wav,20.000000149011612,10.000000298023224,40.12616604566574,28.11906337738037
stim_59_flute.wav,40.000000298023224,0.0,50.089030265808105,26.672333478927612
stim_59_flute.wav,54.99999940395355,10.000000298023224,58.81333351135254,29.111391305923462
stim_59_flute.wav,80.00000059604645,10.000000298023224,64.82963562011719,23.719314336776733
stim_59_flute.wav,70.0000011920929,30.0,62.88654685020447,30.787639617919922
stim_59_flute.wav,45.0,10.000000298023224,58.76038134098053,34.84602928161621
stim_59_flute.wav,5.000000037252903,49.999998807907104,28.952359557151794,36.40453219413757
stim_59_flute.wav,10.000000074505806,30.0,25.792508125305176,29.239354133605957
stim_59_flute.wav,90.0,30.0,56.65002465248108,22.091753482818604
stim_59_flute.wav,84.99999761581421,60.0,59.857120513916016,28.10408055782318
stim_59_flute.wav,80.00000059604645,10.000000298023224,66.07176661491394,21.2201589345932
stim_59_flute.wav,45.0,20.000000596046448,48.546491861343384,27.726450562477112
stim_59_flute.wav,45.0,30.0,53.7396240234375,20.62644124031067
stim_59_flute.wav,84.99999761581421,40.000001192092896,57.61836647987366,32.295541763305664
stim_59_flute.wav,74.99999821186066,10.000000298023224,56.901342272758484,21.92756474018097
stim_71_flute.wav,20.000000149011612,49.999998807907104,30.0688236951828,26.030577421188354
stim_71_flute.wav,25.000001192092896,20.000000596046448,49.292784333229065,30.153987407684326
stim_71_flute.wav,74.99999821186066,30.0,76.80635333061218,34.15467023849487
stim_71_flute.wav,84.99999761581421,0.0,63.88577163219452,20.604012608528137
stim_71_flute.wav,25.000001192092896,49.999998807907104,44.98579502105713,34.22723650932312
stim_71_flute.wav,10.000000074505806,40.000001192092896,23.292453289031982,26.574724316596985
stim_71_flute.wav,0.0,60.0,19.768278747797012,30.41595697402954
stim_71_flute.wav,74.99999821186066,49.999998807907104,63.67221415042877,28.769556283950806
stim_71_flute.wav,80.00000059604645,20.000000596046448,46.84850871562958,26.98059618473053
stim_71_flute.wav,64.9999988079071,30.0,63.23456883430481,29.55470860004425
stim_71_flute.wav,10.000000074505806,20.000000596046448,25.65558671951294,33.52745175361633
stim_71_flute.wav,10.000000074505806,0.0,24.238978028297424,28.39845836162567
stim_71_flute.wav,20.000000149011612,60.0,31.106100976467133,41.369333267211914
stim_71_flute.wav,30.00000089406967,10.000000298023224,36.60223960876465,29.03918981552124
stim_71_flute.wav,60.00000178813934,60.0,43.35506558418274,28.79817008972168
stim_71_flute.wav,5.000000037252903,20.000000596046448,22.403142750263214,29.481194615364075
stim_71_flute.wav,10.000000074505806,0.0,21.26662105321884,38.067240715026855
stim_71_flute.wav,54.99999940395355,49.999998807907104,41.260802149772644,24.86456036567688
stim_71_flute.wav,80.00000059604645,49.999998807907104,66.4686906337738,21.39319360256195
stim_71_flute.wav,70.0000011920929,49.999998807907104,60.60861110687256,34.703553915023804
stim_71_flute.wav,90.0,60.0,61.75770163536072,36.411237716674805
stim_71_flute.wav,64.9999988079071,40.000001192092896,56.132004261016846,29.881762862205505
stim_71_flute.wav,45.0,60.0,44.43678438663483,21.613839268684387
stim_71_flute.wav,35.00000059604645,60.0,41.76889032125473,28.652122020721436
stim_71_flute.wav,10.000000074505806,20.000000596046448,28.985597491264343,31.380447149276733
stim_71_flute.wav,45.0,49.999998807907104,53.71349394321442,31.15164041519165
stim_71_flute.wav,60.00000178813934,0.0,55.44880270957947,26.97163224220276
stim_71_flute.wav,35.00000059604645,10.000000298023224,46.34263336658478,34.15180206298828
stim_71_flute.wav,15.000000447034836,40.000001192092896,22.70528018474579,31.81936025619507
stim_71_flute.wav,40.000000298023224,10.000000298023224,58.50843071937561,31.541361808776855
stim_71_flute.wav,35.00000059604645,49.999998807907104,39.5158776640892,32.504156827926636
stim_71_flute.wav,84.99999761581421,20.000000596046448,58.67324709892273,26.228672862052917
stim_71_flute.wav,64.9999988079071,60.0,54.28611874580383,24.764716029167175
stim_71_flute.wav,50.00000238418579,30.0,48.128485679626465,33.341249227523804
stim_71_flute.wav,15.000000447034836,40.000001192092896,19.575879871845245,26.68050527572632
stim_71_flute.wav,0.0,30.0,12.430088818073273,33.52530241012573
stim_71_flute.wav,20.000000149011612,20.000000596046448,28.976990282535553,31.335296630859375
stim_71_flute.wav,35.00000059604645,60.0,42.88408577442169,24.20472264289856
stim_71_flute.wav,70.0000011920929,30.0,60.588446259498596,27.315121293067932
stim_71_flute.wav,80.00000059604645,0.0,69.7960889339447,17.4181866645813
stim_71_flute.wav,80.00000059604645,30.0,57.62171924114227,30.036073923110962
stim_71_flute.wav,0.0,30.0,14.764785468578339,33.85621190071106
stim_71_flute.wav,35.00000059604645,30.0,45.183168053627014,27.396626472473145
stim_71_flute.wav,30.00000089406967,10.000000298023224,47.075268030166626,23.63292396068573
stim_71_flute.wav,64.9999988079071,10.000000298023224,43.85255366563797,24.25525724887848
stim_71_flute.wav,60.00000178813934,0.0,37.18946635723114,30.0440776348114
stim_71_flute.wav,20.000000149011612,49.999998807907104,39.700738191604614,28.69233548641205
stim_71_flute.wav,10.000000074505806,0.0,37.44512379169464,27.52096652984619
stim_71_flute.wav,64.9999988079071,30.0,53.73486578464508,31.0072660446167
stim_71_flute.wav,74.99999821186066,10.000000298023224,66.59088134765625,32.01238989830017
stim_71_flute.wav,10.000000074505806,49.999998807907104,21.204597651958466,28.683916926383972
stim_71_flute.wav,60.00000178813934,60.0,51.261557936668396,24.15504813194275
stim_71_flute.wav,64.9999988079071,10.000000298023224,48.7453830242157,27.717813849449158
stim_71_flute.wav,90.0,40.000001192092896,63.621198534965515,22.585975527763367
stim_71_flute.wav,15.000000447034836,49.999998807907104,22.810680270195007,22.130463123321533
stim_71_flute.wav,15.000000447034836,0.0,31.27294510602951,23.282772302627563
stim_71_flute.wav,5.000000037252903,49.999998807907104,26.419702470302582,33.833173513412476
stim_71_flute.wav,80.00000059604645,0.0,56.681567430496216,28.09838891029358
stim_71_flute.wav,80.00000059604645,30.0,61.38029873371124,34.0710175037384
stim_71_flute.wav,10.000000074505806,49.999998807907104,17.949085235595703,22.76485562324524
stim_71_flute.wav,74.99999821186066,49.999998807907104,55.55218040943146,35.79652190208435
stim_71_flute.wav,0.0,10.000000298023224,14.000632166862488,34.97471809387207
stim_71_flute.wav,15.000000447034836,10.000000298023224,22.217292487621307,16.86430513858795
stim_71_flute.wav,35.00000059604645,40.000001192092896,38.64477127790451,31.533340215682983
stim_71_flute.wav,64.9999988079071,49.999998807907104,45.72935163974762,29.426558017730713
stim_71_flute.wav,90.0,0.0,58.041136264801025,32.38407611846924
stim_71_flute.wav,25.000001192092896,49.999998807907104,35.964273512363434,29.032840132713318
stim_71_flute.wav,74.99999821186066,0.0,66.06692254543304,25.690303444862366
stim_71_flute.wav,60.00000178813934,49.999998807907104,53.16180109977722,17.308545112609863
stim_71_flute.wav,10.000000074505806,0.0,16.92707508802414,23.83496403694153
stim_71_flute.wav,0.0,0.0,21.19852915406227,30.205482244491577
stim_71_flute.wav,0.0,40.000001192092896,12.907645404338837,34.911367893218994
stim_71_flute.wav,74.99999821186066,49.999998807907104,63.10447096824646,33.133403062820435
stim_71_flute.wav,84.99999761581421,40.000001192092896,61.21698439121246,25.54572343826294
stim_71_flute.wav,80.00000059604645,40.000001192092896,60.14348387718201,32.49638557434082
stim_71_flute.wav,80.00000059604645,49.999998807907104,69.69281315803528,39.04034972190857
stim_71_flute.wav,64.9999988079071,20.000000596046448,56.26380264759064,31.808277368545532
stim_71_flute.wav,80.00000059604645,40.000001192092896,55.95657706260681,33.916897773742676
stim_71_flute.wav,60.00000178813934,30.0,52.9023939371109,23.317147493362427
stim_71_flute.wav,60.00000178813934,20.000000596046448,56.44803285598755,24.869229197502136
stim_71_flute.wav,64.9999988079071,49.999998807907104,54.986169934272766,36.29872798919678
stim_71_flute.wav,80.00000059604645,60.0,61.310073137283325,27.84465193748474
stim_71_flute.wav,64.9999988079071,0.0,53.507022857666016,21.753913164138794
stim_71_flute.wav,64.9999988079071,60.0,50.66587150096893,28.331571221351624
stim_71_flute.wav,35.00000059604645,0.0,41.95886582136154,32.48921513557434
stim_71_flute.wav,35.00000059604645,20.000000596046448,36.771835684776306,34.96482610702515
stim_71_flute.wav,0.0,20.000000596046448,12.994763553142548,33.346989154815674
stim_71_flute.wav,50.00000238418579,10.000000298023224,55.48702955245972,28.317520022392273
stim_71_flute.wav,60.00000178813934,30.0,54.09512400627136,24.37925934791565
stim_71_flute.wav,20.000000149011612,20.000000596046448,30.566824078559875,28.9649498462677
stim_71_flute.wav,0.0,0.0,18.15204530954361,29.56535518169403
stim_71_flute.wav,5.000000037252903,60.0,35.481687784194946,28.76143455505371
stim_71_flute.wav,84.99999761581421,30.0,56.82172894477844,32.34858155250549
stim_71_flute.wav,64.9999988079071,40.000001192092896,54.43382799625397,32.24841356277466
stim_71_flute.wav,80.00000059604645,40.000001192092896,56.62001609802246,26.94850981235504
stim_71_flute.wav,10.000000074505806,20.000000596046448,27.036800980567932,30.087178945541382
stim_71_flute.wav,50.00000238418579,60.0,43.30902010202408,32.59376764297485
stim_71_flute.wav,0.0,40.000001192092896,20.670443773269653,33.660181760787964
stim_71_flute.wav,60.00000178813934,60.0,52.94783055782318,29.81699287891388
stim_71_flute.wav,70.0000011920929,20.000000596046448,76.09441995620728,32.0351779460907
stim_71_flute.wav,74.99999821186066,10.000000298023224,54.56318557262421,23.45737338066101
stim_71_flute.wav,30.00000089406967,49.999998807907104,29.53452229499817,41.85176610946655
stim_71_flute.wav,84.99999761581421,49.999998807907104,63.49379360675812,36.528217792510986
stim_71_flute.wav,54.99999940395355,60.0,40.09293884038925,31.56596302986145
stim_71_flute.wav,20.000000149011612,60.0,36.556631326675415,36.16885185241699
stim_71_flute.wav,0.0,30.0,25.108568966388702,29.56633150577545
stim_71_flute.wav,20.000000149011612,0.0,45.579174757003784,23.664899468421936
stim_71_flute.wav,45.0,49.999998807907104,51.68376445770264,31.056125164031982
stim_71_flute.wav,84.99999761581421,10.000000298023224,60.52718460559845,24.611274003982544
stim_71_flute.wav,80.00000059604645,0.0,59.99732494354248,24.724266529083252
stim_71_flute.wav,20.000000149011612,60.0,31.939820051193237,39.59791302680969
stim_71_flute.wav,30.00000089406967,20.000000596046448,50.106255412101746,24.725890159606934
stim_71_flute.wav,5.000000037252903,0.0,33.420627415180206,31.429320573806763
stim_71_flute.wav,10.000000074505806,10.000000298023224,20.565185844898224,33.07536721229553
stim_71_flute.wav,40.000000298023224,40.000001192092896,43.05275917053223,31.492717266082764
stim_71_flute.wav,40.000000298023224,0.0,47.06964075565338,31.66667103767395
stim_71_flute.wav,50.00000238418579,49.999998807907104,47.299500703811646,31.43843650817871
stim_71_flute.wav,10.000000074505806,30.0,33.338398933410645,30.739116668701172
stim_71_flute.wav,60.00000178813934,60.0,48.29919219017029,26.118696928024292
stim_71_flute.wav,0.0,20.000000596046448,18.061842620372772,34.42028760910034
stim_71_flute.wav,25.000001192092896,40.000001192092896,30.463172793388367,21.060479879379272
stim_71_flute.wav,60.00000178813934,40.000001192092896,53.53739619255066,32.93718695640564
stim_71_flute.wav,50.00000238418579,60.0,46.054054498672485,31.81108832359314
stim_71_flute.wav,25.000001192092896,10.000000298023224,39.779774844646454,31.110656261444092
stim_71_flute.wav,25.000001192092896,30.0,39.001582860946655,35.957937240600586
stim_71_flute.wav,0.0,49.999998807907104,5.815021097660065,31.90270185470581
stim_71_flute.wav,15.000000447034836,40.000001192092896,19.49710339307785,29.640963077545166
stim_71_flute.wav,84.99999761581421,10.000000298023224,62.69055783748627,31.134417057037354
stim_71_flute.wav,0.0,0.0,26.01166605949402,37.05043315887451
stim_71_flute.wav,10.000000074505806,49.999998807907104,18.591758608818054,35.192270278930664
stim_71_flute.wav,40.000000298023224,49.999998807907104,44.51613485813141,31.125540733337402
stim_71_flute.wav,74.99999821186066,20.000000596046448,63.62557053565979,20.553903579711914
stim_71_flute.wav,0.0,10.000000298023224,27.723030745983124,34.70759153366089
stim_71_flute.wav,70.0000011920929,0.0,67.52476215362549,25.951552391052246
stim_71_flute.wav,15.000000447034836,40.000001192092896,17.574082911014557,27.264352440834045
stim_71_flute.wav,35.00000059604645,49.999998807907104,36.41983598470688,38.32273721694946
stim_71_flute.wav,20.000000149011612,60.0,42.68595099449158,33.986477851867676
stim_71_flute.wav,74.99999821186066,30.0,62.01551556587219,34.37703609466553
stim_71_flute.wav,30.00000089406967,30.0,32.793341875076294,32.49589562416077
stim_96_flute.wav,20.000000149011612,10.000000298023224,37.72797882556915,26.187180876731873
stim_96_flute.wav,54.99999940395355,30.0,42.48203605413437,28.328096866607666
stim_96_flute.wav,74.99999821186066,10.000000298023224,39.808112382888794,28.278822898864746
stim_96_flute.wav,50.00000238418579,20.000000596046448,43.21242302656174,28.54206919670105
stim_96_flute.wav,40.000000298023224,30.0,40.07616430521011,28.386293649673462
stim_96_flute.wav,35.00000059604645,60.0,41.972496807575226,28.46320867538452
stim_96_flute.wav,5.000000037252903,0.0,33.311010897159576,28.127946853637695
stim_96_flute.wav,15.000000447034836,0.0,28.345600962638855,21.556735038757324
stim_96_flute.wav,50.00000238418579,60.0,43.470928966999054,29.26477611064911
stim_96_flute.wav,45.0,49.999998807907104,38.542892932891846,28.516076803207397
stim_96_flute.wav,10.000000074505806,30.0,38.61704796552658,28.90177309513092
stim_96_flute.wav,0.0,60.0,26.96022927761078,29.84371840953827
stim_96_flute.wav,5.000000037252903,10.000000298023224,39.34059530496597,28.67881178855896
stim_96_flute.wav,10.000000074505806,10.000000298023224,38.66439700126648,28.508482575416565
stim_96_flute.wav,35.00000059604645,40.000001192092896,39.4352263212204,28.473533391952515
stim_96_flute.wav,54.99999940395355,10.000000298023224,41.73615127801895,28.741039037704468
stim_96_flute.wav,5.000000037252903,30.0,36.02999567985535,30.15929102897644
stim_96_flute.wav,0.0,30.0,43.81039470434189,29.767464995384216
stim_96_flute.wav,64.9999988079071,30.0,50.13618886470795,30.309966802597046
stim_96_flute.wav,80.00000059604645,49.999998807907104,47.30887770652771,28.595815300941467
stim_96_flute.wav,40.000000298023224,0.0,47.18995928764343,30.49434542655945
stim_96_flute.wav,0.0,20.000000596046448,32.092448472976685,29.638845920562744
stim_96_flute.wav,80.00000059604645,49.999998807907104,47.08984851837158,29.3702495098114
stim_96_flute.wav,90.0,49.999998807907104,43.04825305938721,28.402329683303833
stim_96_flute.wav,74.99999821186066,20.000000596046448,53.1573486328125,30.59633731842041
stim_96_flute.wav,20.000000149011612,40.000001192092896,38.60162526369095,28.153515458106995
stim_96_flute.wav,60.00000178813934,30.0,47.26673483848572,28.963324427604675
stim_96_flute.wav,15.000000447034836,0.0,38.95516186952591,28.45787286758423
stim_96_flute.wav,84.99999761581421,30.0,41.68093800544739,28.260923624038696
stim_96_flute.wav,20.000000149011612,0.0,35.51251977682114,26.792991757392883
stim_96_flute.wav,60.00000178813934,60.0,55.54034113883972,32.45659589767456
stim_96_flute.wav,90.0,30.0,49.117512702941895,25.970218777656555
stim_96_flute.wav,80.00000059604645,20.000000596046448,40.30425399541855,28.406233191490173
stim_96_flute.wav,64.9999988079071,40.000001192092896,39.70692604780197,28.567804098129272
stim_96_flute.wav,30.00000089406967,30.0,38.74259144067764,28.463112115859985
stim_96_flute.wav,15.000000447034836,0.0,36.05608820915222,27.07705557346344
stim_96_flute.wav,5.000000037252903,30.0,39.470025300979614,28.5538387298584
stim_96_flute.wav,15.000000447034836,10.000000298023224,36.871332228183746,26.421915292739868
stim_96_flute.wav,84.99999761581421,0.0,40.04531890153885,28.266178965568542
stim_96_flute.wav,40.000000298023224,49.999998807907104,43.099137246608734,27.729545831680298
stim_96_flute.wav,0.0,40.000001192092896,39.94624882936478,28.72170925140381
stim_96_flute.wav,20.000000149011612,0.0,37.257629334926605,27.878045439720154
stim_96_flute.wav,74.99999821186066,30.0,45.31479477882385,29.709556102752686
stim_96_flute.wav,15.000000447034836,49.999998807907104,38.85502964258194,28.47121775150299
stim_96_flute.wav,70.0000011920929,49.999998807907104,42.74462968111038,28.722469210624695
stim_96_flute.wav,25.000001192092896,49.999998807907104,37.87558615207672,28.535746335983276
stim_96_flute.wav,64.9999988079071,49.999998807907104,41.6249281167984,29.248332381248474
stim_96_flute.wav,84.99999761581421,30.0,40.161265432834625,28.462416529655457
stim_96_flute.wav,40.000000298023224,20.000000596046448,43.21239352226257,28.414682149887085
stim_96_flute.wav,80.00000059604645,20.000000596046448,41.59686416387558,28.26419234275818
stim_96_flute.wav,50.00000238418579,40.000001192092896,40.63292920589447,28.34598183631897
stim_96_flute.wav,54.99999940395355,49.999998807907104,45.03428936004639,29.02730405330658
stim_96_flute.wav,90.0,0.0,38.90869528055191,28.5063636302948
stim_96_flute.wav,35.00000059604645,40.000001192092896,37.993943989276886,28.550201654434204
stim_96_flute.wav,70.0000011920929,60.0,51.06090188026428,30.0580894947052
stim_96_flute.wav,40.000000298023224,40.000001192092896,42.670874297618866,27.76723086833954
stim_96_flute.wav,25.000001192092896,20.000000596046448,41.19679123163223,28.222240805625916
stim_96_flute.wav,60.00000178813934,10.000000298023224,43.97097051143646,27.93928563594818
stim_96_flute.wav,80.00000059604645,20.000000596046448,46.49337887763977,28.25724184513092
stim_96_flute.wav,25.000001192092896,0.0,37.13493973016739,28.095000386238098
stim_96_flute.wav,40.000000298023224,20.000000596046448,43.88642996549606,30.069279670715332
stim_96_flute.wav,45.0,49.999998807907104,41.1035281419754,28.342877626419067
stim_96_flute.wav,64.9999988079071,60.0,50.92986524105072,29.524163603782654
stim_96_flute.wav,64.9999988079071,49.999998807907104,43.21226477622986,28.337641954421997
stim_96_flute.wav,25.000001192092896,60.0,40.6436687707901,27.366344332695007
stim_96_flute.wav,10.000000074505806,30.0,41.98161631822586,28.20509433746338
stim_96_flute.wav,10.000000074505806,40.000001192092896,35.91712296009064,27.700728178024292
stim_96_flute.wav,25.000001192092896,0.0,36.0452064871788,27.70302951335907
stim_96_flute.wav,15.000000447034836,60.0,30.305225551128387,31.063227653503418
stim_96_flute.wav,15.000000447034836,49.999998807907104,37.73791640996933,28.582727909088135
stim_96_flute.wav,0.0,10.000000298023224,28.89928936958313,29.79759156703949
stim_96_flute.wav,64.9999988079071,0.0,41.202252209186554,28.431714177131653
stim_96_flute.wav,0.0,0.0,24.789732098579407,29.344918727874756
stim_96_flute.wav,0.0,20.000000596046448,33.87668341398239,28.177741169929504
stim_96_flute.wav,84.99999761581421,10.000000298023224,42.627202570438385,28.033917546272278
stim_96_flute.wav,45.0,49.999998807907104,49.43471074104309,33.72635006904602
stim_96_flute.wav,45.0,10.000000298023224,40.35076081752777,28.4006005525589
stim_96_flute.wav,80.00000059604645,0.0,42.02227056026459,28.274763822555542
stim_96_flute.wav,15.000000447034836,20.000000596046448,36.20191991329193,28.330360651016235
stim_96_flute.wav,25.000001192092896,60.0,40.32003343105316,28.29734444618225
stim_96_flute.wav,25.000001192092896,0.0,39.86415445804596,28.263303637504578
stim_96_flute.wav,45.0,10.000000298023224,40.55485278367996,28.423991203308105
stim_96_flute.wav,90.0,30.0,41.13660514354706,28.058899641036987
stim_96_flute.wav,15.000000447034836,10.000000298023224,38.26335310935974,25.61233341693878
stim_96_flute.wav,84.99999761581421,40.000001192092896,48.25543999671936,29.838915467262268
stim_96_flute.wav,64.9999988079071,20.000000596046448,41.92022055387497,28.363625407218933
stim_96_flute.wav,50.00000238418579,0.0,40.985628962516785,27.668956518173218
stim_96_flute.wav,35.00000059604645,40.000001192092896,39.0982711315155,28.49100351333618
stim_96_flute.wav,70.0000011920929,30.0,42.299723625183105,28.859360218048096
stim_96_flute.wav,5.000000037252903,30.0,35.62011659145355,29.749746322631836
stim_96_flute.wav,84.99999761581421,40.000001192092896,51.06927573680878,29.854314923286438
stim_96_flute.wav,20.000000149011612,40.000001192092896,38.60924541950226,28.389508724212646
stim_96_flute.wav,15.000000447034836,40.000001192092896,38.05276483297348,28.491997718811035
stim_96_flute.wav,35.00000059604645,10.000000298023224,42.15488165616989,28.21723222732544
stim_96_flute.wav,45.0,0.0,42.29222148656845,28.840132355690002
stim_96_flute.wav,74.99999821186066,30.0,40.34976840019226,28.47033441066742
stim_96_flute.wav,80.00000059604645,30.0,44.40757513046265,28.66394877433777
stim_96_flute.wav,74.99999821186066,0.0,42.460275292396545,27.505425810813904
stim_96_flute.wav,20.000000149011612,0.0,38.29659640789032,24.492716789245605
stim_96_flute.wav,40.000000298023224,20.000000596046448,42.57294416427612,28.498921394348145
stim_96_flute.wav,80.00000059604645,0.0,38.101723194122314,26.822991371154785
stim_96_flute.wav,50.00000238418579,40.000001192092896,40.02104490995407,28.4218829870224
stim_96_flute.wav,20.000000149011612,60.0,38.79414618015289,28.293192386627197
stim_96_flute.wav,25.000001192092896,40.000001192092896,39.123188853263855,28.451621532440186
stim_96_flute.wav,60.00000178813934,10.000000298023224,41.20490491390228,28.288625478744507
stim_96_flute.wav,64.9999988079071,0.0,39.07798558473587,27.60928452014923
stim_96_flute.wav,45.0,10.000000298023224,46.47143840789795,29.92807388305664
stim_96_flute.wav,20.000000149011612,20.000000596046448,38.73725652694702,28.506124019622803
stim_96_flute.wav,20.000000149011612,40.000001192092896,36.91806435585022,25.3934383392334
stim_96_flute.wav,45.0,0.0,42.39210158586502,27.99649178981781
stim_96_flute.wav,30.00000089406967,0.0,42.4663907289505,28.077258467674255
stim_96_flute.wav,35.00000059604645,49.999998807907104,41.68451339006424,26.693835854530334
stim_96_flute.wav,74.99999821186066,30.0,46.57233774662018,28.929128050804138
stim_96_flute.wav,90.0,0.0,38.12131404876709,28.430891633033752
stim_96_flute.wav,50.00000238418579,30.0,50.747238993644714,29.5256906747818
stim_96_flute.wav,30.00000089406967,40.000001192092896,37.56506413221359,28.49906623363495
stim_96_flute.wav,30.00000089406967,40.000001192092896,41.14899694919586,28.437477350234985
stim_96_flute.wav,70.0000011920929,40.000001192092896,41.82712912559509,28.488895297050476
stim_96_flute.wav,10.000000074505806,49.999998807907104,38.550644516944885,28.533411026000977
stim_57_flute.wav,5.000000037252903,40.000001192092896,5.012176930904388,26.04524552822113
stim_57_flute.wav,25.000001192092896,30.0,38.750871419906616,31.645621061325073
stim_57_flute.wav,45.0,10.000000298023224,47.72511899471283,25.551318526268005
stim_57_flute.wav,45.0,30.0,51.529000997543335,32.40213990211487
stim_57_flute.wav,64.9999988079071,30.0,59.59866285324097,26.87622606754303
stim_57_flute.wav,70.0000011920929,0.0,57.72645950317383,28.982940316200256
stim_57_flute.wav,60.00000178813934,49.999998807907104,55.41396617889404,33.75749588012695
stim_57_flute.wav,35.00000059604645,20.000000596046448,42.219863533973694,26.22111439704895
stim_57_flute.wav,80.00000059604645,40.000001192092896,53.71022701263428,27.828081250190735
stim_57_flute.wav,5.000000037252903,40.000001192092896,2.276363968849182,19.997477531433105
stim_57_flute.wav,80.00000059604645,49.999998807907104,65.59411883354187,28.39184045791626
stim_57_flute.wav,90.0,20.000000596046448,60.256410241127014,19.028608202934265
stim_57_flute.wav,80.00000059604645,0.0,58.62099230289459,26.05269491672516
stim_57_flute.wav,80.00000059604645,60.0,61.08166694641113,29.89309072494507
stim_57_flute.wav,80.00000059604645,10.000000298023224,53.87548327445984,25.01985490322113
stim_57_flute.wav,0.0,0.0,8.52029174566269,27.757937908172607
stim_57_flute.wav,84.99999761581421,10.000000298023224,67.76750206947327,33.640748262405396
stim_57_flute.wav,84.99999761581421,60.0,37.83571779727936,30.628066062927246
stim_57_flute.wav,54.99999940395355,49.999998807907104,35.78742206096649,38.68662357330322
stim_57_flute.wav,25.000001192092896,10.000000298023224,38.47560167312622,24.09513294696808
stim_57_flute.wav,74.99999821186066,49.999998807907104,58.862369656562805,32.84655690193176
stim_57_flute.wav,74.99999821186066,49.999998807907104,55.627920627593994,39.22619104385376
stim_57_flute.wav,54.99999940395355,20.000000596046448,52.866345047950745,28.803139328956604
stim_57_flute.wav,15.000000447034836,30.0,18.0314102768898,20.43504238128662
stim_57_flute.wav,10.000000074505806,10.000000298023224,16.473046839237213,19.89154815673828
stim_57_flute.wav,10.000000074505806,60.0,22.212762236595154,44.53416109085083
stim_57_flute.wav,10.000000074505806,10.000000298023224,10.405133664608002,35.27167081832886
stim_57_flute.wav,30.00000089406967,49.999998807907104,34.649226665496826,37.80842900276184
stim_57_flute.wav,40.000000298023224,30.0,48.2962042093277,33.46395492553711
stim_57_flute.wav,90.0,49.999998807907104,59.761027693748474,38.23343753814697
stim_57_flute.wav,25.000001192092896,40.000001192092896,23.144609928131104,27.51635491847992
stim_57_flute.wav,80.00000059604645,10.000000298023224,56.92398011684418,28.093771934509277
stim_57_flute.wav,84.99999761581421,0.0,59.604671001434326,19.46606755256653
stim_57_flute.wav,70.0000011920929,0.0,62.059922218322754,20.76310694217682
stim_57_flute.wav,60.00000178813934,0.0,34.86381679773331,32.551199197769165
stim_57_flute.wav,0.0,30.0,15.696802139282227,29.394691586494446
stim_57_flute.wav,25.000001192092896,40.000001192092896,29.579382240772247,26.634825468063354
stim_57_flute.wav,15.000000447034836,49.999998807907104,27.29968696832657,34.65770602226257
stim_57_flute.wav,74.99999821186066,40.000001192092896,55.94196438789368,29.778501391410828
stim_57_flute.wav,25.000001192092896,20.000000596046448,31.990870535373688,23.13670814037323
stim_57_flute.wav,5.000000037252903,0.0,7.989160716533661,21.80476427078247
stim_57_flute.wav,50.00000238418579,10.000000298023224,51.409884095191956,25.19381046295166
stim_57_flute.wav,25.000001192092896,20.000000596046448,31.63699060678482,31.076030731201172
stim_57_flute.wav,15.000000447034836,20.000000596046448,26.12346589565277,19.563204646110535
stim_57_flute.wav,10.000000074505806,20.000000596046448,14.971857368946075,27.96933889389038
stim_57_flute.wav,30.00000089406967,49.999998807907104,37.65945643186569,36.340227127075195
stim_57_flute.wav,70.0000011920929,40.000001192092896,48.45461547374725,32.05982208251953
stim_57_flute.wav,10.000000074505806,20.000000596046448,27.22739338874817,44.15188550949097
stim_57_flute.wav,70.0000011920929,60.0,63.035666942596436,29.970427751541138
stim_57_flute.wav,0.0,20.000000596046448,15.151058435440063,29.026612043380737
stim_57_flute.wav,0.0,30.0,4.990547597408295,30.0137722492218
stim_57_flute.wav,0.0,49.999998807907104,13.67162972688675,27.295364141464233
stim_57_flute.wav,25.000001192092896,10.000000298023224,36.44687533378601,27.28955090045929
stim_57_flute.wav,30.00000089406967,10.000000298023224,40.347912311553955,36.34612441062927
stim_57_flute.wav,64.9999988079071,20.000000596046448,62.30097234249115,32.94045567512512
stim_57_flute.wav,60.00000178813934,49.999998807907104,51.83720827102661,27.355234622955322
stim_57_flute.wav,50.00000238418579,20.000000596046448,50.92403948307037,24.10370707511902
stim_57_flute.wav,64.9999988079071,60.0,58.94615650177002,34.335962533950806
stim_57_flute.wav,40.000000298023224,10.000000298023224,43.796101212501526,25.861687660217285
stim_57_flute.wav,30.00000089406967,10.000000298023224,28.02722007036209,37.0390784740448
stim_57_flute.wav,0.0,10.000000298023224,9.44136768579483,23.97204101085663
stim_57_flute.wav,15.000000447034836,0.0,30.72662204504013,27.998979091644287
stim_57_flute.wav,25.000001192092896,60.0,39.993702471256256,32.329691648483276
stim_57_flute.wav,45.0,10.000000298023224,47.5421279668808,31.302344799041748
stim_57_flute.wav,30.00000089406967,60.0,37.596057057380676,39.37951683998108
stim_57_flute.wav,20.000000149011612,20.000000596046448,23.82522851228714,25.77056050300598
stim_57_flute.wav,54.99999940395355,0.0,58.23850393295288,34.98413801193237
stim_57_flute.wav,54.99999940395355,40.000001192092896,43.88126939535141,37.5644588470459
stim_57_flute.wav,40.000000298023224,0.0,44.437977969646454,26.982622146606445
stim_57_flute.wav,35.00000059604645,40.000001192092896,37.05004245042801,28.00402522087097
stim_57_flute.wav,25.000001192092896,30.0,31.118090450763702,29.96302306652069
stim_57_flute.wav,84.99999761581421,30.0,70.95538258552551,36.70597314834595
stim_57_flute.wav,84.99999761581421,49.999998807907104,71.0956621170044,37.88395643234253
stim_57_flute.wav,80.00000059604645,0.0,51.54315769672394,30.593819618225098
stim_57_flute.wav,35.00000059604645,30.0,46.92054748535156,28.144716024398804
stim_57_flute.wav,70.0000011920929,49.999998807907104,55.25853753089905,41.94657325744629
stim_57_flute.wav,60.00000178813934,60.0,58.78966569900513,28.952870965003967
stim_57_flute.wav,64.9999988079071,10.000000298023224,59.54944431781769,33.35900545120239
stim_57_flute.wav,15.000000447034836,10.000000298023224,16.827774345874786,16.584253907203674
stim_57_flute.wav,15.000000447034836,20.000000596046448,17.08933800458908,14.423186480998993
stim_57_flute.wav,35.00000059604645,40.000001192092896,47.34239995479584,25.45617699623108
stim_57_flute.wav,74.99999821186066,30.0,51.65091276168823,29.471715688705444
stim_57_flute.wav,60.00000178813934,49.999998807907104,53.25244903564453,29.426017999649048
stim_57_flute.wav,30.00000089406967,30.0,41.403570771217346,38.14568281173706
stim_57_flute.wav,40.000000298023224,40.000001192092896,41.478517055511475,36.95852994918823
stim_57_flute.wav,35.00000059604645,30.0,41.03161543607712,30.883548259735107
stim_57_flute.wav,30.00000089406967,20.000000596046448,39.81714069843292,36.834282875061035
stim_57_flute.wav,40.000000298023224,40.000001192092896,32.8121092915535,37.255733013153076
stim_57_flute.wav,84.99999761581421,30.0,67.78889536857605,39.73241686820984
stim_57_flute.wav,64.9999988079071,20.000000596046448,60.4108464717865,30.947420597076416
stim_57_flute.wav,15.000000447034836,40.000001192092896,12.758828401565552,38.86214017868042
stim_57_flute.wav,0.0,40.000001192092896,1.0979971289634705,30.218428373336792
stim_57_flute.wav,25.000001192092896,20.000000596046448,35.898969769477844,29.84351634979248
stim_57_flute.wav,60.00000178813934,0.0,42.85760164260864,28.495402336120605
stim_57_flute.wav,54.99999940395355,40.000001192092896,45.92907965183258,33.13617825508118
stim_57_flute.wav,25.000001192092896,49.999998807907104,35.946895480155945,39.654743671417236
stim_57_flute.wav,84.99999761581421,49.999998807907104,50.9444135427475,30.795940160751343
stim_57_flute.wav,70.0000011920929,0.0,56.97936773300171,23.49255681037903
stim_57_flute.wav,30.00000089406967,49.999998807907104,27.812688946723938,34.08831238746643
stim_57_flute.wav,50.00000238418579,40.000001192092896,48.76997351646423,34.158464670181274
stim_57_flute.wav,70.0000011920929,60.0,55.050398111343384,38.44536066055298
stim_57_flute.wav,74.99999821186066,10.000000298023224,52.40323483943939,29.257936477661133
stim_57_flute.wav,90.0,30.0,67.58886694908142,20.717214345932007
stim_57_flute.wav,74.99999821186066,20.000000596046448,63.84063005447388,27.911124229431152
stim_57_flute.wav,80.00000059604645,49.999998807907104,59.903592467308044,32.46704578399658
stim_57_flute.wav,74.99999821186066,10.000000298023224,54.653200507164,23.094863891601562
stim_57_flute.wav,40.000000298023224,60.0,46.340482234954834,25.145028233528137
stim_57_flute.wav,70.0000011920929,10.000000298023224,51.75137221813202,33.38931083679199
stim_57_flute.wav,15.000000447034836,0.0,29.39351588487625,23.524927496910095
stim_57_flute.wav,15.000000447034836,40.000001192092896,11.176794469356537,34.996737241744995
stim_57_flute.wav,5.000000037252903,20.000000596046448,23.96815538406372,27.16750144958496
stim_57_flute.wav,35.00000059604645,30.0,43.44951421022415,33.18291664123535
stim_57_flute.wav,25.000001192092896,60.0,39.50082242488861,33.1753134727478
stim_57_flute.wav,54.99999940395355,10.000000298023224,49.07969355583191,24.049594402313232
stim_57_flute.wav,64.9999988079071,30.0,51.23345375061035,29.693443179130554
stim_57_flute.wav,64.9999988079071,60.0,58.27695071697235,30.345711708068848
stim_57_flute.wav,54.99999940395355,49.999998807907104,40.25560677051544,26.110941767692566
stim_57_flute.wav,90.0,10.000000298023224,62.68999993801117,24.86703872680664
stim_57_flute.wav,54.99999940395355,10.000000298023224,57.25049078464508,28.093695044517517
stim_57_flute.wav,60.00000178813934,60.0,52.07572102546692,23.552480936050415
stim_57_flute.wav,64.9999988079071,49.999998807907104,52.49709606170654,30.279464721679688
stim_88_flute.wav,70.0000011920929,10.000000298023224,45.786901116371155,24.645822644233704
stim_88_flute.wav,54.99999940395355,49.999998807907104,42.70152390003204,27.227588295936584
stim_88_flute.wav,20.000000149011612,10.000000298023224,41.18496537208557,28.75176250934601
stim_88_flute.wav,35.00000059604645,20.000000596046448,42.342030107975006,27.95501947402954
stim_88_flute.wav,84.99999761581421,60.0,55.436384081840515,30.44832944869995
stim_88_flute.wav,60.00000178813934,40.000001192092896,42.578252255916595,29.158650040626526
stim_88_flute.wav,25.000001192092896,40.000001192092896,43.642324805259705,28.591648936271667
stim_88_flute.wav,54.99999940395355,30.0,51.00436091423035,30.204756259918213
stim_88_flute.wav,10.000000074505806,60.0,29.811825156211853,30.67209005355835
stim_88_flute.wav,0.0,0.0,26.638543903827667,28.749629259109497
stim_88_flute.wav,5.000000037252903,49.999998807907104,35.01111835241318,29.950230717658997
stim_88_flute.wav,30.00000089406967,49.999998807907104,42.43264585733414,29.219064116477966
stim_88_flute.wav,80.00000059604645,10.000000298023224,47.46224641799927,29.295206665992737
stim_88_flute.wav,50.00000238418579,20.000000596046448,42.572413086891174,28.960129022598267
stim_88_flute.wav,50.00000238418579,10.000000298023224,42.77903974056244,29.62855339050293
stim_88_flute.wav,45.0,30.0,42.11105704307556,28.613297939300537
stim_88_flute.wav,45.0,49.999998807907104,46.54136896133423,28.83297622203827
stim_88_flute.wav,64.9999988079071,40.000001192092896,48.65936994552612,30.38615584373474
stim_88_flute.wav,90.0,10.000000298023224,47.64598309993744,30.285415649414062
stim_88_flute.wav,15.000000447034836,30.0,32.739917635917664,28.219531774520874
stim_88_flute.wav,64.9999988079071,40.000001192092896,48.182913064956665,30.152045488357544
stim_88_flute.wav,5.000000037252903,60.0,37.16574490070343,31.25240921974182
stim_88_flute.wav,80.00000059604645,30.0,49.564368724823,33.09110999107361
stim_88_flute.wav,10.000000074505806,0.0,25.405462682247162,28.566137552261353
stim_88_flute.wav,54.99999940395355,60.0,43.21276098489761,29.445884227752686
stim_88_flute.wav,15.000000447034836,30.0,27.223826050758362,28.48015308380127
stim_88_flute.wav,10.000000074505806,0.0,31.17542803287506,32.02033996582031
stim_88_flute.wav,5.000000037252903,60.0,30.410242080688477,31.943668127059937
stim_88_flute.wav,40.000000298023224,30.0,43.21188926696777,30.83988904953003
stim_88_flute.wav,45.0,30.0,48.353968262672424,26.97899580001831
stim_88_flute.wav,60.00000178813934,30.0,44.067519307136536,29.646592140197754
stim_88_flute.wav,45.0,60.0,38.777875900268555,28.51902186870575
stim_88_flute.wav,15.000000447034836,10.000000298023224,26.3409823179245,29.84818696975708
stim_88_flute.wav,10.000000074505806,10.000000298023224,26.47854745388031,28.035753965377808
stim_88_flute.wav,40.000000298023224,10.000000298023224,43.05032104253769,28.29438865184784
stim_88_flute.wav,40.000000298023224,0.0,46.66934788227081,27.473552227020264
stim_88_flute.wav,74.99999821186066,40.000001192092896,52.11446285247803,29.724674820899963
stim_88_flute.wav,54.99999940395355,20.000000596046448,46.71043932437897,30.424540042877197
stim_88_flute.wav,10.000000074505806,20.000000596046448,32.8300479054451,27.234821319580078
stim_88_flute.wav,84.99999761581421,20.000000596046448,51.29339039325714,29.084706902503967
stim_88_flute.wav,64.9999988079071,10.000000298023224,46.60252332687378,31.064143180847168
stim_88_flute.wav,40.000000298023224,40.000001192092896,39.737189412117004,28.07943284511566
stim_88_flute.wav,30.00000089406967,30.0,41.878042817115784,30.211046934127808
stim_88_flute.wav,64.9999988079071,20.000000596046448,54.288092851638794,32.01869487762451
stim_88_flute.wav,74.99999821186066,49.999998807907104,56.25401258468628,32.24220156669617
stim_88_flute.wav,64.9999988079071,30.0,58.96691143512726,33.92670392990112
stim_88_flute.wav,5.000000037252903,0.0,30.68441480398178,28.14541518688202
stim_88_flute.wav,60.00000178813934,40.000001192092896,44.46285277605057,27.318944334983826
stim_88_flute.wav,50.00000238418579,60.0,45.80047309398651,28.859639167785645
stim_88_flute.wav,40.000000298023224,20.000000596046448,42.151555716991425,28.64708662033081
stim_88_flute.wav,35.00000059604645,49.999998807907104,40.648260712623596,28.891242742538452
stim_88_flute.wav,54.99999940395355,0.0,53.69224548339844,30.436155796051025
stim_88_flute.wav,35.00000059604645,20.000000596046448,43.95994395017624,29.2999005317688
stim_88_flute.wav,25.000001192092896,30.0,39.271893203258514,28.165006041526794
stim_88_flute.wav,60.00000178813934,30.0,42.43076831102371,27.452462911605835
stim_88_flute.wav,35.00000059604645,20.000000596046448,39.359263479709625,26.333681344985962
stim_88_flute.wav,10.000000074505806,49.999998807907104,29.954915642738342,29.720733761787415
stim_88_flute.wav,40.000000298023224,20.000000596046448,42.95870751142502,28.855140209197998
stim_88_flute.wav,40.000000298023224,20.000000596046448,42.069152891635895,26.165374517440796
stim_88_flute.wav,5.000000037252903,10.000000298023224,30.94050407409668,28.67970049381256
stim_88_flute.wav,70.0000011920929,40.000001192092896,45.575666427612305,30.02518057823181
stim_88_flute.wav,74.99999821186066,49.999998807907104,44.73765045404434,28.893980383872986
stim_88_flute.wav,15.000000447034836,20.000000596046448,34.3882155418396,31.06242299079895
stim_88_flute.wav,45.0,60.0,41.78118824958801,28.97779941558838
stim_88_flute.wav,5.000000037252903,49.999998807907104,33.70709270238876,30.71720838546753
stim_88_flute.wav,40.000000298023224,40.000001192092896,38.95747125148773,27.811036705970764
stim_88_flute.wav,64.9999988079071,10.000000298023224,42.59544521570206,30.53400993347168
stim_88_flute.wav,5.000000037252903,10.000000298023224,28.833800554275513,26.77884578704834
stim_88_flute.wav,40.000000298023224,10.000000298023224,43.78136247396469,28.345112800598145
stim_88_flute.wav,70.0000011920929,0.0,49.96976315975189,27.892820835113525
stim_88_flute.wav,50.00000238418579,60.0,44.180786311626434,27.381768822669983
stim_88_flute.wav,30.00000089406967,20.000000596046448,37.34115332365036,25.07598638534546
stim_88_flute.wav,40.000000298023224,49.999998807907104,45.62151610851288,28.68087351322174
stim_88_flute.wav,40.000000298023224,49.999998807907104,38.72322589159012,27.735153436660767
stim_88_flute.wav,30.00000089406967,0.0,39.01625990867615,27.515984773635864
stim_88_flute.wav,50.00000238418579,0.0,51.56633734703064,29.291110038757324
stim_88_flute.wav,80.00000059604645,49.999998807907104,51.80535972118378,26.89766228199005
stim_88_flute.wav,74.99999821186066,0.0,52.73334503173828,26.879342794418335
stim_88_flute.wav,45.0,10.000000298023224,46.35713875293732,29.92115557193756
stim_88_flute.wav,25.000001192092896,40.000001192092896,38.42744529247284,27.949708700180054
stim_88_flute.wav,5.000000037252903,20.000000596046448,38.55933487415314,31.390514373779297
stim_88_flute.wav,50.00000238418579,20.000000596046448,46.96451961994171,30.176639556884766
stim_88_flute.wav,60.00000178813934,49.999998807907104,45.791664719581604,30.125412940979004
stim_88_flute.wav,70.0000011920929,60.0,51.9711309671402,31.088823080062866
stim_88_flute.wav,40.000000298023224,40.000001192092896,40.05066990852356,27.58286476135254
stim_88_flute.wav,5.000000037252903,10.000000298023224,36.17120325565338,29.563209414482117
stim_88_flute.wav,64.9999988079071,30.0,46.88596308231354,30.06529927253723
stim_88_flute.wav,45.0,30.0,42.54298120737076,28.457395434379578
stim_88_flute.wav,10.000000074505806,49.999998807907104,32.69647389650345,28.941333889961243
stim_88_flute.wav,5.000000037252903,49.999998807907104,37.04819977283478,29.690346121788025
stim_88_flute.wav,60.00000178813934,49.999998807907104,44.31057572364807,29.09812331199646
stim_88_flute.wav,54.99999940395355,40.000001192092896,41.45420283079147,28.416829705238342
stim_88_flute.wav,35.00000059604645,49.999998807907104,40.07375031709671,28.5359787940979
stim_88_flute.wav,30.00000089406967,30.0,42.199765741825104,27.989312410354614
stim_88_flute.wav,45.0,60.0,38.45216453075409,22.568103075027466
stim_88_flute.wav,35.00000059604645,20.000000596046448,39.58898663520813,29.46920156478882
stim_88_flute.wav,10.000000074505806,20.000000596046448,29.130147099494934,31.960970163345337
stim_88_flute.wav,20.000000149011612,40.000001192092896,37.86284029483795,31.99810266494751
stim_88_flute.wav,80.00000059604645,20.000000596046448,53.71737241744995,24.657139778137207
stim_88_flute.wav,90.0,20.000000596046448,51.039347648620605,24.790322184562683
stim_88_flute.wav,74.99999821186066,60.0,56.18001580238342,26.943123936653137
stim_88_flute.wav,64.9999988079071,60.0,51.65843904018402,30.393855571746826
stim_88_flute.wav,90.0,20.000000596046448,45.442070960998535,26.34667932987213
stim_88_flute.wav,74.99999821186066,20.000000596046448,56.576752066612244,29.989916682243347
stim_88_flute.wav,74.99999821186066,30.0,59.334041476249695,32.32906222343445
stim_88_flute.wav,80.00000059604645,40.000001192092896,52.17714071273804,29.829286336898804
stim_88_flute.wav,60.00000178813934,60.0,49.879549741744995,30.560563802719116
stim_88_flute.wav,50.00000238418579,40.000001192092896,41.50739639997482,28.658441305160522
stim_88_flute.wav,35.00000059604645,20.000000596046448,37.17142313718796,26.443662643432617
stim_88_flute.wav,84.99999761581421,30.0,59.250608682632446,32.99678921699524
stim_88_flute.wav,25.000001192092896,20.000000596046448,36.990996301174164,27.641984224319458
stim_88_flute.wav,5.000000037252903,49.999998807907104,42.7767089009285,31.962028741836548
stim_88_flute.wav,15.000000447034836,20.000000596046448,34.844770431518555,28.03278923034668
stim_88_flute.wav,90.0,30.0,50.95038414001465,25.17830729484558
stim_88_flute.wav,84.99999761581421,10.000000298023224,56.88222885131836,30.378313064575195
stim_88_flute.wav,54.99999940395355,20.000000596046448,48.09293031692505,30.794026851654053
stim_88_flute.wav,15.000000447034836,60.0,34.574454724788666,30.964186191558838
stim_88_flute.wav,15.000000447034836,0.0,34.10961717367172,28.82552683353424
stim_88_flute.wav,40.000000298023224,40.000001192092896,42.49190926551819,27.01719045639038
stim_88_flute.wav,84.99999761581421,10.000000298023224,50.216917991638184,26.09100580215454
stim_88_flute.wav,60.00000178813934,10.000000298023224,44.49981361627579,30.18286943435669
stim_88_flute.wav,50.00000238418579,40.000001192092896,43.84801536798477,29.183095693588257
stim_88_flute.wav,35.00000059604645,40.000001192092896,41.86224192380905,28.115753531455994
stim_88_flute.wav,80.00000059604645,30.0,48.347922563552856,30.375105142593384
stim_88_flute.wav,84.99999761581421,60.0,59.25295829772949,31.065237522125244
stim_88_flute.wav,20.000000149011612,49.999998807907104,35.06028592586517,30.600396394729614
stim_78_flute.wav,30.00000089406967,10.000000298023224,50.82481384277344,27.983277440071106
stim_78_flute.wav,35.00000059604645,0.0,47.17855453491211,27.240904569625854
stim_78_flute.wav,35.00000059604645,10.000000298023224,45.62516391277313,28.38941752910614
stim_78_flute.wav,10.000000074505806,49.999998807907104,30.087958574295044,28.638668060302734
stim_78_flute.wav,84.99999761581421,60.0,58.718576431274414,28.90815496444702
stim_78_flute.wav,45.0,10.000000298023224,57.88592219352722,26.87800705432892
stim_78_flute.wav,10.000000074505806,30.0,30.15221893787384,28.38440179824829
stim_78_flute.wav,90.0,30.0,60.02900719642639,19.91870641708374
stim_78_flute.wav,84.99999761581421,30.0,54.79861378669739,30.570974349975586
stim_78_flute.wav,20.000000149011612,49.999998807907104,49.01621103286743,27.164016366004944
stim_78_flute.wav,64.9999988079071,60.0,59.270601868629456,27.756441235542297
stim_78_flute.wav,10.000000074505806,30.0,25.270974040031433,27.676799297332764
stim_78_flute.wav,5.000000037252903,0.0,27.78464376926422,26.28935694694519
stim_78_flute.wav,54.99999940395355,10.000000298023224,61.60257339477539,25.913302302360535
stim_78_flute.wav,64.9999988079071,40.000001192092896,54.56955313682556,30.792996883392334
stim_78_flute.wav,90.0,20.000000596046448,66.53289198875427,22.062955498695374
stim_78_flute.wav,84.99999761581421,20.000000596046448,54.30687367916107,26.328102350234985
stim_78_flute.wav,74.99999821186066,60.0,58.52893352508545,27.490772008895874
stim_78_flute.wav,84.99999761581421,49.999998807907104,52.44396150112152,30.630043745040894
stim_78_flute.wav,35.00000059604645,20.000000596046448,54.36359703540802,25.719035267829895
stim_78_flute.wav,40.000000298023224,10.000000298023224,42.76771008968353,26.7922443151474
stim_78_flute.wav,30.00000089406967,10.000000298023224,43.13616245985031,25.76336145401001
stim_78_flute.wav,35.00000059604645,60.0,43.37841957807541,29.626868963241577
stim_78_flute.wav,70.0000011920929,10.000000298023224,60.07494807243347,22.93952465057373
stim_78_flute.wav,5.000000037252903,49.999998807907104,41.13446742296219,30.69473147392273
stim_78_flute.wav,64.9999988079071,60.0,58.466867208480835,29.443207383155823
stim_78_flute.wav,20.000000149011612,49.999998807907104,41.106961369514465,26.306766271591187
stim_78_flute.wav,84.99999761581421,30.0,51.65799379348755,28.032996654510498
stim_78_flute.wav,84.99999761581421,49.999998807907104,62.890843749046326,30.664032697677612
stim_78_flute.wav,50.00000238418579,60.0,57.51021981239319,33.42623591423035
stim_78_flute.wav,0.0,40.000001192092896,24.89514023065567,28.698025345802307
stim_78_flute.wav,5.000000037252903,49.999998807907104,31.448240876197815,27.512437105178833
stim_78_flute.wav,30.00000089406967,49.999998807907104,45.88710844516754,27.37848401069641
stim_78_flute.wav,60.00000178813934,40.000001192092896,53.18303346633911,32.61599063873291
stim_78_flute.wav,30.00000089406967,60.0,35.97167909145355,33.38656425476074
stim_78_flute.wav,15.000000447034836,10.000000298023224,28.806753158569336,23.71389627456665
stim_78_flute.wav,45.0,10.000000298023224,59.89419937133789,30.831735134124756
stim_78_flute.wav,0.0,20.000000596046448,14.316357672214508,26.1797297000885
stim_78_flute.wav,5.000000037252903,40.000001192092896,23.330647945404053,28.28975558280945
stim_78_flute.wav,20.000000149011612,49.999998807907104,45.93704581260681,26.23381733894348
stim_78_flute.wav,54.99999940395355,20.000000596046448,52.07439601421356,27.4758517742157
stim_78_flute.wav,5.000000037252903,30.0,21.293928623199463,27.556663155555725
stim_78_flute.wav,74.99999821186066,60.0,66.2656581401825,29.06552016735077
stim_78_flute.wav,54.99999940395355,20.000000596046448,51.660863757133484,28.268938064575195
stim_78_flute.wav,5.000000037252903,10.000000298023224,23.515680134296417,25.319130420684814
stim_78_flute.wav,90.0,30.0,64.01348233222961,22.188162803649902
stim_78_flute.wav,20.000000149011612,20.000000596046448,36.69055938720703,23.53015959262848
stim_78_flute.wav,40.000000298023224,0.0,44.656081795692444,29.9261873960495
stim_78_flute.wav,50.00000238418579,49.999998807907104,58.78881812095642,36.57355785369873
stim_78_flute.wav,54.99999940395355,40.000001192092896,50.572198033332825,28.760898113250732
stim_78_flute.wav,84.99999761581421,40.000001192092896,55.46943962574005,30.73606252670288
stim_78_flute.wav,64.9999988079071,40.000001192092896,51.41654133796692,31.317962408065796
stim_78_flute.wav,50.00000238418579,40.000001192092896,46.97447061538696,28.818452954292297
stim_78_flute.wav,70.0000011920929,30.0,59.59984302520752,26.73009216785431
stim_78_flute.wav,35.00000059604645,60.0,42.843908965587616,26.69667363166809
stim_78_flute.wav,5.000000037252903,10.000000298023224,24.77952092885971,26.004751324653625
stim_78_flute.wav,54.99999940395355,10.000000298023224,57.235915660858154,27.786237001419067
stim_78_flute.wav,20.000000149011612,40.000001192092896,38.75877857208252,26.448640823364258
stim_78_flute.wav,54.99999940395355,10.000000298023224,58.34967076778412,24.5584237575531
stim_78_flute.wav,84.99999761581421,20.000000596046448,60.711050033569336,26.500255465507507
stim_78_flute.wav,0.0,30.0,17.81543880701065,31.704697608947754
stim_78_flute.wav,5.000000037252903,0.0,13.929502665996552,23.589906692504883
stim_78_flute.wav,60.00000178813934,40.000001192092896,48.2832008600235,32.51288652420044
stim_78_flute.wav,84.99999761581421,49.999998807907104,61.03635907173157,28.14509868621826
stim_78_flute.wav,80.00000059604645,60.0,55.92468023300171,22.274004220962524
stim_78_flute.wav,64.9999988079071,10.000000298023224,55.06519317626953,28.663347959518433
stim_78_flute.wav,40.000000298023224,60.0,46.89592480659485,29.182037115097046
stim_78_flute.wav,20.000000149011612,60.0,38.8589483499527,31.75666093826294
stim_78_flute.wav,25.000001192092896,20.000000596046448,49.84349012374878,25.10137975215912
stim_78_flute.wav,70.0000011920929,10.000000298023224,58.800448179244995,24.185087084770203
stim_78_flute.wav,35.00000059604645,49.999998807907104,38.067240715026855,22.707306146621704
stim_78_flute.wav,74.99999821186066,0.0,53.71459901332855,27.02778697013855
stim_78_flute.wav,20.000000149011612,20.000000596046448,34.55823540687561,21.77478790283203
stim_78_flute.wav,54.99999940395355,30.0,54.570196866989136,28.533629179000854
stim_78_flute.wav,84.99999761581421,49.999998807907104,60.0006240606308,29.729248881340027
stim_78_flute.wav,60.00000178813934,0.0,46.96853756904602,26.923019886016846
stim_78_flute.wav,10.000000074505806,49.999998807907104,34.81621295213699,30.174314975738525
stim_78_flute.wav,20.000000149011612,49.999998807907104,32.01347887516022,24.45804476737976
stim_78_flute.wav,30.00000089406967,10.000000298023224,39.20443296432495,26.62704885005951
stim_78_flute.wav,54.99999940395355,30.0,57.8058260679245,29.954912066459656
stim_78_flute.wav,5.000000037252903,0.0,19.92119014263153,26.21614158153534
stim_78_flute.wav,5.000000037252903,10.000000298023224,30.47586500644684,27.735503911972046
stim_78_flute.wav,0.0,30.0,11.879670023918152,28.330848813056946
stim_78_flute.wav,60.00000178813934,0.0,57.97186017036438,28.31438720226288
stim_78_flute.wav,74.99999821186066,49.999998807907104,52.63101875782013,33.00266146659851
stim_78_flute.wav,74.99999821186066,10.000000298023224,56.161497831344604,26.565411686897278
stim_78_flute.wav,70.0000011920929,49.999998807907104,45.93192279338837,29.016705751419067
stim_78_flute.wav,64.9999988079071,40.000001192092896,59.091864824295044,29.066823720932007
stim_78_flute.wav,45.0,49.999998807907104,52.23699152469635,28.343036770820618
stim_78_flute.wav,0.0,0.0,26.778254806995392,29.513293504714966
stim_78_flute.wav,10.000000074505806,30.0,41.29468113183975,29.349424839019775
stim_78_flute.wav,64.9999988079071,20.000000596046448,59.30820643901825,26.92270517349243
stim_78_flute.wav,10.000000074505806,40.000001192092896,44.66795325279236,30.5875825881958
stim_78_flute.wav,70.0000011920929,20.000000596046448,61.97307229042053,31.03799343109131
stim_78_flute.wav,84.99999761581421,20.000000596046448,64.51834380626678,28.187136054039
stim_78_flute.wav,70.0000011920929,20.000000596046448,53.646336793899536,23.654755353927612
stim_78_flute.wav,84.99999761581421,10.000000298023224,58.817415833473206,24.175198674201965
stim_78_flute.wav,25.000001192092896,0.0,51.391891837120056,25.742322206497192
stim_78_flute.wav,40.000000298023224,10.000000298023224,49.614869356155396,30.80974817276001
stim_78_flute.wav,64.9999988079071,20.000000596046448,57.085867524147034,30.57676076889038
stim_78_flute.wav,84.99999761581421,10.000000298023224,60.06801724433899,27.18236267566681
stim_78_flute.wav,74.99999821186066,0.0,53.71488332748413,24.66501474380493
stim_78_flute.wav,25.000001192092896,30.0,41.15308195352554,21.735413074493408
stim_78_flute.wav,64.9999988079071,40.000001192092896,45.925973653793335,29.025810956954956
stim_78_flute.wav,60.00000178813934,30.0,53.43932390213013,25.344162583351135
stim_78_flute.wav,30.00000089406967,20.000000596046448,41.465114057064056,30.5575954914093
stim_78_flute.wav,15.000000447034836,10.000000298023224,44.913581907749176,21.476662158966064
stim_78_flute.wav,25.000001192092896,30.0,49.97048735618591,21.333104968070984
stim_78_flute.wav,45.0,60.0,59.03002381324768,30.76785922050476
stim_78_flute.wav,60.00000178813934,60.0,55.13038158416748,28.26824963092804
stim_78_flute.wav,20.000000149011612,30.0,22.928059101104736,20.58648705482483
stim_78_flute.wav,64.9999988079071,49.999998807907104,55.96411943435669,28.84254813194275
stim_78_flute.wav,70.0000011920929,40.000001192092896,58.99835228919983,29.219196438789368
stim_78_flute.wav,20.000000149011612,60.0,43.191485702991486,26.367081999778748
stim_78_flute.wav,20.000000149011612,0.0,39.29329186677933,27.048681378364563
stim_78_flute.wav,45.0,10.000000298023224,54.20449376106262,31.368699073791504
stim_78_flute.wav,50.00000238418579,49.999998807907104,55.80527901649475,35.47066569328308
stim_78_flute.wav,60.00000178813934,40.000001192092896,49.991140365600586,28.776676654815674
stim_78_flute.wav,50.00000238418579,40.000001192092896,46.717751026153564,30.69373369216919
stim_78_flute.wav,0.0,30.0,33.11779797077179,32.19842791557312
stim_72_flute.wav,45.0,60.0,46.35611414909363,29.816694259643555
stim_72_flute.wav,64.9999988079071,20.000000596046448,53.45978379249573,27.365275025367737
stim_72_flute.wav,20.000000149011612,60.0,34.33559864759445,31.37783646583557
stim_72_flute.wav,50.00000238418579,20.000000596046448,43.63899081945419,27.04051673412323
stim_72_flute.wav,60.00000178813934,49.999998807907104,41.21225416660309,27.29308247566223
stim_72_flute.wav,20.000000149011612,49.999998807907104,37.628581523895264,29.122350811958313
stim_72_flute.wav,84.99999761581421,30.0,55.43767690658569,28.43318223953247
stim_72_flute.wav,84.99999761581421,60.0,64.47525143623352,28.20194721221924
stim_72_flute.wav,70.0000011920929,20.000000596046448,52.01823592185974,28.471789956092834
stim_72_flute.wav,60.00000178813934,40.000001192092896,50.01680910587311,29.44092035293579
stim_72_flute.wav,25.000001192092896,60.0,40.1759397983551,24.74596917629242
stim_72_flute.wav,25.000001192092896,20.000000596046448,42.85046696662903,27.385055422782898
stim_72_flute.wav,15.000000447034836,40.000001192092896,19.280332624912262,35.82901954650879
stim_72_flute.wav,90.0,30.0,52.60457754135132,27.777591347694397
stim_72_flute.wav,80.00000059604645,40.000001192092896,49.85346257686615,29.440149664878845
stim_72_flute.wav,45.0,49.999998807907104,44.76260304450989,28.39920401573181
stim_72_flute.wav,30.00000089406967,0.0,36.615275144577026,23.67688536643982
stim_72_flute.wav,84.99999761581421,20.000000596046448,58.963467478752136,31.973036527633667
stim_72_flute.wav,70.0000011920929,20.000000596046448,50.11217772960663,25.18012762069702
stim_72_flute.wav,15.000000447034836,20.000000596046448,37.16630548238754,29.99208390712738
stim_72_flute.wav,60.00000178813934,60.0,52.6949679851532,28.16707491874695
stim_72_flute.wav,35.00000059604645,0.0,49.977214336395264,25.56538224220276
stim_72_flute.wav,50.00000238418579,40.000001192092896,45.32204210758209,26.524413228034973
stim_72_flute.wav,0.0,30.0,11.783864200115204,28.469345569610596
stim_72_flute.wav,20.000000149011612,10.000000298023224,36.44889235496521,28.04556369781494
stim_72_flute.wav,35.00000059604645,0.0,49.07712399959564,24.534206986427307
stim_72_flute.wav,50.00000238418579,10.000000298023224,47.026832699775696,29.66973066329956
stim_72_flute.wav,25.000001192092896,0.0,42.67545819282532,25.510754585266113
stim_72_flute.wav,50.00000238418579,20.000000596046448,48.537200689315796,27.529733777046204
stim_72_flute.wav,64.9999988079071,49.999998807907104,44.217878580093384,30.801780223846436
stim_72_flute.wav,60.00000178813934,30.0,34.95932757854462,29.46226179599762
stim_72_flute.wav,35.00000059604645,60.0,43.62927854061127,26.474794149398804
stim_72_flute.wav,80.00000059604645,40.000001192092896,52.567461133003235,32.66473889350891
stim_72_flute.wav,70.0000011920929,10.000000298023224,50.955464243888855,32.61017918586731
stim_72_flute.wav,20.000000149011612,20.000000596046448,33.48474562168121,26.843061447143555
stim_72_flute.wav,50.00000238418579,40.000001192092896,40.89853495359421,27.395424842834473
stim_72_flute.wav,30.00000089406967,0.0,43.78609657287598,29.86392617225647
stim_72_flute.wav,30.00000089406967,10.000000298023224,30.402528047561646,26.937872171401978
stim_72_flute.wav,25.000001192092896,10.000000298023224,38.493821918964386,28.439769744873047
stim_72_flute.wav,54.99999940395355,20.000000596046448,45.28741478919983,27.863321900367737
stim_72_flute.wav,35.00000059604645,60.0,39.43161070346832,25.545353293418884
stim_72_flute.wav,10.000000074505806,10.000000298023224,24.646512866020203,34.93395924568176
stim_72_flute.wav,20.000000149011612,60.0,43.393592834472656,32.53797769546509
stim_72_flute.wav,45.0,20.000000596046448,40.97487062215805,29.00265097618103
stim_72_flute.wav,10.000000074505806,0.0,19.748627543449402,37.83479332923889
stim_72_flute.wav,60.00000178813934,49.999998807907104,38.619456589221954,29.218674302101135
stim_72_flute.wav,35.00000059604645,30.0,43.34271401166916,26.69860303401947
stim_72_flute.wav,20.000000149011612,10.000000298023224,36.43325239419937,27.86251187324524
stim_72_flute.wav,15.000000447034836,10.000000298023224,28.13476324081421,29.65436339378357
stim_72_flute.wav,30.00000089406967,60.0,47.564663887023926,28.23313057422638
stim_72_flute.wav,40.000000298023224,0.0,42.61605530977249,26.849899291992188
stim_72_flute.wav,40.000000298023224,20.000000596046448,43.2387837767601,28.622134923934937
stim_72_flute.wav,20.000000149011612,10.000000298023224,39.69501435756683,28.040982484817505
stim_72_flute.wav,15.000000447034836,40.000001192092896,16.02022022008896,38.57159972190857
stim_72_flute.wav,54.99999940395355,20.000000596046448,45.16795992851257,30.43724298477173
stim_72_flute.wav,5.000000037252903,0.0,26.636304259300232,26.107324361801147
stim_72_flute.wav,84.99999761581421,0.0,64.17410373687744,17.444486618041992
stim_72_flute.wav,50.00000238418579,0.0,46.9200325012207,24.160242676734924
stim_72_flute.wav,5.000000037252903,30.0,25.301653146743774,26.86224102973938
stim_72_flute.wav,90.0,0.0,57.80264496803284,27.196685671806335
stim_72_flute.wav,90.0,30.0,55.34869194030762,24.4417941570282
stim_72_flute.wav,50.00000238418579,49.999998807907104,42.61402755975723,29.344829320907593
stim_72_flute.wav,45.0,60.0,49.51237678527832,29.63122308254242
stim_72_flute.wav,54.99999940395355,10.000000298023224,51.42267823219299,29.013694524765015
stim_72_flute.wav,70.0000011920929,0.0,50.197643637657166,30.22638201713562
stim_72_flute.wav,84.99999761581421,20.000000596046448,55.13305842876434,30.682010650634766
stim_72_flute.wav,74.99999821186066,49.999998807907104,50.33689856529236,33.02429795265198
stim_72_flute.wav,15.000000447034836,20.000000596046448,34.447755217552185,26.757085919380188
stim_72_flute.wav,5.000000037252903,60.0,24.40986156463623,38.5948920249939
stim_72_flute.wav,10.000000074505806,10.000000298023224,16.619060933589935,35.3904390335083
stim_72_flute.wav,40.000000298023224,49.999998807907104,53.23109328746796,26.559773683547974
stim_72_flute.wav,50.00000238418579,0.0,53.62825334072113,26.67277693748474
stim_72_flute.wav,5.000000037252903,40.000001192092896,19.974933564662933,28.22202444076538
stim_72_flute.wav,20.000000149011612,49.999998807907104,27.357013821601868,29.679783582687378
stim_72_flute.wav,84.99999761581421,20.000000596046448,42.81776279211044,27.670018672943115
stim_72_flute.wav,80.00000059604645,60.0,49.31862473487854,32.211352586746216
stim_72_flute.wav,45.0,49.999998807907104,47.571428418159485,30.14827251434326
stim_72_flute.wav,30.00000089406967,49.999998807907104,34.08441245555878,29.66167688369751
stim_72_flute.wav,30.00000089406967,30.0,34.80934113264084,29.683098793029785
stim_72_flute.wav,74.99999821186066,30.0,56.76791846752167,32.036672830581665
stim_72_flute.wav,40.000000298023224,30.0,46.50368392467499,26.245747804641724
stim_72_flute.wav,60.00000178813934,49.999998807907104,57.03875184059143,27.63230323791504
stim_72_flute.wav,54.99999940395355,20.000000596046448,49.02096390724182,26.493785977363586
stim_72_flute.wav,54.99999940395355,60.0,49.26594078540802,28.60262632369995
stim_72_flute.wav,50.00000238418579,10.000000298023224,41.10931634902954,27.283582091331482
stim_72_flute.wav,45.0,20.000000596046448,49.87887918949127,30.729843378067017
stim_72_flute.wav,35.00000059604645,20.000000596046448,32.5216743350029,29.535393118858337
stim_72_flute.wav,64.9999988079071,20.000000596046448,55.245346426963806,29.56602931022644
stim_72_flute.wav,45.0,30.0,34.77648675441742,29.958726167678833
stim_72_flute.wav,60.00000178813934,30.0,42.58281737565994,32.347201108932495
stim_72_flute.wav,64.9999988079071,10.000000298023224,57.201465368270874,30.778076648712158
stim_72_flute.wav,70.0000011920929,40.000001192092896,58.17590653896332,28.6037814617157
stim_72_flute.wav,74.99999821186066,40.000001192092896,47.95978546142578,30.50549626350403
stim_72_flute.wav,10.000000074505806,10.000000298023224,19.461800158023834,36.82087182998657
stim_72_flute.wav,0.0,49.999998807907104,32.759106159210205,31.840245723724365
stim_72_flute.wav,25.000001192092896,60.0,46.06574356555939,27.703877091407776
stim_72_flute.wav,20.000000149011612,60.0,31.820005774497986,26.0226970911026
stim_72_flute.wav,60.00000178813934,20.000000596046448,52.6833701133728,29.92487132549286
stim_72_flute.wav,70.0000011920929,40.000001192092896,46.77231788635254,28.32962930202484
stim_72_flute.wav,40.000000298023224,20.000000596046448,42.979668974876404,27.94387400150299
stim_72_flute.wav,20.000000149011612,60.0,42.50391215085983,26.698962450027466
stim_72_flute.wav,60.00000178813934,20.000000596046448,56.80789411067963,30.843404531478882
stim_72_flute.wav,80.00000059604645,60.0,59.46004092693329,30.838730335235596
stim_72_flute.wav,45.0,30.0,48.29807639122009,28.645681142807007
stim_72_flute.wav,80.00000059604645,0.0,55.77587127685547,23.91688585281372
stim_72_flute.wav,54.99999940395355,30.0,46.657572984695435,29.49763298034668
stim_72_flute.wav,40.000000298023224,10.000000298023224,38.13615471124649,23.988311290740967
stim_72_flute.wav,60.00000178813934,10.000000298023224,49.55051779747009,27.648033499717712
stim_72_flute.wav,64.9999988079071,40.000001192092896,55.343241691589355,28.132388591766357
stim_72_flute.wav,54.99999940395355,60.0,49.346487522125244,29.24862563610077
stim_72_flute.wav,5.000000037252903,20.000000596046448,29.554842710494995,28.822962641716003
stim_72_flute.wav,10.000000074505806,10.000000298023224,24.165056347846985,33.98217558860779
stim_72_flute.wav,70.0000011920929,10.000000298023224,57.10521697998047,29.278918504714966
stim_72_flute.wav,64.9999988079071,49.999998807907104,55.21076202392578,30.960323810577393
stim_94_flute.wav,54.99999940395355,0.0,50.079524517059326,28.964191675186157
stim_94_flute.wav,45.0,20.000000596046448,43.57731074094772,28.760908842086792
stim_94_flute.wav,5.000000037252903,60.0,27.67945021390915,36.397937536239624
stim_94_flute.wav,0.0,10.000000298023224,39.07591760158539,28.81675958633423
stim_94_flute.wav,80.00000059604645,20.000000596046448,40.154632329940796,27.966622710227966
stim_94_flute.wav,0.0,40.000001192092896,34.677454233169556,29.593411087989807
stim_94_flute.wav,15.000000447034836,10.000000298023224,41.534205079078674,23.363875150680542
stim_94_flute.wav,74.99999821186066,10.000000298023224,38.32617849111557,27.06222653388977
stim_94_flute.wav,54.99999940395355,30.0,45.52981674671173,29.63391423225403
stim_94_flute.wav,15.000000447034836,40.000001192092896,38.920429944992065,28.568764328956604
stim_94_flute.wav,50.00000238418579,30.0,41.797241270542145,28.343490958213806
stim_94_flute.wav,80.00000059604645,60.0,60.28729319572449,30.295214653015137
stim_94_flute.wav,64.9999988079071,49.999998807907104,49.123011231422424,31.136083602905273
stim_94_flute.wav,64.9999988079071,60.0,58.819942474365234,33.15693140029907
stim_94_flute.wav,70.0000011920929,40.000001192092896,46.365142464637756,28.915826082229614
stim_94_flute.wav,54.99999940395355,20.000000596046448,47.82745063304901,28.194167017936707
stim_94_flute.wav,40.000000298023224,20.000000596046448,48.12989115715027,31.444673538208008
stim_94_flute.wav,30.00000089406967,10.000000298023224,46.68063998222351,28.197171092033386
stim_94_flute.wav,0.0,10.000000298023224,46.66885435581207,30.795249938964844
stim_94_flute.wav,35.00000059604645,0.0,44.07280594110489,28.96118938922882
stim_94_flute.wav,54.99999940395355,40.000001192092896,50.74914336204529,30.833734273910522
stim_94_flute.wav,60.00000178813934,10.000000298023224,41.00829631090164,28.429348468780518
stim_94_flute.wav,84.99999761581421,30.0,49.62331831455231,29.650127291679382
stim_94_flute.wav,35.00000059604645,20.000000596046448,34.52004075050354,32.6214337348938
stim_94_flute.wav,15.000000447034836,30.0,36.50361210107803,28.6277836561203
stim_94_flute.wav,84.99999761581421,30.0,51.32682681083679,30.977468490600586
stim_94_flute.wav,45.0,20.000000596046448,43.47269922494888,25.390509366989136
stim_94_flute.wav,45.0,60.0,55.36127150058746,30.977944135665894
stim_94_flute.wav,20.000000149011612,0.0,32.6117080450058,20.717355608940125
stim_94_flute.wav,25.000001192092896,40.000001192092896,33.34097117185593,21.763848066329956
stim_94_flute.wav,60.00000178813934,60.0,48.84355187416077,28.225765228271484
stim_94_flute.wav,35.00000059604645,20.000000596046448,42.87815272808075,28.112075328826904
stim_94_flute.wav,0.0,60.0,34.980849623680115,28.35923731327057
stim_94_flute.wav,45.0,20.000000596046448,50.64348042011261,31.767404079437256
stim_94_flute.wav,35.00000059604645,49.999998807907104,37.6234370470047,31.974098682403564
stim_94_flute.wav,84.99999761581421,60.0,48.92131984233856,27.06205129623413
stim_94_flute.wav,45.0,20.000000596046448,47.1094286441803,30.26503086090088
stim_94_flute.wav,25.000001192092896,0.0,44.34413015842438,27.010681629180908
stim_94_flute.wav,25.000001192092896,0.0,41.99967563152313,27.838618755340576
stim_94_flute.wav,70.0000011920929,40.000001192092896,42.08632707595825,28.16443383693695
stim_94_flute.wav,20.000000149011612,10.000000298023224,40.21129667758942,28.09225022792816
stim_94_flute.wav,20.000000149011612,40.000001192092896,36.83570444583893,24.392842054367065
stim_94_flute.wav,0.0,20.000000596046448,42.24286079406738,29.166929125785828
stim_94_flute.wav,54.99999940395355,60.0,48.80884408950806,32.155959606170654
stim_94_flute.wav,50.00000238418579,60.0,45.17694532871246,27.88307011127472
stim_94_flute.wav,45.0,60.0,46.84272587299347,30.671324729919434
stim_94_flute.wav,35.00000059604645,49.999998807907104,42.00082629919052,28.370177149772644
stim_94_flute.wav,40.000000298023224,10.000000298023224,42.53756582736969,28.626789450645447
stim_94_flute.wav,70.0000011920929,20.000000596046448,54.1378515958786,26.365621089935303
stim_94_flute.wav,35.00000059604645,40.000001192092896,41.5059158205986,27.820816040039062
stim_94_flute.wav,25.000001192092896,49.999998807907104,44.071295857429504,26.43656015396118
stim_94_flute.wav,10.000000074505806,0.0,33.643993735313416,28.77558946609497
stim_94_flute.wav,64.9999988079071,30.0,49.19753909111023,28.221729397773743
stim_94_flute.wav,15.000000447034836,20.000000596046448,36.07506215572357,26.130030155181885
stim_94_flute.wav,15.000000447034836,10.000000298023224,41.268416941165924,27.93940544128418
stim_94_flute.wav,30.00000089406967,60.0,42.08859086036682,28.455591201782227
stim_94_flute.wav,84.99999761581421,0.0,51.543259620666504,25.017301440238953
stim_94_flute.wav,0.0,60.0,20.816456526517868,27.568652629852295
stim_94_flute.wav,70.0000011920929,40.000001192092896,50.82001805305481,29.45929527282715
stim_94_flute.wav,10.000000074505806,40.000001192092896,36.58467382192612,29.18589949607849
stim_94_flute.wav,64.9999988079071,30.0,56.892088651657104,30.702295303344727
stim_94_flute.wav,60.00000178813934,20.000000596046448,47.589898109436035,28.844400644302368
stim_94_flute.wav,20.000000149011612,49.999998807907104,40.442760586738586,28.10741901397705
stim_94_flute.wav,10.000000074505806,40.000001192092896,38.67657423019409,29.737284779548645
stim_94_flute.wav,10.000000074505806,40.000001192092896,35.77072262763977,29.621331095695496
stim_94_flute.wav,50.00000238418579,10.000000298023224,42.745825946331024,26.673667430877686
stim_94_flute.wav,35.00000059604645,10.000000298023224,42.45091438293457,28.748334646224976
stim_94_flute.wav,35.00000059604645,30.0,41.274918615818024,28.342430591583252
stim_94_flute.wav,30.00000089406967,49.999998807907104,41.94135636091232,28.16739857196808
stim_94_flute.wav,20.000000149011612,60.0,35.46503126621246,24.99651789665222
stim_94_flute.wav,35.00000059604645,40.000001192092896,44.01081204414368,27.777594923973083
stim_94_flute.wav,45.0,10.000000298023224,54.62984919548035,31.77167057991028
stim_94_flute.wav,74.99999821186066,49.999998807907104,54.084336161613464,30.040040016174316
stim_94_flute.wav,84.99999761581421,10.000000298023224,54.77714002132416,30.605231523513794
stim_94_flute.wav,60.00000178813934,0.0,48.11510682106018,29.64465022087097
stim_94_flute.wav,60.00000178813934,10.000000298023224,49.42253351211548,28.328408002853394
stim_94_flute.wav,35.00000059604645,30.0,47.02057242393494,28.613237142562866
stim_94_flute.wav,60.00000178813934,49.999998807907104,46.61622405052185,30.224626064300537
stim_94_flute.wav,90.0,30.0,46.15899324417114,26.62599205970764
stim_94_flute.wav,64.9999988079071,30.0,51.12337589263916,28.87562870979309
stim_94_flute.wav,50.00000238418579,30.0,45.44293463230133,30.77351689338684
stim_94_flute.wav,70.0000011920929,20.000000596046448,59.84230399131775,32.83023118972778
stim_94_flute.wav,70.0000011920929,60.0,58.36029767990112,33.642868995666504
stim_94_flute.wav,20.000000149011612,60.0,43.14985781908035,29.56425368785858
stim_94_flute.wav,50.00000238418579,10.000000298023224,46.939226388931274,27.29686975479126
stim_94_flute.wav,84.99999761581421,20.000000596046448,55.34095644950867,30.864644050598145
stim_94_flute.wav,5.000000037252903,10.000000298023224,33.16730618476868,29.53075110912323
stim_94_flute.wav,30.00000089406967,49.999998807907104,42.224479615688324,28.140247464179993
stim_94_flute.wav,35.00000059604645,49.999998807907104,39.2218753695488,28.840182423591614
stim_94_flute.wav,80.00000059604645,30.0,63.20154011249542,36.077842712402344
stim_94_flute.wav,84.99999761581421,30.0,57.62573719024658,31.68405532836914
stim_94_flute.wav,50.00000238418579,10.000000298023224,50.07222890853882,26.838172674179077
stim_94_flute.wav,50.00000238418579,30.0,42.293653786182404,28.905109763145447
stim_94_flute.wav,20.000000149011612,0.0,42.54413187503815,27.798489332199097
stim_94_flute.wav,80.00000059604645,40.000001192092896,47.78012573719025,29.24193799495697
stim_94_flute.wav,15.000000447034836,10.000000298023224,38.79730850458145,27.19977557659149
stim_94_flute.wav,15.000000447034836,10.000000298023224,36.82687729597092,27.650556564331055
stim_94_flute.wav,84.99999761581421,40.000001192092896,47.91412353515625,26.690813899040222
stim_94_flute.wav,25.000001192092896,40.000001192092896,40.99904537200928,20.709199905395508
stim_94_flute.wav,54.99999940395355,40.000001192092896,42.424601912498474,28.5580712556839
stim_94_flute.wav,40.000000298023224,0.0,47.898019552230835,28.726864457130432
stim_94_flute.wav,45.0,0.0,49.55083966255188,27.300978899002075
stim_94_flute.wav,74.99999821186066,0.0,44.753330647945404,27.46408224105835
stim_94_flute.wav,70.0000011920929,10.000000298023224,45.113763213157654,25.302447080612183
stim_94_flute.wav,64.9999988079071,40.000001192092896,53.28913629055023,29.359343647956848
stim_94_flute.wav,90.0,40.000001192092896,48.6005973815918,28.373161554336548
stim_94_flute.wav,54.99999940395355,20.000000596046448,47.51464068889618,30.510141849517822
stim_94_flute.wav,20.000000149011612,49.999998807907104,30.54365247488022,25.024496912956238
stim_94_flute.wav,74.99999821186066,0.0,45.57696461677551,27.016995549201965
stim_94_flute.wav,10.000000074505806,40.000001192092896,30.873513221740723,31.897956132888794
stim_94_flute.wav,60.00000178813934,30.0,51.57797813415527,29.286527037620544
stim_94_flute.wav,54.99999940395355,49.999998807907104,43.84697198867798,28.414084911346436
stim_94_flute.wav,74.99999821186066,30.0,59.268633127212524,35.0479781627655
stim_94_flute.wav,70.0000011920929,30.0,56.15554869174957,28.98216426372528
stim_94_flute.wav,25.000001192092896,49.999998807907104,39.83319103717804,27.6922345161438
stim_94_flute.wav,15.000000447034836,20.000000596046448,36.18531972169876,26.738909482955933
stim_94_flute.wav,40.000000298023224,60.0,46.10407769680023,31.38350486755371
stim_94_flute.wav,80.00000059604645,0.0,52.85201668739319,31.092989444732666
stim_94_flute.wav,50.00000238418579,40.000001192092896,43.78272235393524,27.50676691532135
stim_94_flute.wav,30.00000089406967,60.0,47.682509422302246,27.40952968597412
stim_94_flute.wav,25.000001192092896,0.0,41.218557357788086,26.080757975578308
stim_94_flute.wav,10.000000074505806,10.000000298023224,26.03858470916748,29.753708839416504
stim_94_flute.wav,84.99999761581421,20.000000596046448,57.37664043903351,33.236857652664185
stim_94_flute.wav,50.00000238418579,40.000001192092896,44.19893950223923,27.687823176383972
stim_94_flute.wav,20.000000149011612,60.0,43.12326639890671,30.319894552230835
stim_94_flute.wav,50.00000238418579,0.0,57.39124774932861,31.697680950164795
stim_94_flute.wav,54.99999940395355,49.999998807907104,43.2528680562973,28.86576533317566
stim_94_flute.wav,64.9999988079071,0.0,59.3458217382431,30.87029457092285
stim_94_flute.wav,30.00000089406967,0.0,44.07048583030701,27.286940217018127
stim_94_flute.wav,5.000000037252903,0.0,40.231952369213104,29.450479745864868
stim_108_flute.wav,40.000000298023224,40.000001192092896,44.25044059753418,22.51638114452362
stim_108_flute.wav,74.99999821186066,10.000000298023224,53.880338072776794,33.949867486953735
stim_108_flute.wav,80.00000059604645,0.0,48.96851599216461,20.829309225082397
stim_108_flute.wav,50.00000238418579,20.000000596046448,52.29163348674774,29.83603835105896
stim_108_flute.wav,20.000000149011612,40.000001192092896,34.501436948776245,23.588286638259888
stim_108_flute.wav,84.99999761581421,10.000000298023224,57.41750121116638,29.35431718826294
stim_108_flute.wav,74.99999821186066,30.0,54.13685381412506,29.193309545516968
stim_108_flute.wav,64.9999988079071,0.0,52.45144486427307,20.962547063827515
stim_108_flute.wav,20.000000149011612,10.000000298023224,39.111215472221375,25.89896321296692
stim_108_flute.wav,54.99999940395355,0.0,55.21880865097046,26.416293382644653
stim_108_flute.wav,25.000001192092896,60.0,37.75964230298996,31.54451608657837
stim_108_flute.wav,40.000000298023224,40.000001192092896,42.44780570268631,18.11224400997162
stim_108_flute.wav,84.99999761581421,20.000000596046448,57.21832573413849,35.0158953666687
stim_108_flute.wav,54.99999940395355,60.0,55.173962116241455,24.096479415893555
stim_108_flute.wav,20.000000149011612,49.999998807907104,35.35127878189087,28.356251120567322
stim_108_flute.wav,35.00000059604645,60.0,45.40266394615173,36.848613023757935
stim_108_flute.wav,50.00000238418579,30.0,49.57556962966919,32.60629892349243
stim_108_flute.wav,64.9999988079071,60.0,51.56154155731201,29.436897039413452
stim_108_flute.wav,84.99999761581421,10.000000298023224,56.77326679229736,27.221294045448303
stim_108_flute.wav,70.0000011920929,40.000001192092896,56.32616400718689,25.228546857833862
stim_108_flute.wav,5.000000037252903,30.0,26.478740572929382,13.260238766670227
stim_108_flute.wav,45.0,49.999998807907104,49.24804508686066,33.231693506240845
stim_108_flute.wav,25.000001192092896,49.999998807907104,34.00097966194153,31.652798652648926
stim_108_flute.wav,25.000001192092896,60.0,43.218195140361786,19.706718921661377
stim_108_flute.wav,20.000000149011612,30.0,38.141250908374786,27.273454070091248
stim_108_flute.wav,0.0,60.0,17.66877293586731,29.121079444885254
stim_108_flute.wav,80.00000059604645,40.000001192092896,56.50697708129883,28.130791783332825
stim_108_flute.wav,25.000001192092896,20.000000596046448,38.14869403839111,27.481452226638794
stim_108_flute.wav,5.000000037252903,20.000000596046448,23.31708937883377,17.652536630630493
stim_108_flute.wav,74.99999821186066,30.0,45.299972891807556,25.09557008743286
stim_108_flute.wav,90.0,49.999998807907104,57.2928911447525,33.02463412284851
stim_108_flute.wav,84.99999761581421,0.0,68.03443551063538,17.04613745212555
stim_108_flute.wav,70.0000011920929,40.000001192092896,58.126038908958435,29.79715347290039
stim_108_flute.wav,60.00000178813934,0.0,49.68674182891846,28.46679925918579
stim_108_flute.wav,5.000000037252903,10.000000298023224,32.73808300495148,23.221503496170044
stim_108_flute.wav,25.000001192092896,20.000000596046448,38.88809859752655,26.495758295059204
stim_108_flute.wav,80.00000059604645,10.000000298023224,52.21755087375641,25.595735907554626
stim_108_flute.wav,25.000001192092896,60.0,40.980902910232544,29.04517650604248
stim_108_flute.wav,35.00000059604645,20.000000596046448,43.24085175991058,21.337015628814697
stim_108_flute.wav,45.0,10.000000298023224,52.68041431903839,28.437811732292175
stim_108_flute.wav,80.00000059604645,49.999998807907104,38.74127447605133,23.50522756576538
stim_108_flute.wav,74.99999821186066,60.0,48.579407930374146,31.749451160430908
stim_108_flute.wav,54.99999940395355,40.000001192092896,47.67788529396057,31.82774305343628
stim_108_flute.wav,15.000000447034836,20.000000596046448,31.405829787254333,21.392202973365784
stim_108_flute.wav,40.000000298023224,40.000001192092896,44.63288336992264,25.542613863945007
stim_108_flute.wav,0.0,60.0,19.130818247795105,28.89611005783081
stim_108_flute.wav,50.00000238418579,10.000000298023224,53.86192202568054,25.161182284355164
stim_108_flute.wav,54.99999940395355,10.000000298023224,52.90335953235626,23.966183066368103
stim_108_flute.wav,35.00000059604645,60.0,43.50713074207306,26.146230697631836
stim_108_flute.wav,5.000000037252903,49.999998807907104,21.640783846378326,37.14871644973755
stim_108_flute.wav,30.00000089406967,30.0,44.42891210317612,20.51425337791443
stim_108_flute.wav,20.000000149011612,60.0,33.7282258272171,33.48274827003479
stim_108_flute.wav,5.000000037252903,0.0,29.191993474960327,20.63031792640686
stim_108_flute.wav,0.0,20.000000596046448,17.385641634464264,30.81863522529602
stim_108_flute.wav,35.00000059604645,0.0,42.28643596172333,22.440935969352722
stim_108_flute.wav,10.000000074505806,20.000000596046448,32.492199540138245,27.98288583755493
stim_108_flute.wav,50.00000238418579,40.000001192092896,44.50768858194351,26.189576983451843
stim_108_flute.wav,54.99999940395355,30.0,54.355019330978394,32.3974335193634
stim_108_flute.wav,0.0,20.000000596046448,14.559355080127716,27.593271732330322
stim_108_flute.wav,15.000000447034836,49.999998807907104,30.613242387771606,30.006126165390015
stim_108_flute.wav,45.0,0.0,53.71596693992615,29.393128752708435
stim_108_flute.wav,45.0,30.0,47.232332825660706,33.33168983459473
stim_108_flute.wav,0.0,20.000000596046448,19.894840121269226,28.478134274482727
stim_108_flute.wav,35.00000059604645,10.000000298023224,34.36724066734314,23.86313796043396
stim_108_flute.wav,30.00000089406967,30.0,38.80430907011032,29.699386954307556
stim_108_flute.wav,74.99999821186066,49.999998807907104,57.556997537612915,35.121681690216064
stim_108_flute.wav,20.000000149011612,40.000001192092896,31.65663778781891,23.75833511352539
stim_108_flute.wav,5.000000037252903,49.999998807907104,23.92947793006897,25.858336687088013
stim_108_flute.wav,20.000000149011612,0.0,36.30483627319336,24.998522400856018
stim_108_flute.wav,10.000000074505806,10.000000298023224,31.610557436943054,32.41066932678223
stim_108_flute.wav,54.99999940395355,49.999998807907104,42.49429911375046,25.17165720462799
stim_108_flute.wav,70.0000011920929,20.000000596046448,47.32918202877045,28.187499046325684
stim_108_flute.wav,10.000000074505806,49.999998807907104,27.90155589580536,37.00747489929199
stim_108_flute.wav,10.000000074505806,10.000000298023224,30.55183857679367,33.98911714553833
stim_108_flute.wav,45.0,20.000000596046448,55.6543242931366,38.312437534332275
stim_108_flute.wav,10.000000074505806,0.0,37.00882762670517,31.444823741912842
stim_108_flute.wav,25.000001192092896,49.999998807907104,34.591355323791504,29.345186948776245
stim_108_flute.wav,84.99999761581421,60.0,49.73887324333191,33.90359044075012
stim_108_flute.wav,54.99999940395355,30.0,58.430662751197815,39.555290937423706
stim_108_flute.wav,25.000001192092896,20.000000596046448,39.90330398082733,26.09988570213318
stim_108_flute.wav,35.00000059604645,0.0,41.971646547317505,26.467671990394592
stim_108_flute.wav,35.00000059604645,49.999998807907104,42.671389281749725,25.293079018592834
stim_108_flute.wav,64.9999988079071,20.000000596046448,49.29222106933594,28.52188289165497
stim_108_flute.wav,70.0000011920929,49.999998807907104,56.53707683086395,30.676281452178955
stim_108_flute.wav,50.00000238418579,30.0,45.21976947784424,27.24105656147003
stim_108_flute.wav,74.99999821186066,30.0,42.256886065006256,24.638925790786743
stim_108_flute.wav,64.9999988079071,40.000001192092896,57.73307919502258,30.935325622558594
stim_108_flute.wav,45.0,10.000000298023224,58.90102028846741,36.55542612075806
stim_108_flute.wav,74.99999821186066,0.0,45.79398214817047,24.86593008041382
stim_108_flute.wav,70.0000011920929,60.0,49.83442425727844,16.58148765563965
stim_108_flute.wav,15.000000447034836,40.000001192092896,30.706379413604736,37.81586408615112
stim_108_flute.wav,5.000000037252903,10.000000298023224,20.475087761878967,15.58644711971283
stim_108_flute.wav,15.000000447034836,10.000000298023224,35.830273032188416,26.1960107088089
stim_108_flute.wav,15.000000447034836,30.0,36.678988337516785,29.985364079475403
stim_108_flute.wav,30.00000089406967,0.0,47.95439422130585,27.734016180038452
stim_108_flute.wav,80.00000059604645,30.0,44.18571352958679,26.76586389541626
stim_108_flute.wav,80.00000059604645,10.000000298023224,58.78353953361511,27.19346523284912
stim_108_flute.wav,84.99999761581421,30.0,54.4453239440918,30.9614360332489
stim_108_flute.wav,10.000000074505806,49.999998807907104,29.464610517024994,36.54399633407593
stim_108_flute.wav,5.000000037252903,30.0,23.81099671125412,13.889436721801758
stim_108_flute.wav,0.0,30.0,14.014748632907867,27.777591347694397
stim_108_flute.wav,50.00000238418579,60.0,52.095537185668945,32.85623788833618
stim_108_flute.wav,20.000000149011612,20.000000596046448,34.760723412036896,28.28440010547638
stim_108_flute.wav,15.000000447034836,10.000000298023224,32.47761368751526,23.13428521156311
stim_108_flute.wav,0.0,30.0,16.785446405410767,28.59395205974579
stim_108_flute.wav,40.000000298023224,40.000001192092896,44.450844526290894,21.014097332954407
stim_108_flute.wav,15.000000447034836,10.000000298023224,32.25194871425629,21.791646480560303
stim_108_flute.wav,45.0,49.999998807907104,47.08460748195648,33.30806493759155
stim_108_flute.wav,74.99999821186066,0.0,52.67417550086975,22.318267822265625
stim_108_flute.wav,84.99999761581421,10.000000298023224,56.200454235076904,26.56976580619812
stim_108_flute.wav,30.00000089406967,30.0,38.17780137062073,30.43520450592041
stim_108_flute.wav,25.000001192092896,10.000000298023224,45.030813217163086,24.387105703353882
stim_108_flute.wav,70.0000011920929,49.999998807907104,53.30192506313324,28.327925205230713
stim_108_flute.wav,40.000000298023224,60.0,46.534432768821716,35.34146189689636
stim_108_flute.wav,80.00000059604645,40.000001192092896,58.46627712249756,30.48449993133545
stim_108_flute.wav,84.99999761581421,30.0,56.47026300430298,26.403306126594543
stim_108_flute.wav,70.0000011920929,49.999998807907104,52.877583503723145,33.33792328834534
stim_108_flute.wav,15.000000447034836,60.0,31.1534982919693,41.10404133796692
stim_108_flute.wav,30.00000089406967,49.999998807907104,40.69569289684296,28.14505398273468
stim_108_flute.wav,15.000000447034836,10.000000298023224,29.300577342510223,23.137394785881042
stim_108_flute.wav,45.0,60.0,52.36951410770416,33.87170433998108
stim_108_flute.wav,80.00000059604645,20.000000596046448,57.22753643989563,32.19325304031372
stim_108_flute.wav,25.000001192092896,49.999998807907104,45.31812071800232,29.455790519714355
stim_108_flute.wav,40.000000298023224,0.0,31.343318223953247,25.34156084060669
stim_108_flute.wav,40.000000298023224,60.0,46.873050928115845,39.79260563850403
stim_108_flute.wav,80.00000059604645,60.0,49.09443497657776,29.369477033615112
stim_108_flute.wav,0.0,30.0,19.761346578598022,28.288893699645996
stim_108_flute.wav,10.000000074505806,40.000001192092896,30.412248373031616,32.30545520782471
stim_108_flute.wav,70.0000011920929,10.000000298023224,39.508193135261536,24.85582709312439
stim_108_flute.wav,70.0000011920929,10.000000298023224,59.29601848125458,20.497809648513794
stim_108_flute.wav,60.00000178813934,60.0,57.9688024520874,25.89589834213257
stim_108_flute.wav,30.00000089406967,0.0,47.216835021972656,25.055986046791077
stim_108_flute.wav,60.00000178813934,60.0,50.06866157054901,24.762555956840515
stim_99_flute.wav,0.0,40.000001192092896,25.59065043926239,39.1856575012207
stim_99_flute.wav,35.00000059604645,60.0,42.0232093334198,28.675673604011536
stim_99_flute.wav,84.99999761581421,60.0,49.6771502494812,30.02447247505188
stim_99_flute.wav,74.99999821186066,30.0,44.29362952709198,28.51921856403351
stim_99_flute.wav,40.000000298023224,10.000000298023224,43.996529281139374,29.39932107925415
stim_99_flute.wav,5.000000037252903,60.0,31.990047097206116,29.277960062026978
stim_99_flute.wav,5.000000037252903,0.0,36.281568109989166,27.801305651664734
stim_99_flute.wav,54.99999940395355,20.000000596046448,52.39282250404358,29.39414083957672
stim_99_flute.wav,25.000001192092896,40.000001192092896,38.180633783340454,28.03721308708191
stim_99_flute.wav,20.000000149011612,40.000001192092896,37.56803870201111,28.24548304080963
stim_99_flute.wav,25.000001192092896,20.000000596046448,44.8176634311676,27.92350709438324
stim_99_flute.wav,30.00000089406967,40.000001192092896,40.12458086013794,28.311020135879517
stim_99_flute.wav,25.000001192092896,0.0,48.53791952133179,26.143094301223755
stim_99_flute.wav,25.000001192092896,49.999998807907104,36.29341542720795,26.66149914264679
stim_99_flute.wav,25.000001192092896,60.0,40.21874517202377,28.176848888397217
stim_99_flute.wav,50.00000238418579,40.000001192092896,42.99145728349686,28.83738934993744
stim_99_flute.wav,40.000000298023224,40.000001192092896,44.31027799844742,27.3481285572052
stim_99_flute.wav,50.00000238418579,30.0,42.843530774116516,29.333816170692444
stim_99_flute.wav,15.000000447034836,40.000001192092896,36.816591024398804,28.71700644493103
stim_99_flute.wav,90.0,40.000001192092896,46.45367681980133,27.762957215309143
stim_99_flute.wav,25.000001192092896,49.999998807907104,39.512452483177185,28.22017014026642
stim_99_flute.wav,74.99999821186066,40.000001192092896,46.44670307636261,30.43279767036438
stim_99_flute.wav,10.000000074505806,20.000000596046448,36.41888380050659,29.403424859046936
stim_99_flute.wav,25.000001192092896,0.0,47.141239643096924,22.88475751876831
stim_99_flute.wav,74.99999821186066,40.000001192092896,47.04762518405914,30.02925753593445
stim_99_flute.wav,50.00000238418579,40.000001192092896,48.880335688591,27.974748015403748
stim_99_flute.wav,25.000001192092896,0.0,48.089057207107544,25.30771493911743
stim_99_flute.wav,25.000001192092896,10.000000298023224,40.2179029583931,28.405526876449585
stim_99_flute.wav,90.0,30.0,40.58401107788086,28.301331996917725
stim_99_flute.wav,70.0000011920929,49.999998807907104,47.600900530815125,29.34449851512909
stim_99_flute.wav,54.99999940395355,40.000001192092896,45.242300033569336,29.3483304977417
stim_99_flute.wav,10.000000074505806,10.000000298023224,38.04269313812256,28.35102081298828
stim_99_flute.wav,40.000000298023224,40.000001192092896,40.47954171895981,28.40794086456299
stim_99_flute.wav,35.00000059604645,49.999998807907104,40.80238848924637,28.60348105430603
stim_99_flute.wav,0.0,40.000001192092896,38.22431892156601,30.115842819213867
stim_99_flute.wav,80.00000059604645,40.000001192092896,48.81092548370361,29.742631316184998
stim_99_flute.wav,30.00000089406967,0.0,41.13405168056488,27.703510522842407
stim_99_flute.wav,30.00000089406967,30.0,40.08347600698471,28.396359086036682
stim_99_flute.wav,45.0,30.0,47.56932556629181,26.220887303352356
stim_99_flute.wav,80.00000059604645,0.0,46.471556425094604,28.648513555526733
stim_99_flute.wav,60.00000178813934,20.000000596046448,59.86608445644379,32.71114110946655
stim_99_flute.wav,0.0,60.0,42.37810045480728,32.71958827972412
stim_99_flute.wav,90.0,49.999998807907104,49.809163212776184,30.09994626045227
stim_99_flute.wav,64.9999988079071,60.0,51.59850239753723,32.654314041137695
stim_99_flute.wav,0.0,40.000001192092896,36.30929946899414,35.11062026023865
stim_99_flute.wav,5.000000037252903,49.999998807907104,33.59118103981018,29.20745551586151
stim_99_flute.wav,40.000000298023224,40.000001192092896,46.17121875286102,27.44630992412567
stim_99_flute.wav,80.00000059604645,30.0,56.56834602355957,30.493086576461792
stim_99_flute.wav,90.0,0.0,42.46222257614136,28.733099699020386
stim_99_flute.wav,70.0000011920929,60.0,58.85429620742798,34.57114219665527
stim_99_flute.wav,60.00000178813934,20.000000596046448,58.422653675079346,32.17032194137573
stim_99_flute.wav,45.0,49.999998807907104,43.83040934801102,27.30121672153473
stim_99_flute.wav,45.0,0.0,44.05019223690033,28.20229411125183
stim_99_flute.wav,45.0,30.0,45.25487422943115,28.823758363723755
stim_99_flute.wav,70.0000011920929,20.000000596046448,46.45212650299072,29.344863295555115
stim_99_flute.wav,84.99999761581421,60.0,52.66191780567169,26.999654173851013
stim_99_flute.wav,60.00000178813934,0.0,42.97859609127045,29.020830988883972
stim_99_flute.wav,40.000000298023224,40.000001192092896,45.76050281524658,26.99880838394165
stim_99_flute.wav,5.000000037252903,40.000001192092896,25.445773601531982,27.942175269126892
stim_99_flute.wav,0.0,0.0,24.275391697883606,33.626840114593506
stim_99_flute.wav,35.00000059604645,49.999998807907104,38.9085853099823,26.42973303794861
stim_99_flute.wav,64.9999988079071,49.999998807907104,48.221096992492676,32.23431587219238
stim_99_flute.wav,30.00000089406967,10.000000298023224,43.89173537492752,25.998562574386597
stim_99_flute.wav,15.000000447034836,60.0,36.44548058509827,29.00955855846405
stim_99_flute.wav,54.99999940395355,30.0,50.05779325962067,28.746466040611267
stim_99_flute.wav,25.000001192092896,20.000000596046448,38.60548496246338,28.45956802368164
stim_99_flute.wav,10.000000074505806,30.0,35.383352637290955,28.239426612854004
stim_99_flute.wav,50.00000238418579,40.000001192092896,42.48418986797333,28.49281668663025
stim_99_flute.wav,74.99999821186066,49.999998807907104,44.6320840716362,30.655274391174316
stim_99_flute.wav,54.99999940395355,20.000000596046448,50.086519718170166,29.413561820983887
stim_99_flute.wav,20.000000149011612,30.0,34.53256398439407,26.075996160507202
stim_99_flute.wav,25.000001192092896,60.0,41.20776414871216,28.312257528305054
stim_99_flute.wav,84.99999761581421,0.0,41.89479857683182,28.24066400527954
stim_99_flute.wav,90.0,49.999998807907104,50.41004776954651,29.967684745788574
stim_99_flute.wav,20.000000149011612,60.0,37.73113578557968,28.409705758094788
stim_99_flute.wav,50.00000238418579,40.000001192092896,47.195650935173035,29.537630081176758
stim_99_flute.wav,70.0000011920929,40.000001192092896,51.509490609169006,30.59336543083191
stim_99_flute.wav,40.000000298023224,60.0,44.4853538274765,29.82237160205841
stim_99_flute.wav,0.0,49.999998807907104,34.20240014791489,36.30432486534119
stim_99_flute.wav,10.000000074505806,0.0,36.165213882923126,28.729804158210754
stim_99_flute.wav,35.00000059604645,0.0,41.93628966808319,19.730833768844604
stim_99_flute.wav,35.00000059604645,60.0,44.26939845085144,27.01762855052948
stim_99_flute.wav,84.99999761581421,60.0,55.47114014625549,30.468016862869263
stim_99_flute.wav,64.9999988079071,30.0,53.88015031814575,29.808833599090576
stim_99_flute.wav,10.000000074505806,60.0,32.170114517211914,29.911834001541138
stim_99_flute.wav,0.0,30.0,32.43885040283203,36.42814636230469
stim_99_flute.wav,45.0,60.0,51.58598184585571,27.816388607025146
stim_99_flute.wav,5.000000037252903,10.000000298023224,38.215918242931366,28.996058106422424
stim_99_flute.wav,74.99999821186066,40.000001192092896,53.38738024234772,33.33977937698364
stim_99_flute.wav,40.000000298023224,30.0,44.21580791473389,24.12611424922943
stim_99_flute.wav,54.99999940395355,49.999998807907104,44.28489089012146,28.755914568901062
stim_99_flute.wav,25.000001192092896,60.0,44.477532505989075,24.035310745239258
stim_99_flute.wav,45.0,40.000001192092896,45.00694155693054,27.924574613571167
stim_99_flute.wav,30.00000089406967,30.0,42.95055091381073,27.092535495758057
stim_99_flute.wav,74.99999821186066,60.0,53.74292850494385,32.211753129959106
stim_99_flute.wav,10.000000074505806,60.0,37.10470050573349,29.18643057346344
stim_99_flute.wav,15.000000447034836,0.0,39.586248099803925,23.360933661460876
stim_99_flute.wav,45.0,30.0,44.79589730501175,28.89911413192749
stim_99_flute.wav,60.00000178813934,0.0,46.63092255592346,27.489375472068787
stim_99_flute.wav,90.0,20.000000596046448,54.16735053062439,23.07907283306122
stim_99_flute.wav,84.99999761581421,60.0,50.044328570365906,29.7189724445343
stim_99_flute.wav,10.000000074505806,49.999998807907104,34.622302651405334,29.953715801239014
stim_99_flute.wav,15.000000447034836,49.999998807907104,38.605340123176575,28.544858694076538
stim_99_flute.wav,74.99999821186066,20.000000596046448,55.050129890441895,26.982023119926453
stim_99_flute.wav,60.00000178813934,10.000000298023224,51.39122664928436,31.914660930633545
stim_99_flute.wav,20.000000149011612,49.999998807907104,34.69837814569473,27.833755016326904
stim_99_flute.wav,84.99999761581421,60.0,53.827857971191406,31.40759825706482
stim_99_flute.wav,74.99999821186066,60.0,42.608885765075684,28.385764360427856
stim_99_flute.wav,40.000000298023224,20.000000596046448,37.620030641555786,28.857543468475342
stim_99_flute.wav,50.00000238418579,40.000001192092896,46.525978446006775,29.265382289886475
stim_99_flute.wav,35.00000059604645,30.0,39.999831318855286,26.088556051254272
stim_99_flute.wav,64.9999988079071,20.000000596046448,44.723842442035675,28.554731011390686
stim_99_flute.wav,84.99999761581421,30.0,42.673889100551605,28.3660751581192
stim_99_flute.wav,54.99999940395355,20.000000596046448,51.6699081659317,28.6101096868515
stim_99_flute.wav,25.000001192092896,60.0,40.54802656173706,28.451988101005554
stim_99_flute.wav,10.000000074505806,0.0,37.70410716533661,29.316426515579224
stim_99_flute.wav,30.00000089406967,40.000001192092896,40.45905500650406,28.010067343711853
stim_99_flute.wav,40.000000298023224,60.0,42.56862848997116,23.403968811035156
stim_99_flute.wav,10.000000074505806,60.0,37.36070930957794,29.462363719940186
stim_99_flute.wav,25.000001192092896,20.000000596046448,44.68857139348984,26.73310697078705
stim_99_flute.wav,70.0000011920929,0.0,41.74109190702438,28.224914073944092
stim_99_flute.wav,54.99999940395355,30.0,44.66699570417404,27.180190086364746
stim_91_flute.wav,30.00000089406967,0.0,43.921998739242554,26.209850907325745
stim_91_flute.wav,84.99999761581421,10.000000298023224,47.86195993423462,25.829554796218872
stim_91_flute.wav,70.0000011920929,60.0,49.576653242111206,31.470640897750854
stim_91_flute.wav,60.00000178813934,20.000000596046448,42.5818195939064,29.478542804718018
stim_91_flute.wav,5.000000037252903,20.000000596046448,33.434261083602905,27.225868105888367
stim_91_flute.wav,5.000000037252903,40.000001192092896,22.87952721118927,26.418115496635437
stim_91_flute.wav,64.9999988079071,20.000000596046448,45.187357664108276,28.928781151771545
stim_91_flute.wav,64.9999988079071,40.000001192092896,46.74285650253296,25.37598967552185
stim_91_flute.wav,35.00000059604645,49.999998807907104,41.34891003370285,30.965845584869385
stim_91_flute.wav,64.9999988079071,49.999998807907104,44.34158205986023,25.774118900299072
stim_91_flute.wav,10.000000074505806,49.999998807907104,23.846168518066406,21.665402054786682
stim_91_flute.wav,30.00000089406967,30.0,45.76080322265625,29.946983456611633
stim_91_flute.wav,20.000000149011612,20.000000596046448,42.12142378091812,29.916415214538574
stim_91_flute.wav,0.0,20.000000596046448,29.324803054332733,28.018920421600342
stim_91_flute.wav,80.00000059604645,30.0,50.31409442424774,30.899884700775146
stim_91_flute.wav,84.99999761581421,20.000000596046448,55.74333071708679,28.42501401901245
stim_91_flute.wav,70.0000011920929,0.0,47.61391997337341,25.25197684764862
stim_91_flute.wav,74.99999821186066,60.0,49.601667523384094,27.252334356307983
stim_91_flute.wav,35.00000059604645,60.0,50.05540609359741,25.75375199317932
stim_91_flute.wav,30.00000089406967,40.000001192092896,44.89932596683502,29.788795709609985
stim_91_flute.wav,35.00000059604645,20.000000596046448,45.48911690711975,25.683311820030212
stim_91_flute.wav,74.99999821186066,10.000000298023224,50.497536063194275,20.441290140151978
stim_91_flute.wav,40.000000298023224,40.000001192092896,43.3400559425354,27.905972599983215
stim_91_flute.wav,90.0,49.999998807907104,45.594876408576965,26.526548266410828
stim_91_flute.wav,40.000000298023224,10.000000298023224,43.93874377012253,26.684324741363525
stim_91_flute.wav,60.00000178813934,20.000000596046448,41.71796053647995,28.424938917160034
stim_91_flute.wav,54.99999940395355,0.0,45.34302234649658,27.033770084381104
stim_91_flute.wav,5.000000037252903,40.000001192092896,28.934866189956665,27.254825234413147
stim_91_flute.wav,20.000000149011612,60.0,34.78616416454315,34.44517135620117
stim_91_flute.wav,30.00000089406967,60.0,40.92599809169769,38.67323398590088
stim_91_flute.wav,15.000000447034836,20.000000596046448,30.59580534696579,25.184285044670105
stim_91_flute.wav,5.000000037252903,0.0,32.656238079071045,28.279994130134583
stim_91_flute.wav,40.000000298023224,30.0,45.5683708190918,29.72677230834961
stim_91_flute.wav,35.00000059604645,49.999998807907104,40.453999042510986,27.7994567155838
stim_91_flute.wav,25.000001192092896,40.000001192092896,37.551266849040985,26.940001845359802
stim_91_flute.wav,50.00000238418579,0.0,42.500843703746796,26.956372261047363
stim_91_flute.wav,70.0000011920929,0.0,45.44748902320862,27.508960962295532
stim_91_flute.wav,64.9999988079071,30.0,47.42546260356903,27.428264021873474
stim_91_flute.wav,64.9999988079071,30.0,51.78947031497955,30.492271184921265
stim_91_flute.wav,84.99999761581421,10.000000298023224,55.63083350658417,22.439705729484558
stim_91_flute.wav,84.99999761581421,40.000001192092896,43.67077499628067,27.026349306106567
stim_91_flute.wav,80.00000059604645,49.999998807907104,47.689257860183716,28.375418186187744
stim_91_flute.wav,50.00000238418579,49.999998807907104,47.340087890625,25.464316606521606
stim_91_flute.wav,70.0000011920929,40.000001192092896,52.05773949623108,25.42321264743805
stim_91_flute.wav,5.000000037252903,20.000000596046448,31.502273976802826,27.962763905525208
stim_91_flute.wav,50.00000238418579,0.0,43.39525043964386,26.708807945251465
stim_91_flute.wav,60.00000178813934,20.000000596046448,48.515281677246094,30.932722091674805
stim_91_flute.wav,50.00000238418579,0.0,45.800129771232605,27.452813386917114
stim_91_flute.wav,15.000000447034836,49.999998807907104,18.931189477443695,25.925715565681458
stim_91_flute.wav,74.99999821186066,10.000000298023224,44.92491692304611,25.406681299209595
stim_91_flute.wav,10.000000074505806,40.000001192092896,23.606298565864563,28.134189248085022
stim_91_flute.wav,0.0,60.0,31.396983861923218,27.41717040538788
stim_91_flute.wav,5.000000037252903,49.999998807907104,35.458398163318634,28.65853250026703
stim_91_flute.wav,74.99999821186066,30.0,43.17217916250229,26.526677012443542
stim_91_flute.wav,90.0,0.0,54.87788915634155,30.137100219726562
stim_91_flute.wav,0.0,40.000001192092896,28.869642913341522,26.894924640655518
stim_91_flute.wav,5.000000037252903,10.000000298023224,29.84034240245819,28.148335218429565
stim_91_flute.wav,80.00000059604645,60.0,43.07906627655029,28.520067930221558
stim_91_flute.wav,40.000000298023224,10.000000298023224,49.46724593639374,30.166529417037964
stim_91_flute.wav,0.0,0.0,27.860662937164307,27.403391003608704
stim_91_flute.wav,30.00000089406967,0.0,41.206347942352295,26.20201885700226
stim_91_flute.wav,50.00000238418579,20.000000596046448,43.64492654800415,22.377403378486633
stim_91_flute.wav,64.9999988079071,0.0,41.286723017692566,26.93118453025818
stim_91_flute.wav,74.99999821186066,40.000001192092896,43.498461842536926,24.746280312538147
stim_91_flute.wav,84.99999761581421,60.0,55.265876054763794,28.558162450790405
stim_91_flute.wav,54.99999940395355,20.000000596046448,47.691532373428345,30.984781980514526
stim_91_flute.wav,50.00000238418579,10.000000298023224,50.05675792694092,27.377577424049377
stim_91_flute.wav,84.99999761581421,10.000000298023224,43.93159031867981,27.952435612678528
stim_91_flute.wav,64.9999988079071,30.0,44.66805249452591,27.270065546035767
stim_91_flute.wav,5.000000037252903,49.999998807907104,31.57803565263748,28.4527587890625
stim_91_flute.wav,0.0,40.000001192092896,31.05713725090027,28.286994695663452
stim_91_flute.wav,20.000000149011612,40.000001192092896,28.71577262878418,29.462885856628418
stim_91_flute.wav,50.00000238418579,10.000000298023224,46.51262640953064,25.96575915813446
stim_91_flute.wav,60.00000178813934,10.000000298023224,49.81894791126251,26.491554379463196
stim_91_flute.wav,5.000000037252903,60.0,19.482045471668243,24.198027849197388
stim_91_flute.wav,40.000000298023224,49.999998807907104,47.9242730140686,29.077218174934387
stim_91_flute.wav,50.00000238418579,49.999998807907104,42.618107199668884,30.1406729221344
stim_91_flute.wav,30.00000089406967,60.0,42.525863349437714,27.254133224487305
stim_91_flute.wav,20.000000149011612,40.000001192092896,34.174132347106934,28.145259618759155
stim_91_flute.wav,64.9999988079071,60.0,50.15613913536072,30.248275995254517
stim_91_flute.wav,80.00000059604645,0.0,46.75081729888916,24.90248680114746
stim_91_flute.wav,80.00000059604645,49.999998807907104,47.421879172325134,26.86448335647583
stim_91_flute.wav,70.0000011920929,49.999998807907104,42.284027338027954,27.244461178779602
stim_91_flute.wav,40.000000298023224,30.0,44.01954799890518,27.718559503555298
stim_91_flute.wav,60.00000178813934,40.000001192092896,47.54761040210724,25.8117413520813
stim_91_flute.wav,84.99999761581421,10.000000298023224,42.39386111497879,28.618549704551697
stim_91_flute.wav,0.0,40.000001192092896,29.369325041770935,27.124603986740112
stim_91_flute.wav,64.9999988079071,49.999998807907104,45.27061343193054,25.88768184185028
stim_91_flute.wav,50.00000238418579,60.0,46.2438690662384,20.654831528663635
stim_91_flute.wav,5.000000037252903,10.000000298023224,33.10289829969406,27.1159029006958
stim_91_flute.wav,0.0,0.0,37.16932028532028,27.76381015777588
stim_91_flute.wav,20.000000149011612,10.000000298023224,38.00308495759964,32.85336971282959
stim_91_flute.wav,25.000001192092896,49.999998807907104,42.99723744392395,36.15706443786621
stim_91_flute.wav,30.00000089406967,60.0,39.6961435675621,39.598517417907715
stim_91_flute.wav,45.0,20.000000596046448,47.14354634284973,22.371160984039307
stim_91_flute.wav,35.00000059604645,10.000000298023224,48.342236280441284,27.857982516288757
stim_91_flute.wav,64.9999988079071,30.0,40.704989433288574,28.6896550655365
stim_91_flute.wav,60.00000178813934,60.0,41.759309470653534,29.06993329524994
stim_91_flute.wav,84.99999761581421,60.0,46.73763155937195,25.45417070388794
stim_91_flute.wav,20.000000149011612,60.0,37.13467687368393,29.032108783721924
stim_91_flute.wav,15.000000447034836,40.000001192092896,21.22248262166977,26.07286512851715
stim_91_flute.wav,35.00000059604645,49.999998807907104,42.17188686132431,32.12782859802246
stim_91_flute.wav,0.0,20.000000596046448,39.656425416469574,28.541212677955627
stim_91_flute.wav,5.000000037252903,60.0,23.428409099578857,25.98837375640869
stim_91_flute.wav,40.000000298023224,10.000000298023224,42.035909593105316,28.586336374282837
stim_91_flute.wav,64.9999988079071,0.0,41.78394824266434,29.10004198551178
stim_91_flute.wav,74.99999821186066,10.000000298023224,44.99456584453583,26.137973070144653
stim_91_flute.wav,40.000000298023224,0.0,43.680272698402405,27.00309991836548
stim_91_flute.wav,25.000001192092896,30.0,37.77367830276489,27.220142483711243
stim_91_flute.wav,84.99999761581421,60.0,60.87397813796997,32.10871696472168
stim_91_flute.wav,35.00000059604645,30.0,42.70071655511856,28.173036575317383
stim_91_flute.wav,54.99999940395355,49.999998807907104,46.65196180343628,28.078048825263977
stim_91_flute.wav,45.0,10.000000298023224,42.38628923892975,27.60398805141449
stim_91_flute.wav,10.000000074505806,40.000001192092896,21.958496868610382,25.274375081062317
stim_91_flute.wav,54.99999940395355,60.0,46.7987322807312,26.509196162223816
stim_91_flute.wav,84.99999761581421,49.999998807907104,46.47394359111786,29.47734832763672
stim_91_flute.wav,50.00000238418579,0.0,42.668369114398956,28.39223027229309
stim_91_flute.wav,45.0,49.999998807907104,43.006635904312134,31.82727813720703
stim_91_flute.wav,60.00000178813934,0.0,50.99896967411041,26.570157408714294
stim_91_flute.wav,80.00000059604645,60.0,48.99099826812744,30.827454328536987
stim_91_flute.wav,50.00000238418579,40.000001192092896,48.54832112789154,30.401136875152588
stim_91_flute.wav,5.000000037252903,30.0,26.639270782470703,29.976704120635986
stim_91_flute.wav,45.0,40.000001192092896,43.307888209819794,24.425886869430542
stim_91_flute.wav,80.00000059604645,40.000001192092896,49.70320522785187,26.68044626712799
stim_91_flute.wav,84.99999761581421,60.0,44.17151927947998,27.328444719314575
stim_91_flute.wav,5.000000037252903,60.0,20.062250196933746,22.093096375465393
stim_81_flute.wav,10.000000074505806,40.000001192092896,44.60622489452362,32.10873484611511
stim_81_flute.wav,10.000000074505806,49.999998807907104,21.60472020506859,36.56034708023071
stim_81_flute.wav,50.00000238418579,30.0,54.34217154979706,32.20891714096069
stim_81_flute.wav,64.9999988079071,20.000000596046448,52.70870625972748,30.408039093017578
stim_81_flute.wav,20.000000149011612,0.0,37.62254387140274,29.93375301361084
stim_81_flute.wav,70.0000011920929,40.000001192092896,49.87693190574646,24.086276292800903
stim_81_flute.wav,80.00000059604645,20.000000596046448,58.15271079540253,28.027052879333496
stim_81_flute.wav,15.000000447034836,0.0,33.4042552113533,28.892013430595398
stim_81_flute.wav,90.0,49.999998807907104,53.375970125198364,26.287457942962646
stim_81_flute.wav,15.000000447034836,40.000001192092896,28.54621410369873,31.239652633666992
stim_81_flute.wav,10.000000074505806,60.0,34.34948444366455,28.563698530197144
stim_81_flute.wav,60.00000178813934,30.0,52.65863478183746,27.683774828910828
stim_81_flute.wav,80.00000059604645,60.0,48.24968934059143,29.31494951248169
stim_81_flute.wav,0.0,20.000000596046448,29.21536087989807,32.15989351272583
stim_81_flute.wav,45.0,0.0,55.050097703933716,28.82211685180664
stim_81_flute.wav,10.000000074505806,40.000001192092896,29.66480791568756,35.78352928161621
stim_81_flute.wav,35.00000059604645,0.0,41.29407495260239,29.341694712638855
stim_81_flute.wav,20.000000149011612,49.999998807907104,34.107956886291504,29.321463704109192
stim_81_flute.wav,90.0,30.0,43.57211530208588,28.40989887714386
stim_81_flute.wav,15.000000447034836,30.0,27.153133749961853,29.67863380908966
stim_81_flute.wav,74.99999821186066,40.000001192092896,52.825108766555786,29.805591702461243
stim_81_flute.wav,40.000000298023224,0.0,41.59023106098175,29.53360676765442
stim_81_flute.wav,15.000000447034836,40.000001192092896,26.000513434410095,28.042407631874084
stim_81_flute.wav,5.000000037252903,30.0,29.951793551445007,28.129055500030518
stim_81_flute.wav,10.000000074505806,10.000000298023224,28.32021653652191,29.04667854309082
stim_81_flute.wav,80.00000059604645,49.999998807907104,49.12089228630066,29.784809947013855
stim_81_flute.wav,40.000000298023224,30.0,34.21068012714386,26.1423397064209
stim_81_flute.wav,10.000000074505806,30.0,28.535976111888885,31.853835582733154
stim_81_flute.wav,50.00000238418579,60.0,53.56803774833679,27.471043467521667
stim_81_flute.wav,54.99999940395355,0.0,48.56558918952942,27.040809988975525
stim_81_flute.wav,80.00000059604645,40.000001192092896,53.207908272743225,28.497687578201294
stim_81_flute.wav,80.00000059604645,40.000001192092896,60.95795273780823,28.659045696258545
stim_81_flute.wav,80.00000059604645,60.0,53.462380170822144,29.68102276325226
stim_81_flute.wav,20.000000149011612,30.0,33.506948947906494,34.35532808303833
stim_81_flute.wav,0.0,49.999998807907104,30.710928440093994,30.628623962402344
stim_81_flute.wav,40.000000298023224,10.000000298023224,47.29163646697998,30.484682321548462
stim_81_flute.wav,20.000000149011612,0.0,37.729405760765076,28.918429613113403
stim_81_flute.wav,35.00000059604645,60.0,53.75738561153412,33.26180577278137
stim_81_flute.wav,15.000000447034836,30.0,25.984374582767487,39.57979202270508
stim_81_flute.wav,25.000001192092896,49.999998807907104,44.43421483039856,27.163555026054382
stim_81_flute.wav,50.00000238418579,49.999998807907104,45.66191017627716,30.11348605155945
stim_81_flute.wav,64.9999988079071,20.000000596046448,49.213364124298096,29.122896194458008
stim_81_flute.wav,64.9999988079071,10.000000298023224,45.57086527347565,26.25909447669983
stim_81_flute.wav,40.000000298023224,0.0,32.852358520030975,29.32636857032776
stim_81_flute.wav,74.99999821186066,49.999998807907104,48.55509638786316,28.966482281684875
stim_81_flute.wav,25.000001192092896,49.999998807907104,46.00358068943024,27.47584819793701
stim_81_flute.wav,50.00000238418579,60.0,54.6489143371582,27.56896734237671
stim_81_flute.wav,74.99999821186066,60.0,44.75920468568802,30.99522113800049
stim_81_flute.wav,50.00000238418579,10.000000298023224,58.30800533294678,34.69122648239136
stim_81_flute.wav,0.0,20.000000596046448,30.12253224849701,30.212538242340088
stim_81_flute.wav,54.99999940395355,0.0,52.204901576042175,28.09799373149872
stim_81_flute.wav,80.00000059604645,0.0,48.095011711120605,27.021993398666382
stim_81_flute.wav,70.0000011920929,0.0,46.567402482032776,30.05215287208557
stim_81_flute.wav,40.000000298023224,10.000000298023224,35.86433708667755,27.35747516155243
stim_81_flute.wav,60.00000178813934,60.0,48.51907432079315,27.623777389526367
stim_81_flute.wav,50.00000238418579,49.999998807907104,37.31314837932587,29.758265018463135
stim_81_flute.wav,60.00000178813934,30.0,58.32623898983002,28.749890327453613
stim_81_flute.wav,80.00000059604645,10.000000298023224,47.95137941837311,26.784456968307495
stim_81_flute.wav,5.000000037252903,40.000001192092896,23.580460846424103,25.17321288585663
stim_81_flute.wav,0.0,0.0,32.69009828567505,26.770963668823242
stim_81_flute.wav,84.99999761581421,10.000000298023224,49.37826633453369,25.076313614845276
stim_81_flute.wav,84.99999761581421,30.0,42.83440053462982,26.741559505462646
stim_81_flute.wav,0.0,10.000000298023224,28.484311401844025,28.581851720809937
stim_81_flute.wav,10.000000074505806,0.0,36.09251260757446,29.34860408306122
stim_81_flute.wav,80.00000059604645,40.000001192092896,53.619911670684814,29.36421811580658
stim_81_flute.wav,54.99999940395355,10.000000298023224,48.26289653778076,24.90418553352356
stim_81_flute.wav,30.00000089406967,49.999998807907104,32.920918464660645,26.46765947341919
stim_81_flute.wav,5.000000037252903,0.0,26.47178828716278,29.21914279460907
stim_81_flute.wav,5.000000037252903,49.999998807907104,32.734496891498566,32.37870812416077
stim_81_flute.wav,40.000000298023224,40.000001192092896,40.665896236896515,29.273870587348938
stim_81_flute.wav,64.9999988079071,40.000001192092896,50.59332847595215,27.226978540420532
stim_81_flute.wav,15.000000447034836,0.0,33.598567843437195,27.422279119491577
stim_81_flute.wav,70.0000011920929,30.0,54.85644221305847,26.78491473197937
stim_81_flute.wav,10.000000074505806,49.999998807907104,25.181653797626495,36.762428283691406
stim_81_flute.wav,20.000000149011612,10.000000298023224,38.41664671897888,30.12736201286316
stim_81_flute.wav,50.00000238418579,60.0,53.97115230560303,28.850079774856567
stim_81_flute.wav,80.00000059604645,0.0,45.88909327983856,28.200623989105225
stim_81_flute.wav,90.0,10.000000298023224,42.9526886343956,29.330323934555054
stim_81_flute.wav,54.99999940395355,0.0,47.77563035488129,27.90496587753296
stim_81_flute.wav,50.00000238418579,30.0,46.64687633514404,30.287961959838867
stim_81_flute.wav,54.99999940395355,40.000001192092896,50.7363760471344,28.362053632736206
stim_81_flute.wav,90.0,30.0,50.690284967422485,26.286651492118835
stim_81_flute.wav,45.0,40.000001192092896,40.14102816581726,26.083694100379944
stim_81_flute.wav,30.00000089406967,10.000000298023224,40.70154547691345,30.6813383102417
stim_81_flute.wav,0.0,10.000000298023224,9.117928147315979,30.474332571029663
stim_81_flute.wav,15.000000447034836,30.0,27.764634490013123,24.32344079017639
stim_81_flute.wav,50.00000238418579,20.000000596046448,42.25232094526291,28.256741166114807
stim_81_flute.wav,35.00000059604645,20.000000596046448,30.600732564926147,28.489937782287598
stim_81_flute.wav,5.000000037252903,49.999998807907104,27.962055802345276,29.805110692977905
stim_81_flute.wav,40.000000298023224,30.0,44.963645339012146,30.190361738204956
stim_81_flute.wav,74.99999821186066,40.000001192092896,48.635369539260864,30.569812059402466
stim_81_flute.wav,50.00000238418579,60.0,47.81848669052124,32.813605070114136
stim_81_flute.wav,45.0,49.999998807907104,44.306898415088654,29.604989290237427
stim_81_flute.wav,30.00000089406967,10.000000298023224,39.51867789030075,33.868567943573
stim_81_flute.wav,15.000000447034836,49.999998807907104,25.838481187820435,32.32430577278137
stim_81_flute.wav,80.00000059604645,60.0,58.31186771392822,26.66681170463562
stim_81_flute.wav,45.0,49.999998807907104,37.254268527030945,29.733415246009827
stim_81_flute.wav,60.00000178813934,0.0,53.85719060897827,34.098161458969116
stim_81_flute.wav,35.00000059604645,49.999998807907104,34.780365228652954,28.709585666656494
stim_81_flute.wav,84.99999761581421,49.999998807907104,44.93585765361786,29.04682159423828
stim_81_flute.wav,45.0,49.999998807907104,43.57692986726761,26.619186401367188
stim_81_flute.wav,15.000000447034836,30.0,35.34771144390106,30.610917806625366
stim_81_flute.wav,5.000000037252903,10.000000298023224,27.04712748527527,24.582914113998413
stim_81_flute.wav,60.00000178813934,10.000000298023224,51.358476877212524,25.28996229171753
stim_81_flute.wav,70.0000011920929,49.999998807907104,55.82011163234711,31.55152201652527
stim_81_flute.wav,64.9999988079071,20.000000596046448,46.65472447872162,29.458011388778687
stim_81_flute.wav,5.000000037252903,49.999998807907104,30.429910719394684,32.973389625549316
stim_81_flute.wav,64.9999988079071,10.000000298023224,52.95211136341095,27.32089340686798
stim_81_flute.wav,84.99999761581421,60.0,58.109065890312195,35.205237865448
stim_81_flute.wav,30.00000089406967,20.000000596046448,26.555848717689514,26.02379858493805
stim_81_flute.wav,5.000000037252903,0.0,31.907681822776794,29.140881299972534
stim_81_flute.wav,5.000000037252903,49.999998807907104,14.557879865169525,26.13254964351654
stim_81_flute.wav,0.0,30.0,16.77396923303604,28.78662407398224
stim_81_flute.wav,50.00000238418579,49.999998807907104,43.441309332847595,28.624380826950073
stim_81_flute.wav,25.000001192092896,0.0,52.0280259847641,34.35548186302185
stim_81_flute.wav,10.000000074505806,49.999998807907104,22.89272367954254,33.566168546676636
stim_106_flute.wav,60.00000178813934,20.000000596046448,46.210647225379944,26.568303108215332
stim_106_flute.wav,90.0,60.0,50.63407123088837,24.979863166809082
stim_106_flute.wav,35.00000059604645,40.000001192092896,38.467726707458496,26.760209798812866
stim_106_flute.wav,45.0,30.0,45.151947140693665,26.923533082008362
stim_106_flute.wav,54.99999940395355,10.000000298023224,49.670348167419434,27.90158987045288
stim_106_flute.wav,15.000000447034836,40.000001192092896,36.738519966602325,29.620304703712463
stim_106_flute.wav,50.00000238418579,60.0,54.10295605659485,34.21648621559143
stim_106_flute.wav,10.000000074505806,40.000001192092896,34.69783902168274,29.72489833831787
stim_106_flute.wav,64.9999988079071,30.0,45.50235092639923,27.726645469665527
stim_106_flute.wav,60.00000178813934,0.0,46.56727910041809,28.303256034851074
stim_106_flute.wav,60.00000178813934,49.999998807907104,56.56960129737854,25.364495515823364
stim_106_flute.wav,74.99999821186066,60.0,47.21571385860443,26.874386072158813
stim_106_flute.wav,84.99999761581421,0.0,48.19235444068909,26.290127635002136
stim_106_flute.wav,40.000000298023224,60.0,41.457799673080444,25.239763855934143
stim_106_flute.wav,25.000001192092896,49.999998807907104,44.74991351366043,27.63243556022644
stim_106_flute.wav,10.000000074505806,10.000000298023224,29.645123183727264,27.735870480537415
stim_106_flute.wav,30.00000089406967,10.000000298023224,46.4860725402832,19.65450346469879
stim_106_flute.wav,64.9999988079071,10.000000298023224,47.115222215652466,27.971908450126648
stim_106_flute.wav,80.00000059604645,30.0,48.09545695781708,28.807455897331238
stim_106_flute.wav,50.00000238418579,0.0,44.93303328752518,29.022862315177917
stim_106_flute.wav,80.00000059604645,49.999998807907104,56.132572889328,21.565171480178833
stim_106_flute.wav,50.00000238418579,30.0,48.04963409900665,29.19560730457306
stim_106_flute.wav,40.000000298023224,40.000001192092896,45.52255868911743,26.457762122154236
stim_106_flute.wav,40.000000298023224,60.0,45.00526249408722,23.304904103279114
stim_106_flute.wav,20.000000149011612,10.000000298023224,37.38112360239029,29.218933582305908
stim_106_flute.wav,64.9999988079071,20.000000596046448,46.46570384502411,28.08576464653015
stim_106_flute.wav,74.99999821186066,49.999998807907104,45.948708057403564,28.40199887752533
stim_106_flute.wav,84.99999761581421,10.000000298023224,49.792383313179016,25.18910586833954
stim_106_flute.wav,10.000000074505806,0.0,35.02423167228699,28.391159176826477
stim_106_flute.wav,50.00000238418579,30.0,51.9027453660965,27.295925617218018
stim_106_flute.wav,74.99999821186066,60.0,47.09841549396515,25.250313878059387
stim_106_flute.wav,74.99999821186066,20.000000596046448,51.24414503574371,27.324723601341248
stim_106_flute.wav,0.0,10.000000298023224,33.215054869651794,31.17782950401306
stim_106_flute.wav,40.000000298023224,60.0,44.97645020484924,27.671499252319336
stim_106_flute.wav,64.9999988079071,60.0,46.272563338279724,28.15889596939087
stim_106_flute.wav,30.00000089406967,0.0,43.99888962507248,27.492846250534058
stim_106_flute.wav,25.000001192092896,60.0,45.6000691652298,25.877707600593567
stim_106_flute.wav,30.00000089406967,20.000000596046448,50.768954157829285,19.75337505340576
stim_106_flute.wav,54.99999940395355,10.000000298023224,49.718220233917236,28.769271969795227
stim_106_flute.wav,25.000001192092896,40.000001192092896,34.438796639442444,27.803011536598206
stim_106_flute.wav,45.0,0.0,46.250097155570984,27.766658663749695
stim_106_flute.wav,40.000000298023224,60.0,45.322707295417786,24.423070549964905
stim_106_flute.wav,35.00000059604645,30.0,44.45020616054535,22.451823949813843
stim_106_flute.wav,25.000001192092896,10.000000298023224,41.318201422691345,28.11842143535614
stim_106_flute.wav,25.000001192092896,20.000000596046448,40.84631234407425,28.366350531578064
stim_106_flute.wav,15.000000447034836,10.000000298023224,36.74915760755539,28.272852301597595
stim_106_flute.wav,60.00000178813934,40.000001192092896,48.62516105175018,23.614638447761536
stim_106_flute.wav,25.000001192092896,0.0,40.85259944200516,28.12945067882538
stim_106_flute.wav,5.000000037252903,60.0,31.39131635427475,32.47927665710449
stim_106_flute.wav,60.00000178813934,20.000000596046448,47.13953375816345,26.528806686401367
stim_106_flute.wav,5.000000037252903,40.000001192092896,39.32711184024811,31.194984912872314
stim_106_flute.wav,35.00000059604645,10.000000298023224,42.82163858413696,24.9111270904541
stim_106_flute.wav,35.00000059604645,20.000000596046448,47.31193006038666,20.02931535243988
stim_106_flute.wav,45.0,10.000000298023224,44.118333756923676,27.759366631507874
stim_106_flute.wav,10.000000074505806,10.000000298023224,36.26110017299652,28.753280639648438
stim_106_flute.wav,5.000000037252903,40.000001192092896,35.45120179653168,31.541680097579956
stim_106_flute.wav,45.0,30.0,46.24420702457428,29.937785267829895
stim_106_flute.wav,80.00000059604645,60.0,41.33689105510712,27.408730387687683
stim_106_flute.wav,5.000000037252903,20.000000596046448,38.984894156455994,30.45553207397461
stim_106_flute.wav,80.00000059604645,60.0,48.67822587490082,24.162819385528564
stim_106_flute.wav,64.9999988079071,20.000000596046448,48.86800289154053,24.510337114334106
stim_106_flute.wav,15.000000447034836,0.0,39.875840842723846,28.075822591781616
stim_106_flute.wav,45.0,49.999998807907104,55.980711579322815,22.1506404876709
stim_106_flute.wav,60.00000178813934,10.000000298023224,49.9061518907547,28.01985740661621
stim_106_flute.wav,5.000000037252903,49.999998807907104,31.390557289123535,32.474448680877686
stim_106_flute.wav,10.000000074505806,60.0,32.794307470321655,31.826988458633423
stim_106_flute.wav,20.000000149011612,60.0,37.66966760158539,29.069107174873352
stim_106_flute.wav,64.9999988079071,0.0,44.004583954811096,28.4519362449646
stim_106_flute.wav,45.0,49.999998807907104,43.416863679885864,27.682217359542847
stim_106_flute.wav,45.0,60.0,49.49559152126312,27.834863662719727
stim_106_flute.wav,74.99999821186066,60.0,48.75106930732727,21.86089038848877
stim_106_flute.wav,40.000000298023224,40.000001192092896,43.059934079647064,27.454753518104553
stim_106_flute.wav,50.00000238418579,20.000000596046448,50.616159439086914,29.230569005012512
stim_106_flute.wav,64.9999988079071,10.000000298023224,46.500760316848755,25.2810537815094
stim_106_flute.wav,10.000000074505806,49.999998807907104,35.05670249462128,29.61243510246277
stim_106_flute.wav,0.0,20.000000596046448,39.27354007959366,27.756051421165466
stim_106_flute.wav,10.000000074505806,20.000000596046448,36.736183762550354,29.10073757171631
stim_106_flute.wav,60.00000178813934,60.0,48.9737194776535,27.538046836853027
stim_106_flute.wav,30.00000089406967,10.000000298023224,44.0638393163681,23.7105131149292
stim_106_flute.wav,20.000000149011612,60.0,37.74486064910889,31.021674871444702
stim_106_flute.wav,70.0000011920929,30.0,43.95836412906647,28.999988436698914
stim_106_flute.wav,60.00000178813934,0.0,51.68051898479462,25.370927453041077
stim_106_flute.wav,60.00000178813934,20.000000596046448,46.1056923866272,27.899805307388306
stim_106_flute.wav,10.000000074505806,30.0,37.048296332359314,28.658037185668945
stim_106_flute.wav,64.9999988079071,20.000000596046448,60.52693247795105,27.85908043384552
stim_106_flute.wav,50.00000238418579,30.0,52.80873656272888,21.215497255325317
stim_106_flute.wav,20.000000149011612,49.999998807907104,38.48940432071686,28.446823954582214
stim_106_flute.wav,84.99999761581421,40.000001192092896,45.4736191034317,26.94233000278473
stim_106_flute.wav,10.000000074505806,10.000000298023224,35.53208649158478,29.239420294761658
stim_106_flute.wav,5.000000037252903,0.0,39.02345359325409,29.11697745323181
stim_106_flute.wav,0.0,40.000001192092896,35.19416034221649,31.00615382194519
stim_106_flute.wav,40.000000298023224,10.000000298023224,45.48108637332916,27.770034670829773
stim_106_flute.wav,40.000000298023224,49.999998807907104,43.912240862846375,29.743731021881104
stim_106_flute.wav,35.00000059604645,30.0,42.80839383602142,24.22455668449402
stim_106_flute.wav,90.0,30.0,53.831655979156494,29.245827198028564
stim_106_flute.wav,30.00000089406967,10.000000298023224,45.07862627506256,25.30233085155487
stim_106_flute.wav,25.000001192092896,60.0,42.595136761665344,25.250388979911804
stim_106_flute.wav,10.000000074505806,60.0,36.5409779548645,29.043020009994507
stim_106_flute.wav,40.000000298023224,20.000000596046448,43.15823704004288,27.34953761100769
stim_106_flute.wav,30.00000089406967,40.000001192092896,39.851690232753754,28.430383801460266
stim_106_flute.wav,0.0,60.0,37.53659516572952,29.094446897506714
stim_106_flute.wav,64.9999988079071,20.000000596046448,50.266828536987305,27.507943511009216
stim_106_flute.wav,10.000000074505806,10.000000298023224,32.476833164691925,27.778231501579285
stim_106_flute.wav,74.99999821186066,10.000000298023224,47.78756082057953,25.694875717163086
stim_106_flute.wav,45.0,60.0,52.64241278171539,31.2264347076416
stim_106_flute.wav,40.000000298023224,10.000000298023224,46.57197296619415,26.815103888511658
stim_106_flute.wav,80.00000059604645,60.0,44.26666259765625,25.15591263771057
stim_106_flute.wav,45.0,40.000001192092896,50.041077733039856,27.792697548866272
stim_106_flute.wav,25.000001192092896,30.0,37.71374702453613,31.85830593109131
stim_106_flute.wav,90.0,0.0,44.93534803390503,29.313202500343323
stim_106_flute.wav,74.99999821186066,49.999998807907104,43.92252177000046,25.12083649635315
stim_106_flute.wav,30.00000089406967,60.0,46.04726314544678,21.201528310775757
stim_106_flute.wav,30.00000089406967,20.000000596046448,46.126458048820496,23.786269426345825
stim_106_flute.wav,50.00000238418579,49.999998807907104,43.532362282276154,28.505887985229492
stim_106_flute.wav,74.99999821186066,0.0,46.486008167266846,27.07061469554901
stim_106_flute.wav,74.99999821186066,20.000000596046448,47.14713513851166,26.051520109176636
stim_106_flute.wav,25.000001192092896,49.999998807907104,43.13496619462967,28.090601563453674
stim_106_flute.wav,45.0,0.0,43.536726236343384,28.91606569290161
stim_106_flute.wav,54.99999940395355,0.0,44.83068823814392,28.592610955238342
stim_106_flute.wav,90.0,30.0,58.24903964996338,21.987837553024292
stim_106_flute.wav,5.000000037252903,60.0,36.966480910778046,28.8907653093338
stim_106_flute.wav,20.000000149011612,60.0,40.859286189079285,28.441901206970215
stim_106_flute.wav,50.00000238418579,0.0,47.59135723114014,26.08024299144745
stim_106_flute.wav,25.000001192092896,30.0,41.73892468214035,28.480998873710632
stim_106_flute.wav,50.00000238418579,10.000000298023224,46.70343339443207,27.276742458343506
stim_92_flute.wav,5.000000037252903,20.000000596046448,34.16865795850754,28.109489679336548
stim_92_flute.wav,35.00000059604645,40.000001192092896,44.53188747167587,25.50269901752472
stim_92_flute.wav,80.00000059604645,20.000000596046448,54.715293645858765,29.291882514953613
stim_92_flute.wav,80.00000059604645,0.0,59.47703003883362,20.86551010608673
stim_92_flute.wav,25.000001192092896,40.000001192092896,44.02010053396225,25.595961213111877
stim_92_flute.wav,40.000000298023224,20.000000596046448,47.63988375663757,27.764053344726562
stim_92_flute.wav,70.0000011920929,0.0,61.16931080818176,13.30417513847351
stim_92_flute.wav,80.00000059604645,10.000000298023224,60.93664526939392,20.710147619247437
stim_92_flute.wav,64.9999988079071,20.000000596046448,48.708293437957764,25.523918867111206
stim_92_flute.wav,15.000000447034836,20.000000596046448,36.39578193426132,26.545379161834717
stim_92_flute.wav,80.00000059604645,49.999998807907104,54.421902894973755,24.805798530578613
stim_92_flute.wav,50.00000238418579,20.000000596046448,43.2766056060791,28.102651834487915
stim_92_flute.wav,54.99999940395355,60.0,45.719014406204224,27.051161527633667
stim_92_flute.wav,30.00000089406967,0.0,39.55406427383423,24.674795866012573
stim_92_flute.wav,30.00000089406967,20.000000596046448,42.42948889732361,30.402867794036865
stim_92_flute.wav,35.00000059604645,60.0,44.927363097667694,26.95350408554077
stim_92_flute.wav,40.000000298023224,49.999998807907104,42.34868198633194,29.69603419303894
stim_92_flute.wav,64.9999988079071,40.000001192092896,49.111735224723816,25.70813298225403
stim_92_flute.wav,64.9999988079071,30.0,45.62040030956268,28.310608863830566
stim_92_flute.wav,20.000000149011612,30.0,40.546934902668,25.75877845287323
stim_92_flute.wav,70.0000011920929,10.000000298023224,53.06224286556244,17.51766085624695
stim_92_flute.wav,54.99999940395355,30.0,46.0544890165329,26.821260452270508
stim_92_flute.wav,64.9999988079071,20.000000596046448,49.15229558944702,26.58397614955902
stim_92_flute.wav,64.9999988079071,30.0,44.83007401227951,27.3530513048172
stim_92_flute.wav,35.00000059604645,40.000001192092896,43.258433640003204,28.15031111240387
stim_92_flute.wav,15.000000447034836,49.999998807907104,28.85960876941681,28.779956102371216
stim_92_flute.wav,20.000000149011612,40.000001192092896,42.58943974971771,28.143258690834045
stim_92_flute.wav,35.00000059604645,20.000000596046448,45.62177360057831,27.23206400871277
stim_92_flute.wav,74.99999821186066,60.0,49.299023151397705,27.9364013671875
stim_92_flute.wav,90.0,20.000000596046448,45.8712512254715,27.8502756357193
stim_92_flute.wav,50.00000238418579,30.0,44.16470915079117,36.70909881591797
stim_92_flute.wav,54.99999940395355,60.0,43.73263746500015,30.91190814971924
stim_92_flute.wav,30.00000089406967,60.0,39.86580938100815,33.817301988601685
stim_92_flute.wav,10.000000074505806,20.000000596046448,33.28077971935272,30.308825969696045
stim_92_flute.wav,35.00000059604645,40.000001192092896,40.94884246587753,30.687886476516724
stim_92_flute.wav,64.9999988079071,20.000000596046448,56.83318734169006,26.82811975479126
stim_92_flute.wav,50.00000238418579,40.000001192092896,47.97072887420654,28.865718841552734
stim_92_flute.wav,5.000000037252903,10.000000298023224,39.58625614643097,28.619343638420105
stim_92_flute.wav,70.0000011920929,49.999998807907104,56.16433024406433,30.6812846660614
stim_92_flute.wav,64.9999988079071,0.0,49.58398103713989,26.39585852622986
stim_92_flute.wav,50.00000238418579,0.0,45.6120103597641,24.24750030040741
stim_92_flute.wav,0.0,10.000000298023224,41.46668583154678,29.1000759601593
stim_92_flute.wav,5.000000037252903,40.000001192092896,37.92810648679733,28.84169340133667
stim_92_flute.wav,70.0000011920929,20.000000596046448,58.79034161567688,19.3572199344635
stim_92_flute.wav,80.00000059604645,0.0,52.141478061676025,21.37206494808197
stim_92_flute.wav,84.99999761581421,10.000000298023224,47.1792197227478,28.585402965545654
stim_92_flute.wav,70.0000011920929,40.000001192092896,51.639078855514526,23.433279991149902
stim_92_flute.wav,15.000000447034836,49.999998807907104,31.705590784549713,32.44777321815491
stim_92_flute.wav,35.00000059604645,40.000001192092896,46.69988214969635,28.42271625995636
stim_92_flute.wav,70.0000011920929,10.000000298023224,53.78455102443695,20.69167971611023
stim_92_flute.wav,70.0000011920929,49.999998807907104,45.80531179904938,26.13154649734497
stim_92_flute.wav,35.00000059604645,40.000001192092896,41.56298786401749,27.33916997909546
stim_92_flute.wav,40.000000298023224,30.0,46.873072385787964,28.23114573955536
stim_92_flute.wav,64.9999988079071,0.0,50.72353899478912,20.725731253623962
stim_92_flute.wav,50.00000238418579,40.000001192092896,44.48886215686798,27.964866757392883
stim_92_flute.wav,60.00000178813934,60.0,52.827630043029785,25.756811499595642
stim_92_flute.wav,60.00000178813934,20.000000596046448,53.21952223777771,31.479145288467407
stim_92_flute.wav,45.0,0.0,47.524462938308716,23.816887736320496
stim_92_flute.wav,84.99999761581421,10.000000298023224,53.25625240802765,24.371713399887085
stim_92_flute.wav,74.99999821186066,10.000000298023224,57.6633095741272,17.7179753780365
stim_92_flute.wav,50.00000238418579,30.0,46.47688329219818,26.38033926486969
stim_92_flute.wav,20.000000149011612,30.0,40.71793109178543,22.39918291568756
stim_92_flute.wav,74.99999821186066,40.000001192092896,45.743207931518555,27.975475788116455
stim_92_flute.wav,74.99999821186066,49.999998807907104,50.9953111410141,29.79269027709961
stim_92_flute.wav,35.00000059604645,10.000000298023224,43.58050525188446,27.42681384086609
stim_92_flute.wav,80.00000059604645,0.0,51.94381535053253,23.47657084465027
stim_92_flute.wav,45.0,20.000000596046448,47.189873456954956,21.310279369354248
stim_92_flute.wav,15.000000447034836,10.000000298023224,43.282369673252106,28.292341232299805
stim_92_flute.wav,10.000000074505806,0.0,26.56940460205078,31.39775276184082
stim_92_flute.wav,30.00000089406967,49.999998807907104,38.110550343990326,36.037434339523315
stim_92_flute.wav,64.9999988079071,20.000000596046448,52.56626486778259,28.7688410282135
stim_92_flute.wav,64.9999988079071,10.000000298023224,48.4250682592392,22.915475964546204
stim_92_flute.wav,40.000000298023224,60.0,42.14453637599945,29.573670029640198
stim_92_flute.wav,0.0,40.000001192092896,36.547366976737976,29.20486271381378
stim_92_flute.wav,74.99999821186066,49.999998807907104,51.217639446258545,25.08802056312561
stim_92_flute.wav,84.99999761581421,60.0,60.437132120132446,21.509560346603394
stim_92_flute.wav,15.000000447034836,49.999998807907104,24.86207127571106,29.416029453277588
stim_92_flute.wav,74.99999821186066,40.000001192092896,50.36101162433624,26.199814081192017
stim_92_flute.wav,84.99999761581421,40.000001192092896,48.87341558933258,27.836440801620483
stim_92_flute.wav,45.0,60.0,43.70435893535614,24.889590740203857
stim_92_flute.wav,25.000001192092896,0.0,48.112719655036926,28.45881700515747
stim_92_flute.wav,70.0000011920929,0.0,53.997947573661804,19.437707662582397
stim_92_flute.wav,64.9999988079071,20.000000596046448,59.39377963542938,22.47047781944275
stim_92_flute.wav,54.99999940395355,30.0,44.092522859573364,26.34043514728546
stim_92_flute.wav,45.0,40.000001192092896,47.00294494628906,33.33697557449341
stim_92_flute.wav,50.00000238418579,30.0,46.573153138160706,24.66687262058258
stim_92_flute.wav,74.99999821186066,30.0,47.630850076675415,27.77564227581024
stim_92_flute.wav,74.99999821186066,60.0,49.19084429740906,26.519957184791565
stim_92_flute.wav,45.0,60.0,41.603856682777405,26.69375717639923
stim_92_flute.wav,20.000000149011612,30.0,40.756621956825256,27.025233507156372
stim_92_flute.wav,10.000000074505806,0.0,25.918067693710327,30.114898681640625
stim_92_flute.wav,54.99999940395355,60.0,43.95588576793671,28.09920608997345
stim_92_flute.wav,5.000000037252903,0.0,35.70880115032196,28.651215434074402
stim_92_flute.wav,64.9999988079071,49.999998807907104,50.066081285476685,25.824809074401855
stim_92_flute.wav,20.000000149011612,0.0,54.489097595214844,28.83964240550995
stim_92_flute.wav,0.0,10.000000298023224,29.26162898540497,27.545583844184875
stim_92_flute.wav,45.0,60.0,48.56729507446289,29.090834856033325
stim_92_flute.wav,54.99999940395355,60.0,44.32678163051605,29.039175510406494
stim_92_flute.wav,60.00000178813934,60.0,54.850852489471436,29.339388012886047
stim_92_flute.wav,70.0000011920929,60.0,50.591402649879456,27.86489725112915
stim_92_flute.wav,45.0,40.000001192092896,42.47605741024017,27.363865971565247
stim_92_flute.wav,10.000000074505806,40.000001192092896,27.236791849136353,28.814860582351685
stim_92_flute.wav,50.00000238418579,10.000000298023224,50.97584366798401,24.344537258148193
stim_92_flute.wav,45.0,10.000000298023224,45.290998220443726,23.398616909980774
stim_92_flute.wav,45.0,30.0,41.956894397735596,28.092284202575684
stim_92_flute.wav,5.000000037252903,10.000000298023224,41.36290043592453,28.75737726688385
stim_92_flute.wav,10.000000074505806,40.000001192092896,26.969997882843018,31.221109628677368
stim_92_flute.wav,70.0000011920929,49.999998807907104,43.112864792346954,28.52959156036377
stim_92_flute.wav,54.99999940395355,20.000000596046448,48.717273473739624,23.35514187812805
stim_92_flute.wav,45.0,60.0,40.30034065246582,29.501702785491943
stim_92_flute.wav,10.000000074505806,49.999998807907104,23.788321316242218,34.86842393875122
stim_92_flute.wav,45.0,40.000001192092896,44.30071324110031,28.471017479896545
stim_92_flute.wav,54.99999940395355,40.000001192092896,45.20744740962982,29.64322328567505
stim_92_flute.wav,74.99999821186066,40.000001192092896,52.84670054912567,26.85998797416687
stim_92_flute.wav,60.00000178813934,40.000001192092896,44.68961477279663,29.83070433139801
stim_92_flute.wav,45.0,0.0,45.57528018951416,23.822532892227173
stim_92_flute.wav,10.000000074505806,49.999998807907104,40.72285294532776,31.274807453155518
stim_92_flute.wav,30.00000089406967,49.999998807907104,39.64855581521988,32.72129774093628
stim_92_flute.wav,45.0,20.000000596046448,41.876487135887146,28.02758753299713
stim_92_flute.wav,35.00000059604645,60.0,41.98930621147156,29.746681451797485
stim_92_flute.wav,74.99999821186066,10.000000298023224,52.536717653274536,23.65039587020874
stim_92_flute.wav,20.000000149011612,49.999998807907104,34.981316328048706,23.533310294151306
stim_92_flute.wav,0.0,49.999998807907104,39.15246784687042,29.104338884353638
stim_92_flute.wav,90.0,20.000000596046448,49.13328409194946,25.52586793899536
stim_92_flute.wav,64.9999988079071,20.000000596046448,45.75360953807831,27.648720145225525
stim_92_flute.wav,10.000000074505806,10.000000298023224,30.23458421230316,28.209421634674072
stim_92_flute.wav,35.00000059604645,10.000000298023224,47.72691607475281,30.478166341781616
stim_92_flute.wav,40.000000298023224,60.0,45.711750984191895,30.01985192298889
stim_92_flute.wav,80.00000059604645,10.000000298023224,51.76588833332062,25.312492847442627
stim_92_flute.wav,84.99999761581421,0.0,47.42920696735382,27.705997824668884
stim_92_flute.wav,30.00000089406967,40.000001192092896,44.43542182445526,28.45432698726654
stim_92_flute.wav,50.00000238418579,60.0,41.82569146156311,29.210731387138367
stim_92_flute.wav,25.000001192092896,30.0,47.137237787246704,29.848262071609497
stim_92_flute.wav,74.99999821186066,40.000001192092896,46.390671730041504,28.461608290672302
stim_92_flute.wav,35.00000059604645,0.0,41.948692202568054,29.6269029378891
stim_92_flute.wav,60.00000178813934,40.000001192092896,53.10888648033142,23.62954616546631
stim_92_flute.wav,10.000000074505806,0.0,37.178115248680115,29.70450460910797
stim_92_flute.wav,0.0,49.999998807907104,37.926770746707916,27.787951827049255
stim_92_flute.wav,40.000000298023224,60.0,43.90415400266647,27.98941969871521
stim_92_flute.wav,60.00000178813934,30.0,62.75397598743439,22.557392120361328
stim_92_flute.wav,84.99999761581421,30.0,51.588932275772095,26.30555033683777
stim_92_flute.wav,70.0000011920929,30.0,48.060786724090576,27.723355293273926
stim_92_flute.wav,5.000000037252903,0.0,35.269822776317596,28.45448076725006
stim_92_flute.wav,15.000000447034836,10.000000298023224,39.462236166000366,26.7165470123291
stim_92_flute.wav,50.00000238418579,49.999998807907104,45.1022082567215,26.196781396865845
stim_92_flute.wav,60.00000178813934,0.0,43.71855854988098,27.879892587661743
stim_92_flute.wav,5.000000037252903,10.000000298023224,41.351458132267,29.89516317844391
stim_92_flute.wav,0.0,30.0,35.07252752780914,29.230722784996033
stim_92_flute.wav,10.000000074505806,0.0,35.00535428524017,30.797513723373413
stim_92_flute.wav,40.000000298023224,20.000000596046448,45.95828354358673,29.741921424865723
stim_92_flute.wav,84.99999761581421,30.0,58.31937789916992,28.2293039560318
stim_92_flute.wav,35.00000059604645,49.999998807907104,44.271632730960846,34.2793607711792
stim_92_flute.wav,25.000001192092896,0.0,41.495259404182434,28.314110040664673
stim_98_flute.wav,25.000001192092896,30.0,35.417266488075256,24.151461124420166
stim_98_flute.wav,20.000000149011612,49.999998807907104,37.557537853717804,28.09359312057495
stim_98_flute.wav,15.000000447034836,0.0,38.996615409851074,28.537319898605347
stim_98_flute.wav,0.0,0.0,36.27908706665039,31.327979564666748
stim_98_flute.wav,54.99999940395355,0.0,41.72890663146973,29.072234630584717
stim_98_flute.wav,64.9999988079071,20.000000596046448,42.91178494691849,29.26897644996643
stim_98_flute.wav,5.000000037252903,40.000001192092896,29.583636224269867,28.398613929748535
stim_98_flute.wav,35.00000059604645,30.0,45.32114624977112,27.995118498802185
stim_98_flute.wav,70.0000011920929,10.000000298023224,48.622398376464844,28.70843231678009
stim_98_flute.wav,74.99999821186066,49.999998807907104,40.87456405162811,30.857959985733032
stim_98_flute.wav,54.99999940395355,30.0,48.68797838687897,32.14304208755493
stim_98_flute.wav,35.00000059604645,40.000001192092896,38.80478113889694,28.602388501167297
stim_98_flute.wav,84.99999761581421,40.000001192092896,50.43081343173981,31.420587301254272
stim_98_flute.wav,0.0,49.999998807907104,39.41841959953308,33.06845426559448
stim_98_flute.wav,35.00000059604645,30.0,44.809842109680176,28.095175623893738
stim_98_flute.wav,45.0,40.000001192092896,44.33184564113617,31.23676300048828
stim_98_flute.wav,90.0,10.000000298023224,48.46595585346222,27.01358914375305
stim_98_flute.wav,45.0,20.000000596046448,38.99990111589432,29.165090918540955
stim_98_flute.wav,25.000001192092896,0.0,38.66901308298111,28.363441228866577
stim_98_flute.wav,10.000000074505806,30.0,37.838912308216095,28.760624527931213
stim_98_flute.wav,40.000000298023224,20.000000596046448,41.952267587184906,28.448424339294434
stim_98_flute.wav,45.0,40.000001192092896,47.97238111495972,31.993510723114014
stim_98_flute.wav,84.99999761581421,30.0,53.40384364128113,33.8019597530365
stim_98_flute.wav,60.00000178813934,49.999998807907104,45.4259991645813,28.889240026474
stim_98_flute.wav,20.000000149011612,40.000001192092896,35.853900611400604,30.082379579544067
stim_98_flute.wav,5.000000037252903,30.0,36.74423307180405,32.900497913360596
stim_98_flute.wav,40.000000298023224,49.999998807907104,49.32937502861023,31.23902678489685
stim_98_flute.wav,40.000000298023224,49.999998807907104,42.655792236328125,27.740660905838013
stim_98_flute.wav,10.000000074505806,40.000001192092896,34.04458701610565,28.695613145828247
stim_98_flute.wav,70.0000011920929,0.0,41.64089262485504,28.273673057556152
stim_98_flute.wav,10.000000074505806,30.0,34.174368381500244,29.667541980743408
stim_98_flute.wav,0.0,10.000000298023224,35.252986550331116,35.24381160736084
stim_98_flute.wav,35.00000059604645,60.0,40.78293979167938,27.94265627861023
stim_98_flute.wav,15.000000447034836,10.000000298023224,30.53297460079193,29.201509952545166
stim_98_flute.wav,5.000000037252903,10.000000298023224,19.010035693645477,30.205024480819702
stim_98_flute.wav,35.00000059604645,49.999998807907104,38.570280969142914,29.965206384658813
stim_98_flute.wav,45.0,40.000001192092896,45.15880286693573,31.457841396331787
stim_98_flute.wav,50.00000238418579,60.0,49.58836913108826,30.521421432495117
stim_98_flute.wav,84.99999761581421,20.000000596046448,49.28035497665405,29.30573880672455
stim_98_flute.wav,90.0,0.0,44.21938866376877,30.36805272102356
stim_98_flute.wav,70.0000011920929,30.0,53.06529521942139,34.36454772949219
stim_98_flute.wav,0.0,20.000000596046448,34.3032968044281,31.457555294036865
stim_98_flute.wav,45.0,60.0,42.29324609041214,30.80092191696167
stim_98_flute.wav,84.99999761581421,30.0,62.58991062641144,37.66618251800537
stim_98_flute.wav,84.99999761581421,0.0,41.86292588710785,28.38220238685608
stim_98_flute.wav,54.99999940395355,20.000000596046448,44.88293766975403,30.467644929885864
stim_98_flute.wav,25.000001192092896,0.0,40.47430604696274,28.392539620399475
stim_98_flute.wav,54.99999940395355,49.999998807907104,47.138187289237976,30.903639793395996
stim_98_flute.wav,80.00000059604645,0.0,41.87969505786896,28.156152963638306
stim_98_flute.wav,0.0,40.000001192092896,39.53363925218582,33.92545938491821
stim_98_flute.wav,35.00000059604645,60.0,42.10095316171646,28.611220121383667
stim_98_flute.wav,20.000000149011612,40.000001192092896,33.68984878063202,30.18694281578064
stim_98_flute.wav,80.00000059604645,49.999998807907104,46.360217928886414,28.132815957069397
stim_98_flute.wav,10.000000074505806,20.000000596046448,34.12584185600281,29.424026012420654
stim_98_flute.wav,70.0000011920929,0.0,40.18890023231506,28.386535048484802
stim_98_flute.wav,90.0,60.0,44.06899452209473,28.858165740966797
stim_98_flute.wav,0.0,60.0,43.559511601924896,31.012694835662842
stim_98_flute.wav,54.99999940395355,10.000000298023224,49.04139161109924,33.930158615112305
stim_98_flute.wav,74.99999821186066,10.000000298023224,44.381879568099976,28.625594973564148
stim_98_flute.wav,40.000000298023224,60.0,43.121313750743866,29.654658436775208
stim_98_flute.wav,90.0,49.999998807907104,53.60628604888916,34.864983558654785
stim_98_flute.wav,45.0,40.000001192092896,43.78913015127182,29.449961185455322
stim_98_flute.wav,15.000000447034836,49.999998807907104,32.595901787281036,30.30394434928894
stim_98_flute.wav,54.99999940395355,20.000000596046448,49.45039629936218,34.65112566947937
stim_98_flute.wav,74.99999821186066,40.000001192092896,54.67698097229004,33.41742753982544
stim_98_flute.wav,10.000000074505806,40.000001192092896,35.623638331890106,29.81107771396637
stim_98_flute.wav,5.000000037252903,20.000000596046448,26.762697994709015,30.730608701705933
stim_98_flute.wav,20.000000149011612,20.000000596046448,37.61213421821594,29.23667550086975
stim_98_flute.wav,40.000000298023224,49.999998807907104,48.361204862594604,32.211631536483765
stim_98_flute.wav,84.99999761581421,30.0,43.67403656244278,28.866142630577087
stim_98_flute.wav,60.00000178813934,49.999998807907104,46.39610052108765,29.533751606941223
stim_98_flute.wav,10.000000074505806,30.0,38.323445320129395,27.987613677978516
stim_98_flute.wav,70.0000011920929,20.000000596046448,50.4670125246048,28.830912709236145
stim_98_flute.wav,45.0,49.999998807907104,43.73309075832367,28.322905898094177
stim_98_flute.wav,10.000000074505806,30.0,36.72379732131958,29.346599578857422
stim_98_flute.wav,50.00000238418579,30.0,47.934004068374634,30.61370015144348
stim_98_flute.wav,50.00000238418579,30.0,42.691487073898315,29.766218662261963
stim_98_flute.wav,70.0000011920929,20.000000596046448,47.702486515045166,27.568482756614685
stim_98_flute.wav,74.99999821186066,0.0,41.358434557914734,28.27678084373474
stim_98_flute.wav,45.0,40.000001192092896,50.52609622478485,31.921666860580444
stim_98_flute.wav,70.0000011920929,30.0,48.829121589660645,32.05373525619507
stim_98_flute.wav,45.0,0.0,49.08747732639313,31.097030639648438
stim_98_flute.wav,10.000000074505806,0.0,33.97274136543274,29.81335759162903
stim_98_flute.wav,35.00000059604645,20.000000596046448,44.03225094079971,29.583574533462524
stim_98_flute.wav,54.99999940395355,60.0,47.97974646091461,32.35241889953613
stim_98_flute.wav,30.00000089406967,30.0,43.40365648269653,27.745174169540405
stim_98_flute.wav,80.00000059604645,60.0,43.78798484802246,29.590952396392822
stim_98_flute.wav,15.000000447034836,10.000000298023224,42.55563586950302,27.209152579307556
stim_98_flute.wav,35.00000059604645,10.000000298023224,45.20532310009003,32.36872673034668
stim_98_flute.wav,10.000000074505806,10.000000298023224,39.595008194446564,29.85505521297455
stim_98_flute.wav,30.00000089406967,60.0,47.05064535140991,34.78408098220825
stim_98_flute.wav,60.00000178813934,60.0,50.9151828289032,30.681992769241333
stim_98_flute.wav,40.000000298023224,49.999998807907104,39.622425734996796,28.696637749671936
stim_98_flute.wav,50.00000238418579,40.000001192092896,44.35874283313751,28.43318223953247
stim_98_flute.wav,84.99999761581421,49.999998807907104,53.84450376033783,31.701807975769043
stim_98_flute.wav,74.99999821186066,20.000000596046448,51.21577799320221,27.795894742012024
stim_98_flute.wav,64.9999988079071,60.0,58.10150742530823,33.65319013595581
stim_98_flute.wav,25.000001192092896,49.999998807907104,37.26567596197128,28.317241072654724
stim_98_flute.wav,5.000000037252903,40.000001192092896,34.23462688922882,31.017297506332397
stim_98_flute.wav,35.00000059604645,10.000000298023224,44.375656843185425,29.496341943740845
stim_98_flute.wav,60.00000178813934,20.000000596046448,51.596426367759705,29.71349537372589
stim_98_flute.wav,50.00000238418579,49.999998807907104,47.57007122039795,33.671936988830566
stim_98_flute.wav,5.000000037252903,49.999998807907104,42.24846929311752,32.16608762741089
stim_98_flute.wav,70.0000011920929,40.000001192092896,50.58426260948181,31.9184410572052
stim_98_flute.wav,54.99999940395355,60.0,58.231149315834045,33.110371828079224
stim_98_flute.wav,70.0000011920929,49.999998807907104,54.17276322841644,30.49930214881897
stim_98_flute.wav,84.99999761581421,0.0,43.22653412818909,28.3548903465271
stim_98_flute.wav,74.99999821186066,10.000000298023224,43.97747218608856,28.20965588092804
stim_98_flute.wav,15.000000447034836,0.0,36.75853192806244,28.40712547302246
stim_98_flute.wav,15.000000447034836,60.0,41.31082534790039,29.168949723243713
stim_98_flute.wav,25.000001192092896,60.0,43.303062915802,27.7536678314209
stim_98_flute.wav,10.000000074505806,30.0,41.51977479457855,31.35369300842285
stim_98_flute.wav,80.00000059604645,0.0,40.85335046052933,28.344964385032654
stim_98_flute.wav,54.99999940395355,30.0,43.11351925134659,29.037845134735107
stim_98_flute.wav,45.0,40.000001192092896,46.25272035598755,30.19746422767639
stim_98_flute.wav,5.000000037252903,20.000000596046448,39.037387669086456,30.612956285476685
stim_98_flute.wav,5.000000037252903,60.0,31.170605421066284,32.74515151977539
stim_98_flute.wav,90.0,40.000001192092896,46.26733839511871,28.434115648269653
stim_98_flute.wav,70.0000011920929,40.000001192092896,45.936933159828186,31.468963623046875
stim_98_flute.wav,40.000000298023224,40.000001192092896,41.87647104263306,27.977448105812073
stim_98_flute.wav,10.000000074505806,40.000001192092896,28.71272563934326,32.12052941322327
stim_98_flute.wav,60.00000178813934,40.000001192092896,49.687321186065674,31.428565979003906
stim_98_flute.wav,5.000000037252903,49.999998807907104,38.92606794834137,29.834046363830566
stim_89_flute.wav,10.000000074505806,0.0,26.51324450969696,28.69968295097351
stim_89_flute.wav,20.000000149011612,0.0,33.53494316339493,29.700711965560913
stim_89_flute.wav,64.9999988079071,49.999998807907104,50.220844745635986,30.980844497680664
stim_89_flute.wav,50.00000238418579,20.000000596046448,43.994879722595215,29.757651686668396
stim_89_flute.wav,35.00000059604645,49.999998807907104,43.21584016084671,24.67766582965851
stim_89_flute.wav,25.000001192092896,30.0,35.37093937397003,32.63222694396973
stim_89_flute.wav,70.0000011920929,30.0,54.144959449768066,33.224873542785645
stim_89_flute.wav,70.0000011920929,30.0,55.65078914165497,30.534803867340088
stim_89_flute.wav,74.99999821186066,0.0,62.75389015674591,21.065315008163452
stim_89_flute.wav,80.00000059604645,20.000000596046448,55.069114565849304,24.606487154960632
stim_89_flute.wav,10.000000074505806,0.0,31.481567323207855,29.269822239875793
stim_89_flute.wav,10.000000074505806,60.0,27.8412464261055,30.758850574493408
stim_89_flute.wav,10.000000074505806,10.000000298023224,26.92501723766327,25.089613795280457
stim_89_flute.wav,54.99999940395355,60.0,53.28717827796936,31.708005666732788
stim_89_flute.wav,25.000001192092896,20.000000596046448,30.368018746376038,31.33327603340149
stim_89_flute.wav,64.9999988079071,60.0,50.38687348365784,32.460118532180786
stim_89_flute.wav,54.99999940395355,10.000000298023224,63.544766306877136,37.14221477508545
stim_89_flute.wav,54.99999940395355,60.0,67.30691313743591,34.1954505443573
stim_89_flute.wav,64.9999988079071,30.0,65.78611135482788,36.67468070983887
stim_89_flute.wav,80.00000059604645,40.000001192092896,56.08087599277496,33.399635553359985
stim_89_flute.wav,35.00000059604645,49.999998807907104,43.21914464235306,22.6705402135849
stim_89_flute.wav,5.000000037252903,0.0,29.042436182498932,27.042914628982544
stim_89_flute.wav,45.0,10.000000298023224,42.94547080993652,26.990942358970642
stim_89_flute.wav,45.0,30.0,47.22944140434265,28.808351755142212
stim_89_flute.wav,60.00000178813934,0.0,65.66763281822205,33.99195313453674
stim_89_flute.wav,64.9999988079071,49.999998807907104,48.31758677959442,31.663867235183716
stim_89_flute.wav,35.00000059604645,49.999998807907104,48.38324725627899,25.872995853424072
stim_89_flute.wav,64.9999988079071,30.0,52.169437408447266,32.860790491104126
stim_89_flute.wav,5.000000037252903,30.0,27.81921476125717,28.25471341609955
stim_89_flute.wav,64.9999988079071,0.0,45.09320676326752,23.753557205200195
stim_89_flute.wav,30.00000089406967,0.0,49.18630599975586,23.31745147705078
stim_89_flute.wav,40.000000298023224,60.0,47.462841868400574,32.96727418899536
stim_89_flute.wav,64.9999988079071,30.0,51.517789363861084,30.947341918945312
stim_89_flute.wav,64.9999988079071,60.0,49.81557369232178,31.31069540977478
stim_89_flute.wav,5.000000037252903,60.0,29.66707706451416,30.8556067943573
stim_89_flute.wav,84.99999761581421,10.000000298023224,47.97812104225159,29.541417360305786
stim_89_flute.wav,20.000000149011612,10.000000298023224,30.910567939281464,28.971036672592163
stim_89_flute.wav,0.0,40.000001192092896,30.988360047340393,30.121049880981445
stim_89_flute.wav,10.000000074505806,20.000000596046448,29.64588761329651,29.039377570152283
stim_89_flute.wav,74.99999821186066,20.000000596046448,44.15222346782684,25.890843272209167
stim_89_flute.wav,54.99999940395355,60.0,44.5696234703064,30.0839102268219
stim_89_flute.wav,5.000000037252903,40.000001192092896,20.934901535511017,24.100685119628906
stim_89_flute.wav,25.000001192092896,30.0,33.59768807888031,33.348634243011475
stim_89_flute.wav,40.000000298023224,49.999998807907104,38.58259230852127,25.610488057136536
stim_89_flute.wav,90.0,30.0,59.70373034477234,18.412665724754333
stim_89_flute.wav,45.0,10.000000298023224,44.80983406305313,29.34185028076172
stim_89_flute.wav,40.000000298023224,0.0,43.95281195640564,28.775694966316223
stim_89_flute.wav,84.99999761581421,0.0,45.01371681690216,27.28262722492218
stim_89_flute.wav,84.99999761581421,60.0,49.46240186691284,31.945327520370483
stim_89_flute.wav,64.9999988079071,20.000000596046448,49.656089544296265,32.40907430648804
stim_89_flute.wav,5.000000037252903,49.999998807907104,31.172507107257843,28.052748441696167
stim_89_flute.wav,84.99999761581421,60.0,62.26278305053711,33.77356767654419
stim_89_flute.wav,60.00000178813934,0.0,46.557692885398865,30.613768100738525
stim_89_flute.wav,50.00000238418579,49.999998807907104,48.32984983921051,28.530811071395874
stim_89_flute.wav,25.000001192092896,10.000000298023224,45.08438229560852,26.92092776298523
stim_89_flute.wav,30.00000089406967,30.0,44.73224312067032,28.452000617980957
stim_89_flute.wav,80.00000059604645,0.0,52.001429200172424,27.942827939987183
stim_89_flute.wav,70.0000011920929,0.0,57.348514795303345,20.60958445072174
stim_89_flute.wav,54.99999940395355,49.999998807907104,44.57094043493271,30.649698972702026
stim_89_flute.wav,74.99999821186066,60.0,48.92891585826874,27.815575003623962
stim_89_flute.wav,64.9999988079071,49.999998807907104,47.46747672557831,28.09720516204834
stim_89_flute.wav,20.000000149011612,10.000000298023224,29.800275564193726,25.223373770713806
stim_89_flute.wav,30.00000089406967,20.000000596046448,40.7809978723526,33.721357583999634
stim_89_flute.wav,54.99999940395355,60.0,49.55936908721924,30.973384380340576
stim_89_flute.wav,84.99999761581421,10.000000298023224,45.85426211357117,28.913503289222717
stim_89_flute.wav,70.0000011920929,60.0,49.30797636508942,31.540017127990723
stim_89_flute.wav,35.00000059604645,10.000000298023224,41.18719160556793,32.61478543281555
stim_89_flute.wav,0.0,40.000001192092896,12.269880473613739,25.077441930770874
stim_89_flute.wav,54.99999940395355,40.000001192092896,48.639070987701416,30.989978313446045
stim_89_flute.wav,64.9999988079071,20.000000596046448,57.551016211509705,31.110563278198242
stim_89_flute.wav,35.00000059604645,40.000001192092896,44.33215409517288,30.982224941253662
stim_89_flute.wav,84.99999761581421,30.0,67.75528728961945,34.28806185722351
stim_89_flute.wav,10.000000074505806,60.0,26.320686042308807,30.33698558807373
stim_89_flute.wav,5.000000037252903,10.000000298023224,20.554898232221603,23.82735550403595
stim_89_flute.wav,60.00000178813934,49.999998807907104,54.649085998535156,31.507365703582764
stim_89_flute.wav,15.000000447034836,60.0,23.38925689458847,32.23186254501343
stim_89_flute.wav,20.000000149011612,0.0,31.70376420021057,36.4366614818573
stim_89_flute.wav,40.000000298023224,0.0,40.04148602485657,30.90195894241333
stim_89_flute.wav,74.99999821186066,20.000000596046448,48.60176682472229,30.119004249572754
stim_89_flute.wav,30.00000089406967,30.0,36.74274981021881,25.24363338947296
stim_89_flute.wav,70.0000011920929,60.0,56.54011845588684,35.283976793289185
stim_89_flute.wav,15.000000447034836,40.000001192092896,31.475518941879272,31.896085739135742
stim_89_flute.wav,20.000000149011612,40.000001192092896,29.513863921165466,36.94648504257202
stim_89_flute.wav,35.00000059604645,40.000001192092896,42.382483184337616,26.11580193042755
stim_89_flute.wav,74.99999821186066,30.0,51.95106267929077,28.187933564186096
stim_89_flute.wav,15.000000447034836,20.000000596046448,26.63414776325226,30.136871337890625
stim_89_flute.wav,25.000001192092896,10.000000298023224,42.13923901319504,25.72450876235962
stim_89_flute.wav,60.00000178813934,60.0,47.54732608795166,30.52770495414734
stim_89_flute.wav,40.000000298023224,30.0,38.69541943073273,32.162500619888306
stim_89_flute.wav,10.000000074505806,60.0,27.15899169445038,32.68232345581055
stim_89_flute.wav,60.00000178813934,60.0,50.75787663459778,31.00216269493103
stim_89_flute.wav,54.99999940395355,20.000000596046448,56.67180955410004,27.065858244895935
stim_89_flute.wav,25.000001192092896,40.000001192092896,34.703428745269775,35.977803468704224
stim_89_flute.wav,35.00000059604645,49.999998807907104,46.146204471588135,26.76523983478546
stim_89_flute.wav,54.99999940395355,40.000001192092896,45.89755833148956,30.831996202468872
stim_89_flute.wav,5.000000037252903,20.000000596046448,24.796035289764404,22.69822597503662
stim_89_flute.wav,84.99999761581421,30.0,60.70328772068024,33.93213629722595
stim_89_flute.wav,70.0000011920929,0.0,43.38734596967697,23.992647528648376
stim_89_flute.wav,10.000000074505806,30.0,34.1370615363121,32.54665732383728
stim_89_flute.wav,35.00000059604645,49.999998807907104,37.98341631889343,27.2560715675354
stim_89_flute.wav,64.9999988079071,20.000000596046448,53.16852807998657,33.32048535346985
stim_89_flute.wav,84.99999761581421,20.000000596046448,59.67372179031372,33.88880968093872
stim_89_flute.wav,80.00000059604645,60.0,56.941747069358826,30.849984884262085
stim_89_flute.wav,5.000000037252903,49.999998807907104,12.501344382762909,21.875789165496826
stim_89_flute.wav,60.00000178813934,30.0,53.67915630340576,30.551061630249023
stim_89_flute.wav,30.00000089406967,40.000001192092896,40.8436918258667,28.72378706932068
stim_89_flute.wav,64.9999988079071,60.0,45.48767387866974,29.904245138168335
stim_89_flute.wav,70.0000011920929,20.000000596046448,62.51100540161133,25.809561610221863
stim_89_flute.wav,70.0000011920929,40.000001192092896,59.75114107131958,37.55634784698486
stim_89_flute.wav,80.00000059604645,10.000000298023224,44.6546334028244,29.19540524482727
stim_89_flute.wav,0.0,49.999998807907104,37.84273445606232,36.36632680892944
stim_89_flute.wav,74.99999821186066,10.000000298023224,49.96037006378174,23.5879647731781
stim_89_flute.wav,80.00000059604645,0.0,55.37558913230896,28.998493552207947
stim_89_flute.wav,70.0000011920929,0.0,53.926021456718445,22.751415967941284
stim_89_flute.wav,15.000000447034836,40.000001192092896,27.53656357526779,28.454065918922424
stim_89_flute.wav,10.000000074505806,40.000001192092896,26.369622945785522,31.56417489051819
stim_89_flute.wav,0.0,10.000000298023224,36.38679921627045,28.564234972000122
stim_89_flute.wav,35.00000059604645,30.0,49.47126388549805,26.443122625350952
stim_89_flute.wav,10.000000074505806,40.000001192092896,30.600676238536835,29.18129861354828
stim_89_flute.wav,5.000000037252903,60.0,31.34775996208191,29.190852642059326
stim_89_flute.wav,20.000000149011612,20.000000596046448,34.95895743370056,32.3700213432312
stim_89_flute.wav,45.0,20.000000596046448,52.844334840774536,30.32773733139038
stim_89_flute.wav,74.99999821186066,20.000000596046448,52.53121376037598,24.069879055023193
stim_89_flute.wav,74.99999821186066,30.0,50.25254845619202,31.545839309692383
stim_89_flute.wav,20.000000149011612,30.0,23.14984828233719,31.334939002990723
stim_89_flute.wav,20.000000149011612,60.0,31.75200641155243,39.976762533187866
stim_89_flute.wav,0.0,40.000001192092896,27.406468391418457,30.08901357650757
stim_89_flute.wav,60.00000178813934,0.0,50.22107541561127,30.154595375061035
stim_89_flute.wav,80.00000059604645,10.000000298023224,46.576672196388245,21.961103081703186
stim_89_flute.wav,35.00000059604645,60.0,42.85787254571915,29.29217219352722
stim_89_flute.wav,10.000000074505806,30.0,23.235198855400085,24.145880341529846
stim_89_flute.wav,70.0000011920929,30.0,53.70859086513519,31.04288935661316
stim_89_flute.wav,74.99999821186066,40.000001192092896,47.44915723800659,30.375730991363525
stim_89_flute.wav,25.000001192092896,60.0,41.06547832489014,27.235368490219116
stim_107_flute.wav,60.00000178813934,49.999998807907104,52.34933316707611,22.417250275611877
stim_107_flute.wav,35.00000059604645,20.000000596046448,51.29845976829529,27.693598866462708
stim_107_flute.wav,35.00000059604645,30.0,50.15514135360718,18.60429346561432
stim_107_flute.wav,15.000000447034836,30.0,38.72023791074753,24.939218759536743
stim_107_flute.wav,30.00000089406967,60.0,51.432870626449585,24.462286233901978
stim_107_flute.wav,5.000000037252903,30.0,40.47195374965668,32.83424377441406
stim_107_flute.wav,0.0,60.0,46.75109624862671,27.91312873363495
stim_107_flute.wav,50.00000238418579,30.0,52.0973664522171,31.0435152053833
stim_107_flute.wav,15.000000447034836,0.0,38.188857436180115,25.641401410102844
stim_107_flute.wav,25.000001192092896,60.0,39.89970713853836,27.312272787094116
stim_107_flute.wav,35.00000059604645,40.000001192092896,39.293844401836395,27.20215380191803
stim_107_flute.wav,84.99999761581421,30.0,51.39153242111206,19.692825078964233
stim_107_flute.wav,60.00000178813934,10.000000298023224,52.84406661987305,26.18636906147003
stim_107_flute.wav,15.000000447034836,10.000000298023224,43.653820753097534,26.89491033554077
stim_107_flute.wav,50.00000238418579,49.999998807907104,49.315030574798584,29.435672163963318
stim_107_flute.wav,54.99999940395355,30.0,53.412920236587524,30.40448784828186
stim_107_flute.wav,70.0000011920929,60.0,48.70609939098358,26.37530744075775
stim_107_flute.wav,50.00000238418579,60.0,48.01552176475525,24.455208778381348
stim_107_flute.wav,40.000000298023224,40.000001192092896,49.26665961742401,22.246631383895874
stim_107_flute.wav,45.0,30.0,50.950459241867065,24.333366751670837
stim_107_flute.wav,84.99999761581421,60.0,46.90992057323456,22.83370614051819
stim_107_flute.wav,20.000000149011612,60.0,39.283000230789185,27.412957549095154
stim_107_flute.wav,10.000000074505806,30.0,40.35976767539978,24.740737080574036
stim_107_flute.wav,70.0000011920929,10.000000298023224,52.29773283004761,23.616238832473755
stim_107_flute.wav,25.000001192092896,20.000000596046448,39.347421526908875,22.486038208007812
stim_107_flute.wav,80.00000059604645,40.000001192092896,50.94757854938507,26.920976042747498
stim_107_flute.wav,90.0,60.0,49.59300398826599,24.258504509925842
stim_107_flute.wav,64.9999988079071,20.000000596046448,51.520546674728394,25.271233320236206
stim_107_flute.wav,54.99999940395355,30.0,54.149985909461975,30.996304750442505
stim_107_flute.wav,50.00000238418579,10.000000298023224,56.820645332336426,16.29980742931366
stim_107_flute.wav,10.000000074505806,10.000000298023224,37.6022207736969,27.294110655784607
stim_107_flute.wav,25.000001192092896,60.0,38.70550990104675,26.787673830986023
stim_107_flute.wav,15.000000447034836,49.999998807907104,37.001304030418396,27.512810826301575
stim_107_flute.wav,54.99999940395355,0.0,54.80779767036438,21.761634349822998
stim_107_flute.wav,70.0000011920929,40.000001192092896,55.29921054840088,28.473104238510132
stim_107_flute.wav,50.00000238418579,40.000001192092896,48.91357898712158,23.679606914520264
stim_107_flute.wav,70.0000011920929,30.0,51.994391083717346,22.10271656513214
stim_107_flute.wav,50.00000238418579,49.999998807907104,42.273118793964386,24.566774368286133
stim_107_flute.wav,5.000000037252903,60.0,31.596239805221558,29.338881969451904
stim_107_flute.wav,64.9999988079071,60.0,46.95132315158844,22.964812517166138
stim_107_flute.wav,25.000001192092896,0.0,41.57605022192001,28.364607095718384
stim_107_flute.wav,54.99999940395355,49.999998807907104,49.34268414974213,23.76641035079956
stim_107_flute.wav,70.0000011920929,20.000000596046448,53.846590518951416,24.31113839149475
stim_107_flute.wav,80.00000059604645,0.0,48.62531125545502,22.35826849937439
stim_107_flute.wav,5.000000037252903,40.000001192092896,35.273258686065674,27.784810066223145
stim_107_flute.wav,90.0,10.000000298023224,58.3846789598465,23.440479040145874
stim_107_flute.wav,0.0,20.000000596046448,45.202592611312866,27.3100483417511
stim_107_flute.wav,10.000000074505806,0.0,33.17825764417648,29.431875944137573
stim_107_flute.wav,64.9999988079071,30.0,57.81904399394989,23.787716031074524
stim_107_flute.wav,15.000000447034836,30.0,42.144176959991455,27.395178079605103
stim_107_flute.wav,25.000001192092896,40.000001192092896,40.859559774398804,26.314423084259033
stim_107_flute.wav,74.99999821186066,20.000000596046448,46.0651695728302,22.554577589035034
stim_107_flute.wav,30.00000089406967,10.000000298023224,47.480292320251465,25.120246410369873
stim_107_flute.wav,40.000000298023224,10.000000298023224,45.488017201423645,22.78759002685547
stim_107_flute.wav,50.00000238418579,20.000000596046448,51.83682203292847,24.80588436126709
stim_107_flute.wav,25.000001192092896,20.000000596046448,36.9654455780983,23.21581721305847
stim_107_flute.wav,74.99999821186066,0.0,45.688040256500244,27.183752059936523
stim_107_flute.wav,90.0,30.0,66.22968435287476,31.177107095718384
stim_107_flute.wav,90.0,49.999998807907104,56.76656663417816,24.77992594242096
stim_107_flute.wav,50.00000238418579,0.0,52.319995164871216,21.48539364337921
stim_107_flute.wav,45.0,20.000000596046448,49.9487829208374,34.51186180114746
stim_107_flute.wav,10.000000074505806,20.000000596046448,36.48663640022278,28.00678253173828
stim_107_flute.wav,20.000000149011612,60.0,41.52227461338043,26.149370670318604
stim_107_flute.wav,30.00000089406967,30.0,47.0479416847229,22.48739182949066
stim_107_flute.wav,70.0000011920929,0.0,50.25127172470093,20.783979892730713
stim_107_flute.wav,64.9999988079071,20.000000596046448,56.076820492744446,22.820951342582703
stim_107_flute.wav,54.99999940395355,49.999998807907104,48.78031611442566,29.06252682209015
stim_107_flute.wav,5.000000037252903,60.0,34.8207888007164,28.528321981430054
stim_107_flute.wav,84.99999761581421,10.000000298023224,50.16055941581726,24.34764325618744
stim_107_flute.wav,60.00000178813934,10.000000298023224,50.739465951919556,24.15460467338562
stim_107_flute.wav,20.000000149011612,30.0,39.65128630399704,28.417106866836548
stim_107_flute.wav,10.000000074505806,10.000000298023224,27.612867057323456,32.50809073448181
stim_107_flute.wav,50.00000238418579,10.000000298023224,52.40487098693848,20.265163779258728
stim_107_flute.wav,0.0,49.999998807907104,47.27610647678375,24.138375520706177
stim_107_flute.wav,25.000001192092896,10.000000298023224,44.03600871562958,24.06800150871277
stim_107_flute.wav,84.99999761581421,0.0,56.511520743370056,22.954543232917786
stim_107_flute.wav,5.000000037252903,49.999998807907104,32.74500846862793,27.43270754814148
stim_107_flute.wav,60.00000178813934,49.999998807907104,49.26700830459595,25.363324284553528
stim_107_flute.wav,84.99999761581421,0.0,51.48285627365112,23.233339190483093
stim_107_flute.wav,64.9999988079071,0.0,52.0232892036438,20.983636379241943
stim_107_flute.wav,45.0,0.0,52.7793824672699,27.715564370155334
stim_107_flute.wav,5.000000037252903,0.0,40.65246909856796,28.517315983772278
stim_107_flute.wav,70.0000011920929,10.000000298023224,47.29562222957611,22.328360080718994
stim_107_flute.wav,74.99999821186066,60.0,43.90273243188858,23.097928762435913
stim_107_flute.wav,15.000000447034836,10.000000298023224,43.02266746759415,28.910640478134155
stim_107_flute.wav,15.000000447034836,30.0,40.54057002067566,28.487019538879395
stim_107_flute.wav,10.000000074505806,40.000001192092896,28.56736868619919,29.03368055820465
stim_107_flute.wav,10.000000074505806,60.0,37.98214763402939,29.256234169006348
stim_107_flute.wav,20.000000149011612,0.0,41.811237037181854,28.290613889694214
stim_107_flute.wav,25.000001192092896,10.000000298023224,36.522658467292786,16.68496012687683
stim_107_flute.wav,84.99999761581421,49.999998807907104,44.2231222987175,23.257307410240173
stim_107_flute.wav,64.9999988079071,60.0,50.6512588262558,23.662734031677246
stim_107_flute.wav,10.000000074505806,30.0,34.36367601156235,22.85553216934204
stim_107_flute.wav,25.000001192092896,30.0,43.12559723854065,27.19728112220764
stim_107_flute.wav,30.00000089406967,10.000000298023224,50.518532395362854,23.303604125976562
stim_107_flute.wav,50.00000238418579,30.0,53.01477313041687,38.11280965805054
stim_107_flute.wav,35.00000059604645,60.0,49.26866590976715,29.58534300327301
stim_107_flute.wav,54.99999940395355,49.999998807907104,48.36123704910278,22.762391567230225
stim_107_flute.wav,90.0,20.000000596046448,49.30495619773865,23.19423794746399
stim_107_flute.wav,54.99999940395355,40.000001192092896,49.13533866405487,26.64631426334381
stim_107_flute.wav,0.0,10.000000298023224,45.26409029960632,26.51173174381256
stim_107_flute.wav,35.00000059604645,20.000000596046448,57.502055168151855,24.457220435142517
stim_107_flute.wav,45.0,20.000000596046448,50.404366850852966,26.111454963684082
stim_107_flute.wav,10.000000074505806,30.0,40.35918027162552,26.43336832523346
stim_107_flute.wav,40.000000298023224,40.000001192092896,49.55730378627777,22.473875284194946
stim_107_flute.wav,0.0,10.000000298023224,43.24831634759903,26.888537406921387
stim_107_flute.wav,45.0,49.999998807907104,48.75934660434723,29.048264622688293
stim_107_flute.wav,25.000001192092896,60.0,45.40757775306702,27.817752957344055
stim_107_flute.wav,70.0000011920929,0.0,48.6199951171875,27.454726696014404
stim_107_flute.wav,35.00000059604645,30.0,45.415130853652954,23.806080222129822
stim_107_flute.wav,40.000000298023224,60.0,50.11832535266876,27.05751657485962
stim_107_flute.wav,64.9999988079071,0.0,54.97235119342804,24.683403968811035
stim_107_flute.wav,84.99999761581421,20.000000596046448,46.620622873306274,22.733062505722046
stim_107_flute.wav,20.000000149011612,49.999998807907104,44.10162091255188,26.109391450881958
stim_107_flute.wav,5.000000037252903,0.0,37.83049821853638,31.674277782440186
stim_107_flute.wav,70.0000011920929,49.999998807907104,48.63068640232086,23.35775077342987
stim_107_flute.wav,35.00000059604645,40.000001192092896,36.11303150653839,29.068016409873962
stim_107_flute.wav,84.99999761581421,20.000000596046448,46.87724053859711,24.527167081832886
stim_55_flute.wav,5.000000037252903,30.0,17.660777270793915,34.28967475891113
stim_55_flute.wav,30.00000089406967,30.0,47.28386342525482,45.30872583389282
stim_55_flute.wav,80.00000059604645,30.0,67.02195525169373,26.468748450279236
stim_55_flute.wav,25.000001192092896,49.999998807907104,32.60535657405853,35.59219837188721
stim_55_flute.wav,80.00000059604645,49.999998807907104,57.244713306427,31.535757780075073
stim_55_flute.wav,20.000000149011612,49.999998807907104,17.38099604845047,24.486921429634094
stim_55_flute.wav,60.00000178813934,20.000000596046448,59.44484889507294,30.272587537765503
stim_55_flute.wav,84.99999761581421,10.000000298023224,62.5716769695282,33.373475074768066
stim_55_flute.wav,30.00000089406967,40.000001192092896,32.457947731018066,33.30489635467529
stim_55_flute.wav,20.000000149011612,30.0,14.21332061290741,19.95010256767273
stim_55_flute.wav,5.000000037252903,10.000000298023224,30.76944887638092,32.74326682090759
stim_55_flute.wav,74.99999821186066,49.999998807907104,52.32329964637756,25.814359188079834
stim_55_flute.wav,50.00000238418579,30.0,55.708805322647095,37.37157583236694
stim_55_flute.wav,5.000000037252903,49.999998807907104,18.822865784168243,34.55729842185974
stim_55_flute.wav,35.00000059604645,0.0,41.74920290708542,23.60377550125122
stim_55_flute.wav,25.000001192092896,30.0,31.814314126968384,27.189728021621704
stim_55_flute.wav,0.0,40.000001192092896,30.019090175628662,29.477198123931885
stim_55_flute.wav,0.0,40.000001192092896,4.76381242275238,31.65048837661743
stim_55_flute.wav,40.000000298023224,0.0,51.27796769142151,38.89180541038513
stim_55_flute.wav,50.00000238418579,0.0,49.41022753715515,26.083179116249084
stim_55_flute.wav,5.000000037252903,20.000000596046448,17.327888309955597,25.977746844291687
stim_55_flute.wav,15.000000447034836,30.0,15.059471726417542,26.069018840789795
stim_55_flute.wav,10.000000074505806,20.000000596046448,27.385893166065216,30.343862771987915
stim_55_flute.wav,35.00000059604645,10.000000298023224,26.784764528274536,28.954403400421143
stim_55_flute.wav,74.99999821186066,0.0,73.51166725158691,22.861499190330505
stim_55_flute.wav,74.99999821186066,20.000000596046448,66.81727051734924,22.78936207294464
stim_55_flute.wav,15.000000447034836,30.0,38.82436126470566,31.623433828353882
stim_55_flute.wav,35.00000059604645,30.0,41.73217624425888,26.524102091789246
stim_55_flute.wav,50.00000238418579,60.0,59.256895780563354,28.72964859008789
stim_55_flute.wav,80.00000059604645,0.0,72.53204941749573,34.34380531311035
stim_55_flute.wav,5.000000037252903,40.000001192092896,12.791044414043427,20.7444566488266
stim_55_flute.wav,30.00000089406967,30.0,42.055425345897675,38.7365984916687
stim_55_flute.wav,80.00000059604645,40.000001192092896,65.52695095539093,30.781188011169434
stim_55_flute.wav,25.000001192092896,40.000001192092896,24.083085358142853,31.17289423942566
stim_55_flute.wav,64.9999988079071,49.999998807907104,51.83752477169037,38.14112305641174
stim_55_flute.wav,54.99999940395355,20.000000596046448,49.0648877620697,29.04871702194214
stim_55_flute.wav,45.0,30.0,58.42129111289978,26.622031331062317
stim_55_flute.wav,25.000001192092896,10.000000298023224,23.118281364440918,24.872435331344604
stim_55_flute.wav,5.000000037252903,49.999998807907104,15.825902223587036,35.145742893218994
stim_55_flute.wav,10.000000074505806,20.000000596046448,23.186916410923004,36.35389566421509
stim_55_flute.wav,40.000000298023224,60.0,42.68632113933563,43.2020902633667
stim_55_flute.wav,50.00000238418579,40.000001192092896,50.67447602748871,37.648000717163086
stim_55_flute.wav,10.000000074505806,40.000001192092896,21.918792128562927,46.28946661949158
stim_55_flute.wav,45.0,30.0,55.61933219432831,41.688212156295776
stim_55_flute.wav,80.00000059604645,49.999998807907104,62.14463174343109,30.868935585021973
stim_55_flute.wav,50.00000238418579,30.0,53.60376477241516,40.51027536392212
stim_55_flute.wav,45.0,10.000000298023224,44.184415340423584,26.828148365020752
stim_55_flute.wav,74.99999821186066,30.0,55.03398299217224,24.83802080154419
stim_55_flute.wav,10.000000074505806,40.000001192092896,29.6211576461792,34.96511220932007
stim_55_flute.wav,54.99999940395355,40.000001192092896,60.66578507423401,36.78332805633545
stim_55_flute.wav,74.99999821186066,0.0,64.72557663917542,26.59984052181244
stim_55_flute.wav,50.00000238418579,10.000000298023224,49.49772655963898,26.96763575077057
stim_55_flute.wav,15.000000447034836,49.999998807907104,21.074741184711456,25.902339220046997
stim_55_flute.wav,45.0,60.0,42.18257278203964,30.94260334968567
stim_55_flute.wav,25.000001192092896,49.999998807907104,42.23066747188568,33.5580575466156
stim_55_flute.wav,74.99999821186066,60.0,68.62326622009277,38.50374698638916
stim_55_flute.wav,90.0,0.0,72.39408731460571,39.01725769042969
stim_55_flute.wav,45.0,60.0,48.95005702972412,30.588072538375854
stim_55_flute.wav,54.99999940395355,30.0,54.51083958148956,35.58261036872864
stim_55_flute.wav,74.99999821186066,60.0,59.33807015419006,34.42692518234253
stim_55_flute.wav,45.0,10.000000298023224,55.486573576927185,25.909815430641174
stim_55_flute.wav,0.0,20.000000596046448,4.686940312385559,28.688419461250305
stim_55_flute.wav,50.00000238418579,10.000000298023224,65.29747724533081,38.32864165306091
stim_55_flute.wav,30.00000089406967,10.000000298023224,39.84392523765564,33.63329887390137
stim_55_flute.wav,80.00000059604645,0.0,79.28138852119446,16.00598394870758
stim_55_flute.wav,74.99999821186066,49.999998807907104,60.08430361747742,32.21795082092285
stim_55_flute.wav,30.00000089406967,20.000000596046448,37.50488877296448,32.98378586769104
stim_55_flute.wav,20.000000149011612,40.000001192092896,29.89743322134018,14.385302066802979
stim_55_flute.wav,54.99999940395355,10.000000298023224,55.72062849998474,30.645582675933838
stim_55_flute.wav,54.99999940395355,49.999998807907104,53.48996937274933,33.07946562767029
stim_55_flute.wav,74.99999821186066,20.000000596046448,39.40937787294388,30.367738008499146
stim_55_flute.wav,70.0000011920929,0.0,64.95315670967102,19.055423140525818
stim_55_flute.wav,45.0,30.0,50.855712890625,39.710673093795776
stim_55_flute.wav,80.00000059604645,49.999998807907104,72.091383934021,28.071908354759216
stim_55_flute.wav,70.0000011920929,49.999998807907104,58.43981444835663,31.5570867061615
stim_55_flute.wav,70.0000011920929,30.0,64.91203844547272,32.90644884109497
stim_55_flute.wav,74.99999821186066,20.000000596046448,64.66175079345703,18.511193990707397
stim_55_flute.wav,10.000000074505806,10.000000298023224,32.40496873855591,34.52773332595825
stim_55_flute.wav,35.00000059604645,30.0,45.78102707862854,26.8891704082489
stim_55_flute.wav,80.00000059604645,20.000000596046448,66.73430979251862,28.742560744285583
stim_55_flute.wav,74.99999821186066,60.0,58.586241602897644,24.409841895103455
stim_55_flute.wav,5.000000037252903,40.000001192092896,21.199689209461212,29.204946756362915
stim_55_flute.wav,64.9999988079071,40.000001192092896,56.6584038734436,33.37830305099487
stim_55_flute.wav,40.000000298023224,30.0,39.493199586868286,21.967660188674927
stim_55_flute.wav,35.00000059604645,40.000001192092896,31.18843674659729,26.247410774230957
stim_55_flute.wav,70.0000011920929,60.0,69.52668249607086,36.01330518722534
stim_55_flute.wav,84.99999761581421,40.000001192092896,69.85744714736938,29.780243039131165
stim_55_flute.wav,45.0,60.0,60.03901183605194,32.9684579372406
stim_55_flute.wav,40.000000298023224,49.999998807907104,33.79065960645676,34.873141050338745
stim_55_flute.wav,0.0,20.000000596046448,5.071389377117157,25.708765983581543
stim_55_flute.wav,45.0,60.0,60.83304762840271,26.96440815925598
stim_55_flute.wav,50.00000238418579,49.999998807907104,61.09220266342163,36.81460618972778
stim_55_flute.wav,50.00000238418579,30.0,51.89110994338989,31.091290712356567
stim_55_flute.wav,64.9999988079071,40.000001192092896,63.77363920211792,34.95032072067261
stim_55_flute.wav,25.000001192092896,30.0,27.817758321762085,28.863526582717896
stim_55_flute.wav,70.0000011920929,40.000001192092896,50.770445466041565,33.71320724487305
stim_55_flute.wav,80.00000059604645,30.0,74.41975593566895,35.95125675201416
stim_55_flute.wav,64.9999988079071,49.999998807907104,59.12449657917023,38.810105323791504
stim_55_flute.wav,5.000000037252903,30.0,5.759054124355316,30.989742279052734
stim_55_flute.wav,90.0,49.999998807907104,74.08269882202148,45.5485725402832
stim_55_flute.wav,10.000000074505806,60.0,44.55179750919342,35.347756147384644
stim_55_flute.wav,84.99999761581421,60.0,62.59386420249939,30.620745420455933
stim_55_flute.wav,74.99999821186066,0.0,73.20460796356201,14.156386256217957
stim_55_flute.wav,54.99999940395355,49.999998807907104,31.555719673633575,36.4179253578186
stim_55_flute.wav,45.0,0.0,51.89242959022522,34.54311490058899
stim_55_flute.wav,35.00000059604645,60.0,56.599223613739014,37.4119234085083
stim_55_flute.wav,64.9999988079071,0.0,70.77947795391083,27.365788221359253
stim_55_flute.wav,40.000000298023224,0.0,54.414440989494324,32.43847131729126
stim_55_flute.wav,64.9999988079071,20.000000596046448,57.220637798309326,21.87789738178253
stim_55_flute.wav,80.00000059604645,0.0,68.03885579109192,20.465623140335083
stim_55_flute.wav,20.000000149011612,0.0,31.871252059936523,23.058326840400696
stim_55_flute.wav,84.99999761581421,40.000001192092896,60.610933899879456,30.237354040145874
stim_55_flute.wav,35.00000059604645,10.000000298023224,39.43985044956207,30.44844388961792
stim_55_flute.wav,0.0,10.000000298023224,38.45299333333969,31.65741205215454
stim_55_flute.wav,20.000000149011612,20.000000596046448,30.938433408737183,23.73541831970215
stim_55_flute.wav,40.000000298023224,30.0,55.22304654121399,37.67775535583496
stim_55_flute.wav,40.000000298023224,60.0,59.16942358016968,37.74040460586548
stim_55_flute.wav,80.00000059604645,10.000000298023224,66.78088903427124,21.40687108039856
stim_55_flute.wav,45.0,30.0,39.54885810613632,19.429646730422974
stim_55_flute.wav,74.99999821186066,40.000001192092896,47.586920857429504,25.439699292182922
stim_55_flute.wav,90.0,49.999998807907104,46.17327332496643,29.78769063949585
stim_55_flute.wav,90.0,60.0,65.1597511768341,26.964020133018494
stim_55_flute.wav,0.0,0.0,12.823021709918976,30.05075454711914
stim_55_flute.wav,20.000000149011612,40.000001192092896,16.273589730262756,15.824368000030518
stim_55_flute.wav,64.9999988079071,10.000000298023224,54.90544617176056,22.675006985664368
stim_55_flute.wav,80.00000059604645,10.000000298023224,68.9472770690918,21.300317645072937
stim_55_flute.wav,45.0,0.0,58.565733432769775,40.10959267616272
stim_55_flute.wav,20.000000149011612,49.999998807907104,30.658920407295227,27.949440479278564
stim_55_flute.wav,80.00000059604645,40.000001192092896,63.61928343772888,22.87549138069153
stim_55_flute.wav,50.00000238418579,49.999998807907104,52.89750695228577,34.88696336746216
stim_55_flute.wav,10.000000074505806,10.000000298023224,25.06179392337799,23.212895393371582
stim_55_flute.wav,20.000000149011612,0.0,25.480596721172333,33.58337759971619
stim_55_flute.wav,54.99999940395355,0.0,58.949739933013916,27.445203065872192
stim_55_flute.wav,50.00000238418579,40.000001192092896,49.12353694438934,30.50816059112549
stim_55_flute.wav,10.000000074505806,20.000000596046448,22.113853096961975,26.754380464553833
stim_64_flute.wav,74.99999821186066,49.999998807907104,59.05398666858673,37.140008211135864
stim_64_flute.wav,50.00000238418579,40.000001192092896,43.24551612138748,27.153051495552063
stim_64_flute.wav,30.00000089406967,20.000000596046448,31.720455586910248,31.659289598464966
stim_64_flute.wav,0.0,40.000001192092896,16.293489038944244,29.152409434318542
stim_64_flute.wav,20.000000149011612,30.0,40.38285881280899,30.152735710144043
stim_64_flute.wav,70.0000011920929,30.0,59.912829995155334,32.672717571258545
stim_64_flute.wav,80.00000059604645,49.999998807907104,40.03986865282059,24.877359867095947
stim_64_flute.wav,64.9999988079071,60.0,57.397470474243164,30.298404693603516
stim_64_flute.wav,54.99999940395355,60.0,43.30368250608444,33.2924222946167
stim_64_flute.wav,35.00000059604645,0.0,39.56174075603485,29.915603399276733
stim_64_flute.wav,50.00000238418579,49.999998807907104,42.312112748622894,28.124454617500305
stim_64_flute.wav,45.0,10.000000298023224,41.74237132072449,29.40134882926941
stim_64_flute.wav,15.000000447034836,10.000000298023224,30.797646939754486,26.680094003677368
stim_64_flute.wav,35.00000059604645,20.000000596046448,37.72302210330963,31.644001007080078
stim_64_flute.wav,45.0,20.000000596046448,47.022326588630676,34.00382995605469
stim_64_flute.wav,54.99999940395355,10.000000298023224,39.7590708732605,32.458956241607666
stim_64_flute.wav,80.00000059604645,0.0,60.78234851360321,31.861724853515625
stim_64_flute.wav,10.000000074505806,20.000000596046448,23.64292412996292,30.19623041152954
stim_64_flute.wav,64.9999988079071,0.0,39.58461731672287,21.2415611743927
stim_64_flute.wav,35.00000059604645,30.0,38.92222970724106,29.13719415664673
stim_64_flute.wav,5.000000037252903,30.0,17.73129791021347,27.089343667030334
stim_64_flute.wav,84.99999761581421,30.0,63.092111349105835,31.34670853614807
stim_64_flute.wav,84.99999761581421,20.000000596046448,63.86819243431091,25.648650527000427
stim_64_flute.wav,25.000001192092896,0.0,38.96077036857605,22.425616979599
stim_64_flute.wav,50.00000238418579,10.000000298023224,47.60445713996887,29.305781722068787
stim_64_flute.wav,25.000001192092896,30.0,25.97914159297943,28.108845949172974
stim_64_flute.wav,0.0,40.000001192092896,24.88738864660263,28.27715814113617
stim_64_flute.wav,45.0,20.000000596046448,48.488513231277466,29.088878631591797
stim_64_flute.wav,70.0000011920929,40.000001192092896,54.31658864021301,30.576531887054443
stim_64_flute.wav,0.0,30.0,22.508432865142822,27.86187171936035
stim_64_flute.wav,20.000000149011612,60.0,51.56661093235016,36.21080160140991
stim_64_flute.wav,50.00000238418579,10.000000298023224,71.99974358081818,35.43001413345337
stim_64_flute.wav,64.9999988079071,49.999998807907104,46.25819742679596,29.677963256835938
stim_64_flute.wav,74.99999821186066,20.000000596046448,55.294597148895264,23.054137229919434
stim_64_flute.wav,64.9999988079071,60.0,49.53629672527313,30.518460273742676
stim_64_flute.wav,54.99999940395355,30.0,45.17859220504761,31.880446672439575
stim_64_flute.wav,64.9999988079071,60.0,57.53560423851013,33.677390813827515
stim_64_flute.wav,25.000001192092896,20.000000596046448,41.695754528045654,27.863019704818726
stim_64_flute.wav,5.000000037252903,20.000000596046448,22.94219970703125,30.747957229614258
stim_64_flute.wav,90.0,0.0,49.85588192939758,24.73383128643036
stim_64_flute.wav,84.99999761581421,0.0,45.46309947967529,30.50594687461853
stim_64_flute.wav,54.99999940395355,0.0,48.93754184246063,32.9407525062561
stim_64_flute.wav,20.000000149011612,20.000000596046448,23.750494122505188,25.296358466148376
stim_64_flute.wav,70.0000011920929,60.0,62.76934504508972,29.71832513809204
stim_64_flute.wav,64.9999988079071,49.999998807907104,39.61952894926071,21.70653998851776
stim_64_flute.wav,15.000000447034836,49.999998807907104,22.634504735469818,21.501402854919434
stim_64_flute.wav,35.00000059604645,10.000000298023224,42.365936636924744,27.70068883895874
stim_64_flute.wav,5.000000037252903,30.0,15.618720352649689,27.56009817123413
stim_64_flute.wav,45.0,30.0,52.22529172897339,35.56681752204895
stim_64_flute.wav,5.000000037252903,10.000000298023224,30.28281569480896,22.782615423202515
stim_64_flute.wav,25.000001192092896,20.000000596046448,36.93629264831543,26.490250825881958
stim_64_flute.wav,70.0000011920929,0.0,56.2644624710083,28.730671405792236
stim_64_flute.wav,35.00000059604645,20.000000596046448,36.68053597211838,30.17807364463806
stim_64_flute.wav,20.000000149011612,10.000000298023224,29.716550409793854,30.450282096862793
stim_64_flute.wav,5.000000037252903,60.0,18.4632807970047,31.669389009475708
stim_64_flute.wav,5.000000037252903,0.0,19.414330422878265,30.319072008132935
stim_64_flute.wav,40.000000298023224,60.0,43.70169818401337,31.257262229919434
stim_64_flute.wav,64.9999988079071,49.999998807907104,48.786410093307495,37.17405080795288
stim_64_flute.wav,80.00000059604645,49.999998807907104,63.57514500617981,24.181222915649414
stim_64_flute.wav,30.00000089406967,30.0,36.84572517871857,24.491094946861267
stim_64_flute.wav,60.00000178813934,40.000001192092896,49.87650811672211,35.2009642124176
stim_64_flute.wav,54.99999940395355,49.999998807907104,39.32041972875595,35.33236384391785
stim_64_flute.wav,5.000000037252903,40.000001192092896,31.36072039604187,29.409842491149902
stim_64_flute.wav,0.0,49.999998807907104,17.75229960680008,27.056336402893066
stim_64_flute.wav,74.99999821186066,60.0,64.81445968151093,34.35978055000305
stim_64_flute.wav,45.0,60.0,43.75764101743698,30.19776463508606
stim_64_flute.wav,40.000000298023224,40.000001192092896,38.68086576461792,27.47444987297058
stim_64_flute.wav,40.000000298023224,49.999998807907104,47.817397713661194,29.29783344268799
stim_64_flute.wav,60.00000178813934,10.000000298023224,40.819678008556366,19.376338720321655
stim_64_flute.wav,25.000001192092896,20.000000596046448,40.55292159318924,30.343512296676636
stim_64_flute.wav,5.000000037252903,49.999998807907104,29.34711903333664,25.840761065483093
stim_64_flute.wav,54.99999940395355,40.000001192092896,43.46325784921646,31.136072874069214
stim_64_flute.wav,54.99999940395355,30.0,49.81677532196045,34.27983999252319
stim_64_flute.wav,80.00000059604645,30.0,58.64145219326019,36.01387023925781
stim_64_flute.wav,35.00000059604645,20.000000596046448,41.68795466423035,26.800666451454163
stim_64_flute.wav,30.00000089406967,60.0,39.42336827516556,26.226468086242676
stim_64_flute.wav,50.00000238418579,40.000001192092896,54.38228666782379,34.55701947212219
stim_64_flute.wav,5.000000037252903,49.999998807907104,25.389103889465332,31.310091018676758
stim_64_flute.wav,20.000000149011612,30.0,26.071020662784576,33.46028208732605
stim_64_flute.wav,70.0000011920929,10.000000298023224,52.185192704200745,21.31182074546814
stim_64_flute.wav,54.99999940395355,60.0,39.98981326818466,33.203115463256836
stim_64_flute.wav,30.00000089406967,10.000000298023224,44.08441722393036,27.994038462638855
stim_64_flute.wav,35.00000059604645,49.999998807907104,45.925222635269165,28.5371732711792
stim_64_flute.wav,40.000000298023224,60.0,41.80730760097504,37.31068968772888
stim_64_flute.wav,80.00000059604645,10.000000298023224,62.59279131889343,21.143277883529663
stim_64_flute.wav,35.00000059604645,40.000001192092896,41.95499002933502,28.788862824440002
stim_64_flute.wav,10.000000074505806,30.0,28.755144774913788,23.12522292137146
stim_64_flute.wav,74.99999821186066,0.0,58.471598625183105,22.176164388656616
stim_64_flute.wav,0.0,30.0,12.817871868610382,29.908087849617004
stim_64_flute.wav,54.99999940395355,60.0,41.13519698381424,31.27695322036743
stim_64_flute.wav,45.0,10.000000298023224,48.18047761917114,27.5463205575943
stim_64_flute.wav,35.00000059604645,30.0,44.58182752132416,28.399661779403687
stim_64_flute.wav,10.000000074505806,20.000000596046448,24.07132387161255,27.38666832447052
stim_64_flute.wav,50.00000238418579,20.000000596046448,47.31940805912018,27.399158477783203
stim_64_flute.wav,70.0000011920929,60.0,59.32809233665466,29.292951822280884
stim_64_flute.wav,60.00000178813934,20.000000596046448,49.937995076179504,28.14095377922058
stim_64_flute.wav,10.000000074505806,10.000000298023224,26.751515865325928,34.308435916900635
stim_64_flute.wav,0.0,49.999998807907104,22.78711974620819,25.4899263381958
stim_64_flute.wav,0.0,60.0,21.931012272834778,29.766892790794373
stim_64_flute.wav,84.99999761581421,30.0,58.636173605918884,34.89981651306152
stim_64_flute.wav,60.00000178813934,30.0,48.60071003437042,32.38919734954834
stim_64_flute.wav,80.00000059604645,60.0,65.61736822128296,35.76782584190369
stim_64_flute.wav,74.99999821186066,0.0,53.14440965652466,27.30213761329651
stim_64_flute.wav,35.00000059604645,40.000001192092896,40.79940050840378,27.329583764076233
stim_64_flute.wav,20.000000149011612,40.000001192092896,26.553284525871277,26.807491779327393
stim_64_flute.wav,25.000001192092896,0.0,40.525656938552856,23.090450763702393
stim_64_flute.wav,5.000000037252903,49.999998807907104,18.29734057188034,26.963002681732178
stim_64_flute.wav,20.000000149011612,30.0,31.511482000350952,31.801518201828003
stim_64_flute.wav,35.00000059604645,20.000000596046448,36.709157824516296,20.416020154953003
stim_64_flute.wav,35.00000059604645,40.000001192092896,37.74546414613724,32.9508376121521
stim_64_flute.wav,20.000000149011612,10.000000298023224,35.384833216667175,28.140660524368286
stim_64_flute.wav,35.00000059604645,40.000001192092896,38.77858132123947,27.28557586669922
stim_64_flute.wav,50.00000238418579,49.999998807907104,46.89807057380676,32.58917570114136
stim_64_flute.wav,74.99999821186066,10.000000298023224,55.01806139945984,22.247475385665894
stim_64_flute.wav,74.99999821186066,40.000001192092896,56.002968549728394,29.926053285598755
stim_64_flute.wav,45.0,30.0,31.567242443561554,29.87760365009308
stim_64_flute.wav,25.000001192092896,20.000000596046448,44.7794634103775,23.78049910068512
stim_64_flute.wav,50.00000238418579,49.999998807907104,59.83435392379761,35.5840802192688
stim_64_flute.wav,40.000000298023224,49.999998807907104,41.88862144947052,34.063814878463745
stim_64_flute.wav,60.00000178813934,60.0,59.17838752269745,30.257102251052856
stim_64_flute.wav,15.000000447034836,30.0,25.131804943084717,24.82479214668274
stim_64_flute.wav,74.99999821186066,20.000000596046448,59.46304500102997,29.331405758857727
stim_64_flute.wav,60.00000178813934,30.0,53.17484736442566,24.726433753967285
stim_64_flute.wav,20.000000149011612,40.000001192092896,19.370849132537842,20.989383459091187
stim_64_flute.wav,64.9999988079071,49.999998807907104,47.98508942127228,25.531291365623474
stim_64_flute.wav,0.0,20.000000596046448,22.03696757555008,28.92397105693817
stim_64_flute.wav,15.000000447034836,60.0,17.22420483827591,31.8042254447937
stim_64_flute.wav,54.99999940395355,60.0,60.61430811882019,34.313414096832275
stim_64_flute.wav,80.00000059604645,20.000000596046448,56.9539350271225,27.226504683494568
stim_77_flute.wav,5.000000037252903,10.000000298023224,24.24023598432541,24.43846106529236
stim_77_flute.wav,20.000000149011612,20.000000596046448,36.24046862125397,26.175230741500854
stim_77_flute.wav,30.00000089406967,0.0,47.624890208244324,27.663078904151917
stim_77_flute.wav,20.000000149011612,0.0,37.03486114740372,26.63316786289215
stim_77_flute.wav,64.9999988079071,40.000001192092896,56.33113145828247,34.43124532699585
stim_77_flute.wav,70.0000011920929,20.000000596046448,40.66484749317169,26.541523933410645
stim_77_flute.wav,5.000000037252903,20.000000596046448,19.01693433523178,26.523910760879517
stim_77_flute.wav,50.00000238418579,20.000000596046448,46.32936716079712,25.033525228500366
stim_77_flute.wav,40.000000298023224,40.000001192092896,38.20109099149704,36.34499788284302
stim_77_flute.wav,20.000000149011612,49.999998807907104,23.65566462278366,22.810701727867126
stim_77_flute.wav,40.000000298023224,0.0,43.78490298986435,31.32654905319214
stim_77_flute.wav,5.000000037252903,60.0,22.717092633247375,25.37909209728241
stim_77_flute.wav,70.0000011920929,0.0,44.541092813014984,26.877819299697876
stim_77_flute.wav,10.000000074505806,10.000000298023224,21.614115983247757,27.253811359405518
stim_77_flute.wav,0.0,20.000000596046448,11.617100536823273,30.041062831878662
stim_77_flute.wav,90.0,20.000000596046448,54.24741983413696,24.703702926635742
stim_77_flute.wav,0.0,0.0,32.001779079437256,29.893067479133606
stim_77_flute.wav,30.00000089406967,49.999998807907104,37.560850381851196,32.78852462768555
stim_77_flute.wav,50.00000238418579,20.000000596046448,49.50411558151245,25.244606137275696
stim_77_flute.wav,54.99999940395355,40.000001192092896,54.19880211353302,32.32245683670044
stim_77_flute.wav,70.0000011920929,0.0,55.560259222984314,28.243659138679504
stim_77_flute.wav,64.9999988079071,49.999998807907104,43.902016282081604,30.89601159095764
stim_77_flute.wav,50.00000238418579,10.000000298023224,42.05980271100998,31.620562076568604
stim_77_flute.wav,20.000000149011612,60.0,32.306429743766785,23.70819926261902
stim_77_flute.wav,15.000000447034836,49.999998807907104,27.699864506721497,29.88594889640808
stim_77_flute.wav,50.00000238418579,49.999998807907104,52.38249063491821,34.77405667304993
stim_77_flute.wav,25.000001192092896,0.0,31.477018296718597,27.19115138053894
stim_77_flute.wav,50.00000238418579,49.999998807907104,50.99373400211334,34.08671736717224
stim_77_flute.wav,80.00000059604645,49.999998807907104,56.6030216217041,31.50071382522583
stim_77_flute.wav,0.0,30.0,9.447923004627228,28.125414848327637
stim_77_flute.wav,5.000000037252903,40.000001192092896,29.088487029075623,29.51784074306488
stim_77_flute.wav,70.0000011920929,20.000000596046448,49.52912986278534,29.149276614189148
stim_77_flute.wav,35.00000059604645,10.000000298023224,38.43699395656586,27.92790949344635
stim_77_flute.wav,30.00000089406967,10.000000298023224,40.47886848449707,31.438164710998535
stim_77_flute.wav,50.00000238418579,10.000000298023224,53.30961763858795,29.3790864944458
stim_77_flute.wav,74.99999821186066,10.000000298023224,52.24390089511871,21.24682903289795
stim_77_flute.wav,35.00000059604645,10.000000298023224,32.04341232776642,27.512147426605225
stim_77_flute.wav,54.99999940395355,30.0,47.45949447154999,29.87581193447113
stim_77_flute.wav,15.000000447034836,20.000000596046448,18.687516152858734,19.523380994796753
stim_77_flute.wav,45.0,30.0,49.46596920490265,32.954442501068115
stim_77_flute.wav,80.00000059604645,40.000001192092896,47.93867647647858,28.606470823287964
stim_77_flute.wav,0.0,60.0,21.078045666217804,31.15285634994507
stim_77_flute.wav,15.000000447034836,0.0,29.79417085647583,23.148043155670166
stim_77_flute.wav,54.99999940395355,49.999998807907104,32.22232639789581,29.849027395248413
stim_77_flute.wav,40.000000298023224,40.000001192092896,39.42376255989075,32.873250246047974
stim_77_flute.wav,25.000001192092896,40.000001192092896,29.656739830970764,24.01866316795349
stim_77_flute.wav,40.000000298023224,49.999998807907104,48.108513951301575,31.00975513458252
stim_77_flute.wav,35.00000059604645,0.0,35.78990042209625,28.418866395950317
stim_77_flute.wav,5.000000037252903,60.0,33.234632313251495,28.633153438568115
stim_77_flute.wav,40.000000298023224,10.000000298023224,44.03127193450928,29.808881878852844
stim_77_flute.wav,54.99999940395355,30.0,52.04298198223114,31.55147910118103
stim_77_flute.wav,25.000001192092896,40.000001192092896,36.211291551589966,27.562456727027893
stim_77_flute.wav,45.0,20.000000596046448,40.049307346343994,30.35770297050476
stim_77_flute.wav,45.0,0.0,47.83299207687378,29.699766039848328
stim_77_flute.wav,70.0000011920929,30.0,54.19508993625641,30.28575897216797
stim_77_flute.wav,15.000000447034836,40.000001192092896,20.478539764881134,23.385897874832153
stim_77_flute.wav,15.000000447034836,20.000000596046448,23.740969598293304,22.43248164653778
stim_77_flute.wav,25.000001192092896,30.0,32.266228795051575,24.291104078292847
stim_77_flute.wav,30.00000089406967,30.0,50.15926122665405,28.8336181640625
stim_77_flute.wav,74.99999821186066,49.999998807907104,57.319021224975586,31.901965141296387
stim_77_flute.wav,84.99999761581421,20.000000596046448,49.7542530298233,30.726438760757446
stim_77_flute.wav,70.0000011920929,30.0,40.27604520320892,28.358391523361206
stim_77_flute.wav,64.9999988079071,40.000001192092896,58.82723271846771,34.1177773475647
stim_77_flute.wav,60.00000178813934,60.0,57.97383964061737,35.05977988243103
stim_77_flute.wav,70.0000011920929,0.0,37.12037265300751,28.152995109558105
stim_77_flute.wav,50.00000238418579,20.000000596046448,43.76624554395676,31.36240839958191
stim_77_flute.wav,0.0,49.999998807907104,12.663462460041046,30.167956352233887
stim_77_flute.wav,35.00000059604645,20.000000596046448,36.96656137704849,30.645800828933716
stim_77_flute.wav,30.00000089406967,0.0,44.798147678375244,29.621111154556274
stim_77_flute.wav,10.000000074505806,0.0,29.922139048576355,29.934436082839966
stim_77_flute.wav,20.000000149011612,10.000000298023224,28.10986965894699,24.196820855140686
stim_77_flute.wav,30.00000089406967,0.0,42.21739321947098,26.14682972431183
stim_77_flute.wav,60.00000178813934,30.0,47.200366258621216,27.351645827293396
stim_77_flute.wav,45.0,20.000000596046448,55.17536759376526,35.75315237045288
stim_77_flute.wav,80.00000059604645,30.0,59.27546739578247,31.64986252784729
stim_77_flute.wav,84.99999761581421,0.0,50.91939926147461,23.768885135650635
stim_77_flute.wav,54.99999940395355,40.000001192092896,55.50295650959015,37.52566337585449
stim_77_flute.wav,45.0,40.000001192092896,30.59816300868988,29.624937772750854
stim_77_flute.wav,35.00000059604645,40.000001192092896,38.010817766189575,30.591455698013306
stim_77_flute.wav,90.0,40.000001192092896,56.25042915344238,24.344235062599182
stim_77_flute.wav,45.0,40.000001192092896,44.83139097690582,31.747326850891113
stim_77_flute.wav,25.000001192092896,10.000000298023224,31.572649776935577,24.667775630950928
stim_77_flute.wav,70.0000011920929,10.000000298023224,52.99634635448456,28.099440336227417
stim_77_flute.wav,10.000000074505806,40.000001192092896,32.38447666168213,25.180749893188477
stim_77_flute.wav,5.000000037252903,30.0,15.580058991909027,25.034295916557312
stim_77_flute.wav,0.0,49.999998807907104,16.13380640745163,29.20486271381378
stim_77_flute.wav,74.99999821186066,10.000000298023224,49.29697394371033,25.35080909729004
stim_77_flute.wav,80.00000059604645,60.0,59.27670657634735,30.596845149993896
stim_77_flute.wav,60.00000178813934,30.0,39.06394958496094,26.56580686569214
stim_77_flute.wav,40.000000298023224,60.0,54.15366053581238,33.143123388290405
stim_77_flute.wav,50.00000238418579,40.000001192092896,43.92942577600479,27.88138210773468
stim_77_flute.wav,70.0000011920929,40.000001192092896,44.51656401157379,28.345863819122314
stim_77_flute.wav,64.9999988079071,10.000000298023224,56.66021168231964,34.456236362457275
stim_77_flute.wav,64.9999988079071,30.0,56.74532890319824,28.435099124908447
stim_77_flute.wav,60.00000178813934,0.0,41.771052181720734,29.67061221599579
stim_77_flute.wav,30.00000089406967,30.0,40.25423884391785,28.67815911769867
stim_77_flute.wav,70.0000011920929,20.000000596046448,49.46693480014801,28.83643090724945
stim_77_flute.wav,35.00000059604645,20.000000596046448,38.51806104183197,28.697635531425476
stim_77_flute.wav,20.000000149011612,10.000000298023224,29.624083936214447,26.399908661842346
stim_77_flute.wav,5.000000037252903,30.0,27.236759662628174,24.741110801696777
stim_77_flute.wav,35.00000059604645,30.0,43.111341297626495,27.942649126052856
stim_77_flute.wav,74.99999821186066,60.0,60.02147555351257,28.359652161598206
stim_77_flute.wav,25.000001192092896,10.000000298023224,39.41760957241058,25.392619371414185
stim_77_flute.wav,25.000001192092896,60.0,44.13633406162262,30.05734920501709
stim_77_flute.wav,35.00000059604645,0.0,41.51207685470581,27.8927743434906
stim_77_flute.wav,20.000000149011612,49.999998807907104,22.156175673007965,19.79031801223755
stim_77_flute.wav,54.99999940395355,30.0,57.946937084198,28.568050861358643
stim_77_flute.wav,80.00000059604645,0.0,33.50782871246338,25.690748691558838
stim_77_flute.wav,30.00000089406967,10.000000298023224,35.81773102283478,30.729135274887085
stim_77_flute.wav,20.000000149011612,0.0,34.164631962776184,25.430029034614563
stim_77_flute.wav,35.00000059604645,60.0,53.97863030433655,29.66736674308777
stim_77_flute.wav,30.00000089406967,10.000000298023224,43.36058020591736,31.05825662612915
stim_77_flute.wav,25.000001192092896,20.000000596046448,28.397713601589203,23.95775020122528
stim_77_flute.wav,70.0000011920929,20.000000596046448,38.13223600387573,25.353577136993408
stim_77_flute.wav,74.99999821186066,10.000000298023224,50.32829403877258,19.986348152160645
stim_77_flute.wav,50.00000238418579,49.999998807907104,39.5445853471756,30.870673656463623
stim_77_flute.wav,35.00000059604645,40.000001192092896,38.95573318004608,29.25010621547699
stim_77_flute.wav,40.000000298023224,0.0,48.54279041290283,31.855748891830444
stim_77_flute.wav,45.0,49.999998807907104,54.976229667663574,32.63625741004944
stim_77_flute.wav,50.00000238418579,49.999998807907104,36.111422181129456,28.55563759803772
stim_77_flute.wav,45.0,49.999998807907104,44.20877248048782,28.292527198791504
stim_77_flute.wav,5.000000037252903,40.000001192092896,21.025481075048447,26.06807291507721
stim_77_flute.wav,64.9999988079071,0.0,43.482261300086975,30.744527578353882
stim_77_flute.wav,70.0000011920929,40.000001192092896,51.543474197387695,26.988632082939148
stim_77_flute.wav,64.9999988079071,30.0,41.10690772533417,28.047430515289307
stim_77_flute.wav,50.00000238418579,30.0,44.70732271671295,30.428935289382935
stim_77_flute.wav,54.99999940395355,60.0,49.862828850746155,32.16425657272339
stim_77_flute.wav,74.99999821186066,0.0,55.50317108631134,29.5690780878067
stim_77_flute.wav,40.000000298023224,40.000001192092896,39.489377439022064,33.2003116607666
stim_77_flute.wav,30.00000089406967,60.0,42.06923335790634,28.76318335533142
stim_105_flute.wav,50.00000238418579,40.000001192092896,49.40310895442963,34.375845193862915
stim_105_flute.wav,74.99999821186066,60.0,43.62988203763962,27.202922701835632
stim_105_flute.wav,10.000000074505806,40.000001192092896,30.168153941631317,27.815192341804504
stim_105_flute.wav,54.99999940395355,60.0,46.52038335800171,28.770362734794617
stim_105_flute.wav,15.000000447034836,0.0,40.52103817462921,28.427835702896118
stim_105_flute.wav,74.99999821186066,40.000001192092896,40.238389670848846,25.4114431142807
stim_105_flute.wav,84.99999761581421,10.000000298023224,43.17984759807587,25.134676694869995
stim_105_flute.wav,60.00000178813934,30.0,40.70151060819626,26.70093834400177
stim_105_flute.wav,15.000000447034836,60.0,31.5841805934906,32.73711919784546
stim_105_flute.wav,5.000000037252903,40.000001192092896,33.56549084186554,27.805416584014893
stim_105_flute.wav,25.000001192092896,30.0,40.97366899251938,28.9481520652771
stim_105_flute.wav,50.00000238418579,40.000001192092896,48.43103885650635,29.38207447528839
stim_105_flute.wav,70.0000011920929,49.999998807907104,43.00327509641647,25.684146881103516
stim_105_flute.wav,74.99999821186066,10.000000298023224,45.04621982574463,26.19028329849243
stim_105_flute.wav,35.00000059604645,20.000000596046448,44.00112122297287,29.49483633041382
stim_105_flute.wav,0.0,20.000000596046448,27.600966095924377,32.70430326461792
stim_105_flute.wav,60.00000178813934,10.000000298023224,43.47402423620224,29.703428149223328
stim_105_flute.wav,35.00000059604645,40.000001192092896,39.13919895887375,30.518202781677246
stim_105_flute.wav,40.000000298023224,30.0,47.60167837142944,27.050535678863525
stim_105_flute.wav,74.99999821186066,30.0,48.69272589683533,19.510656595230103
stim_105_flute.wav,74.99999821186066,40.000001192092896,51.319295167922974,24.601067304611206
stim_105_flute.wav,15.000000447034836,49.999998807907104,33.729668855667114,29.74879503250122
stim_105_flute.wav,15.000000447034836,60.0,36.3732835650444,29.04332935810089
stim_105_flute.wav,10.000000074505806,49.999998807907104,29.957517385482788,31.07553005218506
stim_105_flute.wav,0.0,49.999998807907104,30.448321402072906,26.01036787033081
stim_105_flute.wav,35.00000059604645,49.999998807907104,43.105260729789734,37.002071142196655
stim_105_flute.wav,35.00000059604645,60.0,41.19918912649155,34.86241936683655
stim_105_flute.wav,5.000000037252903,40.000001192092896,33.67760717868805,26.49279534816742
stim_105_flute.wav,20.000000149011612,60.0,39.94602084159851,31.00061058998108
stim_105_flute.wav,15.000000447034836,0.0,41.428003013134,28.327426314353943
stim_105_flute.wav,54.99999940395355,40.000001192092896,45.090004205703735,24.76176381111145
stim_105_flute.wav,60.00000178813934,60.0,45.463265776634216,26.54741406440735
stim_105_flute.wav,80.00000059604645,60.0,47.049073576927185,26.984471082687378
stim_105_flute.wav,80.00000059604645,20.000000596046448,41.585848331451416,24.144669771194458
stim_105_flute.wav,74.99999821186066,40.000001192092896,46.31461501121521,28.484047651290894
stim_105_flute.wav,35.00000059604645,0.0,38.82401257753372,25.331625938415527
stim_105_flute.wav,74.99999821186066,30.0,43.790908455848694,26.60996675491333
stim_105_flute.wav,54.99999940395355,10.000000298023224,44.962306916713715,28.38699460029602
stim_105_flute.wav,10.000000074505806,49.999998807907104,30.0493723154068,32.99486517906189
stim_105_flute.wav,5.000000037252903,20.000000596046448,36.83368742465973,28.859172463417053
stim_105_flute.wav,15.000000447034836,30.0,33.2837837934494,29.70524311065674
stim_105_flute.wav,54.99999940395355,10.000000298023224,47.368948459625244,28.489274382591248
stim_105_flute.wav,64.9999988079071,30.0,48.15765738487244,29.69544231891632
stim_105_flute.wav,50.00000238418579,0.0,40.799092054367065,29.135431051254272
stim_105_flute.wav,50.00000238418579,30.0,44.79052484035492,28.77724528312683
stim_105_flute.wav,0.0,40.000001192092896,29.2128986120224,26.179364919662476
stim_105_flute.wav,70.0000011920929,60.0,45.0418746471405,29.203487634658813
stim_105_flute.wav,5.000000037252903,10.000000298023224,35.74076235294342,28.305959701538086
stim_105_flute.wav,45.0,0.0,41.49369567632675,28.74879777431488
stim_105_flute.wav,5.000000037252903,20.000000596046448,35.31525135040283,29.216419458389282
stim_105_flute.wav,25.000001192092896,49.999998807907104,40.5144989490509,28.33181619644165
stim_105_flute.wav,30.00000089406967,30.0,39.260517954826355,39.54470157623291
stim_105_flute.wav,5.000000037252903,30.0,36.68124407529831,28.688374757766724
stim_105_flute.wav,10.000000074505806,10.000000298023224,37.482749819755554,29.350687265396118
stim_105_flute.wav,25.000001192092896,0.0,41.25165581703186,26.932854652404785
stim_105_flute.wav,64.9999988079071,10.000000298023224,43.289480209350586,25.31704008579254
stim_105_flute.wav,64.9999988079071,10.000000298023224,43.82701098918915,28.540045022964478
stim_105_flute.wav,20.000000149011612,10.000000298023224,42.105137407779694,28.543562293052673
stim_105_flute.wav,10.000000074505806,30.0,40.277745723724365,28.661436438560486
stim_105_flute.wav,60.00000178813934,30.0,45.6678968667984,23.32053780555725
stim_105_flute.wav,84.99999761581421,60.0,45.42703986167908,27.371415495872498
stim_105_flute.wav,74.99999821186066,20.000000596046448,41.52689605951309,25.845420956611633
stim_105_flute.wav,50.00000238418579,20.000000596046448,44.24513787031174,29.414289593696594
stim_105_flute.wav,64.9999988079071,20.000000596046448,46.891005635261536,25.177121758461
stim_105_flute.wav,70.0000011920929,10.000000298023224,49.25926208496094,21.828356981277466
stim_105_flute.wav,74.99999821186066,0.0,47.02575445175171,27.31260895729065
stim_105_flute.wav,74.99999821186066,49.999998807907104,40.70999175310135,26.677291989326477
stim_105_flute.wav,54.99999940395355,30.0,46.42396330833435,30.628434419631958
stim_105_flute.wav,40.000000298023224,0.0,43.561145067214966,26.515079140663147
stim_105_flute.wav,35.00000059604645,30.0,42.03510761260986,29.22008514404297
stim_105_flute.wav,35.00000059604645,40.000001192092896,38.445397317409515,32.03840732574463
stim_105_flute.wav,60.00000178813934,10.000000298023224,40.45030564069748,28.48710000514984
stim_105_flute.wav,70.0000011920929,40.000001192092896,34.57217752933502,27.077742218971252
stim_105_flute.wav,80.00000059604645,20.000000596046448,53.448872566223145,26.057960987091064
stim_105_flute.wav,15.000000447034836,30.0,38.42745065689087,29.09865975379944
stim_105_flute.wav,74.99999821186066,0.0,41.7587274312973,26.70610249042511
stim_105_flute.wav,80.00000059604645,60.0,49.40272808074951,23.016157150268555
stim_105_flute.wav,74.99999821186066,40.000001192092896,44.31127846240997,26.31153702735901
stim_105_flute.wav,45.0,60.0,45.983866453170776,36.55879497528076
stim_105_flute.wav,10.000000074505806,40.000001192092896,39.90277022123337,28.55337381362915
stim_105_flute.wav,74.99999821186066,60.0,42.53086298704147,26.24802589416504
stim_105_flute.wav,15.000000447034836,49.999998807907104,36.159428358078,29.165611267089844
stim_105_flute.wav,64.9999988079071,10.000000298023224,43.81318420171738,22.48340606689453
stim_105_flute.wav,90.0,0.0,44.86572325229645,27.449639439582825
stim_105_flute.wav,35.00000059604645,40.000001192092896,36.60714268684387,25.962805151939392
stim_105_flute.wav,60.00000178813934,40.000001192092896,50.908032059669495,26.598957180976868
stim_105_flute.wav,60.00000178813934,60.0,40.30490040779114,28.23098659515381
stim_105_flute.wav,35.00000059604645,49.999998807907104,43.63993227481842,34.56992268562317
stim_105_flute.wav,64.9999988079071,60.0,42.501200437545776,29.23100173473358
stim_105_flute.wav,20.000000149011612,30.0,30.471533238887787,31.52800440788269
stim_105_flute.wav,80.00000059604645,0.0,45.039052963256836,26.81164562702179
stim_105_flute.wav,60.00000178813934,30.0,41.713352501392365,25.64012110233307
stim_105_flute.wav,74.99999821186066,60.0,42.0558625459671,28.146793842315674
stim_105_flute.wav,5.000000037252903,20.000000596046448,33.43454271554947,29.066943526268005
stim_105_flute.wav,20.000000149011612,60.0,39.73878800868988,30.97699284553528
stim_105_flute.wav,64.9999988079071,30.0,42.043677270412445,28.876361846923828
stim_105_flute.wav,20.000000149011612,0.0,39.65810716152191,29.332047700881958
stim_105_flute.wav,0.0,49.999998807907104,26.400516629219055,27.609697580337524
stim_105_flute.wav,30.00000089406967,0.0,42.139456272125244,27.63842761516571
stim_105_flute.wav,50.00000238418579,20.000000596046448,46.0591721534729,27.83183991909027
stim_105_flute.wav,5.000000037252903,10.000000298023224,37.270857989788055,29.51106905937195
stim_105_flute.wav,64.9999988079071,30.0,44.12271112203598,26.895330548286438
stim_105_flute.wav,10.000000074505806,20.000000596046448,37.291822135448456,28.659576773643494
stim_105_flute.wav,25.000001192092896,40.000001192092896,38.698061406612396,28.481093645095825
stim_105_flute.wav,30.00000089406967,10.000000298023224,41.1078867316246,28.579993844032288
stim_105_flute.wav,50.00000238418579,10.000000298023224,46.114221811294556,27.635337710380554
stim_105_flute.wav,54.99999940395355,30.0,46.25387370586395,26.4890456199646
stim_105_flute.wav,70.0000011920929,20.000000596046448,38.720181584358215,25.73754072189331
stim_105_flute.wav,30.00000089406967,49.999998807907104,42.200259268283844,29.80648398399353
stim_105_flute.wav,45.0,10.000000298023224,48.4307062625885,31.897008419036865
stim_105_flute.wav,54.99999940395355,10.000000298023224,40.985760390758514,27.710283994674683
stim_105_flute.wav,35.00000059604645,20.000000596046448,40.35539299249649,33.908536434173584
stim_105_flute.wav,0.0,10.000000298023224,28.00565242767334,27.81446635723114
stim_105_flute.wav,60.00000178813934,49.999998807907104,47.51504838466644,27.289541959762573
stim_105_flute.wav,70.0000011920929,20.000000596046448,41.975034177303314,25.58050274848938
stim_105_flute.wav,70.0000011920929,30.0,43.69411289691925,27.240394949913025
stim_105_flute.wav,84.99999761581421,40.000001192092896,42.87508696317673,27.696332931518555
stim_105_flute.wav,74.99999821186066,40.000001192092896,45.680251121520996,29.89597499370575
stim_105_flute.wav,15.000000447034836,49.999998807907104,24.187554717063904,34.821635484695435
stim_105_flute.wav,0.0,0.0,28.90473961830139,26.500723958015442
stim_105_flute.wav,74.99999821186066,20.000000596046448,36.53096795082092,25.12558400630951
stim_105_flute.wav,5.000000037252903,0.0,35.33006250858307,29.449798464775085
stim_105_flute.wav,35.00000059604645,30.0,46.721704602241516,30.289041996002197
stim_105_flute.wav,64.9999988079071,49.999998807907104,42.22063064575195,21.80047631263733
stim_105_flute.wav,84.99999761581421,60.0,52.30471730232239,29.022104144096375
stim_105_flute.wav,20.000000149011612,10.000000298023224,39.203821420669556,29.448469877243042
stim_105_flute.wav,70.0000011920929,40.000001192092896,39.18343663215637,27.84208595752716
stim_105_flute.wav,40.000000298023224,30.0,49.26161170005798,30.74840784072876
stim_105_flute.wav,20.000000149011612,60.0,40.951699018478394,28.997565507888794
stim_105_flute.wav,84.99999761581421,40.000001192092896,36.110408306121826,27.45922029018402
stim_105_flute.wav,45.0,40.000001192092896,51.30237579345703,30.13762593269348
stim_105_flute.wav,0.0,40.000001192092896,27.413431406021118,25.96947491168976
stim_105_flute.wav,35.00000059604645,0.0,43.9497247338295,27.445943355560303
stim_105_flute.wav,80.00000059604645,0.0,44.64726269245148,28.375738263130188
stim_105_flute.wav,70.0000011920929,60.0,36.29991173744202,27.926316261291504
stim_105_flute.wav,64.9999988079071,60.0,53.75382900238037,27.677584290504456
stim_105_flute.wav,20.000000149011612,0.0,40.7468318939209,28.580963015556335
stim_105_flute.wav,50.00000238418579,60.0,41.08131140470505,26.697186827659607
stim_105_flute.wav,64.9999988079071,30.0,35.13333857059479,26.147890090942383
stim_105_flute.wav,70.0000011920929,20.000000596046448,45.30034303665161,24.07490909099579
stim_105_flute.wav,90.0,49.999998807907104,42.295212149620056,28.877994418144226
stim_105_flute.wav,60.00000178813934,20.000000596046448,47.547240257263184,26.909358501434326
stim_105_flute.wav,5.000000037252903,30.0,38.452145755290985,28.991970419883728
stim_105_flute.wav,74.99999821186066,30.0,46.62018299102783,23.988009095191956
stim_105_flute.wav,84.99999761581421,20.000000596046448,49.27143394947052,27.041451930999756
stim_103_flute.wav,35.00000059604645,10.000000298023224,43.16140741109848,26.854907870292664
stim_103_flute.wav,64.9999988079071,40.000001192092896,45.87374567985535,28.666183948516846
stim_103_flute.wav,20.000000149011612,20.000000596046448,45.66393256187439,26.400588154792786
stim_103_flute.wav,5.000000037252903,0.0,36.54455602169037,28.87688934803009
stim_103_flute.wav,5.000000037252903,30.0,38.60263109207153,28.808957934379578
stim_103_flute.wav,45.0,60.0,40.67136526107788,28.6443954706192
stim_103_flute.wav,80.00000059604645,0.0,38.60573709011078,27.878950238227844
stim_103_flute.wav,90.0,60.0,40.42847514152527,28.340536952018738
stim_103_flute.wav,74.99999821186066,40.000001192092896,43.62892985343933,27.00893998146057
stim_103_flute.wav,25.000001192092896,40.000001192092896,41.23817503452301,28.6489999294281
stim_103_flute.wav,70.0000011920929,30.0,37.86565124988556,28.284425139427185
stim_103_flute.wav,5.000000037252903,30.0,37.64685541391373,29.111368060112
stim_103_flute.wav,64.9999988079071,40.000001192092896,51.45042836666107,24.610249400138855
stim_103_flute.wav,45.0,20.000000596046448,41.551545560359955,29.108258485794067
stim_103_flute.wav,50.00000238418579,60.0,48.33129823207855,25.255268812179565
stim_103_flute.wav,30.00000089406967,60.0,47.68095374107361,29.396411776542664
stim_103_flute.wav,64.9999988079071,10.000000298023224,39.172900915145874,28.361932039260864
stim_103_flute.wav,80.00000059604645,30.0,43.4273162484169,29.38506782054901
stim_103_flute.wav,80.00000059604645,0.0,39.3675622344017,28.223154544830322
stim_103_flute.wav,35.00000059604645,40.000001192092896,44.01840269565582,28.415878415107727
stim_103_flute.wav,60.00000178813934,0.0,38.79236251115799,27.256243228912354
stim_103_flute.wav,74.99999821186066,30.0,35.32758682966232,30.527465343475342
stim_103_flute.wav,84.99999761581421,0.0,43.858915865421295,27.822044491767883
stim_103_flute.wav,74.99999821186066,20.000000596046448,43.915118873119354,27.76099383831024
stim_103_flute.wav,50.00000238418579,30.0,48.24592351913452,28.18659782409668
stim_103_flute.wav,54.99999940395355,10.000000298023224,44.30030286312103,29.069954752922058
stim_103_flute.wav,70.0000011920929,20.000000596046448,40.635935962200165,28.322031497955322
stim_103_flute.wav,15.000000447034836,60.0,38.36495518684387,29.034588932991028
stim_103_flute.wav,64.9999988079071,40.000001192092896,49.125264286994934,25.1802921295166
stim_103_flute.wav,74.99999821186066,10.000000298023224,43.469180166721344,27.370592951774597
stim_103_flute.wav,90.0,20.000000596046448,53.02075982093811,23.296000957489014
stim_103_flute.wav,30.00000089406967,49.999998807907104,42.30937421321869,28.341041207313538
stim_103_flute.wav,15.000000447034836,49.999998807907104,36.19501054286957,30.500131845474243
stim_103_flute.wav,5.000000037252903,40.000001192092896,31.182629764080048,28.006925582885742
stim_103_flute.wav,50.00000238418579,10.000000298023224,45.95750570297241,29.15990710258484
stim_103_flute.wav,64.9999988079071,49.999998807907104,49.45393145084381,30.353143215179443
stim_103_flute.wav,30.00000089406967,49.999998807907104,39.48618024587631,30.46246647834778
stim_103_flute.wav,10.000000074505806,40.000001192092896,34.64946806430817,27.896486520767212
stim_103_flute.wav,5.000000037252903,30.0,29.18926566839218,27.78578281402588
stim_103_flute.wav,35.00000059604645,40.000001192092896,44.1469743847847,27.934330701828003
stim_103_flute.wav,45.0,10.000000298023224,49.80732858181,26.43564462661743
stim_103_flute.wav,64.9999988079071,20.000000596046448,36.685253977775574,28.041924834251404
stim_103_flute.wav,84.99999761581421,0.0,41.17757588624954,28.433262705802917
stim_103_flute.wav,64.9999988079071,0.0,34.08191800117493,29.16043996810913
stim_103_flute.wav,30.00000089406967,0.0,41.37556314468384,27.13480532169342
stim_103_flute.wav,45.0,40.000001192092896,46.660324931144714,29.227205514907837
stim_103_flute.wav,15.000000447034836,30.0,40.1710045337677,29.172343611717224
stim_103_flute.wav,70.0000011920929,49.999998807907104,56.32909834384918,31.160295009613037
stim_103_flute.wav,40.000000298023224,60.0,41.606340408325195,28.63451063632965
stim_103_flute.wav,10.000000074505806,10.000000298023224,35.539135336875916,30.50868272781372
stim_103_flute.wav,40.000000298023224,10.000000298023224,44.92542922496796,29.31532323360443
stim_103_flute.wav,20.000000149011612,0.0,40.10139584541321,28.457881808280945
stim_103_flute.wav,64.9999988079071,49.999998807907104,50.09360611438751,30.36133646965027
stim_103_flute.wav,0.0,10.000000298023224,43.493483662605286,31.271724700927734
stim_103_flute.wav,10.000000074505806,40.000001192092896,39.4386300444603,28.644522428512573
stim_103_flute.wav,40.000000298023224,30.0,48.80682706832886,31.15547776222229
stim_103_flute.wav,60.00000178813934,20.000000596046448,35.65584897994995,28.753702640533447
stim_103_flute.wav,84.99999761581421,60.0,51.81696832180023,31.288511753082275
stim_103_flute.wav,5.000000037252903,20.000000596046448,39.48112428188324,29.022905230522156
stim_103_flute.wav,30.00000089406967,60.0,51.70159578323364,29.920610189437866
stim_103_flute.wav,10.000000074505806,10.000000298023224,38.34510952234268,28.691663146018982
stim_103_flute.wav,0.0,20.000000596046448,43.52921336889267,28.555372953414917
stim_103_flute.wav,40.000000298023224,10.000000298023224,46.60719037055969,28.205575346946716
stim_103_flute.wav,0.0,10.000000298023224,38.83609056472778,30.036227703094482
stim_103_flute.wav,35.00000059604645,40.000001192092896,44.39057260751724,27.884048223495483
stim_103_flute.wav,90.0,0.0,35.9604486823082,27.182709574699402
stim_103_flute.wav,80.00000059604645,10.000000298023224,45.13978600502014,26.60867750644684
stim_103_flute.wav,15.000000447034836,30.0,39.06731843948364,28.61547589302063
stim_103_flute.wav,15.000000447034836,30.0,35.10378062725067,27.22937822341919
stim_103_flute.wav,50.00000238418579,40.000001192092896,52.64479458332062,25.212457180023193
stim_103_flute.wav,50.00000238418579,49.999998807907104,54.36461091041565,29.686333537101746
stim_103_flute.wav,70.0000011920929,49.999998807907104,37.26831257343292,28.870182037353516
stim_103_flute.wav,80.00000059604645,60.0,43.18444490432739,27.817885279655457
stim_103_flute.wav,54.99999940395355,30.0,43.84974807500839,27.67452299594879
stim_103_flute.wav,74.99999821186066,20.000000596046448,45.90981602668762,26.79597795009613
stim_103_flute.wav,84.99999761581421,0.0,41.83173984289169,28.33187699317932
stim_103_flute.wav,84.99999761581421,60.0,40.16618460416794,26.850305199623108
stim_103_flute.wav,25.000001192092896,30.0,42.66519874334335,28.51901650428772
stim_103_flute.wav,15.000000447034836,0.0,38.81752967834473,28.599722385406494
stim_103_flute.wav,35.00000059604645,30.0,44.17972147464752,28.034046292304993
stim_103_flute.wav,45.0,10.000000298023224,43.77153217792511,28.234171271324158
stim_103_flute.wav,84.99999761581421,20.000000596046448,54.76066589355469,30.405378341674805
stim_103_flute.wav,90.0,49.999998807907104,43.60058695077896,27.57010817527771
stim_103_flute.wav,64.9999988079071,40.000001192092896,43.20979714393616,27.489057183265686
stim_103_flute.wav,40.000000298023224,60.0,41.82136505842209,28.936164379119873
stim_103_flute.wav,64.9999988079071,40.000001192092896,46.10215187072754,27.94807255268097
stim_103_flute.wav,90.0,10.000000298023224,42.31417536735535,27.774108052253723
stim_103_flute.wav,74.99999821186066,60.0,47.615373730659485,28.932570219039917
stim_103_flute.wav,74.99999821186066,0.0,49.991939663887024,25.188984274864197
stim_103_flute.wav,60.00000178813934,40.000001192092896,46.05076611042023,25.572291612625122
stim_103_flute.wav,45.0,10.000000298023224,45.363433957099915,27.553022503852844
stim_103_flute.wav,64.9999988079071,0.0,35.13509273529053,28.493549823760986
stim_103_flute.wav,84.99999761581421,10.000000298023224,43.822437822818756,26.847392320632935
stim_103_flute.wav,20.000000149011612,60.0,38.54581922292709,28.591028451919556
stim_103_flute.wav,84.99999761581421,40.000001192092896,39.31390732526779,28.676978945732117
stim_103_flute.wav,5.000000037252903,0.0,26.203473508358,28.531304597854614
stim_103_flute.wav,80.00000059604645,30.0,34.72454309463501,28.70208978652954
stim_103_flute.wav,84.99999761581421,40.000001192092896,39.08679395914078,28.998625874519348
stim_103_flute.wav,90.0,20.000000596046448,52.83827304840088,24.15976881980896
stim_103_flute.wav,74.99999821186066,40.000001192092896,42.85296678543091,29.267417192459106
stim_103_flute.wav,20.000000149011612,30.0,37.573864459991455,27.208503484725952
stim_103_flute.wav,20.000000149011612,40.000001192092896,34.63674634695053,29.2678964138031
stim_103_flute.wav,64.9999988079071,10.000000298023224,38.59770655632019,28.063005208969116
stim_103_flute.wav,64.9999988079071,49.999998807907104,51.65094494819641,31.015183925628662
stim_103_flute.wav,54.99999940395355,49.999998807907104,47.97261714935303,31.21585249900818
stim_103_flute.wav,60.00000178813934,10.000000298023224,37.96045660972595,27.940236926078796
stim_103_flute.wav,80.00000059604645,49.999998807907104,50.37384867668152,24.901841282844543
stim_103_flute.wav,64.9999988079071,49.999998807907104,44.48186159133911,29.212058186531067
stim_103_flute.wav,60.00000178813934,40.000001192092896,42.46819585561752,27.864861488342285
stim_103_flute.wav,10.000000074505806,10.000000298023224,32.02148795127869,29.323954582214355
stim_103_flute.wav,35.00000059604645,30.0,51.53533101081848,31.182732582092285
stim_103_flute.wav,15.000000447034836,60.0,34.93632763624191,30.25940179824829
stim_103_flute.wav,84.99999761581421,30.0,33.32006335258484,27.78760313987732
stim_103_flute.wav,84.99999761581421,30.0,39.30013686418533,28.79057765007019
stim_103_flute.wav,5.000000037252903,10.000000298023224,28.401466012001038,29.13225531578064
stim_103_flute.wav,15.000000447034836,49.999998807907104,38.352123498916626,27.52258837223053
stim_103_flute.wav,15.000000447034836,30.0,39.199709594249725,29.1401606798172
stim_103_flute.wav,60.00000178813934,49.999998807907104,39.44509148597717,28.974621891975403
stim_103_flute.wav,15.000000447034836,0.0,37.15093106031418,28.445550799369812
stim_103_flute.wav,0.0,60.0,44.841966927051544,29.880859851837158
stim_103_flute.wav,10.000000074505806,30.0,38.829436004161835,28.12250554561615
stim_103_flute.wav,0.0,20.000000596046448,43.645323514938354,28.97483468055725
stim_103_flute.wav,20.000000149011612,30.0,40.917951464653015,27.874696254730225
stim_103_flute.wav,70.0000011920929,30.0,36.34003758430481,28.297281861305237
stim_103_flute.wav,70.0000011920929,49.999998807907104,34.31933909654617,28.89133930206299
stim_103_flute.wav,80.00000059604645,60.0,42.22926467657089,29.1738224029541
stim_103_flute.wav,15.000000447034836,40.000001192092896,37.93072700500488,30.248093605041504
stim_103_flute.wav,0.0,30.0,41.08108073472977,29.37221109867096
stim_103_flute.wav,10.000000074505806,0.0,39.510813653469086,29.541680216789246
stim_103_flute.wav,74.99999821186066,49.999998807907104,39.10404860973358,32.31911301612854
stim_103_flute.wav,60.00000178813934,49.999998807907104,41.59058779478073,29.70532536506653
stim_103_flute.wav,54.99999940395355,40.000001192092896,42.91136384010315,29.126232862472534
stim_103_flute.wav,45.0,49.999998807907104,43.855050802230835,29.600195288658142
stim_103_flute.wav,84.99999761581421,60.0,46.813382506370544,28.433221578598022
stim_103_flute.wav,20.000000149011612,49.999998807907104,40.684108436107635,28.33094894886017
stim_103_flute.wav,0.0,30.0,46.876264214515686,31.836776733398438
stim_103_flute.wav,45.0,40.000001192092896,43.58558267354965,28.21963369846344
stim_103_flute.wav,80.00000059604645,20.000000596046448,44.5757120847702,27.485271692276
stim_103_flute.wav,84.99999761581421,20.000000596046448,47.52487063407898,27.047492265701294
stim_103_flute.wav,25.000001192092896,40.000001192092896,39.95659947395325,28.53964626789093
stim_103_flute.wav,5.000000037252903,60.0,39.91503328084946,28.626707196235657
stim_103_flute.wav,80.00000059604645,30.0,35.593946278095245,28.091012835502625
stim_103_flute.wav,35.00000059604645,0.0,42.77848720550537,28.519763946533203
stim_103_flute.wav,0.0,0.0,43.462069630622864,28.66837441921234
stim_103_flute.wav,15.000000447034836,49.999998807907104,37.64793634414673,27.59663701057434
stim_103_flute.wav,80.00000059604645,30.0,35.25887668132782,27.743232250213623
stim_103_flute.wav,74.99999821186066,60.0,43.75858247280121,29.11853313446045
stim_103_flute.wav,74.99999821186066,10.000000298023224,39.70915764570236,28.505444526672363
stim_103_flute.wav,20.000000149011612,30.0,41.31651699542999,28.345459699630737
stim_61_flute.wav,20.000000149011612,40.000001192092896,19.963316917419434,30.485841035842896
stim_61_flute.wav,50.00000238418579,0.0,65.3738397359848,30.23831605911255
stim_61_flute.wav,45.0,30.0,47.2009938955307,31.876848936080933
stim_61_flute.wav,84.99999761581421,49.999998807907104,63.061362504959106,31.372711658477783
stim_61_flute.wav,60.00000178813934,40.000001192092896,63.91653656959534,38.035147190093994
stim_61_flute.wav,5.000000037252903,40.000001192092896,13.78982663154602,22.7029287815094
stim_61_flute.wav,84.99999761581421,20.000000596046448,66.08965158462524,37.050232887268066
stim_61_flute.wav,50.00000238418579,10.000000298023224,55.57836413383484,24.135083556175232
stim_61_flute.wav,15.000000447034836,60.0,13.970545828342438,39.09866452217102
stim_61_flute.wav,10.000000074505806,0.0,16.991150379180908,33.66119742393494
stim_61_flute.wav,30.00000089406967,0.0,32.218523025512695,18.002243041992188
stim_61_flute.wav,74.99999821186066,10.000000298023224,58.16161036491394,17.48511493206024
stim_61_flute.wav,50.00000238418579,0.0,54.81011509895325,25.959384441375732
stim_61_flute.wav,5.000000037252903,20.000000596046448,16.040607690811157,24.006237387657166
stim_61_flute.wav,70.0000011920929,10.000000298023224,40.436806082725525,19.51067805290222
stim_61_flute.wav,84.99999761581421,0.0,54.73845183849335,19.192335605621338
stim_61_flute.wav,10.000000074505806,49.999998807907104,12.795416414737701,28.09462308883667
stim_61_flute.wav,0.0,0.0,6.109302341938019,30.282078981399536
stim_61_flute.wav,45.0,10.000000298023224,36.39031559228897,26.088781356811523
stim_61_flute.wav,84.99999761581421,40.000001192092896,57.75387167930603,29.531779289245605
stim_61_flute.wav,74.99999821186066,10.000000298023224,42.80570089817047,24.765422344207764
stim_61_flute.wav,30.00000089406967,0.0,39.24862504005432,28.75229001045227
stim_61_flute.wav,10.000000074505806,40.000001192092896,23.54086607694626,25.48174738883972
stim_61_flute.wav,64.9999988079071,49.999998807907104,54.117311239242554,31.278501749038696
stim_61_flute.wav,80.00000059604645,10.000000298023224,57.555774450302124,22.144049406051636
stim_61_flute.wav,45.0,0.0,46.83550000190735,32.218523025512695
stim_61_flute.wav,20.000000149011612,60.0,25.677419900894165,42.98144817352295
stim_61_flute.wav,0.0,40.000001192092896,16.223628222942352,31.815619468688965
stim_61_flute.wav,60.00000178813934,49.999998807907104,49.170454144477844,30.71094274520874
stim_61_flute.wav,25.000001192092896,30.0,32.69733488559723,27.330729961395264
stim_61_flute.wav,80.00000059604645,10.000000298023224,51.54342591762543,23.042483925819397
stim_61_flute.wav,25.000001192092896,20.000000596046448,48.026100397109985,20.586424469947815
stim_61_flute.wav,20.000000149011612,20.000000596046448,27.23538100719452,28.997361660003662
stim_61_flute.wav,90.0,49.999998807907104,43.02087038755417,34.37967538833618
stim_61_flute.wav,70.0000011920929,49.999998807907104,35.70258378982544,26.325749158859253
stim_61_flute.wav,5.000000037252903,10.000000298023224,7.755631506443024,25.75019896030426
stim_61_flute.wav,5.000000037252903,30.0,5.534708797931671,25.285263061523438
stim_61_flute.wav,20.000000149011612,40.000001192092896,22.617008686065674,23.125916719436646
stim_61_flute.wav,70.0000011920929,20.000000596046448,50.58935880661011,21.97766125202179
stim_61_flute.wav,30.00000089406967,30.0,39.88832384347916,23.909624218940735
stim_61_flute.wav,10.000000074505806,30.0,16.20934545993805,22.519451379776
stim_61_flute.wav,10.000000074505806,49.999998807907104,15.74180155992508,31.060391664505005
stim_61_flute.wav,35.00000059604645,49.999998807907104,29.391286969184875,29.92297053337097
stim_61_flute.wav,60.00000178813934,49.999998807907104,39.68873530626297,26.646627187728882
stim_61_flute.wav,84.99999761581421,30.0,61.17103815078735,22.11331844329834
stim_61_flute.wav,0.0,49.999998807907104,10.786865651607513,31.38656258583069
stim_61_flute.wav,40.000000298023224,60.0,47.911494970321655,32.21982479095459
stim_61_flute.wav,54.99999940395355,60.0,41.785745322704315,27.176182866096497
stim_61_flute.wav,25.000001192092896,20.000000596046448,33.62739622592926,28.54950249195099
stim_61_flute.wav,20.000000149011612,30.0,19.46935325860977,15.020440220832825
stim_61_flute.wav,0.0,40.000001192092896,15.866044163703918,28.7820303440094
stim_61_flute.wav,45.0,10.000000298023224,48.28263223171234,24.51574981212616
stim_61_flute.wav,5.000000037252903,20.000000596046448,26.145620942115784,25.66137671470642
stim_61_flute.wav,5.000000037252903,10.000000298023224,18.61630082130432,22.545838952064514
stim_61_flute.wav,90.0,60.0,50.53214728832245,31.798306703567505
stim_61_flute.wav,35.00000059604645,10.000000298023224,29.75793421268463,28.005711436271667
stim_61_flute.wav,5.000000037252903,20.000000596046448,12.659895122051239,22.14720368385315
stim_61_flute.wav,30.00000089406967,60.0,34.251535534858704,27.179113626480103
stim_61_flute.wav,84.99999761581421,60.0,43.63311409950256,32.01689958572388
stim_61_flute.wav,70.0000011920929,30.0,48.74007225036621,29.78541076183319
stim_61_flute.wav,30.00000089406967,10.000000298023224,41.94551378488541,28.196176886558533
stim_61_flute.wav,80.00000059604645,40.000001192092896,64.03706431388855,33.07762384414673
stim_61_flute.wav,25.000001192092896,40.000001192092896,27.447170913219452,26.169646382331848
stim_61_flute.wav,20.000000149011612,49.999998807907104,25.25844544172287,36.19695067405701
stim_61_flute.wav,10.000000074505806,60.0,12.530097663402557,39.23174858093262
stim_61_flute.wav,10.000000074505806,10.000000298023224,15.887686908245087,20.83974838256836
stim_61_flute.wav,20.000000149011612,10.000000298023224,26.46656334400177,21.683823466300964
stim_61_flute.wav,15.000000447034836,60.0,18.424026668071747,43.47739577293396
stim_61_flute.wav,5.000000037252903,49.999998807907104,6.96970134973526,37.91735887527466
stim_61_flute.wav,80.00000059604645,30.0,69.53517436981201,33.78659963607788
stim_61_flute.wav,64.9999988079071,0.0,36.72971695661545,22.415045499801636
stim_61_flute.wav,60.00000178813934,60.0,52.8326940536499,29.098400473594666
stim_61_flute.wav,15.000000447034836,30.0,17.82167762517929,20.171313285827637
stim_61_flute.wav,80.00000059604645,60.0,60.23750603199005,30.842370986938477
stim_61_flute.wav,84.99999761581421,49.999998807907104,50.66524386405945,29.500268697738647
stim_61_flute.wav,70.0000011920929,30.0,46.97961509227753,33.07499170303345
stim_61_flute.wav,35.00000059604645,49.999998807907104,36.155898571014404,30.320051908493042
stim_61_flute.wav,30.00000089406967,10.000000298023224,42.43523955345154,24.26952838897705
stim_61_flute.wav,5.000000037252903,0.0,11.919385492801666,29.07915472984314
stim_61_flute.wav,0.0,49.999998807907104,8.452930748462677,31.555216312408447
stim_61_flute.wav,45.0,20.000000596046448,54.013391733169556,30.00099778175354
stim_61_flute.wav,90.0,0.0,54.868072271347046,27.476245164871216
stim_61_flute.wav,60.00000178813934,30.0,44.85488444566727,25.645673274993896
stim_61_flute.wav,40.000000298023224,0.0,45.745938420295715,28.447592854499817
stim_61_flute.wav,84.99999761581421,20.000000596046448,60.14768421649933,35.5470335483551
stim_61_flute.wav,70.0000011920929,60.0,59.22962844371796,29.84910249710083
stim_61_flute.wav,60.00000178813934,49.999998807907104,41.194127798080444,19.559401273727417
stim_61_flute.wav,20.000000149011612,30.0,29.08957064151764,27.046033143997192
stim_61_flute.wav,25.000001192092896,10.000000298023224,39.47116792201996,24.658666849136353
stim_61_flute.wav,40.000000298023224,0.0,44.02140945196152,32.4853777885437
stim_61_flute.wav,40.000000298023224,20.000000596046448,46.370185017585754,38.02407503128052
stim_61_flute.wav,80.00000059604645,40.000001192092896,57.11800575256348,25.299323201179504
stim_61_flute.wav,90.0,30.0,57.83334016799927,17.270164489746094
stim_61_flute.wav,50.00000238418579,30.0,46.87189757823944,33.789142370224
stim_61_flute.wav,70.0000011920929,30.0,57.78929829597473,33.3308207988739
stim_61_flute.wav,30.00000089406967,0.0,36.98603421449661,24.047484397888184
stim_61_flute.wav,84.99999761581421,60.0,54.89242672920227,32.7024507522583
stim_61_flute.wav,50.00000238418579,30.0,35.94744265079498,34.884352684020996
stim_61_flute.wav,64.9999988079071,20.000000596046448,60.34613013267517,25.872598886489868
stim_61_flute.wav,15.000000447034836,49.999998807907104,14.945850670337677,34.38445687294006
stim_61_flute.wav,64.9999988079071,30.0,46.333948373794556,26.24127209186554
stim_61_flute.wav,50.00000238418579,0.0,44.85083967447281,27.877660989761353
stim_61_flute.wav,40.000000298023224,20.000000596046448,53.24616193771362,23.927512764930725
stim_61_flute.wav,80.00000059604645,10.000000298023224,57.56953954696655,23.12408208847046
stim_61_flute.wav,40.000000298023224,0.0,44.82898235321045,31.551929712295532
stim_61_flute.wav,74.99999821186066,30.0,72.44302153587341,39.8492968082428
stim_61_flute.wav,50.00000238418579,0.0,46.18324041366577,25.205758810043335
stim_61_flute.wav,20.000000149011612,40.000001192092896,26.054535806179047,23.6642324924469
stim_61_flute.wav,70.0000011920929,30.0,47.87486135959625,29.145453572273254
stim_61_flute.wav,45.0,10.000000298023224,43.18671405315399,27.902244329452515
stim_61_flute.wav,20.000000149011612,0.0,31.52527928352356,26.722442507743835
stim_61_flute.wav,80.00000059604645,0.0,48.18645358085632,27.009040117263794
stim_61_flute.wav,25.000001192092896,10.000000298023224,49.22498345375061,28.344032764434814
stim_61_flute.wav,64.9999988079071,40.000001192092896,39.69120293855667,34.86213684082031
stim_61_flute.wav,45.0,49.999998807907104,53.606420159339905,41.41122579574585
stim_61_flute.wav,35.00000059604645,30.0,31.112905740737915,24.76584255695343
stim_61_flute.wav,90.0,49.999998807907104,41.681967973709106,36.15724325180054
stim_61_flute.wav,74.99999821186066,60.0,63.231902718544006,42.1294105052948
stim_61_flute.wav,15.000000447034836,30.0,23.367362022399902,29.441778659820557
stim_61_flute.wav,20.000000149011612,49.999998807907104,27.43998795747757,32.45685338973999
stim_61_flute.wav,45.0,0.0,51.20877742767334,30.752041339874268
stim_61_flute.wav,90.0,49.999998807907104,49.99654233455658,31.654772758483887
stim_61_flute.wav,64.9999988079071,40.000001192092896,52.69940972328186,30.115774869918823
stim_61_flute.wav,25.000001192092896,30.0,30.83226352930069,36.412028074264526
stim_61_flute.wav,84.99999761581421,0.0,69.68932628631592,17.396358847618103
stim_61_flute.wav,64.9999988079071,0.0,49.465314745903015,26.88141167163849
stim_61_flute.wav,64.9999988079071,0.0,58.435619473457336,22.910277843475342
stim_61_flute.wav,84.99999761581421,20.000000596046448,44.94820386171341,26.51616096496582
stim_75_flute.wav,25.000001192092896,60.0,39.84620779752731,25.74537992477417
stim_75_flute.wav,45.0,60.0,46.47888422012329,32.3597252368927
stim_75_flute.wav,10.000000074505806,0.0,20.95291256904602,18.062769770622253
stim_75_flute.wav,90.0,10.000000298023224,56.792482137680054,26.36733591556549
stim_75_flute.wav,40.000000298023224,0.0,47.91187584400177,28.961724042892456
stim_75_flute.wav,74.99999821186066,10.000000298023224,63.778510093688965,26.068151593208313
stim_75_flute.wav,50.00000238418579,0.0,51.182459592819214,29.945070147514343
stim_75_flute.wav,25.000001192092896,49.999998807907104,36.88434898853302,26.825498342514038
stim_75_flute.wav,70.0000011920929,30.0,54.04083609580994,26.191084384918213
stim_75_flute.wav,54.99999940395355,20.000000596046448,46.77684009075165,26.185163855552673
stim_75_flute.wav,54.99999940395355,30.0,59.62231993675232,33.12920808792114
stim_75_flute.wav,25.000001192092896,0.0,54.849645495414734,28.935375809669495
stim_75_flute.wav,64.9999988079071,0.0,57.60576009750366,28.861886858940125
stim_75_flute.wav,54.99999940395355,60.0,42.608706057071686,26.538594961166382
stim_75_flute.wav,0.0,20.000000596046448,20.0567664206028,25.901412963867188
stim_75_flute.wav,30.00000089406967,0.0,40.791887640953064,27.403582334518433
stim_75_flute.wav,64.9999988079071,10.000000298023224,48.21974515914917,24.05449390411377
stim_75_flute.wav,90.0,49.999998807907104,48.87819528579712,28.09364676475525
stim_75_flute.wav,90.0,60.0,61.159729957580566,33.53931427001953
stim_75_flute.wav,84.99999761581421,0.0,52.12892532348633,24.158670902252197
stim_75_flute.wav,40.000000298023224,60.0,41.6628223657608,30.409133434295654
stim_75_flute.wav,35.00000059604645,49.999998807907104,40.98781228065491,31.0464870929718
stim_75_flute.wav,30.00000089406967,60.0,37.65288233757019,26.30502998828888
stim_75_flute.wav,80.00000059604645,30.0,60.83598732948303,31.979291439056396
stim_75_flute.wav,80.00000059604645,20.000000596046448,53.71923387050629,26.492754220962524
stim_75_flute.wav,70.0000011920929,40.000001192092896,57.342023849487305,31.54867172241211
stim_75_flute.wav,80.00000059604645,0.0,63.54962110519409,28.798270225524902
stim_75_flute.wav,70.0000011920929,0.0,55.35533845424652,23.54712188243866
stim_75_flute.wav,60.00000178813934,60.0,53.33162248134613,29.995261430740356
stim_75_flute.wav,25.000001192092896,30.0,31.607499718666077,30.87681770324707
stim_75_flute.wav,54.99999940395355,0.0,53.256842494010925,27.491424679756165
stim_75_flute.wav,84.99999761581421,49.999998807907104,54.93771314620972,32.719459533691406
stim_75_flute.wav,30.00000089406967,40.000001192092896,39.958742558956146,28.174567222595215
stim_75_flute.wav,80.00000059604645,49.999998807907104,59.01830792427063,25.287932753562927
stim_75_flute.wav,35.00000059604645,49.999998807907104,35.19539952278137,28.682963848114014
stim_75_flute.wav,0.0,40.000001192092896,20.371097177267075,29.49509024620056
stim_75_flute.wav,84.99999761581421,0.0,56.17588520050049,23.94532799720764
stim_75_flute.wav,45.0,0.0,54.089089035987854,28.30236554145813
stim_75_flute.wav,10.000000074505806,60.0,31.236024498939514,34.60576415061951
stim_75_flute.wav,50.00000238418579,0.0,55.43384671211243,26.938995122909546
stim_75_flute.wav,64.9999988079071,40.000001192092896,59.78756546974182,30.838061571121216
stim_75_flute.wav,74.99999821186066,10.000000298023224,55.11894464492798,24.264249801635742
stim_75_flute.wav,10.000000074505806,10.000000298023224,17.82366782426834,26.405006647109985
stim_75_flute.wav,45.0,10.000000298023224,45.16961753368378,29.690769910812378
stim_75_flute.wav,20.000000149011612,60.0,32.10289031267166,26.70497238636017
stim_75_flute.wav,15.000000447034836,10.000000298023224,40.08094400167465,27.183927297592163
stim_75_flute.wav,5.000000037252903,0.0,18.46449315547943,24.38388705253601
stim_75_flute.wav,74.99999821186066,49.999998807907104,60.1788192987442,31.467336416244507
stim_75_flute.wav,84.99999761581421,20.000000596046448,57.72519886493683,32.9680860042572
stim_75_flute.wav,60.00000178813934,0.0,46.33913576602936,29.014863967895508
stim_75_flute.wav,25.000001192092896,20.000000596046448,39.331309497356415,29.60167407989502
stim_75_flute.wav,50.00000238418579,40.000001192092896,38.00927013158798,27.9774409532547
stim_75_flute.wav,60.00000178813934,20.000000596046448,51.23080372810364,26.599366664886475
stim_75_flute.wav,50.00000238418579,60.0,51.6097891330719,26.504935026168823
stim_75_flute.wav,10.000000074505806,30.0,31.862406134605408,27.76801586151123
stim_75_flute.wav,5.000000037252903,49.999998807907104,18.376701772212982,28.34396481513977
stim_75_flute.wav,54.99999940395355,10.000000298023224,55.283600091934204,26.03810727596283
stim_75_flute.wav,20.000000149011612,20.000000596046448,35.95856845378876,25.920134782791138
stim_75_flute.wav,45.0,60.0,55.08299231529236,26.597948670387268
stim_75_flute.wav,10.000000074505806,40.000001192092896,31.080123782157898,28.553152084350586
stim_75_flute.wav,64.9999988079071,20.000000596046448,56.06497049331665,31.077840328216553
stim_75_flute.wav,10.000000074505806,30.0,42.51432716846466,29.818131923675537
stim_75_flute.wav,35.00000059604645,30.0,47.27566659450531,25.767563581466675
stim_75_flute.wav,80.00000059604645,49.999998807907104,54.85799252986908,32.00499415397644
stim_75_flute.wav,10.000000074505806,60.0,28.900815546512604,32.21036911010742
stim_75_flute.wav,80.00000059604645,40.000001192092896,53.118510246276855,27.565829157829285
stim_75_flute.wav,84.99999761581421,10.000000298023224,54.84403967857361,25.1980984210968
stim_75_flute.wav,64.9999988079071,30.0,52.9255735874176,27.58884072303772
stim_75_flute.wav,25.000001192092896,0.0,46.978628039360046,25.984928011894226
stim_75_flute.wav,80.00000059604645,30.0,56.197718381881714,31.99783444404602
stim_75_flute.wav,25.000001192092896,20.000000596046448,42.125444412231445,25.112632513046265
stim_75_flute.wav,64.9999988079071,60.0,52.207653522491455,29.981884360313416
stim_75_flute.wav,60.00000178813934,40.000001192092896,54.28274989128113,33.22812795639038
stim_75_flute.wav,20.000000149011612,40.000001192092896,28.565885424613953,21.469359397888184
stim_75_flute.wav,0.0,0.0,28.8266658782959,28.109284043312073
stim_75_flute.wav,5.000000037252903,60.0,17.16224581003189,31.255584955215454
stim_75_flute.wav,10.000000074505806,30.0,25.935866832733154,26.947606801986694
stim_75_flute.wav,60.00000178813934,10.000000298023224,57.95243561267853,30.267434120178223
stim_75_flute.wav,74.99999821186066,10.000000298023224,52.72491216659546,28.173267245292664
stim_75_flute.wav,45.0,30.0,34.67559278011322,31.52997136116028
stim_75_flute.wav,5.000000037252903,60.0,19.0591362118721,25.864577293395996
stim_75_flute.wav,15.000000447034836,40.000001192092896,28.089423179626465,31.382557153701782
stim_75_flute.wav,54.99999940395355,0.0,57.22003161907196,28.122485876083374
stim_75_flute.wav,74.99999821186066,10.000000298023224,56.806665658950806,29.811971783638
stim_75_flute.wav,35.00000059604645,60.0,37.164733707904816,28.767194151878357
stim_75_flute.wav,0.0,10.000000298023224,11.341570615768433,28.374963998794556
stim_75_flute.wav,60.00000178813934,0.0,48.92443656921387,25.936186909675598
stim_75_flute.wav,84.99999761581421,10.000000298023224,64.01414752006531,24.51772928237915
stim_75_flute.wav,25.000001192092896,10.000000298023224,42.758435010910034,25.469326972961426
stim_75_flute.wav,40.000000298023224,49.999998807907104,48.89598369598389,30.584428310394287
stim_75_flute.wav,60.00000178813934,60.0,53.980690240859985,29.56026256084442
stim_75_flute.wav,40.000000298023224,40.000001192092896,48.714221119880676,34.774510860443115
stim_75_flute.wav,5.000000037252903,10.000000298023224,27.757145762443542,25.362440943717957
stim_75_flute.wav,30.00000089406967,0.0,52.5052285194397,27.52085030078888
stim_75_flute.wav,50.00000238418579,20.000000596046448,48.734723925590515,26.339548230171204
stim_75_flute.wav,80.00000059604645,49.999998807907104,61.062403321266174,27.803143858909607
stim_75_flute.wav,90.0,60.0,58.51673483848572,24.646251797676086
stim_75_flute.wav,74.99999821186066,60.0,52.288827896118164,30.772154331207275
stim_75_flute.wav,25.000001192092896,10.000000298023224,34.97368812561035,24.875845313072205
stim_75_flute.wav,0.0,30.0,11.354426443576813,27.70974040031433
stim_75_flute.wav,64.9999988079071,40.000001192092896,51.454092264175415,29.59898829460144
stim_75_flute.wav,60.00000178813934,49.999998807907104,51.00505292415619,22.591559886932373
stim_75_flute.wav,10.000000074505806,30.0,38.707534968853,28.627946376800537
stim_75_flute.wav,10.000000074505806,49.999998807907104,18.653422594070435,29.695510268211365
stim_75_flute.wav,40.000000298023224,30.0,48.52410614490509,28.521398305892944
stim_75_flute.wav,80.00000059604645,30.0,58.00834357738495,28.19115400314331
stim_75_flute.wav,20.000000149011612,0.0,33.72474431991577,26.375396847724915
stim_75_flute.wav,90.0,30.0,52.200647592544556,19.717068672180176
stim_75_flute.wav,45.0,40.000001192092896,51.86870276927948,32.41923451423645
stim_75_flute.wav,30.00000089406967,30.0,48.409398794174194,28.167824149131775
stim_75_flute.wav,25.000001192092896,30.0,38.66316854953766,26.2341570854187
stim_75_flute.wav,54.99999940395355,20.000000596046448,50.02993047237396,22.91655421257019
stim_75_flute.wav,84.99999761581421,0.0,53.63445997238159,25.989478826522827
stim_75_flute.wav,60.00000178813934,10.000000298023224,48.56437146663666,27.72449254989624
stim_75_flute.wav,40.000000298023224,30.0,44.42700773477554,27.95901596546173
stim_75_flute.wav,70.0000011920929,0.0,49.024085998535156,23.790156841278076
stim_75_flute.wav,70.0000011920929,20.000000596046448,45.75199484825134,29.283025860786438
stim_75_flute.wav,70.0000011920929,49.999998807907104,47.20694303512573,31.59583568572998
stim_75_flute.wav,30.00000089406967,49.999998807907104,37.25601464509964,28.83154034614563
stim_75_flute.wav,15.000000447034836,30.0,28.30206334590912,24.333670735359192
stim_74_flute.wav,5.000000037252903,30.0,20.409923493862152,25.31700074672699
stim_74_flute.wav,50.00000238418579,40.000001192092896,44.7771754860878,33.81858229637146
stim_74_flute.wav,74.99999821186066,10.000000298023224,53.327481150627136,28.18686068058014
stim_74_flute.wav,5.000000037252903,49.999998807907104,27.953228652477264,28.149442076683044
stim_74_flute.wav,5.000000037252903,60.0,24.15883094072342,22.025991082191467
stim_74_flute.wav,25.000001192092896,10.000000298023224,32.70258128643036,24.46508288383484
stim_74_flute.wav,40.000000298023224,0.0,40.50171822309494,27.348098158836365
stim_74_flute.wav,74.99999821186066,40.000001192092896,57.98433780670166,31.360427141189575
stim_74_flute.wav,64.9999988079071,20.000000596046448,53.322261571884155,30.657062530517578
stim_74_flute.wav,5.000000037252903,49.999998807907104,10.051100850105286,27.017467617988586
stim_74_flute.wav,20.000000149011612,40.000001192092896,28.000084161758423,21.55017614364624
stim_74_flute.wav,35.00000059604645,10.000000298023224,34.551731050014496,29.51341152191162
stim_74_flute.wav,45.0,10.000000298023224,52.67063498497009,33.84330153465271
stim_74_flute.wav,5.000000037252903,40.000001192092896,21.883738338947296,30.096083879470825
stim_74_flute.wav,10.000000074505806,10.000000298023224,24.514548182487488,21.34990096092224
stim_74_flute.wav,80.00000059604645,49.999998807907104,52.201162576675415,19.64243173599243
stim_74_flute.wav,0.0,30.0,7.257985174655914,29.12137806415558
stim_74_flute.wav,10.000000074505806,0.0,33.8118839263916,27.474085092544556
stim_74_flute.wav,64.9999988079071,20.000000596046448,52.70823955535889,30.689960718154907
stim_74_flute.wav,40.000000298023224,60.0,44.044471085071564,28.38176965713501
stim_74_flute.wav,15.000000447034836,0.0,27.85062611103058,20.154295563697815
stim_74_flute.wav,10.000000074505806,30.0,32.75155305862427,32.51816153526306
stim_74_flute.wav,70.0000011920929,60.0,59.990447759628296,29.54322338104248
stim_74_flute.wav,40.000000298023224,40.000001192092896,43.646036982536316,30.779625177383423
stim_74_flute.wav,5.000000037252903,40.000001192092896,13.430547416210175,23.105839490890503
stim_74_flute.wav,45.0,49.999998807907104,37.25406467914581,30.834099054336548
stim_74_flute.wav,60.00000178813934,10.000000298023224,58.07572603225708,28.347887992858887
stim_74_flute.wav,84.99999761581421,10.000000298023224,59.371737241744995,27.620712518692017
stim_74_flute.wav,70.0000011920929,60.0,57.321810722351074,29.281479120254517
stim_74_flute.wav,45.0,0.0,54.92789089679718,31.997283697128296
stim_74_flute.wav,25.000001192092896,40.000001192092896,36.594978868961334,25.218291878700256
stim_74_flute.wav,30.00000089406967,49.999998807907104,48.48991334438324,26.11084520816803
stim_74_flute.wav,64.9999988079071,49.999998807907104,49.0292090177536,34.65812087059021
stim_74_flute.wav,74.99999821186066,40.000001192092896,58.77855062484741,29.65050458908081
stim_74_flute.wav,30.00000089406967,10.000000298023224,39.77010816335678,30.660520792007446
stim_74_flute.wav,74.99999821186066,20.000000596046448,34.28876727819443,26.469014883041382
stim_74_flute.wav,15.000000447034836,30.0,30.90968281030655,24.86947774887085
stim_74_flute.wav,0.0,10.000000298023224,14.658097922801971,29.84178900718689
stim_74_flute.wav,80.00000059604645,30.0,42.70382523536682,31.946775913238525
stim_74_flute.wav,25.000001192092896,30.0,35.19940942525864,31.761245727539062
stim_74_flute.wav,60.00000178813934,60.0,55.40510952472687,29.467501044273376
stim_74_flute.wav,80.00000059604645,40.000001192092896,54.769227504730225,26.75183594226837
stim_74_flute.wav,70.0000011920929,49.999998807907104,27.398917973041534,27.055415511131287
stim_74_flute.wav,20.000000149011612,20.000000596046448,30.508142709732056,31.433579921722412
stim_74_flute.wav,25.000001192092896,0.0,39.01808649301529,21.970778703689575
stim_74_flute.wav,20.000000149011612,60.0,36.20063781738281,29.32663857936859
stim_74_flute.wav,30.00000089406967,0.0,39.63616669178009,26.155641674995422
stim_74_flute.wav,35.00000059604645,60.0,52.536267042160034,32.40722179412842
stim_74_flute.wav,40.000000298023224,10.000000298023224,36.19872808456421,32.85080552101135
stim_74_flute.wav,80.00000059604645,60.0,55.14820218086243,31.740803718566895
stim_74_flute.wav,64.9999988079071,30.0,53.73168468475342,28.94635498523712
stim_74_flute.wav,74.99999821186066,30.0,50.6204617023468,33.77113223075867
stim_74_flute.wav,80.00000059604645,40.000001192092896,50.62598705291748,29.8545902967453
stim_74_flute.wav,25.000001192092896,30.0,30.6708025932312,27.097063064575195
stim_74_flute.wav,15.000000447034836,0.0,35.799347162246704,23.606674075126648
stim_74_flute.wav,15.000000447034836,30.0,21.427595168352127,21.43750548362732
stim_74_flute.wav,35.00000059604645,10.000000298023224,32.038152515888214,27.217286825180054
stim_74_flute.wav,60.00000178813934,10.000000298023224,53.28168511390686,31.549851894378662
stim_74_flute.wav,60.00000178813934,10.000000298023224,43.704707622528076,25.20397424697876
stim_74_flute.wav,30.00000089406967,10.000000298023224,43.842457830905914,26.647244095802307
stim_74_flute.wav,30.00000089406967,40.000001192092896,51.12943768501282,27.055125832557678
stim_74_flute.wav,50.00000238418579,30.0,42.762552201747894,29.83445405960083
stim_74_flute.wav,90.0,20.000000596046448,52.095794677734375,26.860392093658447
stim_74_flute.wav,50.00000238418579,49.999998807907104,27.39404708147049,30.79485297203064
stim_74_flute.wav,40.000000298023224,20.000000596046448,31.791488528251648,28.779380321502686
stim_74_flute.wav,20.000000149011612,40.000001192092896,36.25124841928482,26.999902725219727
stim_74_flute.wav,35.00000059604645,0.0,40.07309854030609,27.923938035964966
stim_74_flute.wav,45.0,30.0,51.60378098487854,32.18023180961609
stim_74_flute.wav,74.99999821186066,0.0,61.41533374786377,28.010333776474
stim_74_flute.wav,50.00000238418579,40.000001192092896,48.14292132854462,26.855374574661255
stim_74_flute.wav,15.000000447034836,0.0,25.15034168958664,12.384822964668274
stim_74_flute.wav,74.99999821186066,20.000000596046448,48.72088372707367,26.492941975593567
stim_74_flute.wav,15.000000447034836,0.0,42.63652324676514,29.677101373672485
stim_74_flute.wav,5.000000037252903,30.0,16.148655116558075,27.580182552337646
stim_74_flute.wav,45.0,60.0,49.87462520599365,29.139313101768494
stim_74_flute.wav,84.99999761581421,10.000000298023224,52.28365123271942,28.409340977668762
stim_74_flute.wav,84.99999761581421,60.0,54.35434877872467,31.79249882698059
stim_74_flute.wav,15.000000447034836,30.0,30.928554832935333,23.610423803329468
stim_74_flute.wav,0.0,60.0,14.1300567984581,28.198953866958618
stim_74_flute.wav,20.000000149011612,60.0,44.91971880197525,33.52944731712341
stim_74_flute.wav,30.00000089406967,40.000001192092896,40.309865176677704,21.756193041801453
stim_74_flute.wav,30.00000089406967,49.999998807907104,36.27452731132507,33.972108364105225
stim_74_flute.wav,80.00000059604645,10.000000298023224,61.208680272102356,28.55549991130829
stim_74_flute.wav,80.00000059604645,30.0,39.78843837976456,32.91726350784302
stim_74_flute.wav,74.99999821186066,0.0,53.88924837112427,27.66817331314087
stim_74_flute.wav,70.0000011920929,30.0,56.98510229587555,31.792877912521362
stim_74_flute.wav,84.99999761581421,20.000000596046448,56.80400490760803,35.03808259963989
stim_74_flute.wav,64.9999988079071,49.999998807907104,41.61410003900528,29.861665964126587
stim_74_flute.wav,35.00000059604645,49.999998807907104,40.71816444396973,34.35311436653137
stim_74_flute.wav,5.000000037252903,49.999998807907104,18.469522297382355,26.091731786727905
stim_74_flute.wav,15.000000447034836,0.0,39.391635060310364,30.12019157409668
stim_74_flute.wav,45.0,20.000000596046448,57.29088485240936,33.8132643699646
stim_74_flute.wav,70.0000011920929,40.000001192092896,58.74223351478577,29.92564022541046
stim_74_flute.wav,70.0000011920929,10.000000298023224,49.14091229438782,27.23306179046631
stim_74_flute.wav,35.00000059604645,0.0,26.575863361358643,26.31840705871582
stim_74_flute.wav,64.9999988079071,49.999998807907104,35.42316734790802,28.885955214500427
stim_74_flute.wav,54.99999940395355,10.000000298023224,58.82303237915039,30.91001272201538
stim_74_flute.wav,60.00000178813934,10.000000298023224,55.94637393951416,29.403063654899597
stim_74_flute.wav,60.00000178813934,20.000000596046448,51.82053565979004,31.092417240142822
stim_74_flute.wav,64.9999988079071,60.0,54.69438314437866,28.602036237716675
stim_74_flute.wav,25.000001192092896,40.000001192092896,39.913233518600464,29.591410160064697
stim_74_flute.wav,80.00000059604645,30.0,50.515485405921936,27.01842427253723
stim_74_flute.wav,54.99999940395355,49.999998807907104,35.27479827404022,27.606743574142456
stim_74_flute.wav,20.000000149011612,20.000000596046448,43.429478108882904,27.989535927772522
stim_74_flute.wav,70.0000011920929,0.0,62.15619206428528,29.156044721603394
stim_74_flute.wav,25.000001192092896,0.0,39.96038407087326,22.77384638786316
stim_74_flute.wav,20.000000149011612,49.999998807907104,26.129356026649475,27.35616445541382
stim_74_flute.wav,74.99999821186066,60.0,61.54948174953461,31.575844287872314
stim_74_flute.wav,74.99999821186066,40.000001192092896,49.79698061943054,30.928884744644165
stim_74_flute.wav,60.00000178813934,40.000001192092896,45.221121311187744,28.01508128643036
stim_74_flute.wav,54.99999940395355,30.0,52.77062237262726,25.113794803619385
stim_74_flute.wav,30.00000089406967,30.0,36.01061403751373,33.42789173126221
stim_74_flute.wav,10.000000074505806,60.0,26.15007609128952,26.47449553012848
stim_74_flute.wav,0.0,30.0,5.951094925403595,27.953208088874817
stim_74_flute.wav,60.00000178813934,49.999998807907104,46.971917152404785,27.217195630073547
stim_74_flute.wav,50.00000238418579,49.999998807907104,37.15277910232544,34.98736381530762
stim_74_flute.wav,70.0000011920929,10.000000298023224,50.30532360076904,23.380454778671265
stim_74_flute.wav,10.000000074505806,0.0,25.455762147903442,14.535489678382874
stim_74_flute.wav,5.000000037252903,0.0,29.522683024406433,26.20525896549225
stim_74_flute.wav,5.000000037252903,49.999998807907104,26.23400777578354,21.129732728004456
stim_74_flute.wav,20.000000149011612,60.0,38.52825075387955,30.500417947769165
stim_74_flute.wav,64.9999988079071,60.0,58.885570764541626,32.962907552719116
stim_74_flute.wav,74.99999821186066,10.000000298023224,49.7326397895813,29.96054470539093
stim_74_flute.wav,10.000000074505806,20.000000596046448,27.938050031661987,20.406158566474915
stim_74_flute.wav,10.000000074505806,30.0,39.88495230674744,28.281962871551514
stim_74_flute.wav,15.000000447034836,10.000000298023224,34.80345368385315,29.723212122917175
stim_74_flute.wav,64.9999988079071,30.0,53.96663010120392,30.82015872001648
stim_74_flute.wav,80.00000059604645,0.0,58.664127588272095,33.08434724807739
stim_74_flute.wav,35.00000059604645,40.000001192092896,49.23868417739868,30.860602855682373
stim_74_flute.wav,15.000000447034836,60.0,19.622880220413208,27.76809811592102
stim_74_flute.wav,40.000000298023224,60.0,34.8483082652092,27.354801893234253
stim_74_flute.wav,50.00000238418579,40.000001192092896,37.85191833972931,30.60362219810486
stim_74_flute.wav,70.0000011920929,20.000000596046448,55.81676959991455,32.790119647979736
stim_74_flute.wav,80.00000059604645,20.000000596046448,61.88952147960663,23.881945610046387
stim_97_flute.wav,5.000000037252903,40.000001192092896,40.12037515640259,30.695024728775024
stim_97_flute.wav,30.00000089406967,10.000000298023224,42.65392541885376,28.683539628982544
stim_97_flute.wav,70.0000011920929,49.999998807907104,55.80272018909454,30.357413291931152
stim_97_flute.wav,84.99999761581421,20.000000596046448,44.41686898469925,27.429855465888977
stim_97_flute.wav,74.99999821186066,30.0,46.677002906799316,27.43101954460144
stim_97_flute.wav,45.0,49.999998807907104,45.472573041915894,28.703774213790894
stim_97_flute.wav,20.000000149011612,20.000000596046448,38.87742340564728,28.530821800231934
stim_97_flute.wav,50.00000238418579,40.000001192092896,50.768943428993225,30.12122869491577
stim_97_flute.wav,80.00000059604645,10.000000298023224,46.8938809633255,25.59074342250824
stim_97_flute.wav,54.99999940395355,40.000001192092896,57.02670335769653,28.350967168807983
stim_97_flute.wav,0.0,20.000000596046448,33.54095131158829,29.779107570648193
stim_97_flute.wav,90.0,49.999998807907104,46.370399594306946,29.590015411376953
stim_97_flute.wav,5.000000037252903,60.0,39.64646905660629,30.488072633743286
stim_97_flute.wav,60.00000178813934,49.999998807907104,48.44528675079346,31.585038900375366
stim_97_flute.wav,0.0,30.0,36.42121732234955,29.250168800354004
stim_97_flute.wav,80.00000059604645,30.0,42.496632635593414,28.721553683280945
stim_97_flute.wav,5.000000037252903,49.999998807907104,36.62213087081909,35.30224800109863
stim_97_flute.wav,70.0000011920929,10.000000298023224,52.34629690647125,28.0411559343338
stim_97_flute.wav,70.0000011920929,60.0,47.59601354598999,26.389015316963196
stim_97_flute.wav,20.000000149011612,49.999998807907104,39.19302821159363,28.500237464904785
stim_97_flute.wav,25.000001192092896,30.0,39.99402433633804,25.259379744529724
stim_97_flute.wav,30.00000089406967,30.0,46.346442103385925,27.210482954978943
stim_97_flute.wav,10.000000074505806,0.0,43.661167323589325,31.95286273956299
stim_97_flute.wav,64.9999988079071,10.000000298023224,47.65086472034454,28.027178049087524
stim_97_flute.wav,60.00000178813934,0.0,46.583919525146484,34.66559171676636
stim_97_flute.wav,0.0,60.0,46.19204878807068,33.22116494178772
stim_97_flute.wav,35.00000059604645,0.0,49.26415979862213,30.730183124542236
stim_97_flute.wav,84.99999761581421,0.0,50.9962660074234,25.842565298080444
stim_97_flute.wav,74.99999821186066,40.000001192092896,48.1845223903656,30.869922637939453
stim_97_flute.wav,5.000000037252903,10.000000298023224,32.611657083034515,30.729339122772217
stim_97_flute.wav,84.99999761581421,20.000000596046448,45.81157743930817,29.20237362384796
stim_97_flute.wav,60.00000178813934,10.000000298023224,45.222339034080505,27.794217467308044
stim_97_flute.wav,45.0,40.000001192092896,46.735480427742004,27.979543805122375
stim_97_flute.wav,54.99999940395355,30.0,46.447336077690125,28.01076114177704
stim_97_flute.wav,64.9999988079071,30.0,45.10417699813843,29.782809019088745
stim_97_flute.wav,90.0,10.000000298023224,41.1946776509285,28.49051535129547
stim_97_flute.wav,80.00000059604645,30.0,48.48812699317932,28.464313745498657
stim_97_flute.wav,50.00000238418579,0.0,47.67693042755127,31.4325213432312
stim_97_flute.wav,80.00000059604645,60.0,43.16699981689453,27.97899305820465
stim_97_flute.wav,15.000000447034836,60.0,40.39571464061737,31.17044448852539
stim_97_flute.wav,80.00000059604645,30.0,48.359681367874146,25.853769779205322
stim_97_flute.wav,64.9999988079071,60.0,58.50820541381836,32.28801727294922
stim_97_flute.wav,60.00000178813934,40.000001192092896,46.652079820632935,29.95626926422119
stim_97_flute.wav,74.99999821186066,49.999998807907104,54.93684411048889,28.471117615699768
stim_97_flute.wav,70.0000011920929,49.999998807907104,49.33132231235504,33.93227577209473
stim_97_flute.wav,40.000000298023224,40.000001192092896,42.142696380615234,27.643763422966003
stim_97_flute.wav,5.000000037252903,10.000000298023224,34.28263306617737,27.99827814102173
stim_97_flute.wav,20.000000149011612,30.0,45.025829672813416,29.70859408378601
stim_97_flute.wav,80.00000059604645,40.000001192092896,45.248592495918274,30.47385334968567
stim_97_flute.wav,50.00000238418579,49.999998807907104,47.51732289791107,29.138131141662598
stim_97_flute.wav,45.0,20.000000596046448,47.699750661849976,27.811244130134583
stim_97_flute.wav,45.0,49.999998807907104,55.29961824417114,27.170376777648926
stim_97_flute.wav,84.99999761581421,40.000001192092896,44.10542696714401,28.41776132583618
stim_97_flute.wav,20.000000149011612,49.999998807907104,41.37215405702591,29.242393970489502
stim_97_flute.wav,80.00000059604645,30.0,45.53805112838745,27.12612748146057
stim_97_flute.wav,60.00000178813934,60.0,50.42068004608154,26.925262212753296
stim_97_flute.wav,30.00000089406967,40.000001192092896,37.31461554765701,28.16278874874115
stim_97_flute.wav,0.0,10.000000298023224,39.64823126792908,29.276325702667236
stim_97_flute.wav,15.000000447034836,10.000000298023224,43.365558385849,26.8426251411438
stim_97_flute.wav,60.00000178813934,20.000000596046448,49.87318754196167,28.12394142150879
stim_97_flute.wav,80.00000059604645,20.000000596046448,46.57702088356018,27.329628467559814
stim_97_flute.wav,90.0,30.0,46.10365927219391,27.544251680374146
stim_97_flute.wav,54.99999940395355,49.999998807907104,47.67613649368286,29.95526432991028
stim_97_flute.wav,35.00000059604645,20.000000596046448,42.85471826791763,27.179700136184692
stim_97_flute.wav,80.00000059604645,20.000000596046448,56.05378568172455,22.66666889190674
stim_97_flute.wav,70.0000011920929,30.0,44.73378002643585,28.114646673202515
stim_97_flute.wav,70.0000011920929,40.000001192092896,48.1186044216156,27.380071878433228
stim_97_flute.wav,10.000000074505806,20.000000596046448,38.98622453212738,28.568485379219055
stim_97_flute.wav,5.000000037252903,20.000000596046448,32.47119516134262,29.313844442367554
stim_97_flute.wav,25.000001192092896,40.000001192092896,38.48781377077103,27.939341068267822
stim_97_flute.wav,50.00000238418579,20.000000596046448,48.562923073768616,31.185593605041504
stim_97_flute.wav,25.000001192092896,60.0,45.70831775665283,28.020830154418945
stim_97_flute.wav,60.00000178813934,60.0,56.414698362350464,31.793010234832764
stim_97_flute.wav,80.00000059604645,20.000000596046448,47.052603363990784,26.714293956756592
stim_97_flute.wav,84.99999761581421,30.0,39.04501587152481,28.502692580223083
stim_97_flute.wav,0.0,0.0,50.90634226799011,30.188673734664917
stim_97_flute.wav,60.00000178813934,0.0,68.02804112434387,36.343631744384766
stim_97_flute.wav,70.0000011920929,10.000000298023224,59.23904299736023,30.570874214172363
stim_97_flute.wav,15.000000447034836,0.0,28.942202031612396,28.93194079399109
stim_97_flute.wav,54.99999940395355,49.999998807907104,49.45550322532654,30.84898352622986
stim_97_flute.wav,50.00000238418579,40.000001192092896,48.96850526332855,30.204473733901978
stim_97_flute.wav,30.00000089406967,60.0,46.7638635635376,28.21929931640625
stim_97_flute.wav,10.000000074505806,60.0,44.19566988945007,29.827056527137756
stim_97_flute.wav,0.0,10.000000298023224,37.13887721300125,29.857560396194458
stim_97_flute.wav,25.000001192092896,10.000000298023224,41.71783983707428,23.11448335647583
stim_97_flute.wav,0.0,0.0,36.4567431807518,30.92813014984131
stim_97_flute.wav,40.000000298023224,10.000000298023224,44.82392102479935,28.995412588119507
stim_97_flute.wav,50.00000238418579,60.0,50.227383971214294,31.655627489089966
stim_97_flute.wav,40.000000298023224,30.0,46.628100872039795,27.859103679656982
stim_97_flute.wav,35.00000059604645,49.999998807907104,42.620349526405334,27.88038969039917
stim_97_flute.wav,80.00000059604645,40.000001192092896,42.89705693721771,28.539000749588013
stim_97_flute.wav,54.99999940395355,30.0,50.28125882148743,27.53604233264923
stim_97_flute.wav,45.0,30.0,46.10346078872681,27.571290135383606
stim_97_flute.wav,54.99999940395355,20.000000596046448,52.436118721961975,33.04625988006592
stim_97_flute.wav,84.99999761581421,49.999998807907104,48.506290912628174,32.41251468658447
stim_97_flute.wav,45.0,10.000000298023224,50.645363330841064,33.68450403213501
stim_97_flute.wav,5.000000037252903,49.999998807907104,39.46857690811157,30.579721927642822
stim_97_flute.wav,25.000001192092896,60.0,47.57482409477234,28.142534494400024
stim_97_flute.wav,15.000000447034836,20.000000596046448,37.53562957048416,27.635298371315002
stim_97_flute.wav,5.000000037252903,30.0,40.99181681871414,28.901374340057373
stim_97_flute.wav,0.0,20.000000596046448,38.04089605808258,30.168156623840332
stim_97_flute.wav,10.000000074505806,60.0,40.445633232593536,29.245850443840027
stim_97_flute.wav,15.000000447034836,0.0,41.157271564006805,24.0791255235672
stim_97_flute.wav,54.99999940395355,60.0,48.79654347896576,31.503260135650635
stim_97_flute.wav,35.00000059604645,40.000001192092896,35.90624928474426,26.933398246765137
stim_97_flute.wav,40.000000298023224,60.0,53.90936493873596,28.984544277191162
stim_97_flute.wav,25.000001192092896,60.0,50.54017245769501,25.770962834358215
stim_97_flute.wav,80.00000059604645,49.999998807907104,51.73968851566315,30.463199615478516
stim_97_flute.wav,60.00000178813934,20.000000596046448,53.07472050189972,29.01406466960907
stim_97_flute.wav,30.00000089406967,40.000001192092896,45.06815493106842,26.29059076309204
stim_97_flute.wav,25.000001192092896,30.0,43.62901031970978,23.449471592903137
stim_97_flute.wav,60.00000178813934,0.0,55.45043885707855,30.974074602127075
stim_97_flute.wav,35.00000059604645,10.000000298023224,55.134753584861755,26.684176325798035
stim_97_flute.wav,5.000000037252903,40.000001192092896,50.89310824871063,33.56178045272827
stim_97_flute.wav,15.000000447034836,49.999998807907104,39.14439707994461,28.502971529960632
stim_97_flute.wav,84.99999761581421,0.0,54.82548952102661,26.710638999938965
stim_97_flute.wav,20.000000149011612,30.0,38.530409932136536,28.06548535823822
stim_97_flute.wav,35.00000059604645,60.0,45.75784206390381,35.150402784347534
stim_97_flute.wav,45.0,0.0,44.93733286857605,32.68807768821716
stim_97_flute.wav,80.00000059604645,49.999998807907104,61.530035734176636,31.03845477104187
stim_97_flute.wav,15.000000447034836,10.000000298023224,39.14758086204529,28.49583864212036
stim_97_flute.wav,80.00000059604645,20.000000596046448,49.50397074222565,26.43610954284668
stim_97_flute.wav,74.99999821186066,49.999998807907104,46.29843592643738,31.39523148536682
stim_97_flute.wav,40.000000298023224,0.0,50.95580220222473,31.203614473342896
stim_97_flute.wav,84.99999761581421,40.000001192092896,41.68292552232742,28.251997232437134
stim_97_flute.wav,20.000000149011612,10.000000298023224,41.00406914949417,28.499743938446045
stim_97_flute.wav,15.000000447034836,40.000001192092896,39.11911725997925,28.744989037513733
stim_97_flute.wav,50.00000238418579,40.000001192092896,43.99800717830658,28.3111310005188
stim_97_flute.wav,80.00000059604645,30.0,41.04031652212143,28.419188261032104
stim_79_flute.wav,35.00000059604645,40.000001192092896,33.71875762939453,24.671355485916138
stim_79_flute.wav,80.00000059604645,20.000000596046448,58.97219002246857,20.284827947616577
stim_79_flute.wav,35.00000059604645,40.000001192092896,28.49469155073166,30.330119132995605
stim_79_flute.wav,0.0,0.0,20.830213576555252,27.478909492492676
stim_79_flute.wav,40.000000298023224,20.000000596046448,53.176231384277344,34.20040011405945
stim_79_flute.wav,20.000000149011612,40.000001192092896,25.64436972141266,27.20139741897583
stim_79_flute.wav,50.00000238418579,40.000001192092896,47.64317750930786,32.74898171424866
stim_79_flute.wav,45.0,20.000000596046448,44.51285719871521,32.4542498588562
stim_79_flute.wav,20.000000149011612,40.000001192092896,19.619028568267822,29.40599799156189
stim_79_flute.wav,0.0,49.999998807907104,29.111953675746918,36.86840057373047
stim_79_flute.wav,35.00000059604645,30.0,45.536946058273315,30.14423131942749
stim_79_flute.wav,30.00000089406967,0.0,45.640355944633484,29.00669753551483
stim_79_flute.wav,30.00000089406967,49.999998807907104,36.277713775634766,32.56320834159851
stim_79_flute.wav,60.00000178813934,0.0,54.591912031173706,24.435861110687256
stim_79_flute.wav,84.99999761581421,30.0,51.19978666305542,28.69662344455719
stim_79_flute.wav,80.00000059604645,0.0,57.55957245826721,26.031875610351562
stim_79_flute.wav,40.000000298023224,0.0,50.49040138721466,39.0081524848938
stim_79_flute.wav,60.00000178813934,60.0,52.31944799423218,29.925330877304077
stim_79_flute.wav,70.0000011920929,60.0,51.853816509246826,29.548194408416748
stim_79_flute.wav,30.00000089406967,10.000000298023224,41.291365921497345,29.016990065574646
stim_79_flute.wav,10.000000074505806,49.999998807907104,20.808816254138947,29.089048504829407
stim_79_flute.wav,15.000000447034836,10.000000298023224,23.137577176094055,24.25620675086975
stim_79_flute.wav,54.99999940395355,0.0,52.665812373161316,27.318554520606995
stim_79_flute.wav,30.00000089406967,0.0,40.52161484956741,28.365057706832886
stim_79_flute.wav,60.00000178813934,20.000000596046448,46.57677948474884,24.735572934150696
stim_79_flute.wav,15.000000447034836,40.000001192092896,30.357080698013306,31.261950731277466
stim_79_flute.wav,25.000001192092896,10.000000298023224,39.983220398426056,25.429494380950928
stim_79_flute.wav,80.00000059604645,10.000000298023224,43.17486673593521,26.295701265335083
stim_79_flute.wav,54.99999940395355,40.000001192092896,38.458363115787506,29.899762272834778
stim_79_flute.wav,84.99999761581421,20.000000596046448,52.37488389015198,30.88771104812622
stim_79_flute.wav,54.99999940395355,10.000000298023224,47.96551465988159,26.99096381664276
stim_79_flute.wav,60.00000178813934,60.0,49.817343950271606,30.124168395996094
stim_79_flute.wav,70.0000011920929,40.000001192092896,54.821144342422485,32.60177493095398
stim_79_flute.wav,74.99999821186066,10.000000298023224,57.272876501083374,30.62831997871399
stim_79_flute.wav,84.99999761581421,49.999998807907104,53.34214210510254,30.600128173828125
stim_79_flute.wav,20.000000149011612,30.0,25.320348143577576,29.802639484405518
stim_79_flute.wav,15.000000447034836,40.000001192092896,23.720340728759766,33.98521900177002
stim_79_flute.wav,20.000000149011612,60.0,27.232484221458435,32.27179169654846
stim_79_flute.wav,60.00000178813934,10.000000298023224,50.73863983154297,28.117462992668152
stim_79_flute.wav,60.00000178813934,40.000001192092896,39.36037391424179,32.272664308547974
stim_79_flute.wav,64.9999988079071,30.0,51.320013999938965,27.957794666290283
stim_79_flute.wav,45.0,60.0,46.65272891521454,29.963534474372864
stim_79_flute.wav,15.000000447034836,40.000001192092896,16.198351085186005,30.27917504310608
stim_79_flute.wav,25.000001192092896,60.0,41.28146857023239,31.716352701187134
stim_79_flute.wav,30.00000089406967,60.0,42.00388938188553,26.44555628299713
stim_79_flute.wav,60.00000178813934,60.0,43.438474237918854,29.683917760849
stim_79_flute.wav,0.0,20.000000596046448,31.310225129127502,30.266693830490112
stim_79_flute.wav,70.0000011920929,40.000001192092896,47.234816551208496,28.538306951522827
stim_79_flute.wav,20.000000149011612,40.000001192092896,33.054245710372925,23.40770959854126
stim_79_flute.wav,40.000000298023224,10.000000298023224,43.14122647047043,30.024536848068237
stim_79_flute.wav,30.00000089406967,10.000000298023224,34.80968713760376,29.973195791244507
stim_79_flute.wav,50.00000238418579,49.999998807907104,54.61450695991516,27.52152979373932
stim_79_flute.wav,74.99999821186066,20.000000596046448,47.99103319644928,25.566262006759644
stim_79_flute.wav,74.99999821186066,30.0,42.390376925468445,30.1724374294281
stim_79_flute.wav,45.0,30.0,41.98335438966751,30.18513321876526
stim_79_flute.wav,40.000000298023224,40.000001192092896,39.028587341308594,29.014450907707214
stim_79_flute.wav,45.0,30.0,51.28571391105652,32.90073037147522
stim_79_flute.wav,35.00000059604645,10.000000298023224,40.66864550113678,28.11444103717804
stim_79_flute.wav,84.99999761581421,0.0,46.67794704437256,28.296673893928528
stim_79_flute.wav,20.000000149011612,30.0,28.725254237651825,24.625868797302246
stim_79_flute.wav,35.00000059604645,60.0,41.37572407722473,30.351197719573975
stim_79_flute.wav,5.000000037252903,30.0,23.84704291820526,25.800392031669617
stim_79_flute.wav,54.99999940395355,49.999998807907104,40.23859351873398,28.022353649139404
stim_79_flute.wav,50.00000238418579,10.000000298023224,38.863886296749115,26.90749168395996
stim_79_flute.wav,10.000000074505806,49.999998807907104,42.30747789144516,30.651168823242188
stim_79_flute.wav,0.0,20.000000596046448,26.79781883955002,31.691662073135376
stim_79_flute.wav,0.0,40.000001192092896,30.32836765050888,30.139803886413574
stim_79_flute.wav,0.0,0.0,20.847952365875244,35.587509870529175
stim_79_flute.wav,0.0,40.000001192092896,17.539455592632294,27.400487065315247
stim_79_flute.wav,10.000000074505806,49.999998807907104,27.762354612350464,27.069266438484192
stim_79_flute.wav,50.00000238418579,0.0,50.64741253852844,27.75700271129608
stim_79_flute.wav,50.00000238418579,20.000000596046448,51.427093148231506,26.07980489730835
stim_79_flute.wav,70.0000011920929,40.000001192092896,51.07541799545288,29.89866614341736
stim_79_flute.wav,70.0000011920929,49.999998807907104,48.45249116420746,30.9315025806427
stim_79_flute.wav,15.000000447034836,40.000001192092896,31.193718016147614,33.34658145904541
stim_79_flute.wav,5.000000037252903,10.000000298023224,19.87291842699051,27.842894196510315
stim_79_flute.wav,35.00000059604645,30.0,47.62194514274597,30.855199098587036
stim_79_flute.wav,54.99999940395355,0.0,55.40297985076904,25.74171245098114
stim_79_flute.wav,70.0000011920929,49.999998807907104,44.15986239910126,29.85207438468933
stim_79_flute.wav,15.000000447034836,30.0,19.977185279130936,26.93098783493042
stim_79_flute.wav,80.00000059604645,30.0,55.16875863075256,32.25892424583435
stim_79_flute.wav,64.9999988079071,20.000000596046448,31.07593148946762,28.159661293029785
stim_79_flute.wav,35.00000059604645,20.000000596046448,37.436004281044006,31.812193393707275
stim_79_flute.wav,5.000000037252903,0.0,24.447361528873444,28.21689248085022
stim_79_flute.wav,64.9999988079071,40.000001192092896,57.073330879211426,30.813506841659546
stim_79_flute.wav,60.00000178813934,10.000000298023224,55.175485610961914,27.80851185321808
stim_79_flute.wav,90.0,20.000000596046448,56.218446493148804,22.208932042121887
stim_79_flute.wav,90.0,30.0,55.66477954387665,21.64130687713623
stim_79_flute.wav,80.00000059604645,10.000000298023224,51.91531419754028,27.710906267166138
stim_79_flute.wav,0.0,20.000000596046448,16.976143419742584,30.88552236557007
stim_79_flute.wav,54.99999940395355,0.0,51.909139752388,26.527072191238403
stim_79_flute.wav,60.00000178813934,30.0,42.54674434661865,28.115333318710327
stim_79_flute.wav,35.00000059604645,0.0,37.957854866981506,31.794769763946533
stim_79_flute.wav,35.00000059604645,60.0,46.41530513763428,30.147993564605713
stim_79_flute.wav,25.000001192092896,10.000000298023224,41.76387459039688,27.8460556268692
stim_79_flute.wav,25.000001192092896,30.0,33.21843445301056,22.456884384155273
stim_79_flute.wav,84.99999761581421,10.000000298023224,44.73453372716904,27.74294078350067
stim_79_flute.wav,45.0,60.0,42.366435527801514,29.936229586601257
stim_79_flute.wav,30.00000089406967,10.000000298023224,41.25780075788498,28.541053533554077
stim_79_flute.wav,70.0000011920929,10.000000298023224,39.63354617357254,30.29341220855713
stim_79_flute.wav,80.00000059604645,60.0,58.67415368556976,30.912322998046875
stim_79_flute.wav,60.00000178813934,49.999998807907104,47.70282983779907,30.0722336769104
stim_79_flute.wav,70.0000011920929,30.0,38.67721527814865,25.490968823432922
stim_79_flute.wav,25.000001192092896,20.000000596046448,36.33169859647751,30.67937135696411
stim_79_flute.wav,45.0,10.000000298023224,47.945934534072876,29.218443632125854
stim_79_flute.wav,45.0,30.0,44.86984312534332,27.914559245109558
stim_79_flute.wav,5.000000037252903,10.000000298023224,21.161702424287796,25.742141604423523
stim_79_flute.wav,40.000000298023224,40.000001192092896,47.13058054447174,27.025206685066223
stim_79_flute.wav,30.00000089406967,10.000000298023224,41.97973608970642,33.303916454315186
stim_79_flute.wav,20.000000149011612,60.0,35.466452836990356,33.18322420120239
stim_79_flute.wav,35.00000059604645,20.000000596046448,41.730177998542786,27.917282581329346
stim_79_flute.wav,70.0000011920929,10.000000298023224,51.956931352615356,28.949881196022034
stim_79_flute.wav,80.00000059604645,0.0,39.0440958738327,28.383302092552185
stim_79_flute.wav,74.99999821186066,20.000000596046448,60.36437451839447,27.462787628173828
stim_79_flute.wav,64.9999988079071,20.000000596046448,49.65264558792114,27.8885418176651
stim_79_flute.wav,10.000000074505806,60.0,25.77242374420166,34.031585454940796
stim_79_flute.wav,70.0000011920929,40.000001192092896,52.47376084327698,32.85378098487854
stim_79_flute.wav,74.99999821186066,0.0,43.17893832921982,25.0264835357666
stim_79_flute.wav,50.00000238418579,30.0,46.87665045261383,29.966863989830017
stim_79_flute.wav,54.99999940395355,0.0,48.86776685714722,29.66481864452362
stim_79_flute.wav,35.00000059604645,60.0,47.83418834209442,32.12177395820618
stim_79_flute.wav,25.000001192092896,30.0,30.0300469994545,24.780909419059753
stim_79_flute.wav,5.000000037252903,20.000000596046448,34.42759841680527,28.100738525390625
stim_79_flute.wav,5.000000037252903,30.0,23.000323176383972,25.73108196258545
stim_79_flute.wav,84.99999761581421,10.000000298023224,41.55387103557587,30.34687042236328
stim_95_flute.wav,20.000000149011612,0.0,47.09891974925995,24.166576266288757
stim_95_flute.wav,15.000000447034836,10.000000298023224,44.40953582525253,26.63865029811859
stim_95_flute.wav,0.0,20.000000596046448,35.86208134889603,28.340347409248352
stim_95_flute.wav,30.00000089406967,30.0,42.66789436340332,27.903372645378113
stim_95_flute.wav,35.00000059604645,49.999998807907104,49.53608751296997,28.144213557243347
stim_95_flute.wav,70.0000011920929,40.000001192092896,45.718199014663696,29.64951753616333
stim_95_flute.wav,60.00000178813934,30.0,50.63078820705414,27.964521646499634
stim_95_flute.wav,5.000000037252903,30.0,36.02499604225159,28.860012888908386
stim_95_flute.wav,45.0,49.999998807907104,53.03976058959961,31.65397882461548
stim_95_flute.wav,64.9999988079071,20.000000596046448,52.86773979663849,29.930330514907837
stim_95_flute.wav,50.00000238418579,20.000000596046448,44.43056970834732,23.959379196166992
stim_95_flute.wav,25.000001192092896,10.000000298023224,41.981272995471954,25.52296757698059
stim_95_flute.wav,54.99999940395355,10.000000298023224,49.782174825668335,32.26924538612366
stim_95_flute.wav,15.000000447034836,49.999998807907104,35.73997110128403,32.3816442489624
stim_95_flute.wav,10.000000074505806,60.0,32.5249707698822,28.407104015350342
stim_95_flute.wav,10.000000074505806,49.999998807907104,32.87594050168991,28.48021924495697
stim_95_flute.wav,35.00000059604645,30.0,45.217634439468384,28.30193281173706
stim_95_flute.wav,0.0,60.0,31.140446662902832,26.468988060951233
stim_95_flute.wav,74.99999821186066,20.000000596046448,45.510000586509705,28.706007599830627
stim_95_flute.wav,0.0,40.000001192092896,38.72154414653778,27.714933156967163
stim_95_flute.wav,10.000000074505806,30.0,35.545253455638885,29.295178055763245
stim_95_flute.wav,80.00000059604645,0.0,52.39008665084839,23.1911838054657
stim_95_flute.wav,60.00000178813934,60.0,63.33690583705902,33.908289670944214
stim_95_flute.wav,45.0,20.000000596046448,40.5156683921814,27.23169207572937
stim_95_flute.wav,74.99999821186066,10.000000298023224,40.20839184522629,28.411624431610107
stim_95_flute.wav,80.00000059604645,0.0,43.79438191652298,26.815786957740784
stim_95_flute.wav,80.00000059604645,60.0,57.40115582942963,32.76583671569824
stim_95_flute.wav,30.00000089406967,0.0,46.60625696182251,28.986673951148987
stim_95_flute.wav,5.000000037252903,20.000000596046448,33.17442208528519,28.761207461357117
stim_95_flute.wav,70.0000011920929,10.000000298023224,46.540204882621765,30.0542414188385
stim_95_flute.wav,90.0,20.000000596046448,50.26902258396149,26.71524167060852
stim_95_flute.wav,90.0,40.000001192092896,41.006083488464355,28.82802128791809
stim_95_flute.wav,20.000000149011612,20.000000596046448,40.323587357997894,27.560452222824097
stim_95_flute.wav,5.000000037252903,0.0,32.93807923793793,27.43894100189209
stim_95_flute.wav,35.00000059604645,0.0,36.303929686546326,27.3879611492157
stim_95_flute.wav,50.00000238418579,0.0,48.73511552810669,29.90066349506378
stim_95_flute.wav,54.99999940395355,40.000001192092896,45.577683448791504,29.663883447647095
stim_95_flute.wav,84.99999761581421,0.0,42.04952448606491,28.480090498924255
stim_95_flute.wav,84.99999761581421,10.000000298023224,47.89559483528137,29.897484183311462
stim_95_flute.wav,84.99999761581421,60.0,48.34956407546997,30.59356927871704
stim_95_flute.wav,35.00000059604645,60.0,42.70385205745697,28.741809725761414
stim_95_flute.wav,0.0,49.999998807907104,39.892199635505676,30.46405792236328
stim_95_flute.wav,74.99999821186066,30.0,48.20973515510559,30.365445613861084
stim_95_flute.wav,30.00000089406967,30.0,46.89664900302887,25.346093773841858
stim_95_flute.wav,60.00000178813934,20.000000596046448,49.71145033836365,27.42025136947632
stim_95_flute.wav,80.00000059604645,20.000000596046448,51.73835277557373,24.340690970420837
stim_95_flute.wav,45.0,60.0,49.77412283420563,27.99901306629181
stim_95_flute.wav,25.000001192092896,20.000000596046448,37.20088988542557,20.805351734161377
stim_95_flute.wav,54.99999940395355,40.000001192092896,40.743940472602844,27.83174157142639
stim_95_flute.wav,60.00000178813934,40.000001192092896,45.96958637237549,29.284268617630005
stim_95_flute.wav,5.000000037252903,0.0,31.71855926513672,27.00934588909149
stim_95_flute.wav,60.00000178813934,10.000000298023224,53.300798535346985,27.73529827594757
stim_95_flute.wav,60.00000178813934,40.000001192092896,47.37285375595093,29.477005004882812
stim_95_flute.wav,0.0,49.999998807907104,28.923193216323853,27.29156255722046
stim_95_flute.wav,70.0000011920929,30.0,55.46548068523407,33.144038915634155
stim_95_flute.wav,70.0000011920929,60.0,42.36920356750488,28.03438425064087
stim_95_flute.wav,35.00000059604645,49.999998807907104,44.731714725494385,27.411339282989502
stim_95_flute.wav,40.000000298023224,20.000000596046448,44.674192070961,26.320728063583374
stim_95_flute.wav,10.000000074505806,20.000000596046448,45.781643986701965,30.1343035697937
stim_95_flute.wav,70.0000011920929,49.999998807907104,48.45950245857239,29.795297384262085
stim_95_flute.wav,60.00000178813934,49.999998807907104,52.15608537197113,27.796926498413086
stim_95_flute.wav,74.99999821186066,0.0,45.888283252716064,27.447264790534973
stim_95_flute.wav,84.99999761581421,10.000000298023224,39.50678765773773,28.22766423225403
stim_95_flute.wav,80.00000059604645,0.0,46.03549361228943,24.54430103302002
stim_95_flute.wav,74.99999821186066,10.000000298023224,44.30864721536636,28.997824788093567
stim_95_flute.wav,80.00000059604645,10.000000298023224,47.151163816452026,26.60353124141693
stim_95_flute.wav,64.9999988079071,0.0,53.0950140953064,26.557794213294983
stim_95_flute.wav,25.000001192092896,60.0,46.75488352775574,26.33813738822937
stim_95_flute.wav,15.000000447034836,30.0,36.50947540998459,26.632325649261475
stim_95_flute.wav,40.000000298023224,0.0,46.18500530719757,29.47500228881836
stim_95_flute.wav,70.0000011920929,40.000001192092896,42.52866894006729,28.522494435310364
stim_95_flute.wav,30.00000089406967,20.000000596046448,42.44447708129883,28.186052441596985
stim_95_flute.wav,5.000000037252903,20.000000596046448,26.884615123271942,26.252553462982178
stim_95_flute.wav,50.00000238418579,40.000001192092896,40.040303170681,28.548479676246643
stim_95_flute.wav,64.9999988079071,20.000000596046448,53.95812749862671,33.35662364959717
stim_95_flute.wav,35.00000059604645,60.0,43.54399502277374,28.879507184028625
stim_95_flute.wav,70.0000011920929,0.0,50.92040777206421,29.24222230911255
stim_95_flute.wav,45.0,40.000001192092896,41.61301642656326,28.35357427597046
stim_95_flute.wav,70.0000011920929,20.000000596046448,40.78356742858887,27.168803215026855
stim_95_flute.wav,40.000000298023224,40.000001192092896,44.149155020713806,26.614710688591003
stim_95_flute.wav,15.000000447034836,20.000000596046448,32.9454231262207,26.32233202457428
stim_95_flute.wav,10.000000074505806,40.000001192092896,38.28444331884384,30.360885858535767
stim_95_flute.wav,25.000001192092896,10.000000298023224,45.96976339817047,26.420858502388
stim_95_flute.wav,45.0,10.000000298023224,43.7697297334671,28.752277493476868
stim_95_flute.wav,60.00000178813934,20.000000596046448,56.3524603843689,30.46983003616333
stim_95_flute.wav,15.000000447034836,60.0,41.91887140274048,29.94836390018463
stim_95_flute.wav,5.000000037252903,60.0,41.96311980485916,30.4922354221344
stim_95_flute.wav,0.0,40.000001192092896,37.75131404399872,29.05692994594574
stim_95_flute.wav,0.0,49.999998807907104,36.6535609960556,28.142951130867004
stim_95_flute.wav,54.99999940395355,60.0,53.1838595867157,33.96540641784668
stim_95_flute.wav,60.00000178813934,0.0,32.072991728782654,26.211912631988525
stim_95_flute.wav,64.9999988079071,60.0,58.29112350940704,27.78646409511566
stim_95_flute.wav,90.0,20.000000596046448,46.40548825263977,26.968308091163635
stim_95_flute.wav,74.99999821186066,30.0,44.128963351249695,30.798096656799316
stim_95_flute.wav,64.9999988079071,10.000000298023224,57.39785134792328,30.978938341140747
stim_95_flute.wav,0.0,0.0,37.60149657726288,26.894967555999756
stim_95_flute.wav,70.0000011920929,60.0,54.15356397628784,32.184215784072876
stim_95_flute.wav,70.0000011920929,0.0,48.538488149642944,28.98680806159973
stim_95_flute.wav,45.0,60.0,42.27120906114578,26.383997797966003
stim_95_flute.wav,15.000000447034836,20.000000596046448,32.29238837957382,23.32551598548889
stim_95_flute.wav,64.9999988079071,60.0,55.80988168716431,34.02585983276367
stim_95_flute.wav,84.99999761581421,30.0,46.012142300605774,30.75852870941162
stim_95_flute.wav,90.0,49.999998807907104,46.67065680027008,28.54780912399292
stim_95_flute.wav,60.00000178813934,0.0,36.18566036224365,27.825289964675903
stim_95_flute.wav,25.000001192092896,49.999998807907104,44.901849925518036,29.702805876731873
stim_95_flute.wav,84.99999761581421,10.000000298023224,46.22522234916687,29.984273314476013
stim_95_flute.wav,40.000000298023224,20.000000596046448,44.109139144420624,28.11781883239746
stim_95_flute.wav,15.000000447034836,0.0,41.64230078458786,29.332376718521118
stim_95_flute.wav,30.00000089406967,10.000000298023224,41.680377423763275,27.674962878227234
stim_95_flute.wav,50.00000238418579,60.0,64.5226514339447,36.345680952072144
stim_95_flute.wav,84.99999761581421,49.999998807907104,49.6999329328537,32.135353088378906
stim_95_flute.wav,10.000000074505806,10.000000298023224,32.511803805828094,29.44460928440094
stim_95_flute.wav,64.9999988079071,30.0,45.69942355155945,29.199707508087158
stim_95_flute.wav,30.00000089406967,30.0,46.71012282371521,29.023464918136597
stim_95_flute.wav,45.0,60.0,41.4803221821785,27.472282648086548
stim_95_flute.wav,35.00000059604645,30.0,50.82657873630524,32.13125824928284
stim_95_flute.wav,60.00000178813934,10.000000298023224,59.52923655509949,32.242698669433594
stim_80_flute.wav,10.000000074505806,0.0,35.36503314971924,28.488492965698242
stim_80_flute.wav,30.00000089406967,10.000000298023224,37.25531727075577,25.989407300949097
stim_80_flute.wav,60.00000178813934,20.000000596046448,54.91584777832031,29.824288487434387
stim_80_flute.wav,50.00000238418579,30.0,50.250601172447205,29.095627069473267
stim_80_flute.wav,80.00000059604645,60.0,51.791669726371765,25.59506893157959
stim_80_flute.wav,30.00000089406967,20.000000596046448,34.164122343063354,27.860405445098877
stim_80_flute.wav,50.00000238418579,30.0,50.71406006813049,30.92556595802307
stim_80_flute.wav,15.000000447034836,40.000001192092896,32.92129933834076,28.870999217033386
stim_80_flute.wav,84.99999761581421,10.000000298023224,53.083051443099976,27.982120513916016
stim_80_flute.wav,90.0,20.000000596046448,55.53413987159729,24.069904088974
stim_80_flute.wav,70.0000011920929,60.0,50.46220064163208,29.996718764305115
stim_80_flute.wav,0.0,49.999998807907104,25.336975157260895,29.39484179019928
stim_80_flute.wav,25.000001192092896,49.999998807907104,34.29397076368332,28.69950771331787
stim_80_flute.wav,20.000000149011612,0.0,43.251569867134094,28.24075162410736
stim_80_flute.wav,5.000000037252903,49.999998807907104,28.70315819978714,27.578541040420532
stim_80_flute.wav,35.00000059604645,30.0,43.329670429229736,28.25111746788025
stim_80_flute.wav,35.00000059604645,49.999998807907104,41.441918313503265,28.705233335494995
stim_80_flute.wav,45.0,0.0,55.94704449176788,31.45977258682251
stim_80_flute.wav,84.99999761581421,30.0,51.30423724651337,27.129001021385193
stim_80_flute.wav,74.99999821186066,30.0,49.49692726135254,28.60436260700226
stim_80_flute.wav,5.000000037252903,30.0,26.301328539848328,29.407317638397217
stim_80_flute.wav,45.0,20.000000596046448,44.98826801776886,27.72386133670807
stim_80_flute.wav,54.99999940395355,10.000000298023224,42.635227739810944,28.589086532592773
stim_80_flute.wav,5.000000037252903,40.000001192092896,32.79510140419006,27.586652040481567
stim_80_flute.wav,45.0,49.999998807907104,48.2207590341568,31.29639744758606
stim_80_flute.wav,54.99999940395355,40.000001192092896,49.959688782691956,33.18076014518738
stim_80_flute.wav,40.000000298023224,49.999998807907104,43.48009675741196,30.317240953445435
stim_80_flute.wav,54.99999940395355,30.0,41.74333959817886,30.179994106292725
stim_80_flute.wav,25.000001192092896,10.000000298023224,42.98923373222351,27.283925414085388
stim_80_flute.wav,15.000000447034836,20.000000596046448,36.03458762168884,27.891258001327515
stim_80_flute.wav,10.000000074505806,20.000000596046448,34.46126013994217,28.62217426300049
stim_80_flute.wav,25.000001192092896,40.000001192092896,40.08679389953613,29.719927310943604
stim_80_flute.wav,40.000000298023224,40.000001192092896,47.470829486846924,26.720409393310547
stim_80_flute.wav,25.000001192092896,20.000000596046448,45.81865310668945,31.898882389068604
stim_80_flute.wav,0.0,40.000001192092896,18.27891916036606,31.05098605155945
stim_80_flute.wav,70.0000011920929,20.000000596046448,58.788979053497314,29.184125661849976
stim_80_flute.wav,60.00000178813934,0.0,49.68311548233032,32.9229211807251
stim_80_flute.wav,54.99999940395355,49.999998807907104,39.92321401834488,30.376378297805786
stim_80_flute.wav,15.000000447034836,30.0,31.74927055835724,32.43887186050415
stim_80_flute.wav,45.0,30.0,37.92232096195221,31.413180828094482
stim_80_flute.wav,70.0000011920929,40.000001192092896,53.21548819541931,31.343858242034912
stim_80_flute.wav,5.000000037252903,10.000000298023224,30.12285143136978,29.063281416893005
stim_80_flute.wav,35.00000059604645,0.0,38.05455923080444,28.482577800750732
stim_80_flute.wav,80.00000059604645,20.000000596046448,53.60956370830536,27.043442130088806
stim_80_flute.wav,5.000000037252903,40.000001192092896,31.19034379720688,26.81101083755493
stim_80_flute.wav,45.0,49.999998807907104,54.264811277389526,29.473366141319275
stim_80_flute.wav,74.99999821186066,30.0,51.97756290435791,31.138261556625366
stim_80_flute.wav,50.00000238418579,30.0,42.01846718788147,28.76397728919983
stim_80_flute.wav,45.0,0.0,50.49892008304596,30.66012740135193
stim_80_flute.wav,30.00000089406967,49.999998807907104,34.826252460479736,29.99568521976471
stim_80_flute.wav,64.9999988079071,60.0,47.95086443424225,29.144060611724854
stim_80_flute.wav,74.99999821186066,0.0,50.46893298625946,27.660062313079834
stim_80_flute.wav,0.0,20.000000596046448,25.753720700740814,29.669848680496216
stim_80_flute.wav,45.0,10.000000298023224,51.74937665462494,28.173129558563232
stim_80_flute.wav,54.99999940395355,10.000000298023224,50.80695569515228,30.858614444732666
stim_80_flute.wav,90.0,10.000000298023224,54.24155116081238,25.35648822784424
stim_80_flute.wav,45.0,0.0,46.895533204078674,29.501506090164185
stim_80_flute.wav,50.00000238418579,49.999998807907104,39.54759746789932,29.182206988334656
stim_80_flute.wav,10.000000074505806,40.000001192092896,30.266794860363007,28.775823712348938
stim_80_flute.wav,25.000001192092896,40.000001192092896,34.12354052066803,27.221315503120422
stim_80_flute.wav,74.99999821186066,10.000000298023224,48.20546507835388,29.22852337360382
stim_80_flute.wav,60.00000178813934,30.0,44.643394947052,28.956302404403687
stim_80_flute.wav,10.000000074505806,49.999998807907104,35.664753913879395,29.422967433929443
stim_80_flute.wav,64.9999988079071,30.0,44.40293222665787,28.994455933570862
stim_80_flute.wav,84.99999761581421,0.0,47.803627252578735,26.099483370780945
stim_80_flute.wav,25.000001192092896,0.0,37.434818744659424,35.25616765022278
stim_80_flute.wav,20.000000149011612,10.000000298023224,33.35902512073517,29.024768471717834
stim_80_flute.wav,70.0000011920929,10.000000298023224,47.191386222839355,27.69106686115265
stim_80_flute.wav,74.99999821186066,10.000000298023224,46.951162219047546,29.067726731300354
stim_80_flute.wav,54.99999940395355,20.000000596046448,46.54202878475189,30.243347883224487
stim_80_flute.wav,5.000000037252903,60.0,28.60377699136734,31.635249853134155
stim_80_flute.wav,0.0,40.000001192092896,23.64186465740204,27.92400598526001
stim_80_flute.wav,15.000000447034836,60.0,37.30739772319794,31.923669576644897
stim_80_flute.wav,74.99999821186066,40.000001192092896,48.89409005641937,28.240302801132202
stim_80_flute.wav,64.9999988079071,40.000001192092896,52.18774616718292,30.71355700492859
stim_80_flute.wav,60.00000178813934,49.999998807907104,45.355666279792786,28.570561408996582
stim_80_flute.wav,60.00000178813934,60.0,46.444106698036194,29.987332820892334
stim_80_flute.wav,0.0,49.999998807907104,19.478872418403625,29.737409949302673
stim_80_flute.wav,54.99999940395355,40.000001192092896,47.049851417541504,28.677486777305603
stim_80_flute.wav,84.99999761581421,20.000000596046448,52.68912613391876,29.968160390853882
stim_80_flute.wav,74.99999821186066,49.999998807907104,47.06564426422119,31.5267813205719
stim_80_flute.wav,64.9999988079071,49.999998807907104,41.77936166524887,29.89962100982666
stim_80_flute.wav,84.99999761581421,40.000001192092896,52.95388162136078,32.65279412269592
stim_80_flute.wav,15.000000447034836,60.0,34.16285902261734,29.02065932750702
stim_80_flute.wav,35.00000059604645,10.000000298023224,44.2036172747612,28.861584663391113
stim_80_flute.wav,15.000000447034836,0.0,33.687708377838135,28.09852123260498
stim_80_flute.wav,80.00000059604645,60.0,55.47744333744049,30.349373817443848
stim_80_flute.wav,54.99999940395355,20.000000596046448,49.12482440471649,28.9390629529953
stim_80_flute.wav,84.99999761581421,30.0,51.22204899787903,29.28583860397339
stim_80_flute.wav,20.000000149011612,60.0,35.20864427089691,30.802634954452515
stim_80_flute.wav,80.00000059604645,20.000000596046448,52.4834543466568,26.753005385398865
stim_80_flute.wav,80.00000059604645,49.999998807907104,48.54537069797516,26.798211336135864
stim_80_flute.wav,80.00000059604645,30.0,50.61546742916107,28.50063443183899
stim_80_flute.wav,25.000001192092896,0.0,37.37433761358261,26.26891314983368
stim_80_flute.wav,40.000000298023224,20.000000596046448,42.568926215171814,30.79935908317566
stim_80_flute.wav,54.99999940395355,20.000000596046448,50.92362642288208,33.451781272888184
stim_80_flute.wav,40.000000298023224,20.000000596046448,47.331992983818054,30.49594759941101
stim_80_flute.wav,84.99999761581421,49.999998807907104,51.99451982975006,30.40804624557495
stim_80_flute.wav,30.00000089406967,49.999998807907104,39.36633914709091,31.01693630218506
stim_80_flute.wav,25.000001192092896,20.000000596046448,41.51235580444336,29.088603258132935
stim_80_flute.wav,80.00000059604645,49.999998807907104,60.13090431690216,33.82719397544861
stim_80_flute.wav,70.0000011920929,30.0,51.96562170982361,31.053961515426636
stim_80_flute.wav,35.00000059604645,20.000000596046448,42.970241010189056,29.561814665794373
stim_80_flute.wav,30.00000089406967,60.0,36.28835678100586,33.031582832336426
stim_80_flute.wav,25.000001192092896,60.0,44.51853543519974,23.611282110214233
stim_80_flute.wav,10.000000074505806,60.0,37.45761752128601,28.993263244628906
stim_80_flute.wav,15.000000447034836,40.000001192092896,29.945750534534454,33.385974168777466
stim_80_flute.wav,60.00000178813934,0.0,46.13009512424469,29.909255504608154
stim_80_flute.wav,54.99999940395355,60.0,43.49396914243698,29.592905044555664
stim_80_flute.wav,0.0,60.0,17.739470601081848,30.691384077072144
stim_80_flute.wav,10.000000074505806,30.0,31.204146444797516,27.537342309951782
stim_80_flute.wav,54.99999940395355,20.000000596046448,50.34709095954895,30.277419090270996
stim_80_flute.wav,45.0,40.000001192092896,43.1007519364357,28.89191508293152
stim_80_flute.wav,15.000000447034836,49.999998807907104,32.22189724445343,27.93528914451599
stim_80_flute.wav,20.000000149011612,30.0,44.46537137031555,28.975526690483093
stim_80_flute.wav,35.00000059604645,10.000000298023224,45.665123462677,27.453367710113525
stim_80_flute.wav,45.0,0.0,49.74953770637512,29.640215635299683
stim_80_flute.wav,74.99999821186066,49.999998807907104,43.757691979408264,29.201771020889282
stim_80_flute.wav,60.00000178813934,60.0,47.423885464668274,27.83835768699646
stim_80_flute.wav,54.99999940395355,40.000001192092896,48.545182943344116,31.11385703086853
stim_80_flute.wav,50.00000238418579,30.0,46.57733738422394,31.08893394470215
stim_80_flute.wav,5.000000037252903,49.999998807907104,27.342945635318756,28.18813383579254
stim_80_flute.wav,84.99999761581421,40.000001192092896,58.422396183013916,31.075676679611206
stim_80_flute.wav,40.000000298023224,20.000000596046448,41.412100195884705,29.560564756393433
stim_80_flute.wav,60.00000178813934,30.0,42.87250131368637,27.986955642700195
stim_80_flute.wav,60.00000178813934,60.0,41.450155377388,28.461254239082336
stim_80_flute.wav,10.000000074505806,0.0,37.933183908462524,29.228074550628662
stim_76_flute.wav,40.000000298023224,0.0,43.33265036344528,29.432133436203003
stim_76_flute.wav,90.0,0.0,55.40621995925903,27.366265654563904
stim_76_flute.wav,80.00000059604645,49.999998807907104,59.352993965148926,26.287402510643005
stim_76_flute.wav,70.0000011920929,10.000000298023224,58.47052037715912,27.99334466457367
stim_76_flute.wav,60.00000178813934,60.0,46.260332465171814,28.351428508758545
stim_76_flute.wav,5.000000037252903,30.0,17.136426866054535,27.79519557952881
stim_76_flute.wav,20.000000149011612,0.0,38.10126185417175,32.63120412826538
stim_76_flute.wav,64.9999988079071,20.000000596046448,53.72638463973999,30.357989072799683
stim_76_flute.wav,84.99999761581421,0.0,64.47054147720337,20.755895376205444
stim_76_flute.wav,10.000000074505806,20.000000596046448,23.143421709537506,30.996909141540527
stim_76_flute.wav,50.00000238418579,0.0,46.67511999607086,27.383145689964294
stim_76_flute.wav,60.00000178813934,20.000000596046448,56.36915445327759,26.42130732536316
stim_76_flute.wav,40.000000298023224,60.0,42.91734516620636,27.23073720932007
stim_76_flute.wav,5.000000037252903,20.000000596046448,26.956018209457397,27.117084860801697
stim_76_flute.wav,54.99999940395355,40.000001192092896,40.67508816719055,31.959407329559326
stim_76_flute.wav,50.00000238418579,0.0,55.11667013168335,30.644856691360474
stim_76_flute.wav,20.000000149011612,0.0,38.16396921873093,25.581230521202087
stim_76_flute.wav,84.99999761581421,60.0,69.06728982925415,37.953035831451416
stim_76_flute.wav,80.00000059604645,10.000000298023224,52.401410937309265,26.81336760520935
stim_76_flute.wav,70.0000011920929,60.0,61.32024943828583,28.918198943138123
stim_76_flute.wav,20.000000149011612,30.0,29.700038731098175,28.348381519317627
stim_76_flute.wav,30.00000089406967,40.000001192092896,43.47766935825348,32.27015018463135
stim_76_flute.wav,0.0,30.0,15.613613426685333,27.474161982536316
stim_76_flute.wav,50.00000238418579,40.000001192092896,39.70305293798447,28.48018527030945
stim_76_flute.wav,80.00000059604645,0.0,59.217714071273804,23.31496238708496
stim_76_flute.wav,70.0000011920929,49.999998807907104,50.75979173183441,25.61591863632202
stim_76_flute.wav,25.000001192092896,20.000000596046448,41.38640731573105,23.449008464813232
stim_76_flute.wav,80.00000059604645,10.000000298023224,43.512956500053406,26.076725721359253
stim_76_flute.wav,30.00000089406967,60.0,33.92923057079315,25.442097187042236
stim_76_flute.wav,10.000000074505806,60.0,21.426457911729813,38.8779616355896
stim_76_flute.wav,64.9999988079071,49.999998807907104,47.79060244560242,33.13385009765625
stim_76_flute.wav,20.000000149011612,49.999998807907104,26.152541041374207,28.14078390598297
stim_76_flute.wav,10.000000074505806,40.000001192092896,21.70193687081337,34.081220626831055
stim_76_flute.wav,10.000000074505806,0.0,22.372646033763885,31.438307762145996
stim_76_flute.wav,0.0,49.999998807907104,11.856793463230133,29.48264479637146
stim_76_flute.wav,60.00000178813934,40.000001192092896,33.99312883615494,24.320234656333923
stim_76_flute.wav,84.99999761581421,49.999998807907104,48.585142493247986,23.97614300251007
stim_76_flute.wav,45.0,60.0,46.72186017036438,31.49689793586731
stim_76_flute.wav,74.99999821186066,0.0,62.12515890598297,25.70521831512451
stim_76_flute.wav,50.00000238418579,49.999998807907104,41.90082013607025,25.9553861618042
stim_76_flute.wav,40.000000298023224,0.0,33.6475932598114,23.99468243122101
stim_76_flute.wav,0.0,20.000000596046448,9.678110182285309,27.23131835460663
stim_76_flute.wav,54.99999940395355,0.0,61.389498710632324,33.03087830543518
stim_76_flute.wav,35.00000059604645,60.0,41.65787637233734,20.69645404815674
stim_76_flute.wav,90.0,0.0,49.84380125999451,21.985105276107788
stim_76_flute.wav,80.00000059604645,0.0,57.64428198337555,24.00612473487854
stim_76_flute.wav,54.99999940395355,10.000000298023224,36.50325268507004,24.781717658042908
stim_76_flute.wav,10.000000074505806,49.999998807907104,20.085458010435104,39.56402778625488
stim_76_flute.wav,60.00000178813934,60.0,47.731239795684814,31.757537126541138
stim_76_flute.wav,70.0000011920929,0.0,59.291571378707886,27.68550217151642
stim_76_flute.wav,45.0,49.999998807907104,51.98087811470032,32.67434120178223
stim_76_flute.wav,54.99999940395355,0.0,49.14379835128784,27.218109369277954
stim_76_flute.wav,35.00000059604645,30.0,44.428676068782806,29.740503430366516
stim_76_flute.wav,15.000000447034836,20.000000596046448,25.575192868709564,24.030475616455078
stim_76_flute.wav,0.0,0.0,21.465721428394318,28.28988254070282
stim_76_flute.wav,20.000000149011612,30.0,36.65586233139038,23.9861261844635
stim_76_flute.wav,40.000000298023224,49.999998807907104,39.30463761091232,23.487950563430786
stim_76_flute.wav,30.00000089406967,30.0,36.81905061006546,25.492243766784668
stim_76_flute.wav,15.000000447034836,10.000000298023224,27.694408893585205,20.9364652633667
stim_76_flute.wav,80.00000059604645,49.999998807907104,53.535271883010864,29.90026295185089
stim_76_flute.wav,54.99999940395355,10.000000298023224,43.089132606983185,29.60975468158722
stim_76_flute.wav,74.99999821186066,40.000001192092896,57.637426257133484,33.007307052612305
stim_76_flute.wav,74.99999821186066,60.0,67.8759491443634,35.96203923225403
stim_76_flute.wav,40.000000298023224,20.000000596046448,47.19347298145294,32.07265377044678
stim_76_flute.wav,60.00000178813934,30.0,45.8279013633728,17.31933832168579
stim_76_flute.wav,80.00000059604645,30.0,57.18827962875366,25.69056808948517
stim_76_flute.wav,50.00000238418579,30.0,41.24560207128525,27.36698806285858
stim_76_flute.wav,10.000000074505806,30.0,22.62249916791916,27.78884768486023
stim_76_flute.wav,0.0,20.000000596046448,17.044869661331177,27.220836281776428
stim_76_flute.wav,54.99999940395355,0.0,56.717036962509155,31.262969970703125
stim_76_flute.wav,15.000000447034836,49.999998807907104,22.061033695936203,31.375104188919067
stim_76_flute.wav,30.00000089406967,10.000000298023224,38.03998947143555,27.422903180122375
stim_76_flute.wav,74.99999821186066,20.000000596046448,63.10205698013306,29.386757612228394
stim_76_flute.wav,84.99999761581421,0.0,46.61980211734772,26.336764097213745
stim_76_flute.wav,40.000000298023224,0.0,37.696374356746674,29.700093269348145
stim_76_flute.wav,64.9999988079071,40.000001192092896,43.49788784980774,27.759645581245422
stim_76_flute.wav,0.0,20.000000596046448,12.618353068828583,28.01128327846527
stim_76_flute.wav,15.000000447034836,0.0,28.713490068912506,23.845936059951782
stim_76_flute.wav,15.000000447034836,20.000000596046448,35.07827013731003,26.65147304534912
stim_76_flute.wav,74.99999821186066,49.999998807907104,46.93290174007416,23.624671697616577
stim_76_flute.wav,10.000000074505806,60.0,21.75562396645546,32.21577286720276
stim_76_flute.wav,15.000000447034836,20.000000596046448,28.651922643184662,21.950587034225464
stim_76_flute.wav,54.99999940395355,49.999998807907104,33.21618139743805,28.1011962890625
stim_76_flute.wav,50.00000238418579,49.999998807907104,39.80504930019379,31.402870416641235
stim_76_flute.wav,5.000000037252903,30.0,22.009969800710678,23.84001910686493
stim_76_flute.wav,10.000000074505806,49.999998807907104,19.881379455327988,35.73294639587402
stim_76_flute.wav,64.9999988079071,49.999998807907104,50.257076025009155,32.9909884929657
stim_76_flute.wav,5.000000037252903,49.999998807907104,18.434605300426483,28.72641921043396
stim_76_flute.wav,80.00000059604645,20.000000596046448,64.51089262962341,21.947933435440063
stim_76_flute.wav,74.99999821186066,40.000001192092896,57.81682848930359,32.82673716545105
stim_76_flute.wav,80.00000059604645,40.000001192092896,61.07844829559326,31.757783889770508
stim_76_flute.wav,45.0,30.0,39.39118176698685,31.71741485595703
stim_76_flute.wav,80.00000059604645,0.0,59.020705819129944,27.96927273273468
stim_76_flute.wav,90.0,20.000000596046448,59.68420386314392,19.588724970817566
stim_76_flute.wav,35.00000059604645,0.0,36.898194551467896,26.550362706184387
stim_76_flute.wav,35.00000059604645,20.000000596046448,30.42641043663025,25.501291751861572
stim_76_flute.wav,60.00000178813934,30.0,47.18171417713165,22.180135846138
stim_76_flute.wav,60.00000178813934,49.999998807907104,31.144636273384094,26.25134289264679
stim_76_flute.wav,60.00000178813934,40.000001192092896,50.859301686286926,31.95715069770813
stim_76_flute.wav,45.0,40.000001192092896,45.45717179775238,34.723899364471436
stim_76_flute.wav,35.00000059604645,0.0,38.91111463308334,28.216364979743958
stim_76_flute.wav,74.99999821186066,0.0,43.06183040142059,24.961350560188293
stim_76_flute.wav,45.0,0.0,42.60939002037048,32.10434675216675
stim_76_flute.wav,45.0,0.0,43.99327039718628,31.098700761795044
stim_76_flute.wav,84.99999761581421,60.0,56.906529664993286,29.116936326026917
stim_76_flute.wav,25.000001192092896,10.000000298023224,40.860678255558014,24.969794154167175
stim_76_flute.wav,90.0,60.0,58.54393780231476,29.489357471466064
stim_76_flute.wav,25.000001192092896,40.000001192092896,34.35293644666672,29.28934872150421
stim_76_flute.wav,0.0,20.000000596046448,32.53467500209808,24.58762228488922
stim_76_flute.wav,15.000000447034836,10.000000298023224,27.408321797847748,25.58566153049469
stim_56_flute.wav,84.99999761581421,30.0,70.6888997554779,34.74524259567261
stim_56_flute.wav,64.9999988079071,0.0,61.81650638580322,21.10609531402588
stim_56_flute.wav,70.0000011920929,0.0,56.296579241752625,22.80006766319275
stim_56_flute.wav,64.9999988079071,0.0,57.93744742870331,25.325045585632324
stim_56_flute.wav,5.000000037252903,10.000000298023224,13.322964012622833,22.970834970474243
stim_56_flute.wav,50.00000238418579,60.0,55.035409927368164,37.28162169456482
stim_56_flute.wav,74.99999821186066,20.000000596046448,68.45494151115417,23.996266722679138
stim_56_flute.wav,50.00000238418579,40.000001192092896,53.66591691970825,35.11491537094116
stim_56_flute.wav,60.00000178813934,20.000000596046448,60.58986783027649,31.901886463165283
stim_56_flute.wav,64.9999988079071,30.0,60.127063393592834,26.09661340713501
stim_56_flute.wav,40.000000298023224,49.999998807907104,40.752936601638794,30.931642055511475
stim_56_flute.wav,10.000000074505806,10.000000298023224,19.112541675567627,18.978095054626465
stim_56_flute.wav,35.00000059604645,0.0,47.02071726322174,30.22100329399109
stim_56_flute.wav,5.000000037252903,40.000001192092896,14.187380969524384,30.42722225189209
stim_56_flute.wav,50.00000238418579,60.0,52.98582136631012,33.9096736907959
stim_56_flute.wav,40.000000298023224,10.000000298023224,40.08164942264557,13.96377146244049
stim_56_flute.wav,5.000000037252903,20.000000596046448,12.65960544347763,26.50385320186615
stim_56_flute.wav,0.0,0.0,11.743553280830383,29.91497039794922
stim_56_flute.wav,0.0,60.0,8.439423143863678,27.061375379562378
stim_56_flute.wav,20.000000149011612,60.0,27.32896864414215,30.687893629074097
stim_56_flute.wav,30.00000089406967,40.000001192092896,34.57149624824524,30.404555797576904
stim_56_flute.wav,70.0000011920929,20.000000596046448,65.81972479820251,31.383368968963623
stim_56_flute.wav,70.0000011920929,40.000001192092896,58.157249093055725,32.43910074234009
stim_56_flute.wav,0.0,30.0,3.477698564529419,25.489085912704468
stim_56_flute.wav,30.00000089406967,20.000000596046448,37.74697422981262,38.099234104156494
stim_56_flute.wav,30.00000089406967,60.0,35.714149475097656,34.74764585494995
stim_56_flute.wav,74.99999821186066,0.0,56.10095500946045,27.053555846214294
stim_56_flute.wav,60.00000178813934,49.999998807907104,55.21657168865204,24.56370770931244
stim_56_flute.wav,40.000000298023224,30.0,50.383708477020264,27.340237498283386
stim_56_flute.wav,40.000000298023224,20.000000596046448,49.0173214673996,32.796746492385864
stim_56_flute.wav,40.000000298023224,40.000001192092896,39.14891391992569,31.062108278274536
stim_56_flute.wav,84.99999761581421,30.0,70.19508361816406,22.94931471347809
stim_56_flute.wav,54.99999940395355,49.999998807907104,51.354485750198364,40.6596314907074
stim_56_flute.wav,25.000001192092896,60.0,39.55348491668701,37.47385025024414
stim_56_flute.wav,60.00000178813934,10.000000298023224,56.00555419921875,27.059585452079773
stim_56_flute.wav,45.0,49.999998807907104,57.547030448913574,39.396246671676636
stim_56_flute.wav,64.9999988079071,40.000001192092896,64.8464584350586,29.883134365081787
stim_56_flute.wav,90.0,30.0,70.42991638183594,19.835529327392578
stim_56_flute.wav,25.000001192092896,40.000001192092896,31.398764848709106,31.211857795715332
stim_56_flute.wav,25.000001192092896,60.0,40.09809136390686,37.41605758666992
stim_56_flute.wav,35.00000059604645,10.000000298023224,43.86745601892471,24.82874035835266
stim_56_flute.wav,25.000001192092896,40.000001192092896,25.451760292053223,29.20501470565796
stim_56_flute.wav,15.000000447034836,0.0,14.533257186412811,15.927386283874512
stim_56_flute.wav,20.000000149011612,0.0,32.97666013240814,31.142810583114624
stim_56_flute.wav,25.000001192092896,40.000001192092896,28.491153717041016,22.809326648712158
stim_56_flute.wav,84.99999761581421,40.000001192092896,60.13021767139435,35.87452054023743
stim_56_flute.wav,70.0000011920929,49.999998807907104,51.798906326293945,38.24875831604004
stim_56_flute.wav,84.99999761581421,60.0,72.87275433540344,32.70983576774597
stim_56_flute.wav,70.0000011920929,60.0,68.19927871227264,30.274178981781006
stim_56_flute.wav,60.00000178813934,10.000000298023224,54.43684279918671,21.94059669971466
stim_56_flute.wav,30.00000089406967,60.0,30.175135731697083,32.82667636871338
stim_56_flute.wav,45.0,30.0,47.732221484184265,34.485318660736084
stim_56_flute.wav,50.00000238418579,10.000000298023224,50.20401656627655,19.947044849395752
stim_56_flute.wav,74.99999821186066,40.000001192092896,68.3543050289154,36.083582639694214
stim_56_flute.wav,54.99999940395355,20.000000596046448,53.43675971031189,27.82108426094055
stim_56_flute.wav,54.99999940395355,60.0,57.13790237903595,43.80831956863403
stim_56_flute.wav,60.00000178813934,10.000000298023224,55.230653285980225,22.778449058532715
stim_56_flute.wav,54.99999940395355,0.0,31.487111449241638,17.97243297100067
stim_56_flute.wav,30.00000089406967,40.000001192092896,37.85206586122513,34.68920946121216
stim_56_flute.wav,25.000001192092896,0.0,41.27605587244034,22.641343474388123
stim_56_flute.wav,20.000000149011612,20.000000596046448,35.419079661369324,26.65730595588684
stim_56_flute.wav,25.000001192092896,0.0,39.99630153179169,25.354991555213928
stim_56_flute.wav,30.00000089406967,10.000000298023224,48.86897385120392,26.942356824874878
stim_56_flute.wav,35.00000059604645,49.999998807907104,36.53778076171875,38.29925537109375
stim_56_flute.wav,80.00000059604645,49.999998807907104,68.35551738739014,25.956716537475586
stim_56_flute.wav,20.000000149011612,30.0,24.825952649116516,31.6024911403656
stim_56_flute.wav,84.99999761581421,40.000001192092896,58.414440751075745,34.21115040779114
stim_56_flute.wav,0.0,49.999998807907104,12.325697243213654,27.46889054775238
stim_56_flute.wav,54.99999940395355,10.000000298023224,53.32717537879944,24.14418339729309
stim_56_flute.wav,35.00000059604645,10.000000298023224,50.98257064819336,36.304510831832886
stim_56_flute.wav,80.00000059604645,40.000001192092896,58.82748484611511,34.37430381774902
stim_56_flute.wav,84.99999761581421,60.0,53.285810351371765,22.456190586090088
stim_56_flute.wav,35.00000059604645,0.0,20.68017214536667,29.553603529930115
stim_56_flute.wav,45.0,30.0,47.78348922729492,33.97020220756531
stim_56_flute.wav,45.0,40.000001192092896,51.583433747291565,40.48055648803711
stim_56_flute.wav,64.9999988079071,49.999998807907104,57.698301672935486,38.255170583724976
stim_56_flute.wav,50.00000238418579,20.000000596046448,54.38864886760712,31.53396248817444
stim_56_flute.wav,45.0,49.999998807907104,31.595869660377502,28.489206433296204
stim_56_flute.wav,70.0000011920929,10.000000298023224,57.44701623916626,19.34013605117798
stim_56_flute.wav,35.00000059604645,20.000000596046448,38.78127157688141,28.2663094997406
stim_56_flute.wav,10.000000074505806,10.000000298023224,23.773330450057983,26.836302280426025
stim_56_flute.wav,20.000000149011612,30.0,40.95517784357071,25.815829038619995
stim_56_flute.wav,54.99999940395355,30.0,49.037883281707764,25.5978262424469
stim_56_flute.wav,15.000000447034836,49.999998807907104,18.635068237781525,27.05347716808319
stim_56_flute.wav,40.000000298023224,10.000000298023224,51.612680554389954,31.912912130355835
stim_56_flute.wav,5.000000037252903,40.000001192092896,2.0653948187828064,18.384668827056885
stim_56_flute.wav,20.000000149011612,20.000000596046448,39.11661475896835,28.15386414527893
stim_56_flute.wav,40.000000298023224,0.0,46.121007800102234,36.83367848396301
stim_56_flute.wav,80.00000059604645,0.0,66.47703766822815,23.24931263923645
stim_56_flute.wav,60.00000178813934,60.0,55.28801500797272,31.21553063392639
stim_56_flute.wav,54.99999940395355,60.0,55.46816825866699,41.811336278915405
stim_56_flute.wav,20.000000149011612,49.999998807907104,26.632667183876038,28.429434299468994
stim_56_flute.wav,0.0,40.000001192092896,2.258369028568268,30.386552810668945
stim_56_flute.wav,20.000000149011612,30.0,34.6129846572876,33.36974859237671
stim_56_flute.wav,30.00000089406967,20.000000596046448,35.51457703113556,40.86656928062439
stim_56_flute.wav,74.99999821186066,0.0,66.5042781829834,22.260730862617493
stim_56_flute.wav,50.00000238418579,20.000000596046448,55.926799178123474,23.20735216140747
stim_56_flute.wav,74.99999821186066,20.000000596046448,60.97893834114075,24.370874762535095
stim_56_flute.wav,5.000000037252903,30.0,12.598263323307037,31.753299236297607
stim_56_flute.wav,54.99999940395355,10.000000298023224,59.81664061546326,32.666945457458496
stim_56_flute.wav,90.0,10.000000298023224,59.09029304981232,23.020859956741333
stim_56_flute.wav,40.000000298023224,49.999998807907104,39.42252337932587,41.45090460777283
stim_56_flute.wav,20.000000149011612,30.0,22.825917899608612,31.631208658218384
stim_56_flute.wav,45.0,10.000000298023224,60.9760844707489,36.149107217788696
stim_56_flute.wav,35.00000059604645,0.0,20.53592026233673,28.272019028663635
stim_56_flute.wav,0.0,10.000000298023224,2.1681851148605347,24.804303646087646
stim_56_flute.wav,5.000000037252903,10.000000298023224,6.755950748920441,31.910297870635986
stim_56_flute.wav,84.99999761581421,40.000001192092896,68.85644674301147,28.98116648197174
stim_56_flute.wav,84.99999761581421,20.000000596046448,61.42305850982666,32.311763763427734
stim_56_flute.wav,84.99999761581421,60.0,68.01684021949768,25.935720205307007
stim_56_flute.wav,54.99999940395355,49.999998807907104,35.317692160606384,34.064258337020874
stim_56_flute.wav,35.00000059604645,40.000001192092896,29.052395224571228,19.744654297828674
stim_56_flute.wav,20.000000149011612,0.0,47.18096315860748,24.42414164543152
stim_56_flute.wav,40.000000298023224,30.0,50.802379846572876,30.584646463394165
stim_56_flute.wav,70.0000011920929,20.000000596046448,71.41652941703796,31.469521522521973
stim_56_flute.wav,74.99999821186066,49.999998807907104,65.8161199092865,41.62218689918518
stim_56_flute.wav,35.00000059604645,40.000001192092896,41.54572516679764,26.71299397945404
stim_56_flute.wav,15.000000447034836,10.000000298023224,37.18130171298981,27.217145562171936
stim_56_flute.wav,50.00000238418579,40.000001192092896,60.08693218231201,24.855946898460388
stim_56_flute.wav,64.9999988079071,10.000000298023224,50.075334906578064,25.030515789985657
stim_56_flute.wav,64.9999988079071,30.0,61.914600133895874,32.85048007965088
stim_56_flute.wav,0.0,0.0,5.289997458457947,20.8059561252594
stim_56_flute.wav,64.9999988079071,0.0,64.21697616577148,18.1503689289093
stim_56_flute.wav,70.0000011920929,30.0,54.391958713531494,30.552241802215576
stim_56_flute.wav,20.000000149011612,0.0,25.218231081962585,34.136048555374146
stim_56_flute.wav,70.0000011920929,20.000000596046448,67.38008379936218,24.37699019908905
stim_56_flute.wav,15.000000447034836,60.0,14.70131903886795,36.02233171463013
stim_56_flute.wav,70.0000011920929,60.0,59.59300339221954,34.7732949256897
stim_56_flute.wav,80.00000059604645,0.0,74.64685320854187,28.83628249168396
stim_56_flute.wav,30.00000089406967,40.000001192092896,33.125756084918976,35.82694172859192
stim_67_flute.wav,50.00000238418579,49.999998807907104,49.153175354003906,32.957139015197754
stim_67_flute.wav,64.9999988079071,30.0,58.83997321128845,31.793768405914307
stim_67_flute.wav,70.0000011920929,40.000001192092896,62.21536695957184,35.893685817718506
stim_67_flute.wav,15.000000447034836,30.0,24.804916083812714,27.321261763572693
stim_67_flute.wav,40.000000298023224,20.000000596046448,49.62865591049194,31.97961688041687
stim_67_flute.wav,40.000000298023224,40.000001192092896,46.46191656589508,28.952853083610535
stim_67_flute.wav,45.0,60.0,49.0647429227829,32.441357374191284
stim_67_flute.wav,64.9999988079071,20.000000596046448,64.9879503250122,28.304759860038757
stim_67_flute.wav,74.99999821186066,0.0,62.96887457370758,32.595494985580444
stim_67_flute.wav,45.0,30.0,53.516024351119995,36.55320167541504
stim_67_flute.wav,30.00000089406967,40.000001192092896,38.58550786972046,27.852705717086792
stim_67_flute.wav,5.000000037252903,40.000001192092896,15.464163422584534,22.142268419265747
stim_67_flute.wav,64.9999988079071,40.000001192092896,62.79692351818085,33.242833614349365
stim_67_flute.wav,84.99999761581421,0.0,60.48179626464844,22.504486441612244
stim_67_flute.wav,80.00000059604645,20.000000596046448,46.276012659072876,21.59026265144348
stim_67_flute.wav,0.0,10.000000298023224,23.51052761077881,24.616493582725525
stim_67_flute.wav,25.000001192092896,10.000000298023224,40.97583085298538,26.246201992034912
stim_67_flute.wav,64.9999988079071,49.999998807907104,53.742987513542175,34.2152738571167
stim_67_flute.wav,70.0000011920929,0.0,67.19818711280823,28.591783046722412
stim_67_flute.wav,5.000000037252903,40.000001192092896,16.360072195529938,26.43361508846283
stim_67_flute.wav,30.00000089406967,20.000000596046448,43.446928560733795,43.456599712371826
stim_67_flute.wav,30.00000089406967,30.0,47.67922639846802,32.49172925949097
stim_67_flute.wav,30.00000089406967,49.999998807907104,29.199471473693848,31.54511332511902
stim_67_flute.wav,0.0,30.0,16.568072140216827,27.09824502468109
stim_67_flute.wav,35.00000059604645,0.0,33.89974772930145,37.2370970249176
stim_67_flute.wav,74.99999821186066,49.999998807907104,71.52958452701569,35.91928482055664
stim_67_flute.wav,84.99999761581421,10.000000298023224,38.530053198337555,20.576051473617554
stim_67_flute.wav,64.9999988079071,20.000000596046448,54.70585763454437,27.57856786251068
stim_67_flute.wav,10.000000074505806,49.999998807907104,15.792500674724579,31.968287229537964
stim_67_flute.wav,30.00000089406967,30.0,31.289738416671753,45.94541788101196
stim_67_flute.wav,40.000000298023224,30.0,46.134236454963684,23.793112635612488
stim_67_flute.wav,60.00000178813934,20.000000596046448,58.23529601097107,31.71494722366333
stim_67_flute.wav,10.000000074505806,40.000001192092896,26.74809068441391,24.806385040283203
stim_67_flute.wav,35.00000059604645,60.0,55.11698663234711,33.56242775917053
stim_67_flute.wav,70.0000011920929,40.000001192092896,47.33385443687439,26.53907060623169
stim_67_flute.wav,20.000000149011612,30.0,31.738260090351105,21.993834972381592
stim_67_flute.wav,15.000000447034836,30.0,29.161483347415924,26.350303888320923
stim_67_flute.wav,15.000000447034836,60.0,15.13827234506607,40.99267601966858
stim_67_flute.wav,64.9999988079071,60.0,61.932828426361084,38.93279671669006
stim_67_flute.wav,90.0,10.000000298023224,70.58885335922241,24.39270257949829
stim_67_flute.wav,80.00000059604645,10.000000298023224,65.43323993682861,23.99043917655945
stim_67_flute.wav,40.000000298023224,0.0,39.929071962833405,25.151227712631226
stim_67_flute.wav,40.000000298023224,20.000000596046448,50.77010214328766,29.099875688552856
stim_67_flute.wav,54.99999940395355,60.0,54.46547269821167,34.21769857406616
stim_67_flute.wav,0.0,10.000000298023224,8.338800072669983,27.49253511428833
stim_67_flute.wav,54.99999940395355,0.0,54.30688977241516,25.606876015663147
stim_67_flute.wav,45.0,0.0,48.81447672843933,29.91185188293457
stim_67_flute.wav,0.0,60.0,16.52017056941986,29.467899799346924
stim_67_flute.wav,35.00000059604645,20.000000596046448,37.110700607299805,37.683366537094116
stim_67_flute.wav,25.000001192092896,30.0,33.683312237262726,30.394392013549805
stim_67_flute.wav,15.000000447034836,10.000000298023224,22.029380947351456,11.967009902000427
stim_67_flute.wav,45.0,49.999998807907104,40.83378106355667,33.09723615646362
stim_67_flute.wav,35.00000059604645,20.000000596046448,35.63021510839462,36.359710693359375
stim_67_flute.wav,5.000000037252903,20.000000596046448,19.037099182605743,22.209945917129517
stim_67_flute.wav,35.00000059604645,20.000000596046448,38.91835391521454,25.45836567878723
stim_67_flute.wav,35.00000059604645,10.000000298023224,36.27920240163803,29.425740838050842
stim_67_flute.wav,20.000000149011612,20.000000596046448,35.66792964935303,26.207724809646606
stim_67_flute.wav,10.000000074505806,10.000000298023224,25.22946149110794,24.04086470603943
stim_67_flute.wav,15.000000447034836,10.000000298023224,26.374225616455078,23.22452187538147
stim_67_flute.wav,20.000000149011612,0.0,32.83930689096451,21.516366004943848
stim_67_flute.wav,50.00000238418579,40.000001192092896,54.837403893470764,31.45241618156433
stim_67_flute.wav,74.99999821186066,40.000001192092896,61.07066988945007,34.77962851524353
stim_67_flute.wav,0.0,30.0,24.393478631973267,28.67630124092102
stim_67_flute.wav,30.00000089406967,30.0,37.78164982795715,47.05062389373779
stim_67_flute.wav,54.99999940395355,20.000000596046448,48.95325422286987,23.395389318466187
stim_67_flute.wav,20.000000149011612,49.999998807907104,27.33115464448929,30.20194172859192
stim_67_flute.wav,10.000000074505806,20.000000596046448,15.71766972541809,20.621345043182373
stim_67_flute.wav,45.0,10.000000298023224,45.631805062294006,30.923151969909668
stim_67_flute.wav,54.99999940395355,30.0,45.586663484573364,28.26606273651123
stim_67_flute.wav,64.9999988079071,30.0,55.5112498998642,32.20774054527283
stim_67_flute.wav,60.00000178813934,60.0,48.550466895103455,28.92207384109497
stim_67_flute.wav,50.00000238418579,30.0,45.35524785518646,24.881469011306763
stim_67_flute.wav,5.000000037252903,10.000000298023224,27.32423722743988,29.11797344684601
stim_67_flute.wav,80.00000059604645,49.999998807907104,62.595967054367065,34.815605878829956
stim_67_flute.wav,54.99999940395355,10.000000298023224,50.5608469247818,27.613238096237183
stim_67_flute.wav,40.000000298023224,0.0,45.58557987213135,30.924582481384277
stim_67_flute.wav,30.00000089406967,49.999998807907104,34.40259486436844,36.894028186798096
stim_67_flute.wav,5.000000037252903,0.0,12.45462566614151,27.79966413974762
stim_67_flute.wav,5.000000037252903,30.0,19.478038251399994,27.8311425447464
stim_67_flute.wav,40.000000298023224,30.0,52.04951047897339,31.616424322128296
stim_67_flute.wav,15.000000447034836,60.0,13.38248759508133,18.93675684928894
stim_67_flute.wav,54.99999940395355,60.0,47.98124313354492,28.412264585494995
stim_67_flute.wav,64.9999988079071,10.000000298023224,52.31796741485596,27.559452652931213
stim_67_flute.wav,60.00000178813934,20.000000596046448,54.496334195137024,30.363625288009644
stim_67_flute.wav,40.000000298023224,0.0,43.89808148145676,30.3061044216156
stim_67_flute.wav,5.000000037252903,60.0,23.56850892305374,23.824151158332825
stim_67_flute.wav,54.99999940395355,30.0,50.99804162979126,27.254480123519897
stim_67_flute.wav,74.99999821186066,60.0,67.73293375968933,37.56482720375061
stim_67_flute.wav,84.99999761581421,30.0,74.25143659114838,41.80875062942505
stim_67_flute.wav,84.99999761581421,20.000000596046448,59.291823506355286,36.69673562049866
stim_67_flute.wav,80.00000059604645,0.0,59.09618854522705,20.57872474193573
stim_67_flute.wav,60.00000178813934,10.000000298023224,45.35400867462158,17.523552775382996
stim_67_flute.wav,54.99999940395355,49.999998807907104,42.0549613237381,30.365206003189087
stim_67_flute.wav,40.000000298023224,49.999998807907104,30.836536288261414,32.07228899002075
stim_67_flute.wav,60.00000178813934,0.0,46.113250851631165,24.044079780578613
stim_67_flute.wav,54.99999940395355,49.999998807907104,40.053260922431946,30.211200714111328
stim_67_flute.wav,30.00000089406967,40.000001192092896,37.14564174413681,32.31385946273804
stim_67_flute.wav,0.0,40.000001192092896,8.698615729808807,27.5637423992157
stim_67_flute.wav,10.000000074505806,49.999998807907104,16.09208732843399,24.58189845085144
stim_67_flute.wav,60.00000178813934,10.000000298023224,44.06127244234085,23.33604097366333
stim_67_flute.wav,35.00000059604645,10.000000298023224,51.30063772201538,34.303221702575684
stim_67_flute.wav,50.00000238418579,40.000001192092896,42.52143770456314,29.96207356452942
stim_67_flute.wav,70.0000011920929,0.0,52.686063051223755,30.702803134918213
stim_67_flute.wav,50.00000238418579,30.0,58.71200501918793,27.524889707565308
stim_67_flute.wav,35.00000059604645,60.0,50.397655963897705,30.945028066635132
stim_67_flute.wav,50.00000238418579,20.000000596046448,50.999656319618225,27.845596075057983
stim_67_flute.wav,0.0,0.0,29.850607216358185,29.77142572402954
stim_67_flute.wav,40.000000298023224,10.000000298023224,48.01551103591919,31.61137819290161
stim_67_flute.wav,90.0,30.0,57.790226340293884,17.60569453239441
stim_67_flute.wav,0.0,0.0,18.286947011947632,27.817642092704773
stim_67_flute.wav,25.000001192092896,0.0,29.84609842300415,22.171220183372498
stim_67_flute.wav,0.0,30.0,23.205544352531433,28.975002765655518
stim_67_flute.wav,35.00000059604645,60.0,49.556702971458435,34.892213344573975
stim_67_flute.wav,64.9999988079071,49.999998807907104,48.915735483169556,34.287729263305664
stim_67_flute.wav,84.99999761581421,0.0,60.973482728004456,22.011752128601074
stim_67_flute.wav,84.99999761581421,49.999998807907104,54.75705564022064,29.584946036338806
stim_67_flute.wav,70.0000011920929,30.0,66.49989008903503,30.50797462463379
stim_67_flute.wav,0.0,0.0,36.90508246421814,34.17318820953369
stim_67_flute.wav,10.000000074505806,60.0,14.541335999965668,28.564335107803345
stim_67_flute.wav,64.9999988079071,60.0,49.48733568191528,31.125530004501343
stim_67_flute.wav,80.00000059604645,49.999998807907104,57.58354067802429,33.91774892807007
stim_67_flute.wav,70.0000011920929,10.000000298023224,61.395726799964905,28.077272772789
stim_67_flute.wav,70.0000011920929,20.000000596046448,52.12843179702759,24.23598825931549
stim_67_flute.wav,45.0,0.0,35.06411612033844,23.821876645088196
stim_67_flute.wav,35.00000059604645,60.0,45.24320125579834,21.251022219657898
stim_67_flute.wav,25.000001192092896,10.000000298023224,41.491498947143555,27.645013332366943
stim_100_flute.wav,80.00000059604645,10.000000298023224,46.7885559797287,32.44392156600952
stim_100_flute.wav,40.000000298023224,30.0,40.56746989488602,32.34840989112854
stim_100_flute.wav,20.000000149011612,30.0,24.663164019584656,25.986809134483337
stim_100_flute.wav,20.000000149011612,60.0,37.699434757232666,28.347136974334717
stim_100_flute.wav,0.0,0.0,18.846324384212494,39.08028960227966
stim_100_flute.wav,10.000000074505806,60.0,29.640566110610962,29.662106037139893
stim_100_flute.wav,64.9999988079071,49.999998807907104,54.13047552108765,31.649726629257202
stim_100_flute.wav,45.0,60.0,56.95535659790039,31.67022943496704
stim_100_flute.wav,60.00000178813934,60.0,42.89675921201706,28.871732354164124
stim_100_flute.wav,0.0,20.000000596046448,38.00816774368286,33.98215055465698
stim_100_flute.wav,10.000000074505806,20.000000596046448,26.633120477199554,29.767032265663147
stim_100_flute.wav,74.99999821186066,49.999998807907104,51.81793928146362,30.067580938339233
stim_100_flute.wav,64.9999988079071,40.000001192092896,59.76786196231842,35.338701009750366
stim_100_flute.wav,0.0,30.0,27.623611986637115,35.51923871040344
stim_100_flute.wav,15.000000447034836,20.000000596046448,34.94848072528839,29.296560287475586
stim_100_flute.wav,64.9999988079071,60.0,49.11481976509094,30.96678614616394
stim_100_flute.wav,70.0000011920929,40.000001192092896,49.02622640132904,32.69223690032959
stim_100_flute.wav,0.0,30.0,26.39041543006897,35.11939287185669
stim_100_flute.wav,0.0,60.0,25.506721436977386,32.9909884929657
stim_100_flute.wav,10.000000074505806,0.0,25.760251879692078,31.153156757354736
stim_100_flute.wav,35.00000059604645,10.000000298023224,42.75099992752075,28.904085159301758
stim_100_flute.wav,80.00000059604645,20.000000596046448,57.716014981269836,27.03166902065277
stim_100_flute.wav,84.99999761581421,30.0,40.567145347595215,29.011151790618896
stim_100_flute.wav,84.99999761581421,49.999998807907104,44.84162360429764,29.982009530067444
stim_100_flute.wav,50.00000238418579,10.000000298023224,51.88644289970398,30.04328727722168
stim_100_flute.wav,20.000000149011612,30.0,33.6735999584198,23.5084730386734
stim_100_flute.wav,40.000000298023224,60.0,48.31440031528473,30.334045886993408
stim_100_flute.wav,0.0,60.0,27.415260672569275,31.50532364845276
stim_100_flute.wav,84.99999761581421,30.0,42.89521425962448,29.093204140663147
stim_100_flute.wav,84.99999761581421,10.000000298023224,43.848927319049835,28.27064573764801
stim_100_flute.wav,50.00000238418579,60.0,53.709009289741516,34.47892785072327
stim_100_flute.wav,74.99999821186066,0.0,62.77035892009735,16.34777069091797
stim_100_flute.wav,40.000000298023224,60.0,43.926730155944824,43.11190366744995
stim_100_flute.wav,60.00000178813934,30.0,44.33367222547531,27.533336877822876
stim_100_flute.wav,40.000000298023224,0.0,41.34497791528702,25.381511449813843
stim_100_flute.wav,35.00000059604645,40.000001192092896,40.575031042099,27.83619225025177
stim_100_flute.wav,60.00000178813934,60.0,36.312915086746216,29.164613485336304
stim_100_flute.wav,60.00000178813934,49.999998807907104,41.48213267326355,29.371495842933655
stim_100_flute.wav,45.0,40.000001192092896,47.56073713302612,25.38059949874878
stim_100_flute.wav,10.000000074505806,30.0,30.3428515791893,31.204408407211304
stim_100_flute.wav,15.000000447034836,40.000001192092896,28.222667276859283,29.067442417144775
stim_100_flute.wav,45.0,49.999998807907104,39.75976288318634,27.632855772972107
stim_100_flute.wav,40.000000298023224,20.000000596046448,44.371276795864105,16.26031994819641
stim_100_flute.wav,20.000000149011612,20.000000596046448,37.67376333475113,28.23456645011902
stim_100_flute.wav,5.000000037252903,30.0,27.10812360048294,29.650458097457886
stim_100_flute.wav,80.00000059604645,40.000001192092896,47.0294451713562,31.112483739852905
stim_100_flute.wav,60.00000178813934,20.000000596046448,54.864081144332886,33.13182234764099
stim_100_flute.wav,0.0,0.0,35.5965131521225,31.554057598114014
stim_100_flute.wav,64.9999988079071,30.0,44.857773184776306,30.127862691879272
stim_100_flute.wav,40.000000298023224,20.000000596046448,40.64246714115143,20.007619857788086
stim_100_flute.wav,0.0,30.0,29.993367791175842,30.491191148757935
stim_100_flute.wav,70.0000011920929,20.000000596046448,47.93904662132263,26.06344699859619
stim_100_flute.wav,40.000000298023224,20.000000596046448,45.5020397901535,29.65648591518402
stim_100_flute.wav,54.99999940395355,20.000000596046448,56.20135009288788,25.08820652961731
stim_100_flute.wav,74.99999821186066,10.000000298023224,48.283034563064575,26.524434685707092
stim_100_flute.wav,35.00000059604645,20.000000596046448,40.45971751213074,25.877410769462585
stim_100_flute.wav,80.00000059604645,49.999998807907104,40.065261125564575,29.39693570137024
stim_100_flute.wav,84.99999761581421,49.999998807907104,36.022029519081116,29.693174958229065
stim_100_flute.wav,60.00000178813934,0.0,46.500009298324585,28.407384753227234
stim_100_flute.wav,70.0000011920929,20.000000596046448,50.05130231380463,28.88569951057434
stim_100_flute.wav,84.99999761581421,30.0,37.13535815477371,29.727142453193665
stim_100_flute.wav,80.00000059604645,20.000000596046448,60.33365249633789,25.477851033210754
stim_100_flute.wav,45.0,40.000001192092896,47.83619463443756,31.355388164520264
stim_100_flute.wav,74.99999821186066,30.0,43.403487503528595,30.48648476600647
stim_100_flute.wav,30.00000089406967,30.0,42.46822267770767,28.073984384536743
stim_100_flute.wav,45.0,10.000000298023224,52.42806673049927,29.7665673494339
stim_100_flute.wav,80.00000059604645,20.000000596046448,49.0689754486084,28.01867187023163
stim_100_flute.wav,60.00000178813934,0.0,44.0007483959198,28.359137177467346
stim_100_flute.wav,50.00000238418579,20.000000596046448,55.81745624542236,22.941420078277588
stim_100_flute.wav,45.0,10.000000298023224,50.90644955635071,34.10576105117798
stim_100_flute.wav,70.0000011920929,20.000000596046448,57.13195860385895,30.134832859039307
stim_100_flute.wav,10.000000074505806,60.0,27.49327003955841,28.690364956855774
stim_100_flute.wav,45.0,10.000000298023224,49.458319544792175,29.455997943878174
stim_100_flute.wav,15.000000447034836,20.000000596046448,33.74485820531845,27.663427591323853
stim_100_flute.wav,15.000000447034836,0.0,25.173617899417877,18.875652551651
stim_100_flute.wav,40.000000298023224,49.999998807907104,50.22778630256653,30.90319275856018
stim_100_flute.wav,15.000000447034836,0.0,26.342060565948486,16.73258364200592
stim_100_flute.wav,10.000000074505806,40.000001192092896,26.34807139635086,24.94244635105133
stim_100_flute.wav,45.0,20.000000596046448,54.966477155685425,24.98263657093048
stim_100_flute.wav,54.99999940395355,40.000001192092896,43.46547871828079,28.356006145477295
stim_100_flute.wav,15.000000447034836,30.0,32.14606046676636,31.848063468933105
stim_100_flute.wav,80.00000059604645,0.0,55.73584198951721,22.974153757095337
stim_100_flute.wav,15.000000447034836,49.999998807907104,29.454989433288574,29.622568488121033
stim_100_flute.wav,30.00000089406967,0.0,43.054693043231964,27.296093702316284
stim_100_flute.wav,54.99999940395355,30.0,57.37626492977142,32.042423486709595
stim_100_flute.wav,54.99999940395355,60.0,40.77695846557617,29.890292286872864
stim_100_flute.wav,80.00000059604645,20.000000596046448,45.90932250022888,29.39600944519043
stim_100_flute.wav,64.9999988079071,10.000000298023224,49.105496406555176,30.23544430732727
stim_100_flute.wav,35.00000059604645,0.0,40.18369138240814,21.069619059562683
stim_100_flute.wav,35.00000059604645,10.000000298023224,45.139415860176086,31.921098232269287
stim_100_flute.wav,80.00000059604645,0.0,50.84019899368286,24.24853205680847
stim_100_flute.wav,50.00000238418579,40.000001192092896,46.411389112472534,31.01412534713745
stim_100_flute.wav,25.000001192092896,40.000001192092896,37.48621791601181,29.07136559486389
stim_100_flute.wav,50.00000238418579,0.0,48.347718715667725,24.971301555633545
stim_100_flute.wav,45.0,10.000000298023224,54.16732907295227,30.56631088256836
stim_100_flute.wav,0.0,0.0,38.64449501037598,32.97354698181152
stim_100_flute.wav,70.0000011920929,40.000001192092896,54.06672477722168,32.731207609176636
stim_100_flute.wav,30.00000089406967,60.0,40.7206991314888,25.303452014923096
stim_100_flute.wav,64.9999988079071,40.000001192092896,57.80253767967224,34.126514196395874
stim_100_flute.wav,10.000000074505806,20.000000596046448,27.23363757133484,24.149329662322998
stim_100_flute.wav,25.000001192092896,30.0,46.235055327415466,27.955223321914673
stim_100_flute.wav,54.99999940395355,40.000001192092896,47.30105638504028,29.41486895084381
stim_100_flute.wav,50.00000238418579,40.000001192092896,47.70083427429199,31.830525398254395
stim_100_flute.wav,60.00000178813934,60.0,56.16453409194946,33.62480878829956
stim_100_flute.wav,30.00000089406967,49.999998807907104,38.99757295846939,29.06209945678711
stim_100_flute.wav,35.00000059604645,40.000001192092896,42.96573221683502,28.14622700214386
stim_100_flute.wav,70.0000011920929,10.000000298023224,42.98159748315811,29.380086064338684
stim_100_flute.wav,74.99999821186066,10.000000298023224,51.665847301483154,24.146486520767212
stim_100_flute.wav,54.99999940395355,10.000000298023224,43.37885409593582,30.141373872756958
stim_100_flute.wav,70.0000011920929,20.000000596046448,45.48831224441528,25.07652997970581
stim_100_flute.wav,60.00000178813934,40.000001192092896,53.33129525184631,31.230908632278442
stim_100_flute.wav,74.99999821186066,20.000000596046448,40.50360918045044,27.390525341033936
stim_100_flute.wav,60.00000178813934,40.000001192092896,52.68167495727539,31.087878942489624
stim_60_flute.wav,5.000000037252903,10.000000298023224,22.69278109073639,31.67628765106201
stim_60_flute.wav,45.0,0.0,58.650367856025696,33.3782422542572
stim_60_flute.wav,15.000000447034836,49.999998807907104,13.592863976955414,31.375250816345215
stim_60_flute.wav,74.99999821186066,60.0,61.28453850746155,37.43244767189026
stim_60_flute.wav,25.000001192092896,10.000000298023224,28.79079669713974,22.47805953025818
stim_60_flute.wav,35.00000059604645,20.000000596046448,35.676255226135254,32.56837248802185
stim_60_flute.wav,25.000001192092896,40.000001192092896,31.6783207654953,27.808790802955627
stim_60_flute.wav,74.99999821186066,30.0,63.07857155799866,35.28678059577942
stim_60_flute.wav,10.000000074505806,40.000001192092896,19.51086848974228,31.3791561126709
stim_60_flute.wav,60.00000178813934,30.0,61.074156761169434,33.606473207473755
stim_60_flute.wav,5.000000037252903,40.000001192092896,29.563739597797394,24.84538435935974
stim_60_flute.wav,20.000000149011612,0.0,33.90312999486923,28.497283458709717
stim_60_flute.wav,35.00000059604645,49.999998807907104,42.50328451395035,21.651572585105896
stim_60_flute.wav,30.00000089406967,49.999998807907104,34.0254682302475,33.91010284423828
stim_60_flute.wav,40.000000298023224,10.000000298023224,47.31606066226959,33.72665047645569
stim_60_flute.wav,70.0000011920929,49.999998807907104,65.97997069358826,34.10521745681763
stim_60_flute.wav,70.0000011920929,20.000000596046448,54.482075572013855,23.1966769695282
stim_60_flute.wav,70.0000011920929,30.0,46.6054630279541,23.413442373275757
stim_60_flute.wav,20.000000149011612,0.0,42.62615919113159,27.97809898853302
stim_60_flute.wav,70.0000011920929,10.000000298023224,46.59251868724823,20.845447182655334
stim_60_flute.wav,64.9999988079071,20.000000596046448,61.967761516571045,35.218130350112915
stim_60_flute.wav,15.000000447034836,40.000001192092896,13.131963908672333,24.044684171676636
stim_60_flute.wav,84.99999761581421,0.0,57.65357315540314,21.992533206939697
stim_60_flute.wav,54.99999940395355,30.0,52.99277901649475,30.571260452270508
stim_60_flute.wav,10.000000074505806,10.000000298023224,21.99826866388321,29.541442394256592
stim_60_flute.wav,84.99999761581421,40.000001192092896,58.17591190338135,29.816628098487854
stim_60_flute.wav,54.99999940395355,20.000000596046448,49.20674979686737,19.30416226387024
stim_60_flute.wav,74.99999821186066,60.0,73.36196780204773,36.35093808174133
stim_60_flute.wav,25.000001192092896,60.0,45.14049410820007,26.946773529052734
stim_60_flute.wav,25.000001192092896,10.000000298023224,28.87858271598816,20.447477102279663
stim_60_flute.wav,40.000000298023224,10.000000298023224,44.22588765621185,32.010061740875244
stim_60_flute.wav,70.0000011920929,60.0,43.20539563894272,33.92121076583862
stim_60_flute.wav,0.0,10.000000298023224,4.242895245552063,25.69636344909668
stim_60_flute.wav,20.000000149011612,0.0,28.430423140525818,39.74261283874512
stim_60_flute.wav,84.99999761581421,30.0,67.31493830680847,31.666098833084106
stim_60_flute.wav,84.99999761581421,49.999998807907104,55.39612412452698,35.725343227386475
stim_60_flute.wav,25.000001192092896,30.0,29.403145015239716,40.01944184303284
stim_60_flute.wav,15.000000447034836,40.000001192092896,13.505944311618805,27.147569060325623
stim_60_flute.wav,40.000000298023224,10.000000298023224,52.32219457626343,32.994199991226196
stim_60_flute.wav,45.0,20.000000596046448,58.36233615875244,35.48587918281555
stim_60_flute.wav,40.000000298023224,0.0,45.474793910980225,29.718271493911743
stim_60_flute.wav,0.0,0.0,13.854449093341827,26.40869915485382
stim_60_flute.wav,70.0000011920929,30.0,54.70199525356293,34.13546919822693
stim_60_flute.wav,64.9999988079071,20.000000596046448,63.60256254673004,32.9800021648407
stim_60_flute.wav,60.00000178813934,40.000001192092896,62.1519809961319,38.391369581222534
stim_60_flute.wav,80.00000059604645,60.0,74.20868217945099,28.965412974357605
stim_60_flute.wav,10.000000074505806,40.000001192092896,21.74440160393715,28.06203782558441
stim_60_flute.wav,0.0,60.0,36.57238930463791,29.150490760803223
stim_60_flute.wav,40.000000298023224,49.999998807907104,50.16415357589722,32.90488958358765
stim_60_flute.wav,40.000000298023224,60.0,53.765464425086975,30.133556127548218
stim_60_flute.wav,25.000001192092896,49.999998807907104,30.972835421562195,29.78348672389984
stim_60_flute.wav,60.00000178813934,60.0,49.395877718925476,23.92997145652771
stim_60_flute.wav,50.00000238418579,30.0,61.822417974472046,30.486667156219482
stim_60_flute.wav,80.00000059604645,30.0,62.60902404785156,37.047529220581055
stim_60_flute.wav,50.00000238418579,0.0,60.54335832595825,23.204618096351624
stim_60_flute.wav,5.000000037252903,0.0,19.21035647392273,17.997477650642395
stim_60_flute.wav,74.99999821186066,40.000001192092896,68.92881274223328,35.514042377471924
stim_60_flute.wav,30.00000089406967,60.0,39.053789377212524,34.94717359542847
stim_60_flute.wav,15.000000447034836,0.0,23.48824918270111,27.194432616233826
stim_60_flute.wav,25.000001192092896,30.0,24.514800310134888,26.213595271110535
stim_60_flute.wav,0.0,60.0,9.498429000377655,27.63007342815399
stim_60_flute.wav,30.00000089406967,20.000000596046448,41.76622152328491,41.66353940963745
stim_60_flute.wav,74.99999821186066,30.0,68.8112461566925,40.0629723072052
stim_60_flute.wav,60.00000178813934,10.000000298023224,49.54926252365112,27.03384518623352
stim_60_flute.wav,15.000000447034836,0.0,26.953872442245483,19.216575622558594
stim_60_flute.wav,60.00000178813934,20.000000596046448,51.3836145401001,24.46876287460327
stim_60_flute.wav,74.99999821186066,30.0,44.26674842834473,26.45950734615326
stim_60_flute.wav,70.0000011920929,60.0,65.5710518360138,37.4283242225647
stim_60_flute.wav,54.99999940395355,20.000000596046448,48.15409541130066,24.145209789276123
stim_60_flute.wav,20.000000149011612,20.000000596046448,32.64439880847931,35.652480125427246
stim_60_flute.wav,5.000000037252903,49.999998807907104,15.373649597167969,25.37072002887726
stim_60_flute.wav,40.000000298023224,60.0,36.75366371870041,36.82719826698303
stim_60_flute.wav,5.000000037252903,10.000000298023224,13.088399469852448,27.343985438346863
stim_60_flute.wav,15.000000447034836,10.000000298023224,23.002490401268005,21.239415407180786
stim_60_flute.wav,25.000001192092896,60.0,35.60125261545181,35.716795921325684
stim_60_flute.wav,80.00000059604645,10.000000298023224,70.38671135902405,15.558804273605347
stim_60_flute.wav,25.000001192092896,40.000001192092896,32.53717482089996,30.510363578796387
stim_60_flute.wav,50.00000238418579,0.0,59.36337947845459,34.857401847839355
stim_60_flute.wav,50.00000238418579,60.0,64.67508673667908,36.020268201828
stim_60_flute.wav,64.9999988079071,10.000000298023224,58.23759198188782,35.529656410217285
stim_60_flute.wav,54.99999940395355,60.0,59.11798417568207,38.59710931777954
stim_60_flute.wav,15.000000447034836,10.000000298023224,23.75990867614746,14.634994268417358
stim_60_flute.wav,54.99999940395355,10.000000298023224,57.07054674625397,32.4747633934021
stim_60_flute.wav,54.99999940395355,30.0,52.006165981292725,25.813563466072083
stim_60_flute.wav,60.00000178813934,10.000000298023224,54.933764934539795,28.505582213401794
stim_60_flute.wav,45.0,49.999998807907104,43.87357950210571,29.704951643943787
stim_60_flute.wav,15.000000447034836,0.0,34.75376844406128,24.424127340316772
stim_60_flute.wav,84.99999761581421,30.0,57.45996594429016,35.16530156135559
stim_60_flute.wav,35.00000059604645,60.0,55.34133195877075,34.28895592689514
stim_60_flute.wav,74.99999821186066,20.000000596046448,39.979722797870636,32.91099786758423
stim_60_flute.wav,35.00000059604645,60.0,52.460559010505676,35.39147615432739
stim_60_flute.wav,25.000001192092896,10.000000298023224,45.150471925735474,33.647804260253906
stim_60_flute.wav,20.000000149011612,0.0,35.588359236717224,31.372969150543213
stim_60_flute.wav,64.9999988079071,0.0,55.04727602005005,27.629581689834595
stim_60_flute.wav,45.0,10.000000298023224,47.28943169116974,31.300241947174072
stim_60_flute.wav,10.000000074505806,30.0,26.036240458488464,24.035634398460388
stim_60_flute.wav,0.0,20.000000596046448,6.991730332374573,24.99211013317108
stim_60_flute.wav,64.9999988079071,0.0,68.7610673904419,38.36531639099121
stim_60_flute.wav,30.00000089406967,40.000001192092896,47.436100244522095,29.10642921924591
stim_60_flute.wav,25.000001192092896,49.999998807907104,36.70407235622406,36.381715536117554
stim_60_flute.wav,0.0,0.0,16.05763167142868,27.097935676574707
stim_60_flute.wav,50.00000238418579,20.000000596046448,52.658377289772034,22.430877685546875
stim_60_flute.wav,40.000000298023224,20.000000596046448,48.875057101249695,25.540480613708496
stim_60_flute.wav,80.00000059604645,30.0,57.154247760772705,31.687939167022705
stim_60_flute.wav,20.000000149011612,60.0,41.82827442884445,29.50675070285797
stim_60_flute.wav,60.00000178813934,20.000000596046448,61.09051823616028,29.807923436164856
stim_60_flute.wav,15.000000447034836,49.999998807907104,19.07938152551651,24.934022426605225
stim_60_flute.wav,15.000000447034836,40.000001192092896,14.451503455638885,28.719518780708313
stim_60_flute.wav,60.00000178813934,20.000000596046448,60.02262353897095,27.22887933254242
stim_60_flute.wav,74.99999821186066,0.0,57.877607345581055,17.879058122634888
stim_60_flute.wav,5.000000037252903,10.000000298023224,8.90353113412857,21.418994665145874
stim_60_flute.wav,84.99999761581421,0.0,64.6332174539566,20.559056997299194
stim_60_flute.wav,74.99999821186066,30.0,58.7674355506897,33.444825410842896
stim_60_flute.wav,64.9999988079071,30.0,55.15768110752106,29.744608998298645
stim_60_flute.wav,54.99999940395355,60.0,53.096076250076294,35.898356437683105
stim_60_flute.wav,30.00000089406967,30.0,37.727831304073334,35.36890983581543
stim_60_flute.wav,25.000001192092896,40.000001192092896,27.20792591571808,22.268176674842834
stim_60_flute.wav,30.00000089406967,49.999998807907104,34.35668885707855,29.88670527935028
stim_60_flute.wav,0.0,20.000000596046448,10.437365770339966,29.291796684265137
stim_60_flute.wav,80.00000059604645,20.000000596046448,63.01476716995239,23.500571250915527
stim_60_flute.wav,40.000000298023224,10.000000298023224,40.67784011363983,30.506404638290405
stim_60_flute.wav,40.000000298023224,20.000000596046448,32.74371564388275,19.49750304222107
stim_60_flute.wav,25.000001192092896,49.999998807907104,34.093671441078186,36.91657304763794
stim_63_flute.wav,10.000000074505806,10.000000298023224,41.7198246717453,30.2518093585968
stim_63_flute.wav,10.000000074505806,20.000000596046448,18.79824310541153,23.80640208721161
stim_63_flute.wav,20.000000149011612,49.999998807907104,17.204839289188385,15.61947226524353
stim_63_flute.wav,50.00000238418579,10.000000298023224,52.734256982803345,24.03873324394226
stim_63_flute.wav,84.99999761581421,60.0,52.56476283073425,26.914302706718445
stim_63_flute.wav,45.0,60.0,51.4845997095108,24.57366406917572
stim_63_flute.wav,80.00000059604645,40.000001192092896,63.94841730594635,30.41920781135559
stim_63_flute.wav,54.99999940395355,49.999998807907104,49.32936429977417,27.25690484046936
stim_63_flute.wav,15.000000447034836,40.000001192092896,30.81593692302704,29.207249879837036
stim_63_flute.wav,10.000000074505806,20.000000596046448,25.325074195861816,33.03935766220093
stim_63_flute.wav,25.000001192092896,10.000000298023224,40.95134496688843,26.036885976791382
stim_63_flute.wav,30.00000089406967,49.999998807907104,38.52643221616745,33.85608673095703
stim_63_flute.wav,64.9999988079071,0.0,49.80848729610443,29.624955654144287
stim_63_flute.wav,0.0,10.000000298023224,27.402954697608948,31.129446029663086
stim_63_flute.wav,84.99999761581421,10.000000298023224,67.03080654144287,22.073063850402832
stim_63_flute.wav,74.99999821186066,30.0,60.205925703048706,27.41418421268463
stim_63_flute.wav,25.000001192092896,10.000000298023224,37.88140654563904,25.320079922676086
stim_63_flute.wav,45.0,0.0,51.542755365371704,26.266361474990845
stim_63_flute.wav,0.0,49.999998807907104,27.244967222213745,31.839323043823242
stim_63_flute.wav,10.000000074505806,49.999998807907104,19.965972304344177,26.818714141845703
stim_63_flute.wav,35.00000059604645,0.0,45.13480246067047,21.20171070098877
stim_63_flute.wav,64.9999988079071,20.000000596046448,60.29846727848053,32.67643690109253
stim_63_flute.wav,64.9999988079071,49.999998807907104,56.1785352230072,34.59899067878723
stim_63_flute.wav,60.00000178813934,49.999998807907104,54.61250603199005,23.81288766860962
stim_63_flute.wav,70.0000011920929,30.0,51.97099685668945,25.916268825531006
stim_63_flute.wav,0.0,10.000000298023224,19.57251101732254,28.600568175315857
stim_63_flute.wav,30.00000089406967,30.0,37.729395031929016,34.46916103363037
stim_63_flute.wav,54.99999940395355,0.0,62.97779560089111,28.101584315299988
stim_63_flute.wav,84.99999761581421,49.999998807907104,54.95838761329651,27.056402564048767
stim_63_flute.wav,60.00000178813934,49.999998807907104,47.74412512779236,24.178138375282288
stim_63_flute.wav,70.0000011920929,0.0,69.48127269744873,31.347041130065918
stim_63_flute.wav,0.0,40.000001192092896,17.057956159114838,27.614089250564575
stim_63_flute.wav,90.0,0.0,57.7625298500061,32.714656591415405
stim_63_flute.wav,70.0000011920929,49.999998807907104,50.681090354919434,32.18557119369507
stim_63_flute.wav,84.99999761581421,10.000000298023224,48.43523919582367,26.556381583213806
stim_63_flute.wav,50.00000238418579,60.0,50.228086709976196,29.78339374065399
stim_63_flute.wav,10.000000074505806,10.000000298023224,29.090984165668488,17.876320481300354
stim_63_flute.wav,20.000000149011612,60.0,41.7922443151474,30.55742383003235
stim_63_flute.wav,25.000001192092896,20.000000596046448,49.26547408103943,22.80397653579712
stim_63_flute.wav,64.9999988079071,60.0,71.34324610233307,35.693475008010864
stim_63_flute.wav,90.0,49.999998807907104,44.131704568862915,25.464048385620117
stim_63_flute.wav,10.000000074505806,40.000001192092896,30.513204038143158,37.52100348472595
stim_63_flute.wav,50.00000238418579,0.0,51.241360902786255,26.82847559452057
stim_63_flute.wav,84.99999761581421,0.0,64.91700053215027,20.89511275291443
stim_63_flute.wav,35.00000059604645,60.0,48.57073903083801,27.26861536502838
stim_63_flute.wav,45.0,60.0,45.15961825847626,26.160934567451477
stim_63_flute.wav,60.00000178813934,49.999998807907104,41.725304424762726,26.528508067131042
stim_63_flute.wav,20.000000149011612,10.000000298023224,27.08691269159317,34.1942024230957
stim_63_flute.wav,45.0,10.000000298023224,45.60294985771179,26.04424774646759
stim_63_flute.wav,20.000000149011612,0.0,28.437791168689728,24.019466042518616
stim_63_flute.wav,30.00000089406967,10.000000298023224,46.32981777191162,25.279396176338196
stim_63_flute.wav,5.000000037252903,10.000000298023224,42.02559381723404,32.32975959777832
stim_63_flute.wav,5.000000037252903,40.000001192092896,28.11923325061798,29.425100684165955
stim_63_flute.wav,15.000000447034836,30.0,29.273551404476166,27.131670713424683
stim_63_flute.wav,20.000000149011612,20.000000596046448,27.150569558143616,19.878716468811035
stim_63_flute.wav,80.00000059604645,60.0,49.01249349117279,25.344843864440918
stim_63_flute.wav,50.00000238418579,60.0,47.681323885917664,28.002197742462158
stim_63_flute.wav,5.000000037252903,10.000000298023224,21.246614456176758,22.5966614484787
stim_63_flute.wav,15.000000447034836,40.000001192092896,25.845355689525604,36.26593351364136
stim_63_flute.wav,20.000000149011612,20.000000596046448,41.546677350997925,23.94370436668396
stim_63_flute.wav,90.0,0.0,67.68159627914429,35.04962682723999
stim_63_flute.wav,54.99999940395355,49.999998807907104,45.46725690364838,25.73798418045044
stim_63_flute.wav,64.9999988079071,60.0,62.13459491729736,33.53703260421753
stim_63_flute.wav,80.00000059604645,0.0,60.5855655670166,21.975663900375366
stim_63_flute.wav,70.0000011920929,10.000000298023224,58.30569863319397,28.590479493141174
stim_63_flute.wav,54.99999940395355,0.0,56.014164090156555,25.228289365768433
stim_63_flute.wav,5.000000037252903,0.0,21.308927536010742,23.228473663330078
stim_63_flute.wav,50.00000238418579,10.000000298023224,54.08972203731537,28.934277892112732
stim_63_flute.wav,70.0000011920929,20.000000596046448,49.856809973716736,23.83862614631653
stim_63_flute.wav,5.000000037252903,49.999998807907104,17.004290521144867,26.808977723121643
stim_63_flute.wav,35.00000059604645,20.000000596046448,48.09411585330963,26.448891162872314
stim_63_flute.wav,84.99999761581421,60.0,64.29382681846619,29.993412494659424
stim_63_flute.wav,64.9999988079071,30.0,45.4878830909729,22.799622416496277
stim_63_flute.wav,25.000001192092896,0.0,42.742526829242706,27.302919030189514
stim_63_flute.wav,50.00000238418579,20.000000596046448,44.97146666049957,20.997766256332397
stim_63_flute.wav,35.00000059604645,49.999998807907104,35.67218363285065,28.037990927696228
stim_63_flute.wav,60.00000178813934,60.0,60.71574926376343,31.58306121826172
stim_63_flute.wav,80.00000059604645,60.0,62.087838649749756,35.40329933166504
stim_63_flute.wav,50.00000238418579,0.0,48.3038592338562,19.89500105381012
stim_63_flute.wav,50.00000238418579,49.999998807907104,41.20058923959732,26.699273586273193
stim_63_flute.wav,15.000000447034836,49.999998807907104,29.190864264965057,30.42180061340332
stim_63_flute.wav,10.000000074505806,49.999998807907104,28.23298305273056,32.57907271385193
stim_63_flute.wav,45.0,20.000000596046448,46.9625723361969,26.75316095352173
stim_63_flute.wav,90.0,30.0,59.370777010917664,23.288506865501404
stim_63_flute.wav,74.99999821186066,30.0,62.01837480068207,27.09957182407379
stim_63_flute.wav,54.99999940395355,0.0,61.07815861701965,27.022756934165955
stim_63_flute.wav,40.000000298023224,10.000000298023224,44.44896161556244,29.335756301879883
stim_63_flute.wav,5.000000037252903,20.000000596046448,18.472252786159515,27.368992567062378
stim_63_flute.wav,30.00000089406967,49.999998807907104,40.773248970508575,36.02573275566101
stim_63_flute.wav,15.000000447034836,10.000000298023224,20.917231142520905,19.479546546936035
stim_63_flute.wav,0.0,49.999998807907104,16.130973994731903,28.403379321098328
stim_63_flute.wav,50.00000238418579,10.000000298023224,50.67023277282715,20.76191782951355
stim_63_flute.wav,45.0,60.0,48.25570285320282,25.1963210105896
stim_63_flute.wav,15.000000447034836,40.000001192092896,31.686136722564697,35.0569224357605
stim_63_flute.wav,54.99999940395355,0.0,61.95818603038788,28.782033920288086
stim_63_flute.wav,20.000000149011612,60.0,42.929978370666504,34.24355506896973
stim_63_flute.wav,15.000000447034836,0.0,23.621538877487183,23.667224049568176
stim_63_flute.wav,25.000001192092896,0.0,42.88571923971176,27.185491919517517
stim_63_flute.wav,84.99999761581421,0.0,64.82917428016663,21.264925003051758
stim_63_flute.wav,0.0,20.000000596046448,34.27255868911743,31.14103674888611
stim_63_flute.wav,30.00000089406967,60.0,40.53124129772186,26.792197823524475
stim_63_flute.wav,35.00000059604645,60.0,32.704206705093384,27.81270682811737
stim_63_flute.wav,20.000000149011612,49.999998807907104,32.78082937002182,27.796236276626587
stim_63_flute.wav,5.000000037252903,30.0,20.212955474853516,26.733482480049133
stim_63_flute.wav,50.00000238418579,0.0,56.69076204299927,26.40366017818451
stim_63_flute.wav,54.99999940395355,10.000000298023224,61.771981716156006,25.647613406181335
stim_63_flute.wav,80.00000059604645,40.000001192092896,63.707592487335205,28.22353184223175
stim_63_flute.wav,15.000000447034836,0.0,24.17354017496109,18.825212717056274
stim_63_flute.wav,50.00000238418579,40.000001192092896,49.52606678009033,29.675155878067017
stim_63_flute.wav,60.00000178813934,10.000000298023224,58.54618549346924,27.146113514900208
stim_63_flute.wav,64.9999988079071,0.0,54.90825712680817,25.53219437599182
stim_63_flute.wav,90.0,60.0,64.07884240150452,33.738495111465454
stim_63_flute.wav,90.0,10.000000298023224,60.658124685287476,29.282711148262024
stim_63_flute.wav,90.0,60.0,64.27052915096283,37.33733654022217
stim_63_flute.wav,84.99999761581421,40.000001192092896,61.972723603248596,31.12448215484619
stim_63_flute.wav,15.000000447034836,40.000001192092896,31.173641681671143,38.15082550048828
stim_63_flute.wav,10.000000074505806,49.999998807907104,26.94300949573517,37.050676345825195
stim_63_flute.wav,35.00000059604645,49.999998807907104,46.403884291648865,24.66126322746277
stim_63_flute.wav,80.00000059604645,10.000000298023224,62.940802574157715,21.078708171844482
stim_63_flute.wav,40.000000298023224,30.0,45.635077357292175,31.12457513809204
stim_63_flute.wav,30.00000089406967,40.000001192092896,40.144308507442474,31.630922555923462
stim_63_flute.wav,25.000001192092896,0.0,44.93178606033325,26.759632229804993
stim_63_flute.wav,84.99999761581421,60.0,76.31579875946045,39.19031739234924
stim_63_flute.wav,54.99999940395355,60.0,41.935804188251495,26.105727553367615
stim_63_flute.wav,40.000000298023224,0.0,48.66098999977112,26.50655508041382
stim_63_flute.wav,25.000001192092896,20.000000596046448,45.54758369922638,28.379339575767517
stim_63_flute.wav,50.00000238418579,20.000000596046448,52.03856706619263,31.588897705078125
stim_63_flute.wav,60.00000178813934,0.0,57.098339796066284,27.15541362762451
stim_63_flute.wav,0.0,60.0,19.228493571281433,26.15357995033264
stim_63_flute.wav,25.000001192092896,20.000000596046448,28.108555376529694,28.05025577545166
stim_63_flute.wav,20.000000149011612,0.0,39.681973457336426,24.222900867462158
stim_63_flute.wav,0.0,20.000000596046448,44.62917387485504,33.55834722518921
stim_63_flute.wav,60.00000178813934,49.999998807907104,53.225133419036865,28.88272762298584
stim_63_flute.wav,64.9999988079071,0.0,62.44013071060181,29.645385146141052
stim_63_flute.wav,70.0000011920929,40.000001192092896,53.552507758140564,28.83491814136505
stim_63_flute.wav,80.00000059604645,60.0,45.27861177921295,22.893805503845215
stim_63_flute.wav,74.99999821186066,30.0,55.48577427864075,30.429750680923462
stim_63_flute.wav,20.000000149011612,40.000001192092896,33.680619299411774,29.284722805023193
stim_63_flute.wav,5.000000037252903,40.000001192092896,25.14549493789673,24.272600412368774
