filename,true_azim,true_elev,pred_azim,pred_elev
stim_88_harmonic.wav,40.000000298023224,40.000001192092896,41.53974920511246,32.608476877212524
stim_88_harmonic.wav,90.0,40.000001192092896,57.30576038360596,30.5020809173584
stim_88_harmonic.wav,54.99999940395355,10.000000298023224,57.4168199300766,33.157607316970825
stim_88_harmonic.wav,40.000000298023224,40.000001192092896,41.35729193687439,26.09096109867096
stim_88_harmonic.wav,0.0,30.0,21.506853103637695,26.06597363948822
stim_88_harmonic.wav,30.00000089406967,49.999998807907104,41.07541859149933,26.240075826644897
stim_88_harmonic.wav,84.99999761581421,10.000000298023224,42.82781571149826,25.457299947738647
stim_88_harmonic.wav,70.0000011920929,10.000000298023224,41.37096852064133,26.212953329086304
stim_88_harmonic.wav,60.00000178813934,30.0,40.96997022628784,25.994696617126465
stim_88_harmonic.wav,40.000000298023224,49.999998807907104,46.14614009857178,43.99982213973999
stim_88_harmonic.wav,40.000000298023224,40.000001192092896,41.30154758691788,26.239169239997864
stim_88_harmonic.wav,15.000000447034836,30.0,41.03378266096115,26.174978613853455
stim_88_harmonic.wav,40.000000298023224,49.999998807907104,47.96899080276489,39.89126443862915
stim_88_harmonic.wav,60.00000178813934,0.0,45.18658518791199,24.614202976226807
stim_88_harmonic.wav,45.0,49.999998807907104,43.793655037879944,34.83149528503418
stim_88_harmonic.wav,70.0000011920929,10.000000298023224,44.01002615690231,24.752188324928284
stim_88_harmonic.wav,25.000001192092896,20.000000596046448,40.47921448945999,26.302369236946106
stim_88_harmonic.wav,10.000000074505806,60.0,40.784624218940735,26.28773868083954
stim_88_harmonic.wav,35.00000059604645,60.0,41.91226243972778,25.949617624282837
stim_88_harmonic.wav,15.000000447034836,10.000000298023224,40.524466037750244,26.2662935256958
stim_88_harmonic.wav,5.000000037252903,20.000000596046448,40.34668117761612,26.313611268997192
stim_88_harmonic.wav,40.000000298023224,10.000000298023224,45.27861714363098,26.812169551849365
stim_88_harmonic.wav,70.0000011920929,10.000000298023224,56.12485885620117,21.134217381477356
stim_88_harmonic.wav,5.000000037252903,30.0,42.360022366046906,25.272865891456604
stim_88_harmonic.wav,10.000000074505806,10.000000298023224,20.929125398397446,30.399963855743408
stim_88_harmonic.wav,35.00000059604645,0.0,42.04425394535065,29.126309752464294
stim_88_harmonic.wav,10.000000074505806,30.0,32.951219379901886,28.016948103904724
stim_88_harmonic.wav,80.00000059604645,60.0,43.98617595434189,36.208791732788086
stim_88_harmonic.wav,84.99999761581421,40.000001192092896,58.67220103740692,29.975030422210693
stim_88_harmonic.wav,25.000001192092896,30.0,41.69395476579666,26.039156913757324
stim_88_harmonic.wav,0.0,49.999998807907104,40.181521475315094,26.326825618743896
stim_88_harmonic.wav,70.0000011920929,20.000000596046448,59.099611043930054,25.72567641735077
stim_88_harmonic.wav,54.99999940395355,49.999998807907104,41.30402326583862,26.222460865974426
stim_88_harmonic.wav,90.0,20.000000596046448,41.063488125801086,26.23247981071472
stim_88_harmonic.wav,40.000000298023224,60.0,41.384907960891724,26.180679202079773
stim_88_harmonic.wav,35.00000059604645,30.0,45.04115581512451,44.02385115623474
stim_88_harmonic.wav,54.99999940395355,20.000000596046448,41.490873992443085,26.16105079650879
stim_88_harmonic.wav,15.000000447034836,0.0,40.795143842697144,26.290892958641052
stim_88_harmonic.wav,74.99999821186066,20.000000596046448,41.34235739707947,26.148235201835632
stim_88_harmonic.wav,84.99999761581421,60.0,40.95844209194183,26.239618062973022
stim_88_harmonic.wav,64.9999988079071,20.000000596046448,57.96716094017029,20.936102271080017
stim_88_harmonic.wav,84.99999761581421,0.0,41.65257900953293,26.057751774787903
stim_88_harmonic.wav,45.0,0.0,48.390371203422546,30.329142808914185
stim_88_harmonic.wav,10.000000074505806,40.000001192092896,21.302577406167984,29.269012212753296
stim_88_harmonic.wav,64.9999988079071,0.0,58.052347898483276,20.5917227268219
stim_88_harmonic.wav,54.99999940395355,0.0,43.17051351070404,25.275898575782776
stim_88_harmonic.wav,90.0,60.0,49.38825488090515,36.30715370178223
stim_88_harmonic.wav,80.00000059604645,0.0,56.68612718582153,21.533533930778503
stim_88_harmonic.wav,40.000000298023224,49.999998807907104,41.26706779003143,26.20651602745056
stim_88_harmonic.wav,70.0000011920929,40.000001192092896,41.11853510141373,26.198995113372803
stim_88_harmonic.wav,80.00000059604645,49.999998807907104,41.686653792858124,25.985909700393677
stim_88_harmonic.wav,74.99999821186066,40.000001192092896,58.85194659233093,28.279370069503784
stim_88_harmonic.wav,70.0000011920929,0.0,53.310803174972534,23.733585476875305
stim_88_harmonic.wav,74.99999821186066,10.000000298023224,41.16164892911911,26.21348798274994
stim_88_harmonic.wav,70.0000011920929,10.000000298023224,53.00585746765137,21.147440671920776
stim_88_harmonic.wav,60.00000178813934,0.0,54.39709782600403,16.188558340072632
stim_88_harmonic.wav,45.0,0.0,41.3276132941246,26.190401315689087
stim_88_harmonic.wav,40.000000298023224,40.000001192092896,40.26384651660919,26.496477127075195
stim_88_harmonic.wav,0.0,40.000001192092896,40.84865391254425,26.168782711029053
stim_88_harmonic.wav,5.000000037252903,0.0,41.03199899196625,26.232760548591614
stim_88_harmonic.wav,84.99999761581421,60.0,54.39855694770813,44.6072781085968
stim_88_harmonic.wav,54.99999940395355,60.0,40.83526700735092,41.325334310531616
stim_88_harmonic.wav,5.000000037252903,10.000000298023224,40.36456346511841,26.446019411087036
stim_88_harmonic.wav,35.00000059604645,40.000001192092896,42.655041217803955,48.053966760635376
stim_88_harmonic.wav,60.00000178813934,30.0,40.94184190034866,26.24819576740265
stim_88_harmonic.wav,20.000000149011612,49.999998807907104,41.75958305597305,26.03928029537201
stim_88_harmonic.wav,60.00000178813934,20.000000596046448,41.20216906070709,26.016027331352234
stim_88_harmonic.wav,74.99999821186066,40.000001192092896,56.80373668670654,28.778926134109497
stim_88_harmonic.wav,15.000000447034836,40.000001192092896,40.90691953897476,26.260523200035095
stim_88_harmonic.wav,5.000000037252903,20.000000596046448,40.61226010322571,26.081721782684326
stim_88_harmonic.wav,10.000000074505806,0.0,41.10026657581329,26.241538524627686
stim_88_harmonic.wav,70.0000011920929,10.000000298023224,52.193958163261414,23.875266909599304
stim_88_harmonic.wav,70.0000011920929,49.999998807907104,41.22780829668045,26.22437059879303
stim_88_harmonic.wav,30.00000089406967,30.0,41.14656686782837,26.230323314666748
stim_88_harmonic.wav,54.99999940395355,0.0,57.701075077056885,19.847533106803894
stim_88_harmonic.wav,60.00000178813934,0.0,41.48025780916214,26.086760759353638
stim_88_harmonic.wav,70.0000011920929,49.999998807907104,53.663068413734436,36.14352464675903
stim_88_harmonic.wav,60.00000178813934,20.000000596046448,57.78908371925354,28.647592663764954
stim_88_harmonic.wav,20.000000149011612,30.0,41.025813817977905,26.231127977371216
stim_88_harmonic.wav,74.99999821186066,20.000000596046448,43.04711580276489,25.522415041923523
stim_88_harmonic.wav,70.0000011920929,60.0,40.77794551849365,26.28368854522705
stim_88_harmonic.wav,54.99999940395355,49.999998807907104,40.72028875350952,26.276291012763977
stim_88_harmonic.wav,80.00000059604645,10.000000298023224,55.58775722980499,23.384649753570557
stim_88_harmonic.wav,54.99999940395355,49.999998807907104,42.47210115194321,25.555211305618286
stim_88_harmonic.wav,70.0000011920929,0.0,40.80117613077164,26.22617483139038
stim_88_harmonic.wav,20.000000149011612,10.000000298023224,40.77440232038498,26.255764961242676
stim_88_harmonic.wav,25.000001192092896,40.000001192092896,40.395481288433075,26.774078607559204
stim_88_harmonic.wav,50.00000238418579,10.000000298023224,48.65653216838837,27.32348084449768
stim_88_harmonic.wav,70.0000011920929,60.0,40.822545289993286,26.277261972427368
stim_88_harmonic.wav,30.00000089406967,10.000000298023224,42.98445671796799,25.34471869468689
stim_88_harmonic.wav,45.0,10.000000298023224,51.82994484901428,22.72499442100525
stim_88_harmonic.wav,20.000000149011612,40.000001192092896,40.92755377292633,26.25020921230316
stim_88_harmonic.wav,35.00000059604645,30.0,42.6984179019928,36.60532236099243
stim_88_harmonic.wav,30.00000089406967,60.0,40.94896048307419,26.243385672569275
stim_88_harmonic.wav,84.99999761581421,20.000000596046448,61.364790201187134,18.41250479221344
stim_88_harmonic.wav,74.99999821186066,60.0,41.0485965013504,26.362947821617126
stim_88_harmonic.wav,54.99999940395355,20.000000596046448,41.461401879787445,26.169496178627014
stim_88_harmonic.wav,80.00000059604645,20.000000596046448,43.05409759283066,25.295863151550293
stim_88_harmonic.wav,25.000001192092896,49.999998807907104,41.066277623176575,26.23123347759247
stim_88_harmonic.wav,20.000000149011612,49.999998807907104,41.10367029905319,26.232756972312927
stim_88_harmonic.wav,90.0,20.000000596046448,63.777737617492676,19.210649728775024
stim_88_harmonic.wav,30.00000089406967,10.000000298023224,42.129923701286316,26.08020544052124
stim_88_harmonic.wav,74.99999821186066,20.000000596046448,41.6279000043869,26.177873611450195
stim_88_harmonic.wav,45.0,10.000000298023224,52.850364446640015,28.243233561515808
stim_88_harmonic.wav,30.00000089406967,0.0,41.10232651233673,26.241536736488342
stim_88_harmonic.wav,0.0,30.0,23.5711669921875,24.862582683563232
stim_88_harmonic.wav,15.000000447034836,10.000000298023224,40.46523481607437,26.297961473464966
stim_88_harmonic.wav,60.00000178813934,60.0,46.360915303230286,36.18152976036072
stim_88_harmonic.wav,74.99999821186066,0.0,43.56883764266968,24.92871344089508
stim_88_harmonic.wav,5.000000037252903,30.0,40.475883185863495,26.283379197120667
stim_88_harmonic.wav,20.000000149011612,20.000000596046448,40.471918880939484,26.430952548980713
stim_88_harmonic.wav,54.99999940395355,10.000000298023224,53.19762468338013,28.994117975234985
stim_85_harmonic.wav,90.0,0.0,41.49689823389053,26.169065237045288
stim_85_harmonic.wav,45.0,30.0,41.36406183242798,26.39386296272278
stim_85_harmonic.wav,60.00000178813934,10.000000298023224,42.9230797290802,25.543132424354553
stim_85_harmonic.wav,60.00000178813934,30.0,41.10409677028656,26.246450543403625
stim_85_harmonic.wav,10.000000074505806,40.000001192092896,27.46553063392639,35.007033348083496
stim_85_harmonic.wav,20.000000149011612,49.999998807907104,40.7090100646019,26.273778676986694
stim_85_harmonic.wav,74.99999821186066,60.0,41.508131325244904,26.15736186504364
stim_85_harmonic.wav,64.9999988079071,30.0,41.491230726242065,26.44038677215576
stim_85_harmonic.wav,0.0,60.0,38.727833926677704,26.45853281021118
stim_85_harmonic.wav,40.000000298023224,10.000000298023224,41.48904472589493,26.147339344024658
stim_85_harmonic.wav,25.000001192092896,0.0,40.846650302410126,26.461045145988464
stim_85_harmonic.wav,64.9999988079071,30.0,53.60583007335663,23.351318836212158
stim_85_harmonic.wav,45.0,0.0,41.35099411010742,26.1944979429245
stim_85_harmonic.wav,50.00000238418579,30.0,41.684878170490265,26.031804084777832
stim_85_harmonic.wav,50.00000238418579,49.999998807907104,47.029101848602295,40.50226449966431
stim_85_harmonic.wav,25.000001192092896,20.000000596046448,41.2985435128212,26.183570623397827
stim_85_harmonic.wav,50.00000238418579,49.999998807907104,50.70932865142822,46.81788682937622
stim_85_harmonic.wav,25.000001192092896,10.000000298023224,40.452539920806885,26.303311586380005
stim_85_harmonic.wav,35.00000059604645,10.000000298023224,41.872984170913696,25.887417197227478
stim_85_harmonic.wav,60.00000178813934,60.0,52.201398611068726,53.11442971229553
stim_85_harmonic.wav,84.99999761581421,49.999998807907104,41.072258949279785,26.190465688705444
stim_85_harmonic.wav,25.000001192092896,0.0,40.93609660863876,26.198156476020813
stim_85_harmonic.wav,5.000000037252903,40.000001192092896,26.80316984653473,31.581448316574097
stim_85_harmonic.wav,84.99999761581421,49.999998807907104,70.4332959651947,38.05813908576965
stim_85_harmonic.wav,45.0,49.999998807907104,40.551977455616,26.331594586372375
stim_85_harmonic.wav,15.000000447034836,40.000001192092896,24.357005953788757,36.04206204414368
stim_85_harmonic.wav,30.00000089406967,20.000000596046448,40.712582767009735,26.25475287437439
stim_85_harmonic.wav,80.00000059604645,40.000001192092896,41.38269782066345,26.179347038269043
stim_85_harmonic.wav,64.9999988079071,0.0,58.66219639778137,17.550727128982544
stim_85_harmonic.wav,84.99999761581421,30.0,39.68727618455887,26.43149435520172
stim_85_harmonic.wav,84.99999761581421,10.000000298023224,41.34458899497986,26.107766032218933
stim_85_harmonic.wav,15.000000447034836,20.000000596046448,41.16370350122452,26.191513538360596
stim_85_harmonic.wav,84.99999761581421,60.0,57.37668335437775,53.00030708312988
stim_85_harmonic.wav,50.00000238418579,49.999998807907104,40.587106347084045,26.296271681785583
stim_85_harmonic.wav,50.00000238418579,60.0,41.48972064256668,26.326276659965515
stim_85_harmonic.wav,30.00000089406967,20.000000596046448,41.701580286026,26.165757179260254
stim_85_harmonic.wav,90.0,49.999998807907104,39.62988764047623,26.477167010307312
stim_85_harmonic.wav,64.9999988079071,30.0,54.81325328350067,28.368980884552002
stim_85_harmonic.wav,80.00000059604645,60.0,59.4881397485733,57.683894634246826
stim_85_harmonic.wav,84.99999761581421,10.000000298023224,46.319700479507446,24.61368978023529
stim_85_harmonic.wav,15.000000447034836,0.0,40.899092853069305,26.281732320785522
stim_85_harmonic.wav,15.000000447034836,60.0,41.33473724126816,26.439038515090942
stim_85_harmonic.wav,5.000000037252903,49.999998807907104,41.33461385965347,26.132651567459106
stim_85_harmonic.wav,64.9999988079071,40.000001192092896,40.02021610736847,26.370919346809387
stim_85_harmonic.wav,20.000000149011612,60.0,22.72720456123352,39.783815145492554
stim_85_harmonic.wav,74.99999821186066,30.0,40.98492622375488,26.449883580207825
stim_85_harmonic.wav,74.99999821186066,40.000001192092896,41.398225128650665,26.31988763809204
stim_85_harmonic.wav,0.0,10.000000298023224,16.943586766719818,31.93843960762024
stim_85_harmonic.wav,50.00000238418579,40.000001192092896,40.72511941194534,26.2302428483963
stim_85_harmonic.wav,60.00000178813934,60.0,41.26585006713867,26.34449601173401
stim_85_harmonic.wav,10.000000074505806,30.0,38.97366106510162,26.559269428253174
stim_85_harmonic.wav,40.000000298023224,40.000001192092896,42.5399985909462,25.822636485099792
stim_85_harmonic.wav,60.00000178813934,0.0,41.264468729496,26.529650688171387
stim_85_harmonic.wav,25.000001192092896,60.0,38.40523660182953,26.632556319236755
stim_85_harmonic.wav,50.00000238418579,49.999998807907104,52.281044125556946,45.02936840057373
stim_85_harmonic.wav,70.0000011920929,49.999998807907104,41.0180327296257,26.216254234313965
stim_85_harmonic.wav,50.00000238418579,49.999998807907104,40.78918397426605,26.19385063648224
stim_85_harmonic.wav,25.000001192092896,10.000000298023224,39.803611636161804,30.79590082168579
stim_85_harmonic.wav,74.99999821186066,40.000001192092896,40.17374038696289,26.33285343647003
stim_85_harmonic.wav,60.00000178813934,0.0,41.35603666305542,26.181585788726807
stim_85_harmonic.wav,74.99999821186066,10.000000298023224,40.98930090665817,26.233801245689392
stim_85_harmonic.wav,10.000000074505806,30.0,20.19239902496338,33.97946119308472
stim_85_harmonic.wav,84.99999761581421,49.999998807907104,41.52224779129028,26.32997453212738
stim_85_harmonic.wav,5.000000037252903,30.0,13.054271042346954,38.18525791168213
stim_85_harmonic.wav,25.000001192092896,20.000000596046448,35.36856830120087,38.24457764625549
stim_85_harmonic.wav,60.00000178813934,60.0,40.95497399568558,26.246888637542725
stim_85_harmonic.wav,35.00000059604645,49.999998807907104,41.0687854886055,26.224620938301086
stim_85_harmonic.wav,40.000000298023224,49.999998807907104,41.09338939189911,26.225523948669434
stim_85_harmonic.wav,60.00000178813934,40.000001192092896,56.40228509902954,31.301718950271606
stim_85_harmonic.wav,15.000000447034836,0.0,27.178751528263092,36.921608448028564
stim_85_harmonic.wav,5.000000037252903,30.0,12.737746238708496,40.03355383872986
stim_85_harmonic.wav,45.0,40.000001192092896,41.40526860952377,25.869246125221252
stim_85_harmonic.wav,60.00000178813934,0.0,40.778720676898956,26.390308141708374
stim_85_harmonic.wav,50.00000238418579,40.000001192092896,41.44457906484604,28.43360424041748
stim_85_harmonic.wav,40.000000298023224,49.999998807907104,54.937230348587036,52.9114294052124
stim_85_harmonic.wav,30.00000089406967,49.999998807907104,41.57483249902725,26.144766211509705
stim_85_harmonic.wav,15.000000447034836,49.999998807907104,41.29037082195282,26.14793837070465
stim_85_harmonic.wav,50.00000238418579,30.0,41.664517521858215,26.457778215408325
stim_85_harmonic.wav,40.000000298023224,10.000000298023224,41.38037234544754,26.07347846031189
stim_85_harmonic.wav,20.000000149011612,49.999998807907104,27.291575968265533,34.18443202972412
stim_85_harmonic.wav,5.000000037252903,20.000000596046448,41.24536603689194,26.174057722091675
stim_85_harmonic.wav,0.0,30.0,37.26068437099457,26.450175046920776
stim_85_harmonic.wav,80.00000059604645,30.0,41.68203502893448,26.299062967300415
stim_85_harmonic.wav,45.0,60.0,41.492453813552856,26.277013421058655
stim_85_harmonic.wav,30.00000089406967,60.0,42.13132917881012,26.229246854782104
stim_85_harmonic.wav,35.00000059604645,40.000001192092896,42.466310262680054,54.42593336105347
stim_85_harmonic.wav,64.9999988079071,60.0,41.25825136899948,26.193442940711975
stim_85_harmonic.wav,90.0,0.0,41.95058852434158,26.06001913547516
stim_85_harmonic.wav,15.000000447034836,40.000001192092896,41.09557271003723,26.300023198127747
stim_85_harmonic.wav,70.0000011920929,10.000000298023224,56.51236295700073,25.662919878959656
stim_85_harmonic.wav,40.000000298023224,49.999998807907104,44.95836675167084,26.017802953720093
stim_85_harmonic.wav,74.99999821186066,10.000000298023224,42.95758366584778,25.722627639770508
stim_85_harmonic.wav,0.0,40.000001192092896,17.069017589092255,30.83188533782959
stim_85_harmonic.wav,10.000000074505806,30.0,19.684458374977112,32.88571357727051
stim_85_harmonic.wav,74.99999821186066,20.000000596046448,41.282643377780914,26.2812602519989
stim_85_harmonic.wav,74.99999821186066,40.000001192092896,64.98286485671997,27.70779311656952
stim_85_harmonic.wav,80.00000059604645,10.000000298023224,43.65088641643524,25.221004486083984
stim_85_harmonic.wav,54.99999940395355,60.0,49.85051214694977,50.50842761993408
stim_85_harmonic.wav,40.000000298023224,49.999998807907104,41.69406473636627,25.990147590637207
stim_85_harmonic.wav,15.000000447034836,30.0,40.39448082447052,26.280260682106018
stim_85_harmonic.wav,15.000000447034836,30.0,39.86572623252869,26.61326766014099
stim_85_harmonic.wav,70.0000011920929,0.0,40.5951127409935,26.298696398735046
stim_85_harmonic.wav,74.99999821186066,10.000000298023224,61.702126264572144,12.797015905380249
stim_85_harmonic.wav,54.99999940395355,40.000001192092896,41.04972034692764,26.225271821022034
stim_59_harmonic.wav,30.00000089406967,20.000000596046448,38.01032692193985,35.84460496902466
stim_59_harmonic.wav,20.000000149011612,60.0,32.265450954437256,29.33363914489746
stim_59_harmonic.wav,15.000000447034836,20.000000596046448,28.5928738117218,26.576249599456787
stim_59_harmonic.wav,30.00000089406967,0.0,46.593661308288574,28.046236038208008
stim_59_harmonic.wav,40.000000298023224,60.0,28.409968614578247,45.4856014251709
stim_59_harmonic.wav,35.00000059604645,30.0,44.173522889614105,26.050822734832764
stim_59_harmonic.wav,40.000000298023224,30.0,50.175166726112366,22.35623002052307
stim_59_harmonic.wav,80.00000059604645,30.0,51.327765583992004,25.484653115272522
stim_59_harmonic.wav,5.000000037252903,49.999998807907104,23.013278245925903,31.851518154144287
stim_59_harmonic.wav,15.000000447034836,0.0,25.251222252845764,25.194180607795715
stim_59_harmonic.wav,64.9999988079071,60.0,38.01354020833969,30.725494623184204
stim_59_harmonic.wav,25.000001192092896,30.0,33.75144302845001,28.827772736549377
stim_59_harmonic.wav,54.99999940395355,40.000001192092896,44.55523610115051,22.34572470188141
stim_59_harmonic.wav,20.000000149011612,20.000000596046448,29.24020618200302,20.225674510002136
stim_59_harmonic.wav,25.000001192092896,0.0,54.223167300224304,52.9065728187561
stim_59_harmonic.wav,70.0000011920929,10.000000298023224,55.54955720901489,18.906995058059692
stim_59_harmonic.wav,35.00000059604645,10.000000298023224,49.724764823913574,39.02099132537842
stim_59_harmonic.wav,5.000000037252903,10.000000298023224,8.741042912006378,35.01902461051941
stim_59_harmonic.wav,64.9999988079071,0.0,59.505853056907654,19.15367066860199
stim_59_harmonic.wav,90.0,30.0,59.81833577156067,19.4191575050354
stim_59_harmonic.wav,40.000000298023224,0.0,37.75372534990311,26.887945532798767
stim_59_harmonic.wav,84.99999761581421,0.0,49.66525733470917,29.76476490497589
stim_59_harmonic.wav,84.99999761581421,10.000000298023224,47.938998341560364,26.859635710716248
stim_59_harmonic.wav,80.00000059604645,40.000001192092896,56.846630573272705,31.616191864013672
stim_59_harmonic.wav,54.99999940395355,20.000000596046448,41.19667589664459,28.073042035102844
stim_59_harmonic.wav,20.000000149011612,10.000000298023224,39.07656133174896,26.69690251350403
stim_59_harmonic.wav,25.000001192092896,40.000001192092896,35.23472875356674,27.984817028045654
stim_59_harmonic.wav,40.000000298023224,10.000000298023224,42.070040702819824,23.375170826911926
stim_59_harmonic.wav,74.99999821186066,60.0,48.02007615566254,30.705538988113403
stim_59_harmonic.wav,0.0,40.000001192092896,28.027292490005493,31.577364206314087
stim_59_harmonic.wav,35.00000059604645,49.999998807907104,42.51289486885071,25.076635479927063
stim_59_harmonic.wav,0.0,30.0,30.19091784954071,31.346665620803833
stim_59_harmonic.wav,30.00000089406967,20.000000596046448,36.555271446704865,28.665729761123657
stim_59_harmonic.wav,84.99999761581421,20.000000596046448,63.493117690086365,21.558265686035156
stim_59_harmonic.wav,40.000000298023224,0.0,50.75314521789551,29.846983551979065
stim_59_harmonic.wav,45.0,20.000000596046448,44.084782004356384,20.475783348083496
stim_59_harmonic.wav,80.00000059604645,49.999998807907104,45.40743827819824,32.05631375312805
stim_59_harmonic.wav,84.99999761581421,40.000001192092896,53.426411747932434,23.534352779388428
stim_59_harmonic.wav,15.000000447034836,49.999998807907104,47.09991753101349,24.557027220726013
stim_59_harmonic.wav,25.000001192092896,20.000000596046448,41.333331763744354,25.54021418094635
stim_59_harmonic.wav,40.000000298023224,0.0,45.37730634212494,21.83268964290619
stim_59_harmonic.wav,5.000000037252903,20.000000596046448,36.61243200302124,28.293546438217163
stim_59_harmonic.wav,50.00000238418579,60.0,34.49620395898819,54.57447052001953
stim_59_harmonic.wav,84.99999761581421,49.999998807907104,55.38099646568298,30.256240367889404
stim_59_harmonic.wav,40.000000298023224,30.0,46.45061910152435,28.895448446273804
stim_59_harmonic.wav,25.000001192092896,0.0,28.41204732656479,25.648342967033386
stim_59_harmonic.wav,20.000000149011612,0.0,28.726115226745605,31.714768409729004
stim_59_harmonic.wav,0.0,30.0,35.472345650196075,28.910762071609497
stim_59_harmonic.wav,5.000000037252903,30.0,14.822493195533752,34.92825508117676
stim_59_harmonic.wav,60.00000178813934,49.999998807907104,50.29544770717621,26.800233721733093
stim_59_harmonic.wav,54.99999940395355,30.0,44.53510344028473,30.292528867721558
stim_59_harmonic.wav,10.000000074505806,40.000001192092896,18.10057908296585,43.64340662956238
stim_59_harmonic.wav,30.00000089406967,30.0,40.76309144496918,33.57813477516174
stim_59_harmonic.wav,54.99999940395355,10.000000298023224,62.13236331939697,29.322068095207214
stim_59_harmonic.wav,30.00000089406967,0.0,50.434085726737976,41.232476234436035
stim_59_harmonic.wav,25.000001192092896,0.0,32.74433791637421,23.631615042686462
stim_59_harmonic.wav,70.0000011920929,0.0,43.88857841491699,26.36508822441101
stim_59_harmonic.wav,54.99999940395355,30.0,56.17005944252014,32.15106010437012
stim_59_harmonic.wav,15.000000447034836,20.000000596046448,34.3421995639801,27.71947145462036
stim_59_harmonic.wav,74.99999821186066,60.0,46.77976369857788,28.313282132148743
stim_59_harmonic.wav,70.0000011920929,0.0,46.27208054065704,25.096027851104736
stim_59_harmonic.wav,74.99999821186066,10.000000298023224,50.41069686412811,24.629162549972534
stim_59_harmonic.wav,80.00000059604645,0.0,59.405930042266846,17.381715774536133
stim_59_harmonic.wav,35.00000059604645,60.0,19.927663654088974,29.04957890510559
stim_59_harmonic.wav,40.000000298023224,0.0,52.58311986923218,40.14420032501221
stim_59_harmonic.wav,54.99999940395355,10.000000298023224,54.4352924823761,21.364063024520874
stim_59_harmonic.wav,30.00000089406967,49.999998807907104,35.10312885046005,46.9899845123291
stim_59_harmonic.wav,74.99999821186066,49.999998807907104,53.87339115142822,27.9398113489151
stim_59_harmonic.wav,74.99999821186066,49.999998807907104,48.99275243282318,32.028021812438965
stim_59_harmonic.wav,25.000001192092896,20.000000596046448,32.12303102016449,26.0812246799469
stim_59_harmonic.wav,80.00000059604645,30.0,49.12370324134827,24.494481682777405
stim_59_harmonic.wav,80.00000059604645,49.999998807907104,45.87135851383209,36.80245757102966
stim_59_harmonic.wav,64.9999988079071,0.0,54.01547312736511,21.465100049972534
stim_59_harmonic.wav,54.99999940395355,30.0,59.06127691268921,33.707191944122314
stim_59_harmonic.wav,25.000001192092896,30.0,32.66153812408447,28.72157335281372
stim_59_harmonic.wav,84.99999761581421,30.0,60.99503695964813,19.80092704296112
stim_59_harmonic.wav,80.00000059604645,10.000000298023224,51.21110022068024,20.266302824020386
stim_59_harmonic.wav,70.0000011920929,40.000001192092896,58.76260221004486,28.84344220161438
stim_59_harmonic.wav,15.000000447034836,10.000000298023224,34.507895708084106,26.144750118255615
stim_59_harmonic.wav,25.000001192092896,60.0,33.70520442724228,34.063968658447266
stim_59_harmonic.wav,90.0,10.000000298023224,48.88934254646301,21.719200015068054
stim_59_harmonic.wav,35.00000059604645,49.999998807907104,43.19101631641388,30.37582039833069
stim_59_harmonic.wav,5.000000037252903,30.0,22.64535963535309,29.056427478790283
stim_59_harmonic.wav,15.000000447034836,0.0,18.77586141228676,25.66364049911499
stim_59_harmonic.wav,80.00000059604645,20.000000596046448,41.15607529878616,26.45813226699829
stim_59_harmonic.wav,35.00000059604645,0.0,40.00115096569061,31.3784122467041
stim_59_harmonic.wav,20.000000149011612,60.0,26.42636775970459,26.97747230529785
stim_59_harmonic.wav,70.0000011920929,10.000000298023224,57.33709931373596,19.614665508270264
stim_59_harmonic.wav,45.0,30.0,57.33237326145172,42.79037833213806
stim_59_harmonic.wav,30.00000089406967,30.0,37.28844791650772,30.81244468688965
stim_59_harmonic.wav,5.000000037252903,49.999998807907104,13.537060618400574,29.94686722755432
stim_59_harmonic.wav,35.00000059604645,60.0,33.236770033836365,28.54473888874054
stim_59_harmonic.wav,50.00000238418579,20.000000596046448,49.4132262468338,29.005229473114014
stim_59_harmonic.wav,84.99999761581421,49.999998807907104,55.390920639038086,30.349220037460327
stim_59_harmonic.wav,70.0000011920929,30.0,50.12633442878723,26.4288067817688
stim_59_harmonic.wav,60.00000178813934,0.0,54.95263695716858,32.17811465263367
stim_59_harmonic.wav,0.0,30.0,18.268769681453705,32.360050678253174
stim_59_harmonic.wav,80.00000059604645,40.000001192092896,55.32473981380463,25.924326181411743
stim_59_harmonic.wav,35.00000059604645,0.0,52.543492913246155,41.16070747375488
stim_59_harmonic.wav,60.00000178813934,40.000001192092896,50.49399018287659,27.377176880836487
stim_59_harmonic.wav,20.000000149011612,10.000000298023224,25.882469415664673,23.848430514335632
stim_59_harmonic.wav,20.000000149011612,30.0,31.493272483348846,35.62535047531128
stim_59_harmonic.wav,54.99999940395355,20.000000596046448,50.51046431064606,25.420979261398315
stim_59_harmonic.wav,60.00000178813934,20.000000596046448,60.19800782203674,27.862436771392822
stim_59_harmonic.wav,80.00000059604645,0.0,50.681079626083374,18.881365656852722
stim_59_harmonic.wav,80.00000059604645,30.0,55.66999912261963,20.886143445968628
stim_59_harmonic.wav,30.00000089406967,49.999998807907104,32.09286689758301,39.56812620162964
stim_59_harmonic.wav,35.00000059604645,0.0,53.34368169307709,42.84937620162964
stim_59_harmonic.wav,5.000000037252903,30.0,29.80058401823044,30.699244737625122
stim_59_harmonic.wav,0.0,0.0,31.672999262809753,30.079654455184937
stim_59_harmonic.wav,15.000000447034836,40.000001192092896,27.903331518173218,37.32564926147461
stim_59_harmonic.wav,45.0,49.999998807907104,35.66032022237778,29.46126401424408
stim_59_harmonic.wav,74.99999821186066,60.0,51.23555660247803,36.09724044799805
stim_59_harmonic.wav,30.00000089406967,49.999998807907104,31.603216230869293,41.128106117248535
stim_59_harmonic.wav,60.00000178813934,0.0,53.84626865386963,24.01248335838318
stim_59_harmonic.wav,60.00000178813934,60.0,52.44140267372131,53.45259189605713
stim_59_harmonic.wav,0.0,0.0,38.68388593196869,28.396748900413513
stim_59_harmonic.wav,15.000000447034836,0.0,32.30924606323242,26.656218767166138
stim_59_harmonic.wav,5.000000037252903,40.000001192092896,42.72352337837219,30.94486713409424
stim_59_harmonic.wav,70.0000011920929,49.999998807907104,45.935693979263306,36.37609004974365
stim_59_harmonic.wav,5.000000037252903,0.0,12.3698490858078,38.58182430267334
stim_59_harmonic.wav,0.0,20.000000596046448,19.970883429050446,37.96329975128174
stim_59_harmonic.wav,20.000000149011612,60.0,30.860708355903625,23.112305402755737
stim_59_harmonic.wav,0.0,20.000000596046448,18.978138864040375,38.72469663619995
stim_59_harmonic.wav,64.9999988079071,40.000001192092896,41.600490510463715,25.666426420211792
stim_59_harmonic.wav,84.99999761581421,40.000001192092896,60.49729943275452,23.15453052520752
stim_59_harmonic.wav,74.99999821186066,10.000000298023224,54.14734125137329,21.557317972183228
stim_59_harmonic.wav,40.000000298023224,0.0,46.8926203250885,41.00128412246704
stim_59_harmonic.wav,64.9999988079071,60.0,50.39570868015289,50.030304193496704
stim_59_harmonic.wav,25.000001192092896,20.000000596046448,29.469467997550964,19.010120630264282
stim_59_harmonic.wav,5.000000037252903,0.0,14.048434495925903,27.67771303653717
stim_59_harmonic.wav,50.00000238418579,10.000000298023224,51.296271085739136,22.977578043937683
stim_59_harmonic.wav,20.000000149011612,0.0,37.90639132261276,23.51798951625824
stim_59_harmonic.wav,45.0,40.000001192092896,47.504249811172485,39.29030656814575
stim_59_harmonic.wav,90.0,0.0,55.916815996170044,18.167824745178223
stim_59_harmonic.wav,15.000000447034836,10.000000298023224,27.64035701751709,24.75580930709839
stim_59_harmonic.wav,45.0,40.000001192092896,40.07666319608688,29.605852961540222
stim_59_harmonic.wav,54.99999940395355,30.0,34.53346788883209,31.476141214370728
stim_59_harmonic.wav,30.00000089406967,20.000000596046448,34.94749367237091,36.53661131858826
stim_59_harmonic.wav,54.99999940395355,0.0,59.737311601638794,25.635700821876526
stim_59_harmonic.wav,80.00000059604645,20.000000596046448,53.01033139228821,24.057928919792175
stim_59_harmonic.wav,35.00000059604645,10.000000298023224,37.33127474784851,33.839921951293945
stim_59_harmonic.wav,50.00000238418579,10.000000298023224,48.205862045288086,26.89623534679413
stim_59_harmonic.wav,70.0000011920929,20.000000596046448,49.33316767215729,25.53217649459839
stim_83_harmonic.wav,20.000000149011612,40.000001192092896,38.80475968122482,30.5008327960968
stim_83_harmonic.wav,35.00000059604645,20.000000596046448,33.44289243221283,37.738051414489746
stim_83_harmonic.wav,30.00000089406967,49.999998807907104,41.78552269935608,26.33692502975464
stim_83_harmonic.wav,10.000000074505806,10.000000298023224,27.462236881256104,34.13853049278259
stim_83_harmonic.wav,25.000001192092896,60.0,36.47094011306763,33.53580594062805
stim_83_harmonic.wav,74.99999821186066,40.000001192092896,42.33688294887543,26.119993329048157
stim_83_harmonic.wav,84.99999761581421,49.999998807907104,62.066885232925415,31.930932998657227
stim_83_harmonic.wav,50.00000238418579,49.999998807907104,42.89627104997635,25.95716893672943
stim_83_harmonic.wav,60.00000178813934,20.000000596046448,42.09414303302765,26.981661915779114
stim_83_harmonic.wav,64.9999988079071,60.0,46.50662899017334,50.98353624343872
stim_83_harmonic.wav,80.00000059604645,30.0,42.452392280101776,26.044047474861145
stim_83_harmonic.wav,64.9999988079071,49.999998807907104,42.157547771930695,26.67535901069641
stim_83_harmonic.wav,20.000000149011612,30.0,29.444153308868408,39.19192314147949
stim_83_harmonic.wav,64.9999988079071,30.0,58.824888467788696,27.91899561882019
stim_83_harmonic.wav,60.00000178813934,40.000001192092896,41.74969106912613,26.160099506378174
stim_83_harmonic.wav,54.99999940395355,60.0,41.3542315363884,27.57784366607666
stim_83_harmonic.wav,50.00000238418579,0.0,41.01348102092743,26.331433653831482
stim_83_harmonic.wav,30.00000089406967,20.000000596046448,40.8018359541893,26.10276997089386
stim_83_harmonic.wav,20.000000149011612,0.0,31.432732343673706,42.64693021774292
stim_83_harmonic.wav,84.99999761581421,49.999998807907104,58.66623044013977,31.308177709579468
stim_83_harmonic.wav,50.00000238418579,40.000001192092896,45.528931617736816,24.956964254379272
stim_83_harmonic.wav,5.000000037252903,10.000000298023224,40.550424456596375,26.553289890289307
stim_83_harmonic.wav,40.000000298023224,20.000000596046448,40.848903357982635,19.976670742034912
stim_83_harmonic.wav,84.99999761581421,40.000001192092896,41.42190635204315,26.16806209087372
stim_83_harmonic.wav,35.00000059604645,49.999998807907104,41.56731426715851,26.34699583053589
stim_83_harmonic.wav,50.00000238418579,30.0,41.65919065475464,26.40246033668518
stim_83_harmonic.wav,74.99999821186066,0.0,43.03075432777405,26.510891318321228
stim_83_harmonic.wav,80.00000059604645,40.000001192092896,42.36628532409668,25.945422649383545
stim_83_harmonic.wav,40.000000298023224,20.000000596046448,37.50340819358826,19.56657886505127
stim_83_harmonic.wav,40.000000298023224,30.0,34.20209437608719,14.899411797523499
stim_83_harmonic.wav,45.0,60.0,41.972622871398926,26.259931325912476
stim_83_harmonic.wav,64.9999988079071,20.000000596046448,41.541404128074646,26.22819185256958
stim_83_harmonic.wav,35.00000059604645,40.000001192092896,35.985704362392426,42.39911198616028
stim_83_harmonic.wav,5.000000037252903,49.999998807907104,39.81620192527771,26.39176905155182
stim_83_harmonic.wav,0.0,0.0,35.586572885513306,27.023404240608215
stim_83_harmonic.wav,25.000001192092896,20.000000596046448,42.402339577674866,27.79419243335724
stim_83_harmonic.wav,54.99999940395355,49.999998807907104,44.69475120306015,31.826294660568237
stim_83_harmonic.wav,15.000000447034836,49.999998807907104,41.16070479154587,26.348673105239868
stim_83_harmonic.wav,54.99999940395355,20.000000596046448,42.95561492443085,28.137409687042236
stim_83_harmonic.wav,30.00000089406967,30.0,38.41096580028534,43.08776378631592
stim_83_harmonic.wav,10.000000074505806,10.000000298023224,40.45465886592865,26.462021470069885
stim_83_harmonic.wav,25.000001192092896,60.0,41.709219217300415,26.152385473251343
stim_83_harmonic.wav,54.99999940395355,10.000000298023224,48.443350195884705,24.47820246219635
stim_83_harmonic.wav,64.9999988079071,0.0,41.814949214458466,26.08379065990448
stim_83_harmonic.wav,5.000000037252903,10.000000298023224,40.66681355237961,26.292368173599243
stim_83_harmonic.wav,60.00000178813934,30.0,56.52368187904358,29.088104367256165
stim_83_harmonic.wav,30.00000089406967,49.999998807907104,34.804920852184296,45.068596601486206
stim_83_harmonic.wav,74.99999821186066,10.000000298023224,43.184742629528046,25.950620770454407
stim_83_harmonic.wav,45.0,10.000000298023224,52.71248817443848,27.35731601715088
stim_83_harmonic.wav,30.00000089406967,40.000001192092896,42.20144212245941,46.65247321128845
stim_83_harmonic.wav,20.000000149011612,60.0,24.118831157684326,43.512489795684814
stim_83_harmonic.wav,25.000001192092896,40.000001192092896,34.00602489709854,42.14316129684448
stim_83_harmonic.wav,64.9999988079071,40.000001192092896,41.07057988643646,26.25040054321289
stim_83_harmonic.wav,80.00000059604645,40.000001192092896,57.84271717071533,27.631779313087463
stim_83_harmonic.wav,15.000000447034836,30.0,29.440703988075256,41.64216756820679
stim_83_harmonic.wav,80.00000059604645,0.0,64.42274451255798,14.61059957742691
stim_83_harmonic.wav,45.0,60.0,32.995958626270294,51.48790955543518
stim_83_harmonic.wav,25.000001192092896,60.0,42.221049070358276,26.08494222164154
stim_83_harmonic.wav,5.000000037252903,60.0,41.49630814790726,26.418845057487488
stim_83_harmonic.wav,54.99999940395355,40.000001192092896,41.49689555168152,26.043498516082764
stim_83_harmonic.wav,84.99999761581421,60.0,51.24165594577789,41.178520917892456
stim_83_harmonic.wav,0.0,10.000000298023224,37.947552502155304,27.017614245414734
stim_83_harmonic.wav,25.000001192092896,60.0,33.28058660030365,47.707990407943726
stim_83_harmonic.wav,45.0,20.000000596046448,46.12664043903351,19.638959169387817
stim_83_harmonic.wav,15.000000447034836,60.0,18.37603658437729,36.68326735496521
stim_83_harmonic.wav,40.000000298023224,0.0,54.70990240573883,31.430665254592896
stim_83_harmonic.wav,74.99999821186066,60.0,61.84111297130585,49.40306782722473
stim_83_harmonic.wav,50.00000238418579,20.000000596046448,41.32819801568985,26.218737959861755
stim_83_harmonic.wav,74.99999821186066,10.000000298023224,40.57549774646759,26.953024864196777
stim_83_harmonic.wav,15.000000447034836,49.999998807907104,42.73236662149429,25.895968079566956
stim_83_harmonic.wav,70.0000011920929,30.0,42.22488731145859,26.48933172225952
stim_83_harmonic.wav,74.99999821186066,20.000000596046448,55.06124496459961,28.029316663742065
stim_83_harmonic.wav,90.0,60.0,57.50463545322418,44.93975043296814
stim_83_harmonic.wav,50.00000238418579,49.999998807907104,38.40734750032425,32.3672890663147
stim_83_harmonic.wav,35.00000059604645,10.000000298023224,35.85828334093094,21.053377389907837
stim_83_harmonic.wav,45.0,20.000000596046448,42.54639834165573,26.03199541568756
stim_83_harmonic.wav,60.00000178813934,49.999998807907104,40.80460399389267,26.290926933288574
stim_83_harmonic.wav,40.000000298023224,20.000000596046448,41.643049120903015,26.154016256332397
stim_83_harmonic.wav,20.000000149011612,49.999998807907104,30.1070237159729,46.69716238975525
stim_83_harmonic.wav,25.000001192092896,0.0,38.94068330526352,33.372262716293335
stim_83_harmonic.wav,64.9999988079071,30.0,55.573477149009705,26.256328225135803
stim_83_harmonic.wav,50.00000238418579,0.0,50.92806816101074,18.4466153383255
stim_83_harmonic.wav,90.0,20.000000596046448,43.500763177871704,26.158998012542725
stim_83_harmonic.wav,30.00000089406967,40.000001192092896,35.304683446884155,40.684897899627686
stim_83_harmonic.wav,5.000000037252903,49.999998807907104,21.570340991020203,32.454267740249634
stim_83_harmonic.wav,80.00000059604645,0.0,44.77953314781189,25.293708443641663
stim_83_harmonic.wav,25.000001192092896,30.0,41.603127121925354,26.39020085334778
stim_83_harmonic.wav,90.0,0.0,58.575947284698486,24.33633327484131
stim_83_harmonic.wav,10.000000074505806,30.0,41.42340302467346,26.20607078075409
stim_83_harmonic.wav,54.99999940395355,40.000001192092896,53.96006941795349,31.645935773849487
stim_83_harmonic.wav,60.00000178813934,10.000000298023224,44.91239368915558,26.457980275154114
stim_83_harmonic.wav,20.000000149011612,10.000000298023224,30.361919403076172,32.353960275650024
stim_83_harmonic.wav,84.99999761581421,0.0,44.844930768013,25.501089692115784
stim_83_harmonic.wav,35.00000059604645,20.000000596046448,36.019551157951355,19.158718585968018
stim_83_harmonic.wav,45.0,40.000001192092896,36.30402624607086,20.413130521774292
stim_83_harmonic.wav,70.0000011920929,0.0,41.93893164396286,25.97156524658203
stim_83_harmonic.wav,30.00000089406967,20.000000596046448,42.305002212524414,27.511079907417297
stim_83_harmonic.wav,20.000000149011612,0.0,41.33684813976288,26.36654019355774
stim_83_harmonic.wav,54.99999940395355,40.000001192092896,43.856526017189026,27.922993898391724
stim_83_harmonic.wav,0.0,20.000000596046448,40.64450293779373,26.36672794818878
stim_83_harmonic.wav,70.0000011920929,30.0,59.135257601737976,19.820757508277893
stim_83_harmonic.wav,80.00000059604645,10.000000298023224,58.53673338890076,18.97529125213623
stim_83_harmonic.wav,0.0,10.000000298023224,40.342140197753906,26.33408546447754
stim_83_harmonic.wav,30.00000089406967,10.000000298023224,33.68379771709442,21.802974343299866
stim_83_harmonic.wav,40.000000298023224,60.0,41.253050565719604,26.202651858329773
stim_83_harmonic.wav,74.99999821186066,30.0,43.675865828990936,28.16947102546692
stim_83_harmonic.wav,30.00000089406967,30.0,39.69714671373367,33.05860161781311
stim_83_harmonic.wav,90.0,0.0,45.161393880844116,25.480207800865173
stim_83_harmonic.wav,30.00000089406967,30.0,42.13497966527939,26.17306351661682
stim_83_harmonic.wav,5.000000037252903,0.0,41.625193655490875,27.214037775993347
stim_83_harmonic.wav,35.00000059604645,20.000000596046448,41.30529999732971,26.42927348613739
stim_83_harmonic.wav,35.00000059604645,30.0,40.8523365855217,24.892433881759644
stim_83_harmonic.wav,20.000000149011612,49.999998807907104,41.01641803979874,26.291359663009644
stim_83_harmonic.wav,30.00000089406967,30.0,43.755028545856476,28.020315170288086
stim_83_harmonic.wav,74.99999821186066,10.000000298023224,53.256091475486755,21.7899227142334
stim_83_harmonic.wav,80.00000059604645,30.0,64.5128184556961,32.29412913322449
stim_83_harmonic.wav,45.0,30.0,51.76839351654053,25.82914173603058
stim_57_harmonic.wav,74.99999821186066,40.000001192092896,47.29980111122131,27.950536608695984
stim_57_harmonic.wav,64.9999988079071,20.000000596046448,53.481853008270264,33.324934244155884
stim_57_harmonic.wav,0.0,10.000000298023224,48.410396575927734,26.866841912269592
stim_57_harmonic.wav,10.000000074505806,40.000001192092896,37.49459445476532,25.770193934440613
stim_57_harmonic.wav,10.000000074505806,60.0,26.810749769210815,26.62686288356781
stim_57_harmonic.wav,10.000000074505806,40.000001192092896,47.606608271598816,23.184773325920105
stim_57_harmonic.wav,20.000000149011612,0.0,30.38889706134796,34.838125705718994
stim_57_harmonic.wav,60.00000178813934,40.000001192092896,47.99482583999634,26.920459270477295
stim_57_harmonic.wav,70.0000011920929,49.999998807907104,52.58932650089264,30.495035648345947
stim_57_harmonic.wav,15.000000447034836,20.000000596046448,32.046770453453064,34.51828122138977
stim_57_harmonic.wav,70.0000011920929,40.000001192092896,61.4240026473999,26.610326170921326
stim_57_harmonic.wav,60.00000178813934,49.999998807907104,49.395679235458374,25.653390884399414
stim_57_harmonic.wav,70.0000011920929,30.0,59.25733029842377,23.755170106887817
stim_57_harmonic.wav,80.00000059604645,30.0,55.86228132247925,22.012513875961304
stim_57_harmonic.wav,40.000000298023224,60.0,45.06495237350464,27.847700715065002
stim_57_harmonic.wav,5.000000037252903,20.000000596046448,38.51726979017258,30.890357494354248
stim_57_harmonic.wav,5.000000037252903,30.0,20.204914212226868,39.38631534576416
stim_57_harmonic.wav,50.00000238418579,40.000001192092896,50.91687798500061,28.838943243026733
stim_57_harmonic.wav,74.99999821186066,0.0,44.65472996234894,25.95348358154297
stim_57_harmonic.wav,30.00000089406967,30.0,45.1045686006546,25.652443170547485
stim_57_harmonic.wav,74.99999821186066,30.0,67.5690507888794,26.634256839752197
stim_57_harmonic.wav,35.00000059604645,60.0,36.41457885503769,26.80132806301117
stim_57_harmonic.wav,45.0,0.0,48.21331858634949,26.528717279434204
stim_57_harmonic.wav,64.9999988079071,40.000001192092896,50.236862897872925,26.98903262615204
stim_57_harmonic.wav,90.0,0.0,62.76365339756012,15.230491161346436
stim_57_harmonic.wav,74.99999821186066,49.999998807907104,59.96283173561096,33.66047143936157
stim_57_harmonic.wav,20.000000149011612,20.000000596046448,27.258383631706238,26.26134753227234
stim_57_harmonic.wav,0.0,10.000000298023224,41.100033223629,26.058120131492615
stim_57_harmonic.wav,20.000000149011612,49.999998807907104,35.8722710609436,23.720401525497437
stim_57_harmonic.wav,25.000001192092896,10.000000298023224,37.454017996788025,21.413508653640747
stim_57_harmonic.wav,84.99999761581421,40.000001192092896,45.22670567035675,30.662916898727417
stim_57_harmonic.wav,60.00000178813934,40.000001192092896,47.84373700618744,28.153767585754395
stim_57_harmonic.wav,40.000000298023224,10.000000298023224,41.650548577308655,33.90058994293213
stim_57_harmonic.wav,5.000000037252903,40.000001192092896,36.520169377326965,34.61646795272827
stim_57_harmonic.wav,60.00000178813934,40.000001192092896,57.957242131233215,28.406360149383545
stim_57_harmonic.wav,25.000001192092896,40.000001192092896,35.90592473745346,32.53286361694336
stim_57_harmonic.wav,40.000000298023224,60.0,35.83114743232727,47.731711864471436
stim_57_harmonic.wav,60.00000178813934,60.0,43.30358326435089,48.65269660949707
stim_57_harmonic.wav,40.000000298023224,60.0,35.411459505558014,45.2190899848938
stim_57_harmonic.wav,20.000000149011612,20.000000596046448,27.511214017868042,20.403665900230408
stim_57_harmonic.wav,60.00000178813934,60.0,39.96596306562424,26.166175603866577
stim_57_harmonic.wav,64.9999988079071,60.0,40.234677493572235,26.184166073799133
stim_57_harmonic.wav,5.000000037252903,49.999998807907104,36.61399036645889,31.245278120040894
stim_57_harmonic.wav,0.0,60.0,22.014840692281723,36.11826181411743
stim_57_harmonic.wav,70.0000011920929,40.000001192092896,59.02181625366211,22.975480556488037
stim_57_harmonic.wav,30.00000089406967,60.0,26.28769487142563,44.56257104873657
stim_57_harmonic.wav,35.00000059604645,10.000000298023224,43.828593492507935,27.26278066635132
stim_57_harmonic.wav,25.000001192092896,10.000000298023224,33.89187812805176,30.097603797912598
stim_57_harmonic.wav,70.0000011920929,10.000000298023224,57.955278754234314,19.602139592170715
stim_57_harmonic.wav,70.0000011920929,20.000000596046448,62.826905250549316,24.711433053016663
stim_57_harmonic.wav,84.99999761581421,40.000001192092896,29.75098729133606,33.19100618362427
stim_57_harmonic.wav,90.0,0.0,64.0853762626648,14.372992515563965
stim_57_harmonic.wav,40.000000298023224,49.999998807907104,31.558037102222443,29.358125925064087
stim_57_harmonic.wav,5.000000037252903,10.000000298023224,10.210834443569183,37.6326584815979
stim_57_harmonic.wav,40.000000298023224,20.000000596046448,51.60819053649902,25.91046452522278
stim_57_harmonic.wav,74.99999821186066,0.0,59.98563051223755,18.586864471435547
stim_57_harmonic.wav,40.000000298023224,49.999998807907104,55.863343477249146,52.56789207458496
stim_57_harmonic.wav,35.00000059604645,20.000000596046448,44.84413415193558,29.98440384864807
stim_57_harmonic.wav,45.0,30.0,44.465543031692505,29.14438247680664
stim_57_harmonic.wav,25.000001192092896,40.000001192092896,44.341710805892944,34.40173029899597
stim_57_harmonic.wav,10.000000074505806,40.000001192092896,56.15382134914398,22.772140502929688
stim_57_harmonic.wav,54.99999940395355,0.0,48.16429316997528,24.576112031936646
stim_57_harmonic.wav,80.00000059604645,10.000000298023224,48.01126778125763,26.51288151741028
stim_57_harmonic.wav,80.00000059604645,49.999998807907104,50.826889872550964,29.868017435073853
stim_57_harmonic.wav,25.000001192092896,20.000000596046448,36.10768049955368,34.57667827606201
stim_57_harmonic.wav,54.99999940395355,49.999998807907104,44.27893370389938,29.724165201187134
stim_57_harmonic.wav,25.000001192092896,60.0,40.347823798656464,28.229641914367676
stim_57_harmonic.wav,5.000000037252903,49.999998807907104,11.471783816814423,39.5808219909668
stim_57_harmonic.wav,35.00000059604645,60.0,38.72983753681183,30.019454956054688
stim_57_harmonic.wav,54.99999940395355,20.000000596046448,56.305274963378906,22.14981257915497
stim_57_harmonic.wav,20.000000149011612,49.999998807907104,19.972221851348877,53.20786714553833
stim_57_harmonic.wav,80.00000059604645,60.0,44.38793063163757,24.772236943244934
stim_57_harmonic.wav,84.99999761581421,49.999998807907104,38.00387620925903,28.253082633018494
stim_57_harmonic.wav,54.99999940395355,10.000000298023224,48.236600160598755,23.19108009338379
stim_57_harmonic.wav,50.00000238418579,40.000001192092896,51.77948176860809,35.84648609161377
stim_57_harmonic.wav,30.00000089406967,0.0,41.394748985767365,29.629719257354736
stim_57_harmonic.wav,64.9999988079071,40.000001192092896,49.90594267845154,15.176997184753418
stim_57_harmonic.wav,40.000000298023224,60.0,37.93435335159302,29.215627312660217
stim_57_harmonic.wav,64.9999988079071,10.000000298023224,41.808621883392334,23.735865354537964
stim_57_harmonic.wav,54.99999940395355,49.999998807907104,55.5933952331543,41.73281908035278
stim_57_harmonic.wav,40.000000298023224,0.0,48.82118225097656,31.60415768623352
stim_57_harmonic.wav,30.00000089406967,30.0,34.15728002786636,30.00522494316101
stim_57_harmonic.wav,35.00000059604645,10.000000298023224,43.034289479255676,31.439344882965088
stim_57_harmonic.wav,80.00000059604645,20.000000596046448,49.16285812854767,29.348918795585632
stim_57_harmonic.wav,74.99999821186066,0.0,49.82620060443878,23.384955525398254
stim_57_harmonic.wav,64.9999988079071,40.000001192092896,52.39806890487671,23.539701104164124
stim_57_harmonic.wav,45.0,40.000001192092896,48.756197690963745,24.788661003112793
stim_57_harmonic.wav,5.000000037252903,49.999998807907104,41.39691084623337,28.53712499141693
stim_57_harmonic.wav,84.99999761581421,49.999998807907104,45.27311325073242,31.00608229637146
stim_57_harmonic.wav,60.00000178813934,0.0,49.11492705345154,26.361812353134155
stim_57_harmonic.wav,15.000000447034836,49.999998807907104,36.13178551197052,24.76920783519745
stim_57_harmonic.wav,74.99999821186066,49.999998807907104,47.85393476486206,20.078553557395935
stim_57_harmonic.wav,50.00000238418579,20.000000596046448,61.90653204917908,30.95026731491089
stim_57_harmonic.wav,20.000000149011612,60.0,40.81575930118561,27.930648922920227
stim_57_harmonic.wav,50.00000238418579,20.000000596046448,54.60105836391449,25.06019353866577
stim_57_harmonic.wav,30.00000089406967,60.0,27.662989497184753,39.92725610733032
stim_57_harmonic.wav,10.000000074505806,0.0,32.390077114105225,26.717103123664856
stim_57_harmonic.wav,50.00000238418579,40.000001192092896,55.836108326911926,38.70515584945679
stim_57_harmonic.wav,5.000000037252903,30.0,33.819659650325775,28.710551261901855
stim_57_harmonic.wav,35.00000059604645,10.000000298023224,40.61849892139435,29.318878054618835
stim_57_harmonic.wav,45.0,60.0,33.7034073472023,46.03651285171509
stim_57_harmonic.wav,54.99999940395355,10.000000298023224,36.66382312774658,30.20100474357605
stim_57_harmonic.wav,70.0000011920929,20.000000596046448,53.29914093017578,22.25552201271057
stim_57_harmonic.wav,60.00000178813934,0.0,48.28962206840515,18.64149570465088
stim_57_harmonic.wav,54.99999940395355,30.0,45.49418091773987,27.716689109802246
stim_57_harmonic.wav,40.000000298023224,30.0,39.00034099817276,21.353389620780945
stim_57_harmonic.wav,10.000000074505806,20.000000596046448,38.057855665683746,27.374923825263977
stim_57_harmonic.wav,20.000000149011612,10.000000298023224,46.280062794685364,31.20296001434326
stim_57_harmonic.wav,45.0,60.0,32.1825385093689,35.29303550720215
stim_57_harmonic.wav,15.000000447034836,40.000001192092896,31.40763223171234,27.362592816352844
stim_57_harmonic.wav,35.00000059604645,49.999998807907104,39.06033128499985,24.350194931030273
stim_57_harmonic.wav,84.99999761581421,60.0,41.946538388729095,26.18907630443573
stim_71_harmonic.wav,5.000000037252903,20.000000596046448,10.891595184803009,32.767202854156494
stim_71_harmonic.wav,40.000000298023224,60.0,24.992850422859192,49.86298084259033
stim_71_harmonic.wav,5.000000037252903,0.0,29.092880487442017,29.17473614215851
stim_71_harmonic.wav,20.000000149011612,40.000001192092896,39.75124955177307,27.6236629486084
stim_71_harmonic.wav,35.00000059604645,30.0,49.02917683124542,25.49898862838745
stim_71_harmonic.wav,45.0,0.0,47.36035466194153,22.089993953704834
stim_71_harmonic.wav,64.9999988079071,60.0,46.81953549385071,25.684449076652527
stim_71_harmonic.wav,70.0000011920929,30.0,51.43470525741577,16.994717717170715
stim_71_harmonic.wav,84.99999761581421,10.000000298023224,57.56863832473755,20.91086447238922
stim_71_harmonic.wav,64.9999988079071,10.000000298023224,43.07622581720352,24.891663193702698
stim_71_harmonic.wav,60.00000178813934,49.999998807907104,45.41675627231598,32.40489721298218
stim_71_harmonic.wav,50.00000238418579,0.0,52.350969314575195,23.093140125274658
stim_71_harmonic.wav,45.0,49.999998807907104,49.899301528930664,27.361353635787964
stim_71_harmonic.wav,50.00000238418579,60.0,46.57810986042023,22.143605947494507
stim_71_harmonic.wav,15.000000447034836,30.0,13.11057597398758,34.76621389389038
stim_71_harmonic.wav,0.0,10.000000298023224,37.74911731481552,30.735769271850586
stim_71_harmonic.wav,35.00000059604645,20.000000596046448,38.45662236213684,21.42995595932007
stim_71_harmonic.wav,80.00000059604645,60.0,44.65176075696945,29.026254415512085
stim_71_harmonic.wav,45.0,40.000001192092896,45.30981659889221,26.701362133026123
stim_71_harmonic.wav,30.00000089406967,49.999998807907104,32.48713552951813,47.16581583023071
stim_71_harmonic.wav,30.00000089406967,10.000000298023224,46.33780539035797,24.100602865219116
stim_71_harmonic.wav,50.00000238418579,20.000000596046448,47.48249173164368,13.483639061450958
stim_71_harmonic.wav,60.00000178813934,0.0,45.089285373687744,27.080277800559998
stim_71_harmonic.wav,90.0,49.999998807907104,53.70190143585205,17.561740279197693
stim_71_harmonic.wav,20.000000149011612,20.000000596046448,43.86847794055939,26.43452525138855
stim_71_harmonic.wav,64.9999988079071,0.0,50.49937069416046,26.468950510025024
stim_71_harmonic.wav,0.0,30.0,32.57955640554428,29.733753204345703
stim_71_harmonic.wav,50.00000238418579,40.000001192092896,44.15962904691696,15.415277481079102
stim_71_harmonic.wav,45.0,20.000000596046448,46.43763720989227,29.028078317642212
stim_71_harmonic.wav,54.99999940395355,20.000000596046448,51.9105988740921,24.96805965900421
stim_71_harmonic.wav,5.000000037252903,30.0,21.77102118730545,36.16436719894409
stim_71_harmonic.wav,10.000000074505806,10.000000298023224,31.931014358997345,28.772850036621094
stim_71_harmonic.wav,45.0,49.999998807907104,61.52762174606323,46.27132773399353
stim_71_harmonic.wav,0.0,60.0,5.3787678480148315,30.327308177947998
stim_71_harmonic.wav,15.000000447034836,30.0,9.007925391197205,28.480594754219055
stim_71_harmonic.wav,10.000000074505806,40.000001192092896,12.304902076721191,32.43704438209534
stim_71_harmonic.wav,15.000000447034836,30.0,31.28397971391678,27.81669795513153
stim_71_harmonic.wav,70.0000011920929,49.999998807907104,50.31764030456543,36.10873460769653
stim_71_harmonic.wav,84.99999761581421,30.0,56.02145969867706,26.82257831096649
stim_71_harmonic.wav,80.00000059604645,30.0,54.58977699279785,29.66271936893463
stim_71_harmonic.wav,5.000000037252903,30.0,6.9741323590278625,38.84160876274109
stim_71_harmonic.wav,90.0,0.0,75.34152388572693,7.454416751861572
stim_71_harmonic.wav,30.00000089406967,10.000000298023224,48.48258018493652,33.58897805213928
stim_71_harmonic.wav,5.000000037252903,40.000001192092896,7.26283997297287,39.037853479385376
stim_71_harmonic.wav,64.9999988079071,0.0,68.02996158599854,10.845875144004822
stim_71_harmonic.wav,84.99999761581421,30.0,58.23120832443237,31.839340925216675
stim_71_harmonic.wav,0.0,40.000001192092896,7.602289617061615,30.373356342315674
stim_71_harmonic.wav,60.00000178813934,40.000001192092896,48.97282361984253,13.453480303287506
stim_71_harmonic.wav,80.00000059604645,49.999998807907104,52.06414997577667,27.687451243400574
stim_71_harmonic.wav,70.0000011920929,40.000001192092896,61.93343460559845,31.604450941085815
stim_71_harmonic.wav,10.000000074505806,49.999998807907104,19.411146640777588,34.24630880355835
stim_71_harmonic.wav,25.000001192092896,40.000001192092896,46.496490240097046,30.08900284767151
stim_71_harmonic.wav,60.00000178813934,49.999998807907104,48.886794447898865,26.663584113121033
stim_71_harmonic.wav,40.000000298023224,30.0,43.888535499572754,28.7199604511261
stim_71_harmonic.wav,0.0,0.0,6.948144435882568,30.88448166847229
stim_71_harmonic.wav,20.000000149011612,49.999998807907104,35.63233137130737,50.97465991973877
stim_71_harmonic.wav,70.0000011920929,40.000001192092896,50.9136164188385,18.09086501598358
stim_71_harmonic.wav,74.99999821186066,60.0,49.090293645858765,30.143383741378784
stim_71_harmonic.wav,15.000000447034836,0.0,44.27160322666168,28.064650297164917
stim_71_harmonic.wav,25.000001192092896,20.000000596046448,31.4100381731987,26.993663907051086
stim_71_harmonic.wav,40.000000298023224,10.000000298023224,46.28612995147705,21.281883716583252
stim_71_harmonic.wav,84.99999761581421,30.0,55.06973147392273,30.121471881866455
stim_71_harmonic.wav,15.000000447034836,10.000000298023224,19.28680881857872,30.86249828338623
stim_71_harmonic.wav,10.000000074505806,20.000000596046448,23.813241720199585,38.14430236816406
stim_71_harmonic.wav,54.99999940395355,0.0,64.07317757606506,19.59857940673828
stim_71_harmonic.wav,54.99999940395355,30.0,48.114532828330994,19.929079413414
stim_71_harmonic.wav,20.000000149011612,20.000000596046448,39.5815971493721,26.38654053211212
stim_71_harmonic.wav,60.00000178813934,10.000000298023224,59.60084080696106,9.34838354587555
stim_71_harmonic.wav,25.000001192092896,49.999998807907104,38.243882954120636,30.862144231796265
stim_71_harmonic.wav,10.000000074505806,49.999998807907104,4.19316440820694,41.43487215042114
stim_71_harmonic.wav,5.000000037252903,30.0,7.8606292605400085,38.27921390533447
stim_71_harmonic.wav,0.0,0.0,37.19475030899048,27.0615291595459
stim_71_harmonic.wav,0.0,20.000000596046448,23.59411597251892,27.022610306739807
stim_71_harmonic.wav,50.00000238418579,0.0,46.34363114833832,19.898452162742615
stim_71_harmonic.wav,64.9999988079071,10.000000298023224,39.305992126464844,27.91028916835785
stim_71_harmonic.wav,15.000000447034836,30.0,11.977637708187103,36.186068058013916
stim_71_harmonic.wav,50.00000238418579,49.999998807907104,47.41026520729065,23.9190673828125
stim_71_harmonic.wav,60.00000178813934,30.0,50.51916003227234,25.078271627426147
stim_71_harmonic.wav,15.000000447034836,40.000001192092896,11.270001232624054,46.40919327735901
stim_71_harmonic.wav,64.9999988079071,49.999998807907104,53.31124305725098,23.508126139640808
stim_71_harmonic.wav,30.00000089406967,30.0,40.437777042388916,39.33790683746338
stim_71_harmonic.wav,25.000001192092896,60.0,39.650500416755676,30.84181308746338
stim_71_harmonic.wav,54.99999940395355,0.0,62.13167667388916,28.528218269348145
stim_71_harmonic.wav,50.00000238418579,60.0,52.04640448093414,16.50038480758667
stim_71_harmonic.wav,30.00000089406967,10.000000298023224,44.56279993057251,34.26069617271423
stim_71_harmonic.wav,20.000000149011612,10.000000298023224,31.716703176498413,40.72865009307861
stim_71_harmonic.wav,84.99999761581421,20.000000596046448,50.584477186203,27.996477484703064
stim_71_harmonic.wav,5.000000037252903,20.000000596046448,9.321134984493256,36.63505554199219
stim_71_harmonic.wav,5.000000037252903,30.0,6.320612132549286,37.38377809524536
stim_71_harmonic.wav,0.0,30.0,42.433198392391205,32.695287466049194
stim_71_harmonic.wav,0.0,60.0,7.0853689312934875,30.5170476436615
stim_71_harmonic.wav,5.000000037252903,30.0,29.03010070323944,27.71302342414856
stim_71_harmonic.wav,70.0000011920929,40.000001192092896,67.79414176940918,28.52146625518799
stim_71_harmonic.wav,30.00000089406967,49.999998807907104,36.31638050079346,34.69173789024353
stim_71_harmonic.wav,20.000000149011612,30.0,35.95849871635437,41.79759979248047
stim_71_harmonic.wav,10.000000074505806,0.0,16.81934416294098,39.62028980255127
stim_71_harmonic.wav,35.00000059604645,40.000001192092896,48.28793227672577,25.89645266532898
stim_71_harmonic.wav,60.00000178813934,49.999998807907104,45.58097183704376,20.411038398742676
stim_71_harmonic.wav,54.99999940395355,0.0,54.808441400527954,16.57867670059204
stim_71_harmonic.wav,54.99999940395355,20.000000596046448,60.05359768867493,18.345646262168884
stim_71_harmonic.wav,0.0,60.0,14.278900623321533,30.82345962524414
stim_71_harmonic.wav,35.00000059604645,0.0,40.15822112560272,17.66735315322876
stim_71_harmonic.wav,20.000000149011612,60.0,23.088079690933228,29.769896864891052
stim_71_harmonic.wav,64.9999988079071,30.0,43.867407739162445,27.777519822120667
stim_71_harmonic.wav,64.9999988079071,60.0,56.687816977500916,21.045414805412292
stim_71_harmonic.wav,84.99999761581421,30.0,75.81129670143127,27.66910493373871
stim_71_harmonic.wav,0.0,49.999998807907104,19.971519112586975,38.084707260131836
stim_71_harmonic.wav,15.000000447034836,10.000000298023224,38.65508437156677,32.085410356521606
stim_71_harmonic.wav,84.99999761581421,40.000001192092896,82.88459300994873,39.375929832458496
stim_71_harmonic.wav,15.000000447034836,49.999998807907104,32.139381766319275,33.57051372528076
stim_71_harmonic.wav,74.99999821186066,60.0,57.806689739227295,23.893228769302368
stim_71_harmonic.wav,45.0,49.999998807907104,50.035144686698914,23.45834791660309
stim_71_harmonic.wav,0.0,20.000000596046448,34.93618816137314,29.352511167526245
stim_71_harmonic.wav,5.000000037252903,30.0,6.242484748363495,37.235069274902344
stim_71_harmonic.wav,30.00000089406967,0.0,33.88676047325134,8.843450546264648
stim_71_harmonic.wav,84.99999761581421,0.0,56.62775158882141,18.23280930519104
stim_71_harmonic.wav,80.00000059604645,10.000000298023224,75.59195637702942,6.490087509155273
stim_71_harmonic.wav,15.000000447034836,30.0,39.2598956823349,25.068987607955933
stim_71_harmonic.wav,20.000000149011612,49.999998807907104,47.63395607471466,28.995675444602966
stim_71_harmonic.wav,30.00000089406967,20.000000596046448,35.42024374008179,26.44904315471649
stim_71_harmonic.wav,10.000000074505806,10.000000298023224,27.477638125419617,26.548004150390625
stim_71_harmonic.wav,84.99999761581421,30.0,65.5129873752594,34.33728218078613
stim_71_harmonic.wav,54.99999940395355,0.0,54.84495162963867,17.36966907978058
stim_71_harmonic.wav,40.000000298023224,10.000000298023224,45.20593464374542,14.10756379365921
stim_69_harmonic.wav,45.0,40.000001192092896,63.31324338912964,32.875882387161255
stim_69_harmonic.wav,20.000000149011612,40.000001192092896,27.74257332086563,29.77071762084961
stim_69_harmonic.wav,40.000000298023224,40.000001192092896,49.11856412887573,31.704522371292114
stim_69_harmonic.wav,84.99999761581421,10.000000298023224,55.320748686790466,20.491697788238525
stim_69_harmonic.wav,80.00000059604645,10.000000298023224,68.16891074180603,10.93931794166565
stim_69_harmonic.wav,54.99999940395355,30.0,51.145466566085815,29.022729992866516
stim_69_harmonic.wav,5.000000037252903,20.000000596046448,20.769355595111847,34.13870573043823
stim_69_harmonic.wav,25.000001192092896,40.000001192092896,31.714122891426086,38.79718065261841
stim_69_harmonic.wav,15.000000447034836,0.0,26.415467262268066,31.201364994049072
stim_69_harmonic.wav,80.00000059604645,49.999998807907104,66.58165454864502,31.792513132095337
stim_69_harmonic.wav,84.99999761581421,60.0,48.6109721660614,28.193106651306152
stim_69_harmonic.wav,70.0000011920929,49.999998807907104,67.45822191238403,37.86388635635376
stim_69_harmonic.wav,5.000000037252903,20.000000596046448,8.496758043766022,36.01360201835632
stim_69_harmonic.wav,64.9999988079071,40.000001192092896,58.151766657829285,21.719688177108765
stim_69_harmonic.wav,70.0000011920929,30.0,56.04245066642761,25.100315809249878
stim_69_harmonic.wav,60.00000178813934,0.0,57.3636531829834,22.329354286193848
stim_69_harmonic.wav,50.00000238418579,30.0,45.90828716754913,24.012433290481567
stim_69_harmonic.wav,84.99999761581421,10.000000298023224,58.21111857891083,22.889047265052795
stim_69_harmonic.wav,10.000000074505806,10.000000298023224,23.633474707603455,30.48619508743286
stim_69_harmonic.wav,0.0,10.000000298023224,19.313526302576065,31.82294011116028
stim_69_harmonic.wav,10.000000074505806,20.000000596046448,25.670725107192993,32.2000515460968
stim_69_harmonic.wav,20.000000149011612,30.0,26.002342700958252,35.575700998306274
stim_69_harmonic.wav,70.0000011920929,30.0,51.20297312736511,21.99660301208496
stim_69_harmonic.wav,60.00000178813934,30.0,62.62038052082062,24.826632142066956
stim_69_harmonic.wav,50.00000238418579,20.000000596046448,53.415634632110596,20.298861265182495
stim_69_harmonic.wav,40.000000298023224,0.0,45.909005999565125,27.529757022857666
stim_69_harmonic.wav,35.00000059604645,40.000001192092896,49.977418184280396,20.835918188095093
stim_69_harmonic.wav,70.0000011920929,0.0,63.52021336555481,17.670453786849976
stim_69_harmonic.wav,84.99999761581421,0.0,44.86426681280136,23.45232367515564
stim_69_harmonic.wav,80.00000059604645,49.999998807907104,65.9754753112793,24.89612102508545
stim_69_harmonic.wav,20.000000149011612,30.0,23.909575939178467,28.701937794685364
stim_69_harmonic.wav,10.000000074505806,0.0,30.53177833557129,27.670598030090332
stim_69_harmonic.wav,0.0,49.999998807907104,12.860170304775238,27.68429160118103
stim_69_harmonic.wav,25.000001192092896,10.000000298023224,41.3071346282959,26.231839656829834
stim_69_harmonic.wav,0.0,20.000000596046448,32.727906703948975,29.369137287139893
stim_69_harmonic.wav,45.0,10.000000298023224,44.91260290145874,25.096038579940796
stim_69_harmonic.wav,64.9999988079071,30.0,61.90073847770691,22.592838406562805
stim_69_harmonic.wav,0.0,0.0,9.001088440418243,28.212411403656006
stim_69_harmonic.wav,0.0,20.000000596046448,31.338297128677368,28.60442876815796
stim_69_harmonic.wav,45.0,49.999998807907104,49.61773931980133,30.40134072303772
stim_69_harmonic.wav,35.00000059604645,20.000000596046448,44.57916408777237,27.876811623573303
stim_69_harmonic.wav,20.000000149011612,60.0,38.39952886104584,34.99741315841675
stim_69_harmonic.wav,15.000000447034836,40.000001192092896,42.04260975122452,38.18992853164673
stim_69_harmonic.wav,5.000000037252903,49.999998807907104,16.894086599349976,28.32859218120575
stim_69_harmonic.wav,40.000000298023224,49.999998807907104,46.91564440727234,23.165228962898254
stim_69_harmonic.wav,30.00000089406967,49.999998807907104,46.084256172180176,26.08356535434723
stim_69_harmonic.wav,0.0,49.999998807907104,37.932269275188446,27.01800227165222
stim_69_harmonic.wav,54.99999940395355,49.999998807907104,50.238348841667175,24.987705945968628
stim_69_harmonic.wav,80.00000059604645,10.000000298023224,67.68185377120972,10.944067239761353
stim_69_harmonic.wav,60.00000178813934,0.0,56.791731119155884,6.055891513824463
stim_69_harmonic.wav,40.000000298023224,40.000001192092896,48.31912636756897,39.77484941482544
stim_69_harmonic.wav,25.000001192092896,60.0,17.69289940595627,38.54454159736633
stim_69_harmonic.wav,35.00000059604645,49.999998807907104,52.924532890319824,25.36872625350952
stim_69_harmonic.wav,80.00000059604645,10.000000298023224,82.19111859798431,5.1705944538116455
stim_69_harmonic.wav,30.00000089406967,30.0,46.669031381607056,25.23657202720642
stim_69_harmonic.wav,15.000000447034836,0.0,20.08568063378334,35.175933837890625
stim_69_harmonic.wav,0.0,40.000001192092896,32.66829192638397,28.37500512599945
stim_69_harmonic.wav,74.99999821186066,40.000001192092896,76.8220603466034,33.64933490753174
stim_69_harmonic.wav,5.000000037252903,10.000000298023224,4.726441204547882,39.75282311439514
stim_69_harmonic.wav,45.0,10.000000298023224,41.75295531749725,26.22852087020874
stim_69_harmonic.wav,80.00000059604645,0.0,69.03643906116486,9.146018028259277
stim_69_harmonic.wav,25.000001192092896,10.000000298023224,35.56794762611389,41.17122173309326
stim_69_harmonic.wav,84.99999761581421,40.000001192092896,75.22325992584229,33.5149347782135
stim_69_harmonic.wav,20.000000149011612,49.999998807907104,22.64528453350067,41.65136218070984
stim_69_harmonic.wav,80.00000059604645,20.000000596046448,62.94941782951355,33.73408555984497
stim_69_harmonic.wav,25.000001192092896,49.999998807907104,31.034335792064667,43.461570739746094
stim_69_harmonic.wav,0.0,10.000000298023224,28.53547990322113,28.667099475860596
stim_69_harmonic.wav,0.0,60.0,38.73433291912079,34.388355016708374
stim_69_harmonic.wav,35.00000059604645,0.0,44.63590621948242,15.070860385894775
stim_69_harmonic.wav,25.000001192092896,30.0,35.03270208835602,33.723599910736084
stim_69_harmonic.wav,0.0,10.000000298023224,30.31899333000183,27.73600995540619
stim_69_harmonic.wav,64.9999988079071,30.0,55.29987573623657,31.261972188949585
stim_69_harmonic.wav,50.00000238418579,49.999998807907104,48.543713092803955,31.123305559158325
stim_69_harmonic.wav,40.000000298023224,30.0,50.07610201835632,30.437843799591064
stim_69_harmonic.wav,30.00000089406967,0.0,45.07644295692444,33.02219867706299
stim_69_harmonic.wav,74.99999821186066,49.999998807907104,59.87469971179962,22.7834415435791
stim_69_harmonic.wav,10.000000074505806,10.000000298023224,9.49853628873825,32.744407653808594
stim_69_harmonic.wav,50.00000238418579,49.999998807907104,45.6781268119812,28.779948949813843
stim_69_harmonic.wav,90.0,0.0,55.038135051727295,33.646942377090454
stim_69_harmonic.wav,80.00000059604645,10.000000298023224,53.167465925216675,20.97445249557495
stim_69_harmonic.wav,40.000000298023224,0.0,41.508230566978455,14.47899878025055
stim_69_harmonic.wav,10.000000074505806,0.0,12.491074204444885,31.79446578025818
stim_69_harmonic.wav,35.00000059604645,49.999998807907104,33.785313963890076,35.34076452255249
stim_69_harmonic.wav,45.0,30.0,51.45223617553711,24.97106909751892
stim_69_harmonic.wav,80.00000059604645,0.0,53.773977756500244,20.180148482322693
stim_69_harmonic.wav,60.00000178813934,20.000000596046448,65.37970304489136,26.573885679244995
stim_69_harmonic.wav,30.00000089406967,20.000000596046448,37.10884988307953,29.47767198085785
stim_69_harmonic.wav,50.00000238418579,0.0,46.117215156555176,22.144832611083984
stim_69_harmonic.wav,84.99999761581421,10.000000298023224,82.69961714744568,5.606714487075806
stim_69_harmonic.wav,84.99999761581421,30.0,77.72183418273926,37.95502066612244
stim_69_harmonic.wav,54.99999940395355,30.0,61.639673709869385,32.45870232582092
stim_69_harmonic.wav,20.000000149011612,20.000000596046448,46.65924668312073,26.037322282791138
stim_69_harmonic.wav,60.00000178813934,60.0,38.0430069565773,35.518813133239746
stim_69_harmonic.wav,80.00000059604645,60.0,46.34003162384033,33.585355281829834
stim_69_harmonic.wav,50.00000238418579,20.000000596046448,48.643110394477844,24.49101984500885
stim_69_harmonic.wav,40.000000298023224,60.0,34.765838384628296,31.274914741516113
stim_69_harmonic.wav,0.0,49.999998807907104,26.623799800872803,29.23225700855255
stim_69_harmonic.wav,15.000000447034836,0.0,31.96325719356537,30.683351755142212
stim_69_harmonic.wav,0.0,0.0,12.822061479091644,29.122130870819092
stim_69_harmonic.wav,0.0,60.0,9.418963193893433,29.820696115493774
stim_69_harmonic.wav,40.000000298023224,20.000000596046448,51.69021248817444,28.575904369354248
stim_69_harmonic.wav,10.000000074505806,0.0,10.865172743797302,36.46371245384216
stim_69_harmonic.wav,54.99999940395355,20.000000596046448,58.10166835784912,24.706669449806213
stim_69_harmonic.wav,84.99999761581421,30.0,77.26088047027588,29.048320055007935
stim_69_harmonic.wav,70.0000011920929,40.000001192092896,55.97239673137665,29.13399338722229
stim_69_harmonic.wav,54.99999940395355,0.0,45.07093369960785,22.796484231948853
stim_69_harmonic.wav,50.00000238418579,10.000000298023224,44.57089215517044,25.64043939113617
stim_69_harmonic.wav,10.000000074505806,60.0,19.934048652648926,30.10183095932007
stim_69_harmonic.wav,84.99999761581421,20.000000596046448,72.01464056968689,15.034185647964478
stim_69_harmonic.wav,54.99999940395355,20.000000596046448,65.08697748184204,30.791795253753662
stim_69_harmonic.wav,54.99999940395355,60.0,41.495144069194794,25.859280824661255
stim_69_harmonic.wav,60.00000178813934,49.999998807907104,47.162214517593384,27.588175535202026
stim_69_harmonic.wav,25.000001192092896,30.0,45.38874864578247,24.013193249702454
stim_69_harmonic.wav,40.000000298023224,30.0,41.62866711616516,27.605279088020325
stim_69_harmonic.wav,84.99999761581421,20.000000596046448,50.19546568393707,29.598530530929565
stim_69_harmonic.wav,90.0,20.000000596046448,43.12401473522186,29.699812531471252
stim_69_harmonic.wav,40.000000298023224,20.000000596046448,53.592402935028076,20.238025188446045
stim_69_harmonic.wav,80.00000059604645,60.0,41.32124841213226,29.151878356933594
stim_69_harmonic.wav,74.99999821186066,60.0,51.7745840549469,38.51436138153076
stim_69_harmonic.wav,0.0,40.000001192092896,24.338348507881165,26.18048071861267
stim_69_harmonic.wav,84.99999761581421,20.000000596046448,50.146740674972534,25.92384159564972
stim_69_harmonic.wav,10.000000074505806,20.000000596046448,28.64783227443695,33.203204870224
stim_69_harmonic.wav,45.0,40.000001192092896,43.836323618888855,31.990095376968384
stim_69_harmonic.wav,84.99999761581421,60.0,43.06206911802292,23.5446560382843
stim_69_harmonic.wav,74.99999821186066,40.000001192092896,67.60640323162079,35.830832719802856
stim_69_harmonic.wav,20.000000149011612,40.000001192092896,30.799028277397156,44.31565046310425
stim_69_harmonic.wav,0.0,10.000000298023224,47.10196673870087,31.7802894115448
stim_69_harmonic.wav,54.99999940395355,20.000000596046448,51.88076734542847,27.74817645549774
stim_69_harmonic.wav,25.000001192092896,60.0,16.23737722635269,38.641040325164795
stim_69_harmonic.wav,10.000000074505806,30.0,24.321297705173492,28.724273443222046
stim_69_harmonic.wav,10.000000074505806,60.0,26.28120392560959,33.89081597328186
stim_69_harmonic.wav,84.99999761581421,30.0,59.5858097076416,31.062040328979492
stim_69_harmonic.wav,84.99999761581421,40.000001192092896,50.884573459625244,28.16002070903778
stim_69_harmonic.wav,60.00000178813934,0.0,50.359455943107605,21.58155083656311
stim_69_harmonic.wav,50.00000238418579,60.0,31.74526333808899,42.666449546813965
stim_69_harmonic.wav,0.0,60.0,28.44445914030075,31.87502145767212
stim_69_harmonic.wav,25.000001192092896,40.000001192092896,47.08873808383942,30.226879119873047
stim_69_harmonic.wav,74.99999821186066,20.000000596046448,68.00670683383942,15.240980386734009
stim_69_harmonic.wav,25.000001192092896,0.0,46.06622636318207,25.393624305725098
stim_69_harmonic.wav,0.0,0.0,23.61513912677765,33.67441177368164
stim_69_harmonic.wav,60.00000178813934,30.0,64.21457290649414,24.738364219665527
stim_69_harmonic.wav,0.0,40.000001192092896,17.800726890563965,27.69333064556122
stim_89_harmonic.wav,45.0,30.0,41.992095708847046,26.170023679733276
stim_89_harmonic.wav,15.000000447034836,49.999998807907104,40.298573076725006,26.374871134757996
stim_89_harmonic.wav,80.00000059604645,10.000000298023224,48.60333323478699,30.342957973480225
stim_89_harmonic.wav,70.0000011920929,30.0,42.9894483089447,25.960228443145752
stim_89_harmonic.wav,60.00000178813934,60.0,40.94747722148895,26.39815628528595
stim_89_harmonic.wav,64.9999988079071,20.000000596046448,57.66144812107086,30.913420915603638
stim_89_harmonic.wav,74.99999821186066,60.0,45.05989909172058,39.813408851623535
stim_89_harmonic.wav,84.99999761581421,0.0,47.0950573682785,24.473538994789124
stim_89_harmonic.wav,70.0000011920929,60.0,39.83407884836197,26.348571181297302
stim_89_harmonic.wav,50.00000238418579,60.0,40.91095894575119,26.232950091362
stim_89_harmonic.wav,15.000000447034836,40.000001192092896,21.2845516204834,27.086264491081238
stim_89_harmonic.wav,20.000000149011612,40.000001192092896,40.83968997001648,26.238664984703064
stim_89_harmonic.wav,40.000000298023224,49.999998807907104,40.78161209821701,26.233978271484375
stim_89_harmonic.wav,25.000001192092896,60.0,40.492346584796906,26.312087774276733
stim_89_harmonic.wav,64.9999988079071,40.000001192092896,43.90432834625244,27.45673656463623
stim_89_harmonic.wav,45.0,60.0,36.38399362564087,38.39162349700928
stim_89_harmonic.wav,25.000001192092896,49.999998807907104,40.54663449525833,26.237751245498657
stim_89_harmonic.wav,15.000000447034836,49.999998807907104,39.37412291765213,26.351258754730225
stim_89_harmonic.wav,40.000000298023224,20.000000596046448,40.91011941432953,27.86627948284149
stim_89_harmonic.wav,90.0,20.000000596046448,41.603878140449524,26.370297074317932
stim_89_harmonic.wav,5.000000037252903,30.0,40.28193801641464,26.309457421302795
stim_89_harmonic.wav,5.000000037252903,30.0,21.08738511800766,32.01740741729736
stim_89_harmonic.wav,84.99999761581421,30.0,48.538488149642944,32.01297998428345
stim_89_harmonic.wav,50.00000238418579,0.0,42.06011921167374,26.65528893470764
stim_89_harmonic.wav,25.000001192092896,20.000000596046448,38.97686630487442,27.66128897666931
stim_89_harmonic.wav,5.000000037252903,40.000001192092896,41.03127747774124,26.24265968799591
stim_89_harmonic.wav,40.000000298023224,40.000001192092896,45.354904532432556,36.03476285934448
stim_89_harmonic.wav,60.00000178813934,40.000001192092896,58.80204677581787,33.15693140029907
stim_89_harmonic.wav,80.00000059604645,20.000000596046448,43.40757519006729,25.22292137145996
stim_89_harmonic.wav,25.000001192092896,49.999998807907104,37.079139053821564,34.5817494392395
stim_89_harmonic.wav,84.99999761581421,49.999998807907104,65.62487840652466,36.05254411697388
stim_89_harmonic.wav,45.0,30.0,42.24614918231964,26.238631010055542
stim_89_harmonic.wav,0.0,60.0,38.08240056037903,26.800196170806885
stim_89_harmonic.wav,60.00000178813934,0.0,44.45000499486923,24.311744570732117
stim_89_harmonic.wav,80.00000059604645,49.999998807907104,62.085092067718506,30.81528067588806
stim_89_harmonic.wav,64.9999988079071,20.000000596046448,45.52887797355652,25.636857748031616
stim_89_harmonic.wav,5.000000037252903,0.0,37.31931209564209,26.720375418663025
stim_89_harmonic.wav,25.000001192092896,49.999998807907104,41.09292536973953,26.475155353546143
stim_89_harmonic.wav,50.00000238418579,40.000001192092896,40.286715030670166,26.32109820842743
stim_89_harmonic.wav,54.99999940395355,49.999998807907104,48.86748790740967,33.635451793670654
stim_89_harmonic.wav,5.000000037252903,40.000001192092896,20.594353526830673,31.36456847190857
stim_89_harmonic.wav,15.000000447034836,60.0,40.94217449426651,26.25770330429077
stim_89_harmonic.wav,40.000000298023224,49.999998807907104,40.701317489147186,26.285013556480408
stim_89_harmonic.wav,10.000000074505806,40.000001192092896,27.66871601343155,27.372071743011475
stim_89_harmonic.wav,30.00000089406967,60.0,41.278909742832184,26.272618174552917
stim_89_harmonic.wav,45.0,49.999998807907104,42.24426627159119,28.437028527259827
stim_89_harmonic.wav,35.00000059604645,0.0,40.07158577442169,26.30706489086151
stim_89_harmonic.wav,50.00000238418579,49.999998807907104,51.47239029407501,28.44058334827423
stim_89_harmonic.wav,35.00000059604645,40.000001192092896,40.797091126441956,26.26494526863098
stim_89_harmonic.wav,84.99999761581421,30.0,41.607810258865356,26.14435851573944
stim_89_harmonic.wav,0.0,0.0,40.23647457361221,26.063125133514404
stim_89_harmonic.wav,10.000000074505806,20.000000596046448,43.02199959754944,26.322823762893677
stim_89_harmonic.wav,10.000000074505806,0.0,40.27455925941467,26.208382844924927
stim_89_harmonic.wav,40.000000298023224,40.000001192092896,43.753910064697266,35.55426836013794
stim_89_harmonic.wav,50.00000238418579,60.0,42.192376255989075,26.438902616500854
stim_89_harmonic.wav,54.99999940395355,40.000001192092896,57.35819756984711,29.702040553092957
stim_89_harmonic.wav,80.00000059604645,20.000000596046448,40.365263521671295,26.37811839580536
stim_89_harmonic.wav,20.000000149011612,40.000001192092896,40.72153329849243,26.28780484199524
stim_89_harmonic.wav,50.00000238418579,20.000000596046448,41.173005402088165,26.8599271774292
stim_89_harmonic.wav,30.00000089406967,30.0,41.91099375486374,39.29655075073242
stim_89_harmonic.wav,60.00000178813934,60.0,41.27308398485184,26.357340216636658
stim_89_harmonic.wav,35.00000059604645,60.0,40.890332758426666,26.315765976905823
stim_89_harmonic.wav,50.00000238418579,30.0,40.05661368370056,26.777561902999878
stim_89_harmonic.wav,5.000000037252903,10.000000298023224,22.79110550880432,34.86761927604675
stim_89_harmonic.wav,5.000000037252903,60.0,18.929885923862457,31.424953937530518
stim_89_harmonic.wav,80.00000059604645,0.0,52.09850370883942,23.250659108161926
stim_89_harmonic.wav,60.00000178813934,0.0,49.25023376941681,25.355290174484253
stim_89_harmonic.wav,20.000000149011612,10.000000298023224,40.830921828746796,26.24638259410858
stim_89_harmonic.wav,5.000000037252903,30.0,40.5155074596405,26.34394347667694
stim_89_harmonic.wav,10.000000074505806,30.0,18.075304627418518,26.617798805236816
stim_89_harmonic.wav,15.000000447034836,40.000001192092896,31.6141676902771,29.43394660949707
stim_89_harmonic.wav,50.00000238418579,49.999998807907104,41.290394961833954,26.521081924438477
stim_89_harmonic.wav,70.0000011920929,20.000000596046448,40.3117373585701,27.231504321098328
stim_89_harmonic.wav,54.99999940395355,0.0,54.515007734298706,27.75843858718872
stim_89_harmonic.wav,50.00000238418579,20.000000596046448,48.803860545158386,29.94319796562195
stim_89_harmonic.wav,20.000000149011612,10.000000298023224,41.47771775722504,26.23513162136078
stim_89_harmonic.wav,20.000000149011612,20.000000596046448,39.90141838788986,26.3616281747818
stim_89_harmonic.wav,84.99999761581421,60.0,41.24261677265167,26.781747937202454
stim_89_harmonic.wav,64.9999988079071,30.0,43.74238729476929,23.737286925315857
stim_89_harmonic.wav,25.000001192092896,0.0,33.690422773361206,27.77915060520172
stim_89_harmonic.wav,10.000000074505806,0.0,19.755809158086777,26.07999622821808
stim_89_harmonic.wav,45.0,40.000001192092896,44.822730123996735,32.1147358417511
stim_89_harmonic.wav,5.000000037252903,49.999998807907104,23.773609399795532,29.498407244682312
stim_89_harmonic.wav,80.00000059604645,40.000001192092896,41.30055248737335,26.672953963279724
stim_89_harmonic.wav,74.99999821186066,40.000001192092896,52.543755769729614,29.165902733802795
stim_89_harmonic.wav,40.000000298023224,10.000000298023224,49.0634822845459,27.018901705741882
stim_89_harmonic.wav,5.000000037252903,20.000000596046448,40.92871516942978,25.87384521961212
stim_89_harmonic.wav,5.000000037252903,60.0,40.18370747566223,26.429173350334167
stim_89_harmonic.wav,30.00000089406967,10.000000298023224,41.00782424211502,26.18051290512085
stim_89_harmonic.wav,20.000000149011612,40.000001192092896,41.70376896858215,26.22172236442566
stim_89_harmonic.wav,5.000000037252903,0.0,36.90329611301422,26.327210068702698
stim_89_harmonic.wav,54.99999940395355,0.0,47.66867458820343,30.324504375457764
stim_89_harmonic.wav,0.0,10.000000298023224,35.38172721862793,29.745805263519287
stim_89_harmonic.wav,20.000000149011612,0.0,37.14071184396744,32.21734285354614
stim_89_harmonic.wav,50.00000238418579,10.000000298023224,56.92172706127167,23.489527702331543
stim_89_harmonic.wav,84.99999761581421,0.0,49.999417662620544,20.979831218719482
stim_89_harmonic.wav,80.00000059604645,0.0,50.19278883934021,23.47793698310852
stim_89_harmonic.wav,0.0,30.0,35.602711737155914,29.076756834983826
stim_89_harmonic.wav,10.000000074505806,49.999998807907104,41.323925256729126,26.238133907318115
stim_89_harmonic.wav,45.0,49.999998807907104,40.8863765001297,26.37218177318573
stim_89_harmonic.wav,5.000000037252903,20.000000596046448,29.754954278469086,29.858640432357788
stim_89_harmonic.wav,25.000001192092896,20.000000596046448,35.94511717557907,33.837268352508545
stim_89_harmonic.wav,0.0,20.000000596046448,34.19329136610031,22.825652360916138
stim_89_harmonic.wav,30.00000089406967,49.999998807907104,40.96350073814392,26.34958326816559
stim_89_harmonic.wav,50.00000238418579,60.0,40.9794545173645,26.271404027938843
stim_89_harmonic.wav,64.9999988079071,10.000000298023224,41.23497784137726,26.227580308914185
stim_89_harmonic.wav,50.00000238418579,0.0,43.031290769577026,27.053534388542175
stim_89_harmonic.wav,5.000000037252903,30.0,24.725536108016968,31.00106120109558
stim_89_harmonic.wav,0.0,30.0,25.715062022209167,28.98649513721466
stim_89_harmonic.wav,10.000000074505806,49.999998807907104,16.596675217151642,31.258939504623413
stim_89_harmonic.wav,54.99999940395355,0.0,50.93502581119537,23.52449119091034
stim_89_harmonic.wav,40.000000298023224,49.999998807907104,39.88229423761368,26.47461175918579
stim_89_harmonic.wav,25.000001192092896,20.000000596046448,40.74027121067047,26.245835423469543
stim_89_harmonic.wav,64.9999988079071,40.000001192092896,41.19977653026581,26.89012885093689
stim_89_harmonic.wav,70.0000011920929,40.000001192092896,40.58578670024872,26.768508553504944
stim_89_harmonic.wav,40.000000298023224,30.0,40.35847216844559,26.153841018676758
stim_89_harmonic.wav,35.00000059604645,60.0,43.27211022377014,27.763599157333374
stim_89_harmonic.wav,15.000000447034836,10.000000298023224,40.40541619062424,26.269211769104004
stim_89_harmonic.wav,25.000001192092896,40.000001192092896,37.11253523826599,38.399094343185425
stim_89_harmonic.wav,84.99999761581421,20.000000596046448,41.952514350414276,25.987631678581238
stim_93_harmonic.wav,40.000000298023224,40.000001192092896,43.041826486587524,28.664830327033997
stim_93_harmonic.wav,80.00000059604645,60.0,40.17581105232239,30.76690435409546
stim_93_harmonic.wav,10.000000074505806,49.999998807907104,36.167389154434204,27.46924638748169
stim_93_harmonic.wav,15.000000447034836,40.000001192092896,41.14863485097885,26.046568751335144
stim_93_harmonic.wav,54.99999940395355,10.000000298023224,45.20768344402313,25.91104745864868
stim_93_harmonic.wav,70.0000011920929,49.999998807907104,41.20828449726105,27.235926389694214
stim_93_harmonic.wav,64.9999988079071,10.000000298023224,54.96218025684357,38.65211248397827
stim_93_harmonic.wav,74.99999821186066,49.999998807907104,55.249401926994324,31.05415105819702
stim_93_harmonic.wav,35.00000059604645,60.0,41.419714987277985,23.31911265850067
stim_93_harmonic.wav,30.00000089406967,60.0,39.2674595117569,26.379974484443665
stim_93_harmonic.wav,25.000001192092896,60.0,38.77404034137726,26.218568086624146
stim_93_harmonic.wav,30.00000089406967,0.0,49.89372253417969,43.27885150909424
stim_93_harmonic.wav,35.00000059604645,60.0,42.03061759471893,25.880359411239624
stim_93_harmonic.wav,64.9999988079071,40.000001192092896,52.28173613548279,30.527894496917725
stim_93_harmonic.wav,5.000000037252903,49.999998807907104,40.808230340480804,26.28556787967682
stim_93_harmonic.wav,64.9999988079071,49.999998807907104,45.834842920303345,24.002820253372192
stim_93_harmonic.wav,84.99999761581421,30.0,43.937678933143616,27.507154941558838
stim_93_harmonic.wav,5.000000037252903,20.000000596046448,41.19660884141922,26.180314421653748
stim_93_harmonic.wav,20.000000149011612,10.000000298023224,41.20437651872635,26.112365126609802
stim_93_harmonic.wav,54.99999940395355,10.000000298023224,39.88028794527054,26.04818344116211
stim_93_harmonic.wav,20.000000149011612,60.0,39.99288707971573,27.046342492103577
stim_93_harmonic.wav,64.9999988079071,0.0,51.53430104255676,35.52429914474487
stim_93_harmonic.wav,50.00000238418579,49.999998807907104,39.621224105358124,26.359641551971436
stim_93_harmonic.wav,80.00000059604645,30.0,40.74453055858612,26.28069519996643
stim_93_harmonic.wav,70.0000011920929,0.0,49.04788792133331,35.33810377120972
stim_93_harmonic.wav,60.00000178813934,30.0,41.19016081094742,26.169158220291138
stim_93_harmonic.wav,45.0,30.0,39.536935687065125,26.46091639995575
stim_93_harmonic.wav,10.000000074505806,10.000000298023224,30.19962966442108,33.27388644218445
stim_93_harmonic.wav,30.00000089406967,0.0,43.80075216293335,27.773836255073547
stim_93_harmonic.wav,35.00000059604645,40.000001192092896,41.35458022356033,25.45686185359955
stim_93_harmonic.wav,45.0,20.000000596046448,40.92289477586746,26.25727951526642
stim_93_harmonic.wav,20.000000149011612,40.000001192092896,41.5801540017128,25.99954068660736
stim_93_harmonic.wav,70.0000011920929,40.000001192092896,39.64522182941437,25.684415102005005
stim_93_harmonic.wav,84.99999761581421,10.000000298023224,39.78230684995651,25.418145060539246
stim_93_harmonic.wav,5.000000037252903,20.000000596046448,28.364006280899048,30.097761154174805
stim_93_harmonic.wav,54.99999940395355,10.000000298023224,39.89163100719452,26.339646577835083
stim_93_harmonic.wav,5.000000037252903,20.000000596046448,40.702489614486694,26.267150044441223
stim_93_harmonic.wav,25.000001192092896,60.0,34.217069149017334,26.219455003738403
stim_93_harmonic.wav,45.0,60.0,41.57669126987457,26.1301589012146
stim_93_harmonic.wav,45.0,20.000000596046448,40.66459000110626,26.272743344306946
stim_93_harmonic.wav,15.000000447034836,0.0,35.45244365930557,21.768325567245483
stim_93_harmonic.wav,74.99999821186066,40.000001192092896,44.37274396419525,27.893308997154236
stim_93_harmonic.wav,74.99999821186066,60.0,41.87205612659454,26.837289333343506
stim_93_harmonic.wav,25.000001192092896,20.000000596046448,37.98841595649719,25.809693932533264
stim_93_harmonic.wav,10.000000074505806,0.0,27.737986743450165,32.48602867126465
stim_93_harmonic.wav,45.0,49.999998807907104,39.75806504487991,27.00826406478882
stim_93_harmonic.wav,84.99999761581421,10.000000298023224,37.70154029130936,25.64348816871643
stim_93_harmonic.wav,64.9999988079071,10.000000298023224,55.973464250564575,36.69633150100708
stim_93_harmonic.wav,40.000000298023224,40.000001192092896,42.46892273426056,27.41020381450653
stim_93_harmonic.wav,30.00000089406967,49.999998807907104,35.30972331762314,19.717369079589844
stim_93_harmonic.wav,35.00000059604645,49.999998807907104,36.312963366508484,23.29312562942505
stim_93_harmonic.wav,54.99999940395355,49.999998807907104,42.47909635305405,31.867411136627197
stim_93_harmonic.wav,15.000000447034836,10.000000298023224,41.41576141119003,26.164162158966064
stim_93_harmonic.wav,15.000000447034836,60.0,41.31626486778259,26.486032605171204
stim_93_harmonic.wav,5.000000037252903,30.0,39.72930371761322,26.407379508018494
stim_93_harmonic.wav,35.00000059604645,60.0,41.42500162124634,26.178118586540222
stim_93_harmonic.wav,54.99999940395355,49.999998807907104,44.760956168174744,28.47907841205597
stim_93_harmonic.wav,40.000000298023224,40.000001192092896,37.61799484491348,28.649879693984985
stim_93_harmonic.wav,0.0,30.0,34.99638766050339,26.873878240585327
stim_93_harmonic.wav,5.000000037252903,0.0,29.379292130470276,29.747663140296936
stim_93_harmonic.wav,30.00000089406967,0.0,40.04167377948761,26.336522698402405
stim_93_harmonic.wav,74.99999821186066,0.0,48.707032799720764,27.657190561294556
stim_93_harmonic.wav,50.00000238418579,40.000001192092896,36.638382375240326,32.06536531448364
stim_93_harmonic.wav,35.00000059604645,30.0,39.324582517147064,28.14610004425049
stim_93_harmonic.wav,25.000001192092896,60.0,40.65456122159958,26.098415851593018
stim_93_harmonic.wav,90.0,20.000000596046448,41.3885235786438,26.830912828445435
stim_93_harmonic.wav,60.00000178813934,40.000001192092896,41.02663725614548,26.12303137779236
stim_93_harmonic.wav,80.00000059604645,30.0,38.75052809715271,26.50144100189209
stim_93_harmonic.wav,90.0,0.0,37.94511705636978,26.546573638916016
stim_93_harmonic.wav,45.0,10.000000298023224,40.46015739440918,26.275271773338318
stim_93_harmonic.wav,10.000000074505806,10.000000298023224,40.430293679237366,26.282343864440918
stim_93_harmonic.wav,20.000000149011612,20.000000596046448,39.33410167694092,26.483729481697083
stim_93_harmonic.wav,25.000001192092896,49.999998807907104,44.25209015607834,24.66574251651764
stim_93_harmonic.wav,90.0,0.0,39.10553991794586,25.78698456287384
stim_93_harmonic.wav,84.99999761581421,20.000000596046448,40.36244451999664,25.401436686515808
stim_93_harmonic.wav,60.00000178813934,40.000001192092896,40.299603044986725,25.79483449459076
stim_93_harmonic.wav,60.00000178813934,49.999998807907104,40.883983969688416,28.906704783439636
stim_93_harmonic.wav,50.00000238418579,0.0,41.042896807193756,26.26251518726349
stim_93_harmonic.wav,20.000000149011612,60.0,40.601091384887695,26.326205134391785
stim_93_harmonic.wav,15.000000447034836,60.0,41.10789209604263,26.20418071746826
stim_93_harmonic.wav,60.00000178813934,60.0,39.91632342338562,27.547212839126587
stim_93_harmonic.wav,70.0000011920929,49.999998807907104,37.51689165830612,25.906839966773987
stim_93_harmonic.wav,60.00000178813934,30.0,40.56585252285004,26.288191080093384
stim_93_harmonic.wav,70.0000011920929,49.999998807907104,44.40710037946701,29.47257399559021
stim_93_harmonic.wav,54.99999940395355,49.999998807907104,37.07421451807022,26.823463439941406
stim_93_harmonic.wav,50.00000238418579,40.000001192092896,38.97676169872284,26.367904543876648
stim_93_harmonic.wav,35.00000059604645,10.000000298023224,37.76539832353592,30.12129306793213
stim_93_harmonic.wav,25.000001192092896,0.0,40.534527003765106,25.76732575893402
stim_93_harmonic.wav,15.000000447034836,30.0,27.260958552360535,34.06928300857544
stim_93_harmonic.wav,80.00000059604645,49.999998807907104,40.06832152605057,25.785099864006042
stim_93_harmonic.wav,0.0,20.000000596046448,28.077865540981293,28.287878036499023
stim_93_harmonic.wav,84.99999761581421,10.000000298023224,40.05940854549408,27.79386878013611
stim_93_harmonic.wav,5.000000037252903,10.000000298023224,29.4470876455307,30.283108949661255
stim_93_harmonic.wav,90.0,10.000000298023224,39.16540414094925,28.37400734424591
stim_93_harmonic.wav,40.000000298023224,49.999998807907104,40.55830478668213,25.913888812065125
stim_93_harmonic.wav,84.99999761581421,0.0,40.49777269363403,26.22236967086792
stim_93_harmonic.wav,15.000000447034836,0.0,40.23403912782669,26.31561577320099
stim_93_harmonic.wav,54.99999940395355,0.0,44.728453159332275,28.938050866127014
stim_93_harmonic.wav,25.000001192092896,20.000000596046448,39.76621091365814,26.289140582084656
stim_93_harmonic.wav,74.99999821186066,10.000000298023224,40.43217122554779,26.434696912765503
stim_93_harmonic.wav,54.99999940395355,49.999998807907104,39.287511706352234,26.405734419822693
stim_93_harmonic.wav,35.00000059604645,40.000001192092896,40.012105107307434,26.215728521347046
stim_93_harmonic.wav,30.00000089406967,60.0,41.279990673065186,26.270390152931213
stim_93_harmonic.wav,5.000000037252903,30.0,25.30410200357437,32.45014429092407
stim_93_harmonic.wav,80.00000059604645,10.000000298023224,40.38290172815323,25.567442178726196
stim_93_harmonic.wav,54.99999940395355,60.0,33.16809207201004,22.61866807937622
stim_93_harmonic.wav,15.000000447034836,30.0,39.94799762964249,26.380938291549683
stim_93_harmonic.wav,5.000000037252903,60.0,42.99631476402283,26.78555130958557
stim_93_harmonic.wav,0.0,0.0,27.571861445903778,28.737178444862366
stim_93_harmonic.wav,0.0,40.000001192092896,39.24607962369919,26.70411229133606
stim_93_harmonic.wav,45.0,20.000000596046448,40.2191099524498,26.295747756958008
stim_93_harmonic.wav,74.99999821186066,60.0,41.28353387117386,28.719624280929565
stim_93_harmonic.wav,20.000000149011612,10.000000298023224,40.85407465696335,26.12974226474762
stim_93_harmonic.wav,40.000000298023224,0.0,41.377792060375214,26.176908016204834
stim_93_harmonic.wav,60.00000178813934,0.0,47.84826457500458,28.38831067085266
stim_93_harmonic.wav,70.0000011920929,60.0,37.42245376110077,26.236780285835266
stim_93_harmonic.wav,40.000000298023224,20.000000596046448,40.8364874124527,26.314659118652344
stim_93_harmonic.wav,20.000000149011612,30.0,40.93856692314148,26.21152639389038
stim_93_harmonic.wav,80.00000059604645,49.999998807907104,41.917186975479126,24.93886113166809
stim_93_harmonic.wav,10.000000074505806,30.0,40.44236361980438,26.070678234100342
stim_93_harmonic.wav,45.0,40.000001192092896,40.948783457279205,25.84043562412262
stim_93_harmonic.wav,50.00000238418579,10.000000298023224,40.441674292087555,26.096574068069458
stim_93_harmonic.wav,20.000000149011612,10.000000298023224,37.41971254348755,20.49809217453003
stim_93_harmonic.wav,0.0,30.0,40.025580525398254,26.34392023086548
stim_93_harmonic.wav,25.000001192092896,0.0,40.93800634145737,26.203776597976685
stim_93_harmonic.wav,30.00000089406967,40.000001192092896,38.38506907224655,26.4487624168396
stim_93_harmonic.wav,50.00000238418579,40.000001192092896,38.63311171531677,26.0538250207901
stim_93_harmonic.wav,60.00000178813934,20.000000596046448,40.86057364940643,26.25938057899475
stim_93_harmonic.wav,45.0,30.0,40.30860722064972,26.314022541046143
stim_93_harmonic.wav,80.00000059604645,40.000001192092896,40.1929771900177,26.110435724258423
stim_93_harmonic.wav,15.000000447034836,60.0,39.03430312871933,26.361708641052246
stim_93_harmonic.wav,25.000001192092896,20.000000596046448,39.24697011709213,26.96972966194153
stim_93_harmonic.wav,90.0,30.0,53.637394309043884,32.118637561798096
stim_93_harmonic.wav,50.00000238418579,20.000000596046448,44.590662717819214,26.735658645629883
stim_93_harmonic.wav,35.00000059604645,49.999998807907104,42.08246469497681,26.45330250263214
stim_75_harmonic.wav,84.99999761581421,30.0,72.3195219039917,26.159459352493286
stim_75_harmonic.wav,15.000000447034836,20.000000596046448,16.876367926597595,20.359840393066406
stim_75_harmonic.wav,54.99999940395355,30.0,48.583163022994995,30.29023289680481
stim_75_harmonic.wav,80.00000059604645,20.000000596046448,48.43802332878113,23.5573947429657
stim_75_harmonic.wav,84.99999761581421,0.0,45.74748337268829,24.10057246685028
stim_75_harmonic.wav,50.00000238418579,10.000000298023224,56.33040189743042,16.95732593536377
stim_75_harmonic.wav,45.0,0.0,42.586255967617035,26.493651866912842
stim_75_harmonic.wav,50.00000238418579,0.0,48.841314911842346,26.931699514389038
stim_75_harmonic.wav,50.00000238418579,20.000000596046448,40.75861483812332,28.237493634223938
stim_75_harmonic.wav,25.000001192092896,10.000000298023224,48.10740351676941,24.257562160491943
stim_75_harmonic.wav,10.000000074505806,49.999998807907104,30.154412984848022,28.275652527809143
stim_75_harmonic.wav,35.00000059604645,30.0,44.022570848464966,24.071452617645264
stim_75_harmonic.wav,54.99999940395355,49.999998807907104,42.84713834524155,31.48394465446472
stim_75_harmonic.wav,70.0000011920929,0.0,47.10769057273865,24.90016758441925
stim_75_harmonic.wav,40.000000298023224,0.0,46.50564193725586,18.77814531326294
stim_75_harmonic.wav,84.99999761581421,49.999998807907104,53.047120571136475,22.303664088249207
stim_75_harmonic.wav,40.000000298023224,0.0,37.450388967990875,25.81550896167755
stim_75_harmonic.wav,20.000000149011612,40.000001192092896,32.517127990722656,30.74212074279785
stim_75_harmonic.wav,40.000000298023224,40.000001192092896,43.176870346069336,34.79739189147949
stim_75_harmonic.wav,54.99999940395355,0.0,56.962453722953796,17.695675492286682
stim_75_harmonic.wav,64.9999988079071,10.000000298023224,42.65458524227142,25.619291067123413
stim_75_harmonic.wav,15.000000447034836,10.000000298023224,38.28154116868973,27.441042065620422
stim_75_harmonic.wav,0.0,30.0,22.532122135162354,28.86671483516693
stim_75_harmonic.wav,15.000000447034836,49.999998807907104,29.893251657485962,27.105767726898193
stim_75_harmonic.wav,30.00000089406967,60.0,31.058692932128906,38.28300476074219
stim_75_harmonic.wav,50.00000238418579,30.0,43.056919276714325,23.241623640060425
stim_75_harmonic.wav,45.0,30.0,47.47411251068115,27.85660743713379
stim_75_harmonic.wav,20.000000149011612,20.000000596046448,42.00217545032501,25.554437041282654
stim_75_harmonic.wav,10.000000074505806,20.000000596046448,41.77197754383087,28.872891068458557
stim_75_harmonic.wav,15.000000447034836,30.0,30.6612566113472,28.418365716934204
stim_75_harmonic.wav,70.0000011920929,20.000000596046448,41.3689649105072,25.975772738456726
stim_75_harmonic.wav,80.00000059604645,10.000000298023224,52.73338258266449,22.450339794158936
stim_75_harmonic.wav,80.00000059604645,20.000000596046448,48.47572982311249,25.444107055664062
stim_75_harmonic.wav,90.0,40.000001192092896,70.06247520446777,32.09653973579407
stim_75_harmonic.wav,74.99999821186066,40.000001192092896,61.3271427154541,29.7218120098114
stim_75_harmonic.wav,70.0000011920929,0.0,41.19018495082855,25.72583019733429
stim_75_harmonic.wav,54.99999940395355,10.000000298023224,53.47775459289551,19.814305901527405
stim_75_harmonic.wav,70.0000011920929,60.0,48.71644735336304,38.85178327560425
stim_75_harmonic.wav,90.0,20.000000596046448,39.941533505916595,26.54457449913025
stim_75_harmonic.wav,90.0,40.000001192092896,71.21350765228271,34.327003955841064
stim_75_harmonic.wav,74.99999821186066,49.999998807907104,50.093064308166504,27.060404419898987
stim_75_harmonic.wav,20.000000149011612,30.0,30.870444774627686,29.879847764968872
stim_75_harmonic.wav,74.99999821186066,60.0,56.323535442352295,49.55157995223999
stim_75_harmonic.wav,54.99999940395355,20.000000596046448,44.397640228271484,26.78778648376465
stim_75_harmonic.wav,30.00000089406967,60.0,42.58795380592346,26.26547634601593
stim_75_harmonic.wav,10.000000074505806,0.0,14.187684059143066,20.736873149871826
stim_75_harmonic.wav,84.99999761581421,20.000000596046448,51.59213483333588,21.2236225605011
stim_75_harmonic.wav,10.000000074505806,49.999998807907104,32.61263608932495,28.656595945358276
stim_75_harmonic.wav,5.000000037252903,30.0,19.699392914772034,29.760392904281616
stim_75_harmonic.wav,15.000000447034836,0.0,30.0011944770813,27.478625178337097
stim_75_harmonic.wav,80.00000059604645,30.0,59.49023723602295,22.939111590385437
stim_75_harmonic.wav,54.99999940395355,40.000001192092896,40.834161937236786,26.277544498443604
stim_75_harmonic.wav,20.000000149011612,49.999998807907104,40.03643810749054,33.58725070953369
stim_75_harmonic.wav,5.000000037252903,0.0,21.716043949127197,31.449952125549316
stim_75_harmonic.wav,50.00000238418579,10.000000298023224,50.673821568489075,15.37911057472229
stim_75_harmonic.wav,54.99999940395355,10.000000298023224,46.321717500686646,26.22960090637207
stim_75_harmonic.wav,25.000001192092896,0.0,43.533343970775604,29.391167163848877
stim_75_harmonic.wav,30.00000089406967,0.0,44.11655008792877,39.53561067581177
stim_75_harmonic.wav,30.00000089406967,10.000000298023224,42.58696407079697,29.351078867912292
stim_75_harmonic.wav,70.0000011920929,0.0,43.348209857940674,24.474497437477112
stim_75_harmonic.wav,20.000000149011612,20.000000596046448,37.72665113210678,29.44093644618988
stim_75_harmonic.wav,30.00000089406967,49.999998807907104,48.30166518688202,24.845096468925476
stim_75_harmonic.wav,35.00000059604645,49.999998807907104,45.44923782348633,35.26207208633423
stim_75_harmonic.wav,40.000000298023224,60.0,48.36497604846954,25.720734000205994
stim_75_harmonic.wav,50.00000238418579,0.0,46.16709351539612,25.746241807937622
stim_75_harmonic.wav,35.00000059604645,0.0,46.50757849216461,30.55610418319702
stim_75_harmonic.wav,10.000000074505806,40.000001192092896,36.59239053726196,28.31287980079651
stim_75_harmonic.wav,90.0,49.999998807907104,51.110292077064514,27.29211688041687
stim_75_harmonic.wav,35.00000059604645,60.0,46.1994194984436,24.550395011901855
stim_75_harmonic.wav,10.000000074505806,0.0,18.20718616247177,25.894346237182617
stim_75_harmonic.wav,35.00000059604645,30.0,52.40429162979126,31.12277626991272
stim_75_harmonic.wav,80.00000059604645,20.000000596046448,45.10868310928345,25.65377175807953
stim_75_harmonic.wav,80.00000059604645,49.999998807907104,52.77390539646149,19.99289631843567
stim_75_harmonic.wav,60.00000178813934,0.0,53.39796423912048,21.75238609313965
stim_75_harmonic.wav,60.00000178813934,49.999998807907104,41.34709686040878,26.518739461898804
stim_75_harmonic.wav,30.00000089406967,49.999998807907104,36.34065181016922,37.028807401657104
stim_75_harmonic.wav,54.99999940395355,40.000001192092896,48.86893093585968,30.64702033996582
stim_75_harmonic.wav,15.000000447034836,49.999998807907104,30.977523922920227,28.49179744720459
stim_75_harmonic.wav,80.00000059604645,40.000001192092896,66.6812127828598,31.851428747177124
stim_75_harmonic.wav,84.99999761581421,49.999998807907104,59.58240330219269,32.087777853012085
stim_75_harmonic.wav,74.99999821186066,10.000000298023224,49.19675588607788,23.11417579650879
stim_75_harmonic.wav,70.0000011920929,40.000001192092896,62.14696526527405,30.5160391330719
stim_75_harmonic.wav,54.99999940395355,20.000000596046448,44.02921736240387,25.718636512756348
stim_75_harmonic.wav,35.00000059604645,0.0,42.19053894281387,29.535532593727112
stim_75_harmonic.wav,64.9999988079071,20.000000596046448,45.18650472164154,25.233067274093628
stim_75_harmonic.wav,80.00000059604645,20.000000596046448,67.56713032722473,21.58630907535553
stim_75_harmonic.wav,20.000000149011612,20.000000596046448,25.382516384124756,19.674198031425476
stim_75_harmonic.wav,5.000000037252903,0.0,7.160682678222656,34.72883462905884
stim_75_harmonic.wav,50.00000238418579,10.000000298023224,52.22621440887451,12.65428215265274
stim_75_harmonic.wav,90.0,30.0,74.61169481277466,27.261911630630493
stim_75_harmonic.wav,84.99999761581421,60.0,43.71779412031174,29.848678708076477
stim_75_harmonic.wav,60.00000178813934,49.999998807907104,46.45187973976135,23.980159163475037
stim_75_harmonic.wav,30.00000089406967,40.000001192092896,49.2210191488266,22.78050184249878
stim_75_harmonic.wav,70.0000011920929,10.000000298023224,59.11515176296234,19.503403902053833
stim_75_harmonic.wav,60.00000178813934,49.999998807907104,52.1272087097168,32.329055070877075
stim_75_harmonic.wav,64.9999988079071,60.0,45.49608528614044,42.73545742034912
stim_75_harmonic.wav,50.00000238418579,20.000000596046448,42.699260115623474,26.328041553497314
stim_75_harmonic.wav,54.99999940395355,49.999998807907104,48.65987420082092,30.075277090072632
stim_75_harmonic.wav,60.00000178813934,60.0,41.374283730983734,30.394785404205322
stim_75_harmonic.wav,20.000000149011612,0.0,30.627522468566895,28.432903289794922
stim_75_harmonic.wav,45.0,20.000000596046448,44.30833339691162,24.853452444076538
stim_75_harmonic.wav,50.00000238418579,10.000000298023224,45.104504227638245,23.074516654014587
stim_75_harmonic.wav,10.000000074505806,30.0,22.987596094608307,28.74782145023346
stim_75_harmonic.wav,5.000000037252903,30.0,31.854713559150696,28.90340030193329
stim_75_harmonic.wav,64.9999988079071,30.0,49.07171666622162,24.72476363182068
stim_75_harmonic.wav,20.000000149011612,0.0,28.541606068611145,21.92776322364807
stim_75_harmonic.wav,45.0,40.000001192092896,47.64244258403778,47.927809953689575
stim_75_harmonic.wav,80.00000059604645,0.0,50.465317368507385,21.17671251296997
stim_104_harmonic.wav,40.000000298023224,30.0,46.091487407684326,24.624937176704407
stim_104_harmonic.wav,64.9999988079071,60.0,45.50395488739014,35.216875076293945
stim_104_harmonic.wav,45.0,20.000000596046448,44.613217413425446,26.36253297328949
stim_104_harmonic.wav,35.00000059604645,60.0,41.157177686691284,26.424309611320496
stim_104_harmonic.wav,74.99999821186066,20.000000596046448,43.11659038066864,26.80582344532013
stim_104_harmonic.wav,5.000000037252903,0.0,41.64248049259186,26.445356011390686
stim_104_harmonic.wav,5.000000037252903,30.0,42.27207273244858,26.83456242084503
stim_104_harmonic.wav,84.99999761581421,20.000000596046448,40.2820748090744,26.465025544166565
stim_104_harmonic.wav,0.0,20.000000596046448,41.65536850690842,26.424529552459717
stim_104_harmonic.wav,40.000000298023224,20.000000596046448,40.76650321483612,26.66577637195587
stim_104_harmonic.wav,45.0,49.999998807907104,41.51671439409256,26.7669814825058
stim_104_harmonic.wav,90.0,10.000000298023224,39.887999296188354,26.418721675872803
stim_104_harmonic.wav,80.00000059604645,60.0,41.70778155326843,26.449177265167236
stim_104_harmonic.wav,80.00000059604645,0.0,39.061908423900604,27.47935116291046
stim_104_harmonic.wav,64.9999988079071,49.999998807907104,41.47530376911163,26.252914667129517
stim_104_harmonic.wav,10.000000074505806,30.0,43.77137929201126,27.665938138961792
stim_104_harmonic.wav,74.99999821186066,20.000000596046448,42.126857936382294,26.34513795375824
stim_104_harmonic.wav,15.000000447034836,60.0,41.57016545534134,26.227115392684937
stim_104_harmonic.wav,80.00000059604645,10.000000298023224,34.444246888160706,28.35395336151123
stim_104_harmonic.wav,84.99999761581421,0.0,43.12799245119095,32.02629089355469
stim_104_harmonic.wav,45.0,20.000000596046448,42.74925649166107,26.076714992523193
stim_104_harmonic.wav,74.99999821186066,0.0,40.85497051477432,26.258391737937927
stim_104_harmonic.wav,60.00000178813934,0.0,40.82414120435715,26.360780596733093
stim_104_harmonic.wav,40.000000298023224,0.0,41.46745026111603,26.500402092933655
stim_104_harmonic.wav,40.000000298023224,49.999998807907104,45.44469952583313,32.87134766578674
stim_104_harmonic.wav,54.99999940395355,10.000000298023224,42.42752015590668,26.642403602600098
stim_104_harmonic.wav,45.0,10.000000298023224,43.75704824924469,27.263826727867126
stim_104_harmonic.wav,60.00000178813934,20.000000596046448,41.00238740444183,26.32979393005371
stim_104_harmonic.wav,54.99999940395355,0.0,40.014100670814514,26.08540713787079
stim_104_harmonic.wav,35.00000059604645,49.999998807907104,43.221850991249084,27.202869057655334
stim_104_harmonic.wav,30.00000089406967,60.0,43.922443985939026,29.25953507423401
stim_104_harmonic.wav,5.000000037252903,0.0,40.8177387714386,26.41088604927063
stim_104_harmonic.wav,80.00000059604645,20.000000596046448,43.975779712200165,26.907840371131897
stim_104_harmonic.wav,80.00000059604645,40.000001192092896,42.242160737514496,25.558007955551147
stim_104_harmonic.wav,74.99999821186066,20.000000596046448,42.26536452770233,26.315767765045166
stim_104_harmonic.wav,60.00000178813934,20.000000596046448,41.63013964891434,26.512988805770874
stim_104_harmonic.wav,0.0,0.0,30.246530771255493,28.643996715545654
stim_104_harmonic.wav,90.0,20.000000596046448,42.09480553865433,26.53730034828186
stim_104_harmonic.wav,64.9999988079071,49.999998807907104,44.14322465658188,26.77135169506073
stim_104_harmonic.wav,30.00000089406967,20.000000596046448,43.557888865470886,26.52349054813385
stim_104_harmonic.wav,25.000001192092896,0.0,41.438651382923126,26.4254093170166
stim_104_harmonic.wav,20.000000149011612,49.999998807907104,43.67560565471649,26.858766674995422
stim_104_harmonic.wav,50.00000238418579,30.0,41.23437970876694,26.25390887260437
stim_104_harmonic.wav,5.000000037252903,40.000001192092896,31.257364153862,28.44787359237671
stim_104_harmonic.wav,40.000000298023224,30.0,42.70951956510544,26.92360281944275
stim_104_harmonic.wav,5.000000037252903,10.000000298023224,33.43095391988754,27.408530116081238
stim_104_harmonic.wav,5.000000037252903,20.000000596046448,41.30867689847946,26.315783858299255
stim_104_harmonic.wav,35.00000059604645,60.0,41.0533145070076,26.451337337493896
stim_104_harmonic.wav,54.99999940395355,40.000001192092896,37.67347902059555,26.796839833259583
stim_104_harmonic.wav,80.00000059604645,40.000001192092896,41.920732855796814,25.368931889533997
stim_104_harmonic.wav,90.0,40.000001192092896,41.08376294374466,26.2021404504776
stim_104_harmonic.wav,84.99999761581421,10.000000298023224,40.666526556015015,26.522555351257324
stim_104_harmonic.wav,74.99999821186066,0.0,41.582514345645905,26.281941533088684
stim_104_harmonic.wav,15.000000447034836,0.0,41.41454637050629,31.196422576904297
stim_104_harmonic.wav,30.00000089406967,10.000000298023224,40.43745517730713,27.275649905204773
stim_104_harmonic.wav,54.99999940395355,20.000000596046448,43.582524955272675,27.815158367156982
stim_104_harmonic.wav,54.99999940395355,10.000000298023224,41.723708510398865,26.521487832069397
stim_104_harmonic.wav,74.99999821186066,49.999998807907104,40.83014667034149,25.95673978328705
stim_104_harmonic.wav,45.0,10.000000298023224,40.993600487709045,26.35229766368866
stim_104_harmonic.wav,25.000001192092896,20.000000596046448,45.25375843048096,25.099387764930725
stim_104_harmonic.wav,0.0,10.000000298023224,41.69924408197403,26.460589170455933
stim_104_harmonic.wav,84.99999761581421,20.000000596046448,42.22778409719467,26.368605494499207
stim_104_harmonic.wav,45.0,10.000000298023224,41.68894439935684,26.411603093147278
stim_104_harmonic.wav,30.00000089406967,49.999998807907104,43.58530104160309,27.60725498199463
stim_104_harmonic.wav,80.00000059604645,60.0,41.725052297115326,26.42303466796875
stim_104_harmonic.wav,35.00000059604645,10.000000298023224,42.53760606050491,27.472296953201294
stim_104_harmonic.wav,10.000000074505806,49.999998807907104,41.26204937696457,26.29310667514801
stim_104_harmonic.wav,5.000000037252903,30.0,35.42411416769028,27.18057096004486
stim_104_harmonic.wav,25.000001192092896,30.0,40.868545174598694,26.1854088306427
stim_104_harmonic.wav,60.00000178813934,0.0,41.56656056642532,26.441128849983215
stim_104_harmonic.wav,54.99999940395355,40.000001192092896,38.31688195466995,28.50138008594513
stim_104_harmonic.wav,50.00000238418579,10.000000298023224,41.82601064443588,26.326725482940674
stim_104_harmonic.wav,25.000001192092896,40.000001192092896,49.84741151332855,26.005820631980896
stim_104_harmonic.wav,25.000001192092896,49.999998807907104,45.0941401720047,25.122798085212708
stim_104_harmonic.wav,74.99999821186066,10.000000298023224,41.58626675605774,26.29749298095703
stim_104_harmonic.wav,25.000001192092896,0.0,41.60009354352951,26.354522109031677
stim_104_harmonic.wav,30.00000089406967,40.000001192092896,41.59078359603882,26.370831727981567
stim_104_harmonic.wav,70.0000011920929,60.0,41.40802055597305,26.42530918121338
stim_104_harmonic.wav,15.000000447034836,49.999998807907104,32.37084299325943,32.385098934173584
stim_104_harmonic.wav,90.0,20.000000596046448,36.769834756851196,26.59011483192444
stim_104_harmonic.wav,40.000000298023224,49.999998807907104,43.38509291410446,29.425315260887146
stim_104_harmonic.wav,10.000000074505806,10.000000298023224,33.79962086677551,32.45481491088867
stim_104_harmonic.wav,25.000001192092896,0.0,41.25460624694824,26.397966742515564
stim_104_harmonic.wav,15.000000447034836,0.0,41.7009499669075,26.180503964424133
stim_104_harmonic.wav,60.00000178813934,60.0,41.72031819820404,26.65619194507599
stim_104_harmonic.wav,50.00000238418579,60.0,45.46050310134888,25.94785451889038
stim_104_harmonic.wav,20.000000149011612,10.000000298023224,41.438206136226654,26.309863328933716
stim_104_harmonic.wav,54.99999940395355,20.000000596046448,42.31434166431427,26.617469787597656
stim_104_harmonic.wav,5.000000037252903,60.0,32.69508183002472,29.492910504341125
stim_104_harmonic.wav,20.000000149011612,20.000000596046448,42.62466788291931,26.144624948501587
stim_104_harmonic.wav,64.9999988079071,49.999998807907104,42.147170305252075,25.090296864509583
stim_104_harmonic.wav,10.000000074505806,60.0,39.88316595554352,26.834762692451477
stim_104_harmonic.wav,20.000000149011612,20.000000596046448,39.19275462627411,25.570011734962463
stim_104_harmonic.wav,54.99999940395355,60.0,46.9675612449646,26.233495473861694
stim_104_harmonic.wav,74.99999821186066,20.000000596046448,41.40229672193527,26.378440260887146
stim_104_harmonic.wav,74.99999821186066,60.0,40.95433294773102,26.286404728889465
stim_104_harmonic.wav,40.000000298023224,20.000000596046448,41.71752333641052,26.462296843528748
stim_104_harmonic.wav,0.0,20.000000596046448,40.54200232028961,26.518574953079224
stim_104_harmonic.wav,25.000001192092896,20.000000596046448,40.69574922323227,26.380083560943604
stim_104_harmonic.wav,60.00000178813934,0.0,41.335206627845764,26.346538066864014
stim_104_harmonic.wav,54.99999940395355,10.000000298023224,41.27716362476349,26.328999996185303
stim_104_harmonic.wav,25.000001192092896,60.0,42.82078832387924,27.811743021011353
stim_104_harmonic.wav,30.00000089406967,40.000001192092896,41.92626088857651,29.608558416366577
stim_104_harmonic.wav,35.00000059604645,10.000000298023224,41.61350190639496,26.396294832229614
stim_104_harmonic.wav,45.0,10.000000298023224,40.98502278327942,28.665854930877686
stim_104_harmonic.wav,54.99999940395355,10.000000298023224,41.380495727062225,26.076924204826355
stim_104_harmonic.wav,64.9999988079071,40.000001192092896,37.996953427791595,28.75629186630249
stim_104_harmonic.wav,80.00000059604645,49.999998807907104,41.87329798936844,26.40609920024872
stim_104_harmonic.wav,20.000000149011612,60.0,40.684470534324646,26.492360830307007
stim_104_harmonic.wav,10.000000074505806,20.000000596046448,41.40828609466553,26.57349944114685
stim_104_harmonic.wav,45.0,49.999998807907104,40.37182420492172,26.328397393226624
stim_104_harmonic.wav,5.000000037252903,30.0,41.47896498441696,26.583269834518433
stim_104_harmonic.wav,60.00000178813934,0.0,42.27409243583679,26.355337500572205
stim_104_harmonic.wav,64.9999988079071,30.0,41.20356112718582,27.390176653862
stim_104_harmonic.wav,70.0000011920929,0.0,41.805996000766754,26.322240829467773
stim_104_harmonic.wav,74.99999821186066,49.999998807907104,40.525573790073395,26.305977702140808
stim_104_harmonic.wav,45.0,20.000000596046448,40.56709170341492,26.508246660232544
stim_104_harmonic.wav,84.99999761581421,49.999998807907104,42.89466440677643,27.345621585845947
stim_104_harmonic.wav,20.000000149011612,10.000000298023224,41.45991325378418,26.47809863090515
stim_104_harmonic.wav,80.00000059604645,0.0,38.46373289823532,26.97827160358429
stim_104_harmonic.wav,20.000000149011612,49.999998807907104,43.42802166938782,26.63832128047943
stim_108_harmonic.wav,10.000000074505806,40.000001192092896,41.0562327504158,26.308584809303284
stim_108_harmonic.wav,80.00000059604645,0.0,41.261295676231384,26.389507055282593
stim_108_harmonic.wav,0.0,10.000000298023224,40.167777836322784,26.435789465904236
stim_108_harmonic.wav,0.0,20.000000596046448,39.9168598651886,26.6065514087677
stim_108_harmonic.wav,70.0000011920929,49.999998807907104,41.149393916130066,26.20448648929596
stim_108_harmonic.wav,40.000000298023224,30.0,41.141586005687714,26.272628903388977
stim_108_harmonic.wav,40.000000298023224,40.000001192092896,40.476518869400024,26.394136548042297
stim_108_harmonic.wav,54.99999940395355,0.0,41.41857236623764,26.32837414741516
stim_108_harmonic.wav,64.9999988079071,0.0,41.4639875292778,26.105529069900513
stim_108_harmonic.wav,64.9999988079071,30.0,41.1347222328186,26.280781030654907
stim_108_harmonic.wav,35.00000059604645,49.999998807907104,40.970624685287476,26.331894993782043
stim_108_harmonic.wav,30.00000089406967,30.0,41.07480436563492,26.29523277282715
stim_108_harmonic.wav,64.9999988079071,49.999998807907104,40.31351298093796,26.40965223312378
stim_108_harmonic.wav,90.0,60.0,41.17896258831024,26.42934501171112
stim_108_harmonic.wav,30.00000089406967,30.0,41.347705721855164,26.295281052589417
stim_108_harmonic.wav,0.0,49.999998807907104,39.998356103897095,26.814948320388794
stim_108_harmonic.wav,10.000000074505806,20.000000596046448,40.67461609840393,26.34383976459503
stim_108_harmonic.wav,15.000000447034836,60.0,40.66151350736618,26.27767503261566
stim_108_harmonic.wav,10.000000074505806,10.000000298023224,41.269366443157196,26.25163435935974
stim_108_harmonic.wav,15.000000447034836,30.0,43.08779418468475,25.59161067008972
stim_108_harmonic.wav,30.00000089406967,30.0,41.07710838317871,26.410966515541077
stim_108_harmonic.wav,15.000000447034836,40.000001192092896,41.143039762973785,26.321956515312195
stim_108_harmonic.wav,5.000000037252903,60.0,40.93356192111969,26.244015097618103
stim_108_harmonic.wav,54.99999940395355,60.0,40.87071776390076,26.087202429771423
stim_108_harmonic.wav,84.99999761581421,49.999998807907104,44.209491312503815,25.16422927379608
stim_108_harmonic.wav,80.00000059604645,20.000000596046448,41.010704934597015,26.28983974456787
stim_108_harmonic.wav,60.00000178813934,20.000000596046448,41.68883979320526,26.05906069278717
stim_108_harmonic.wav,50.00000238418579,20.000000596046448,41.550899147987366,26.21038019657135
stim_108_harmonic.wav,15.000000447034836,40.000001192092896,41.17916643619537,26.354336142539978
stim_108_harmonic.wav,5.000000037252903,10.000000298023224,40.63077539205551,26.416654586791992
stim_108_harmonic.wav,70.0000011920929,49.999998807907104,41.396843791007996,26.334405541419983
stim_108_harmonic.wav,84.99999761581421,10.000000298023224,40.933784544467926,26.353874802589417
stim_108_harmonic.wav,80.00000059604645,20.000000596046448,42.20495581626892,25.761346220970154
stim_108_harmonic.wav,64.9999988079071,20.000000596046448,40.979982912540436,26.281914710998535
stim_108_harmonic.wav,60.00000178813934,30.0,41.37359440326691,26.26638650894165
stim_108_harmonic.wav,40.000000298023224,20.000000596046448,40.1748588681221,26.320558190345764
stim_108_harmonic.wav,40.000000298023224,40.000001192092896,40.762246549129486,26.338627338409424
stim_108_harmonic.wav,64.9999988079071,30.0,40.81077039241791,26.250414848327637
stim_108_harmonic.wav,20.000000149011612,49.999998807907104,42.682354152202606,25.550694465637207
stim_108_harmonic.wav,54.99999940395355,49.999998807907104,40.443154871463776,26.327160000801086
stim_108_harmonic.wav,30.00000089406967,30.0,40.80189228057861,26.523635387420654
stim_108_harmonic.wav,45.0,40.000001192092896,41.11863166093826,26.161842942237854
stim_108_harmonic.wav,0.0,30.0,40.11088281869888,26.62705421447754
stim_108_harmonic.wav,5.000000037252903,0.0,41.05860114097595,26.27760350704193
stim_108_harmonic.wav,40.000000298023224,60.0,40.62052398920059,26.30035400390625
stim_108_harmonic.wav,64.9999988079071,30.0,41.09353423118591,26.322838068008423
stim_108_harmonic.wav,25.000001192092896,20.000000596046448,41.300252079963684,26.307522654533386
stim_108_harmonic.wav,25.000001192092896,0.0,40.888221859931946,26.419590711593628
stim_108_harmonic.wav,70.0000011920929,60.0,41.65996044874191,26.392546892166138
stim_108_harmonic.wav,80.00000059604645,60.0,41.94633185863495,26.280632615089417
stim_108_harmonic.wav,84.99999761581421,40.000001192092896,41.898947954177856,26.23110830783844
stim_108_harmonic.wav,84.99999761581421,60.0,41.49936318397522,26.359548568725586
stim_108_harmonic.wav,30.00000089406967,10.000000298023224,41.059392392635345,26.26555860042572
stim_108_harmonic.wav,50.00000238418579,60.0,42.28828936815262,25.996193289756775
stim_108_harmonic.wav,54.99999940395355,10.000000298023224,41.84462785720825,26.470897793769836
stim_108_harmonic.wav,50.00000238418579,49.999998807907104,40.91836720705032,26.281689405441284
stim_108_harmonic.wav,80.00000059604645,0.0,41.28155440092087,26.37104094028473
stim_108_harmonic.wav,70.0000011920929,0.0,40.49713432788849,26.420860290527344
stim_108_harmonic.wav,60.00000178813934,49.999998807907104,40.771044194698334,26.31795644760132
stim_108_harmonic.wav,40.000000298023224,30.0,40.94525367021561,26.291304230690002
stim_108_harmonic.wav,30.00000089406967,30.0,41.150198578834534,26.3385272026062
stim_108_harmonic.wav,15.000000447034836,20.000000596046448,41.0790878534317,26.202231645584106
stim_108_harmonic.wav,30.00000089406967,60.0,41.44391655921936,26.325024962425232
stim_108_harmonic.wav,74.99999821186066,10.000000298023224,41.10665023326874,26.2880802154541
stim_108_harmonic.wav,25.000001192092896,0.0,40.96545606851578,26.39507532119751
stim_108_harmonic.wav,25.000001192092896,40.000001192092896,41.29941523075104,26.332916021347046
stim_108_harmonic.wav,10.000000074505806,10.000000298023224,42.14658826589584,26.365689039230347
stim_108_harmonic.wav,54.99999940395355,20.000000596046448,41.69419884681702,26.344433426856995
stim_108_harmonic.wav,74.99999821186066,60.0,40.85012376308441,26.267366409301758
stim_108_harmonic.wav,84.99999761581421,30.0,41.447773575782776,26.36243999004364
stim_108_harmonic.wav,54.99999940395355,40.000001192092896,43.09746354818344,25.9095561504364
stim_108_harmonic.wav,45.0,20.000000596046448,41.65964126586914,26.048181653022766
stim_108_harmonic.wav,10.000000074505806,0.0,40.775292813777924,26.343612670898438
stim_108_harmonic.wav,50.00000238418579,40.000001192092896,41.14909619092941,26.355940103530884
stim_108_harmonic.wav,10.000000074505806,60.0,40.57294696569443,26.307944655418396
stim_108_harmonic.wav,5.000000037252903,20.000000596046448,41.05237305164337,26.33786380290985
stim_108_harmonic.wav,0.0,10.000000298023224,40.93701660633087,26.327285170555115
stim_108_harmonic.wav,64.9999988079071,20.000000596046448,41.22927814722061,26.28299117088318
stim_108_harmonic.wav,80.00000059604645,30.0,40.34812152385712,26.34000062942505
stim_108_harmonic.wav,74.99999821186066,60.0,41.11715644598007,26.344415545463562
stim_108_harmonic.wav,60.00000178813934,60.0,41.57531797885895,26.349953413009644
stim_108_harmonic.wav,15.000000447034836,30.0,40.94102382659912,26.269301176071167
stim_108_harmonic.wav,50.00000238418579,40.000001192092896,40.660057067871094,26.38584315776825
stim_108_harmonic.wav,84.99999761581421,0.0,41.046415865421295,26.252744793891907
stim_108_harmonic.wav,5.000000037252903,60.0,40.417432487010956,26.514946818351746
stim_108_harmonic.wav,20.000000149011612,30.0,40.954633355140686,26.27817392349243
stim_108_harmonic.wav,30.00000089406967,10.000000298023224,41.15924835205078,26.371026635169983
stim_108_harmonic.wav,64.9999988079071,30.0,41.78196340799332,26.43328607082367
stim_108_harmonic.wav,64.9999988079071,40.000001192092896,43.96118849515915,25.264297127723694
stim_108_harmonic.wav,0.0,20.000000596046448,39.4401615858078,27.14838981628418
stim_108_harmonic.wav,10.000000074505806,30.0,39.73010033369064,26.076714992523193
stim_108_harmonic.wav,5.000000037252903,49.999998807907104,40.76198101043701,26.351605653762817
stim_108_harmonic.wav,90.0,40.000001192092896,40.96875786781311,26.301657557487488
stim_108_harmonic.wav,25.000001192092896,20.000000596046448,41.2109050154686,26.289414167404175
stim_108_harmonic.wav,25.000001192092896,20.000000596046448,40.882492661476135,26.313037276268005
stim_108_harmonic.wav,60.00000178813934,10.000000298023224,41.81762605905533,25.930066108703613
stim_108_harmonic.wav,80.00000059604645,49.999998807907104,41.843643486499786,25.817676186561584
stim_108_harmonic.wav,15.000000447034836,20.000000596046448,40.76553761959076,26.07034742832184
stim_108_harmonic.wav,40.000000298023224,0.0,40.670659840106964,26.20341718196869
stim_108_harmonic.wav,45.0,40.000001192092896,40.37209242582321,26.410533785820007
stim_108_harmonic.wav,54.99999940395355,30.0,44.14340436458588,24.91287589073181
stim_108_harmonic.wav,30.00000089406967,0.0,40.93943327665329,26.373172402381897
stim_108_harmonic.wav,10.000000074505806,60.0,40.839150846004486,26.32071018218994
stim_108_harmonic.wav,54.99999940395355,20.000000596046448,40.991132855415344,26.35003387928009
stim_108_harmonic.wav,35.00000059604645,49.999998807907104,40.2815705537796,26.362858414649963
stim_108_harmonic.wav,0.0,30.0,40.30894786119461,26.72052562236786
stim_108_harmonic.wav,64.9999988079071,40.000001192092896,41.99706852436066,25.998945236206055
stim_108_harmonic.wav,30.00000089406967,10.000000298023224,41.03043258190155,26.317520141601562
stim_108_harmonic.wav,15.000000447034836,40.000001192092896,40.9556445479393,26.42892301082611
stim_108_harmonic.wav,15.000000447034836,49.999998807907104,40.16552209854126,26.40969157218933
stim_108_harmonic.wav,10.000000074505806,49.999998807907104,40.925335586071014,26.29754662513733
stim_108_harmonic.wav,45.0,40.000001192092896,41.10055893659592,26.29022240638733
stim_108_harmonic.wav,80.00000059604645,30.0,41.07210338115692,26.38526201248169
stim_108_harmonic.wav,10.000000074505806,20.000000596046448,40.94196259975433,26.30150020122528
stim_108_harmonic.wav,20.000000149011612,49.999998807907104,41.41304165124893,26.05478525161743
stim_108_harmonic.wav,84.99999761581421,40.000001192092896,41.33857548236847,26.259114146232605
stim_108_harmonic.wav,74.99999821186066,49.999998807907104,40.925330221652985,26.146804690361023
stim_108_harmonic.wav,90.0,60.0,41.04253739118576,26.361989378929138
stim_108_harmonic.wav,25.000001192092896,0.0,40.73960334062576,26.44275963306427
stim_108_harmonic.wav,80.00000059604645,60.0,40.98960667848587,26.361254453659058
stim_108_harmonic.wav,45.0,49.999998807907104,40.986983478069305,26.379307508468628
stim_108_harmonic.wav,74.99999821186066,49.999998807907104,41.209537088871,26.346083879470825
stim_108_harmonic.wav,40.000000298023224,10.000000298023224,40.9668293595314,26.34323537349701
stim_108_harmonic.wav,35.00000059604645,49.999998807907104,41.09878867864609,26.33416771888733
stim_108_harmonic.wav,30.00000089406967,60.0,42.219595313072205,25.964784622192383
stim_108_harmonic.wav,80.00000059604645,0.0,40.87194889783859,26.295450925827026
stim_108_harmonic.wav,60.00000178813934,20.000000596046448,41.24663472175598,26.107288599014282
stim_108_harmonic.wav,0.0,20.000000596046448,40.5478173494339,26.43226683139801
stim_108_harmonic.wav,45.0,20.000000596046448,41.053647100925446,26.26372218132019
stim_86_harmonic.wav,80.00000059604645,40.000001192092896,56.53282821178436,27.85334587097168
stim_86_harmonic.wav,74.99999821186066,10.000000298023224,41.811237037181854,26.072205305099487
stim_86_harmonic.wav,50.00000238418579,40.000001192092896,49.839831590652466,32.283504009246826
stim_86_harmonic.wav,20.000000149011612,49.999998807907104,30.132547616958618,36.099815368652344
stim_86_harmonic.wav,0.0,60.0,19.899906814098358,31.307129859924316
stim_86_harmonic.wav,35.00000059604645,0.0,43.198633790016174,26.059207320213318
stim_86_harmonic.wav,54.99999940395355,60.0,41.30976319313049,26.103086471557617
stim_86_harmonic.wav,64.9999988079071,60.0,46.66276037693024,45.809783935546875
stim_86_harmonic.wav,45.0,20.000000596046448,41.024553179740906,26.254379153251648
stim_86_harmonic.wav,45.0,60.0,37.32671767473221,42.22066283226013
stim_86_harmonic.wav,74.99999821186066,0.0,42.869625985622406,25.557714700698853
stim_86_harmonic.wav,74.99999821186066,60.0,58.27418267726898,51.535470485687256
stim_86_harmonic.wav,84.99999761581421,40.000001192092896,63.85112285614014,32.966705560684204
stim_86_harmonic.wav,64.9999988079071,20.000000596046448,58.70011746883392,27.39833414554596
stim_86_harmonic.wav,5.000000037252903,30.0,21.355548352003098,34.036688804626465
stim_86_harmonic.wav,40.000000298023224,49.999998807907104,44.2323437333107,43.030221462249756
stim_86_harmonic.wav,84.99999761581421,10.000000298023224,44.95499789714813,25.0055730342865
stim_86_harmonic.wav,0.0,30.0,19.928729832172394,29.121787548065186
stim_86_harmonic.wav,35.00000059604645,49.999998807907104,41.5456822514534,26.161009669303894
stim_86_harmonic.wav,90.0,49.999998807907104,45.78559219837189,24.432526230812073
stim_86_harmonic.wav,84.99999761581421,49.999998807907104,42.70566523075104,27.69908845424652
stim_86_harmonic.wav,70.0000011920929,40.000001192092896,41.90214514732361,26.089176535606384
stim_86_harmonic.wav,60.00000178813934,40.000001192092896,40.28317719697952,26.319236755371094
stim_86_harmonic.wav,64.9999988079071,60.0,52.97824680805206,44.38040256500244
stim_86_harmonic.wav,40.000000298023224,49.999998807907104,56.61286532878876,52.11172342300415
stim_86_harmonic.wav,0.0,0.0,14.960221946239471,30.531824827194214
stim_86_harmonic.wav,40.000000298023224,49.999998807907104,44.732546210289,44.6422004699707
stim_86_harmonic.wav,70.0000011920929,0.0,58.82512986660004,17.979007959365845
stim_86_harmonic.wav,60.00000178813934,49.999998807907104,41.51402413845062,26.414968371391296
stim_86_harmonic.wav,40.000000298023224,20.000000596046448,41.468769907951355,26.172807812690735
stim_86_harmonic.wav,0.0,60.0,39.06249850988388,26.82763159275055
stim_86_harmonic.wav,0.0,49.999998807907104,13.02640825510025,30.6401789188385
stim_86_harmonic.wav,64.9999988079071,10.000000298023224,54.187204241752625,16.796836853027344
stim_86_harmonic.wav,35.00000059604645,20.000000596046448,41.20184987783432,26.229642033576965
stim_86_harmonic.wav,5.000000037252903,10.000000298023224,23.76878947019577,32.43186593055725
stim_86_harmonic.wav,54.99999940395355,10.000000298023224,58.972474336624146,17.964012622833252
stim_86_harmonic.wav,70.0000011920929,40.000001192092896,69.27622318267822,32.56534695625305
stim_86_harmonic.wav,30.00000089406967,20.000000596046448,39.67031389474869,34.91618871688843
stim_86_harmonic.wav,45.0,49.999998807907104,40.79747200012207,26.29796862602234
stim_86_harmonic.wav,74.99999821186066,49.999998807907104,41.48877114057541,26.16080403327942
stim_86_harmonic.wav,60.00000178813934,20.000000596046448,41.451150476932526,26.17388427257538
stim_86_harmonic.wav,60.00000178813934,40.000001192092896,55.952478647232056,33.31858992576599
stim_86_harmonic.wav,84.99999761581421,10.000000298023224,42.74799317121506,25.95452070236206
stim_86_harmonic.wav,80.00000059604645,60.0,40.62880665063858,26.354048252105713
stim_86_harmonic.wav,70.0000011920929,49.999998807907104,43.45058709383011,26.641541719436646
stim_86_harmonic.wav,60.00000178813934,49.999998807907104,41.16702675819397,26.2922340631485
stim_86_harmonic.wav,40.000000298023224,0.0,50.37713170051575,23.11376452445984
stim_86_harmonic.wav,84.99999761581421,30.0,40.54800510406494,26.31529211997986
stim_86_harmonic.wav,45.0,30.0,41.515928506851196,26.090633869171143
stim_86_harmonic.wav,80.00000059604645,49.999998807907104,46.4102303981781,25.818291306495667
stim_86_harmonic.wav,50.00000238418579,0.0,41.29106014966965,26.20711326599121
stim_86_harmonic.wav,64.9999988079071,40.000001192092896,53.2871675491333,27.978719472885132
stim_86_harmonic.wav,35.00000059604645,10.000000298023224,40.90240269899368,27.960201501846313
stim_86_harmonic.wav,15.000000447034836,30.0,25.847571194171906,31.714900732040405
stim_86_harmonic.wav,5.000000037252903,10.000000298023224,19.129589796066284,34.7270393371582
stim_86_harmonic.wav,45.0,30.0,41.93477153778076,26.48867905139923
stim_86_harmonic.wav,54.99999940395355,20.000000596046448,42.50682771205902,26.624305844306946
stim_86_harmonic.wav,45.0,40.000001192092896,47.900047302246094,24.070109724998474
stim_86_harmonic.wav,10.000000074505806,20.000000596046448,20.439498871564865,31.931880712509155
stim_86_harmonic.wav,10.000000074505806,60.0,38.960542380809784,26.52904450893402
stim_86_harmonic.wav,15.000000447034836,20.000000596046448,28.68528127670288,33.51938009262085
stim_86_harmonic.wav,50.00000238418579,49.999998807907104,41.24760299921036,26.21467888355255
stim_86_harmonic.wav,54.99999940395355,20.000000596046448,39.660987854003906,27.228426933288574
stim_86_harmonic.wav,74.99999821186066,20.000000596046448,41.180756986141205,26.221071481704712
stim_86_harmonic.wav,20.000000149011612,49.999998807907104,27.90075123310089,33.22790265083313
stim_86_harmonic.wav,30.00000089406967,0.0,41.850786209106445,25.91937482357025
stim_86_harmonic.wav,80.00000059604645,40.000001192092896,42.006689608097076,25.982476472854614
stim_86_harmonic.wav,60.00000178813934,30.0,50.77160954475403,23.284785747528076
stim_86_harmonic.wav,15.000000447034836,10.000000298023224,41.0638153553009,26.222877502441406
stim_86_harmonic.wav,20.000000149011612,30.0,41.41549587249756,26.197561025619507
stim_86_harmonic.wav,80.00000059604645,30.0,41.19523286819458,26.203783750534058
stim_86_harmonic.wav,35.00000059604645,60.0,41.81423842906952,26.12003445625305
stim_86_harmonic.wav,84.99999761581421,49.999998807907104,41.608944833278656,26.139793395996094
stim_86_harmonic.wav,64.9999988079071,60.0,55.60536324977875,53.77734661102295
stim_86_harmonic.wav,5.000000037252903,60.0,39.744299948215485,26.54969573020935
stim_86_harmonic.wav,25.000001192092896,20.000000596046448,41.68575793504715,26.381834149360657
stim_86_harmonic.wav,40.000000298023224,30.0,47.22698450088501,36.03477358818054
stim_86_harmonic.wav,70.0000011920929,10.000000298023224,46.96256697177887,25.37638485431671
stim_86_harmonic.wav,70.0000011920929,49.999998807907104,54.510072469711304,33.67671489715576
stim_86_harmonic.wav,0.0,30.0,38.39478135108948,26.724250316619873
stim_86_harmonic.wav,0.0,49.999998807907104,15.969569385051727,30.697882175445557
stim_86_harmonic.wav,10.000000074505806,10.000000298023224,41.216929256916046,26.20305597782135
stim_86_harmonic.wav,25.000001192092896,49.999998807907104,40.97611516714096,26.309587955474854
stim_86_harmonic.wav,80.00000059604645,0.0,65.8544647693634,16.37252926826477
stim_86_harmonic.wav,84.99999761581421,60.0,42.68406003713608,25.68311870098114
stim_86_harmonic.wav,45.0,49.999998807907104,41.86087667942047,27.297348976135254
stim_86_harmonic.wav,40.000000298023224,20.000000596046448,42.967762649059296,26.201632618904114
stim_86_harmonic.wav,45.0,49.999998807907104,54.61351990699768,50.398263931274414
stim_86_harmonic.wav,40.000000298023224,30.0,47.11628437042236,29.48452055454254
stim_86_harmonic.wav,25.000001192092896,40.000001192092896,41.082483530044556,26.236435174942017
stim_86_harmonic.wav,70.0000011920929,20.000000596046448,41.22778683900833,26.211159825325012
stim_86_harmonic.wav,64.9999988079071,60.0,41.780734956264496,25.937787294387817
stim_86_harmonic.wav,40.000000298023224,10.000000298023224,44.2961186170578,18.919950127601624
stim_86_harmonic.wav,45.0,20.000000596046448,44.72117364406586,26.35463833808899
stim_86_harmonic.wav,60.00000178813934,60.0,49.06311213970184,49.418678283691406
stim_86_harmonic.wav,74.99999821186066,20.000000596046448,63.12993586063385,21.448734998703003
stim_86_harmonic.wav,15.000000447034836,10.000000298023224,41.89565420150757,25.91314136981964
stim_86_harmonic.wav,60.00000178813934,30.0,40.72121948003769,26.232059597969055
stim_86_harmonic.wav,10.000000074505806,30.0,21.35723814368248,30.8809232711792
stim_86_harmonic.wav,25.000001192092896,10.000000298023224,41.91046267747879,26.95774555206299
stim_86_harmonic.wav,80.00000059604645,40.000001192092896,40.90358555316925,26.255192756652832
stim_86_harmonic.wav,50.00000238418579,30.0,50.340718030929565,33.16187381744385
stim_86_harmonic.wav,35.00000059604645,60.0,41.488138139247894,26.501294374465942
stim_86_harmonic.wav,50.00000238418579,60.0,45.5263888835907,52.65495300292969
stim_86_harmonic.wav,40.000000298023224,60.0,40.95920920372009,26.26353085041046
stim_86_harmonic.wav,30.00000089406967,40.000001192092896,41.532303392887115,27.31163799762726
stim_86_harmonic.wav,54.99999940395355,20.000000596046448,54.51308727264404,22.049821615219116
stim_86_harmonic.wav,80.00000059604645,60.0,60.06630599498749,52.97074556350708
stim_86_harmonic.wav,5.000000037252903,40.000001192092896,40.69332182407379,26.208062767982483
stim_86_harmonic.wav,20.000000149011612,0.0,40.938333570957184,26.240317225456238
stim_86_harmonic.wav,20.000000149011612,49.999998807907104,26.808030009269714,39.9165415763855
stim_86_harmonic.wav,5.000000037252903,0.0,20.841418504714966,35.07720351219177
stim_86_harmonic.wav,0.0,10.000000298023224,38.66097718477249,26.913169026374817
stim_86_harmonic.wav,45.0,40.000001192092896,43.39202105998993,25.277307629585266
stim_86_harmonic.wav,54.99999940395355,10.000000298023224,40.144423842430115,26.336077451705933
stim_86_harmonic.wav,90.0,40.000001192092896,70.24619579315186,34.66750502586365
stim_86_harmonic.wav,45.0,40.000001192092896,41.186775863170624,26.226477026939392
stim_86_harmonic.wav,84.99999761581421,20.000000596046448,41.34575039148331,26.185031533241272
stim_86_harmonic.wav,10.000000074505806,49.999998807907104,39.681002497673035,26.43692672252655
stim_86_harmonic.wav,15.000000447034836,30.0,27.59769916534424,36.05497598648071
stim_86_harmonic.wav,20.000000149011612,20.000000596046448,41.38878375291824,26.19913101196289
stim_86_harmonic.wav,20.000000149011612,49.999998807907104,26.104840636253357,36.864845752716064
stim_86_harmonic.wav,25.000001192092896,0.0,41.2688809633255,26.22519850730896
stim_86_harmonic.wav,64.9999988079071,0.0,43.09651404619217,25.487126111984253
stim_86_harmonic.wav,74.99999821186066,0.0,65.09866118431091,14.236101508140564
stim_86_harmonic.wav,90.0,20.000000596046448,41.12157940864563,26.283175349235535
stim_86_harmonic.wav,90.0,40.000001192092896,64.88549530506134,34.142961502075195
stim_86_harmonic.wav,64.9999988079071,0.0,44.913509488105774,25.660500526428223
stim_86_harmonic.wav,15.000000447034836,10.000000298023224,38.84984225034714,26.64762854576111
stim_86_harmonic.wav,60.00000178813934,40.000001192092896,43.86436074972153,25.452643632888794
stim_86_harmonic.wav,40.000000298023224,40.000001192092896,46.07366681098938,37.2487735748291
stim_86_harmonic.wav,5.000000037252903,60.0,38.79414081573486,26.44836723804474
stim_86_harmonic.wav,30.00000089406967,49.999998807907104,35.154844522476196,35.39657235145569
stim_86_harmonic.wav,0.0,49.999998807907104,12.79295414686203,35.11038064956665
stim_86_harmonic.wav,30.00000089406967,60.0,26.427242159843445,33.68939995765686
stim_86_harmonic.wav,25.000001192092896,30.0,41.34408473968506,26.197350025177002
stim_86_harmonic.wav,40.000000298023224,10.000000298023224,42.115198373794556,25.941485166549683
stim_86_harmonic.wav,84.99999761581421,0.0,68.0202841758728,13.970249891281128
stim_86_harmonic.wav,20.000000149011612,60.0,40.39804011583328,26.3292396068573
stim_86_harmonic.wav,5.000000037252903,49.999998807907104,40.266796946525574,26.300382614135742
stim_86_harmonic.wav,90.0,30.0,59.362531900405884,25.590065717697144
stim_86_harmonic.wav,80.00000059604645,20.000000596046448,45.68337857723236,24.29772198200226
stim_86_harmonic.wav,70.0000011920929,40.000001192092896,40.01197099685669,26.362046599388123
stim_86_harmonic.wav,64.9999988079071,10.000000298023224,42.807495296001434,26.063432693481445
stim_86_harmonic.wav,25.000001192092896,20.000000596046448,36.33398115634918,30.686767101287842
stim_86_harmonic.wav,20.000000149011612,49.999998807907104,28.48054826259613,28.749316334724426
stim_86_harmonic.wav,74.99999821186066,49.999998807907104,59.839187264442444,35.36149978637695
stim_86_harmonic.wav,80.00000059604645,0.0,68.71474027633667,15.689000487327576
stim_86_harmonic.wav,84.99999761581421,20.000000596046448,63.96941900253296,19.26398277282715
stim_94_harmonic.wav,74.99999821186066,40.000001192092896,56.5665328502655,32.234448194503784
stim_94_harmonic.wav,5.000000037252903,20.000000596046448,34.688698053359985,30.61805248260498
stim_94_harmonic.wav,45.0,30.0,41.44517719745636,26.64503574371338
stim_94_harmonic.wav,60.00000178813934,30.0,41.740906834602356,26.577458381652832
stim_94_harmonic.wav,64.9999988079071,49.999998807907104,40.72429060935974,26.460750102996826
stim_94_harmonic.wav,45.0,10.000000298023224,46.06368899345398,22.157124280929565
stim_94_harmonic.wav,15.000000447034836,49.999998807907104,41.883020997047424,26.29423499107361
stim_94_harmonic.wav,40.000000298023224,30.0,42.313440442085266,26.53834819793701
stim_94_harmonic.wav,30.00000089406967,40.000001192092896,41.519211530685425,26.336129307746887
stim_94_harmonic.wav,84.99999761581421,49.999998807907104,41.83225750923157,26.291304230690002
stim_94_harmonic.wav,54.99999940395355,10.000000298023224,54.147759675979614,28.487309217453003
stim_94_harmonic.wav,5.000000037252903,10.000000298023224,41.11309289932251,26.139162182807922
stim_94_harmonic.wav,50.00000238418579,0.0,42.16173201799393,26.610063314437866
stim_94_harmonic.wav,60.00000178813934,60.0,43.229202926158905,27.085572481155396
stim_94_harmonic.wav,64.9999988079071,10.000000298023224,41.70503497123718,26.080942153930664
stim_94_harmonic.wav,50.00000238418579,60.0,41.83401703834534,26.39447271823883
stim_94_harmonic.wav,60.00000178813934,10.000000298023224,42.68304616212845,27.114059329032898
stim_94_harmonic.wav,64.9999988079071,20.000000596046448,41.862030029296875,26.732475757598877
stim_94_harmonic.wav,64.9999988079071,30.0,40.987120270729065,26.258456110954285
stim_94_harmonic.wav,20.000000149011612,30.0,37.14729130268097,26.772515773773193
stim_94_harmonic.wav,50.00000238418579,10.000000298023224,41.017952263355255,26.318065524101257
stim_94_harmonic.wav,74.99999821186066,40.000001192092896,54.979469776153564,29.525080919265747
stim_94_harmonic.wav,74.99999821186066,10.000000298023224,44.081509709358215,28.540323972702026
stim_94_harmonic.wav,70.0000011920929,40.000001192092896,55.29093861579895,28.340277671813965
stim_94_harmonic.wav,45.0,20.000000596046448,40.448559522628784,26.287318468093872
stim_94_harmonic.wav,30.00000089406967,0.0,41.66722118854523,26.302834153175354
stim_94_harmonic.wav,80.00000059604645,30.0,41.29736602306366,26.199440360069275
stim_94_harmonic.wav,40.000000298023224,60.0,38.36568474769592,23.359095454216003
stim_94_harmonic.wav,60.00000178813934,0.0,41.78879499435425,26.439417600631714
stim_94_harmonic.wav,64.9999988079071,49.999998807907104,45.11727690696716,22.274293899536133
stim_94_harmonic.wav,45.0,60.0,41.566370129585266,26.56083583831787
stim_94_harmonic.wav,35.00000059604645,49.999998807907104,41.73212260007858,26.270567178726196
stim_94_harmonic.wav,60.00000178813934,49.999998807907104,42.992023229599,21.44990086555481
stim_94_harmonic.wav,50.00000238418579,0.0,41.09476536512375,26.39073371887207
stim_94_harmonic.wav,64.9999988079071,30.0,51.91468119621277,28.24659526348114
stim_94_harmonic.wav,10.000000074505806,20.000000596046448,38.13077688217163,28.70896339416504
stim_94_harmonic.wav,54.99999940395355,49.999998807907104,41.61350190639496,26.27346396446228
stim_94_harmonic.wav,35.00000059604645,10.000000298023224,40.75084984302521,29.430297017097473
stim_94_harmonic.wav,0.0,49.999998807907104,25.386086404323578,29.44853961467743
stim_94_harmonic.wav,20.000000149011612,49.999998807907104,41.513560116291046,26.417192816734314
stim_94_harmonic.wav,40.000000298023224,40.000001192092896,41.45732492208481,26.251097917556763
stim_94_harmonic.wav,84.99999761581421,0.0,40.48313856124878,26.878788471221924
stim_94_harmonic.wav,90.0,30.0,40.77727496623993,26.350568532943726
stim_94_harmonic.wav,74.99999821186066,60.0,46.90930366516113,30.49164891242981
stim_94_harmonic.wav,70.0000011920929,40.000001192092896,58.49727809429169,29.16602611541748
stim_94_harmonic.wav,40.000000298023224,0.0,45.12428820133209,18.39535117149353
stim_94_harmonic.wav,64.9999988079071,49.999998807907104,41.27384573221207,26.254400610923767
stim_94_harmonic.wav,80.00000059604645,10.000000298023224,41.70181632041931,26.419925093650818
stim_94_harmonic.wav,30.00000089406967,10.000000298023224,40.47148436307907,33.86463403701782
stim_94_harmonic.wav,10.000000074505806,49.999998807907104,42.03552067279816,26.95239007472992
stim_94_harmonic.wav,40.000000298023224,20.000000596046448,41.515236496925354,26.17996394634247
stim_94_harmonic.wav,74.99999821186066,49.999998807907104,41.540465354919434,26.31943166255951
stim_94_harmonic.wav,25.000001192092896,40.000001192092896,40.88085651397705,21.778428554534912
stim_94_harmonic.wav,50.00000238418579,10.000000298023224,46.72113597393036,22.02191948890686
stim_94_harmonic.wav,0.0,49.999998807907104,23.5288605093956,31.630675792694092
stim_94_harmonic.wav,10.000000074505806,10.000000298023224,40.993836522102356,26.220000386238098
stim_94_harmonic.wav,50.00000238418579,20.000000596046448,42.70333170890808,26.649847626686096
stim_94_harmonic.wav,45.0,10.000000298023224,42.31488078832626,25.1831316947937
stim_94_harmonic.wav,54.99999940395355,10.000000298023224,41.41009122133255,26.37372314929962
stim_94_harmonic.wav,25.000001192092896,40.000001192092896,41.604318022727966,26.26364529132843
stim_94_harmonic.wav,15.000000447034836,49.999998807907104,32.92808800935745,29.108721613883972
stim_94_harmonic.wav,0.0,0.0,27.28414624929428,29.92072284221649
stim_94_harmonic.wav,84.99999761581421,0.0,40.722040235996246,27.863786816596985
stim_94_harmonic.wav,54.99999940395355,10.000000298023224,43.123730421066284,26.548937559127808
stim_94_harmonic.wav,35.00000059604645,30.0,42.5639533996582,31.187167167663574
stim_94_harmonic.wav,30.00000089406967,30.0,40.465857088565826,31.094977855682373
stim_94_harmonic.wav,25.000001192092896,60.0,41.85781091451645,26.553776264190674
stim_94_harmonic.wav,5.000000037252903,40.000001192092896,41.71453803777695,26.296961903572083
stim_94_harmonic.wav,84.99999761581421,0.0,41.196359395980835,26.531378030776978
stim_94_harmonic.wav,40.000000298023224,0.0,39.405840039253235,19.48218584060669
stim_94_harmonic.wav,0.0,30.0,41.692838966846466,26.303672790527344
stim_94_harmonic.wav,84.99999761581421,10.000000298023224,41.90670758485794,30.940600633621216
stim_94_harmonic.wav,74.99999821186066,30.0,42.29172259569168,26.69697940349579
stim_94_harmonic.wav,54.99999940395355,40.000001192092896,42.117730379104614,26.567612886428833
stim_94_harmonic.wav,70.0000011920929,49.999998807907104,42.18668192625046,26.651426553726196
stim_94_harmonic.wav,10.000000074505806,49.999998807907104,39.09150391817093,26.600990295410156
stim_94_harmonic.wav,50.00000238418579,20.000000596046448,42.48837947845459,20.15390396118164
stim_94_harmonic.wav,64.9999988079071,60.0,41.33828043937683,27.43288278579712
stim_94_harmonic.wav,60.00000178813934,60.0,41.401376724243164,26.400264501571655
stim_94_harmonic.wav,84.99999761581421,30.0,41.302126944065094,26.250255703926086
stim_94_harmonic.wav,50.00000238418579,60.0,43.47162365913391,26.723018288612366
stim_94_harmonic.wav,30.00000089406967,40.000001192092896,43.6986967921257,27.12340235710144
stim_94_harmonic.wav,20.000000149011612,60.0,41.41203314065933,26.3253253698349
stim_94_harmonic.wav,15.000000447034836,30.0,36.47952318191528,28.51074457168579
stim_94_harmonic.wav,45.0,0.0,41.04588747024536,26.32075309753418
stim_94_harmonic.wav,54.99999940395355,10.000000298023224,44.59380358457565,27.748517990112305
stim_94_harmonic.wav,84.99999761581421,40.000001192092896,41.79118752479553,26.300965547561646
stim_94_harmonic.wav,54.99999940395355,30.0,43.42678517103195,20.496350526809692
stim_94_harmonic.wav,30.00000089406967,30.0,41.96195840835571,26.367770433425903
stim_94_harmonic.wav,45.0,10.000000298023224,42.86392629146576,22.718834280967712
stim_94_harmonic.wav,35.00000059604645,10.000000298023224,41.794390082359314,26.52504801750183
stim_94_harmonic.wav,90.0,30.0,36.69833242893219,35.28363347053528
stim_94_harmonic.wav,40.000000298023224,0.0,39.14458215236664,25.1391863822937
stim_94_harmonic.wav,15.000000447034836,20.000000596046448,35.04010498523712,25.816805362701416
stim_94_harmonic.wav,74.99999821186066,40.000001192092896,42.43523955345154,26.457942724227905
stim_94_harmonic.wav,64.9999988079071,0.0,55.98014831542969,27.042964696884155
stim_94_harmonic.wav,64.9999988079071,10.000000298023224,54.88449811935425,33.27450513839722
stim_94_harmonic.wav,25.000001192092896,10.000000298023224,40.59487134218216,30.216286182403564
stim_94_harmonic.wav,15.000000447034836,30.0,40.06890892982483,26.3531631231308
stim_94_harmonic.wav,64.9999988079071,10.000000298023224,43.195460736751556,26.211814284324646
stim_94_harmonic.wav,80.00000059604645,10.000000298023224,43.19525957107544,30.49521803855896
stim_94_harmonic.wav,30.00000089406967,60.0,41.43410503864288,26.28196656703949
stim_94_harmonic.wav,74.99999821186066,40.000001192092896,41.49381369352341,26.27247154712677
stim_94_harmonic.wav,60.00000178813934,0.0,41.56006157398224,26.28783345222473
stim_94_harmonic.wav,10.000000074505806,40.000001192092896,41.661298871040344,26.182408332824707
stim_94_harmonic.wav,30.00000089406967,20.000000596046448,41.32045179605484,26.351736187934875
stim_94_harmonic.wav,40.000000298023224,60.0,42.41866886615753,26.634430289268494
stim_94_harmonic.wav,64.9999988079071,60.0,43.88619661331177,29.910133481025696
stim_94_harmonic.wav,84.99999761581421,40.000001192092896,41.70278459787369,26.541550755500793
stim_94_harmonic.wav,74.99999821186066,10.000000298023224,41.47124022245407,26.447553634643555
stim_94_harmonic.wav,40.000000298023224,10.000000298023224,40.79093009233475,26.27984046936035
stim_94_harmonic.wav,25.000001192092896,30.0,41.4254093170166,26.21744155883789
stim_94_harmonic.wav,10.000000074505806,0.0,36.05395048856735,28.183811902999878
stim_94_harmonic.wav,60.00000178813934,20.000000596046448,42.00508028268814,26.565545797348022
stim_94_harmonic.wav,70.0000011920929,60.0,41.712464690208435,26.388351917266846
stim_94_harmonic.wav,60.00000178813934,0.0,48.86911332607269,22.53208816051483
stim_94_harmonic.wav,25.000001192092896,20.000000596046448,41.38888031244278,26.219909191131592
stim_94_harmonic.wav,10.000000074505806,60.0,36.15537017583847,28.457860350608826
stim_94_harmonic.wav,0.0,60.0,16.364669501781464,26.213468313217163
stim_94_harmonic.wav,15.000000447034836,30.0,41.42499893903732,26.291025280952454
stim_94_harmonic.wav,60.00000178813934,10.000000298023224,54.02450144290924,28.394222259521484
stim_103_harmonic.wav,15.000000447034836,60.0,36.14425778388977,28.4040766954422
stim_103_harmonic.wav,54.99999940395355,0.0,41.462903916835785,26.235820055007935
stim_103_harmonic.wav,80.00000059604645,30.0,43.71652543544769,25.782442688941956
stim_103_harmonic.wav,30.00000089406967,10.000000298023224,47.28048920631409,25.704343914985657
stim_103_harmonic.wav,70.0000011920929,49.999998807907104,41.23919427394867,26.437232494354248
stim_103_harmonic.wav,20.000000149011612,20.000000596046448,42.355060279369354,26.35053813457489
stim_103_harmonic.wav,15.000000447034836,40.000001192092896,37.17057287693024,28.235623240470886
stim_103_harmonic.wav,20.000000149011612,0.0,41.55438333749771,26.26269221305847
stim_103_harmonic.wav,54.99999940395355,49.999998807907104,40.734461545944214,26.38926386833191
stim_103_harmonic.wav,25.000001192092896,49.999998807907104,41.4126580953598,26.20879054069519
stim_103_harmonic.wav,50.00000238418579,10.000000298023224,41.63738161325455,26.33786380290985
stim_103_harmonic.wav,30.00000089406967,40.000001192092896,41.12624645233154,26.318047642707825
stim_103_harmonic.wav,25.000001192092896,40.000001192092896,41.59943372011185,26.18678569793701
stim_103_harmonic.wav,5.000000037252903,20.000000596046448,35.378851890563965,27.74326980113983
stim_103_harmonic.wav,25.000001192092896,49.999998807907104,41.31228983402252,26.341822743415833
stim_103_harmonic.wav,80.00000059604645,0.0,42.42353171110153,26.362992525100708
stim_103_harmonic.wav,15.000000447034836,30.0,40.453011989593506,28.31088960170746
stim_103_harmonic.wav,0.0,49.999998807907104,41.527199149131775,26.131832599639893
stim_103_harmonic.wav,10.000000074505806,0.0,37.418586015701294,29.50222134590149
stim_103_harmonic.wav,80.00000059604645,10.000000298023224,41.50842905044556,26.285038590431213
stim_103_harmonic.wav,84.99999761581421,60.0,41.514101922512054,26.339932680130005
stim_103_harmonic.wav,5.000000037252903,40.000001192092896,41.62868857383728,26.115590929985046
stim_103_harmonic.wav,54.99999940395355,60.0,42.03803926706314,26.24383270740509
stim_103_harmonic.wav,80.00000059604645,40.000001192092896,43.79032641649246,24.499903321266174
stim_103_harmonic.wav,84.99999761581421,40.000001192092896,41.70634925365448,26.35483682155609
stim_103_harmonic.wav,64.9999988079071,60.0,45.04852116107941,33.509767055511475
stim_103_harmonic.wav,60.00000178813934,30.0,38.789444267749786,28.293771743774414
stim_103_harmonic.wav,74.99999821186066,60.0,45.35556972026825,25.892118215560913
stim_103_harmonic.wav,30.00000089406967,20.000000596046448,41.27535581588745,34.108736515045166
stim_103_harmonic.wav,80.00000059604645,10.000000298023224,42.508726716041565,24.502853751182556
stim_103_harmonic.wav,70.0000011920929,40.000001192092896,41.16649031639099,26.754446625709534
stim_103_harmonic.wav,84.99999761581421,40.000001192092896,45.20001769065857,25.220348238945007
stim_103_harmonic.wav,0.0,20.000000596046448,41.44545614719391,26.086488962173462
stim_103_harmonic.wav,70.0000011920929,20.000000596046448,43.90573650598526,31.060152053833008
stim_103_harmonic.wav,35.00000059604645,10.000000298023224,45.4119873046875,24.087849855422974
stim_103_harmonic.wav,84.99999761581421,60.0,41.39958769083023,26.263548731803894
stim_103_harmonic.wav,15.000000447034836,0.0,41.38007193803787,26.32432758808136
stim_103_harmonic.wav,45.0,20.000000596046448,41.20023250579834,26.28611147403717
stim_103_harmonic.wav,10.000000074505806,60.0,26.958397328853607,29.967541694641113
stim_103_harmonic.wav,45.0,49.999998807907104,41.353072822093964,26.36906147003174
stim_103_harmonic.wav,0.0,60.0,41.05035066604614,26.38340950012207
stim_103_harmonic.wav,0.0,0.0,41.288377940654755,26.47695243358612
stim_103_harmonic.wav,40.000000298023224,10.000000298023224,41.66208475828171,26.27491593360901
stim_103_harmonic.wav,45.0,49.999998807907104,41.67014479637146,26.272863149642944
stim_103_harmonic.wav,60.00000178813934,0.0,41.62205547094345,26.31672441959381
stim_103_harmonic.wav,74.99999821186066,20.000000596046448,41.312713623046875,26.418458819389343
stim_103_harmonic.wav,74.99999821186066,49.999998807907104,38.4945085644722,26.83729112148285
stim_103_harmonic.wav,45.0,20.000000596046448,42.08921045064926,26.147895455360413
stim_103_harmonic.wav,25.000001192092896,40.000001192092896,41.61048173904419,26.312561631202698
stim_103_harmonic.wav,74.99999821186066,0.0,41.800628900527954,26.3207870721817
stim_103_harmonic.wav,90.0,10.000000298023224,40.40727764368057,26.533931493759155
stim_103_harmonic.wav,74.99999821186066,0.0,42.65334337949753,27.027390003204346
stim_103_harmonic.wav,74.99999821186066,40.000001192092896,41.18335336446762,26.363900899887085
stim_103_harmonic.wav,5.000000037252903,30.0,41.44071400165558,26.216374039649963
stim_103_harmonic.wav,50.00000238418579,49.999998807907104,41.46183371543884,26.369646191596985
stim_103_harmonic.wav,80.00000059604645,40.000001192092896,41.8584144115448,28.724403977394104
stim_103_harmonic.wav,84.99999761581421,20.000000596046448,41.23465597629547,26.32340133190155
stim_103_harmonic.wav,25.000001192092896,60.0,41.614054441452026,26.200184226036072
stim_103_harmonic.wav,0.0,40.000001192092896,41.265160739421844,26.373099088668823
stim_103_harmonic.wav,70.0000011920929,10.000000298023224,46.16209387779236,24.940726161003113
stim_103_harmonic.wav,74.99999821186066,30.0,43.858076333999634,25.654056072235107
stim_103_harmonic.wav,5.000000037252903,0.0,41.20904088020325,26.35324001312256
stim_103_harmonic.wav,25.000001192092896,20.000000596046448,41.41837924718857,26.318705677986145
stim_103_harmonic.wav,60.00000178813934,30.0,37.02088415622711,28.94047200679779
stim_103_harmonic.wav,20.000000149011612,10.000000298023224,43.007134795188904,24.90013360977173
stim_103_harmonic.wav,45.0,20.000000596046448,46.8412184715271,24.427934288978577
stim_103_harmonic.wav,40.000000298023224,0.0,41.416348814964294,26.308709979057312
stim_103_harmonic.wav,10.000000074505806,0.0,41.51813596487045,26.23558759689331
stim_103_harmonic.wav,84.99999761581421,40.000001192092896,45.30795514583588,25.479873418807983
stim_103_harmonic.wav,74.99999821186066,0.0,46.97587609291077,22.370846271514893
stim_103_harmonic.wav,0.0,30.0,40.90955078601837,26.607808470726013
stim_103_harmonic.wav,80.00000059604645,30.0,41.77456051111221,26.5115886926651
stim_103_harmonic.wav,5.000000037252903,0.0,28.997243642807007,28.232688903808594
stim_103_harmonic.wav,5.000000037252903,49.999998807907104,41.16446793079376,26.276820302009583
stim_103_harmonic.wav,20.000000149011612,40.000001192092896,43.0085214972496,26.9242125749588
stim_103_harmonic.wav,54.99999940395355,60.0,41.190262734889984,26.349881887435913
stim_103_harmonic.wav,70.0000011920929,20.000000596046448,41.647144854068756,26.277771592140198
stim_103_harmonic.wav,80.00000059604645,30.0,41.985368728637695,26.073991656303406
stim_103_harmonic.wav,40.000000298023224,40.000001192092896,41.82052820920944,26.194358468055725
stim_103_harmonic.wav,84.99999761581421,49.999998807907104,41.10793501138687,26.320965886116028
stim_103_harmonic.wav,80.00000059604645,60.0,45.27543067932129,25.89096486568451
stim_103_harmonic.wav,20.000000149011612,40.000001192092896,41.60249412059784,26.131306886672974
stim_103_harmonic.wav,90.0,20.000000596046448,50.007920265197754,23.80917191505432
stim_103_harmonic.wav,15.000000447034836,30.0,41.25866174697876,26.3075190782547
stim_103_harmonic.wav,20.000000149011612,49.999998807907104,41.497879922389984,26.256083250045776
stim_103_harmonic.wav,25.000001192092896,60.0,41.33015066385269,26.29301905632019
stim_103_harmonic.wav,0.0,60.0,41.338677406311035,26.29226803779602
stim_103_harmonic.wav,80.00000059604645,49.999998807907104,41.19790971279144,26.388158798217773
stim_103_harmonic.wav,54.99999940395355,0.0,41.468523144721985,27.405404448509216
stim_103_harmonic.wav,5.000000037252903,10.000000298023224,32.99100190401077,27.828952074050903
stim_103_harmonic.wav,64.9999988079071,30.0,41.15660101175308,26.218711137771606
stim_103_harmonic.wav,80.00000059604645,30.0,41.30940645933151,26.195256114006042
stim_103_harmonic.wav,30.00000089406967,0.0,44.42176133394241,25.274133682250977
stim_103_harmonic.wav,25.000001192092896,0.0,43.36757272481918,28.400757908821106
stim_103_harmonic.wav,20.000000149011612,40.000001192092896,41.32619708776474,26.330444812774658
stim_103_harmonic.wav,60.00000178813934,10.000000298023224,41.76808834075928,26.31511688232422
stim_103_harmonic.wav,54.99999940395355,0.0,41.50183081626892,26.33823037147522
stim_103_harmonic.wav,45.0,49.999998807907104,41.260139644145966,26.466227173805237
stim_103_harmonic.wav,30.00000089406967,10.000000298023224,41.47392511367798,26.163060665130615
stim_103_harmonic.wav,70.0000011920929,60.0,43.44172775745392,25.28037428855896
stim_103_harmonic.wav,30.00000089406967,0.0,44.83602851629257,25.107917189598083
stim_103_harmonic.wav,0.0,49.999998807907104,41.019821763038635,26.272788047790527
stim_103_harmonic.wav,45.0,49.999998807907104,46.8218207359314,28.730093836784363
stim_103_harmonic.wav,74.99999821186066,30.0,41.449077129364014,26.33027672767639
stim_103_harmonic.wav,80.00000059604645,60.0,46.60168647766113,25.969018936157227
stim_103_harmonic.wav,20.000000149011612,49.999998807907104,41.52811110019684,26.188530921936035
stim_103_harmonic.wav,40.000000298023224,40.000001192092896,41.289611756801605,26.32645010948181
stim_103_harmonic.wav,50.00000238418579,0.0,41.89292907714844,27.60285794734955
stim_103_harmonic.wav,20.000000149011612,0.0,44.00610476732254,25.461219549179077
stim_103_harmonic.wav,0.0,60.0,40.77755659818649,26.941756010055542
stim_103_harmonic.wav,5.000000037252903,20.000000596046448,27.663230895996094,30.19404888153076
stim_103_harmonic.wav,54.99999940395355,49.999998807907104,53.860344886779785,20.298889875411987
stim_103_harmonic.wav,5.000000037252903,0.0,41.42837584018707,26.122968792915344
stim_103_harmonic.wav,70.0000011920929,20.000000596046448,41.315586268901825,26.271235942840576
stim_103_harmonic.wav,70.0000011920929,30.0,41.484356224536896,26.2393856048584
stim_103_harmonic.wav,35.00000059604645,0.0,41.56210541725159,26.22990131378174
stim_103_harmonic.wav,35.00000059604645,40.000001192092896,41.46811008453369,26.307406425476074
stim_103_harmonic.wav,15.000000447034836,40.000001192092896,41.53916448354721,26.331680417060852
stim_74_harmonic.wav,64.9999988079071,40.000001192092896,59.50696349143982,33.870484828948975
stim_74_harmonic.wav,35.00000059604645,30.0,48.4901762008667,38.31649303436279
stim_74_harmonic.wav,35.00000059604645,40.000001192092896,34.26226168870926,43.117278814315796
stim_74_harmonic.wav,80.00000059604645,10.000000298023224,47.499260902404785,23.492401242256165
stim_74_harmonic.wav,25.000001192092896,40.000001192092896,30.128679871559143,30.142192840576172
stim_74_harmonic.wav,20.000000149011612,10.000000298023224,25.40703445672989,26.268004775047302
stim_74_harmonic.wav,10.000000074505806,49.999998807907104,20.830717831850052,34.866074323654175
stim_74_harmonic.wav,15.000000447034836,60.0,24.739014208316803,31.966989040374756
stim_74_harmonic.wav,70.0000011920929,20.000000596046448,44.412370920181274,28.001450300216675
stim_74_harmonic.wav,5.000000037252903,10.000000298023224,6.022616028785706,34.95130777359009
stim_74_harmonic.wav,20.000000149011612,40.000001192092896,25.589818954467773,38.06769847869873
stim_74_harmonic.wav,80.00000059604645,40.000001192092896,44.49933081865311,27.505109310150146
stim_74_harmonic.wav,54.99999940395355,0.0,32.38013684749603,28.257611989974976
stim_74_harmonic.wav,25.000001192092896,20.000000596046448,27.202829718589783,17.462689876556396
stim_74_harmonic.wav,45.0,40.000001192092896,49.889506101608276,21.108888387680054
stim_74_harmonic.wav,50.00000238418579,60.0,32.279918789863586,43.89524817466736
stim_74_harmonic.wav,84.99999761581421,30.0,43.49108576774597,25.822670459747314
stim_74_harmonic.wav,60.00000178813934,10.000000298023224,45.01028895378113,26.497517824172974
stim_74_harmonic.wav,25.000001192092896,10.000000298023224,42.121112644672394,25.85712969303131
stim_74_harmonic.wav,20.000000149011612,49.999998807907104,28.918129205703735,36.7695415019989
stim_74_harmonic.wav,60.00000178813934,30.0,57.940531969070435,19.731479287147522
stim_74_harmonic.wav,54.99999940395355,40.000001192092896,39.82824772596359,28.512362837791443
stim_74_harmonic.wav,35.00000059604645,20.000000596046448,57.76789426803589,50.62965631484985
stim_74_harmonic.wav,20.000000149011612,0.0,24.897948503494263,31.82901620864868
stim_74_harmonic.wav,80.00000059604645,60.0,42.38341927528381,27.504901885986328
stim_74_harmonic.wav,30.00000089406967,40.000001192092896,36.79862290620804,47.047133445739746
stim_74_harmonic.wav,10.000000074505806,30.0,26.672117114067078,34.00026082992554
stim_74_harmonic.wav,20.000000149011612,30.0,38.348762691020966,29.08309578895569
stim_74_harmonic.wav,60.00000178813934,60.0,42.275787591934204,36.379008293151855
stim_74_harmonic.wav,50.00000238418579,0.0,51.34462058544159,14.966467916965485
stim_74_harmonic.wav,30.00000089406967,30.0,42.04716145992279,26.544045209884644
stim_74_harmonic.wav,20.000000149011612,30.0,43.216347098350525,25.93848466873169
stim_74_harmonic.wav,80.00000059604645,30.0,46.48162007331848,26.150132417678833
stim_74_harmonic.wav,84.99999761581421,20.000000596046448,53.81297171115875,23.456132411956787
stim_74_harmonic.wav,74.99999821186066,20.000000596046448,42.523462772369385,30.747413635253906
stim_74_harmonic.wav,5.000000037252903,40.000001192092896,30.924845337867737,31.555949449539185
stim_74_harmonic.wav,64.9999988079071,0.0,61.55667543411255,17.383779287338257
stim_74_harmonic.wav,64.9999988079071,10.000000298023224,45.10983645915985,22.473227977752686
stim_74_harmonic.wav,5.000000037252903,10.000000298023224,23.943291306495667,26.258071660995483
stim_74_harmonic.wav,90.0,30.0,71.42120718955994,28.520103693008423
stim_74_harmonic.wav,10.000000074505806,20.000000596046448,11.769439280033112,39.550652503967285
stim_74_harmonic.wav,80.00000059604645,0.0,57.02330231666565,17.478838562965393
stim_74_harmonic.wav,80.00000059604645,0.0,71.82611882686615,7.005066275596619
stim_74_harmonic.wav,74.99999821186066,0.0,70.46068668365479,11.414517760276794
stim_74_harmonic.wav,60.00000178813934,0.0,60.20329713821411,15.197789669036865
stim_74_harmonic.wav,15.000000447034836,30.0,10.764512121677399,40.56353688240051
stim_74_harmonic.wav,10.000000074505806,40.000001192092896,28.187355995178223,31.688436269760132
stim_74_harmonic.wav,64.9999988079071,40.000001192092896,59.41611707210541,35.59131145477295
stim_74_harmonic.wav,74.99999821186066,30.0,47.45553016662598,25.87396502494812
stim_74_harmonic.wav,70.0000011920929,0.0,65.3032386302948,12.121952176094055
stim_74_harmonic.wav,35.00000059604645,10.000000298023224,41.83752000331879,28.940146565437317
stim_74_harmonic.wav,64.9999988079071,60.0,42.42912411689758,26.394892930984497
stim_74_harmonic.wav,5.000000037252903,10.000000298023224,28.300384283065796,32.099772691726685
stim_74_harmonic.wav,84.99999761581421,40.000001192092896,67.4470317363739,27.404848337173462
stim_74_harmonic.wav,15.000000447034836,30.0,32.08075940608978,27.9739111661911
stim_74_harmonic.wav,54.99999940395355,60.0,46.296263337135315,26.757944226264954
stim_74_harmonic.wav,84.99999761581421,10.000000298023224,68.73941659927368,15.713896751403809
stim_74_harmonic.wav,45.0,30.0,59.1331547498703,32.668007612228394
stim_74_harmonic.wav,10.000000074505806,10.000000298023224,15.149797797203064,33.65974545478821
stim_74_harmonic.wav,74.99999821186066,20.000000596046448,64.16913092136383,21.63020610809326
stim_74_harmonic.wav,50.00000238418579,10.000000298023224,42.14322745800018,26.249447464942932
stim_74_harmonic.wav,84.99999761581421,60.0,42.8289932012558,32.53867506980896
stim_74_harmonic.wav,15.000000447034836,60.0,41.84389293193817,25.76010525226593
stim_74_harmonic.wav,80.00000059604645,20.000000596046448,44.97581988573074,25.562655329704285
stim_74_harmonic.wav,10.000000074505806,40.000001192092896,24.393001198768616,32.84852385520935
stim_74_harmonic.wav,90.0,60.0,45.651052594184875,27.892908453941345
stim_74_harmonic.wav,70.0000011920929,60.0,54.01722729206085,50.09502410888672
stim_74_harmonic.wav,40.000000298023224,30.0,49.16198372840881,28.170086145401
stim_74_harmonic.wav,30.00000089406967,40.000001192092896,38.99926543235779,32.21913814544678
stim_74_harmonic.wav,0.0,60.0,8.113915622234344,25.146766304969788
stim_74_harmonic.wav,74.99999821186066,10.000000298023224,46.8721604347229,28.00152897834778
stim_74_harmonic.wav,10.000000074505806,60.0,30.06420224905014,29.7454833984375
stim_74_harmonic.wav,5.000000037252903,30.0,4.7297751903533936,29.99938130378723
stim_74_harmonic.wav,25.000001192092896,20.000000596046448,28.295499980449677,27.14912474155426
stim_74_harmonic.wav,20.000000149011612,20.000000596046448,28.58664572238922,33.695307970047
stim_74_harmonic.wav,20.000000149011612,60.0,22.094938158988953,41.97592377662659
stim_74_harmonic.wav,84.99999761581421,10.000000298023224,39.13713365793228,28.79935383796692
stim_74_harmonic.wav,5.000000037252903,60.0,30.118680596351624,24.075549244880676
stim_74_harmonic.wav,15.000000447034836,49.999998807907104,30.002838671207428,28.887943625450134
stim_74_harmonic.wav,30.00000089406967,0.0,43.88143301010132,36.264002323150635
stim_74_harmonic.wav,40.000000298023224,0.0,49.32343661785126,27.97753930091858
stim_74_harmonic.wav,5.000000037252903,10.000000298023224,24.70986932516098,31.370315551757812
stim_74_harmonic.wav,0.0,20.000000596046448,33.35432589054108,23.58635902404785
stim_74_harmonic.wav,15.000000447034836,40.000001192092896,29.590006470680237,33.347740173339844
stim_74_harmonic.wav,35.00000059604645,40.000001192092896,32.39445984363556,42.22291946411133
stim_74_harmonic.wav,74.99999821186066,0.0,60.697574615478516,14.291079640388489
stim_74_harmonic.wav,10.000000074505806,60.0,8.731271624565125,35.45017719268799
stim_74_harmonic.wav,45.0,60.0,36.0749951004982,34.01142597198486
stim_74_harmonic.wav,70.0000011920929,10.000000298023224,42.22810059785843,28.164267539978027
stim_74_harmonic.wav,0.0,10.000000298023224,9.573627412319183,27.085318565368652
stim_74_harmonic.wav,90.0,10.000000298023224,49.12341356277466,25.856171250343323
stim_74_harmonic.wav,15.000000447034836,49.999998807907104,8.85846197605133,38.93720626831055
stim_74_harmonic.wav,50.00000238418579,10.000000298023224,45.39008438587189,23.999358415603638
stim_74_harmonic.wav,54.99999940395355,60.0,45.28513491153717,23.90712797641754
stim_74_harmonic.wav,74.99999821186066,20.000000596046448,61.87074065208435,25.355138182640076
stim_74_harmonic.wav,74.99999821186066,49.999998807907104,66.4880883693695,40.57891845703125
stim_74_harmonic.wav,5.000000037252903,60.0,27.482487559318542,30.738000869750977
stim_74_harmonic.wav,30.00000089406967,40.000001192092896,40.63513666391373,31.893761157989502
stim_74_harmonic.wav,45.0,10.000000298023224,48.25966715812683,22.593895196914673
stim_74_harmonic.wav,54.99999940395355,20.000000596046448,39.296942353248596,27.398593425750732
stim_74_harmonic.wav,54.99999940395355,60.0,44.22655552625656,25.306631326675415
stim_74_harmonic.wav,60.00000178813934,49.999998807907104,50.89385390281677,28.247893452644348
stim_74_harmonic.wav,70.0000011920929,10.000000298023224,56.667383909225464,25.8949077129364
stim_74_harmonic.wav,40.000000298023224,20.000000596046448,53.247385025024414,27.331114411354065
stim_74_harmonic.wav,25.000001192092896,40.000001192092896,39.969420433044434,28.564438819885254
stim_74_harmonic.wav,74.99999821186066,0.0,60.034650564193726,13.161394000053406
stim_74_harmonic.wav,70.0000011920929,0.0,65.72925388813019,12.760435044765472
stim_74_harmonic.wav,50.00000238418579,49.999998807907104,53.32845211029053,32.25204348564148
stim_74_harmonic.wav,0.0,20.000000596046448,40.95245540142059,30.722029209136963
stim_74_harmonic.wav,10.000000074505806,40.000001192092896,33.90298247337341,28.808834552764893
stim_74_harmonic.wav,50.00000238418579,20.000000596046448,47.58908808231354,12.959579229354858
stim_74_harmonic.wav,60.00000178813934,40.000001192092896,53.45371663570404,23.924760818481445
stim_74_harmonic.wav,50.00000238418579,20.000000596046448,40.32485872507095,27.471290230751038
stim_74_harmonic.wav,25.000001192092896,10.000000298023224,41.08731150627136,26.258704662322998
stim_74_harmonic.wav,0.0,40.000001192092896,13.151592314243317,22.753658294677734
stim_74_harmonic.wav,5.000000037252903,10.000000298023224,20.812898576259613,34.7695255279541
stim_74_harmonic.wav,10.000000074505806,30.0,20.054603219032288,34.69219207763672
stim_74_harmonic.wav,74.99999821186066,0.0,45.964656472206116,24.061995148658752
stim_74_harmonic.wav,35.00000059604645,20.000000596046448,59.952542781829834,52.768142223358154
stim_74_harmonic.wav,20.000000149011612,10.000000298023224,26.113632917404175,36.89585208892822
stim_74_harmonic.wav,45.0,20.000000596046448,46.80143594741821,23.70257556438446
stim_74_harmonic.wav,45.0,49.999998807907104,54.81060862541199,51.461477279663086
stim_74_harmonic.wav,80.00000059604645,30.0,44.98005509376526,30.459119081497192
stim_74_harmonic.wav,25.000001192092896,10.000000298023224,30.237314701080322,21.246480345726013
stim_74_harmonic.wav,74.99999821186066,40.000001192092896,51.373926401138306,25.80470860004425
stim_74_harmonic.wav,84.99999761581421,30.0,70.52038192749023,27.169278860092163
stim_74_harmonic.wav,60.00000178813934,0.0,45.86738884449005,26.515392065048218
stim_74_harmonic.wav,15.000000447034836,20.000000596046448,21.440697759389877,31.008471250534058
stim_74_harmonic.wav,45.0,30.0,44.32241767644882,34.835954904556274
stim_74_harmonic.wav,50.00000238418579,30.0,46.888521909713745,19.869802594184875
stim_74_harmonic.wav,64.9999988079071,40.000001192092896,53.238356709480286,26.80668354034424
stim_74_harmonic.wav,10.000000074505806,20.000000596046448,31.24009609222412,31.632317304611206
stim_67_harmonic.wav,0.0,40.000001192092896,8.550514876842499,25.523024797439575
stim_67_harmonic.wav,90.0,60.0,40.93960762023926,26.10185444355011
stim_67_harmonic.wav,70.0000011920929,0.0,65.31033039093018,7.817798852920532
stim_67_harmonic.wav,50.00000238418579,40.000001192092896,48.07036221027374,21.498109102249146
stim_67_harmonic.wav,80.00000059604645,49.999998807907104,74.65222299098969,42.50102162361145
stim_67_harmonic.wav,70.0000011920929,60.0,42.58312314748764,23.283534049987793
stim_67_harmonic.wav,45.0,20.000000596046448,44.80567127466202,29.97273087501526
stim_67_harmonic.wav,35.00000059604645,49.999998807907104,42.85039722919464,23.00520122051239
stim_67_harmonic.wav,70.0000011920929,10.000000298023224,54.34063196182251,26.582821011543274
stim_67_harmonic.wav,84.99999761581421,49.999998807907104,54.78461265563965,23.354482054710388
stim_67_harmonic.wav,64.9999988079071,0.0,69.97386574745178,12.870471775531769
stim_67_harmonic.wav,45.0,0.0,45.511524081230164,26.043376922607422
stim_67_harmonic.wav,45.0,10.000000298023224,45.69337248802185,23.834651112556458
stim_67_harmonic.wav,0.0,40.000001192092896,11.945040822029114,24.49073016643524
stim_67_harmonic.wav,10.000000074505806,49.999998807907104,23.734663724899292,30.5468487739563
stim_67_harmonic.wav,0.0,49.999998807907104,26.190311908721924,24.044201374053955
stim_67_harmonic.wav,45.0,49.999998807907104,49.084537625312805,28.29488754272461
stim_67_harmonic.wav,80.00000059604645,30.0,57.37915635108948,29.09509241580963
stim_67_harmonic.wav,54.99999940395355,20.000000596046448,55.37629723548889,26.178311705589294
stim_67_harmonic.wav,60.00000178813934,40.000001192092896,58.256404995918274,33.4315824508667
stim_67_harmonic.wav,5.000000037252903,60.0,41.46421551704407,32.74796962738037
stim_67_harmonic.wav,40.000000298023224,0.0,49.1542911529541,33.55832576751709
stim_67_harmonic.wav,50.00000238418579,0.0,47.81518220901489,14.577155113220215
stim_67_harmonic.wav,40.000000298023224,20.000000596046448,42.112757563591,26.460371017456055
stim_67_harmonic.wav,25.000001192092896,60.0,45.13557493686676,25.64627766609192
stim_67_harmonic.wav,20.000000149011612,60.0,18.827552944421768,35.934165716171265
stim_67_harmonic.wav,30.00000089406967,60.0,34.710423946380615,36.07019662857056
stim_67_harmonic.wav,30.00000089406967,40.000001192092896,41.822065114974976,25.89272975921631
stim_67_harmonic.wav,0.0,40.000001192092896,32.858208417892456,27.9249107837677
stim_67_harmonic.wav,84.99999761581421,60.0,47.26019561290741,23.119661808013916
stim_67_harmonic.wav,70.0000011920929,49.999998807907104,46.60102128982544,27.348192930221558
stim_67_harmonic.wav,15.000000447034836,0.0,24.03384268283844,26.18690013885498
stim_67_harmonic.wav,20.000000149011612,20.000000596046448,22.566803097724915,16.71711802482605
stim_67_harmonic.wav,40.000000298023224,60.0,48.75584363937378,26.80125653743744
stim_67_harmonic.wav,35.00000059604645,20.000000596046448,40.91850131750107,20.09858787059784
stim_67_harmonic.wav,35.00000059604645,49.999998807907104,40.576235353946686,29.13267731666565
stim_67_harmonic.wav,20.000000149011612,49.999998807907104,23.849966526031494,24.095313549041748
stim_67_harmonic.wav,80.00000059604645,60.0,57.67616271972656,31.185007095336914
stim_67_harmonic.wav,84.99999761581421,10.000000298023224,50.42408108711243,22.9596608877182
stim_67_harmonic.wav,60.00000178813934,30.0,63.68449330329895,27.662689089775085
stim_67_harmonic.wav,70.0000011920929,0.0,53.558472990989685,22.145918011665344
stim_67_harmonic.wav,90.0,10.000000298023224,43.510236740112305,22.64163315296173
stim_67_harmonic.wav,84.99999761581421,49.999998807907104,50.59222340583801,30.644184350967407
stim_67_harmonic.wav,25.000001192092896,40.000001192092896,37.26105183362961,25.012611150741577
stim_67_harmonic.wav,64.9999988079071,0.0,65.00415086746216,8.333172798156738
stim_67_harmonic.wav,74.99999821186066,20.000000596046448,54.74739968776703,28.00274670124054
stim_67_harmonic.wav,50.00000238418579,40.000001192092896,49.11481976509094,27.29050040245056
stim_67_harmonic.wav,64.9999988079071,0.0,48.75375151634216,20.93073606491089
stim_67_harmonic.wav,60.00000178813934,49.999998807907104,50.87500870227814,28.78230571746826
stim_67_harmonic.wav,74.99999821186066,30.0,57.58281111717224,28.837552070617676
stim_67_harmonic.wav,15.000000447034836,60.0,22.737531065940857,31.500810384750366
stim_67_harmonic.wav,20.000000149011612,0.0,30.948856472969055,32.554932832717896
stim_67_harmonic.wav,80.00000059604645,0.0,73.68068933486938,6.1086201667785645
stim_67_harmonic.wav,0.0,20.000000596046448,23.061383664608,25.17411231994629
stim_67_harmonic.wav,30.00000089406967,49.999998807907104,43.53102654218674,25.694721937179565
stim_67_harmonic.wav,80.00000059604645,40.000001192092896,76.83141589164734,36.18551731109619
stim_67_harmonic.wav,74.99999821186066,30.0,36.25913679599762,28.000118136405945
stim_67_harmonic.wav,0.0,30.0,19.58268865942955,26.586989164352417
stim_67_harmonic.wav,25.000001192092896,0.0,39.59512621164322,26.14522933959961
stim_67_harmonic.wav,30.00000089406967,49.999998807907104,46.25837981700897,21.966660618782043
stim_67_harmonic.wav,54.99999940395355,0.0,73.67239594459534,33.91172647476196
stim_67_harmonic.wav,90.0,40.000001192092896,82.71974444389343,29.390480518341064
stim_67_harmonic.wav,54.99999940395355,10.000000298023224,72.9752629995346,29.78660523891449
stim_67_harmonic.wav,0.0,10.000000298023224,37.38564312458038,30.27186870574951
stim_67_harmonic.wav,70.0000011920929,49.999998807907104,62.804503440856934,38.38113784790039
stim_67_harmonic.wav,70.0000011920929,0.0,61.88631892204285,14.764368832111359
stim_67_harmonic.wav,84.99999761581421,40.000001192092896,80.26760458946228,34.6058464050293
stim_67_harmonic.wav,80.00000059604645,30.0,79.03615415096283,27.18075692653656
stim_67_harmonic.wav,64.9999988079071,30.0,50.36024451255798,29.881780743598938
stim_67_harmonic.wav,0.0,40.000001192092896,32.353105545043945,25.422885417938232
stim_67_harmonic.wav,15.000000447034836,40.000001192092896,10.697599053382874,32.70092725753784
stim_67_harmonic.wav,64.9999988079071,30.0,48.377169370651245,24.33376908302307
stim_67_harmonic.wav,35.00000059604645,49.999998807907104,53.67124915122986,23.41390371322632
stim_67_harmonic.wav,84.99999761581421,49.999998807907104,78.65551114082336,46.714439392089844
stim_67_harmonic.wav,15.000000447034836,20.000000596046448,30.51180124282837,26.918002367019653
stim_67_harmonic.wav,25.000001192092896,60.0,40.08113980293274,26.20703637599945
stim_67_harmonic.wav,90.0,20.000000596046448,55.43927013874054,27.84925103187561
stim_67_harmonic.wav,35.00000059604645,10.000000298023224,39.79040443897247,9.433339834213257
stim_67_harmonic.wav,45.0,49.999998807907104,50.10037064552307,28.47261071205139
stim_67_harmonic.wav,90.0,60.0,43.71567785739899,32.47994899749756
stim_67_harmonic.wav,45.0,0.0,56.478191614151,34.490110874176025
stim_67_harmonic.wav,30.00000089406967,20.000000596046448,36.928406953811646,10.44783353805542
stim_67_harmonic.wav,20.000000149011612,30.0,39.905964732170105,29.034980535507202
stim_67_harmonic.wav,80.00000059604645,30.0,70.95827400684357,21.499233841896057
stim_67_harmonic.wav,60.00000178813934,0.0,63.14009070396423,14.950881600379944
stim_67_harmonic.wav,10.000000074505806,40.000001192092896,15.126325786113739,31.971166133880615
stim_67_harmonic.wav,20.000000149011612,40.000001192092896,22.80151516199112,30.521278381347656
stim_67_harmonic.wav,25.000001192092896,20.000000596046448,43.34362596273422,26.143450140953064
stim_67_harmonic.wav,5.000000037252903,20.000000596046448,10.39419561624527,34.03360605239868
stim_67_harmonic.wav,15.000000447034836,40.000001192092896,13.277640044689178,33.095619678497314
stim_67_harmonic.wav,80.00000059604645,20.000000596046448,68.19063663482666,15.386592149734497
stim_67_harmonic.wav,60.00000178813934,20.000000596046448,53.5338020324707,22.323753833770752
stim_67_harmonic.wav,35.00000059604645,60.0,28.449692130088806,39.59719777107239
stim_67_harmonic.wav,10.000000074505806,60.0,20.91507464647293,28.79388928413391
stim_67_harmonic.wav,35.00000059604645,0.0,42.00227200984955,16.765419244766235
stim_67_harmonic.wav,45.0,60.0,36.82711333036423,38.99170160293579
stim_67_harmonic.wav,70.0000011920929,30.0,50.91596603393555,24.87973988056183
stim_67_harmonic.wav,70.0000011920929,40.000001192092896,76.3554310798645,33.49103093147278
stim_67_harmonic.wav,74.99999821186066,40.000001192092896,65.25282919406891,34.77908134460449
stim_67_harmonic.wav,40.000000298023224,10.000000298023224,42.54033386707306,22.51497745513916
stim_67_harmonic.wav,60.00000178813934,40.000001192092896,63.497339487075806,38.754472732543945
stim_67_harmonic.wav,80.00000059604645,10.000000298023224,47.02249825000763,24.154744148254395
stim_67_harmonic.wav,54.99999940395355,40.000001192092896,47.816872000694275,28.701279759407043
stim_67_harmonic.wav,5.000000037252903,60.0,6.169244349002838,39.86704230308533
stim_67_harmonic.wav,5.000000037252903,30.0,5.786219537258148,40.37139058113098
stim_67_harmonic.wav,54.99999940395355,10.000000298023224,49.232107400894165,29.253403544425964
stim_67_harmonic.wav,80.00000059604645,0.0,49.882328510284424,25.66368877887726
stim_67_harmonic.wav,54.99999940395355,40.000001192092896,59.48701858520508,37.03214406967163
stim_67_harmonic.wav,10.000000074505806,40.000001192092896,35.064711570739746,26.361980438232422
stim_67_harmonic.wav,5.000000037252903,10.000000298023224,34.58949387073517,27.10392415523529
stim_67_harmonic.wav,15.000000447034836,60.0,19.71640482544899,33.10755372047424
stim_67_harmonic.wav,10.000000074505806,0.0,5.899094939231873,34.47935700416565
stim_67_harmonic.wav,64.9999988079071,49.999998807907104,52.24004924297333,28.22965443134308
stim_67_harmonic.wav,70.0000011920929,60.0,44.01460736989975,15.191727876663208
stim_67_harmonic.wav,80.00000059604645,49.999998807907104,45.32011091709137,25.695472955703735
stim_67_harmonic.wav,50.00000238418579,60.0,41.96397542953491,28.65194857120514
stim_67_harmonic.wav,0.0,20.000000596046448,8.446434438228607,24.967893362045288
stim_67_harmonic.wav,90.0,10.000000298023224,48.80324363708496,22.05642521381378
stim_67_harmonic.wav,40.000000298023224,10.000000298023224,49.11980330944061,25.85380733013153
stim_67_harmonic.wav,10.000000074505806,20.000000596046448,16.19543820619583,26.643211841583252
stim_67_harmonic.wav,0.0,49.999998807907104,5.676718354225159,30.658929347991943
stim_67_harmonic.wav,5.000000037252903,10.000000298023224,9.36411738395691,35.4371702671051
stim_67_harmonic.wav,60.00000178813934,49.999998807907104,45.8469021320343,23.104695081710815
stim_67_harmonic.wav,60.00000178813934,60.0,45.764418840408325,20.815690755844116
stim_67_harmonic.wav,25.000001192092896,40.000001192092896,47.40002453327179,22.75420367717743
stim_67_harmonic.wav,15.000000447034836,30.0,16.066861152648926,35.501593351364136
stim_67_harmonic.wav,74.99999821186066,60.0,55.93669652938843,36.876254081726074
stim_67_harmonic.wav,74.99999821186066,0.0,49.32778716087341,27.76097059249878
stim_67_harmonic.wav,5.000000037252903,20.000000596046448,10.365404784679413,34.631545543670654
stim_67_harmonic.wav,20.000000149011612,30.0,23.187729120254517,28.7639057636261
stim_67_harmonic.wav,64.9999988079071,30.0,66.62944078445435,31.799147129058838
stim_67_harmonic.wav,84.99999761581421,20.000000596046448,46.69593930244446,24.63599145412445
stim_67_harmonic.wav,64.9999988079071,20.000000596046448,48.003602027893066,31.584066152572632
stim_61_harmonic.wav,15.000000447034836,40.000001192092896,14.714577198028564,39.17869806289673
stim_61_harmonic.wav,54.99999940395355,60.0,44.13529872894287,51.61268591880798
stim_61_harmonic.wav,35.00000059604645,30.0,42.085884511470795,27.897359132766724
stim_61_harmonic.wav,50.00000238418579,49.999998807907104,63.734822273254395,48.43508720397949
stim_61_harmonic.wav,20.000000149011612,0.0,26.02634310722351,32.39240527153015
stim_61_harmonic.wav,54.99999940395355,10.000000298023224,50.40534853935242,23.804263472557068
stim_61_harmonic.wav,60.00000178813934,0.0,51.97326600551605,16.769328117370605
stim_61_harmonic.wav,74.99999821186066,20.000000596046448,42.62191593647003,25.057892203330994
stim_61_harmonic.wav,10.000000074505806,60.0,20.188609063625336,29.56271767616272
stim_61_harmonic.wav,50.00000238418579,0.0,45.568649768829346,25.08185863494873
stim_61_harmonic.wav,60.00000178813934,10.000000298023224,52.10444748401642,25.549596548080444
stim_61_harmonic.wav,35.00000059604645,40.000001192092896,37.865999937057495,44.65752124786377
stim_61_harmonic.wav,45.0,60.0,23.24465900659561,26.276124715805054
stim_61_harmonic.wav,20.000000149011612,0.0,23.124410212039948,16.191004514694214
stim_61_harmonic.wav,10.000000074505806,20.000000596046448,13.758208751678467,35.94956874847412
stim_61_harmonic.wav,35.00000059604645,10.000000298023224,48.42296004295349,35.906174182891846
stim_61_harmonic.wav,70.0000011920929,0.0,50.40026843547821,31.696232557296753
stim_61_harmonic.wav,45.0,60.0,24.274294674396515,24.947479963302612
stim_61_harmonic.wav,70.0000011920929,20.000000596046448,45.585671067237854,22.87259817123413
stim_61_harmonic.wav,70.0000011920929,30.0,68.32370638847351,29.174355268478394
stim_61_harmonic.wav,25.000001192092896,30.0,37.77183026075363,27.010844349861145
stim_61_harmonic.wav,90.0,30.0,68.26140403747559,25.238190293312073
stim_61_harmonic.wav,70.0000011920929,49.999998807907104,43.187719881534576,25.827056765556335
stim_61_harmonic.wav,54.99999940395355,30.0,50.38532853126526,26.999530792236328
stim_61_harmonic.wav,84.99999761581421,40.000001192092896,63.51454317569733,26.80503487586975
stim_61_harmonic.wav,70.0000011920929,10.000000298023224,55.73933959007263,26.656635403633118
stim_61_harmonic.wav,54.99999940395355,40.000001192092896,42.88337230682373,24.947378039360046
stim_61_harmonic.wav,40.000000298023224,40.000001192092896,44.31782841682434,25.77248990535736
stim_61_harmonic.wav,80.00000059604645,49.999998807907104,45.68687617778778,24.53642964363098
stim_61_harmonic.wav,40.000000298023224,0.0,55.024670362472534,30.002607107162476
stim_61_harmonic.wav,0.0,49.999998807907104,17.58295565843582,35.401790142059326
stim_61_harmonic.wav,25.000001192092896,60.0,31.77778512239456,38.45472693443298
stim_61_harmonic.wav,80.00000059604645,60.0,43.351653814315796,33.375041484832764
stim_61_harmonic.wav,25.000001192092896,60.0,19.66293767094612,44.566744565963745
stim_61_harmonic.wav,80.00000059604645,49.999998807907104,55.38501977920532,31.6902494430542
stim_61_harmonic.wav,40.000000298023224,0.0,48.766701221466064,23.518552780151367
stim_61_harmonic.wav,30.00000089406967,10.000000298023224,39.6968811750412,28.148083090782166
stim_61_harmonic.wav,20.000000149011612,0.0,22.44158148765564,21.09938621520996
stim_61_harmonic.wav,45.0,40.000001192092896,35.86232542991638,27.238603234291077
stim_61_harmonic.wav,54.99999940395355,30.0,41.83767557144165,26.320631504058838
stim_61_harmonic.wav,84.99999761581421,60.0,43.2990825176239,29.095945358276367
stim_61_harmonic.wav,74.99999821186066,10.000000298023224,61.64949595928192,16.603024005889893
stim_61_harmonic.wav,74.99999821186066,40.000001192092896,63.95443081855774,30.095211267471313
stim_61_harmonic.wav,0.0,20.000000596046448,31.257286369800568,29.357328414916992
stim_61_harmonic.wav,35.00000059604645,40.000001192092896,39.659024477005005,39.32187795639038
stim_61_harmonic.wav,40.000000298023224,20.000000596046448,41.570825278759,26.057792901992798
stim_61_harmonic.wav,64.9999988079071,10.000000298023224,63.78281235694885,17.06300139427185
stim_61_harmonic.wav,54.99999940395355,60.0,34.128668904304504,49.41961169242859
stim_61_harmonic.wav,45.0,10.000000298023224,39.73914474248886,27.779311537742615
stim_61_harmonic.wav,35.00000059604645,60.0,20.319279581308365,45.21933317184448
stim_61_harmonic.wav,60.00000178813934,0.0,40.71792036294937,35.00166893005371
stim_61_harmonic.wav,64.9999988079071,49.999998807907104,54.25141096115112,34.085283279418945
stim_61_harmonic.wav,80.00000059604645,60.0,50.143747329711914,38.07358503341675
stim_61_harmonic.wav,74.99999821186066,49.999998807907104,59.00735378265381,35.914281606674194
stim_61_harmonic.wav,70.0000011920929,30.0,65.60241222381592,23.500741124153137
stim_61_harmonic.wav,20.000000149011612,10.000000298023224,35.79798460006714,23.974578380584717
stim_61_harmonic.wav,80.00000059604645,60.0,40.79643130302429,29.567429423332214
stim_61_harmonic.wav,30.00000089406967,60.0,36.77069842815399,33.187415599823
stim_61_harmonic.wav,35.00000059604645,49.999998807907104,49.83950972557068,21.137089133262634
stim_61_harmonic.wav,64.9999988079071,60.0,41.39440029859543,38.46764087677002
stim_61_harmonic.wav,60.00000178813934,20.000000596046448,45.97806751728058,24.760687351226807
stim_61_harmonic.wav,10.000000074505806,0.0,26.855861842632294,26.31401002407074
stim_61_harmonic.wav,60.00000178813934,30.0,46.12057328224182,29.65648591518402
stim_61_harmonic.wav,84.99999761581421,10.000000298023224,36.52123153209686,26.766366362571716
stim_61_harmonic.wav,74.99999821186066,40.000001192092896,59.20388460159302,28.48601460456848
stim_61_harmonic.wav,10.000000074505806,10.000000298023224,19.420889765024185,35.0612211227417
stim_61_harmonic.wav,60.00000178813934,10.000000298023224,56.41927421092987,27.392646074295044
stim_61_harmonic.wav,74.99999821186066,30.0,41.987396478652954,25.90245008468628
stim_61_harmonic.wav,45.0,20.000000596046448,46.489489674568176,26.52342975139618
stim_61_harmonic.wav,35.00000059604645,10.000000298023224,42.20601260662079,29.106202125549316
stim_61_harmonic.wav,35.00000059604645,40.000001192092896,40.897639095783234,26.585299372673035
stim_61_harmonic.wav,25.000001192092896,10.000000298023224,32.710544764995575,24.25330638885498
stim_61_harmonic.wav,25.000001192092896,30.0,27.314087748527527,23.859107494354248
stim_61_harmonic.wav,10.000000074505806,40.000001192092896,22.170584499835968,33.0618953704834
stim_61_harmonic.wav,10.000000074505806,49.999998807907104,30.613920986652374,33.86918306350708
stim_61_harmonic.wav,70.0000011920929,60.0,42.080769538879395,35.95789432525635
stim_61_harmonic.wav,15.000000447034836,10.000000298023224,26.440438628196716,26.846247911453247
stim_61_harmonic.wav,70.0000011920929,0.0,57.72036015987396,15.327644348144531
stim_61_harmonic.wav,70.0000011920929,20.000000596046448,66.49336159229279,20.610580444335938
stim_61_harmonic.wav,54.99999940395355,20.000000596046448,59.36040222644806,22.304375767707825
stim_61_harmonic.wav,35.00000059604645,30.0,45.73650777339935,42.83426284790039
stim_61_harmonic.wav,30.00000089406967,10.000000298023224,45.42938947677612,32.11166739463806
stim_61_harmonic.wav,20.000000149011612,10.000000298023224,34.77916896343231,23.288710713386536
stim_61_harmonic.wav,30.00000089406967,20.000000596046448,33.058231472969055,24.046486616134644
stim_61_harmonic.wav,20.000000149011612,60.0,25.07731854915619,30.441166162490845
stim_61_harmonic.wav,10.000000074505806,10.000000298023224,29.49391096830368,31.804840564727783
stim_61_harmonic.wav,30.00000089406967,40.000001192092896,38.46811830997467,28.889071941375732
stim_61_harmonic.wav,60.00000178813934,40.000001192092896,53.602294921875,30.894538164138794
stim_61_harmonic.wav,30.00000089406967,0.0,40.38177251815796,20.670958757400513
stim_61_harmonic.wav,35.00000059604645,30.0,45.61497151851654,26.31947636604309
stim_61_harmonic.wav,50.00000238418579,10.000000298023224,57.04053819179535,23.04314374923706
stim_61_harmonic.wav,80.00000059604645,49.999998807907104,48.03081572055817,28.095855116844177
stim_61_harmonic.wav,30.00000089406967,20.000000596046448,31.706473231315613,24.520205855369568
stim_61_harmonic.wav,40.000000298023224,0.0,45.78735709190369,30.25563955307007
stim_61_harmonic.wav,70.0000011920929,20.000000596046448,48.40218901634216,23.89432668685913
stim_61_harmonic.wav,20.000000149011612,20.000000596046448,23.03859829902649,17.67452895641327
stim_61_harmonic.wav,60.00000178813934,20.000000596046448,55.086795687675476,18.43086004257202
stim_61_harmonic.wav,50.00000238418579,60.0,34.39499348402023,34.98802185058594
stim_61_harmonic.wav,60.00000178813934,20.000000596046448,44.65664505958557,27.177590131759644
stim_61_harmonic.wav,50.00000238418579,40.000001192092896,52.407622933387756,42.9516863822937
stim_61_harmonic.wav,25.000001192092896,10.000000298023224,27.52598226070404,16.06116235256195
stim_61_harmonic.wav,10.000000074505806,30.0,35.47958493232727,29.10801351070404
stim_61_harmonic.wav,45.0,49.999998807907104,40.494873225688934,32.77125120162964
stim_61_harmonic.wav,30.00000089406967,10.000000298023224,43.27794402837753,25.63785195350647
stim_61_harmonic.wav,64.9999988079071,40.000001192092896,47.43355214595795,28.619381189346313
stim_61_harmonic.wav,50.00000238418579,10.000000298023224,46.97587609291077,24.634950757026672
stim_68_harmonic.wav,15.000000447034836,49.999998807907104,13.918687999248505,40.37158727645874
stim_68_harmonic.wav,30.00000089406967,30.0,46.460543274879456,49.04876232147217
stim_68_harmonic.wav,40.000000298023224,20.000000596046448,49.26067292690277,23.077833652496338
stim_68_harmonic.wav,40.000000298023224,30.0,44.424580335617065,21.304585933685303
stim_68_harmonic.wav,74.99999821186066,60.0,53.844106793403625,43.100130558013916
stim_68_harmonic.wav,40.000000298023224,30.0,47.07784831523895,29.778413772583008
stim_68_harmonic.wav,35.00000059604645,49.999998807907104,41.58945322036743,27.96800136566162
stim_68_harmonic.wav,80.00000059604645,10.000000298023224,61.81180715560913,15.6265389919281
stim_68_harmonic.wav,80.00000059604645,60.0,43.48126620054245,25.13226628303528
stim_68_harmonic.wav,25.000001192092896,40.000001192092896,49.579646587371826,20.952258110046387
stim_68_harmonic.wav,74.99999821186066,0.0,71.19450688362122,7.983461022377014
stim_68_harmonic.wav,80.00000059604645,10.000000298023224,68.16148638725281,13.089324831962585
stim_68_harmonic.wav,40.000000298023224,40.000001192092896,41.786654591560364,25.932886004447937
stim_68_harmonic.wav,30.00000089406967,49.999998807907104,44.60319668054581,28.56588363647461
stim_68_harmonic.wav,25.000001192092896,40.000001192092896,36.03994399309158,33.54916334152222
stim_68_harmonic.wav,45.0,49.999998807907104,51.65975332260132,31.897941827774048
stim_68_harmonic.wav,35.00000059604645,60.0,43.57199192047119,25.419480800628662
stim_68_harmonic.wav,25.000001192092896,10.000000298023224,40.681986808776855,36.687337160110474
stim_68_harmonic.wav,84.99999761581421,30.0,49.881539940834045,26.52852237224579
stim_68_harmonic.wav,0.0,0.0,11.953969895839691,29.43381428718567
stim_68_harmonic.wav,84.99999761581421,0.0,53.75836193561554,18.87661099433899
stim_68_harmonic.wav,45.0,60.0,50.99805235862732,20.203746557235718
stim_68_harmonic.wav,30.00000089406967,10.000000298023224,39.837426245212555,26.665071845054626
stim_68_harmonic.wav,54.99999940395355,60.0,41.790970265865326,51.157214641571045
stim_68_harmonic.wav,15.000000447034836,60.0,31.793256103992462,27.91090965270996
stim_68_harmonic.wav,5.000000037252903,20.000000596046448,26.700462698936462,25.60389518737793
stim_68_harmonic.wav,45.0,30.0,48.48858296871185,23.160674571990967
stim_68_harmonic.wav,10.000000074505806,30.0,12.571293711662292,43.3633017539978
stim_68_harmonic.wav,15.000000447034836,10.000000298023224,23.36014688014984,25.853771567344666
stim_68_harmonic.wav,64.9999988079071,60.0,44.39092665910721,25.264025330543518
stim_68_harmonic.wav,50.00000238418579,49.999998807907104,49.917470812797546,37.37396836280823
stim_68_harmonic.wav,5.000000037252903,60.0,26.134530007839203,29.65574562549591
stim_68_harmonic.wav,0.0,20.000000596046448,11.721250712871552,29.712177515029907
stim_68_harmonic.wav,20.000000149011612,10.000000298023224,47.312278747558594,25.227583050727844
stim_68_harmonic.wav,90.0,20.000000596046448,42.40366995334625,26.012881994247437
stim_68_harmonic.wav,84.99999761581421,30.0,74.35936331748962,27.297486662864685
stim_68_harmonic.wav,25.000001192092896,20.000000596046448,43.46423953771591,25.588982105255127
stim_68_harmonic.wav,60.00000178813934,40.000001192092896,52.35580801963806,24.149174094200134
stim_68_harmonic.wav,15.000000447034836,30.0,14.629588723182678,29.455166459083557
stim_68_harmonic.wav,70.0000011920929,0.0,64.86345291137695,12.044845819473267
stim_68_harmonic.wav,54.99999940395355,60.0,38.189493119716644,49.28731441497803
stim_68_harmonic.wav,84.99999761581421,49.999998807907104,46.4644593000412,28.159337639808655
stim_68_harmonic.wav,60.00000178813934,0.0,43.316457867622375,24.878477454185486
stim_68_harmonic.wav,10.000000074505806,60.0,36.27039134502411,26.977463364601135
stim_68_harmonic.wav,5.000000037252903,30.0,27.796485722064972,29.51491355895996
stim_68_harmonic.wav,74.99999821186066,60.0,55.78790903091431,49.601547718048096
stim_68_harmonic.wav,74.99999821186066,49.999998807907104,58.07029187679291,33.058615922927856
stim_68_harmonic.wav,0.0,10.000000298023224,28.140546083450317,27.31039524078369
stim_68_harmonic.wav,40.000000298023224,20.000000596046448,41.299238204956055,19.60415482521057
stim_68_harmonic.wav,20.000000149011612,60.0,44.89464819431305,29.052507877349854
stim_68_harmonic.wav,40.000000298023224,30.0,49.00901734828949,24.102548360824585
stim_68_harmonic.wav,10.000000074505806,30.0,37.365853786468506,26.698678135871887
stim_68_harmonic.wav,10.000000074505806,40.000001192092896,36.106339395046234,28.964529633522034
stim_68_harmonic.wav,5.000000037252903,60.0,31.914237141609192,27.90219247341156
stim_68_harmonic.wav,20.000000149011612,40.000001192092896,40.77906668186188,28.97133708000183
stim_68_harmonic.wav,50.00000238418579,40.000001192092896,45.71817219257355,28.81110370159149
stim_68_harmonic.wav,84.99999761581421,30.0,76.25519156455994,28.093972206115723
stim_68_harmonic.wav,54.99999940395355,49.999998807907104,42.123821675777435,25.2681165933609
stim_68_harmonic.wav,5.000000037252903,49.999998807907104,8.323436379432678,37.008458375930786
stim_68_harmonic.wav,5.000000037252903,60.0,7.048357129096985,35.67698121070862
stim_68_harmonic.wav,70.0000011920929,0.0,67.97189176082611,10.078125
stim_68_harmonic.wav,35.00000059604645,49.999998807907104,38.77179265022278,48.87340307235718
stim_68_harmonic.wav,45.0,20.000000596046448,43.28060209751129,28.865463137626648
stim_68_harmonic.wav,5.000000037252903,49.999998807907104,6.605977714061737,38.432825803756714
stim_68_harmonic.wav,80.00000059604645,10.000000298023224,51.733031272888184,20.60322403907776
stim_68_harmonic.wav,84.99999761581421,20.000000596046448,46.36256754398346,24.481385350227356
stim_68_harmonic.wav,90.0,40.000001192092896,54.890538454055786,30.015556812286377
stim_68_harmonic.wav,45.0,40.000001192092896,48.11583638191223,23.202579617500305
stim_68_harmonic.wav,40.000000298023224,0.0,45.8918559551239,17.543458342552185
stim_68_harmonic.wav,30.00000089406967,20.000000596046448,46.690236926078796,26.837756037712097
stim_68_harmonic.wav,80.00000059604645,40.000001192092896,53.92022252082825,27.753573060035706
stim_68_harmonic.wav,15.000000447034836,40.000001192092896,14.823909401893616,36.16723895072937
stim_68_harmonic.wav,10.000000074505806,60.0,8.899392485618591,39.23233509063721
stim_68_harmonic.wav,70.0000011920929,60.0,51.26295268535614,39.344823360443115
stim_68_harmonic.wav,0.0,10.000000298023224,12.02779769897461,29.410770535469055
stim_68_harmonic.wav,25.000001192092896,30.0,46.03051006793976,26.480101346969604
stim_68_harmonic.wav,30.00000089406967,49.999998807907104,34.15269076824188,47.75615930557251
stim_68_harmonic.wav,5.000000037252903,30.0,30.7754784822464,28.53894531726837
stim_68_harmonic.wav,30.00000089406967,0.0,49.83645737171173,28.185524940490723
stim_68_harmonic.wav,60.00000178813934,30.0,43.27739417552948,24.007685780525208
stim_68_harmonic.wav,70.0000011920929,60.0,49.31666672229767,34.289610385894775
stim_68_harmonic.wav,80.00000059604645,20.000000596046448,43.42761933803558,27.123119831085205
stim_68_harmonic.wav,40.000000298023224,10.000000298023224,50.8896803855896,36.47860407829285
stim_68_harmonic.wav,40.000000298023224,30.0,48.759942054748535,28.57779085636139
stim_68_harmonic.wav,40.000000298023224,40.000001192092896,53.9645916223526,35.66682815551758
stim_68_harmonic.wav,40.000000298023224,10.000000298023224,44.78902280330658,22.757184505462646
stim_68_harmonic.wav,10.000000074505806,40.000001192092896,31.749954521656036,29.768829345703125
stim_68_harmonic.wav,25.000001192092896,40.000001192092896,34.57477927207947,29.7808438539505
stim_68_harmonic.wav,84.99999761581421,60.0,44.12453770637512,26.813803911209106
stim_68_harmonic.wav,80.00000059604645,10.000000298023224,43.37943613529205,26.017026901245117
stim_68_harmonic.wav,54.99999940395355,0.0,58.87351155281067,20.59919536113739
stim_68_harmonic.wav,45.0,10.000000298023224,46.35540068149567,23.827303647994995
stim_68_harmonic.wav,10.000000074505806,0.0,18.98672863841057,29.58311676979065
stim_68_harmonic.wav,74.99999821186066,10.000000298023224,66.769859790802,17.135526537895203
stim_68_harmonic.wav,80.00000059604645,30.0,74.41115140914917,25.368230938911438
stim_68_harmonic.wav,15.000000447034836,30.0,34.847407042980194,27.29865789413452
stim_68_harmonic.wav,10.000000074505806,40.000001192092896,31.494970321655273,27.05597162246704
stim_68_harmonic.wav,84.99999761581421,40.000001192092896,77.5308609008789,34.69094395637512
stim_68_harmonic.wav,84.99999761581421,60.0,55.15334129333496,41.31343603134155
stim_68_harmonic.wav,60.00000178813934,40.000001192092896,55.04777491092682,36.948487758636475
stim_68_harmonic.wav,74.99999821186066,30.0,71.35073482990265,27.451534867286682
stim_68_harmonic.wav,80.00000059604645,60.0,49.79570388793945,27.537871599197388
stim_68_harmonic.wav,74.99999821186066,30.0,39.63391900062561,26.72821819782257
stim_68_harmonic.wav,70.0000011920929,60.0,51.82348608970642,32.485331296920776
stim_68_harmonic.wav,64.9999988079071,30.0,73.90113472938538,29.044657945632935
stim_68_harmonic.wav,80.00000059604645,30.0,64.30284976959229,20.190265774726868
stim_68_harmonic.wav,54.99999940395355,10.000000298023224,49.175212383270264,30.961503982543945
stim_68_harmonic.wav,5.000000037252903,0.0,23.284969925880432,31.107394695281982
stim_68_harmonic.wav,20.000000149011612,20.000000596046448,48.50430607795715,23.960741758346558
stim_68_harmonic.wav,50.00000238418579,60.0,44.10380423069,25.788829922676086
stim_68_harmonic.wav,40.000000298023224,40.000001192092896,45.437602400779724,24.02814745903015
stim_68_harmonic.wav,35.00000059604645,0.0,43.600769340991974,16.442665457725525
stim_68_harmonic.wav,30.00000089406967,20.000000596046448,46.41623318195343,30.60706615447998
stim_68_harmonic.wav,74.99999821186066,60.0,56.29266321659088,41.54524326324463
stim_68_harmonic.wav,54.99999940395355,60.0,46.61026954650879,32.4318265914917
stim_68_harmonic.wav,64.9999988079071,30.0,50.174410343170166,32.49210476875305
stim_68_harmonic.wav,15.000000447034836,20.000000596046448,34.68027323484421,26.404128670692444
stim_68_harmonic.wav,40.000000298023224,0.0,42.41786152124405,22.07476258277893
stim_68_harmonic.wav,80.00000059604645,40.000001192092896,77.37385511398315,33.12275290489197
stim_68_harmonic.wav,70.0000011920929,20.000000596046448,43.69198590517044,25.382072925567627
stim_82_harmonic.wav,45.0,10.000000298023224,49.41520571708679,23.31604778766632
stim_82_harmonic.wav,0.0,30.0,10.909737646579742,29.874104261398315
stim_82_harmonic.wav,50.00000238418579,40.000001192092896,42.10601985454559,27.385436296463013
stim_82_harmonic.wav,74.99999821186066,20.000000596046448,41.49151772260666,26.077991724014282
stim_82_harmonic.wav,54.99999940395355,30.0,41.01963132619858,26.237658262252808
stim_82_harmonic.wav,20.000000149011612,30.0,32.14772880077362,28.84583294391632
stim_82_harmonic.wav,0.0,60.0,40.94720631837845,26.356970071792603
stim_82_harmonic.wav,50.00000238418579,20.000000596046448,41.995899081230164,26.31368100643158
stim_82_harmonic.wav,15.000000447034836,49.999998807907104,42.05053836107254,26.154173612594604
stim_82_harmonic.wav,40.000000298023224,40.000001192092896,40.74811935424805,26.28745973110199
stim_82_harmonic.wav,45.0,60.0,41.265286803245544,26.266608238220215
stim_82_harmonic.wav,10.000000074505806,49.999998807907104,40.437782406806946,27.167891263961792
stim_82_harmonic.wav,35.00000059604645,30.0,40.79630255699158,26.714969873428345
stim_82_harmonic.wav,30.00000089406967,49.999998807907104,41.328978538513184,26.455244421958923
stim_82_harmonic.wav,80.00000059604645,60.0,41.116483211517334,26.23529076576233
stim_82_harmonic.wav,84.99999761581421,10.000000298023224,41.305372416973114,26.209225058555603
stim_82_harmonic.wav,5.000000037252903,0.0,40.2919265627861,26.848018169403076
stim_82_harmonic.wav,10.000000074505806,40.000001192092896,42.325840294361115,28.20819854736328
stim_82_harmonic.wav,60.00000178813934,49.999998807907104,43.12308669090271,27.831485867500305
stim_82_harmonic.wav,15.000000447034836,30.0,29.55036610364914,33.52058529853821
stim_82_harmonic.wav,10.000000074505806,10.000000298023224,40.87656229734421,26.258899569511414
stim_82_harmonic.wav,5.000000037252903,20.000000596046448,18.50505620241165,32.05065608024597
stim_82_harmonic.wav,5.000000037252903,20.000000596046448,40.08295297622681,26.831037998199463
stim_82_harmonic.wav,5.000000037252903,20.000000596046448,40.45396417379379,27.45724081993103
stim_82_harmonic.wav,10.000000074505806,60.0,39.82514441013336,26.98957622051239
stim_82_harmonic.wav,90.0,40.000001192092896,40.11862635612488,26.33284091949463
stim_82_harmonic.wav,70.0000011920929,10.000000298023224,41.348172426223755,26.542838215827942
stim_82_harmonic.wav,80.00000059604645,0.0,55.742976665496826,19.39544677734375
stim_82_harmonic.wav,60.00000178813934,60.0,42.127303183078766,40.484572649002075
stim_82_harmonic.wav,50.00000238418579,0.0,40.3044256567955,27.30233073234558
stim_82_harmonic.wav,50.00000238418579,60.0,38.3386105298996,42.6432466506958
stim_82_harmonic.wav,74.99999821186066,60.0,41.21449917554855,26.357309818267822
stim_82_harmonic.wav,15.000000447034836,60.0,17.868345379829407,33.52539539337158
stim_82_harmonic.wav,90.0,49.999998807907104,41.502080261707306,26.733931303024292
stim_82_harmonic.wav,35.00000059604645,10.000000298023224,38.17781209945679,21.863985657691956
stim_82_harmonic.wav,80.00000059604645,30.0,41.31013065576553,26.160061955451965
stim_82_harmonic.wav,74.99999821186066,20.000000596046448,60.6240177154541,21.20118498802185
stim_82_harmonic.wav,40.000000298023224,30.0,41.26567304134369,26.320252418518066
stim_82_harmonic.wav,20.000000149011612,49.999998807907104,37.73211747407913,29.83440935611725
stim_82_harmonic.wav,70.0000011920929,30.0,41.426058411598206,26.158679723739624
stim_82_harmonic.wav,64.9999988079071,0.0,42.43325740098953,26.00334942340851
stim_82_harmonic.wav,0.0,20.000000596046448,37.85893499851227,26.643333435058594
stim_82_harmonic.wav,0.0,40.000001192092896,39.27606403827667,26.511107683181763
stim_82_harmonic.wav,45.0,0.0,41.70065760612488,26.127914786338806
stim_82_harmonic.wav,84.99999761581421,0.0,41.44215703010559,26.178011298179626
stim_82_harmonic.wav,54.99999940395355,0.0,41.06674700975418,26.267831325531006
stim_82_harmonic.wav,15.000000447034836,60.0,40.6140410900116,26.78596794605255
stim_82_harmonic.wav,25.000001192092896,20.000000596046448,41.375533640384674,26.185054779052734
stim_82_harmonic.wav,64.9999988079071,20.000000596046448,58.891364336013794,22.921968698501587
stim_82_harmonic.wav,10.000000074505806,49.999998807907104,39.582361578941345,26.631202697753906
stim_82_harmonic.wav,10.000000074505806,10.000000298023224,40.56572109460831,26.2869393825531
stim_82_harmonic.wav,70.0000011920929,60.0,41.41929656267166,26.434879302978516
stim_82_harmonic.wav,25.000001192092896,30.0,40.750004947185516,26.33906900882721
stim_82_harmonic.wav,40.000000298023224,20.000000596046448,41.17545425891876,26.232880353927612
stim_82_harmonic.wav,20.000000149011612,20.000000596046448,40.79352378845215,26.25386416912079
stim_82_harmonic.wav,10.000000074505806,30.0,39.75117713212967,26.38491690158844
stim_82_harmonic.wav,10.000000074505806,49.999998807907104,39.20520544052124,27.391238808631897
stim_82_harmonic.wav,30.00000089406967,49.999998807907104,37.99265652894974,31.90352439880371
stim_82_harmonic.wav,30.00000089406967,40.000001192092896,41.32120281457901,37.30440616607666
stim_82_harmonic.wav,5.000000037252903,30.0,40.78591704368591,27.026297450065613
stim_82_harmonic.wav,20.000000149011612,10.000000298023224,30.86211919784546,33.52982997894287
stim_82_harmonic.wav,40.000000298023224,0.0,37.76656776666641,16.366260051727295
stim_82_harmonic.wav,30.00000089406967,49.999998807907104,41.9574710726738,26.085628867149353
stim_82_harmonic.wav,30.00000089406967,10.000000298023224,41.11025780439377,28.358910083770752
stim_82_harmonic.wav,20.000000149011612,49.999998807907104,29.10886377096176,32.73379683494568
stim_82_harmonic.wav,50.00000238418579,60.0,41.29505664110184,26.204200387001038
stim_82_harmonic.wav,60.00000178813934,40.000001192092896,41.504990458488464,26.367673873901367
stim_82_harmonic.wav,84.99999761581421,40.000001192092896,41.110874712467194,26.23392641544342
stim_82_harmonic.wav,40.000000298023224,10.000000298023224,40.3498113155365,26.758493185043335
stim_82_harmonic.wav,0.0,40.000001192092896,42.448170483112335,26.70525312423706
stim_82_harmonic.wav,50.00000238418579,49.999998807907104,41.12403631210327,26.496920585632324
stim_82_harmonic.wav,35.00000059604645,0.0,41.48694187402725,27.55133628845215
stim_82_harmonic.wav,15.000000447034836,0.0,27.777230143547058,30.42995810508728
stim_82_harmonic.wav,15.000000447034836,40.000001192092896,41.140566766262054,26.236419081687927
stim_82_harmonic.wav,80.00000059604645,10.000000298023224,63.204238414764404,16.726162433624268
stim_82_harmonic.wav,0.0,10.000000298023224,25.306961238384247,30.166150331497192
stim_82_harmonic.wav,25.000001192092896,0.0,37.62401103973389,35.04986643791199
stim_82_harmonic.wav,40.000000298023224,60.0,40.27624100446701,26.533589959144592
stim_82_harmonic.wav,90.0,49.999998807907104,39.67350035905838,26.52682900428772
stim_82_harmonic.wav,15.000000447034836,20.000000596046448,26.137086153030396,31.121764183044434
stim_82_harmonic.wav,40.000000298023224,49.999998807907104,41.52224242687225,26.246185898780823
stim_82_harmonic.wav,10.000000074505806,20.000000596046448,41.20620310306549,26.41644537448883
stim_82_harmonic.wav,35.00000059604645,20.000000596046448,41.66327029466629,26.47081196308136
stim_82_harmonic.wav,35.00000059604645,30.0,38.17955821752548,27.58655548095703
stim_82_harmonic.wav,54.99999940395355,20.000000596046448,47.11270093917847,20.365694761276245
stim_82_harmonic.wav,74.99999821186066,49.999998807907104,41.22717261314392,26.221150159835815
stim_82_harmonic.wav,40.000000298023224,40.000001192092896,41.287280917167664,26.214977502822876
stim_82_harmonic.wav,54.99999940395355,49.999998807907104,39.293745160102844,21.05496883392334
stim_82_harmonic.wav,74.99999821186066,0.0,41.370244324207306,26.54556691646576
stim_82_harmonic.wav,80.00000059604645,0.0,41.47193491458893,26.24701738357544
stim_82_harmonic.wav,40.000000298023224,60.0,31.020058393478394,34.729167222976685
stim_82_harmonic.wav,35.00000059604645,49.999998807907104,39.24949139356613,34.903528690338135
stim_82_harmonic.wav,0.0,49.999998807907104,41.33748918771744,26.261302828788757
stim_82_harmonic.wav,54.99999940395355,30.0,41.291875541210175,26.60775661468506
stim_82_harmonic.wav,84.99999761581421,60.0,54.96986746788025,42.2633957862854
stim_82_harmonic.wav,30.00000089406967,0.0,41.51356279850006,26.173794865608215
stim_82_harmonic.wav,45.0,60.0,31.377312541007996,41.11852169036865
stim_82_harmonic.wav,60.00000178813934,10.000000298023224,41.207077503204346,26.29356622695923
stim_82_harmonic.wav,70.0000011920929,10.000000298023224,41.68782323598862,26.078765988349915
stim_82_harmonic.wav,40.000000298023224,49.999998807907104,41.42220675945282,26.41072690486908
stim_82_harmonic.wav,10.000000074505806,20.000000596046448,28.12003791332245,29.541252851486206
stim_82_harmonic.wav,0.0,0.0,18.11644971370697,29.03916835784912
stim_82_harmonic.wav,40.000000298023224,20.000000596046448,40.40239065885544,20.35896599292755
stim_82_harmonic.wav,5.000000037252903,30.0,19.61823731660843,32.44625687599182
stim_82_harmonic.wav,25.000001192092896,20.000000596046448,41.654271483421326,26.14574432373047
stim_82_harmonic.wav,30.00000089406967,49.999998807907104,41.58078968524933,26.3873952627182
stim_82_harmonic.wav,64.9999988079071,30.0,51.87321424484253,25.611621737480164
stim_82_harmonic.wav,84.99999761581421,30.0,41.35276973247528,26.18953049182892
stim_82_harmonic.wav,74.99999821186066,10.000000298023224,40.54679274559021,26.22696876525879
stim_82_harmonic.wav,25.000001192092896,30.0,41.46500140428543,26.17528259754181
stim_82_harmonic.wav,40.000000298023224,10.000000298023224,42.180601358413696,26.92220628261566
stim_82_harmonic.wav,60.00000178813934,10.000000298023224,41.78543418645859,26.055965423583984
stim_82_harmonic.wav,70.0000011920929,60.0,40.55564135313034,26.679131984710693
stim_82_harmonic.wav,50.00000238418579,40.000001192092896,42.33142465353012,26.72398030757904
stim_82_harmonic.wav,5.000000037252903,49.999998807907104,41.71752333641052,26.324138045310974
stim_82_harmonic.wav,30.00000089406967,0.0,41.538826525211334,26.215059757232666
stim_82_harmonic.wav,5.000000037252903,30.0,24.20437753200531,33.063554763793945
stim_82_harmonic.wav,10.000000074505806,49.999998807907104,15.266439020633698,32.63138294219971
stim_82_harmonic.wav,64.9999988079071,49.999998807907104,41.63624167442322,26.3681423664093
stim_97_harmonic.wav,54.99999940395355,49.999998807907104,41.37574017047882,21.42789602279663
stim_97_harmonic.wav,20.000000149011612,20.000000596046448,43.30849975347519,29.49484348297119
stim_97_harmonic.wav,25.000001192092896,0.0,44.92021232843399,25.79085946083069
stim_97_harmonic.wav,64.9999988079071,10.000000298023224,41.09130531549454,26.26059114933014
stim_97_harmonic.wav,80.00000059604645,0.0,43.27525109052658,25.592304468154907
stim_97_harmonic.wav,45.0,60.0,41.80266737937927,26.39595329761505
stim_97_harmonic.wav,30.00000089406967,49.999998807907104,40.77166110277176,26.22959017753601
stim_97_harmonic.wav,60.00000178813934,10.000000298023224,46.95751905441284,19.748589992523193
stim_97_harmonic.wav,35.00000059604645,40.000001192092896,42.58143603801727,25.866072177886963
stim_97_harmonic.wav,35.00000059604645,60.0,41.3724222779274,26.33701801300049
stim_97_harmonic.wav,0.0,0.0,40.00850290060043,26.905367374420166
stim_97_harmonic.wav,5.000000037252903,20.000000596046448,41.23948663473129,26.78355574607849
stim_97_harmonic.wav,5.000000037252903,40.000001192092896,41.01021945476532,26.219147443771362
stim_97_harmonic.wav,40.000000298023224,40.000001192092896,41.338771283626556,26.295148730278015
stim_97_harmonic.wav,80.00000059604645,40.000001192092896,41.35599374771118,26.34761095046997
stim_97_harmonic.wav,54.99999940395355,0.0,41.27108037471771,26.52136981487274
stim_97_harmonic.wav,80.00000059604645,30.0,41.63368821144104,26.40803575515747
stim_97_harmonic.wav,64.9999988079071,10.000000298023224,41.38029456138611,26.164403557777405
stim_97_harmonic.wav,30.00000089406967,10.000000298023224,42.626346945762634,25.829220414161682
stim_97_harmonic.wav,74.99999821186066,60.0,41.65449678897858,26.56871259212494
stim_97_harmonic.wav,25.000001192092896,0.0,42.26823449134827,26.194889545440674
stim_97_harmonic.wav,40.000000298023224,10.000000298023224,41.23797118663788,26.455476880073547
stim_97_harmonic.wav,54.99999940395355,40.000001192092896,45.52738130092621,24.9716055393219
stim_97_harmonic.wav,80.00000059604645,0.0,44.483787417411804,22.03356385231018
stim_97_harmonic.wav,74.99999821186066,60.0,41.41491651535034,26.304529309272766
stim_97_harmonic.wav,90.0,20.000000596046448,40.05837857723236,25.832555294036865
stim_97_harmonic.wav,84.99999761581421,40.000001192092896,41.94628894329071,25.818411111831665
stim_97_harmonic.wav,35.00000059604645,40.000001192092896,41.62415564060211,26.49000585079193
stim_97_harmonic.wav,15.000000447034836,30.0,35.37589609622955,23.369824290275574
stim_97_harmonic.wav,25.000001192092896,20.000000596046448,41.21068775653839,26.28428041934967
stim_97_harmonic.wav,35.00000059604645,0.0,41.382485926151276,26.500060558319092
stim_97_harmonic.wav,40.000000298023224,49.999998807907104,41.58382594585419,25.763763785362244
stim_97_harmonic.wav,54.99999940395355,40.000001192092896,42.174027264118195,21.303623914718628
stim_97_harmonic.wav,74.99999821186066,60.0,44.955394864082336,23.09053122997284
stim_97_harmonic.wav,70.0000011920929,20.000000596046448,47.24915027618408,24.96704399585724
stim_97_harmonic.wav,74.99999821186066,0.0,47.0941561460495,19.963635206222534
stim_97_harmonic.wav,35.00000059604645,30.0,41.68528586626053,26.36028528213501
stim_97_harmonic.wav,5.000000037252903,20.000000596046448,41.353303492069244,26.267073154449463
stim_97_harmonic.wav,80.00000059604645,60.0,41.92911207675934,26.39560639858246
stim_97_harmonic.wav,70.0000011920929,20.000000596046448,41.63122862577438,26.225979924201965
stim_97_harmonic.wav,40.000000298023224,60.0,45.70362389087677,27.950536608695984
stim_97_harmonic.wav,5.000000037252903,40.000001192092896,39.37463253736496,26.41638457775116
stim_97_harmonic.wav,84.99999761581421,40.000001192092896,44.78046119213104,25.709357857704163
stim_97_harmonic.wav,25.000001192092896,20.000000596046448,41.42311066389084,26.572421193122864
stim_97_harmonic.wav,60.00000178813934,10.000000298023224,41.263055205345154,26.30148410797119
stim_97_harmonic.wav,10.000000074505806,60.0,31.722920536994934,27.081527709960938
stim_97_harmonic.wav,50.00000238418579,60.0,41.77174687385559,26.272627115249634
stim_97_harmonic.wav,30.00000089406967,20.000000596046448,41.3281175494194,26.22267723083496
stim_97_harmonic.wav,70.0000011920929,30.0,40.627296566963196,26.165090203285217
stim_97_harmonic.wav,30.00000089406967,30.0,41.265386044979095,26.19935631752014
stim_97_harmonic.wav,20.000000149011612,49.999998807907104,42.76084095239639,25.606725811958313
stim_97_harmonic.wav,15.000000447034836,49.999998807907104,41.90542280673981,26.17508590221405
stim_97_harmonic.wav,20.000000149011612,20.000000596046448,40.39814472198486,27.65865683555603
stim_97_harmonic.wav,0.0,49.999998807907104,40.857022404670715,26.3906729221344
stim_97_harmonic.wav,15.000000447034836,10.000000298023224,40.627937614917755,26.443156599998474
stim_97_harmonic.wav,25.000001192092896,60.0,42.3239466547966,26.057034730911255
stim_97_harmonic.wav,70.0000011920929,20.000000596046448,40.39626985788345,26.344680190086365
stim_97_harmonic.wav,84.99999761581421,49.999998807907104,42.65124589204788,22.18590795993805
stim_97_harmonic.wav,70.0000011920929,20.000000596046448,43.23498845100403,26.658843755722046
stim_97_harmonic.wav,30.00000089406967,30.0,41.30530536174774,26.257111430168152
stim_97_harmonic.wav,20.000000149011612,49.999998807907104,42.557381987571716,29.401774406433105
stim_97_harmonic.wav,70.0000011920929,10.000000298023224,48.72195661067963,21.160887479782104
stim_97_harmonic.wav,15.000000447034836,10.000000298023224,42.189157605171204,26.583972573280334
stim_97_harmonic.wav,35.00000059604645,0.0,41.804383993148804,26.755295991897583
stim_97_harmonic.wav,40.000000298023224,60.0,41.105968952178955,25.9385347366333
stim_97_harmonic.wav,30.00000089406967,40.000001192092896,48.02890062332153,24.029372334480286
stim_97_harmonic.wav,60.00000178813934,30.0,41.02330058813095,24.416579604148865
stim_97_harmonic.wav,40.000000298023224,0.0,41.547900438308716,26.20830237865448
stim_97_harmonic.wav,54.99999940395355,0.0,41.01950794458389,26.465156078338623
stim_97_harmonic.wav,64.9999988079071,60.0,41.04487895965576,26.336606740951538
stim_97_harmonic.wav,54.99999940395355,30.0,41.134585440158844,26.09061598777771
stim_97_harmonic.wav,45.0,10.000000298023224,43.264251351356506,27.67499327659607
stim_97_harmonic.wav,90.0,30.0,42.10777938365936,26.489875316619873
stim_97_harmonic.wav,10.000000074505806,49.999998807907104,41.094641983509064,26.259076595306396
stim_97_harmonic.wav,70.0000011920929,10.000000298023224,41.61641210317612,26.244975328445435
stim_97_harmonic.wav,84.99999761581421,60.0,44.62507277727127,25.46119451522827
stim_97_harmonic.wav,30.00000089406967,0.0,49.15552496910095,32.6709258556366
stim_97_harmonic.wav,54.99999940395355,40.000001192092896,42.26414680480957,25.583612322807312
stim_97_harmonic.wav,80.00000059604645,20.000000596046448,40.99643290042877,26.3008975982666
stim_97_harmonic.wav,60.00000178813934,20.000000596046448,44.71327185630798,23.124468326568604
stim_97_harmonic.wav,35.00000059604645,10.000000298023224,42.51008927822113,26.090805530548096
stim_97_harmonic.wav,80.00000059604645,10.000000298023224,41.221682131290436,26.176035404205322
stim_97_harmonic.wav,90.0,40.000001192092896,41.11389219760895,26.550196409225464
stim_97_harmonic.wav,40.000000298023224,60.0,41.35680377483368,26.57204031944275
stim_97_harmonic.wav,64.9999988079071,10.000000298023224,40.78174889087677,26.322269439697266
stim_97_harmonic.wav,50.00000238418579,49.999998807907104,41.24191403388977,25.9804505109787
stim_97_harmonic.wav,10.000000074505806,49.999998807907104,41.01841628551483,26.412416696548462
stim_97_harmonic.wav,25.000001192092896,49.999998807907104,44.06561225652695,28.056158423423767
stim_97_harmonic.wav,54.99999940395355,49.999998807907104,43.84115695953369,23.051227927207947
stim_97_harmonic.wav,64.9999988079071,40.000001192092896,43.01121175289154,25.291696786880493
stim_97_harmonic.wav,0.0,40.000001192092896,37.267601788043976,26.71321749687195
stim_97_harmonic.wav,25.000001192092896,10.000000298023224,46.49371147155762,32.34269857406616
stim_97_harmonic.wav,20.000000149011612,30.0,41.529945731163025,26.50598645210266
stim_97_harmonic.wav,54.99999940395355,0.0,41.61654353141785,26.748050451278687
stim_97_harmonic.wav,90.0,60.0,43.333683013916016,26.066336631774902
stim_97_harmonic.wav,40.000000298023224,49.999998807907104,43.737824857234955,25.390409231185913
stim_97_harmonic.wav,25.000001192092896,0.0,43.399901390075684,26.203238368034363
stim_97_harmonic.wav,90.0,0.0,41.54612213373184,26.40556275844574
stim_97_harmonic.wav,5.000000037252903,40.000001192092896,31.23712956905365,27.18287229537964
stim_97_harmonic.wav,40.000000298023224,40.000001192092896,42.42727071046829,25.66794455051422
stim_97_harmonic.wav,64.9999988079071,20.000000596046448,45.80107927322388,24.54559564590454
stim_97_harmonic.wav,84.99999761581421,20.000000596046448,42.22045361995697,25.876951217651367
stim_97_harmonic.wav,50.00000238418579,10.000000298023224,41.54942125082016,25.630985498428345
stim_97_harmonic.wav,70.0000011920929,10.000000298023224,41.457778215408325,26.218260526657104
stim_97_harmonic.wav,80.00000059604645,49.999998807907104,41.502715945243835,26.266279220581055
stim_97_harmonic.wav,54.99999940395355,10.000000298023224,41.42573118209839,26.15424335002899
stim_97_harmonic.wav,50.00000238418579,49.999998807907104,43.48107039928436,24.80571448802948
stim_97_harmonic.wav,5.000000037252903,60.0,33.665325343608856,27.475887537002563
stim_97_harmonic.wav,15.000000447034836,20.000000596046448,41.51744931936264,26.347289085388184
stim_97_harmonic.wav,15.000000447034836,49.999998807907104,37.75441735982895,26.219839453697205
stim_97_harmonic.wav,45.0,30.0,42.02709048986435,26.35144293308258
stim_97_harmonic.wav,60.00000178813934,0.0,42.11453855037689,26.300371885299683
stim_97_harmonic.wav,54.99999940395355,20.000000596046448,43.29236626625061,25.935657620429993
stim_97_harmonic.wav,5.000000037252903,10.000000298023224,31.99328452348709,27.476490139961243
stim_97_harmonic.wav,74.99999821186066,49.999998807907104,41.065813601017,25.612801909446716
stim_97_harmonic.wav,5.000000037252903,0.0,34.53297972679138,27.413257956504822
stim_72_harmonic.wav,10.000000074505806,0.0,39.939521849155426,27.243247032165527
stim_72_harmonic.wav,25.000001192092896,49.999998807907104,46.19110465049744,28.30641746520996
stim_72_harmonic.wav,45.0,40.000001192092896,45.81199586391449,35.395742654800415
stim_72_harmonic.wav,5.000000037252903,40.000001192092896,38.94195199012756,27.11198329925537
stim_72_harmonic.wav,0.0,0.0,30.65099984407425,29.150208234786987
stim_72_harmonic.wav,0.0,20.000000596046448,37.07421988248825,25.303866863250732
stim_72_harmonic.wav,0.0,40.000001192092896,22.164068073034286,30.72797656059265
stim_72_harmonic.wav,10.000000074505806,40.000001192092896,40.53994506597519,27.761362195014954
stim_72_harmonic.wav,54.99999940395355,0.0,48.774898052215576,20.97936987876892
stim_72_harmonic.wav,84.99999761581421,20.000000596046448,72.95775353908539,19.292492866516113
stim_72_harmonic.wav,70.0000011920929,20.000000596046448,72.74803161621094,27.46642827987671
stim_72_harmonic.wav,20.000000149011612,0.0,30.55371880531311,29.50987994670868
stim_72_harmonic.wav,25.000001192092896,10.000000298023224,45.78050136566162,28.624513149261475
stim_72_harmonic.wav,30.00000089406967,10.000000298023224,32.53053367137909,23.62377405166626
stim_72_harmonic.wav,20.000000149011612,30.0,20.37852555513382,21.17201328277588
stim_72_harmonic.wav,30.00000089406967,60.0,26.145478785037994,40.00890254974365
stim_72_harmonic.wav,45.0,20.000000596046448,43.904846012592316,7.730984687805176
stim_72_harmonic.wav,54.99999940395355,0.0,49.961721897125244,23.78300428390503
stim_72_harmonic.wav,84.99999761581421,20.000000596046448,63.20677578449249,19.959107637405396
stim_72_harmonic.wav,60.00000178813934,60.0,46.01542532444,53.38325500488281
stim_72_harmonic.wav,70.0000011920929,60.0,45.163663029670715,42.67758250236511
stim_72_harmonic.wav,30.00000089406967,40.000001192092896,44.49854224920273,26.76999270915985
stim_72_harmonic.wav,80.00000059604645,20.000000596046448,48.30213189125061,23.916045427322388
stim_72_harmonic.wav,0.0,60.0,8.205877840518951,28.474059104919434
stim_72_harmonic.wav,35.00000059604645,40.000001192092896,47.19403088092804,24.46769893169403
stim_72_harmonic.wav,60.00000178813934,60.0,38.58372151851654,40.174580812454224
stim_72_harmonic.wav,54.99999940395355,30.0,44.20312911272049,24.975632429122925
stim_72_harmonic.wav,64.9999988079071,30.0,50.3438937664032,28.024685382843018
stim_72_harmonic.wav,35.00000059604645,60.0,47.27359056472778,24.253647923469543
stim_72_harmonic.wav,54.99999940395355,0.0,45.39054036140442,26.103134751319885
stim_72_harmonic.wav,10.000000074505806,0.0,40.23017942905426,27.09185242652893
stim_72_harmonic.wav,20.000000149011612,40.000001192092896,49.16162967681885,25.25630235671997
stim_72_harmonic.wav,50.00000238418579,20.000000596046448,45.70439100265503,24.84201192855835
stim_72_harmonic.wav,60.00000178813934,0.0,66.72476649284363,19.430249333381653
stim_72_harmonic.wav,74.99999821186066,60.0,44.209206998348236,29.133442640304565
stim_72_harmonic.wav,60.00000178813934,60.0,44.81155604124069,26.428903341293335
stim_72_harmonic.wav,50.00000238418579,0.0,46.18905544281006,10.00761330127716
stim_72_harmonic.wav,40.000000298023224,30.0,42.27255821228027,25.76009452342987
stim_72_harmonic.wav,20.000000149011612,30.0,29.29853618144989,28.54246973991394
stim_72_harmonic.wav,0.0,30.0,5.051852166652679,32.318140268325806
stim_72_harmonic.wav,10.000000074505806,60.0,32.2168493270874,28.974802494049072
stim_72_harmonic.wav,90.0,0.0,48.97808611392975,23.9100980758667
stim_72_harmonic.wav,74.99999821186066,40.000001192092896,67.60333478450775,30.39005398750305
stim_72_harmonic.wav,60.00000178813934,20.000000596046448,47.37097084522247,26.32471203804016
stim_72_harmonic.wav,40.000000298023224,0.0,45.33154785633087,25.727291107177734
stim_72_harmonic.wav,0.0,40.000001192092896,33.64965856075287,25.09270191192627
stim_72_harmonic.wav,84.99999761581421,10.000000298023224,53.67114722728729,22.35259473323822
stim_72_harmonic.wav,5.000000037252903,0.0,32.67165005207062,27.818740010261536
stim_72_harmonic.wav,5.000000037252903,40.000001192092896,36.00038945674896,27.49351680278778
stim_72_harmonic.wav,80.00000059604645,49.999998807907104,57.64423370361328,22.17839777469635
stim_72_harmonic.wav,90.0,20.000000596046448,55.52841067314148,21.642136573791504
stim_72_harmonic.wav,40.000000298023224,0.0,43.17444562911987,11.927705705165863
stim_72_harmonic.wav,15.000000447034836,49.999998807907104,31.291760802268982,29.6577787399292
stim_72_harmonic.wav,5.000000037252903,60.0,9.178554117679596,29.84668493270874
stim_72_harmonic.wav,25.000001192092896,10.000000298023224,51.23956918716431,26.292210817337036
stim_72_harmonic.wav,30.00000089406967,0.0,32.979430854320526,20.828282833099365
stim_72_harmonic.wav,64.9999988079071,49.999998807907104,41.86766803264618,26.187610030174255
stim_72_harmonic.wav,84.99999761581421,20.000000596046448,71.16296410560608,19.12918210029602
stim_72_harmonic.wav,35.00000059604645,20.000000596046448,44.346305429935455,28.688950538635254
stim_72_harmonic.wav,60.00000178813934,10.000000298023224,62.49294340610504,16.277723908424377
stim_72_harmonic.wav,74.99999821186066,30.0,71.42016649246216,26.38059675693512
stim_72_harmonic.wav,84.99999761581421,49.999998807907104,42.73999482393265,25.896125435829163
stim_72_harmonic.wav,35.00000059604645,0.0,42.15415745973587,26.127076148986816
stim_72_harmonic.wav,15.000000447034836,20.000000596046448,18.31584244966507,21.941134929656982
stim_72_harmonic.wav,45.0,0.0,46.19083642959595,24.616305828094482
stim_72_harmonic.wav,30.00000089406967,10.000000298023224,42.36166924238205,37.490200996398926
stim_72_harmonic.wav,84.99999761581421,60.0,42.18667387962341,26.36912226676941
stim_72_harmonic.wav,70.0000011920929,0.0,42.964055836200714,25.653644800186157
stim_72_harmonic.wav,25.000001192092896,49.999998807907104,49.425371289253235,26.146275401115417
stim_72_harmonic.wav,70.0000011920929,30.0,49.19054925441742,28.24959397315979
stim_72_harmonic.wav,64.9999988079071,60.0,43.78355115652084,25.601815581321716
stim_72_harmonic.wav,45.0,20.000000596046448,44.77721571922302,26.501927375793457
stim_72_harmonic.wav,54.99999940395355,30.0,49.00410354137421,20.726038813591003
stim_72_harmonic.wav,80.00000059604645,30.0,71.74698829650879,27.848035097122192
stim_72_harmonic.wav,84.99999761581421,20.000000596046448,79.07387137413025,18.555421829223633
stim_72_harmonic.wav,70.0000011920929,30.0,58.694297075271606,28.617178201675415
stim_72_harmonic.wav,15.000000447034836,49.999998807907104,23.970196545124054,32.62362241744995
stim_72_harmonic.wav,0.0,49.999998807907104,14.69534307718277,31.657637357711792
stim_72_harmonic.wav,35.00000059604645,20.000000596046448,44.00442570447922,26.401296257972717
stim_72_harmonic.wav,54.99999940395355,20.000000596046448,43.44699561595917,25.633479952812195
stim_72_harmonic.wav,30.00000089406967,0.0,40.47628551721573,26.91971719264984
stim_72_harmonic.wav,25.000001192092896,30.0,46.59258842468262,23.771202564239502
stim_72_harmonic.wav,45.0,20.000000596046448,43.395279943943024,23.80557954311371
stim_72_harmonic.wav,35.00000059604645,20.000000596046448,45.620105266571045,25.330899953842163
stim_72_harmonic.wav,50.00000238418579,49.999998807907104,44.13740158081055,30.635204315185547
stim_72_harmonic.wav,64.9999988079071,10.000000298023224,44.08496975898743,25.381765365600586
stim_72_harmonic.wav,60.00000178813934,20.000000596046448,45.441089272499084,25.848591327667236
stim_72_harmonic.wav,0.0,40.000001192092896,29.005091786384583,28.079774379730225
stim_72_harmonic.wav,0.0,60.0,39.833161532878876,26.07223391532898
stim_72_harmonic.wav,45.0,30.0,41.61400884389877,26.390703320503235
stim_72_harmonic.wav,35.00000059604645,20.000000596046448,47.20226526260376,24.099444150924683
stim_72_harmonic.wav,74.99999821186066,60.0,46.70781075954437,34.809064865112305
stim_72_harmonic.wav,84.99999761581421,30.0,71.591055393219,26.735479831695557
stim_72_harmonic.wav,90.0,60.0,47.76987969875336,34.3140971660614
stim_72_harmonic.wav,80.00000059604645,60.0,43.53196531534195,31.197752952575684
stim_72_harmonic.wav,35.00000059604645,10.000000298023224,37.78961330652237,16.90325617790222
stim_72_harmonic.wav,60.00000178813934,20.000000596046448,47.33391344547272,23.49921226501465
stim_72_harmonic.wav,84.99999761581421,49.999998807907104,41.03069543838501,26.41134738922119
stim_72_harmonic.wav,74.99999821186066,49.999998807907104,42.791147232055664,25.972044467926025
stim_72_harmonic.wav,80.00000059604645,60.0,47.51136302947998,48.295544385910034
stim_72_harmonic.wav,40.000000298023224,10.000000298023224,45.00968813896179,25.562299489974976
stim_72_harmonic.wav,30.00000089406967,60.0,48.667566776275635,27.772462964057922
stim_72_harmonic.wav,5.000000037252903,60.0,37.25670397281647,27.106102108955383
stim_72_harmonic.wav,20.000000149011612,49.999998807907104,41.376861333847046,29.31829333305359
stim_72_harmonic.wav,80.00000059604645,0.0,41.89156651496887,26.205691695213318
stim_72_harmonic.wav,35.00000059604645,20.000000596046448,39.105480909347534,32.8341543674469
stim_72_harmonic.wav,64.9999988079071,30.0,51.47811412811279,13.873448967933655
stim_72_harmonic.wav,90.0,0.0,77.46768951416016,6.901724338531494
stim_72_harmonic.wav,70.0000011920929,30.0,59.5362263917923,26.379899382591248
stim_72_harmonic.wav,25.000001192092896,60.0,25.766614079475403,38.65614652633667
stim_72_harmonic.wav,10.000000074505806,49.999998807907104,8.827748000621796,35.27273654937744
stim_72_harmonic.wav,15.000000447034836,30.0,40.6862998008728,26.227540969848633
stim_72_harmonic.wav,54.99999940395355,60.0,35.723797380924225,40.48879623413086
stim_72_harmonic.wav,90.0,0.0,72.17926919460297,6.9590359926223755
stim_72_harmonic.wav,20.000000149011612,60.0,14.015024900436401,27.270732522010803
stim_72_harmonic.wav,0.0,49.999998807907104,32.19462454319,28.78756821155548
stim_72_harmonic.wav,50.00000238418579,20.000000596046448,49.31039571762085,8.451851606369019
stim_72_harmonic.wav,45.0,30.0,48.73765826225281,22.94409692287445
stim_72_harmonic.wav,40.000000298023224,30.0,43.70577245950699,26.77080810070038
stim_72_harmonic.wav,64.9999988079071,30.0,44.350071251392365,25.50776481628418
stim_72_harmonic.wav,70.0000011920929,20.000000596046448,44.49570447206497,25.877383947372437
stim_72_harmonic.wav,5.000000037252903,60.0,36.14848494529724,27.771772742271423
stim_72_harmonic.wav,25.000001192092896,49.999998807907104,50.67218005657196,26.838923692703247
stim_72_harmonic.wav,45.0,20.000000596046448,46.67986750602722,24.006516337394714
stim_72_harmonic.wav,60.00000178813934,20.000000596046448,63.811190128326416,27.58222997188568
stim_72_harmonic.wav,60.00000178813934,49.999998807907104,46.19307339191437,21.402921080589294
stim_72_harmonic.wav,0.0,49.999998807907104,37.50373274087906,26.92984163761139
stim_72_harmonic.wav,30.00000089406967,20.000000596046448,34.01502102613449,36.0505735874176
stim_72_harmonic.wav,5.000000037252903,0.0,38.006585240364075,26.638305187225342
stim_72_harmonic.wav,5.000000037252903,49.999998807907104,3.200867772102356,34.24516797065735
stim_72_harmonic.wav,74.99999821186066,10.000000298023224,42.67544209957123,25.760271549224854
stim_78_harmonic.wav,5.000000037252903,0.0,34.080464243888855,29.537111520767212
stim_78_harmonic.wav,40.000000298023224,30.0,39.96975839138031,18.94461214542389
stim_78_harmonic.wav,64.9999988079071,40.000001192092896,41.17526650428772,26.526995301246643
stim_78_harmonic.wav,50.00000238418579,30.0,46.865556836128235,20.510659217834473
stim_78_harmonic.wav,20.000000149011612,0.0,34.41593885421753,32.36113786697388
stim_78_harmonic.wav,10.000000074505806,30.0,40.19493788480759,27.445759177207947
stim_78_harmonic.wav,74.99999821186066,49.999998807907104,64.42200422286987,34.93118762969971
stim_78_harmonic.wav,74.99999821186066,49.999998807907104,39.780745804309845,27.162938117980957
stim_78_harmonic.wav,80.00000059604645,30.0,42.75898218154907,27.927204966545105
stim_78_harmonic.wav,35.00000059604645,20.000000596046448,41.448562145233154,26.4258474111557
stim_78_harmonic.wav,80.00000059604645,30.0,41.28466576337814,26.307027339935303
stim_78_harmonic.wav,70.0000011920929,20.000000596046448,47.617878913879395,26.239247918128967
stim_78_harmonic.wav,64.9999988079071,40.000001192092896,56.22554898262024,25.595076084136963
stim_78_harmonic.wav,5.000000037252903,0.0,13.92229288816452,33.13076734542847
stim_78_harmonic.wav,30.00000089406967,30.0,36.622643172740936,27.209712266921997
stim_78_harmonic.wav,74.99999821186066,10.000000298023224,43.90503644943237,25.37460744380951
stim_78_harmonic.wav,64.9999988079071,0.0,43.55582356452942,26.202943325042725
stim_78_harmonic.wav,30.00000089406967,49.999998807907104,41.08497530221939,26.36412262916565
stim_78_harmonic.wav,10.000000074505806,0.0,40.1703742146492,26.90874695777893
stim_78_harmonic.wav,70.0000011920929,49.999998807907104,40.930587351322174,26.047233939170837
stim_78_harmonic.wav,80.00000059604645,30.0,59.707329869270325,29.370428323745728
stim_78_harmonic.wav,20.000000149011612,49.999998807907104,38.68633210659027,26.873465180397034
stim_78_harmonic.wav,64.9999988079071,20.000000596046448,41.60152047872543,26.4180189371109
stim_78_harmonic.wav,70.0000011920929,49.999998807907104,38.91742318868637,28.320870995521545
stim_78_harmonic.wav,90.0,10.000000298023224,44.528435468673706,26.713804006576538
stim_78_harmonic.wav,0.0,10.000000298023224,32.59236931800842,25.88607966899872
stim_78_harmonic.wav,60.00000178813934,60.0,43.932470083236694,25.838236212730408
stim_78_harmonic.wav,64.9999988079071,20.000000596046448,41.941801607608795,25.990194082260132
stim_78_harmonic.wav,15.000000447034836,0.0,41.71620100736618,26.092289686203003
stim_78_harmonic.wav,90.0,60.0,39.28555637598038,27.095961570739746
stim_78_harmonic.wav,64.9999988079071,49.999998807907104,42.70363211631775,27.300451397895813
stim_78_harmonic.wav,60.00000178813934,30.0,42.307716608047485,25.904463529586792
stim_78_harmonic.wav,30.00000089406967,30.0,43.65874260663986,27.143179178237915
stim_78_harmonic.wav,80.00000059604645,0.0,56.48698925971985,16.831149458885193
stim_78_harmonic.wav,80.00000059604645,49.999998807907104,43.30774873495102,25.699031352996826
stim_78_harmonic.wav,64.9999988079071,60.0,40.622165501117706,31.17236852645874
stim_78_harmonic.wav,50.00000238418579,30.0,48.11283230781555,27.726275324821472
stim_78_harmonic.wav,30.00000089406967,20.000000596046448,37.99692928791046,25.871846079826355
stim_78_harmonic.wav,45.0,60.0,41.15856170654297,26.41897737979889
stim_78_harmonic.wav,70.0000011920929,49.999998807907104,36.76996350288391,27.770163416862488
stim_78_harmonic.wav,54.99999940395355,60.0,36.94763571023941,34.794251918792725
stim_78_harmonic.wav,35.00000059604645,0.0,40.10625332593918,26.70458972454071
stim_78_harmonic.wav,50.00000238418579,60.0,38.52442055940628,28.626036643981934
stim_78_harmonic.wav,10.000000074505806,0.0,37.75657117366791,27.93305218219757
stim_78_harmonic.wav,15.000000447034836,20.000000596046448,24.62319105863571,26.365327835083008
stim_78_harmonic.wav,70.0000011920929,60.0,42.384910583496094,26.112138032913208
stim_78_harmonic.wav,84.99999761581421,60.0,42.64844834804535,27.636589407920837
stim_78_harmonic.wav,45.0,40.000001192092896,43.25982302427292,26.31357729434967
stim_78_harmonic.wav,45.0,40.000001192092896,42.42899805307388,20.01938223838806
stim_78_harmonic.wav,10.000000074505806,40.000001192092896,40.993627309799194,26.943451166152954
stim_78_harmonic.wav,10.000000074505806,10.000000298023224,40.52253484725952,27.903302907943726
stim_78_harmonic.wav,30.00000089406967,10.000000298023224,41.528306901454926,26.87629759311676
stim_78_harmonic.wav,84.99999761581421,49.999998807907104,41.18542939424515,26.312626004219055
stim_78_harmonic.wav,40.000000298023224,40.000001192092896,37.08568096160889,25.971245169639587
stim_78_harmonic.wav,74.99999821186066,10.000000298023224,44.466173350811005,25.0283145904541
stim_78_harmonic.wav,64.9999988079071,0.0,45.92601120471954,23.892195224761963
stim_78_harmonic.wav,50.00000238418579,60.0,36.368208825588226,33.13368201255798
stim_78_harmonic.wav,60.00000178813934,0.0,45.605154633522034,28.406095504760742
stim_78_harmonic.wav,50.00000238418579,10.000000298023224,40.14747887849808,26.37699544429779
stim_78_harmonic.wav,0.0,40.000001192092896,37.485705614089966,27.65329599380493
stim_78_harmonic.wav,15.000000447034836,40.000001192092896,38.50321501493454,26.713834404945374
stim_78_harmonic.wav,60.00000178813934,0.0,58.08404088020325,11.635320782661438
stim_78_harmonic.wav,60.00000178813934,10.000000298023224,41.94773465394974,26.03322744369507
stim_78_harmonic.wav,30.00000089406967,60.0,25.85893839597702,30.0740647315979
stim_78_harmonic.wav,64.9999988079071,30.0,41.54797285795212,26.238209009170532
stim_78_harmonic.wav,74.99999821186066,30.0,45.67734360694885,27.433449625968933
stim_78_harmonic.wav,64.9999988079071,49.999998807907104,35.85936963558197,29.174941778182983
stim_78_harmonic.wav,35.00000059604645,40.000001192092896,43.63494873046875,28.03416073322296
stim_78_harmonic.wav,15.000000447034836,0.0,39.21214431524277,26.478275656700134
stim_78_harmonic.wav,40.000000298023224,49.999998807907104,46.87386631965637,38.550599813461304
stim_78_harmonic.wav,90.0,60.0,63.67346942424774,45.79732418060303
stim_78_harmonic.wav,74.99999821186066,30.0,52.87791609764099,30.124887228012085
stim_78_harmonic.wav,40.000000298023224,60.0,43.28624278306961,27.03109323978424
stim_78_harmonic.wav,70.0000011920929,10.000000298023224,42.44886785745621,26.233325600624084
stim_78_harmonic.wav,80.00000059604645,49.999998807907104,63.470887541770935,33.48666429519653
stim_78_harmonic.wav,54.99999940395355,0.0,40.8753365278244,26.311188340187073
stim_78_harmonic.wav,10.000000074505806,10.000000298023224,22.502376437187195,26.797592639923096
stim_78_harmonic.wav,54.99999940395355,40.000001192092896,41.50729447603226,27.33906090259552
stim_78_harmonic.wav,40.000000298023224,0.0,41.24825209379196,14.142536222934723
stim_78_harmonic.wav,60.00000178813934,30.0,43.489597141742706,26.047913432121277
stim_78_harmonic.wav,74.99999821186066,0.0,45.20191669464111,24.946462512016296
stim_78_harmonic.wav,30.00000089406967,30.0,41.58799409866333,26.999974250793457
stim_78_harmonic.wav,5.000000037252903,60.0,14.392907917499542,34.60294961929321
stim_78_harmonic.wav,70.0000011920929,30.0,43.86093556880951,25.973124504089355
stim_78_harmonic.wav,15.000000447034836,40.000001192092896,41.533842980861664,26.68944776058197
stim_78_harmonic.wav,0.0,20.000000596046448,31.036803424358368,26.910299062728882
stim_78_harmonic.wav,15.000000447034836,20.000000596046448,41.69305086135864,26.89902126789093
stim_78_harmonic.wav,74.99999821186066,40.000001192092896,41.19692265987396,26.24462127685547
stim_78_harmonic.wav,70.0000011920929,60.0,46.40726387500763,33.17870736122131
stim_78_harmonic.wav,45.0,0.0,45.50193786621094,25.049285888671875
stim_78_harmonic.wav,40.000000298023224,0.0,43.30744028091431,25.71216881275177
stim_78_harmonic.wav,5.000000037252903,0.0,36.93061172962189,29.43966507911682
stim_78_harmonic.wav,0.0,20.000000596046448,38.126021325588226,26.821560859680176
stim_78_harmonic.wav,15.000000447034836,49.999998807907104,40.54487228393555,26.37403428554535
stim_78_harmonic.wav,35.00000059604645,60.0,40.7638156414032,26.358996033668518
stim_78_harmonic.wav,84.99999761581421,30.0,44.96833920478821,27.57037103176117
stim_78_harmonic.wav,74.99999821186066,20.000000596046448,39.83095943927765,27.40098774433136
stim_78_harmonic.wav,64.9999988079071,0.0,42.05504983663559,26.18876874446869
stim_78_harmonic.wav,60.00000178813934,30.0,59.563010931015015,23.4836483001709
stim_78_harmonic.wav,54.99999940395355,20.000000596046448,54.878082275390625,21.4539635181427
stim_78_harmonic.wav,10.000000074505806,20.000000596046448,39.790240824222565,27.832006216049194
stim_78_harmonic.wav,10.000000074505806,40.000001192092896,39.75796848535538,26.383314728736877
stim_78_harmonic.wav,5.000000037252903,20.000000596046448,14.373153448104858,30.88203191757202
stim_78_harmonic.wav,64.9999988079071,49.999998807907104,44.640353322029114,27.795644402503967
stim_78_harmonic.wav,50.00000238418579,20.000000596046448,40.94031572341919,25.904375910758972
stim_78_harmonic.wav,64.9999988079071,0.0,55.43548285961151,15.436990857124329
stim_78_harmonic.wav,50.00000238418579,49.999998807907104,34.04282748699188,25.521170496940613
stim_78_harmonic.wav,0.0,60.0,39.84438121318817,26.788959503173828
stim_78_harmonic.wav,54.99999940395355,40.000001192092896,43.14254343509674,26.331074237823486
stim_78_harmonic.wav,84.99999761581421,40.000001192092896,42.08129525184631,26.280439496040344
stim_78_harmonic.wav,50.00000238418579,20.000000596046448,40.23658722639084,26.63548171520233
stim_78_harmonic.wav,40.000000298023224,40.000001192092896,38.015702068805695,27.38795042037964
stim_78_harmonic.wav,25.000001192092896,10.000000298023224,40.54044395685196,26.513586044311523
stim_78_harmonic.wav,84.99999761581421,60.0,43.330432176589966,26.660553216934204
stim_78_harmonic.wav,15.000000447034836,20.000000596046448,41.27193868160248,26.17047607898712
stim_78_harmonic.wav,5.000000037252903,20.000000596046448,33.67083728313446,27.341959476470947
stim_78_harmonic.wav,25.000001192092896,40.000001192092896,39.64987277984619,26.7533540725708
stim_78_harmonic.wav,30.00000089406967,0.0,41.16020321846008,26.170506477355957
stim_78_harmonic.wav,54.99999940395355,60.0,34.55481827259064,33.22509527206421
stim_78_harmonic.wav,70.0000011920929,20.000000596046448,41.96009695529938,26.31711781024933
stim_78_harmonic.wav,20.000000149011612,20.000000596046448,42.66847908496857,27.212281823158264
stim_78_harmonic.wav,25.000001192092896,60.0,41.97096794843674,25.95606565475464
stim_78_harmonic.wav,50.00000238418579,0.0,47.647554874420166,13.850504457950592
stim_78_harmonic.wav,50.00000238418579,60.0,36.175744235515594,32.97200560569763
stim_78_harmonic.wav,70.0000011920929,0.0,42.88026362657547,25.91863453388214
stim_78_harmonic.wav,80.00000059604645,20.000000596046448,48.737502694129944,27.070192694664
stim_78_harmonic.wav,64.9999988079071,49.999998807907104,40.40098249912262,27.133837938308716
stim_66_harmonic.wav,64.9999988079071,60.0,52.53736674785614,35.48664450645447
stim_66_harmonic.wav,40.000000298023224,40.000001192092896,44.22965615987778,30.809969902038574
stim_66_harmonic.wav,30.00000089406967,40.000001192092896,47.3955237865448,28.962748646736145
stim_66_harmonic.wav,5.000000037252903,20.000000596046448,13.378442823886871,41.052424907684326
stim_66_harmonic.wav,5.000000037252903,0.0,1.1444181203842163,44.073214530944824
stim_66_harmonic.wav,64.9999988079071,30.0,61.482646465301514,26.263622045516968
stim_66_harmonic.wav,20.000000149011612,0.0,50.100778341293335,33.022037744522095
stim_66_harmonic.wav,54.99999940395355,40.000001192092896,54.59174573421478,30.09756088256836
stim_66_harmonic.wav,54.99999940395355,49.999998807907104,47.43875026702881,31.777138710021973
stim_66_harmonic.wav,90.0,30.0,77.59527683258057,31.09557867050171
stim_66_harmonic.wav,20.000000149011612,10.000000298023224,33.99268627166748,28.1815767288208
stim_66_harmonic.wav,64.9999988079071,60.0,52.91295647621155,51.42293930053711
stim_66_harmonic.wav,60.00000178813934,20.000000596046448,28.242660462856293,29.236562848091125
stim_66_harmonic.wav,5.000000037252903,10.000000298023224,28.03814470767975,39.47267532348633
stim_66_harmonic.wav,64.9999988079071,20.000000596046448,26.833283007144928,29.403258562088013
stim_66_harmonic.wav,80.00000059604645,20.000000596046448,57.02651023864746,31.90400004386902
stim_66_harmonic.wav,64.9999988079071,40.000001192092896,70.36867618560791,39.983564615249634
stim_66_harmonic.wav,15.000000447034836,0.0,18.40773493051529,18.596786856651306
stim_66_harmonic.wav,74.99999821186066,10.000000298023224,36.16967439651489,26.18151068687439
stim_66_harmonic.wav,80.00000059604645,40.000001192092896,52.87100672721863,39.1145396232605
stim_66_harmonic.wav,35.00000059604645,10.000000298023224,47.603416442871094,23.276599645614624
stim_66_harmonic.wav,45.0,10.000000298023224,47.106531858444214,30.05560040473938
stim_66_harmonic.wav,70.0000011920929,60.0,64.61686134338379,50.37933826446533
stim_66_harmonic.wav,25.000001192092896,60.0,29.048725962638855,32.58883237838745
stim_66_harmonic.wav,5.000000037252903,10.000000298023224,19.089219868183136,30.000540018081665
stim_66_harmonic.wav,70.0000011920929,30.0,44.460701644420624,33.85451316833496
stim_66_harmonic.wav,25.000001192092896,49.999998807907104,31.605603396892548,48.83413553237915
stim_66_harmonic.wav,64.9999988079071,60.0,49.74678039550781,26.025123596191406
stim_66_harmonic.wav,74.99999821186066,10.000000298023224,49.82816934585571,22.962130308151245
stim_66_harmonic.wav,10.000000074505806,60.0,24.438963532447815,31.905874013900757
stim_66_harmonic.wav,20.000000149011612,10.000000298023224,27.096584737300873,37.01651573181152
stim_66_harmonic.wav,60.00000178813934,20.000000596046448,59.55231964588165,20.030701160430908
stim_66_harmonic.wav,70.0000011920929,10.000000298023224,47.554686069488525,25.75199782848358
stim_66_harmonic.wav,84.99999761581421,49.999998807907104,51.7764937877655,24.477598071098328
stim_66_harmonic.wav,70.0000011920929,0.0,52.93331980705261,25.507339239120483
stim_66_harmonic.wav,50.00000238418579,0.0,55.691542625427246,21.64294123649597
stim_66_harmonic.wav,15.000000447034836,49.999998807907104,32.75811105966568,30.428906679153442
stim_66_harmonic.wav,45.0,40.000001192092896,47.350709438323975,29.880557656288147
stim_66_harmonic.wav,60.00000178813934,0.0,32.851738929748535,28.887181878089905
stim_66_harmonic.wav,50.00000238418579,0.0,57.74057865142822,18.229293823242188
stim_66_harmonic.wav,64.9999988079071,0.0,58.09376657009125,23.155344128608704
stim_66_harmonic.wav,5.000000037252903,20.000000596046448,16.8365478515625,30.496069192886353
stim_66_harmonic.wav,35.00000059604645,40.000001192092896,38.524565398693085,36.72311782836914
stim_66_harmonic.wav,84.99999761581421,40.000001192092896,55.928757190704346,26.493018865585327
stim_66_harmonic.wav,15.000000447034836,10.000000298023224,40.19164681434631,28.925698399543762
stim_66_harmonic.wav,40.000000298023224,10.000000298023224,46.488792300224304,31.850452423095703
stim_66_harmonic.wav,0.0,20.000000596046448,12.151933014392853,30.268478393554688
stim_66_harmonic.wav,25.000001192092896,60.0,16.703142821788788,46.996439695358276
stim_66_harmonic.wav,64.9999988079071,30.0,67.20020413398743,28.565962314605713
stim_66_harmonic.wav,30.00000089406967,10.000000298023224,50.7403564453125,23.658052682876587
stim_66_harmonic.wav,15.000000447034836,49.999998807907104,8.46197783946991,40.86709141731262
stim_66_harmonic.wav,0.0,60.0,9.013064503669739,28.79482090473175
stim_66_harmonic.wav,20.000000149011612,49.999998807907104,30.667844116687775,37.29824423789978
stim_66_harmonic.wav,45.0,20.000000596046448,49.704514145851135,16.46288752555847
stim_66_harmonic.wav,20.000000149011612,49.999998807907104,22.85654604434967,34.897212982177734
stim_66_harmonic.wav,15.000000447034836,49.999998807907104,25.839020311832428,36.46964192390442
stim_66_harmonic.wav,20.000000149011612,60.0,11.06436163187027,24.20905888080597
stim_66_harmonic.wav,84.99999761581421,30.0,35.46432852745056,35.311793088912964
stim_66_harmonic.wav,64.9999988079071,30.0,44.39559906721115,25.274221301078796
stim_66_harmonic.wav,0.0,0.0,0.7358157634735107,32.14982986450195
stim_66_harmonic.wav,35.00000059604645,0.0,51.01548671722412,33.244303464889526
stim_66_harmonic.wav,74.99999821186066,40.000001192092896,75.34914135932922,30.416157245635986
stim_66_harmonic.wav,0.0,0.0,22.604415714740753,27.487149238586426
stim_66_harmonic.wav,20.000000149011612,40.000001192092896,35.99937289953232,34.03248310089111
stim_66_harmonic.wav,35.00000059604645,30.0,51.18575870990753,24.052737951278687
stim_66_harmonic.wav,45.0,20.000000596046448,47.04051196575165,19.66208517551422
stim_66_harmonic.wav,80.00000059604645,0.0,56.13162875175476,26.104153990745544
stim_66_harmonic.wav,50.00000238418579,40.000001192092896,49.45444107055664,33.878517150878906
stim_66_harmonic.wav,10.000000074505806,20.000000596046448,15.7325479388237,28.578187823295593
stim_66_harmonic.wav,10.000000074505806,40.000001192092896,10.54052084684372,41.65523171424866
stim_66_harmonic.wav,30.00000089406967,40.000001192092896,37.31673985719681,32.22285747528076
stim_66_harmonic.wav,70.0000011920929,10.000000298023224,67.38519072532654,12.434020042419434
stim_66_harmonic.wav,90.0,49.999998807907104,54.58185911178589,29.750366806983948
stim_66_harmonic.wav,50.00000238418579,0.0,54.27874803543091,29.869226217269897
stim_66_harmonic.wav,30.00000089406967,20.000000596046448,41.44906908273697,23.894094228744507
stim_66_harmonic.wav,10.000000074505806,10.000000298023224,13.582963943481445,32.579941749572754
stim_66_harmonic.wav,5.000000037252903,20.000000596046448,12.76499480009079,30.983426570892334
stim_66_harmonic.wav,30.00000089406967,20.000000596046448,46.07710003852844,28.97520124912262
stim_66_harmonic.wav,74.99999821186066,0.0,65.19547820091248,28.332025408744812
stim_66_harmonic.wav,10.000000074505806,20.000000596046448,6.557883024215698,39.05789852142334
stim_66_harmonic.wav,45.0,60.0,35.966767966747284,26.038198471069336
stim_66_harmonic.wav,70.0000011920929,20.000000596046448,43.20912927389145,33.45847964286804
stim_66_harmonic.wav,30.00000089406967,40.000001192092896,48.606648445129395,22.696316242218018
stim_66_harmonic.wav,20.000000149011612,30.0,28.396174013614655,34.922579526901245
stim_66_harmonic.wav,84.99999761581421,60.0,61.48845076560974,22.66546368598938
stim_66_harmonic.wav,40.000000298023224,20.000000596046448,43.134453892707825,26.919777989387512
stim_66_harmonic.wav,15.000000447034836,0.0,19.006685614585876,25.844644904136658
stim_66_harmonic.wav,74.99999821186066,20.000000596046448,62.76316523551941,17.312849164009094
stim_66_harmonic.wav,30.00000089406967,40.000001192092896,41.838582158088684,45.41933298110962
stim_66_harmonic.wav,70.0000011920929,20.000000596046448,54.53912615776062,25.512719750404358
stim_66_harmonic.wav,54.99999940395355,60.0,53.1829047203064,20.972871780395508
stim_66_harmonic.wav,40.000000298023224,60.0,29.234544038772583,53.555803298950195
stim_66_harmonic.wav,30.00000089406967,10.000000298023224,46.62301003932953,27.185080647468567
stim_66_harmonic.wav,5.000000037252903,40.000001192092896,2.411077916622162,40.20247936248779
stim_66_harmonic.wav,45.0,49.999998807907104,58.51540982723236,44.33856010437012
stim_66_harmonic.wav,54.99999940395355,20.000000596046448,60.061901807785034,23.607686161994934
stim_66_harmonic.wav,60.00000178813934,0.0,50.84726393222809,22.11818218231201
stim_66_harmonic.wav,25.000001192092896,49.999998807907104,32.38652855157852,32.55842328071594
stim_66_harmonic.wav,84.99999761581421,49.999998807907104,68.83889436721802,38.480801582336426
stim_66_harmonic.wav,70.0000011920929,30.0,79.52563047409058,30.822243690490723
stim_66_harmonic.wav,64.9999988079071,40.000001192092896,47.64668047428131,30.259376764297485
stim_66_harmonic.wav,30.00000089406967,0.0,34.925435185432434,20.969982147216797
stim_66_harmonic.wav,10.000000074505806,20.000000596046448,25.589590966701508,27.6361083984375
stim_66_harmonic.wav,0.0,40.000001192092896,21.9723679125309,34.32386040687561
stim_66_harmonic.wav,64.9999988079071,30.0,54.60886895656586,26.37225866317749
stim_66_harmonic.wav,64.9999988079071,49.999998807907104,56.11859321594238,32.40325570106506
stim_66_harmonic.wav,10.000000074505806,10.000000298023224,7.4710893630981445,32.830073833465576
stim_66_harmonic.wav,20.000000149011612,0.0,30.91436594724655,38.97242546081543
stim_66_harmonic.wav,20.000000149011612,20.000000596046448,45.80293536186218,28.866487741470337
stim_66_harmonic.wav,54.99999940395355,0.0,40.37019342184067,24.01150345802307
stim_66_harmonic.wav,5.000000037252903,60.0,10.54786741733551,29.95636761188507
stim_66_harmonic.wav,10.000000074505806,0.0,8.102516233921051,34.33248996734619
stim_66_harmonic.wav,35.00000059604645,49.999998807907104,37.95230269432068,30.56444764137268
stim_66_harmonic.wav,35.00000059604645,30.0,44.73327577114105,24.58535671234131
stim_66_harmonic.wav,60.00000178813934,40.000001192092896,61.53416633605957,35.288325548172
stim_66_harmonic.wav,40.000000298023224,0.0,42.75665134191513,16.459116339683533
stim_66_harmonic.wav,70.0000011920929,40.000001192092896,55.061872601509094,20.895304083824158
stim_66_harmonic.wav,84.99999761581421,49.999998807907104,52.649585008621216,27.641478180885315
stim_66_harmonic.wav,54.99999940395355,49.999998807907104,41.76470339298248,27.847580909729004
stim_66_harmonic.wav,70.0000011920929,10.000000298023224,52.40212440490723,18.657034635543823
stim_66_harmonic.wav,45.0,30.0,44.70395386219025,23.665637969970703
stim_66_harmonic.wav,15.000000447034836,20.000000596046448,24.77413773536682,30.98982810974121
stim_66_harmonic.wav,64.9999988079071,30.0,57.75985300540924,28.928314447402954
stim_66_harmonic.wav,60.00000178813934,10.000000298023224,44.74714010953903,25.948389172554016
stim_66_harmonic.wav,15.000000447034836,60.0,27.513365149497986,28.67409110069275
stim_90_harmonic.wav,25.000001192092896,10.000000298023224,41.112926602363586,26.241238117218018
stim_90_harmonic.wav,35.00000059604645,0.0,50.45014142990112,24.63961958885193
stim_90_harmonic.wav,10.000000074505806,10.000000298023224,41.111593544483185,26.233785152435303
stim_90_harmonic.wav,54.99999940395355,49.999998807907104,41.15217536687851,26.223278045654297
stim_90_harmonic.wav,45.0,40.000001192092896,47.716144323349,29.104626774787903
stim_90_harmonic.wav,20.000000149011612,40.000001192092896,28.72995615005493,28.990144729614258
stim_90_harmonic.wav,5.000000037252903,10.000000298023224,40.093703269958496,26.483488082885742
stim_90_harmonic.wav,15.000000447034836,49.999998807907104,41.29781931638718,26.204334497451782
stim_90_harmonic.wav,35.00000059604645,60.0,34.07139301300049,30.16607165336609
stim_90_harmonic.wav,0.0,60.0,35.64479559659958,28.592383861541748
stim_90_harmonic.wav,70.0000011920929,49.999998807907104,52.66615033149719,31.17284059524536
stim_90_harmonic.wav,64.9999988079071,60.0,41.113446950912476,26.210979223251343
stim_90_harmonic.wav,54.99999940395355,30.0,42.0303601026535,27.303341031074524
stim_90_harmonic.wav,30.00000089406967,49.999998807907104,41.38008534908295,26.246269941329956
stim_90_harmonic.wav,60.00000178813934,30.0,61.692330837249756,34.63611960411072
stim_90_harmonic.wav,80.00000059604645,60.0,41.331671476364136,26.19304597377777
stim_90_harmonic.wav,35.00000059604645,10.000000298023224,41.51431918144226,26.167209148406982
stim_90_harmonic.wav,45.0,30.0,42.737218737602234,25.04012167453766
stim_90_harmonic.wav,80.00000059604645,49.999998807907104,41.127547323703766,26.24129891395569
stim_90_harmonic.wav,74.99999821186066,10.000000298023224,45.20790874958038,26.88115417957306
stim_90_harmonic.wav,40.000000298023224,49.999998807907104,41.979030668735504,26.313963532447815
stim_90_harmonic.wav,5.000000037252903,40.000001192092896,26.608065962791443,28.99903178215027
stim_90_harmonic.wav,70.0000011920929,10.000000298023224,44.57037180662155,33.25531840324402
stim_90_harmonic.wav,40.000000298023224,0.0,41.599854826927185,26.196271777153015
stim_90_harmonic.wav,74.99999821186066,40.000001192092896,41.73798590898514,26.06451988220215
stim_90_harmonic.wav,50.00000238418579,10.000000298023224,55.52343785762787,29.00117576122284
stim_90_harmonic.wav,40.000000298023224,30.0,41.696116626262665,26.272809505462646
stim_90_harmonic.wav,15.000000447034836,30.0,41.5588304400444,26.249295473098755
stim_90_harmonic.wav,50.00000238418579,40.000001192092896,50.82329571247101,28.63091289997101
stim_90_harmonic.wav,54.99999940395355,49.999998807907104,41.04381412267685,26.24422788619995
stim_90_harmonic.wav,64.9999988079071,40.000001192092896,41.608631014823914,25.8986896276474
stim_90_harmonic.wav,54.99999940395355,10.000000298023224,56.80204153060913,36.32695555686951
stim_90_harmonic.wav,80.00000059604645,60.0,40.94026744365692,26.249181032180786
stim_90_harmonic.wav,84.99999761581421,0.0,41.13332748413086,26.225643754005432
stim_90_harmonic.wav,10.000000074505806,10.000000298023224,30.257889926433563,32.03257441520691
stim_90_harmonic.wav,45.0,0.0,53.539246916770935,30.76329231262207
stim_90_harmonic.wav,84.99999761581421,0.0,43.95799934864044,31.368309259414673
stim_90_harmonic.wav,15.000000447034836,10.000000298023224,41.40110582113266,26.215574741363525
stim_90_harmonic.wav,30.00000089406967,30.0,41.94298982620239,26.786495447158813
stim_90_harmonic.wav,35.00000059604645,20.000000596046448,41.14243894815445,26.195157766342163
stim_90_harmonic.wav,74.99999821186066,10.000000298023224,41.604213416576385,26.225879788398743
stim_90_harmonic.wav,0.0,10.000000298023224,40.99656969308853,26.22660756111145
stim_90_harmonic.wav,10.000000074505806,60.0,27.549129724502563,30.742167234420776
stim_90_harmonic.wav,40.000000298023224,30.0,41.85922712087631,26.55403196811676
stim_90_harmonic.wav,25.000001192092896,0.0,37.7829372882843,34.93473529815674
stim_90_harmonic.wav,20.000000149011612,10.000000298023224,41.36914998292923,26.175729632377625
stim_90_harmonic.wav,30.00000089406967,30.0,41.18248701095581,26.222965121269226
stim_90_harmonic.wav,45.0,30.0,41.73813074827194,26.78971230983734
stim_90_harmonic.wav,80.00000059604645,20.000000596046448,41.229664385318756,26.221325397491455
stim_90_harmonic.wav,74.99999821186066,30.0,41.06957405805588,26.238250136375427
stim_90_harmonic.wav,64.9999988079071,40.000001192092896,40.396857261657715,26.312888860702515
stim_90_harmonic.wav,35.00000059604645,40.000001192092896,34.09554898738861,35.89540243148804
stim_90_harmonic.wav,30.00000089406967,40.000001192092896,32.711191177368164,37.76916146278381
stim_90_harmonic.wav,15.000000447034836,60.0,21.54862716794014,30.713660717010498
stim_90_harmonic.wav,60.00000178813934,60.0,36.00007027387619,38.72892379760742
stim_90_harmonic.wav,20.000000149011612,10.000000298023224,41.40349566936493,26.183173656463623
stim_90_harmonic.wav,15.000000447034836,49.999998807907104,28.61015796661377,29.762830138206482
stim_90_harmonic.wav,64.9999988079071,0.0,41.23820722103119,26.21525287628174
stim_90_harmonic.wav,45.0,10.000000298023224,41.45874112844467,26.269134879112244
stim_90_harmonic.wav,54.99999940395355,60.0,40.52778661251068,32.21452474594116
stim_90_harmonic.wav,74.99999821186066,10.000000298023224,51.258854269981384,33.55736017227173
stim_90_harmonic.wav,40.000000298023224,60.0,31.77269697189331,30.50119400024414
stim_90_harmonic.wav,70.0000011920929,30.0,41.54086500406265,26.642950773239136
stim_90_harmonic.wav,0.0,40.000001192092896,40.9161651134491,26.246119737625122
stim_90_harmonic.wav,35.00000059604645,10.000000298023224,44.17352557182312,25.54067552089691
stim_90_harmonic.wav,45.0,60.0,34.108533561229706,30.015671253204346
stim_90_harmonic.wav,70.0000011920929,10.000000298023224,41.10994130373001,26.236642599105835
stim_90_harmonic.wav,35.00000059604645,30.0,41.54767781496048,27.575401067733765
stim_90_harmonic.wav,25.000001192092896,30.0,41.81096613407135,26.745430827140808
stim_90_harmonic.wav,45.0,0.0,51.24217629432678,28.55292320251465
stim_90_harmonic.wav,54.99999940395355,60.0,41.59466207027435,26.342629194259644
stim_90_harmonic.wav,80.00000059604645,49.999998807907104,41.41527056694031,26.351773738861084
stim_90_harmonic.wav,0.0,30.0,40.78831225633621,26.544694304466248
stim_90_harmonic.wav,64.9999988079071,20.000000596046448,56.463342905044556,26.545738577842712
stim_90_harmonic.wav,60.00000178813934,49.999998807907104,47.55481481552124,31.839312314987183
stim_90_harmonic.wav,50.00000238418579,60.0,41.72976493835449,26.078765988349915
stim_90_harmonic.wav,10.000000074505806,20.000000596046448,40.86120396852493,26.25045597553253
stim_90_harmonic.wav,60.00000178813934,60.0,41.051941215991974,26.236896514892578
stim_90_harmonic.wav,45.0,0.0,41.12116903066635,26.25961124897003
stim_90_harmonic.wav,5.000000037252903,40.000001192092896,32.10234582424164,28.132501244544983
stim_90_harmonic.wav,5.000000037252903,49.999998807907104,35.23470729589462,27.25574791431427
stim_90_harmonic.wav,0.0,49.999998807907104,41.06382608413696,26.243791580200195
stim_90_harmonic.wav,25.000001192092896,0.0,41.063152849674225,26.24911665916443
stim_90_harmonic.wav,25.000001192092896,49.999998807907104,41.230211555957794,26.224658489227295
stim_90_harmonic.wav,45.0,10.000000298023224,42.3632276058197,26.149649620056152
stim_90_harmonic.wav,25.000001192092896,10.000000298023224,37.53348648548126,32.88121461868286
stim_90_harmonic.wav,80.00000059604645,60.0,41.52580976486206,26.16101324558258
stim_90_harmonic.wav,5.000000037252903,10.000000298023224,41.57949686050415,26.095147132873535
stim_90_harmonic.wav,80.00000059604645,0.0,41.14610284566879,26.228719353675842
stim_90_harmonic.wav,25.000001192092896,20.000000596046448,41.356186866760254,26.688508987426758
stim_90_harmonic.wav,90.0,0.0,48.20033669471741,23.65202307701111
stim_90_harmonic.wav,80.00000059604645,49.999998807907104,59.85047399997711,34.99048948287964
stim_90_harmonic.wav,70.0000011920929,20.000000596046448,42.52653658390045,25.432584285736084
stim_90_harmonic.wav,40.000000298023224,60.0,41.4098846912384,26.14177644252777
stim_90_harmonic.wav,50.00000238418579,30.0,41.417681872844696,26.179872751235962
stim_90_harmonic.wav,40.000000298023224,40.000001192092896,43.01851272583008,31.230547428131104
stim_90_harmonic.wav,15.000000447034836,40.000001192092896,41.31821483373642,26.198864579200745
stim_90_harmonic.wav,64.9999988079071,49.999998807907104,41.007097363471985,26.25099241733551
stim_90_harmonic.wav,20.000000149011612,49.999998807907104,41.26862347126007,26.210485696792603
stim_90_harmonic.wav,70.0000011920929,40.000001192092896,58.45931947231293,27.91207730770111
stim_90_harmonic.wav,15.000000447034836,10.000000298023224,41.13546520471573,26.236428022384644
stim_90_harmonic.wav,40.000000298023224,49.999998807907104,39.96138721704483,31.27721071243286
stim_90_harmonic.wav,10.000000074505806,40.000001192092896,41.26437485218048,26.224406361579895
stim_90_harmonic.wav,64.9999988079071,0.0,46.57124876976013,26.68609857559204
stim_90_harmonic.wav,64.9999988079071,60.0,41.251937448978424,26.2135648727417
stim_90_harmonic.wav,15.000000447034836,30.0,23.498015105724335,29.993768334388733
stim_90_harmonic.wav,60.00000178813934,0.0,41.31142348051071,26.201067566871643
stim_90_harmonic.wav,25.000001192092896,10.000000298023224,40.817457139492035,26.276814937591553
stim_90_harmonic.wav,20.000000149011612,10.000000298023224,42.161753475666046,27.188730239868164
stim_90_harmonic.wav,35.00000059604645,30.0,41.23974144458771,26.214664578437805
stim_90_harmonic.wav,5.000000037252903,49.999998807907104,41.35411888360977,26.185022592544556
stim_90_harmonic.wav,64.9999988079071,20.000000596046448,51.10441267490387,32.25993990898132
stim_90_harmonic.wav,15.000000447034836,60.0,41.476143300533295,26.23502254486084
stim_90_harmonic.wav,84.99999761581421,0.0,41.92275524139404,27.332316040992737
stim_90_harmonic.wav,30.00000089406967,60.0,32.89984703063965,24.932960271835327
stim_90_harmonic.wav,45.0,40.000001192092896,47.66462445259094,31.984158754348755
stim_90_harmonic.wav,54.99999940395355,40.000001192092896,41.19078308343887,26.225545406341553
stim_90_harmonic.wav,60.00000178813934,49.999998807907104,42.28873461484909,27.042667865753174
stim_90_harmonic.wav,50.00000238418579,0.0,54.454357624053955,31.039960384368896
stim_90_harmonic.wav,54.99999940395355,20.000000596046448,51.361963748931885,29.992092847824097
stim_90_harmonic.wav,70.0000011920929,49.999998807907104,41.12397462129593,26.260966658592224
stim_90_harmonic.wav,40.000000298023224,40.000001192092896,41.27720385789871,26.20810031890869
stim_90_harmonic.wav,5.000000037252903,10.000000298023224,41.09600454568863,26.208869218826294
stim_90_harmonic.wav,45.0,49.999998807907104,40.8390086889267,26.255167722702026
stim_90_harmonic.wav,40.000000298023224,0.0,44.96310621500015,28.762375116348267
stim_90_harmonic.wav,40.000000298023224,49.999998807907104,42.394598722457886,26.28373682498932
stim_90_harmonic.wav,50.00000238418579,40.000001192092896,41.24869465827942,26.209945678710938
stim_90_harmonic.wav,20.000000149011612,0.0,41.395604610443115,26.341853141784668
stim_90_harmonic.wav,60.00000178813934,10.000000298023224,42.32177942991257,25.690630674362183
stim_90_harmonic.wav,70.0000011920929,40.000001192092896,57.1977961063385,34.17239427566528
stim_90_harmonic.wav,50.00000238418579,49.999998807907104,41.28488302230835,26.206600069999695
stim_90_harmonic.wav,35.00000059604645,60.0,40.513705015182495,26.227562427520752
stim_90_harmonic.wav,50.00000238418579,20.000000596046448,58.43177318572998,37.01366186141968
stim_90_harmonic.wav,74.99999821186066,10.000000298023224,41.94815844297409,25.96308946609497
stim_90_harmonic.wav,54.99999940395355,10.000000298023224,41.15369349718094,26.1667263507843
stim_90_harmonic.wav,54.99999940395355,30.0,49.87118124961853,31.299848556518555
stim_90_harmonic.wav,50.00000238418579,0.0,41.07537031173706,26.537362933158875
stim_76_harmonic.wav,45.0,30.0,47.775646448135376,31.026699542999268
stim_76_harmonic.wav,50.00000238418579,30.0,49.693774580955505,27.507668137550354
stim_76_harmonic.wav,84.99999761581421,10.000000298023224,71.21571779251099,14.269130229949951
stim_76_harmonic.wav,60.00000178813934,30.0,36.23145371675491,26.75755262374878
stim_76_harmonic.wav,0.0,60.0,7.920152842998505,26.99090301990509
stim_76_harmonic.wav,15.000000447034836,60.0,46.06588840484619,26.58850371837616
stim_76_harmonic.wav,35.00000059604645,60.0,28.68454098701477,28.85436236858368
stim_76_harmonic.wav,0.0,0.0,21.98536589741707,24.745484590530396
stim_76_harmonic.wav,15.000000447034836,10.000000298023224,23.021442890167236,25.121288895606995
stim_76_harmonic.wav,40.000000298023224,30.0,53.38111996650696,21.467905640602112
stim_76_harmonic.wav,50.00000238418579,40.000001192092896,58.098610639572144,17.973244786262512
stim_76_harmonic.wav,70.0000011920929,40.000001192092896,62.579031586647034,28.68987500667572
stim_76_harmonic.wav,40.000000298023224,20.000000596046448,43.54738533496857,24.603776335716248
stim_76_harmonic.wav,25.000001192092896,30.0,28.441473841667175,32.06041216850281
stim_76_harmonic.wav,35.00000059604645,40.000001192092896,42.77660697698593,30.477046966552734
stim_76_harmonic.wav,80.00000059604645,20.000000596046448,62.26880192756653,19.405066967010498
stim_76_harmonic.wav,64.9999988079071,40.000001192092896,38.341941833496094,27.30370044708252
stim_76_harmonic.wav,25.000001192092896,30.0,42.96208173036575,28.20897102355957
stim_76_harmonic.wav,10.000000074505806,40.000001192092896,41.62300229072571,25.360658168792725
stim_76_harmonic.wav,80.00000059604645,30.0,41.19062215089798,27.29095995426178
stim_76_harmonic.wav,15.000000447034836,20.000000596046448,48.6629319190979,28.88909339904785
stim_76_harmonic.wav,30.00000089406967,30.0,43.20965230464935,33.59074831008911
stim_76_harmonic.wav,84.99999761581421,10.000000298023224,57.82532572746277,16.11592411994934
stim_76_harmonic.wav,90.0,60.0,43.28862726688385,25.286353826522827
stim_76_harmonic.wav,84.99999761581421,49.999998807907104,67.78364360332489,35.502004623413086
stim_76_harmonic.wav,25.000001192092896,0.0,41.237086057662964,28.342130184173584
stim_76_harmonic.wav,10.000000074505806,20.000000596046448,16.37559413909912,27.096387147903442
stim_76_harmonic.wav,5.000000037252903,10.000000298023224,32.41598725318909,27.8290057182312
stim_76_harmonic.wav,5.000000037252903,49.999998807907104,34.16466683149338,28.076217770576477
stim_76_harmonic.wav,80.00000059604645,60.0,41.59180015325546,27.343974709510803
stim_76_harmonic.wav,70.0000011920929,20.000000596046448,51.81804120540619,25.471964478492737
stim_76_harmonic.wav,64.9999988079071,0.0,59.81908142566681,9.58017110824585
stim_76_harmonic.wav,40.000000298023224,0.0,46.313209533691406,22.55397856235504
stim_76_harmonic.wav,15.000000447034836,10.000000298023224,39.24546003341675,26.394531726837158
stim_76_harmonic.wav,0.0,20.000000596046448,25.006052255630493,27.233784198760986
stim_76_harmonic.wav,20.000000149011612,0.0,25.47675311565399,19.754474759101868
stim_76_harmonic.wav,10.000000074505806,10.000000298023224,44.568542540073395,26.34088397026062
stim_76_harmonic.wav,0.0,40.000001192092896,8.562043011188507,26.84945583343506
stim_76_harmonic.wav,70.0000011920929,30.0,46.953951716423035,23.341668248176575
stim_76_harmonic.wav,54.99999940395355,40.000001192092896,50.44948697090149,21.710318326950073
stim_76_harmonic.wav,10.000000074505806,30.0,16.062298715114594,28.908392786979675
stim_76_harmonic.wav,25.000001192092896,40.000001192092896,28.77170741558075,25.23177444934845
stim_76_harmonic.wav,30.00000089406967,60.0,41.33247882127762,28.056421279907227
stim_76_harmonic.wav,35.00000059604645,0.0,50.71665644645691,35.383479595184326
stim_76_harmonic.wav,74.99999821186066,30.0,44.397388100624084,28.144914507865906
stim_76_harmonic.wav,50.00000238418579,60.0,42.738798558712006,26.142908334732056
stim_76_harmonic.wav,0.0,60.0,5.022406876087189,29.485187530517578
stim_76_harmonic.wav,0.0,30.0,9.969065487384796,23.37157130241394
stim_76_harmonic.wav,15.000000447034836,40.000001192092896,41.21226221323013,29.042020440101624
stim_76_harmonic.wav,54.99999940395355,20.000000596046448,43.56631100177765,25.385847687721252
stim_76_harmonic.wav,60.00000178813934,0.0,45.382660031318665,24.755866527557373
stim_76_harmonic.wav,80.00000059604645,40.000001192092896,69.91363406181335,34.33859825134277
stim_76_harmonic.wav,60.00000178813934,40.000001192092896,49.82547104358673,29.52221989631653
stim_76_harmonic.wav,60.00000178813934,49.999998807907104,44.57033157348633,25.93902289867401
stim_76_harmonic.wav,54.99999940395355,10.000000298023224,59.803186655044556,22.913721799850464
stim_76_harmonic.wav,84.99999761581421,20.000000596046448,72.97111630439758,19.88845467567444
stim_76_harmonic.wav,25.000001192092896,0.0,27.656718492507935,31.27790093421936
stim_76_harmonic.wav,0.0,30.0,25.061072409152985,26.375446915626526
stim_76_harmonic.wav,64.9999988079071,10.000000298023224,42.194213569164276,25.658074021339417
stim_76_harmonic.wav,40.000000298023224,40.000001192092896,36.11913084983826,37.72814869880676
stim_76_harmonic.wav,10.000000074505806,30.0,43.32631766796112,26.106669902801514
stim_76_harmonic.wav,10.000000074505806,40.000001192092896,42.62296736240387,32.83149003982544
stim_76_harmonic.wav,80.00000059604645,40.000001192092896,46.23067259788513,23.9617520570755
stim_76_harmonic.wav,45.0,49.999998807907104,44.898505210876465,42.54596471786499
stim_76_harmonic.wav,15.000000447034836,60.0,37.049865424633026,26.67810559272766
stim_76_harmonic.wav,20.000000149011612,49.999998807907104,33.03023189306259,34.69935178756714
stim_76_harmonic.wav,30.00000089406967,20.000000596046448,39.115962982177734,35.26445388793945
stim_76_harmonic.wav,84.99999761581421,40.000001192092896,61.68654799461365,27.03619122505188
stim_76_harmonic.wav,80.00000059604645,30.0,44.636855721473694,25.077223777770996
stim_76_harmonic.wav,10.000000074505806,20.000000596046448,33.37763160467148,28.801002502441406
stim_76_harmonic.wav,0.0,40.000001192092896,32.80471980571747,26.38616144657135
stim_76_harmonic.wav,70.0000011920929,0.0,46.35727286338806,25.34104585647583
stim_76_harmonic.wav,30.00000089406967,20.000000596046448,39.65065062046051,27.73758888244629
stim_76_harmonic.wav,10.000000074505806,40.000001192092896,13.394310772418976,28.20557177066803
stim_76_harmonic.wav,54.99999940395355,10.000000298023224,39.359899163246155,29.918251633644104
stim_76_harmonic.wav,74.99999821186066,0.0,60.693824887275696,14.50896441936493
stim_76_harmonic.wav,74.99999821186066,40.000001192092896,45.37994563579559,24.81342315673828
stim_76_harmonic.wav,0.0,0.0,19.939973652362823,25.418068170547485
stim_76_harmonic.wav,0.0,0.0,8.19781243801117,27.06064224243164
stim_76_harmonic.wav,80.00000059604645,60.0,47.38547086715698,34.24386978149414
stim_76_harmonic.wav,15.000000447034836,40.000001192092896,37.515166997909546,30.25112271308899
stim_76_harmonic.wav,64.9999988079071,20.000000596046448,43.84437024593353,25.497307777404785
stim_76_harmonic.wav,60.00000178813934,20.000000596046448,60.254645347595215,24.969688653945923
stim_76_harmonic.wav,35.00000059604645,20.000000596046448,42.07080781459808,20.8320415019989
stim_76_harmonic.wav,25.000001192092896,30.0,28.358435332775116,22.444769740104675
stim_76_harmonic.wav,0.0,20.000000596046448,11.02088838815689,26.29083216190338
stim_76_harmonic.wav,25.000001192092896,30.0,30.01860737800598,25.418742299079895
stim_76_harmonic.wav,30.00000089406967,0.0,25.77215015888214,25.261396765708923
stim_76_harmonic.wav,40.000000298023224,40.000001192092896,27.81803995370865,22.079440355300903
stim_76_harmonic.wav,64.9999988079071,30.0,62.0261424779892,27.79087007045746
stim_76_harmonic.wav,54.99999940395355,40.000001192092896,49.884045124053955,16.150546073913574
stim_76_harmonic.wav,40.000000298023224,60.0,31.875911056995392,34.913538694381714
stim_76_harmonic.wav,70.0000011920929,10.000000298023224,62.11444079875946,15.773298740386963
stim_76_harmonic.wav,20.000000149011612,30.0,25.81399530172348,29.9436217546463
stim_76_harmonic.wav,20.000000149011612,0.0,38.86059522628784,28.64421844482422
stim_76_harmonic.wav,45.0,30.0,51.67012274265289,25.142322778701782
stim_76_harmonic.wav,20.000000149011612,40.000001192092896,45.95725357532501,25.419690012931824
stim_76_harmonic.wav,45.0,10.000000298023224,48.49830865859985,23.01387906074524
stim_76_harmonic.wav,54.99999940395355,20.000000596046448,58.08216869831085,23.758540749549866
stim_76_harmonic.wav,54.99999940395355,49.999998807907104,40.170272290706635,27.749964594841003
stim_76_harmonic.wav,25.000001192092896,0.0,30.398904383182526,35.400227308273315
stim_76_harmonic.wav,74.99999821186066,30.0,41.66657477617264,25.02738654613495
stim_76_harmonic.wav,35.00000059604645,49.999998807907104,33.20970118045807,42.13935613632202
stim_76_harmonic.wav,74.99999821186066,30.0,58.342498540878296,23.718420267105103
stim_76_harmonic.wav,60.00000178813934,30.0,38.30190181732178,26.449729800224304
stim_76_harmonic.wav,40.000000298023224,49.999998807907104,43.6297345161438,34.6833872795105
stim_76_harmonic.wav,84.99999761581421,40.000001192092896,65.70783376693726,30.810112953186035
stim_76_harmonic.wav,84.99999761581421,60.0,46.74907386302948,28.183019757270813
stim_76_harmonic.wav,80.00000059604645,0.0,65.48151969909668,10.922629237174988
stim_76_harmonic.wav,0.0,49.999998807907104,6.841985285282135,29.923043847084045
stim_76_harmonic.wav,60.00000178813934,20.000000596046448,53.754971623420715,25.751692056655884
stim_76_harmonic.wav,30.00000089406967,10.000000298023224,45.03638684749603,29.316437244415283
stim_76_harmonic.wav,25.000001192092896,30.0,41.7532342672348,27.627033591270447
stim_76_harmonic.wav,40.000000298023224,0.0,42.41024672985077,25.172372460365295
stim_76_harmonic.wav,35.00000059604645,60.0,31.45811676979065,37.676124572753906
stim_76_harmonic.wav,60.00000178813934,0.0,46.46511912345886,24.24337863922119
stim_76_harmonic.wav,50.00000238418579,20.000000596046448,45.4442435503006,25.156304240226746
stim_76_harmonic.wav,20.000000149011612,10.000000298023224,43.701395094394684,24.52377498149872
stim_76_harmonic.wav,25.000001192092896,0.0,31.275018453598022,30.788644552230835
stim_76_harmonic.wav,60.00000178813934,0.0,56.929028034210205,13.936838507652283
stim_76_harmonic.wav,30.00000089406967,0.0,48.992430567741394,26.600562930107117
stim_76_harmonic.wav,40.000000298023224,0.0,46.024839878082275,24.91700828075409
stim_76_harmonic.wav,70.0000011920929,10.000000298023224,40.780874490737915,25.815492868423462
stim_76_harmonic.wav,84.99999761581421,49.999998807907104,47.75027811527252,24.514306783676147
stim_76_harmonic.wav,15.000000447034836,20.000000596046448,22.280238568782806,24.974663257598877
stim_76_harmonic.wav,50.00000238418579,0.0,38.17118436098099,29.16115164756775
stim_76_harmonic.wav,64.9999988079071,60.0,39.494728446006775,27.86396026611328
stim_76_harmonic.wav,80.00000059604645,10.000000298023224,66.4112377166748,14.94202584028244
stim_76_harmonic.wav,84.99999761581421,40.000001192092896,46.19249403476715,26.444789171218872
stim_76_harmonic.wav,54.99999940395355,60.0,39.266861379146576,25.669475197792053
stim_76_harmonic.wav,45.0,40.000001192092896,44.38562124967575,28.860186338424683
stim_76_harmonic.wav,50.00000238418579,40.000001192092896,50.44450342655182,29.948739409446716
stim_76_harmonic.wav,74.99999821186066,20.000000596046448,51.23191952705383,18.643983006477356
stim_76_harmonic.wav,40.000000298023224,49.999998807907104,43.40821623802185,33.21870803833008
stim_76_harmonic.wav,20.000000149011612,0.0,43.763936161994934,25.886322855949402
stim_87_harmonic.wav,50.00000238418579,20.000000596046448,39.40125346183777,26.40738308429718
stim_87_harmonic.wav,70.0000011920929,49.999998807907104,55.22156596183777,35.96155285835266
stim_87_harmonic.wav,0.0,10.000000298023224,40.81125319004059,26.406841278076172
stim_87_harmonic.wav,40.000000298023224,49.999998807907104,41.74011290073395,26.70397639274597
stim_87_harmonic.wav,10.000000074505806,30.0,39.74726378917694,26.414984464645386
stim_87_harmonic.wav,80.00000059604645,49.999998807907104,42.27185815572739,26.834110021591187
stim_87_harmonic.wav,74.99999821186066,10.000000298023224,57.568477392196655,20.83638846874237
stim_87_harmonic.wav,70.0000011920929,20.000000596046448,60.0113046169281,27.863118052482605
stim_87_harmonic.wav,5.000000037252903,40.000001192092896,39.12348121404648,26.50163769721985
stim_87_harmonic.wav,45.0,0.0,41.14687532186508,26.244667768478394
stim_87_harmonic.wav,60.00000178813934,10.000000298023224,41.6429927945137,26.093530654907227
stim_87_harmonic.wav,70.0000011920929,40.000001192092896,43.52301478385925,30.891834497451782
stim_87_harmonic.wav,25.000001192092896,49.999998807907104,40.31527251005173,28.241504430770874
stim_87_harmonic.wav,0.0,60.0,39.3414831161499,26.619590520858765
stim_87_harmonic.wav,5.000000037252903,40.000001192092896,26.850435733795166,30.012348890304565
stim_87_harmonic.wav,25.000001192092896,60.0,34.60928589105606,34.95348930358887
stim_87_harmonic.wav,35.00000059604645,49.999998807907104,40.98340004682541,26.552985906600952
stim_87_harmonic.wav,64.9999988079071,49.999998807907104,54.09246325492859,37.60326862335205
stim_87_harmonic.wav,70.0000011920929,40.000001192092896,57.000911235809326,34.12488341331482
stim_87_harmonic.wav,30.00000089406967,10.000000298023224,41.08007222414017,26.238929629325867
stim_87_harmonic.wav,40.000000298023224,60.0,40.33085614442825,28.621219396591187
stim_87_harmonic.wav,70.0000011920929,40.000001192092896,41.78961306810379,26.11377239227295
stim_87_harmonic.wav,64.9999988079071,60.0,39.68974381685257,26.816856265068054
stim_87_harmonic.wav,5.000000037252903,20.000000596046448,22.042978405952454,29.23132359981537
stim_87_harmonic.wav,5.000000037252903,30.0,39.35964971780777,26.427290439605713
stim_87_harmonic.wav,40.000000298023224,30.0,40.998600125312805,31.442667245864868
stim_87_harmonic.wav,30.00000089406967,10.000000298023224,41.18317902088165,26.226752400398254
stim_87_harmonic.wav,25.000001192092896,40.000001192092896,40.935938358306885,26.21575891971588
stim_87_harmonic.wav,90.0,49.999998807907104,40.15370965003967,27.093706727027893
stim_87_harmonic.wav,50.00000238418579,20.000000596046448,41.306332647800446,26.207944750785828
stim_87_harmonic.wav,20.000000149011612,30.0,40.16315370798111,26.319106221199036
stim_87_harmonic.wav,45.0,49.999998807907104,41.945688128471375,25.909395217895508
stim_87_harmonic.wav,10.000000074505806,0.0,41.146789491176605,26.319926977157593
stim_87_harmonic.wav,10.000000074505806,60.0,40.55211424827576,26.368473172187805
stim_87_harmonic.wav,15.000000447034836,20.000000596046448,40.42549788951874,26.838818192481995
stim_87_harmonic.wav,80.00000059604645,0.0,42.17293828725815,25.5598783493042
stim_87_harmonic.wav,74.99999821186066,30.0,41.76346957683563,26.981645822525024
stim_87_harmonic.wav,50.00000238418579,30.0,41.262003779411316,26.22185468673706
stim_87_harmonic.wav,10.000000074505806,30.0,39.621087312698364,26.593621373176575
stim_87_harmonic.wav,70.0000011920929,20.000000596046448,42.48391628265381,27.488590478897095
stim_87_harmonic.wav,25.000001192092896,10.000000298023224,41.16198152303696,27.359737157821655
stim_87_harmonic.wav,70.0000011920929,40.000001192092896,41.062501072883606,28.1434965133667
stim_87_harmonic.wav,64.9999988079071,60.0,41.614974439144135,26.442691683769226
stim_87_harmonic.wav,60.00000178813934,20.000000596046448,58.53795111179352,30.91341733932495
stim_87_harmonic.wav,40.000000298023224,0.0,43.58749508857727,25.680967569351196
stim_87_harmonic.wav,5.000000037252903,49.999998807907104,21.034471839666367,29.255937337875366
stim_87_harmonic.wav,0.0,30.0,23.464420437812805,26.567071080207825
stim_87_harmonic.wav,10.000000074505806,10.000000298023224,26.53300166130066,24.601877331733704
stim_87_harmonic.wav,84.99999761581421,60.0,41.144667863845825,26.486898064613342
stim_87_harmonic.wav,74.99999821186066,49.999998807907104,41.60105109214783,26.766666769981384
stim_87_harmonic.wav,30.00000089406967,0.0,40.62052667140961,29.230125546455383
stim_87_harmonic.wav,45.0,30.0,42.789529860019684,27.73755133152008
stim_87_harmonic.wav,0.0,30.0,41.58945053815842,25.92391312122345
stim_87_harmonic.wav,60.00000178813934,0.0,65.29755234718323,25.77387034893036
stim_87_harmonic.wav,80.00000059604645,40.000001192092896,40.43967604637146,28.4768807888031
stim_87_harmonic.wav,25.000001192092896,30.0,41.77519887685776,26.171323657035828
stim_87_harmonic.wav,20.000000149011612,40.000001192092896,32.46978163719177,35.574023723602295
stim_87_harmonic.wav,64.9999988079071,10.000000298023224,41.83021903038025,26.429589986801147
stim_87_harmonic.wav,74.99999821186066,20.000000596046448,55.774701833724976,25.7894629240036
stim_87_harmonic.wav,84.99999761581421,30.0,55.18550097942352,31.132267713546753
stim_87_harmonic.wav,0.0,30.0,16.071080267429352,27.78974175453186
stim_87_harmonic.wav,10.000000074505806,60.0,22.255340963602066,28.766945600509644
stim_87_harmonic.wav,30.00000089406967,60.0,30.679340064525604,34.69101905822754
stim_87_harmonic.wav,10.000000074505806,20.000000596046448,29.129731357097626,28.136406540870667
stim_87_harmonic.wav,54.99999940395355,49.999998807907104,45.43476998806,34.09931659698486
stim_87_harmonic.wav,20.000000149011612,0.0,33.71719390153885,32.012776136398315
stim_87_harmonic.wav,20.000000149011612,10.000000298023224,40.47434628009796,26.253286600112915
stim_87_harmonic.wav,40.000000298023224,30.0,41.95309638977051,25.92619299888611
stim_87_harmonic.wav,5.000000037252903,0.0,40.607998073101044,26.301634311676025
stim_87_harmonic.wav,54.99999940395355,40.000001192092896,54.8657763004303,33.65469217300415
stim_87_harmonic.wav,54.99999940395355,60.0,44.07567858695984,47.83961892127991
stim_87_harmonic.wav,25.000001192092896,60.0,28.739842772483826,30.432554483413696
stim_87_harmonic.wav,40.000000298023224,10.000000298023224,40.72264105081558,26.649039387702942
stim_87_harmonic.wav,70.0000011920929,30.0,61.40780746936798,33.43348145484924
stim_87_harmonic.wav,74.99999821186066,10.000000298023224,40.613743364810944,27.648106813430786
stim_87_harmonic.wav,20.000000149011612,20.000000596046448,34.387561082839966,36.933356523513794
stim_87_harmonic.wav,40.000000298023224,30.0,46.66984140872955,32.637455463409424
stim_87_harmonic.wav,15.000000447034836,10.000000298023224,40.927215814590454,26.231340765953064
stim_87_harmonic.wav,45.0,49.999998807907104,41.06056988239288,26.256519556045532
stim_87_harmonic.wav,0.0,20.000000596046448,21.122772842645645,26.41018509864807
stim_87_harmonic.wav,15.000000447034836,49.999998807907104,39.62857335805893,26.40095829963684
stim_87_harmonic.wav,35.00000059604645,0.0,45.19345700740814,35.18891930580139
stim_87_harmonic.wav,35.00000059604645,60.0,36.96862131357193,45.309802293777466
stim_87_harmonic.wav,80.00000059604645,60.0,41.318547427654266,26.945053339004517
stim_87_harmonic.wav,10.000000074505806,30.0,40.43317437171936,26.303293704986572
stim_87_harmonic.wav,60.00000178813934,10.000000298023224,41.21240437030792,26.813430190086365
stim_87_harmonic.wav,35.00000059604645,20.000000596046448,43.31703722476959,36.91229581832886
stim_87_harmonic.wav,30.00000089406967,40.000001192092896,41.402599811553955,50.3902530670166
stim_87_harmonic.wav,54.99999940395355,49.999998807907104,42.189146876335144,26.72412872314453
stim_87_harmonic.wav,80.00000059604645,30.0,42.65152484178543,28.53438913822174
stim_87_harmonic.wav,90.0,40.000001192092896,59.90492820739746,31.64335012435913
stim_87_harmonic.wav,64.9999988079071,20.000000596046448,42.74023354053497,28.534966707229614
stim_87_harmonic.wav,50.00000238418579,40.000001192092896,40.836562514305115,26.461873054504395
stim_87_harmonic.wav,0.0,0.0,42.266995310783386,27.772575616836548
stim_87_harmonic.wav,20.000000149011612,10.000000298023224,40.16343533992767,26.392990350723267
stim_87_harmonic.wav,40.000000298023224,40.000001192092896,41.19833618402481,26.223081350326538
stim_87_harmonic.wav,90.0,20.000000596046448,42.86633223295212,27.18540608882904
stim_87_harmonic.wav,30.00000089406967,40.000001192092896,50.900291204452515,51.72200560569763
stim_87_harmonic.wav,15.000000447034836,0.0,40.18464356660843,26.372020840644836
stim_87_harmonic.wav,20.000000149011612,49.999998807907104,41.67568624019623,27.754549384117126
stim_87_harmonic.wav,35.00000059604645,60.0,40.371287763118744,26.15639626979828
stim_87_harmonic.wav,45.0,60.0,42.27408170700073,27.821885347366333
stim_87_harmonic.wav,15.000000447034836,20.000000596046448,26.56469464302063,28.48024606704712
stim_87_harmonic.wav,0.0,0.0,40.38285881280899,26.415152549743652
stim_87_harmonic.wav,74.99999821186066,20.000000596046448,57.10924029350281,24.668421149253845
stim_87_harmonic.wav,20.000000149011612,60.0,40.20960420370102,26.456104516983032
stim_87_harmonic.wav,10.000000074505806,0.0,40.74132263660431,26.271938681602478
stim_87_harmonic.wav,54.99999940395355,30.0,49.24845278263092,24.73504900932312
stim_87_harmonic.wav,20.000000149011612,60.0,25.52098274230957,30.493741035461426
stim_87_harmonic.wav,35.00000059604645,10.000000298023224,40.88402956724167,26.274755001068115
stim_87_harmonic.wav,40.000000298023224,20.000000596046448,40.63592791557312,26.327362060546875
stim_87_harmonic.wav,25.000001192092896,0.0,41.42824172973633,26.1783367395401
stim_87_harmonic.wav,70.0000011920929,49.999998807907104,61.28947377204895,42.49975562095642
stim_73_harmonic.wav,70.0000011920929,60.0,55.90510010719299,47.803040742874146
stim_73_harmonic.wav,30.00000089406967,60.0,26.214977502822876,48.34879159927368
stim_73_harmonic.wav,25.000001192092896,49.999998807907104,29.86332356929779,59.0513277053833
stim_73_harmonic.wav,50.00000238418579,60.0,51.31194591522217,21.51238203048706
stim_73_harmonic.wav,20.000000149011612,40.000001192092896,38.268470764160156,31.041980981826782
stim_73_harmonic.wav,0.0,10.000000298023224,31.525912284851074,26.32817029953003
stim_73_harmonic.wav,10.000000074505806,10.000000298023224,10.750527083873749,36.703197956085205
stim_73_harmonic.wav,10.000000074505806,49.999998807907104,5.369967520236969,43.60241889953613
stim_73_harmonic.wav,64.9999988079071,40.000001192092896,57.57456064224243,23.566351532936096
stim_73_harmonic.wav,15.000000447034836,20.000000596046448,16.244747936725616,30.26958703994751
stim_73_harmonic.wav,30.00000089406967,20.000000596046448,46.835339069366455,27.414157390594482
stim_73_harmonic.wav,80.00000059604645,60.0,39.15108650922775,41.529908180236816
stim_73_harmonic.wav,30.00000089406967,0.0,36.83721721172333,39.418290853500366
stim_73_harmonic.wav,15.000000447034836,40.000001192092896,29.261519014835358,33.664891719818115
stim_73_harmonic.wav,30.00000089406967,30.0,33.26305031776428,42.62040853500366
stim_73_harmonic.wav,45.0,10.000000298023224,52.56184458732605,24.847612380981445
stim_73_harmonic.wav,20.000000149011612,49.999998807907104,30.479032695293427,53.745131492614746
stim_73_harmonic.wav,50.00000238418579,30.0,43.567898869514465,24.475207328796387
stim_73_harmonic.wav,74.99999821186066,60.0,52.472543120384216,31.956721544265747
stim_73_harmonic.wav,35.00000059604645,40.000001192092896,43.27282905578613,54.07013654708862
stim_73_harmonic.wav,15.000000447034836,10.000000298023224,38.203934133052826,28.106074333190918
stim_73_harmonic.wav,54.99999940395355,30.0,62.861881256103516,30.755810737609863
stim_73_harmonic.wav,10.000000074505806,30.0,35.739684104919434,27.590678930282593
stim_73_harmonic.wav,64.9999988079071,49.999998807907104,42.39323616027832,27.708871364593506
stim_73_harmonic.wav,40.000000298023224,60.0,30.6318461894989,55.45015811920166
stim_73_harmonic.wav,5.000000037252903,20.000000596046448,25.924161672592163,30.2368426322937
stim_73_harmonic.wav,80.00000059604645,0.0,70.69082021713257,7.2690349817276
stim_73_harmonic.wav,64.9999988079071,40.000001192092896,47.0024299621582,16.626664996147156
stim_73_harmonic.wav,45.0,49.999998807907104,45.463061928749084,29.771254062652588
stim_73_harmonic.wav,50.00000238418579,10.000000298023224,51.701552867889404,7.028605341911316
stim_73_harmonic.wav,64.9999988079071,20.000000596046448,53.78398239612579,21.179616451263428
stim_73_harmonic.wav,54.99999940395355,0.0,53.53371620178223,9.02162253856659
stim_73_harmonic.wav,54.99999940395355,49.999998807907104,55.01112520694733,52.581825256347656
stim_73_harmonic.wav,15.000000447034836,40.000001192092896,26.320838928222656,34.419904947280884
stim_73_harmonic.wav,84.99999761581421,40.000001192092896,77.44521260261536,38.15926909446716
stim_73_harmonic.wav,84.99999761581421,10.000000298023224,43.33825081586838,25.64055562019348
stim_73_harmonic.wav,45.0,20.000000596046448,46.80695593357086,17.141616940498352
stim_73_harmonic.wav,0.0,49.999998807907104,24.13448452949524,31.774628162384033
stim_73_harmonic.wav,74.99999821186066,60.0,46.90465271472931,26.927313208580017
stim_73_harmonic.wav,25.000001192092896,60.0,45.75784742832184,40.29266595840454
stim_73_harmonic.wav,5.000000037252903,0.0,22.7887961268425,28.531431555747986
stim_73_harmonic.wav,64.9999988079071,49.999998807907104,43.256947696208954,24.615683555603027
stim_73_harmonic.wav,84.99999761581421,40.000001192092896,78.01836311817169,39.69119668006897
stim_73_harmonic.wav,35.00000059604645,10.000000298023224,48.03377687931061,17.209879159927368
stim_73_harmonic.wav,70.0000011920929,30.0,73.5375988483429,29.92034912109375
stim_73_harmonic.wav,10.000000074505806,0.0,27.52162367105484,32.065186500549316
stim_73_harmonic.wav,35.00000059604645,60.0,35.97168982028961,45.62844514846802
stim_73_harmonic.wav,30.00000089406967,10.000000298023224,44.1051185131073,26.975018978118896
stim_73_harmonic.wav,84.99999761581421,0.0,44.23949718475342,23.971964120864868
stim_73_harmonic.wav,50.00000238418579,30.0,57.26173996925354,30.140347480773926
stim_73_harmonic.wav,40.000000298023224,0.0,43.52363705635071,28.597446084022522
stim_73_harmonic.wav,64.9999988079071,20.000000596046448,48.370399475097656,26.08010709285736
stim_73_harmonic.wav,74.99999821186066,40.000001192092896,60.442625284194946,21.320391297340393
stim_73_harmonic.wav,15.000000447034836,40.000001192092896,37.63380914926529,28.80361318588257
stim_73_harmonic.wav,54.99999940395355,60.0,39.27686333656311,32.294286489486694
stim_73_harmonic.wav,25.000001192092896,60.0,35.26032775640488,32.14364290237427
stim_73_harmonic.wav,10.000000074505806,0.0,28.282751441001892,32.324981689453125
stim_73_harmonic.wav,64.9999988079071,30.0,46.765419244766235,25.38770020008087
stim_73_harmonic.wav,25.000001192092896,0.0,36.29312574863434,39.80719327926636
stim_73_harmonic.wav,80.00000059604645,60.0,43.70799869298935,27.604621052742004
stim_73_harmonic.wav,70.0000011920929,49.999998807907104,48.77877652645111,15.157971382141113
stim_73_harmonic.wav,84.99999761581421,40.000001192092896,48.68565559387207,28.875170946121216
stim_73_harmonic.wav,80.00000059604645,60.0,48.49406540393829,21.90108060836792
stim_73_harmonic.wav,35.00000059604645,30.0,45.217629075050354,40.317721366882324
stim_73_harmonic.wav,35.00000059604645,60.0,40.664399564266205,32.520607709884644
stim_73_harmonic.wav,64.9999988079071,0.0,54.89024877548218,17.758551836013794
stim_73_harmonic.wav,0.0,60.0,24.3681800365448,28.011780381202698
stim_73_harmonic.wav,74.99999821186066,60.0,42.679502964019775,35.60781955718994
stim_73_harmonic.wav,80.00000059604645,0.0,55.95431327819824,15.504316091537476
stim_73_harmonic.wav,20.000000149011612,30.0,23.9072585105896,39.75315570831299
stim_73_harmonic.wav,20.000000149011612,49.999998807907104,39.28708255290985,32.87802815437317
stim_73_harmonic.wav,5.000000037252903,49.999998807907104,20.554666221141815,31.781344413757324
stim_73_harmonic.wav,15.000000447034836,20.000000596046448,15.078657567501068,22.828309535980225
stim_73_harmonic.wav,74.99999821186066,60.0,61.360546946525574,55.009217262268066
stim_73_harmonic.wav,40.000000298023224,60.0,46.544458866119385,30.972014665603638
stim_73_harmonic.wav,25.000001192092896,10.000000298023224,44.13304567337036,22.466107606887817
stim_73_harmonic.wav,40.000000298023224,40.000001192092896,53.21472644805908,55.85942029953003
stim_73_harmonic.wav,50.00000238418579,30.0,46.81072175502777,28.673279285430908
stim_73_harmonic.wav,64.9999988079071,0.0,55.034894943237305,12.057421803474426
stim_73_harmonic.wav,50.00000238418579,10.000000298023224,45.022863149642944,26.08401596546173
stim_73_harmonic.wav,50.00000238418579,20.000000596046448,48.404388427734375,14.401406049728394
stim_73_harmonic.wav,54.99999940395355,40.000001192092896,38.07916849851608,28.81296694278717
stim_73_harmonic.wav,40.000000298023224,0.0,44.32658851146698,24.849672317504883
stim_73_harmonic.wav,80.00000059604645,20.000000596046448,69.63334321975708,17.341734766960144
stim_73_harmonic.wav,80.00000059604645,20.000000596046448,45.32985270023346,26.878763437271118
stim_73_harmonic.wav,20.000000149011612,20.000000596046448,46.70635163784027,28.43540668487549
stim_73_harmonic.wav,30.00000089406967,60.0,34.56628203392029,34.297789335250854
stim_73_harmonic.wav,64.9999988079071,60.0,44.61865961551666,28.772917985916138
stim_73_harmonic.wav,54.99999940395355,0.0,59.100582003593445,15.348209738731384
stim_73_harmonic.wav,70.0000011920929,0.0,57.35788106918335,17.34475314617157
stim_73_harmonic.wav,64.9999988079071,20.000000596046448,45.93477129936218,25.691487193107605
stim_73_harmonic.wav,64.9999988079071,30.0,49.00385141372681,22.93824791908264
stim_73_harmonic.wav,60.00000178813934,60.0,53.16235363483429,56.121472120285034
stim_73_harmonic.wav,64.9999988079071,10.000000298023224,51.17901563644409,19.412509202957153
stim_73_harmonic.wav,60.00000178813934,40.000001192092896,49.22819674015045,20.491461753845215
stim_73_harmonic.wav,80.00000059604645,30.0,47.37726330757141,25.603584051132202
stim_73_harmonic.wav,84.99999761581421,49.999998807907104,48.19150686264038,21.31826877593994
stim_73_harmonic.wav,74.99999821186066,49.999998807907104,37.61740744113922,30.10982036590576
stim_73_harmonic.wav,15.000000447034836,30.0,29.330824613571167,28.308650851249695
stim_73_harmonic.wav,15.000000447034836,60.0,18.71347188949585,37.988011837005615
stim_73_harmonic.wav,25.000001192092896,30.0,41.87926858663559,31.28349781036377
stim_73_harmonic.wav,25.000001192092896,40.000001192092896,48.958983421325684,26.751367449760437
stim_73_harmonic.wav,45.0,40.000001192092896,44.06418800354004,37.350929975509644
stim_73_harmonic.wav,74.99999821186066,60.0,44.296773076057434,36.182745695114136
stim_73_harmonic.wav,35.00000059604645,40.000001192092896,50.28891384601593,32.003173828125
stim_73_harmonic.wav,10.000000074505806,30.0,13.076922297477722,36.11802935600281
stim_73_harmonic.wav,5.000000037252903,20.000000596046448,25.007385313510895,31.29024624824524
stim_73_harmonic.wav,20.000000149011612,49.999998807907104,49.358949065208435,26.971684098243713
stim_73_harmonic.wav,74.99999821186066,20.000000596046448,71.70038223266602,20.31041979789734
stim_73_harmonic.wav,54.99999940395355,0.0,49.04879450798035,28.002349734306335
stim_73_harmonic.wav,74.99999821186066,30.0,49.271063804626465,23.107362985610962
stim_73_harmonic.wav,40.000000298023224,60.0,55.20138502120972,19.63186204433441
stim_73_harmonic.wav,64.9999988079071,30.0,62.516359090805054,21.167768239974976
stim_73_harmonic.wav,15.000000447034836,60.0,25.934048295021057,31.62753939628601
stim_73_harmonic.wav,0.0,0.0,36.40921175479889,26.936949491500854
stim_73_harmonic.wav,25.000001192092896,30.0,46.31112277507782,23.61232280731201
stim_73_harmonic.wav,45.0,49.999998807907104,48.50246608257294,38.32191467285156
stim_73_harmonic.wav,84.99999761581421,20.000000596046448,56.11197352409363,20.512964129447937
stim_79_harmonic.wav,54.99999940395355,40.000001192092896,40.63372850418091,27.233077883720398
stim_79_harmonic.wav,5.000000037252903,49.999998807907104,36.518332064151764,27.414323687553406
stim_79_harmonic.wav,84.99999761581421,10.000000298023224,41.347552835941315,26.162527799606323
stim_79_harmonic.wav,5.000000037252903,40.000001192092896,29.62363064289093,27.9849636554718
stim_79_harmonic.wav,25.000001192092896,49.999998807907104,28.703080415725708,25.240411162376404
stim_79_harmonic.wav,40.000000298023224,30.0,44.73893254995346,27.45049238204956
stim_79_harmonic.wav,60.00000178813934,49.999998807907104,43.45051467418671,21.270827651023865
stim_79_harmonic.wav,64.9999988079071,49.999998807907104,43.35378348827362,22.21251368522644
stim_79_harmonic.wav,80.00000059604645,40.000001192092896,43.99953067302704,25.36845624446869
stim_79_harmonic.wav,74.99999821186066,40.000001192092896,50.52529156208038,25.577561259269714
stim_79_harmonic.wav,40.000000298023224,0.0,46.10093951225281,26.61579430103302
stim_79_harmonic.wav,50.00000238418579,20.000000596046448,42.959659695625305,25.07411241531372
stim_79_harmonic.wav,40.000000298023224,49.999998807907104,40.43615698814392,34.30072903633118
stim_79_harmonic.wav,64.9999988079071,40.000001192092896,59.98589873313904,32.630982398986816
stim_79_harmonic.wav,40.000000298023224,10.000000298023224,43.89370948076248,25.645024180412292
stim_79_harmonic.wav,80.00000059604645,30.0,70.8294153213501,27.069708108901978
stim_79_harmonic.wav,10.000000074505806,60.0,12.294374406337738,35.9712553024292
stim_79_harmonic.wav,90.0,20.000000596046448,31.64308726787567,27.836337089538574
stim_79_harmonic.wav,60.00000178813934,49.999998807907104,44.206350445747375,27.20613956451416
stim_79_harmonic.wav,10.000000074505806,30.0,36.90871685743332,27.227184176445007
stim_79_harmonic.wav,0.0,60.0,29.057475328445435,29.184334874153137
stim_79_harmonic.wav,5.000000037252903,0.0,4.8629871010780334,35.659199953079224
stim_79_harmonic.wav,74.99999821186066,20.000000596046448,57.31737971305847,24.3578839302063
stim_79_harmonic.wav,84.99999761581421,20.000000596046448,39.35162991285324,27.599984407424927
stim_79_harmonic.wav,10.000000074505806,30.0,37.43895202875137,23.81531059741974
stim_79_harmonic.wav,35.00000059604645,40.000001192092896,42.01763570308685,27.215741872787476
stim_79_harmonic.wav,80.00000059604645,49.999998807907104,39.82982486486435,26.583237648010254
stim_79_harmonic.wav,25.000001192092896,10.000000298023224,42.462265491485596,25.34954309463501
stim_79_harmonic.wav,0.0,0.0,24.344965517520905,28.31763446331024
stim_79_harmonic.wav,0.0,30.0,32.15795338153839,26.493172645568848
stim_79_harmonic.wav,45.0,10.000000298023224,47.701252698898315,20.141665935516357
stim_79_harmonic.wav,80.00000059604645,49.999998807907104,58.603445291519165,35.0680410861969
stim_79_harmonic.wav,20.000000149011612,0.0,41.33868008852005,25.941973328590393
stim_79_harmonic.wav,45.0,0.0,44.84076529741287,14.599246680736542
stim_79_harmonic.wav,0.0,30.0,4.822469651699066,33.567248582839966
stim_79_harmonic.wav,0.0,20.000000596046448,7.371651828289032,31.290106773376465
stim_79_harmonic.wav,50.00000238418579,60.0,36.11897796392441,36.45249366760254
stim_79_harmonic.wav,54.99999940395355,0.0,57.64492571353912,11.861235201358795
stim_79_harmonic.wav,54.99999940395355,20.000000596046448,49.06623423099518,26.61037266254425
stim_79_harmonic.wav,60.00000178813934,30.0,49.72084879875183,20.073949098587036
stim_79_harmonic.wav,64.9999988079071,60.0,30.508389472961426,27.404027581214905
stim_79_harmonic.wav,35.00000059604645,40.000001192092896,42.71893411874771,32.32322931289673
stim_79_harmonic.wav,80.00000059604645,49.999998807907104,37.198306918144226,27.280266880989075
stim_79_harmonic.wav,84.99999761581421,0.0,69.84038829803467,12.403162121772766
stim_79_harmonic.wav,84.99999761581421,60.0,49.06870186328888,39.75157141685486
stim_79_harmonic.wav,15.000000447034836,30.0,41.34722292423248,25.291137099266052
stim_79_harmonic.wav,35.00000059604645,0.0,39.118551313877106,16.084012985229492
stim_79_harmonic.wav,25.000001192092896,20.000000596046448,34.12710785865784,28.10284674167633
stim_79_harmonic.wav,84.99999761581421,60.0,36.3405579328537,26.45999014377594
stim_79_harmonic.wav,30.00000089406967,30.0,38.717319667339325,26.66365921497345
stim_79_harmonic.wav,15.000000447034836,40.000001192092896,18.270808160305023,28.843883872032166
stim_79_harmonic.wav,45.0,60.0,40.907437205314636,28.318639397621155
stim_79_harmonic.wav,74.99999821186066,0.0,55.070858001708984,16.09546422958374
stim_79_harmonic.wav,70.0000011920929,60.0,49.26748037338257,37.239089012145996
stim_79_harmonic.wav,40.000000298023224,20.000000596046448,40.64126819372177,22.73218274116516
stim_79_harmonic.wav,30.00000089406967,10.000000298023224,42.136162519454956,27.67155647277832
stim_79_harmonic.wav,64.9999988079071,60.0,43.15600544214249,40.00875949859619
stim_79_harmonic.wav,15.000000447034836,60.0,14.768803417682648,35.40821313858032
stim_79_harmonic.wav,45.0,30.0,45.179117918014526,25.797552466392517
stim_79_harmonic.wav,35.00000059604645,10.000000298023224,41.751756370067596,25.693565011024475
stim_79_harmonic.wav,60.00000178813934,10.000000298023224,55.46204745769501,10.085628032684326
stim_79_harmonic.wav,35.00000059604645,0.0,33.24136734008789,26.97440207004547
stim_79_harmonic.wav,15.000000447034836,40.000001192092896,38.61144483089447,29.261786341667175
stim_79_harmonic.wav,60.00000178813934,40.000001192092896,43.73321145772934,28.620504140853882
stim_79_harmonic.wav,90.0,0.0,40.773605704307556,26.324588656425476
stim_79_harmonic.wav,20.000000149011612,60.0,17.489990293979645,29.48677897453308
stim_79_harmonic.wav,40.000000298023224,10.000000298023224,40.24911046028137,26.709848642349243
stim_79_harmonic.wav,64.9999988079071,60.0,39.42719578742981,28.15309166908264
stim_79_harmonic.wav,64.9999988079071,10.000000298023224,59.62609648704529,13.098816275596619
stim_79_harmonic.wav,64.9999988079071,30.0,39.021659195423126,26.993964314460754
stim_79_harmonic.wav,54.99999940395355,20.000000596046448,41.45737588405609,26.330224871635437
stim_79_harmonic.wav,80.00000059604645,10.000000298023224,70.4977548122406,13.333607912063599
stim_79_harmonic.wav,84.99999761581421,0.0,44.125712513923645,28.56762707233429
stim_79_harmonic.wav,50.00000238418579,30.0,43.84196162223816,25.15545129776001
stim_79_harmonic.wav,60.00000178813934,0.0,56.64756774902344,12.602847218513489
stim_79_harmonic.wav,70.0000011920929,30.0,40.386112332344055,27.06056535243988
stim_79_harmonic.wav,80.00000059604645,20.000000596046448,45.90130805969238,24.986979961395264
stim_79_harmonic.wav,80.00000059604645,49.999998807907104,60.75560688972473,33.86837124824524
stim_79_harmonic.wav,70.0000011920929,60.0,44.209890961647034,23.21191906929016
stim_79_harmonic.wav,25.000001192092896,49.999998807907104,44.57434415817261,27.009267210960388
stim_79_harmonic.wav,30.00000089406967,0.0,46.557472944259644,36.63263440132141
stim_79_harmonic.wav,74.99999821186066,49.999998807907104,55.71541965007782,29.52843189239502
stim_79_harmonic.wav,54.99999940395355,0.0,51.992915868759155,12.221403121948242
stim_79_harmonic.wav,35.00000059604645,30.0,43.68900328874588,19.47356343269348
stim_79_harmonic.wav,5.000000037252903,49.999998807907104,32.42682605981827,29.4113552570343
stim_79_harmonic.wav,25.000001192092896,30.0,44.1023263335228,26.477465629577637
stim_79_harmonic.wav,30.00000089406967,60.0,32.259595692157745,28.776544332504272
stim_79_harmonic.wav,35.00000059604645,30.0,42.28388249874115,31.774942874908447
stim_79_harmonic.wav,60.00000178813934,10.000000298023224,46.72409176826477,25.098066329956055
stim_79_harmonic.wav,70.0000011920929,30.0,59.05167996883392,24.391636848449707
stim_79_harmonic.wav,50.00000238418579,49.999998807907104,40.84287375211716,26.680989861488342
stim_79_harmonic.wav,10.000000074505806,20.000000596046448,45.17503559589386,28.427867889404297
stim_79_harmonic.wav,84.99999761581421,0.0,40.81589877605438,26.472414135932922
stim_79_harmonic.wav,54.99999940395355,30.0,52.24167466163635,17.85059630870819
stim_79_harmonic.wav,45.0,30.0,46.4054399728775,21.520187258720398
stim_79_harmonic.wav,40.000000298023224,0.0,40.61029940843582,26.40189528465271
stim_79_harmonic.wav,15.000000447034836,20.000000596046448,27.541925311088562,27.095759510993958
stim_79_harmonic.wav,84.99999761581421,20.000000596046448,40.30663043260574,26.49197816848755
stim_79_harmonic.wav,80.00000059604645,60.0,44.70907688140869,34.298436641693115
stim_79_harmonic.wav,20.000000149011612,10.000000298023224,29.609449803829193,25.888200402259827
stim_79_harmonic.wav,10.000000074505806,0.0,28.990599811077118,27.661467790603638
stim_79_harmonic.wav,5.000000037252903,30.0,38.56979012489319,30.939821004867554
stim_79_harmonic.wav,10.000000074505806,30.0,39.04237657785416,26.36407434940338
stim_79_harmonic.wav,50.00000238418579,10.000000298023224,41.22648328542709,26.286967992782593
stim_79_harmonic.wav,74.99999821186066,0.0,64.13397789001465,10.772700905799866
stim_79_harmonic.wav,70.0000011920929,30.0,42.53448128700256,26.192827820777893
stim_79_harmonic.wav,60.00000178813934,0.0,54.35894072055817,9.480832815170288
stim_79_harmonic.wav,35.00000059604645,30.0,40.486266016960144,26.80521011352539
stim_79_harmonic.wav,15.000000447034836,10.000000298023224,39.31326627731323,26.970369815826416
stim_79_harmonic.wav,60.00000178813934,20.000000596046448,46.39069855213165,28.350972533226013
stim_79_harmonic.wav,90.0,40.000001192092896,44.9216365814209,25.355615615844727
stim_79_harmonic.wav,20.000000149011612,60.0,44.645041823387146,32.14994788169861
stim_79_harmonic.wav,64.9999988079071,20.000000596046448,48.80149483680725,25.041545033454895
stim_79_harmonic.wav,80.00000059604645,40.000001192092896,44.02799963951111,25.840700268745422
stim_79_harmonic.wav,90.0,40.000001192092896,60.89700222015381,29.96660828590393
stim_79_harmonic.wav,5.000000037252903,49.999998807907104,26.31029784679413,28.4667706489563
stim_79_harmonic.wav,50.00000238418579,60.0,41.23638063669205,26.378490328788757
stim_79_harmonic.wav,70.0000011920929,49.999998807907104,53.97855520248413,30.155704021453857
stim_79_harmonic.wav,84.99999761581421,10.000000298023224,42.57073670625687,26.861793994903564
stim_79_harmonic.wav,15.000000447034836,49.999998807907104,40.44911473989487,31.177185773849487
stim_79_harmonic.wav,70.0000011920929,60.0,50.738248229026794,23.415486216545105
stim_79_harmonic.wav,74.99999821186066,30.0,49.6819943189621,23.346941471099854
stim_79_harmonic.wav,70.0000011920929,40.000001192092896,51.6674941778183,25.359891057014465
stim_105_harmonic.wav,64.9999988079071,60.0,45.580676794052124,26.223183274269104
stim_105_harmonic.wav,45.0,40.000001192092896,43.06870490312576,26.45196497440338
stim_105_harmonic.wav,50.00000238418579,60.0,43.74675124883652,26.284196376800537
stim_105_harmonic.wav,25.000001192092896,60.0,41.5410178899765,26.375203728675842
stim_105_harmonic.wav,25.000001192092896,20.000000596046448,46.69906139373779,26.284151673316956
stim_105_harmonic.wav,54.99999940395355,10.000000298023224,41.43502235412598,26.312556266784668
stim_105_harmonic.wav,64.9999988079071,49.999998807907104,41.718808114528656,29.360437989234924
stim_105_harmonic.wav,25.000001192092896,10.000000298023224,45.256032943725586,25.64689815044403
stim_105_harmonic.wav,70.0000011920929,20.000000596046448,41.80869162082672,26.264196038246155
stim_105_harmonic.wav,15.000000447034836,60.0,41.591714322566986,26.240281462669373
stim_105_harmonic.wav,84.99999761581421,10.000000298023224,41.37018531560898,26.280342936515808
stim_105_harmonic.wav,20.000000149011612,49.999998807907104,44.267536997795105,26.170093417167664
stim_105_harmonic.wav,30.00000089406967,0.0,44.427069425582886,30.214208364486694
stim_105_harmonic.wav,70.0000011920929,49.999998807907104,40.187119245529175,33.21737051010132
stim_105_harmonic.wav,30.00000089406967,20.000000596046448,41.50310218334198,26.331160068511963
stim_105_harmonic.wav,25.000001192092896,20.000000596046448,41.394754350185394,26.354175209999084
stim_105_harmonic.wav,80.00000059604645,10.000000298023224,41.07859432697296,26.277249455451965
stim_105_harmonic.wav,5.000000037252903,10.000000298023224,41.49703770875931,26.31848931312561
stim_105_harmonic.wav,54.99999940395355,30.0,41.23664617538452,26.267012357711792
stim_105_harmonic.wav,70.0000011920929,0.0,41.556529104709625,26.31606101989746
stim_105_harmonic.wav,80.00000059604645,20.000000596046448,42.00845181941986,26.20923936367035
stim_105_harmonic.wav,35.00000059604645,0.0,41.27924770116806,26.33962333202362
stim_105_harmonic.wav,15.000000447034836,0.0,41.87039852142334,26.211259961128235
stim_105_harmonic.wav,30.00000089406967,60.0,41.457569003105164,26.21350586414337
stim_105_harmonic.wav,60.00000178813934,0.0,41.80125117301941,26.171842217445374
stim_105_harmonic.wav,64.9999988079071,10.000000298023224,41.56768709421158,26.29250407218933
stim_105_harmonic.wav,80.00000059604645,0.0,40.970115065574646,26.282653212547302
stim_105_harmonic.wav,90.0,20.000000596046448,41.559643149375916,26.173099279403687
stim_105_harmonic.wav,20.000000149011612,20.000000596046448,41.65832698345184,26.258139610290527
stim_105_harmonic.wav,64.9999988079071,10.000000298023224,45.03479361534119,27.700780034065247
stim_105_harmonic.wav,5.000000037252903,0.0,41.5052855014801,26.34508788585663
stim_105_harmonic.wav,40.000000298023224,10.000000298023224,41.259520053863525,26.225096583366394
stim_105_harmonic.wav,64.9999988079071,10.000000298023224,42.63424336910248,25.794501900672913
stim_105_harmonic.wav,84.99999761581421,10.000000298023224,41.25916063785553,26.176825761795044
stim_105_harmonic.wav,5.000000037252903,20.000000596046448,41.41067057847977,26.296091079711914
stim_105_harmonic.wav,70.0000011920929,0.0,46.98907792568207,23.71111035346985
stim_105_harmonic.wav,60.00000178813934,30.0,41.40231013298035,26.273158192634583
stim_105_harmonic.wav,54.99999940395355,10.000000298023224,43.70136022567749,27.131409645080566
stim_105_harmonic.wav,25.000001192092896,30.0,41.596400141716,26.315242052078247
stim_105_harmonic.wav,60.00000178813934,60.0,44.90954518318176,26.110591292381287
stim_105_harmonic.wav,45.0,0.0,41.87253087759018,26.181737780570984
stim_105_harmonic.wav,0.0,60.0,35.5083891749382,27.131330966949463
stim_105_harmonic.wav,25.000001192092896,20.000000596046448,42.12733805179596,26.292368173599243
stim_105_harmonic.wav,90.0,40.000001192092896,41.93133294582367,26.164464354515076
stim_105_harmonic.wav,15.000000447034836,60.0,38.1195142865181,31.74729824066162
stim_105_harmonic.wav,35.00000059604645,60.0,41.667049527168274,26.27135396003723
stim_105_harmonic.wav,15.000000447034836,0.0,40.971879959106445,26.928829550743103
stim_105_harmonic.wav,15.000000447034836,30.0,41.47001177072525,26.198481917381287
stim_105_harmonic.wav,15.000000447034836,60.0,41.71200066804886,26.2974214553833
stim_105_harmonic.wav,0.0,10.000000298023224,39.451314210891724,26.71221613883972
stim_105_harmonic.wav,74.99999821186066,40.000001192092896,41.32657527923584,27.24211871623993
stim_105_harmonic.wav,20.000000149011612,20.000000596046448,42.43832141160965,26.240594387054443
stim_105_harmonic.wav,0.0,49.999998807907104,40.421702563762665,26.395275592803955
stim_105_harmonic.wav,64.9999988079071,20.000000596046448,42.38659769296646,26.353014707565308
stim_105_harmonic.wav,40.000000298023224,0.0,41.21965169906616,26.3052499294281
stim_105_harmonic.wav,5.000000037252903,30.0,41.347426772117615,26.616033911705017
stim_105_harmonic.wav,50.00000238418579,49.999998807907104,41.69831067323685,25.93408763408661
stim_105_harmonic.wav,80.00000059604645,30.0,41.8324077129364,26.29345715045929
stim_105_harmonic.wav,35.00000059604645,20.000000596046448,42.51639246940613,26.32776439189911
stim_105_harmonic.wav,54.99999940395355,40.000001192092896,42.91154086589813,30.402556657791138
stim_105_harmonic.wav,40.000000298023224,10.000000298023224,41.51716232299805,26.508055329322815
stim_105_harmonic.wav,50.00000238418579,0.0,41.37923777103424,26.203320622444153
stim_105_harmonic.wav,54.99999940395355,0.0,41.50081694126129,26.313897371292114
stim_105_harmonic.wav,64.9999988079071,40.000001192092896,41.47685945034027,26.27665400505066
stim_105_harmonic.wav,45.0,40.000001192092896,44.91188943386078,24.143446683883667
stim_105_harmonic.wav,54.99999940395355,49.999998807907104,42.49837338924408,26.170615553855896
stim_105_harmonic.wav,80.00000059604645,20.000000596046448,42.371413707733154,26.06477200984955
stim_105_harmonic.wav,84.99999761581421,60.0,42.51218408346176,26.773148775100708
stim_105_harmonic.wav,60.00000178813934,60.0,46.34855568408966,25.851763486862183
stim_105_harmonic.wav,30.00000089406967,30.0,46.96254014968872,25.34134268760681
stim_105_harmonic.wav,30.00000089406967,49.999998807907104,41.758190989494324,26.54600501060486
stim_105_harmonic.wav,45.0,20.000000596046448,41.050439178943634,26.244394183158875
stim_105_harmonic.wav,54.99999940395355,30.0,41.197115778923035,26.20067059993744
stim_105_harmonic.wav,84.99999761581421,40.000001192092896,41.656629145145416,26.105605959892273
stim_105_harmonic.wav,15.000000447034836,30.0,41.01123332977295,26.251274943351746
stim_105_harmonic.wav,70.0000011920929,10.000000298023224,41.44140601158142,26.29128098487854
stim_105_harmonic.wav,25.000001192092896,40.000001192092896,41.48546129465103,26.18841290473938
stim_105_harmonic.wav,5.000000037252903,60.0,41.459932029247284,26.198251247406006
stim_105_harmonic.wav,50.00000238418579,40.000001192092896,41.744519770145416,26.768639087677002
stim_105_harmonic.wav,15.000000447034836,40.000001192092896,42.54934072494507,28.41457486152649
stim_105_harmonic.wav,54.99999940395355,20.000000596046448,41.797734797000885,27.400150895118713
stim_105_harmonic.wav,25.000001192092896,40.000001192092896,40.76852560043335,26.236281394958496
stim_105_harmonic.wav,40.000000298023224,30.0,41.885341107845306,26.105557680130005
stim_105_harmonic.wav,40.000000298023224,40.000001192092896,43.956931829452515,29.426323771476746
stim_105_harmonic.wav,15.000000447034836,20.000000596046448,40.4885458946228,26.88582479953766
stim_105_harmonic.wav,15.000000447034836,0.0,41.70197457075119,26.332147121429443
stim_105_harmonic.wav,45.0,40.000001192092896,45.27787148952484,24.595026969909668
stim_105_harmonic.wav,15.000000447034836,40.000001192092896,41.802865862846375,26.075087785720825
stim_105_harmonic.wav,74.99999821186066,0.0,44.88497614860535,25.242270827293396
stim_105_harmonic.wav,70.0000011920929,10.000000298023224,40.83186864852905,26.25033438205719
stim_105_harmonic.wav,60.00000178813934,60.0,41.50655418634415,26.243172883987427
stim_105_harmonic.wav,54.99999940395355,30.0,41.433284282684326,26.36276364326477
stim_105_harmonic.wav,25.000001192092896,0.0,41.5241602063179,26.33011758327484
stim_105_harmonic.wav,5.000000037252903,10.000000298023224,39.62826490402222,29.782209992408752
stim_105_harmonic.wav,30.00000089406967,49.999998807907104,41.554439663887024,26.37092649936676
stim_105_harmonic.wav,10.000000074505806,10.000000298023224,41.473774909973145,26.45938754081726
stim_105_harmonic.wav,80.00000059604645,20.000000596046448,41.756021082401276,26.174551248550415
stim_105_harmonic.wav,84.99999761581421,40.000001192092896,41.64225518703461,26.746399998664856
stim_105_harmonic.wav,90.0,40.000001192092896,41.63163095712662,26.157610416412354
stim_105_harmonic.wav,84.99999761581421,30.0,44.53682541847229,29.467150568962097
stim_105_harmonic.wav,70.0000011920929,10.000000298023224,45.673320293426514,29.59708571434021
stim_105_harmonic.wav,35.00000059604645,30.0,41.057249307632446,26.32253408432007
stim_105_harmonic.wav,45.0,20.000000596046448,40.732066333293915,26.301167607307434
stim_105_harmonic.wav,54.99999940395355,10.000000298023224,41.24023497104645,26.23947322368622
stim_105_harmonic.wav,40.000000298023224,49.999998807907104,42.54953920841217,25.98085641860962
stim_105_harmonic.wav,45.0,40.000001192092896,45.91552376747131,24.06034827232361
stim_105_harmonic.wav,60.00000178813934,49.999998807907104,40.99885493516922,26.348857283592224
stim_105_harmonic.wav,20.000000149011612,20.000000596046448,43.28005492687225,27.366807460784912
stim_105_harmonic.wav,0.0,60.0,43.60960453748703,26.334698796272278
stim_105_harmonic.wav,20.000000149011612,40.000001192092896,41.24784976243973,26.989141702651978
stim_105_harmonic.wav,80.00000059604645,40.000001192092896,41.126833856105804,26.21708571910858
stim_105_harmonic.wav,84.99999761581421,30.0,41.582514345645905,26.28779947757721
stim_105_harmonic.wav,50.00000238418579,40.000001192092896,42.48244911432266,26.323694586753845
stim_105_harmonic.wav,25.000001192092896,20.000000596046448,46.0055011510849,26.598597764968872
stim_105_harmonic.wav,10.000000074505806,0.0,41.20508998632431,26.28532648086548
stim_105_harmonic.wav,64.9999988079071,30.0,40.93407154083252,26.355566382408142
stim_105_harmonic.wav,80.00000059604645,10.000000298023224,41.708562076091766,26.173279881477356
stim_105_harmonic.wav,35.00000059604645,49.999998807907104,41.23662739992142,26.382266879081726
stim_105_harmonic.wav,15.000000447034836,0.0,42.415691614151,26.075193285942078
stim_105_harmonic.wav,20.000000149011612,20.000000596046448,41.108610928058624,26.215032935142517
stim_105_harmonic.wav,45.0,49.999998807907104,41.23232513666153,26.29013478755951
stim_105_harmonic.wav,54.99999940395355,49.999998807907104,48.28744411468506,22.336172461509705
stim_105_harmonic.wav,40.000000298023224,20.000000596046448,40.950685143470764,26.30278766155243
stim_105_harmonic.wav,54.99999940395355,0.0,45.806856751441956,26.304434537887573
stim_105_harmonic.wav,64.9999988079071,49.999998807907104,41.337837874889374,26.236501336097717
stim_105_harmonic.wav,35.00000059604645,40.000001192092896,41.78142160177231,26.253345608711243
stim_105_harmonic.wav,25.000001192092896,30.0,40.77957093715668,26.369723081588745
stim_105_harmonic.wav,5.000000037252903,0.0,41.56361550092697,26.274299025535583
stim_105_harmonic.wav,40.000000298023224,30.0,42.453027963638306,26.05916440486908
stim_105_harmonic.wav,45.0,20.000000596046448,40.25659114122391,29.349079728126526
stim_105_harmonic.wav,64.9999988079071,0.0,41.41154497861862,26.209158897399902
stim_105_harmonic.wav,50.00000238418579,40.000001192092896,44.051959812641144,31.583772897720337
stim_105_harmonic.wav,74.99999821186066,20.000000596046448,41.43482118844986,26.197866797447205
stim_105_harmonic.wav,25.000001192092896,30.0,41.13183617591858,26.261343955993652
stim_64_harmonic.wav,70.0000011920929,0.0,49.86995816230774,28.58660101890564
stim_64_harmonic.wav,45.0,10.000000298023224,46.42653286457062,30.403354167938232
stim_64_harmonic.wav,80.00000059604645,49.999998807907104,71.74903750419617,37.896376848220825
stim_64_harmonic.wav,40.000000298023224,30.0,52.12215542793274,33.22320342063904
stim_64_harmonic.wav,30.00000089406967,20.000000596046448,45.67966103553772,23.556591868400574
stim_64_harmonic.wav,60.00000178813934,60.0,46.81266903877258,33.7062406539917
stim_64_harmonic.wav,84.99999761581421,49.999998807907104,68.9871346950531,36.544586420059204
stim_64_harmonic.wav,10.000000074505806,0.0,6.481735110282898,41.49579048156738
stim_64_harmonic.wav,30.00000089406967,0.0,51.77102744579315,38.87978911399841
stim_64_harmonic.wav,45.0,40.000001192092896,54.00427222251892,33.64583373069763
stim_64_harmonic.wav,64.9999988079071,0.0,47.99652099609375,26.978806257247925
stim_64_harmonic.wav,15.000000447034836,30.0,12.757774293422699,42.38478183746338
stim_64_harmonic.wav,0.0,49.999998807907104,33.41871231794357,28.53648841381073
stim_64_harmonic.wav,35.00000059604645,20.000000596046448,44.15664106607437,28.622472882270813
stim_64_harmonic.wav,50.00000238418579,40.000001192092896,50.417155623435974,31.402219533920288
stim_64_harmonic.wav,40.000000298023224,0.0,47.241339683532715,31.528866291046143
stim_64_harmonic.wav,20.000000149011612,60.0,16.784386932849884,40.869702100753784
stim_64_harmonic.wav,15.000000447034836,0.0,29.275064170360565,35.145907402038574
stim_64_harmonic.wav,30.00000089406967,40.000001192092896,46.366451382637024,27.988851070404053
stim_64_harmonic.wav,25.000001192092896,30.0,31.584945023059845,33.32247018814087
stim_64_harmonic.wav,10.000000074505806,10.000000298023224,54.89840269088745,36.668418645858765
stim_64_harmonic.wav,10.000000074505806,49.999998807907104,11.611969470977783,34.160542488098145
stim_64_harmonic.wav,25.000001192092896,49.999998807907104,51.42430901527405,32.12446689605713
stim_64_harmonic.wav,30.00000089406967,30.0,53.65353584289551,33.08617115020752
stim_64_harmonic.wav,25.000001192092896,0.0,38.91801863908768,32.70378828048706
stim_64_harmonic.wav,84.99999761581421,30.0,65.85780143737793,31.725536584854126
stim_64_harmonic.wav,40.000000298023224,60.0,29.749040007591248,39.3621826171875
stim_64_harmonic.wav,64.9999988079071,10.000000298023224,49.65214133262634,21.43913984298706
stim_64_harmonic.wav,70.0000011920929,0.0,61.85401439666748,15.53152620792389
stim_64_harmonic.wav,60.00000178813934,20.000000596046448,63.25155258178711,20.22960662841797
stim_64_harmonic.wav,60.00000178813934,49.999998807907104,46.078822016716,24.570200443267822
stim_64_harmonic.wav,40.000000298023224,40.000001192092896,37.33223229646683,33.55113387107849
stim_64_harmonic.wav,0.0,60.0,24.065208435058594,28.13145160675049
stim_64_harmonic.wav,35.00000059604645,10.000000298023224,49.172422885894775,32.25442171096802
stim_64_harmonic.wav,40.000000298023224,20.000000596046448,46.552446484565735,22.83455193042755
stim_64_harmonic.wav,54.99999940395355,49.999998807907104,56.77040755748749,38.774707317352295
stim_64_harmonic.wav,54.99999940395355,20.000000596046448,47.37303614616394,29.167057871818542
stim_64_harmonic.wav,10.000000074505806,0.0,40.72297364473343,27.01278805732727
stim_64_harmonic.wav,0.0,0.0,6.734117567539215,30.309988260269165
stim_64_harmonic.wav,15.000000447034836,30.0,50.95750272274017,24.45523202419281
stim_64_harmonic.wav,54.99999940395355,60.0,32.6867401599884,44.26616907119751
stim_64_harmonic.wav,70.0000011920929,30.0,47.448331117630005,24.70582365989685
stim_64_harmonic.wav,50.00000238418579,10.000000298023224,58.189934492111206,34.494627714157104
stim_64_harmonic.wav,35.00000059604645,40.000001192092896,49.998645186424255,25.894998908042908
stim_64_harmonic.wav,5.000000037252903,10.000000298023224,7.901546359062195,36.79010510444641
stim_64_harmonic.wav,5.000000037252903,40.000001192092896,22.509167790412903,32.56921648979187
stim_64_harmonic.wav,20.000000149011612,49.999998807907104,39.23733562231064,28.05107831954956
stim_64_harmonic.wav,64.9999988079071,60.0,40.11253505945206,26.716468334197998
stim_64_harmonic.wav,74.99999821186066,60.0,46.33803606033325,24.07375931739807
stim_64_harmonic.wav,70.0000011920929,60.0,58.85398507118225,30.103633403778076
stim_64_harmonic.wav,5.000000037252903,60.0,5.38291722536087,35.00090003013611
stim_64_harmonic.wav,70.0000011920929,20.000000596046448,68.3161050081253,36.403963565826416
stim_64_harmonic.wav,50.00000238418579,10.000000298023224,59.559255838394165,27.504265308380127
stim_64_harmonic.wav,10.000000074505806,20.000000596046448,31.923914551734924,30.631842613220215
stim_64_harmonic.wav,90.0,20.000000596046448,60.25523543357849,31.710777282714844
stim_64_harmonic.wav,30.00000089406967,10.000000298023224,51.98979377746582,28.79539132118225
stim_64_harmonic.wav,15.000000447034836,0.0,26.42889440059662,37.61719822883606
stim_64_harmonic.wav,84.99999761581421,20.000000596046448,68.39669466018677,21.04528248310089
stim_64_harmonic.wav,20.000000149011612,49.999998807907104,26.191352605819702,54.487853050231934
stim_64_harmonic.wav,10.000000074505806,20.000000596046448,14.656209647655487,34.11978721618652
stim_64_harmonic.wav,0.0,40.000001192092896,26.144239604473114,31.05178713798523
stim_64_harmonic.wav,35.00000059604645,40.000001192092896,38.32098573446274,29.212610721588135
stim_64_harmonic.wav,40.000000298023224,0.0,41.922969818115234,28.9739191532135
stim_64_harmonic.wav,20.000000149011612,49.999998807907104,24.686381220817566,50.4919695854187
stim_64_harmonic.wav,45.0,60.0,40.48329949378967,33.380359411239624
stim_64_harmonic.wav,84.99999761581421,0.0,71.30454182624817,10.605996251106262
stim_64_harmonic.wav,5.000000037252903,20.000000596046448,34.5003479719162,26.47188127040863
stim_64_harmonic.wav,15.000000447034836,30.0,37.84617304801941,29.150501489639282
stim_64_harmonic.wav,50.00000238418579,60.0,41.2755811214447,26.956735253334045
stim_64_harmonic.wav,45.0,60.0,27.137670814990997,45.46380043029785
stim_64_harmonic.wav,35.00000059604645,60.0,34.53951895236969,44.07441258430481
stim_64_harmonic.wav,40.000000298023224,49.999998807907104,46.80529296398163,39.81757879257202
stim_64_harmonic.wav,20.000000149011612,0.0,26.87551438808441,32.83666491508484
stim_64_harmonic.wav,70.0000011920929,20.000000596046448,61.7936646938324,31.462515592575073
stim_64_harmonic.wav,64.9999988079071,60.0,46.61955535411835,29.857277870178223
stim_64_harmonic.wav,80.00000059604645,20.000000596046448,51.63853704929352,25.35199463367462
stim_64_harmonic.wav,40.000000298023224,20.000000596046448,47.81907141208649,26.613600254058838
stim_64_harmonic.wav,35.00000059604645,10.000000298023224,43.01364183425903,22.544478178024292
stim_64_harmonic.wav,20.000000149011612,49.999998807907104,21.89795807003975,37.11771368980408
stim_64_harmonic.wav,5.000000037252903,60.0,16.179025769233704,31.069207191467285
stim_64_harmonic.wav,25.000001192092896,30.0,28.749474585056305,21.929519176483154
stim_64_harmonic.wav,70.0000011920929,49.999998807907104,67.93660998344421,37.20624089241028
stim_64_harmonic.wav,20.000000149011612,30.0,29.293912053108215,35.76747179031372
stim_64_harmonic.wav,60.00000178813934,10.000000298023224,65.42229652404785,30.181206464767456
stim_64_harmonic.wav,40.000000298023224,20.000000596046448,54.79610323905945,34.08779740333557
stim_64_harmonic.wav,20.000000149011612,10.000000298023224,25.629550516605377,35.130980014801025
stim_64_harmonic.wav,35.00000059604645,10.000000298023224,47.697030901908875,37.34447121620178
stim_64_harmonic.wav,25.000001192092896,30.0,32.90646404027939,36.09357833862305
stim_64_harmonic.wav,5.000000037252903,10.000000298023224,38.00769031047821,24.920673966407776
stim_64_harmonic.wav,50.00000238418579,60.0,37.88930028676987,40.86967706680298
stim_64_harmonic.wav,10.000000074505806,60.0,8.728838860988617,32.81293988227844
stim_64_harmonic.wav,20.000000149011612,49.999998807907104,40.994394421577454,26.48695170879364
stim_64_harmonic.wav,50.00000238418579,60.0,52.8972065448761,23.095759749412537
stim_64_harmonic.wav,74.99999821186066,10.000000298023224,70.27250289916992,11.480662822723389
stim_64_harmonic.wav,10.000000074505806,20.000000596046448,25.952378511428833,29.71809446811676
stim_64_harmonic.wav,10.000000074505806,0.0,21.458653807640076,32.95604467391968
stim_64_harmonic.wav,35.00000059604645,0.0,50.232893228530884,36.42552137374878
stim_64_harmonic.wav,50.00000238418579,30.0,51.43693149089813,30.500929355621338
stim_64_harmonic.wav,40.000000298023224,60.0,41.568644642829895,31.359976530075073
stim_64_harmonic.wav,15.000000447034836,40.000001192092896,32.06796795129776,27.382104992866516
stim_64_harmonic.wav,64.9999988079071,20.000000596046448,69.44868922233582,23.891265392303467
stim_64_harmonic.wav,70.0000011920929,40.000001192092896,67.54111289978027,29.92686152458191
stim_64_harmonic.wav,90.0,49.999998807907104,48.86289060115814,27.28119671344757
stim_64_harmonic.wav,30.00000089406967,40.000001192092896,48.596177101135254,22.228667736053467
stim_64_harmonic.wav,80.00000059604645,0.0,50.08538782596588,20.86855709552765
stim_64_harmonic.wav,0.0,49.999998807907104,32.399024963378906,26.57364785671234
stim_64_harmonic.wav,60.00000178813934,0.0,60.00182569026947,22.367030382156372
stim_64_harmonic.wav,60.00000178813934,20.000000596046448,45.30087411403656,28.7368905544281
stim_64_harmonic.wav,84.99999761581421,0.0,60.589245557785034,14.508022964000702
stim_64_harmonic.wav,90.0,40.000001192092896,75.88726758956909,31.035815477371216
stim_64_harmonic.wav,45.0,20.000000596046448,51.588937640190125,33.62954378128052
stim_64_harmonic.wav,80.00000059604645,10.000000298023224,55.37805140018463,22.71242916584015
stim_64_harmonic.wav,50.00000238418579,0.0,57.8315269947052,27.50410258769989
stim_64_harmonic.wav,25.000001192092896,30.0,43.51545363664627,32.54110336303711
stim_64_harmonic.wav,64.9999988079071,40.000001192092896,46.68320953845978,23.589305877685547
stim_64_harmonic.wav,45.0,20.000000596046448,46.94608211517334,31.617647409439087
stim_64_harmonic.wav,45.0,20.000000596046448,51.55714273452759,29.897814989089966
stim_64_harmonic.wav,25.000001192092896,20.000000596046448,47.46440291404724,21.440012454986572
stim_64_harmonic.wav,84.99999761581421,49.999998807907104,47.57425010204315,29.011040925979614
stim_64_harmonic.wav,60.00000178813934,10.000000298023224,37.77690500020981,27.781516313552856
stim_64_harmonic.wav,40.000000298023224,49.999998807907104,52.027865052223206,41.354219913482666
stim_64_harmonic.wav,10.000000074505806,40.000001192092896,12.316575050354004,32.5565242767334
stim_64_harmonic.wav,54.99999940395355,60.0,44.453290700912476,26.75537645816803
stim_64_harmonic.wav,70.0000011920929,20.000000596046448,67.03788757324219,24.0236234664917
stim_64_harmonic.wav,50.00000238418579,0.0,34.90714520215988,29.363315105438232
stim_64_harmonic.wav,35.00000059604645,20.000000596046448,47.934438586235046,35.449891090393066
stim_64_harmonic.wav,60.00000178813934,49.999998807907104,60.779757499694824,32.50355243682861
stim_64_harmonic.wav,0.0,10.000000298023224,21.87164694070816,29.802428483963013
stim_64_harmonic.wav,54.99999940395355,30.0,47.67547130584717,30.675770044326782
stim_64_harmonic.wav,84.99999761581421,30.0,51.12183094024658,27.308945059776306
stim_64_harmonic.wav,64.9999988079071,0.0,50.85365295410156,22.41819977760315
stim_64_harmonic.wav,50.00000238418579,20.000000596046448,51.826162934303284,31.26838445663452
stim_64_harmonic.wav,20.000000149011612,49.999998807907104,24.581962823867798,48.825695514678955
stim_80_harmonic.wav,54.99999940395355,10.000000298023224,41.0652557015419,26.28104567527771
stim_80_harmonic.wav,0.0,40.000001192092896,37.84570097923279,27.41758167743683
stim_80_harmonic.wav,90.0,40.000001192092896,65.52052438259125,33.3101749420166
stim_80_harmonic.wav,0.0,60.0,8.412936329841614,30.98241090774536
stim_80_harmonic.wav,5.000000037252903,10.000000298023224,7.2997793555259705,35.63537120819092
stim_80_harmonic.wav,20.000000149011612,49.999998807907104,40.680533051490784,26.266656517982483
stim_80_harmonic.wav,35.00000059604645,40.000001192092896,36.911900639534,38.08225750923157
stim_80_harmonic.wav,74.99999821186066,30.0,41.05682551860809,26.225173473358154
stim_80_harmonic.wav,64.9999988079071,60.0,40.90261459350586,26.246187686920166
stim_80_harmonic.wav,5.000000037252903,40.000001192092896,11.80741399526596,39.32143807411194
stim_80_harmonic.wav,54.99999940395355,20.000000596046448,40.96578598022461,26.325893998146057
stim_80_harmonic.wav,64.9999988079071,0.0,41.23200058937073,26.211134791374207
stim_80_harmonic.wav,60.00000178813934,10.000000298023224,42.43174999952316,26.011111736297607
stim_80_harmonic.wav,60.00000178813934,60.0,44.65588063001633,45.33474683761597
stim_80_harmonic.wav,40.000000298023224,60.0,40.18185406923294,26.340891122817993
stim_80_harmonic.wav,84.99999761581421,0.0,64.38563883304596,13.490345478057861
stim_80_harmonic.wav,84.99999761581421,20.000000596046448,41.77797228097916,26.14496111869812
stim_80_harmonic.wav,45.0,10.000000298023224,41.26377135515213,26.217965483665466
stim_80_harmonic.wav,60.00000178813934,60.0,41.42503380775452,26.226884722709656
stim_80_harmonic.wav,20.000000149011612,40.000001192092896,41.13316386938095,26.22724950313568
stim_80_harmonic.wav,70.0000011920929,49.999998807907104,50.30023813247681,22.994261384010315
stim_80_harmonic.wav,74.99999821186066,20.000000596046448,41.86274617910385,26.043396592140198
stim_80_harmonic.wav,54.99999940395355,10.000000298023224,41.28805607557297,26.20098888874054
stim_80_harmonic.wav,50.00000238418579,20.000000596046448,41.10479950904846,26.21985912322998
stim_80_harmonic.wav,64.9999988079071,49.999998807907104,41.68213963508606,26.26575529575348
stim_80_harmonic.wav,60.00000178813934,40.000001192092896,48.901755809783936,20.36393165588379
stim_80_harmonic.wav,70.0000011920929,10.000000298023224,41.16460204124451,26.281054615974426
stim_80_harmonic.wav,80.00000059604645,30.0,41.21024787425995,26.217661499977112
stim_80_harmonic.wav,0.0,49.999998807907104,39.82538849115372,26.605364084243774
stim_80_harmonic.wav,0.0,60.0,15.167843699455261,29.26353693008423
stim_80_harmonic.wav,40.000000298023224,30.0,41.98976218700409,26.260238885879517
stim_80_harmonic.wav,50.00000238418579,30.0,41.02006584405899,26.6838401556015
stim_80_harmonic.wav,40.000000298023224,60.0,40.89425951242447,26.44930064678192
stim_80_harmonic.wav,30.00000089406967,0.0,41.60009354352951,26.274009346961975
stim_80_harmonic.wav,5.000000037252903,10.000000298023224,7.573530972003937,35.65908193588257
stim_80_harmonic.wav,5.000000037252903,20.000000596046448,11.668778657913208,32.72026062011719
stim_80_harmonic.wav,50.00000238418579,60.0,35.369016230106354,37.33143925666809
stim_80_harmonic.wav,64.9999988079071,30.0,41.22544527053833,26.26479685306549
stim_80_harmonic.wav,70.0000011920929,49.999998807907104,41.21718943119049,26.204790472984314
stim_80_harmonic.wav,25.000001192092896,20.000000596046448,34.90316480398178,33.49173903465271
stim_80_harmonic.wav,90.0,30.0,41.843396723270416,25.985687971115112
stim_80_harmonic.wav,64.9999988079071,49.999998807907104,41.96684539318085,26.252989768981934
stim_80_harmonic.wav,60.00000178813934,40.000001192092896,47.787120938301086,19.034594893455505
stim_80_harmonic.wav,15.000000447034836,20.000000596046448,41.532161235809326,26.192679405212402
stim_80_harmonic.wav,35.00000059604645,40.000001192092896,38.85460585355759,33.68061304092407
stim_80_harmonic.wav,84.99999761581421,40.000001192092896,41.073887050151825,26.241352558135986
stim_80_harmonic.wav,74.99999821186066,20.000000596046448,56.37551665306091,26.00169539451599
stim_80_harmonic.wav,35.00000059604645,30.0,40.41900157928467,26.37491226196289
stim_80_harmonic.wav,40.000000298023224,10.000000298023224,40.8345428109169,26.299867630004883
stim_80_harmonic.wav,84.99999761581421,60.0,42.22029000520706,27.416610717773438
stim_80_harmonic.wav,35.00000059604645,0.0,42.52786159515381,27.03081965446472
stim_80_harmonic.wav,10.000000074505806,30.0,40.859511494636536,26.31874680519104
stim_80_harmonic.wav,15.000000447034836,20.000000596046448,40.97348928451538,26.39997124671936
stim_80_harmonic.wav,64.9999988079071,49.999998807907104,41.31093531847,26.195322275161743
stim_80_harmonic.wav,60.00000178813934,40.000001192092896,45.27310788631439,16.615383625030518
stim_80_harmonic.wav,40.000000298023224,10.000000298023224,42.55219727754593,13.369792699813843
stim_80_harmonic.wav,74.99999821186066,49.999998807907104,54.91709232330322,23.370498418807983
stim_80_harmonic.wav,10.000000074505806,30.0,41.48063600063324,26.39227867126465
stim_80_harmonic.wav,54.99999940395355,20.000000596046448,46.72614097595215,20.34385085105896
stim_80_harmonic.wav,50.00000238418579,49.999998807907104,41.73754334449768,25.954413414001465
stim_80_harmonic.wav,60.00000178813934,60.0,41.448940336704254,26.5900057554245
stim_80_harmonic.wav,64.9999988079071,40.000001192092896,41.33023113012314,26.19166910648346
stim_80_harmonic.wav,10.000000074505806,0.0,16.55480057001114,27.24543571472168
stim_80_harmonic.wav,45.0,10.000000298023224,41.46181493997574,26.209768652915955
stim_80_harmonic.wav,20.000000149011612,20.000000596046448,30.978403687477112,20.919220447540283
stim_80_harmonic.wav,20.000000149011612,49.999998807907104,35.880604684352875,27.084937691688538
stim_80_harmonic.wav,10.000000074505806,49.999998807907104,40.93413323163986,26.26448929309845
stim_80_harmonic.wav,30.00000089406967,10.000000298023224,42.519932985305786,26.277188658714294
stim_80_harmonic.wav,5.000000037252903,40.000001192092896,30.080721974372864,29.19701635837555
stim_80_harmonic.wav,20.000000149011612,60.0,15.46352505683899,31.000685691833496
stim_80_harmonic.wav,25.000001192092896,10.000000298023224,41.570650935173035,26.172012090682983
stim_80_harmonic.wav,10.000000074505806,60.0,41.12698942422867,26.677805185317993
stim_80_harmonic.wav,15.000000447034836,20.000000596046448,27.368887960910797,27.732072472572327
stim_80_harmonic.wav,80.00000059604645,60.0,41.329954862594604,26.203465461730957
stim_80_harmonic.wav,5.000000037252903,49.999998807907104,40.379390716552734,26.401410698890686
stim_80_harmonic.wav,35.00000059604645,30.0,41.12500458955765,26.411245465278625
stim_80_harmonic.wav,80.00000059604645,60.0,40.42809158563614,26.967487335205078
stim_80_harmonic.wav,54.99999940395355,30.0,48.29397797584534,15.596083402633667
stim_80_harmonic.wav,20.000000149011612,0.0,32.46028125286102,21.4449405670166
stim_80_harmonic.wav,5.000000037252903,0.0,40.85999697446823,26.24690294265747
stim_80_harmonic.wav,84.99999761581421,10.000000298023224,64.17210817337036,14.987479448318481
stim_80_harmonic.wav,15.000000447034836,40.000001192092896,40.91639041900635,26.25131607055664
stim_80_harmonic.wav,74.99999821186066,49.999998807907104,41.25302642583847,26.310864686965942
stim_80_harmonic.wav,84.99999761581421,40.000001192092896,67.07539558410645,34.844276905059814
stim_80_harmonic.wav,84.99999761581421,60.0,41.69349879026413,26.372135281562805
stim_80_harmonic.wav,25.000001192092896,30.0,33.41691792011261,28.90718936920166
stim_80_harmonic.wav,5.000000037252903,0.0,39.52636778354645,26.870816946029663
stim_80_harmonic.wav,74.99999821186066,20.000000596046448,57.29297697544098,24.795620441436768
stim_80_harmonic.wav,5.000000037252903,0.0,13.053334951400757,33.16513538360596
stim_80_harmonic.wav,50.00000238418579,40.000001192092896,41.07794523239136,26.245661973953247
stim_80_harmonic.wav,5.000000037252903,40.000001192092896,13.038290441036224,34.11508798599243
stim_80_harmonic.wav,25.000001192092896,30.0,41.80601477622986,26.128166913986206
stim_80_harmonic.wav,40.000000298023224,49.999998807907104,41.95870220661163,25.985212326049805
stim_80_harmonic.wav,90.0,10.000000298023224,40.4397189617157,26.280333995819092
stim_80_harmonic.wav,30.00000089406967,20.000000596046448,41.16192787885666,26.292051672935486
stim_80_harmonic.wav,40.000000298023224,30.0,39.42415952682495,20.93819260597229
stim_80_harmonic.wav,0.0,0.0,9.250802099704742,29.539443254470825
stim_80_harmonic.wav,50.00000238418579,40.000001192092896,39.870900213718414,26.702565550804138
stim_80_harmonic.wav,80.00000059604645,10.000000298023224,60.688825249671936,18.057546615600586
stim_80_harmonic.wav,30.00000089406967,20.000000596046448,41.02438420057297,28.581814169883728
stim_80_harmonic.wav,60.00000178813934,49.999998807907104,41.156810224056244,26.365554928779602
stim_80_harmonic.wav,84.99999761581421,40.000001192092896,41.36068493127823,26.199175715446472
stim_80_harmonic.wav,70.0000011920929,10.000000298023224,42.62676268815994,26.07086420059204
stim_80_harmonic.wav,45.0,10.000000298023224,41.62859469652176,26.108413338661194
stim_80_harmonic.wav,20.000000149011612,40.000001192092896,28.283510506153107,29.13569211959839
stim_80_harmonic.wav,50.00000238418579,60.0,41.52950048446655,26.134815216064453
stim_80_harmonic.wav,25.000001192092896,49.999998807907104,39.985390305519104,26.273226141929626
stim_80_harmonic.wav,54.99999940395355,40.000001192092896,40.802731812000275,26.284673810005188
stim_80_harmonic.wav,10.000000074505806,10.000000298023224,18.408397436141968,29.855178594589233
stim_80_harmonic.wav,15.000000447034836,49.999998807907104,41.189364194869995,26.198397874832153
stim_80_harmonic.wav,35.00000059604645,10.000000298023224,41.853511333465576,26.261056065559387
stim_80_harmonic.wav,30.00000089406967,40.000001192092896,33.72844576835632,36.283854246139526
stim_80_harmonic.wav,20.000000149011612,49.999998807907104,30.0743168592453,31.07980728149414
stim_80_harmonic.wav,40.000000298023224,60.0,42.310380041599274,26.22556507587433
stim_80_harmonic.wav,25.000001192092896,0.0,41.10043555498123,26.235085129737854
stim_80_harmonic.wav,10.000000074505806,30.0,23.28141063451767,32.23989486694336
stim_80_harmonic.wav,15.000000447034836,20.000000596046448,40.548018515110016,26.313103437423706
stim_80_harmonic.wav,45.0,49.999998807907104,41.24831646680832,26.215912699699402
stim_80_harmonic.wav,30.00000089406967,30.0,40.9214249253273,26.255072951316833
stim_95_harmonic.wav,5.000000037252903,0.0,40.64436614513397,26.295526027679443
stim_95_harmonic.wav,74.99999821186066,60.0,41.361626386642456,26.18654429912567
stim_95_harmonic.wav,15.000000447034836,60.0,41.418685019016266,26.19277775287628
stim_95_harmonic.wav,30.00000089406967,10.000000298023224,41.806862354278564,26.47773027420044
stim_95_harmonic.wav,80.00000059604645,60.0,47.202608585357666,26.57936453819275
stim_95_harmonic.wav,50.00000238418579,49.999998807907104,41.74057960510254,26.28127634525299
stim_95_harmonic.wav,40.000000298023224,49.999998807907104,41.39823853969574,26.184951066970825
stim_95_harmonic.wav,30.00000089406967,49.999998807907104,41.30302280187607,26.197577118873596
stim_95_harmonic.wav,80.00000059604645,30.0,41.31263047456741,26.36266529560089
stim_95_harmonic.wav,64.9999988079071,40.000001192092896,49.97482180595398,26.024179458618164
stim_95_harmonic.wav,10.000000074505806,10.000000298023224,41.08300119638443,26.234729290008545
stim_95_harmonic.wav,45.0,40.000001192092896,41.68811023235321,32.25128889083862
stim_95_harmonic.wav,40.000000298023224,60.0,47.94526398181915,23.780803084373474
stim_95_harmonic.wav,20.000000149011612,0.0,41.633065938949585,26.26419425010681
stim_95_harmonic.wav,10.000000074505806,40.000001192092896,41.457279324531555,26.25866711139679
stim_95_harmonic.wav,35.00000059604645,20.000000596046448,34.38775420188904,30.700271129608154
stim_95_harmonic.wav,30.00000089406967,10.000000298023224,42.13817685842514,28.40537130832672
stim_95_harmonic.wav,54.99999940395355,0.0,42.210062742233276,26.407880187034607
stim_95_harmonic.wav,30.00000089406967,40.000001192092896,41.75662457942963,26.30918562412262
stim_95_harmonic.wav,80.00000059604645,0.0,44.342708587646484,27.275876998901367
stim_95_harmonic.wav,74.99999821186066,10.000000298023224,41.596949994564056,26.38305902481079
stim_95_harmonic.wav,84.99999761581421,40.000001192092896,53.269577622413635,33.15160632133484
stim_95_harmonic.wav,25.000001192092896,10.000000298023224,39.30933952331543,33.18146467208862
stim_95_harmonic.wav,70.0000011920929,40.000001192092896,40.94087898731232,26.26605212688446
stim_95_harmonic.wav,5.000000037252903,10.000000298023224,29.12972331047058,31.53407335281372
stim_95_harmonic.wav,45.0,60.0,41.29579156637192,26.238797307014465
stim_95_harmonic.wav,25.000001192092896,20.000000596046448,40.96976101398468,26.324772834777832
stim_95_harmonic.wav,25.000001192092896,40.000001192092896,43.584992587566376,30.33336639404297
stim_95_harmonic.wav,70.0000011920929,20.000000596046448,41.050948798656464,26.251500248908997
stim_95_harmonic.wav,25.000001192092896,10.000000298023224,49.3391489982605,36.136415004730225
stim_95_harmonic.wav,80.00000059604645,30.0,58.281108140945435,30.03708243370056
stim_95_harmonic.wav,90.0,10.000000298023224,42.83560752868652,27.317363619804382
stim_95_harmonic.wav,70.0000011920929,60.0,41.28767788410187,26.21258318424225
stim_95_harmonic.wav,10.000000074505806,10.000000298023224,42.306960225105286,26.71728551387787
stim_95_harmonic.wav,20.000000149011612,10.000000298023224,41.78355127573013,26.443989872932434
stim_95_harmonic.wav,84.99999761581421,40.000001192092896,41.35773986577988,26.352126002311707
stim_95_harmonic.wav,80.00000059604645,49.999998807907104,41.85305804014206,26.393859386444092
stim_95_harmonic.wav,64.9999988079071,30.0,48.88435363769531,28.278581500053406
stim_95_harmonic.wav,15.000000447034836,0.0,41.714707016944885,26.342521905899048
stim_95_harmonic.wav,15.000000447034836,10.000000298023224,43.008331060409546,22.626859545707703
stim_95_harmonic.wav,25.000001192092896,20.000000596046448,41.95353090763092,30.803046226501465
stim_95_harmonic.wav,10.000000074505806,30.0,41.3170051574707,26.189950704574585
stim_95_harmonic.wav,15.000000447034836,20.000000596046448,41.44636541604996,26.338891983032227
stim_95_harmonic.wav,60.00000178813934,20.000000596046448,41.863169968128204,26.439589262008667
stim_95_harmonic.wav,25.000001192092896,0.0,41.68978929519653,26.412675976753235
stim_95_harmonic.wav,35.00000059604645,60.0,43.898465037345886,25.067793130874634
stim_95_harmonic.wav,45.0,0.0,43.09911847114563,27.20064640045166
stim_95_harmonic.wav,54.99999940395355,49.999998807907104,42.14695304632187,25.19172191619873
stim_95_harmonic.wav,50.00000238418579,40.000001192092896,45.81321358680725,27.278237342834473
stim_95_harmonic.wav,45.0,30.0,45.108227133750916,19.45112943649292
stim_95_harmonic.wav,10.000000074505806,60.0,32.32087343931198,28.655503392219543
stim_95_harmonic.wav,70.0000011920929,60.0,42.586789727211,26.830185055732727
stim_95_harmonic.wav,35.00000059604645,0.0,41.62105232477188,26.30225121974945
stim_95_harmonic.wav,25.000001192092896,20.000000596046448,40.75454592704773,30.333205461502075
stim_95_harmonic.wav,0.0,60.0,25.65653085708618,28.306714296340942
stim_95_harmonic.wav,35.00000059604645,49.999998807907104,41.7341074347496,26.36398494243622
stim_95_harmonic.wav,15.000000447034836,30.0,37.58530139923096,28.88748049736023
stim_95_harmonic.wav,45.0,40.000001192092896,41.851773262023926,26.479990482330322
stim_95_harmonic.wav,30.00000089406967,30.0,41.13900303840637,26.232823133468628
stim_95_harmonic.wav,45.0,49.999998807907104,53.10489535331726,37.09125280380249
stim_95_harmonic.wav,60.00000178813934,40.000001192092896,45.21219491958618,22.94045627117157
stim_95_harmonic.wav,70.0000011920929,30.0,52.319490909576416,29.17494535446167
stim_95_harmonic.wav,10.000000074505806,10.000000298023224,41.91843956708908,26.494510173797607
stim_95_harmonic.wav,25.000001192092896,60.0,41.11923784017563,26.240665912628174
stim_95_harmonic.wav,5.000000037252903,20.000000596046448,28.27591985464096,30.456089973449707
stim_95_harmonic.wav,84.99999761581421,30.0,41.71573430299759,28.237509727478027
stim_95_harmonic.wav,54.99999940395355,10.000000298023224,40.54328441619873,26.41278326511383
stim_95_harmonic.wav,20.000000149011612,0.0,41.331945061683655,26.33318603038788
stim_95_harmonic.wav,54.99999940395355,30.0,43.46073925495148,27.48683989048004
stim_95_harmonic.wav,20.000000149011612,0.0,42.01673984527588,25.668616890907288
stim_95_harmonic.wav,40.000000298023224,60.0,48.10746788978577,22.144017219543457
stim_95_harmonic.wav,74.99999821186066,40.000001192092896,55.14233350753784,30.559473037719727
stim_95_harmonic.wav,84.99999761581421,60.0,41.15601897239685,26.22303307056427
stim_95_harmonic.wav,30.00000089406967,30.0,42.71202474832535,30.631985664367676
stim_95_harmonic.wav,15.000000447034836,0.0,41.39301896095276,26.331013441085815
stim_95_harmonic.wav,10.000000074505806,40.000001192092896,41.24853640794754,26.226292848587036
stim_95_harmonic.wav,0.0,30.0,40.86555987596512,26.287715435028076
stim_95_harmonic.wav,70.0000011920929,20.000000596046448,43.01194131374359,27.199162244796753
stim_95_harmonic.wav,70.0000011920929,0.0,41.322323977947235,26.292532682418823
stim_95_harmonic.wav,84.99999761581421,20.000000596046448,41.302215456962585,26.212098598480225
stim_95_harmonic.wav,45.0,0.0,44.45750445127487,22.23039150238037
stim_95_harmonic.wav,60.00000178813934,40.000001192092896,40.9829306602478,26.260381937026978
stim_95_harmonic.wav,5.000000037252903,20.000000596046448,41.22057169675827,26.30341351032257
stim_95_harmonic.wav,20.000000149011612,0.0,44.71349984407425,33.08686137199402
stim_95_harmonic.wav,50.00000238418579,60.0,41.257371604442596,26.1954402923584
stim_95_harmonic.wav,40.000000298023224,0.0,43.426820039749146,27.500224113464355
stim_95_harmonic.wav,84.99999761581421,10.000000298023224,41.311369836330414,26.339292526245117
stim_95_harmonic.wav,0.0,0.0,20.45424297451973,28.66588532924652
stim_95_harmonic.wav,70.0000011920929,10.000000298023224,47.258285880088806,24.126298427581787
stim_95_harmonic.wav,54.99999940395355,40.000001192092896,47.40623652935028,22.881168723106384
stim_95_harmonic.wav,20.000000149011612,30.0,41.27871125936508,26.194358468055725
stim_95_harmonic.wav,0.0,40.000001192092896,40.961156487464905,26.26146376132965
stim_95_harmonic.wav,20.000000149011612,49.999998807907104,43.50369483232498,27.836750149726868
stim_95_harmonic.wav,35.00000059604645,10.000000298023224,48.756219148635864,27.263907194137573
stim_95_harmonic.wav,84.99999761581421,10.000000298023224,41.39738827943802,26.282161474227905
stim_95_harmonic.wav,10.000000074505806,20.000000596046448,41.712475419044495,26.275400519371033
stim_95_harmonic.wav,70.0000011920929,20.000000596046448,41.41789108514786,26.239104866981506
stim_95_harmonic.wav,90.0,60.0,44.76368933916092,32.8270697593689
stim_95_harmonic.wav,20.000000149011612,0.0,41.889013051986694,27.165639996528625
stim_95_harmonic.wav,40.000000298023224,49.999998807907104,41.53407096862793,26.225820779800415
stim_95_harmonic.wav,74.99999821186066,10.000000298023224,48.808366656303406,22.14650273323059
stim_95_harmonic.wav,35.00000059604645,40.000001192092896,43.03907185792923,26.96619987487793
stim_81_harmonic.wav,50.00000238418579,49.999998807907104,43.29088568687439,28.655700087547302
stim_81_harmonic.wav,5.000000037252903,20.000000596046448,41.5139302611351,26.881191730499268
stim_81_harmonic.wav,10.000000074505806,10.000000298023224,22.202247977256775,31.317579746246338
stim_81_harmonic.wav,80.00000059604645,40.000001192092896,53.57560694217682,32.5115704536438
stim_81_harmonic.wav,5.000000037252903,40.000001192092896,36.57327711582184,29.039466977119446
stim_81_harmonic.wav,20.000000149011612,10.000000298023224,40.89758813381195,26.708099842071533
stim_81_harmonic.wav,70.0000011920929,60.0,44.73435938358307,26.406887769699097
stim_81_harmonic.wav,5.000000037252903,20.000000596046448,38.428461849689484,27.536416053771973
stim_81_harmonic.wav,54.99999940395355,49.999998807907104,44.51758861541748,29.907292127609253
stim_81_harmonic.wav,30.00000089406967,0.0,42.98706918954849,29.410330653190613
stim_81_harmonic.wav,25.000001192092896,30.0,42.99420922994614,28.87040376663208
stim_81_harmonic.wav,40.000000298023224,0.0,42.18064159154892,21.142741441726685
stim_81_harmonic.wav,60.00000178813934,30.0,48.97622466087341,25.81974148750305
stim_81_harmonic.wav,45.0,30.0,42.89923757314682,27.038984298706055
stim_81_harmonic.wav,15.000000447034836,40.000001192092896,21.923982203006744,33.43863487243652
stim_81_harmonic.wav,25.000001192092896,40.000001192092896,41.31868153810501,26.262120008468628
stim_81_harmonic.wav,35.00000059604645,10.000000298023224,41.05174541473389,29.299655556678772
stim_81_harmonic.wav,84.99999761581421,49.999998807907104,42.457045912742615,25.645871758461
stim_81_harmonic.wav,80.00000059604645,0.0,73.88538479804993,12.65544444322586
stim_81_harmonic.wav,40.000000298023224,40.000001192092896,47.229822278022766,39.66926693916321
stim_81_harmonic.wav,45.0,60.0,44.5341619849205,32.65998601913452
stim_81_harmonic.wav,50.00000238418579,49.999998807907104,47.52282679080963,44.84982490539551
stim_81_harmonic.wav,70.0000011920929,0.0,43.00037294626236,27.897972464561462
stim_81_harmonic.wav,0.0,60.0,39.164173007011414,27.97243595123291
stim_81_harmonic.wav,5.000000037252903,40.000001192092896,16.55380815267563,37.27335333824158
stim_81_harmonic.wav,0.0,49.999998807907104,15.818346440792084,29.3729031085968
stim_81_harmonic.wav,25.000001192092896,0.0,42.28919595479965,26.682575941085815
stim_81_harmonic.wav,90.0,60.0,43.7368968129158,34.371174573898315
stim_81_harmonic.wav,60.00000178813934,30.0,42.38230347633362,26.98343575000763
stim_81_harmonic.wav,0.0,40.000001192092896,30.658316910266876,27.19711661338806
stim_81_harmonic.wav,20.000000149011612,60.0,22.112744003534317,29.41249966621399
stim_81_harmonic.wav,60.00000178813934,20.000000596046448,41.24412417411804,26.209663152694702
stim_81_harmonic.wav,64.9999988079071,60.0,43.200760781764984,30.873652696609497
stim_81_harmonic.wav,50.00000238418579,10.000000298023224,42.63814598321915,26.094685792922974
stim_81_harmonic.wav,45.0,60.0,38.49439859390259,40.149890184402466
stim_81_harmonic.wav,20.000000149011612,40.000001192092896,42.09871083498001,26.21876835823059
stim_81_harmonic.wav,90.0,60.0,41.54906451702118,34.25227403640747
stim_81_harmonic.wav,10.000000074505806,30.0,20.73184221982956,27.122554779052734
stim_81_harmonic.wav,10.000000074505806,60.0,36.845443546772,28.287089467048645
stim_81_harmonic.wav,15.000000447034836,40.000001192092896,40.83332508802414,26.42611563205719
stim_81_harmonic.wav,30.00000089406967,20.000000596046448,41.09200805425644,26.823585033416748
stim_81_harmonic.wav,90.0,60.0,41.820825934410095,27.143847942352295
stim_81_harmonic.wav,80.00000059604645,20.000000596046448,64.9062716960907,16.54149055480957
stim_81_harmonic.wav,20.000000149011612,40.000001192092896,39.130463004112244,27.030980587005615
stim_81_harmonic.wav,80.00000059604645,20.000000596046448,63.601505756378174,18.620331287384033
stim_81_harmonic.wav,5.000000037252903,60.0,37.8278911113739,26.333448886871338
stim_81_harmonic.wav,40.000000298023224,0.0,41.19322121143341,26.83925986289978
stim_81_harmonic.wav,50.00000238418579,40.000001192092896,47.28897035121918,22.288241386413574
stim_81_harmonic.wav,70.0000011920929,30.0,41.80042237043381,26.175586581230164
stim_81_harmonic.wav,84.99999761581421,60.0,43.89005094766617,32.37470626831055
stim_81_harmonic.wav,70.0000011920929,60.0,42.46722221374512,35.0369131565094
stim_81_harmonic.wav,20.000000149011612,60.0,40.359051525592804,26.328701376914978
stim_81_harmonic.wav,64.9999988079071,0.0,44.98847454786301,24.88028347492218
stim_81_harmonic.wav,40.000000298023224,20.000000596046448,43.44689100980759,26.326979398727417
stim_81_harmonic.wav,20.000000149011612,60.0,40.60954838991165,26.279026865959167
stim_81_harmonic.wav,5.000000037252903,49.999998807907104,39.035402834415436,28.007059693336487
stim_81_harmonic.wav,35.00000059604645,0.0,44.851046204566956,26.479938626289368
stim_81_harmonic.wav,70.0000011920929,60.0,43.45274895429611,37.15441346168518
stim_81_harmonic.wav,20.000000149011612,20.000000596046448,41.78381949663162,25.99130630493164
stim_81_harmonic.wav,15.000000447034836,20.000000596046448,46.524969935417175,24.951876997947693
stim_81_harmonic.wav,45.0,30.0,39.63914394378662,27.20154583454132
stim_81_harmonic.wav,50.00000238418579,10.000000298023224,44.300874173641205,13.932303786277771
stim_81_harmonic.wav,25.000001192092896,49.999998807907104,42.259874045848846,25.774900317192078
stim_81_harmonic.wav,0.0,0.0,36.4077365398407,28.694915771484375
stim_81_harmonic.wav,74.99999821186066,10.000000298023224,59.31111931800842,17.093932628631592
stim_81_harmonic.wav,60.00000178813934,20.000000596046448,48.67590844631195,28.23732554912567
stim_81_harmonic.wav,35.00000059604645,60.0,37.34791785478592,31.168066263198853
stim_81_harmonic.wav,50.00000238418579,30.0,51.497265100479126,21.92244529724121
stim_81_harmonic.wav,84.99999761581421,10.000000298023224,62.69845962524414,16.109359860420227
stim_81_harmonic.wav,84.99999761581421,20.000000596046448,43.96763116121292,25.529192090034485
stim_81_harmonic.wav,70.0000011920929,30.0,42.54548639059067,28.410764336586
stim_81_harmonic.wav,40.000000298023224,10.000000298023224,43.7894868850708,37.67977237701416
stim_81_harmonic.wav,40.000000298023224,49.999998807907104,44.1563755273819,32.453852891922
stim_81_harmonic.wav,20.000000149011612,0.0,30.941083431243896,34.66780185699463
stim_81_harmonic.wav,10.000000074505806,49.999998807907104,25.31652867794037,32.31266498565674
stim_81_harmonic.wav,50.00000238418579,10.000000298023224,42.37382769584656,25.73108196258545
stim_81_harmonic.wav,50.00000238418579,60.0,42.44268536567688,27.37681746482849
stim_81_harmonic.wav,5.000000037252903,30.0,35.302467942237854,27.148747444152832
stim_81_harmonic.wav,84.99999761581421,40.000001192092896,59.88915145397186,29.473228454589844
stim_81_harmonic.wav,90.0,30.0,56.10725283622742,24.467713236808777
stim_81_harmonic.wav,5.000000037252903,30.0,15.113657712936401,35.06760835647583
stim_81_harmonic.wav,0.0,0.0,27.118844389915466,27.887880206108093
stim_81_harmonic.wav,10.000000074505806,40.000001192092896,40.68868696689606,26.488260626792908
stim_81_harmonic.wav,35.00000059604645,40.000001192092896,41.93187475204468,26.66871964931488
stim_81_harmonic.wav,74.99999821186066,0.0,51.98776602745056,22.23680019378662
stim_81_harmonic.wav,60.00000178813934,20.000000596046448,57.495585680007935,24.86688494682312
stim_81_harmonic.wav,25.000001192092896,10.000000298023224,41.48995667695999,32.33476638793945
stim_81_harmonic.wav,45.0,60.0,43.5712194442749,26.166014671325684
stim_81_harmonic.wav,64.9999988079071,40.000001192092896,45.7908171415329,26.06230616569519
stim_81_harmonic.wav,74.99999821186066,10.000000298023224,41.641820669174194,26.130582690238953
stim_81_harmonic.wav,70.0000011920929,30.0,59.19808566570282,25.982499718666077
stim_81_harmonic.wav,70.0000011920929,49.999998807907104,42.10450440645218,26.476051211357117
stim_81_harmonic.wav,5.000000037252903,49.999998807907104,40.441180765628815,26.564669609069824
stim_81_harmonic.wav,30.00000089406967,20.000000596046448,38.52561146020889,36.04190111160278
stim_81_harmonic.wav,74.99999821186066,20.000000596046448,57.03846752643585,27.80908226966858
stim_81_harmonic.wav,60.00000178813934,49.999998807907104,42.5733357667923,19.071006774902344
stim_81_harmonic.wav,15.000000447034836,0.0,40.51596611738205,27.033745050430298
stim_81_harmonic.wav,64.9999988079071,10.000000298023224,46.22649371623993,25.084574818611145
stim_81_harmonic.wav,35.00000059604645,30.0,41.76560997962952,34.14067268371582
stim_81_harmonic.wav,60.00000178813934,49.999998807907104,45.816078186035156,19.874605536460876
stim_81_harmonic.wav,64.9999988079071,60.0,43.4036511182785,28.96672010421753
stim_81_harmonic.wav,50.00000238418579,40.000001192092896,48.56181263923645,24.211868047714233
stim_81_harmonic.wav,25.000001192092896,0.0,36.62211209535599,37.25301146507263
stim_81_harmonic.wav,35.00000059604645,10.000000298023224,41.95412367582321,29.345954060554504
stim_81_harmonic.wav,30.00000089406967,60.0,33.61814260482788,30.538723468780518
stim_81_harmonic.wav,45.0,10.000000298023224,47.681785225868225,20.083261728286743
stim_81_harmonic.wav,10.000000074505806,60.0,36.73709571361542,30.01723051071167
stim_81_harmonic.wav,40.000000298023224,40.000001192092896,42.60695457458496,39.285407066345215
stim_81_harmonic.wav,60.00000178813934,0.0,41.74413084983826,26.135918498039246
stim_81_harmonic.wav,70.0000011920929,0.0,51.15588426589966,23.664928078651428
stim_81_harmonic.wav,15.000000447034836,49.999998807907104,27.254896759986877,29.528616070747375
stim_81_harmonic.wav,54.99999940395355,60.0,43.16697031259537,26.296091079711914
stim_81_harmonic.wav,90.0,30.0,57.227874398231506,24.793311953544617
stim_81_harmonic.wav,54.99999940395355,10.000000298023224,53.27490985393524,23.904297351837158
stim_81_harmonic.wav,64.9999988079071,10.000000298023224,57.50949561595917,22.208821177482605
stim_81_harmonic.wav,50.00000238418579,10.000000298023224,41.765395402908325,26.03152871131897
stim_81_harmonic.wav,50.00000238418579,49.999998807907104,52.07515239715576,22.91415810585022
stim_81_harmonic.wav,40.000000298023224,40.000001192092896,42.62181669473648,31.1177659034729
stim_81_harmonic.wav,0.0,40.000001192092896,39.922570288181305,26.636247038841248
stim_81_harmonic.wav,40.000000298023224,10.000000298023224,49.94456648826599,25.959813594818115
stim_81_harmonic.wav,70.0000011920929,20.000000596046448,47.77106523513794,28.682427406311035
stim_81_harmonic.wav,30.00000089406967,30.0,31.887871026992798,35.74897885322571
stim_81_harmonic.wav,45.0,30.0,48.845311403274536,23.103339672088623
stim_81_harmonic.wav,64.9999988079071,40.000001192092896,44.01536911725998,18.709927797317505
stim_81_harmonic.wav,70.0000011920929,10.000000298023224,41.37745946645737,26.038536429405212
stim_81_harmonic.wav,10.000000074505806,40.000001192092896,41.07542395591736,26.677892804145813
stim_81_harmonic.wav,90.0,49.999998807907104,41.7231559753418,26.549971103668213
stim_81_harmonic.wav,84.99999761581421,40.000001192092896,49.14157748222351,23.882052898406982
stim_81_harmonic.wav,60.00000178813934,30.0,41.097388565540314,26.89202606678009
stim_81_harmonic.wav,40.000000298023224,10.000000298023224,44.38945144414902,29.41023588180542
stim_81_harmonic.wav,5.000000037252903,0.0,41.03318452835083,27.259039878845215
stim_81_harmonic.wav,0.0,30.0,12.142550647258759,25.508682131767273
stim_81_harmonic.wav,40.000000298023224,30.0,52.75367617607117,24.468884468078613
stim_81_harmonic.wav,60.00000178813934,0.0,43.1404834985733,25.505395531654358
stim_81_harmonic.wav,60.00000178813934,20.000000596046448,42.28286862373352,26.3584041595459
stim_81_harmonic.wav,25.000001192092896,60.0,41.97849690914154,26.322703957557678
stim_81_harmonic.wav,5.000000037252903,0.0,32.86208152770996,30.12336015701294
stim_81_harmonic.wav,30.00000089406967,30.0,44.58691567182541,30.038799047470093
stim_81_harmonic.wav,35.00000059604645,10.000000298023224,42.07483649253845,33.31425905227661
stim_81_harmonic.wav,70.0000011920929,10.000000298023224,42.150201201438904,27.329787611961365
stim_81_harmonic.wav,45.0,0.0,46.838820576667786,21.170010566711426
stim_81_harmonic.wav,35.00000059604645,0.0,36.944864988327026,27.83065438270569
stim_81_harmonic.wav,45.0,10.000000298023224,41.72188729047775,26.078948378562927
stim_81_harmonic.wav,25.000001192092896,10.000000298023224,43.15685033798218,29.148085713386536
stim_81_harmonic.wav,25.000001192092896,30.0,43.411123752593994,30.64061164855957
stim_81_harmonic.wav,15.000000447034836,40.000001192092896,39.01301175355911,28.63363265991211
stim_91_harmonic.wav,35.00000059604645,49.999998807907104,41.89859926700592,26.38507068157196
stim_91_harmonic.wav,90.0,49.999998807907104,41.742835342884064,26.307356357574463
stim_91_harmonic.wav,30.00000089406967,40.000001192092896,41.389475762844086,26.310036778450012
stim_91_harmonic.wav,74.99999821186066,40.000001192092896,42.76200771331787,26.657175421714783
stim_91_harmonic.wav,64.9999988079071,0.0,41.930726766586304,27.193772792816162
stim_91_harmonic.wav,40.000000298023224,0.0,48.41400146484375,24.54066753387451
stim_91_harmonic.wav,0.0,0.0,44.47183012962341,27.06252872943878
stim_91_harmonic.wav,45.0,20.000000596046448,42.98858731985092,24.788013696670532
stim_91_harmonic.wav,35.00000059604645,20.000000596046448,40.49393713474274,26.662938594818115
stim_91_harmonic.wav,10.000000074505806,0.0,36.20975196361542,27.267179489135742
stim_91_harmonic.wav,35.00000059604645,30.0,42.61399269104004,27.610800862312317
stim_91_harmonic.wav,5.000000037252903,49.999998807907104,41.38469338417053,26.183860301971436
stim_91_harmonic.wav,40.000000298023224,20.000000596046448,40.64321279525757,26.228107810020447
stim_91_harmonic.wav,54.99999940395355,49.999998807907104,42.006217539310455,26.451512575149536
stim_91_harmonic.wav,54.99999940395355,40.000001192092896,42.51433253288269,26.973044872283936
stim_91_harmonic.wav,35.00000059604645,49.999998807907104,42.707456946372986,26.25167727470398
stim_91_harmonic.wav,5.000000037252903,49.999998807907104,40.99423885345459,26.630691289901733
stim_91_harmonic.wav,50.00000238418579,40.000001192092896,42.14899688959122,26.66458010673523
stim_91_harmonic.wav,84.99999761581421,40.000001192092896,63.09325397014618,32.173004150390625
stim_91_harmonic.wav,54.99999940395355,20.000000596046448,53.86297345161438,29.66114044189453
stim_91_harmonic.wav,25.000001192092896,60.0,41.37522518634796,26.187797784805298
stim_91_harmonic.wav,20.000000149011612,49.999998807907104,30.945364236831665,33.82255554199219
stim_91_harmonic.wav,40.000000298023224,60.0,41.06577605009079,26.23830020427704
stim_91_harmonic.wav,60.00000178813934,20.000000596046448,52.41478443145752,29.345481991767883
stim_91_harmonic.wav,84.99999761581421,49.999998807907104,41.092954874038696,26.546407341957092
stim_91_harmonic.wav,74.99999821186066,20.000000596046448,41.41823709011078,26.17679715156555
stim_91_harmonic.wav,70.0000011920929,49.999998807907104,48.415353298187256,27.882322669029236
stim_91_harmonic.wav,20.000000149011612,20.000000596046448,41.32349610328674,26.26514196395874
stim_91_harmonic.wav,40.000000298023224,10.000000298023224,41.926445960998535,26.648772954940796
stim_91_harmonic.wav,45.0,60.0,41.79452419281006,26.38274610042572
stim_91_harmonic.wav,54.99999940395355,0.0,40.80716282129288,27.440083622932434
stim_91_harmonic.wav,64.9999988079071,49.999998807907104,41.92475616931915,26.489776968955994
stim_91_harmonic.wav,35.00000059604645,30.0,51.57206654548645,26.671700477600098
stim_91_harmonic.wav,20.000000149011612,0.0,40.44763684272766,26.332350969314575
stim_91_harmonic.wav,90.0,20.000000596046448,42.11461901664734,26.90543532371521
stim_91_harmonic.wav,15.000000447034836,30.0,41.13249599933624,26.30361557006836
stim_91_harmonic.wav,15.000000447034836,60.0,26.112219393253326,33.65951657295227
stim_91_harmonic.wav,50.00000238418579,10.000000298023224,41.4216274023056,25.898682475090027
stim_91_harmonic.wav,30.00000089406967,40.000001192092896,41.52477711439133,26.86505913734436
stim_91_harmonic.wav,15.000000447034836,10.000000298023224,30.66160798072815,31.760680675506592
stim_91_harmonic.wav,25.000001192092896,20.000000596046448,33.70188653469086,36.64629578590393
stim_91_harmonic.wav,25.000001192092896,0.0,41.182900071144104,26.22940242290497
stim_91_harmonic.wav,30.00000089406967,0.0,40.49208641052246,26.318755745887756
stim_91_harmonic.wav,40.000000298023224,30.0,40.06903499364853,26.728380918502808
stim_91_harmonic.wav,20.000000149011612,0.0,40.98869204521179,26.234593391418457
stim_91_harmonic.wav,15.000000447034836,0.0,41.32153272628784,26.195343732833862
stim_91_harmonic.wav,25.000001192092896,10.000000298023224,40.11388689279556,27.0581191778183
stim_91_harmonic.wav,54.99999940395355,10.000000298023224,41.75750970840454,25.97364842891693
stim_91_harmonic.wav,30.00000089406967,10.000000298023224,41.31344050168991,26.199604868888855
stim_91_harmonic.wav,5.000000037252903,60.0,40.88654011487961,26.66824221611023
stim_91_harmonic.wav,25.000001192092896,40.000001192092896,41.68506056070328,26.39680802822113
stim_91_harmonic.wav,5.000000037252903,30.0,41.050018072128296,26.240639090538025
stim_91_harmonic.wav,64.9999988079071,60.0,37.48564124107361,32.290130853652954
stim_91_harmonic.wav,74.99999821186066,20.000000596046448,42.04960495233536,26.19149923324585
stim_91_harmonic.wav,35.00000059604645,10.000000298023224,40.766489803791046,26.255298256874084
stim_91_harmonic.wav,35.00000059604645,10.000000298023224,49.60098624229431,27.163555026054382
stim_91_harmonic.wav,35.00000059604645,20.000000596046448,47.625850439071655,23.27328622341156
stim_91_harmonic.wav,5.000000037252903,10.000000298023224,26.653175354003906,32.58482336997986
stim_91_harmonic.wav,60.00000178813934,30.0,51.25303387641907,30.58219313621521
stim_91_harmonic.wav,64.9999988079071,20.000000596046448,41.56534820795059,26.28717541694641
stim_91_harmonic.wav,25.000001192092896,0.0,41.315487027168274,26.431610584259033
stim_91_harmonic.wav,84.99999761581421,30.0,40.902984738349915,26.260491013526917
stim_91_harmonic.wav,70.0000011920929,10.000000298023224,41.24734818935394,26.320719122886658
stim_91_harmonic.wav,0.0,0.0,39.87057566642761,26.370785236358643
stim_91_harmonic.wav,20.000000149011612,60.0,40.93688786029816,26.252759099006653
stim_91_harmonic.wav,30.00000089406967,40.000001192092896,34.55944776535034,38.206801414489746
stim_91_harmonic.wav,25.000001192092896,49.999998807907104,41.42248570919037,26.17766261100769
stim_91_harmonic.wav,90.0,49.999998807907104,41.951192021369934,26.478796005249023
stim_91_harmonic.wav,15.000000447034836,60.0,29.998056292533875,30.603132247924805
stim_91_harmonic.wav,50.00000238418579,40.000001192092896,41.394743621349335,26.31092369556427
stim_91_harmonic.wav,64.9999988079071,40.000001192092896,51.90964937210083,28.96347999572754
stim_91_harmonic.wav,80.00000059604645,30.0,42.20793306827545,26.08083665370941
stim_91_harmonic.wav,80.00000059604645,60.0,40.486748814582825,26.22899830341339
stim_91_harmonic.wav,15.000000447034836,49.999998807907104,23.340330719947815,34.689738750457764
stim_91_harmonic.wav,15.000000447034836,60.0,40.91824918985367,26.2539142370224
stim_91_harmonic.wav,5.000000037252903,10.000000298023224,24.785993099212646,32.51602292060852
stim_91_harmonic.wav,5.000000037252903,30.0,42.28425532579422,25.786499977111816
stim_91_harmonic.wav,74.99999821186066,40.000001192092896,41.65707170963287,26.338348388671875
stim_91_harmonic.wav,20.000000149011612,0.0,41.4060840010643,26.246947646141052
stim_91_harmonic.wav,30.00000089406967,10.000000298023224,42.875634133815765,27.76720941066742
stim_91_harmonic.wav,15.000000447034836,49.999998807907104,37.65081971883774,26.931679844856262
stim_91_harmonic.wav,70.0000011920929,49.999998807907104,49.58123981952667,26.168700456619263
stim_91_harmonic.wav,84.99999761581421,10.000000298023224,40.27916193008423,27.52673864364624
stim_91_harmonic.wav,80.00000059604645,49.999998807907104,41.97718262672424,26.444572806358337
stim_91_harmonic.wav,74.99999821186066,49.999998807907104,41.989129185676575,25.835899114608765
stim_91_harmonic.wav,5.000000037252903,40.000001192092896,41.74838751554489,26.406825184822083
stim_91_harmonic.wav,80.00000059604645,20.000000596046448,53.48646640777588,22.264063954353333
stim_91_harmonic.wav,84.99999761581421,10.000000298023224,40.908555686473846,26.239158511161804
stim_91_harmonic.wav,10.000000074505806,30.0,27.882962822914124,32.84995794296265
stim_91_harmonic.wav,15.000000447034836,40.000001192092896,41.69092386960983,26.319901943206787
stim_91_harmonic.wav,45.0,30.0,40.23750990629196,26.4653080701828
stim_91_harmonic.wav,0.0,10.000000298023224,46.99772536754608,27.8578519821167
stim_91_harmonic.wav,64.9999988079071,60.0,41.56708627939224,26.327850222587585
stim_91_harmonic.wav,0.0,40.000001192092896,41.05658680200577,26.222410798072815
stim_91_harmonic.wav,5.000000037252903,49.999998807907104,18.381068408489227,37.061190605163574
stim_91_harmonic.wav,15.000000447034836,49.999998807907104,40.94217449426651,26.26032829284668
stim_91_harmonic.wav,60.00000178813934,60.0,43.12756061553955,25.225356817245483
stim_91_harmonic.wav,74.99999821186066,20.000000596046448,40.79539328813553,26.444692611694336
stim_91_harmonic.wav,40.000000298023224,49.999998807907104,47.7006733417511,27.67526149749756
stim_91_harmonic.wav,64.9999988079071,49.999998807907104,41.35759234428406,26.095656752586365
stim_91_harmonic.wav,30.00000089406967,10.000000298023224,40.896630585193634,26.265846490859985
stim_91_harmonic.wav,84.99999761581421,10.000000298023224,43.03613215684891,27.84909725189209
stim_91_harmonic.wav,60.00000178813934,10.000000298023224,41.46482974290848,26.31004571914673
stim_91_harmonic.wav,54.99999940395355,60.0,40.89510977268219,26.449109315872192
stim_91_harmonic.wav,5.000000037252903,10.000000298023224,41.16578757762909,26.22909128665924
stim_91_harmonic.wav,25.000001192092896,0.0,40.131425857543945,26.496022939682007
stim_91_harmonic.wav,50.00000238418579,0.0,42.00127959251404,26.394487023353577
stim_91_harmonic.wav,40.000000298023224,20.000000596046448,41.60260945558548,26.0452938079834
stim_91_harmonic.wav,64.9999988079071,40.000001192092896,50.98835349082947,32.05192565917969
stim_91_harmonic.wav,70.0000011920929,40.000001192092896,50.35586714744568,30.61152219772339
stim_91_harmonic.wav,64.9999988079071,60.0,41.09818518161774,26.209232211112976
stim_91_harmonic.wav,15.000000447034836,30.0,40.80413728952408,26.365081071853638
stim_91_harmonic.wav,74.99999821186066,10.000000298023224,41.135430335998535,26.233343482017517
stim_91_harmonic.wav,74.99999821186066,10.000000298023224,40.7535856962204,26.390193700790405
stim_91_harmonic.wav,0.0,60.0,41.23605877161026,26.319099068641663
stim_91_harmonic.wav,15.000000447034836,10.000000298023224,32.893656492233276,29.156073331832886
stim_91_harmonic.wav,64.9999988079071,0.0,50.540215373039246,24.88655984401703
stim_91_harmonic.wav,25.000001192092896,30.0,40.92828333377838,26.261651515960693
stim_91_harmonic.wav,35.00000059604645,30.0,40.64702421426773,26.236408352851868
stim_91_harmonic.wav,50.00000238418579,0.0,40.89212715625763,26.255489587783813
stim_91_harmonic.wav,54.99999940395355,49.999998807907104,41.49079352617264,26.35590434074402
stim_91_harmonic.wav,54.99999940395355,10.000000298023224,58.662110567092896,31.333472728729248
stim_91_harmonic.wav,15.000000447034836,10.000000298023224,40.64158737659454,26.365588903427124
stim_91_harmonic.wav,35.00000059604645,60.0,41.395325660705566,26.186338663101196
stim_91_harmonic.wav,70.0000011920929,0.0,48.35109829902649,27.92016863822937
stim_91_harmonic.wav,64.9999988079071,49.999998807907104,42.16023802757263,26.16139590740204
stim_91_harmonic.wav,15.000000447034836,40.000001192092896,41.40554219484329,26.25015914440155
stim_91_harmonic.wav,0.0,60.0,43.84538948535919,26.415220499038696
stim_91_harmonic.wav,70.0000011920929,20.000000596046448,48.63798201084137,30.94489574432373
stim_91_harmonic.wav,45.0,20.000000596046448,44.297513365745544,26.110979318618774
stim_91_harmonic.wav,35.00000059604645,20.000000596046448,52.438865303993225,28.583210706710815
stim_91_harmonic.wav,45.0,60.0,34.22588288784027,28.031762838363647
stim_91_harmonic.wav,74.99999821186066,30.0,40.58708220720291,26.31041944026947
stim_91_harmonic.wav,60.00000178813934,49.999998807907104,46.79331421852112,29.45241093635559
stim_91_harmonic.wav,50.00000238418579,60.0,41.053175032138824,26.24548852443695
stim_91_harmonic.wav,20.000000149011612,20.000000596046448,41.225678622722626,26.232529878616333
stim_91_harmonic.wav,25.000001192092896,40.000001192092896,40.17731845378876,26.249529719352722
stim_91_harmonic.wav,80.00000059604645,40.000001192092896,51.4127379655838,31.356632709503174
stim_101_harmonic.wav,54.99999940395355,30.0,41.90378934144974,26.24738037586212
stim_101_harmonic.wav,20.000000149011612,0.0,41.63790464401245,26.296414732933044
stim_101_harmonic.wav,20.000000149011612,10.000000298023224,47.24746584892273,29.418001770973206
stim_101_harmonic.wav,20.000000149011612,10.000000298023224,45.47969698905945,27.75132715702057
stim_101_harmonic.wav,64.9999988079071,60.0,41.533668637275696,26.25375509262085
stim_101_harmonic.wav,54.99999940395355,30.0,41.40179246664047,26.339287161827087
stim_101_harmonic.wav,70.0000011920929,10.000000298023224,43.549933433532715,23.128598928451538
stim_101_harmonic.wav,84.99999761581421,60.0,41.310465931892395,26.270134449005127
stim_101_harmonic.wav,40.000000298023224,49.999998807907104,45.255528688430786,32.16513633728027
stim_101_harmonic.wav,10.000000074505806,60.0,40.690242648124695,26.326639652252197
stim_101_harmonic.wav,50.00000238418579,20.000000596046448,40.81616431474686,26.384047865867615
stim_101_harmonic.wav,64.9999988079071,60.0,41.39556169509888,26.243276596069336
stim_101_harmonic.wav,60.00000178813934,20.000000596046448,42.12281048297882,26.1256206035614
stim_101_harmonic.wav,54.99999940395355,30.0,42.25508362054825,26.126044392585754
stim_101_harmonic.wav,15.000000447034836,60.0,41.53132975101471,26.296942234039307
stim_101_harmonic.wav,20.000000149011612,49.999998807907104,46.70940935611725,27.914623618125916
stim_101_harmonic.wav,74.99999821186066,30.0,41.96445018053055,26.31945490837097
stim_101_harmonic.wav,30.00000089406967,30.0,41.65797561407089,26.31013512611389
stim_101_harmonic.wav,84.99999761581421,0.0,41.728236079216,26.203109622001648
stim_101_harmonic.wav,40.000000298023224,30.0,42.483020424842834,26.32648766040802
stim_101_harmonic.wav,74.99999821186066,0.0,43.032100796699524,25.853124260902405
stim_101_harmonic.wav,0.0,49.999998807907104,40.26487112045288,26.976848244667053
stim_101_harmonic.wav,74.99999821186066,10.000000298023224,47.63467490673065,22.492262721061707
stim_101_harmonic.wav,15.000000447034836,30.0,36.671116054058075,27.832714319229126
stim_101_harmonic.wav,40.000000298023224,60.0,41.80803716182709,26.253916025161743
stim_101_harmonic.wav,50.00000238418579,10.000000298023224,43.78580689430237,23.360905051231384
stim_101_harmonic.wav,45.0,60.0,47.20234036445618,24.221845865249634
stim_101_harmonic.wav,35.00000059604645,30.0,51.10934257507324,26.998313069343567
stim_101_harmonic.wav,40.000000298023224,10.000000298023224,41.71839773654938,26.303882002830505
stim_101_harmonic.wav,54.99999940395355,10.000000298023224,41.518975496292114,26.265093684196472
stim_101_harmonic.wav,64.9999988079071,60.0,41.41107827425003,26.218045949935913
stim_101_harmonic.wav,45.0,49.999998807907104,41.70393526554108,26.219728589057922
stim_101_harmonic.wav,10.000000074505806,0.0,32.78911471366882,30.008018016815186
stim_101_harmonic.wav,90.0,20.000000596046448,41.7278391122818,26.386882066726685
stim_101_harmonic.wav,30.00000089406967,60.0,41.48868799209595,26.26993238925934
stim_101_harmonic.wav,15.000000447034836,40.000001192092896,33.521942496299744,28.650553822517395
stim_101_harmonic.wav,20.000000149011612,20.000000596046448,44.26261514425278,28.908732533454895
stim_101_harmonic.wav,64.9999988079071,10.000000298023224,44.00759071111679,25.48945426940918
stim_101_harmonic.wav,40.000000298023224,60.0,45.97808361053467,27.981605529785156
stim_101_harmonic.wav,5.000000037252903,40.000001192092896,31.974466145038605,28.851658701896667
stim_101_harmonic.wav,45.0,60.0,41.64950251579285,26.242529153823853
stim_101_harmonic.wav,60.00000178813934,10.000000298023224,43.91041964292526,26.19387924671173
stim_101_harmonic.wav,35.00000059604645,60.0,47.56884813308716,29.867613315582275
stim_101_harmonic.wav,10.000000074505806,49.999998807907104,41.23088747262955,25.98006248474121
stim_101_harmonic.wav,15.000000447034836,0.0,42.22202271223068,31.22737169265747
stim_101_harmonic.wav,54.99999940395355,30.0,42.16549515724182,25.33158302307129
stim_101_harmonic.wav,15.000000447034836,0.0,41.53174817562103,28.3584862947464
stim_101_harmonic.wav,54.99999940395355,20.000000596046448,39.07805263996124,29.58587944507599
stim_101_harmonic.wav,10.000000074505806,40.000001192092896,41.41202509403229,26.12800419330597
stim_101_harmonic.wav,5.000000037252903,40.000001192092896,41.38327717781067,26.29027247428894
stim_101_harmonic.wav,15.000000447034836,30.0,41.29618585109711,26.226511001586914
stim_101_harmonic.wav,45.0,10.000000298023224,41.9486278295517,26.313570141792297
stim_101_harmonic.wav,80.00000059604645,30.0,41.20148241519928,26.267062425613403
stim_101_harmonic.wav,40.000000298023224,49.999998807907104,45.77646195888519,31.304454803466797
stim_101_harmonic.wav,25.000001192092896,60.0,41.6944295167923,26.37273073196411
stim_101_harmonic.wav,15.000000447034836,0.0,41.42302483320236,26.348165273666382
stim_101_harmonic.wav,5.000000037252903,40.000001192092896,41.23700827360153,26.305137276649475
stim_101_harmonic.wav,64.9999988079071,30.0,40.892019867897034,28.095068335533142
stim_101_harmonic.wav,40.000000298023224,60.0,42.561893463134766,26.31216287612915
stim_101_harmonic.wav,10.000000074505806,10.000000298023224,34.02041494846344,27.14772641658783
stim_101_harmonic.wav,20.000000149011612,30.0,42.11812734603882,26.732062697410583
stim_101_harmonic.wav,35.00000059604645,0.0,41.03621542453766,26.274243593215942
stim_101_harmonic.wav,50.00000238418579,0.0,41.04174882173538,26.26804769039154
stim_101_harmonic.wav,70.0000011920929,40.000001192092896,41.84136629104614,26.378681659698486
stim_101_harmonic.wav,25.000001192092896,60.0,41.515215039253235,26.115204691886902
stim_101_harmonic.wav,54.99999940395355,60.0,43.92488211393356,25.362430214881897
stim_101_harmonic.wav,50.00000238418579,30.0,40.905227065086365,26.26305878162384
stim_101_harmonic.wav,64.9999988079071,30.0,42.92271763086319,26.79261803627014
stim_101_harmonic.wav,54.99999940395355,30.0,42.18532204627991,26.212822794914246
stim_101_harmonic.wav,5.000000037252903,10.000000298023224,40.87262749671936,26.28173589706421
stim_101_harmonic.wav,90.0,49.999998807907104,41.05004221200943,26.280498504638672
stim_101_harmonic.wav,45.0,20.000000596046448,47.31686532497406,21.1457759141922
stim_101_harmonic.wav,45.0,60.0,41.70042425394058,26.196064352989197
stim_101_harmonic.wav,25.000001192092896,49.999998807907104,41.36319279670715,26.135780811309814
stim_101_harmonic.wav,35.00000059604645,30.0,47.3491108417511,26.962575316429138
stim_101_harmonic.wav,15.000000447034836,30.0,34.95616525411606,26.238475441932678
stim_101_harmonic.wav,35.00000059604645,20.000000596046448,47.14335322380066,27.553701996803284
stim_101_harmonic.wav,30.00000089406967,49.999998807907104,44.07018005847931,28.16198229789734
stim_101_harmonic.wav,45.0,0.0,41.58172845840454,26.271836757659912
stim_101_harmonic.wav,30.00000089406967,40.000001192092896,47.91457414627075,26.692838072776794
stim_101_harmonic.wav,0.0,20.000000596046448,43.71736764907837,24.58559274673462
stim_101_harmonic.wav,40.000000298023224,40.000001192092896,42.08920776844025,26.41997516155243
stim_101_harmonic.wav,5.000000037252903,40.000001192092896,41.499617993831635,26.03860080242157
stim_101_harmonic.wav,40.000000298023224,40.000001192092896,49.677059054374695,26.531601548194885
stim_101_harmonic.wav,35.00000059604645,10.000000298023224,49.15414094924927,23.992152214050293
stim_101_harmonic.wav,50.00000238418579,30.0,47.489529848098755,21.88141107559204
stim_101_harmonic.wav,70.0000011920929,40.000001192092896,41.537187695503235,26.19792938232422
stim_101_harmonic.wav,60.00000178813934,0.0,42.13789254426956,23.38727295398712
stim_101_harmonic.wav,35.00000059604645,49.999998807907104,41.15333408117294,26.244741082191467
stim_101_harmonic.wav,84.99999761581421,20.000000596046448,41.86157673597336,26.297473311424255
stim_101_harmonic.wav,20.000000149011612,60.0,41.20594024658203,26.189171075820923
stim_101_harmonic.wav,5.000000037252903,20.000000596046448,36.88746839761734,27.33030617237091
stim_101_harmonic.wav,30.00000089406967,10.000000298023224,44.270640313625336,27.84993588924408
stim_101_harmonic.wav,54.99999940395355,60.0,46.32606267929077,25.154866576194763
stim_101_harmonic.wav,60.00000178813934,10.000000298023224,44.68440592288971,24.391103982925415
stim_101_harmonic.wav,50.00000238418579,60.0,41.50003373622894,26.294277906417847
stim_101_harmonic.wav,10.000000074505806,60.0,41.441660821437836,26.22149169445038
stim_101_harmonic.wav,54.99999940395355,30.0,41.75416499376297,26.22446358203888
stim_101_harmonic.wav,64.9999988079071,0.0,42.86776453256607,26.244898438453674
stim_101_harmonic.wav,20.000000149011612,0.0,44.5406448841095,27.91907787322998
stim_101_harmonic.wav,45.0,10.000000298023224,41.76224112510681,26.22849941253662
stim_101_harmonic.wav,80.00000059604645,40.000001192092896,40.92362701892853,26.266204118728638
stim_101_harmonic.wav,90.0,20.000000596046448,41.525045335292816,26.136558651924133
stim_101_harmonic.wav,84.99999761581421,20.000000596046448,46.248106956481934,28.387141227722168
stim_101_harmonic.wav,74.99999821186066,49.999998807907104,41.41239255666733,26.212257742881775
stim_101_harmonic.wav,35.00000059604645,40.000001192092896,46.462023854255676,25.284306406974792
stim_101_harmonic.wav,25.000001192092896,30.0,41.28545701503754,26.3271564245224
stim_101_harmonic.wav,0.0,0.0,41.94070726633072,26.0693496465683
stim_101_harmonic.wav,64.9999988079071,60.0,48.02356839179993,23.09860646724701
stim_101_harmonic.wav,54.99999940395355,49.999998807907104,41.85082107782364,26.26001000404358
stim_101_harmonic.wav,25.000001192092896,30.0,40.92363506555557,26.26088798046112
stim_101_harmonic.wav,40.000000298023224,60.0,45.554450154304504,25.311076641082764
stim_101_harmonic.wav,90.0,60.0,44.81606483459473,28.64324927330017
stim_101_harmonic.wav,30.00000089406967,20.000000596046448,48.53661060333252,23.341339230537415
stim_101_harmonic.wav,54.99999940395355,10.000000298023224,41.87256842851639,26.252540946006775
stim_101_harmonic.wav,64.9999988079071,60.0,41.569148898124695,26.29560649394989
stim_101_harmonic.wav,74.99999821186066,49.999998807907104,46.08767330646515,21.346346139907837
stim_101_harmonic.wav,54.99999940395355,49.999998807907104,49.91438090801239,23.41877818107605
stim_101_harmonic.wav,84.99999761581421,20.000000596046448,41.015594601631165,26.37395739555359
stim_106_harmonic.wav,60.00000178813934,10.000000298023224,41.69254928827286,26.239668130874634
stim_106_harmonic.wav,84.99999761581421,0.0,44.19555991888046,26.829214096069336
stim_106_harmonic.wav,30.00000089406967,30.0,41.973658204078674,26.233003735542297
stim_106_harmonic.wav,50.00000238418579,30.0,41.94279670715332,26.210601925849915
stim_106_harmonic.wav,70.0000011920929,20.000000596046448,45.50783336162567,25.934041142463684
stim_106_harmonic.wav,10.000000074505806,49.999998807907104,41.37444466352463,26.281757354736328
stim_106_harmonic.wav,25.000001192092896,20.000000596046448,45.92256724834442,26.7452734708786
stim_106_harmonic.wav,35.00000059604645,49.999998807907104,41.85733884572983,26.163439750671387
stim_106_harmonic.wav,45.0,49.999998807907104,42.633210718631744,26.196545362472534
stim_106_harmonic.wav,70.0000011920929,60.0,48.090800642967224,28.026562929153442
stim_106_harmonic.wav,80.00000059604645,60.0,46.73653721809387,28.328413367271423
stim_106_harmonic.wav,74.99999821186066,20.000000596046448,41.64084166288376,26.031163930892944
stim_106_harmonic.wav,60.00000178813934,20.000000596046448,46.739197969436646,27.260861992836
stim_106_harmonic.wav,50.00000238418579,30.0,42.87147670984268,27.29891538619995
stim_106_harmonic.wav,50.00000238418579,40.000001192092896,41.867397129535675,26.07936680316925
stim_106_harmonic.wav,40.000000298023224,49.999998807907104,49.57507610321045,28.58530104160309
stim_106_harmonic.wav,15.000000447034836,10.000000298023224,44.24090534448624,26.410878896713257
stim_106_harmonic.wav,10.000000074505806,40.000001192092896,42.4102520942688,26.29483938217163
stim_106_harmonic.wav,70.0000011920929,49.999998807907104,41.60967439413071,26.117666959762573
stim_106_harmonic.wav,60.00000178813934,0.0,43.013708889484406,26.249603033065796
stim_106_harmonic.wav,50.00000238418579,0.0,42.64252334833145,25.593860149383545
stim_106_harmonic.wav,60.00000178813934,0.0,42.29800969362259,25.886455178260803
stim_106_harmonic.wav,74.99999821186066,10.000000298023224,42.51409649848938,26.261075735092163
stim_106_harmonic.wav,54.99999940395355,40.000001192092896,42.01151221990585,26.15520179271698
stim_106_harmonic.wav,0.0,30.0,32.42270886898041,28.231084942817688
stim_106_harmonic.wav,50.00000238418579,20.000000596046448,41.8959841132164,26.352809071540833
stim_106_harmonic.wav,80.00000059604645,10.000000298023224,44.12051439285278,25.116021037101746
stim_106_harmonic.wav,45.0,20.000000596046448,42.16176152229309,27.738144993782043
stim_106_harmonic.wav,0.0,0.0,25.204881727695465,28.468188643455505
stim_106_harmonic.wav,64.9999988079071,0.0,41.468260288238525,25.30797779560089
stim_106_harmonic.wav,64.9999988079071,49.999998807907104,45.64448654651642,29.89246129989624
stim_106_harmonic.wav,30.00000089406967,49.999998807907104,42.73663401603699,26.362980008125305
stim_106_harmonic.wav,84.99999761581421,40.000001192092896,48.5945999622345,26.483670473098755
stim_106_harmonic.wav,50.00000238418579,49.999998807907104,43.70667368173599,26.24257206916809
stim_106_harmonic.wav,70.0000011920929,60.0,41.175416707992554,26.21899902820587
stim_106_harmonic.wav,84.99999761581421,40.000001192092896,45.99297523498535,25.98231017589569
stim_106_harmonic.wav,64.9999988079071,30.0,46.23676121234894,27.249242663383484
stim_106_harmonic.wav,54.99999940395355,60.0,44.61988806724548,27.45236098766327
stim_106_harmonic.wav,74.99999821186066,0.0,41.89007788896561,26.07276141643524
stim_106_harmonic.wav,25.000001192092896,10.000000298023224,44.6534264087677,26.622228026390076
stim_106_harmonic.wav,20.000000149011612,0.0,42.47586965560913,27.211491465568542
stim_106_harmonic.wav,70.0000011920929,10.000000298023224,42.38398790359497,26.19095206260681
stim_106_harmonic.wav,40.000000298023224,10.000000298023224,42.86410599946976,25.804304480552673
stim_106_harmonic.wav,15.000000447034836,49.999998807907104,45.748921036720276,28.83088767528534
stim_106_harmonic.wav,0.0,40.000001192092896,33.1784051656723,27.341381907463074
stim_106_harmonic.wav,20.000000149011612,10.000000298023224,41.283214688301086,27.684731483459473
stim_106_harmonic.wav,35.00000059604645,0.0,44.60367143154144,25.203582644462585
stim_106_harmonic.wav,80.00000059604645,20.000000596046448,44.89349216222763,25.062866806983948
stim_106_harmonic.wav,54.99999940395355,0.0,44.97564822435379,26.382259726524353
stim_106_harmonic.wav,35.00000059604645,49.999998807907104,41.67623609304428,26.152760982513428
stim_106_harmonic.wav,90.0,0.0,46.07199847698212,26.771026253700256
stim_106_harmonic.wav,64.9999988079071,30.0,42.04538851976395,26.210609078407288
stim_106_harmonic.wav,54.99999940395355,60.0,41.72756016254425,26.168217658996582
stim_106_harmonic.wav,10.000000074505806,49.999998807907104,44.71423476934433,26.533579230308533
stim_106_harmonic.wav,10.000000074505806,49.999998807907104,42.01733261346817,26.124231219291687
stim_106_harmonic.wav,30.00000089406967,0.0,41.65798097848892,26.097684502601624
stim_106_harmonic.wav,50.00000238418579,30.0,42.33397275209427,26.321033835411072
stim_106_harmonic.wav,70.0000011920929,20.000000596046448,42.71353214979172,26.350813508033752
stim_106_harmonic.wav,84.99999761581421,0.0,45.61317443847656,25.97386658191681
stim_106_harmonic.wav,80.00000059604645,20.000000596046448,42.57518917322159,25.6926691532135
stim_106_harmonic.wav,10.000000074505806,40.000001192092896,45.97895801067352,28.635351061820984
stim_106_harmonic.wav,20.000000149011612,60.0,42.98626184463501,26.18112802505493
stim_106_harmonic.wav,84.99999761581421,60.0,42.18807399272919,26.330114006996155
stim_106_harmonic.wav,84.99999761581421,30.0,41.64219617843628,26.420931816101074
stim_106_harmonic.wav,74.99999821186066,40.000001192092896,41.453188955783844,26.070964336395264
stim_106_harmonic.wav,15.000000447034836,10.000000298023224,41.619070172309875,26.168078184127808
stim_106_harmonic.wav,50.00000238418579,60.0,43.771518766880035,27.73893713951111
stim_106_harmonic.wav,25.000001192092896,10.000000298023224,45.0956529378891,27.478678822517395
stim_106_harmonic.wav,20.000000149011612,30.0,41.57861977815628,26.2802517414093
stim_106_harmonic.wav,20.000000149011612,49.999998807907104,44.02515649795532,27.313817739486694
stim_106_harmonic.wav,74.99999821186066,40.000001192092896,41.57420754432678,26.11603081226349
stim_106_harmonic.wav,54.99999940395355,49.999998807907104,41.37256175279617,26.18817150592804
stim_106_harmonic.wav,0.0,60.0,41.76597476005554,26.23444676399231
stim_106_harmonic.wav,10.000000074505806,10.000000298023224,42.00826674699783,26.117718815803528
stim_106_harmonic.wav,64.9999988079071,49.999998807907104,41.474399864673615,26.17351233959198
stim_106_harmonic.wav,10.000000074505806,20.000000596046448,41.46840512752533,26.25389814376831
stim_106_harmonic.wav,64.9999988079071,40.000001192092896,41.48472100496292,26.295686960220337
stim_106_harmonic.wav,35.00000059604645,49.999998807907104,47.36223757266998,27.546247243881226
stim_106_harmonic.wav,25.000001192092896,10.000000298023224,45.26525437831879,26.629709601402283
stim_106_harmonic.wav,40.000000298023224,30.0,41.24862492084503,26.133297085762024
stim_106_harmonic.wav,74.99999821186066,0.0,42.42715269327164,26.269081234931946
stim_106_harmonic.wav,35.00000059604645,20.000000596046448,41.72715246677399,26.256163716316223
stim_106_harmonic.wav,74.99999821186066,10.000000298023224,47.56598353385925,24.65419113636017
stim_106_harmonic.wav,0.0,40.000001192092896,42.46336787939072,26.226441264152527
stim_106_harmonic.wav,64.9999988079071,30.0,41.86577707529068,26.246833205223083
stim_106_harmonic.wav,80.00000059604645,20.000000596046448,41.78759604692459,26.04507029056549
stim_106_harmonic.wav,5.000000037252903,60.0,41.20970606803894,26.2034672498703
stim_106_harmonic.wav,40.000000298023224,0.0,46.1732143163681,26.55898690223694
stim_106_harmonic.wav,45.0,0.0,41.402626633644104,26.305800676345825
stim_106_harmonic.wav,40.000000298023224,60.0,41.476001143455505,26.191956996917725
stim_106_harmonic.wav,25.000001192092896,60.0,41.78184539079666,26.07070505619049
stim_106_harmonic.wav,25.000001192092896,30.0,42.602762281894684,25.89898645877838
stim_106_harmonic.wav,84.99999761581421,30.0,41.90194129943848,26.1441832780838
stim_106_harmonic.wav,50.00000238418579,49.999998807907104,41.544901728630066,26.34654700756073
stim_106_harmonic.wav,30.00000089406967,49.999998807907104,45.09657561779022,27.953158020973206
stim_106_harmonic.wav,15.000000447034836,60.0,42.76997119188309,26.1650812625885
stim_106_harmonic.wav,0.0,30.0,41.848034262657166,26.29435658454895
stim_106_harmonic.wav,45.0,49.999998807907104,41.91867560148239,26.15781605243683
stim_106_harmonic.wav,20.000000149011612,0.0,42.969927191734314,26.80540680885315
stim_106_harmonic.wav,20.000000149011612,49.999998807907104,42.623206079006195,25.80761432647705
stim_106_harmonic.wav,35.00000059604645,30.0,41.6828852891922,26.2579607963562
stim_106_harmonic.wav,54.99999940395355,30.0,41.929104030132294,26.18272840976715
stim_106_harmonic.wav,40.000000298023224,60.0,41.88531160354614,26.156081557273865
stim_106_harmonic.wav,20.000000149011612,20.000000596046448,41.950398087501526,27.421975135803223
stim_106_harmonic.wav,35.00000059604645,60.0,41.806824803352356,26.276514530181885
stim_106_harmonic.wav,84.99999761581421,20.000000596046448,50.83415865898132,25.380231142044067
stim_106_harmonic.wav,90.0,10.000000298023224,41.61064803600311,26.193344593048096
stim_106_harmonic.wav,64.9999988079071,30.0,47.089762687683105,26.607567071914673
stim_106_harmonic.wav,40.000000298023224,10.000000298023224,41.93330705165863,26.2874972820282
stim_106_harmonic.wav,45.0,60.0,44.62650239467621,29.3494713306427
stim_106_harmonic.wav,90.0,40.000001192092896,48.89036178588867,26.05137348175049
stim_106_harmonic.wav,90.0,10.000000298023224,44.1094046831131,26.973361372947693
stim_106_harmonic.wav,74.99999821186066,60.0,42.132587134838104,26.34798288345337
stim_106_harmonic.wav,40.000000298023224,10.000000298023224,46.28266990184784,27.24663734436035
stim_106_harmonic.wav,35.00000059604645,49.999998807907104,46.23918056488037,27.417624592781067
stim_106_harmonic.wav,5.000000037252903,30.0,43.15606713294983,25.433462262153625
stim_106_harmonic.wav,45.0,10.000000298023224,44.07453328371048,26.002315878868103
stim_106_harmonic.wav,50.00000238418579,60.0,42.036840319633484,26.081398129463196
stim_106_harmonic.wav,35.00000059604645,10.000000298023224,37.08934485912323,27.804320454597473
stim_106_harmonic.wav,35.00000059604645,40.000001192092896,41.57569080591202,26.14927053451538
stim_106_harmonic.wav,40.000000298023224,49.999998807907104,50.41327714920044,27.10985004901886
stim_106_harmonic.wav,54.99999940395355,30.0,43.82937401533127,26.54264509677887
stim_106_harmonic.wav,80.00000059604645,49.999998807907104,41.711812913417816,26.24024748802185
stim_106_harmonic.wav,50.00000238418579,49.999998807907104,41.42129749059677,26.33931577205658
stim_106_harmonic.wav,20.000000149011612,40.000001192092896,41.72907292842865,27.729665637016296
stim_106_harmonic.wav,10.000000074505806,0.0,43.88478845357895,28.207579851150513
stim_106_harmonic.wav,40.000000298023224,60.0,42.27009057998657,28.213670253753662
stim_106_harmonic.wav,74.99999821186066,49.999998807907104,41.29730701446533,26.198279857635498
stim_106_harmonic.wav,90.0,10.000000298023224,46.67522192001343,25.378240942955017
stim_106_harmonic.wav,60.00000178813934,0.0,44.512766003608704,25.783241987228394
stim_106_harmonic.wav,10.000000074505806,30.0,41.86468005180359,26.08459174633026
stim_106_harmonic.wav,54.99999940395355,0.0,41.82411164045334,26.140024065971375
stim_106_harmonic.wav,90.0,49.999998807907104,42.39921748638153,26.054095029830933
stim_106_harmonic.wav,25.000001192092896,60.0,42.92659878730774,28.076182007789612
stim_106_harmonic.wav,50.00000238418579,20.000000596046448,42.60721206665039,26.28765106201172
stim_106_harmonic.wav,60.00000178813934,49.999998807907104,42.684634029865265,26.08160376548767
stim_106_harmonic.wav,80.00000059604645,20.000000596046448,42.265426218509674,25.693963766098022
stim_106_harmonic.wav,10.000000074505806,40.000001192092896,44.01870310306549,27.356463074684143
stim_56_harmonic.wav,64.9999988079071,20.000000596046448,49.28510785102844,28.286633491516113
stim_56_harmonic.wav,30.00000089406967,49.999998807907104,41.79424524307251,26.24429941177368
stim_56_harmonic.wav,84.99999761581421,20.000000596046448,60.500115752220154,19.525104761123657
stim_56_harmonic.wav,60.00000178813934,20.000000596046448,49.8168021440506,27.330663800239563
stim_56_harmonic.wav,64.9999988079071,60.0,36.846014857292175,31.191376447677612
stim_56_harmonic.wav,60.00000178813934,20.000000596046448,57.47748613357544,19.470723867416382
stim_56_harmonic.wav,60.00000178813934,49.999998807907104,56.29070520401001,27.276172041893005
stim_56_harmonic.wav,60.00000178813934,20.000000596046448,57.332260608673096,28.916298151016235
stim_56_harmonic.wav,80.00000059604645,20.000000596046448,66.96653008460999,21.163437366485596
stim_56_harmonic.wav,70.0000011920929,30.0,65.372793674469,20.826040506362915
stim_56_harmonic.wav,35.00000059604645,49.999998807907104,40.06105810403824,48.98774027824402
stim_56_harmonic.wav,70.0000011920929,0.0,60.77594876289368,21.966487169265747
stim_56_harmonic.wav,50.00000238418579,10.000000298023224,46.07485771179199,20.782989263534546
stim_56_harmonic.wav,20.000000149011612,40.000001192092896,24.494960010051727,49.85739469528198
stim_56_harmonic.wav,80.00000059604645,49.999998807907104,61.70744776725769,26.935465335845947
stim_56_harmonic.wav,74.99999821186066,40.000001192092896,57.440396547317505,27.57600724697113
stim_56_harmonic.wav,50.00000238418579,0.0,49.98229444026947,30.53313374519348
stim_56_harmonic.wav,35.00000059604645,60.0,36.470510959625244,45.9201979637146
stim_56_harmonic.wav,70.0000011920929,0.0,30.789055824279785,26.801787614822388
stim_56_harmonic.wav,74.99999821186066,20.000000596046448,54.18152332305908,24.433919191360474
stim_56_harmonic.wav,90.0,30.0,45.77803373336792,24.4123774766922
stim_56_harmonic.wav,64.9999988079071,10.000000298023224,51.38813138008118,22.40273416042328
stim_56_harmonic.wav,70.0000011920929,20.000000596046448,59.73140001296997,17.51400053501129
stim_56_harmonic.wav,10.000000074505806,60.0,26.70676052570343,29.269062280654907
stim_56_harmonic.wav,35.00000059604645,20.000000596046448,37.34188824892044,26.301698684692383
stim_56_harmonic.wav,50.00000238418579,60.0,38.46017360687256,31.14861488342285
stim_56_harmonic.wav,70.0000011920929,60.0,41.53962045907974,26.58229172229767
stim_56_harmonic.wav,35.00000059604645,30.0,59.34734523296356,35.93698740005493
stim_56_harmonic.wav,60.00000178813934,40.000001192092896,48.77398610115051,32.36021161079407
stim_56_harmonic.wav,25.000001192092896,0.0,38.98130804300308,41.48054838180542
stim_56_harmonic.wav,60.00000178813934,49.999998807907104,52.049092054367065,25.635820627212524
stim_56_harmonic.wav,74.99999821186066,40.000001192092896,60.13499736785889,27.65361785888672
stim_56_harmonic.wav,80.00000059604645,40.000001192092896,57.2329705953598,23.975531458854675
stim_56_harmonic.wav,64.9999988079071,10.000000298023224,46.67542040348053,26.456140279769897
stim_56_harmonic.wav,15.000000447034836,0.0,24.528788030147552,28.59859049320221
stim_56_harmonic.wav,50.00000238418579,20.000000596046448,45.27294158935547,20.064786672592163
stim_56_harmonic.wav,60.00000178813934,10.000000298023224,41.24778002500534,30.2922785282135
stim_56_harmonic.wav,40.000000298023224,20.000000596046448,43.655695617198944,26.01540505886078
stim_56_harmonic.wav,35.00000059604645,20.000000596046448,39.755243360996246,32.31333374977112
stim_56_harmonic.wav,15.000000447034836,20.000000596046448,30.075499713420868,29.557753801345825
stim_56_harmonic.wav,20.000000149011612,30.0,35.410303473472595,28.37147891521454
stim_56_harmonic.wav,45.0,40.000001192092896,51.48248076438904,31.015384197235107
stim_56_harmonic.wav,84.99999761581421,10.000000298023224,37.2964408993721,30.768206119537354
stim_56_harmonic.wav,20.000000149011612,30.0,27.136469185352325,34.56810235977173
stim_56_harmonic.wav,30.00000089406967,0.0,52.07487881183624,34.931684732437134
stim_56_harmonic.wav,10.000000074505806,30.0,43.040960133075714,39.429824352264404
stim_56_harmonic.wav,10.000000074505806,40.000001192092896,15.227935910224915,38.67231845855713
stim_56_harmonic.wav,50.00000238418579,49.999998807907104,40.296845734119415,27.680945992469788
stim_56_harmonic.wav,0.0,10.000000298023224,45.08187711238861,26.933457255363464
stim_56_harmonic.wav,0.0,30.0,46.35306179523468,24.600831270217896
stim_56_harmonic.wav,30.00000089406967,10.000000298023224,53.333784341812134,30.463385581970215
stim_56_harmonic.wav,35.00000059604645,60.0,30.34145951271057,43.869123458862305
stim_56_harmonic.wav,5.000000037252903,0.0,38.643430173397064,28.069211840629578
stim_56_harmonic.wav,80.00000059604645,49.999998807907104,53.99335026741028,21.619611382484436
stim_56_harmonic.wav,60.00000178813934,49.999998807907104,41.40866965055466,28.083656430244446
stim_56_harmonic.wav,70.0000011920929,40.000001192092896,62.85808324813843,24.60692524909973
stim_56_harmonic.wav,60.00000178813934,40.000001192092896,45.7468718290329,19.533544778823853
stim_56_harmonic.wav,90.0,40.000001192092896,61.36569678783417,23.49428415298462
stim_56_harmonic.wav,50.00000238418579,20.000000596046448,52.14508295059204,23.744570016860962
stim_56_harmonic.wav,5.000000037252903,30.0,15.764608383178711,22.791232466697693
stim_56_harmonic.wav,40.000000298023224,30.0,49.07127141952515,34.102009534835815
stim_56_harmonic.wav,84.99999761581421,20.000000596046448,61.0125732421875,24.27553653717041
stim_56_harmonic.wav,20.000000149011612,49.999998807907104,25.42427569627762,30.61898946762085
stim_56_harmonic.wav,35.00000059604645,30.0,49.2968612909317,30.38298726081848
stim_56_harmonic.wav,40.000000298023224,49.999998807907104,45.49685776233673,36.147615909576416
stim_56_harmonic.wav,10.000000074505806,0.0,20.824178606271744,25.368200540542603
stim_56_harmonic.wav,70.0000011920929,10.000000298023224,56.891058683395386,20.275413393974304
stim_56_harmonic.wav,90.0,20.000000596046448,42.6468363404274,26.804521679878235
stim_56_harmonic.wav,70.0000011920929,60.0,45.11990547180176,32.92691230773926
stim_56_harmonic.wav,25.000001192092896,0.0,31.905477046966553,17.044605016708374
stim_56_harmonic.wav,80.00000059604645,60.0,48.86373281478882,29.684407711029053
stim_56_harmonic.wav,74.99999821186066,49.999998807907104,62.50663876533508,31.468173265457153
stim_56_harmonic.wav,70.0000011920929,20.000000596046448,51.93564534187317,27.274839878082275
stim_56_harmonic.wav,74.99999821186066,49.999998807907104,55.074865221977234,20.39373815059662
stim_56_harmonic.wav,80.00000059604645,10.000000298023224,40.52459478378296,27.469823956489563
stim_56_harmonic.wav,10.000000074505806,49.999998807907104,14.477083683013916,32.11614489555359
stim_56_harmonic.wav,5.000000037252903,40.000001192092896,25.87754487991333,33.30780744552612
stim_56_harmonic.wav,5.000000037252903,60.0,54.903085827827454,26.30388379096985
stim_56_harmonic.wav,25.000001192092896,60.0,42.438417971134186,49.31577801704407
stim_56_harmonic.wav,30.00000089406967,49.999998807907104,32.76628375053406,30.12266993522644
stim_56_harmonic.wav,64.9999988079071,60.0,55.90770184993744,43.68549585342407
stim_56_harmonic.wav,25.000001192092896,0.0,38.84262979030609,20.954872369766235
stim_56_harmonic.wav,70.0000011920929,10.000000298023224,51.24798595905304,24.4802463054657
stim_56_harmonic.wav,80.00000059604645,40.000001192092896,43.441073298454285,20.201388001441956
stim_56_harmonic.wav,64.9999988079071,20.000000596046448,68.34833979606628,25.137704014778137
stim_56_harmonic.wav,60.00000178813934,49.999998807907104,61.072638630867004,39.95086312294006
stim_56_harmonic.wav,0.0,49.999998807907104,9.788185358047485,34.653918743133545
stim_56_harmonic.wav,0.0,60.0,32.83234655857086,29.826709628105164
stim_56_harmonic.wav,70.0000011920929,20.000000596046448,67.33829498291016,23.239635229110718
stim_56_harmonic.wav,64.9999988079071,30.0,68.45864832401276,22.551972270011902
stim_56_harmonic.wav,54.99999940395355,49.999998807907104,54.309282302856445,29.82211947441101
stim_56_harmonic.wav,20.000000149011612,30.0,27.487369179725647,30.270978212356567
stim_56_harmonic.wav,54.99999940395355,40.000001192092896,43.78169238567352,27.780733108520508
stim_56_harmonic.wav,80.00000059604645,10.000000298023224,57.57341802120209,19.91032361984253
stim_56_harmonic.wav,80.00000059604645,30.0,43.50315302610397,25.300934314727783
stim_56_harmonic.wav,54.99999940395355,30.0,56.62028431892395,22.428592443466187
stim_56_harmonic.wav,5.000000037252903,49.999998807907104,17.575491070747375,42.57251501083374
stim_56_harmonic.wav,80.00000059604645,30.0,78.14254403114319,26.57144844532013
stim_56_harmonic.wav,64.9999988079071,40.000001192092896,62.992204427719116,40.58338522911072
stim_56_harmonic.wav,64.9999988079071,60.0,49.58025276660919,50.04286766052246
stim_56_harmonic.wav,54.99999940395355,10.000000298023224,63.9559006690979,22.235464453697205
stim_56_harmonic.wav,30.00000089406967,49.999998807907104,30.715523064136505,32.32308626174927
stim_56_harmonic.wav,30.00000089406967,0.0,38.25456619262695,25.094191431999207
stim_56_harmonic.wav,84.99999761581421,0.0,60.85445702075958,22.404123544692993
stim_56_harmonic.wav,74.99999821186066,0.0,58.0562961101532,16.992257237434387
stim_56_harmonic.wav,74.99999821186066,40.000001192092896,39.7385036945343,27.096903920173645
stim_56_harmonic.wav,60.00000178813934,20.000000596046448,59.15918827056885,22.686020135879517
stim_56_harmonic.wav,35.00000059604645,10.000000298023224,38.79782885313034,24.50543761253357
stim_56_harmonic.wav,25.000001192092896,10.000000298023224,28.75617742538452,30.80037832260132
stim_56_harmonic.wav,80.00000059604645,40.000001192092896,40.686514377593994,25.391085147857666
stim_56_harmonic.wav,45.0,10.000000298023224,41.69443219900131,26.274388432502747
stim_56_harmonic.wav,5.000000037252903,20.000000596046448,39.507112205028534,24.290254712104797
stim_56_harmonic.wav,0.0,0.0,45.97054123878479,29.675111174583435
stim_56_harmonic.wav,50.00000238418579,20.000000596046448,46.93111538887024,20.502995252609253
stim_56_harmonic.wav,64.9999988079071,49.999998807907104,50.96788287162781,28.361202478408813
stim_56_harmonic.wav,84.99999761581421,49.999998807907104,56.10971510410309,22.78907060623169
stim_56_harmonic.wav,50.00000238418579,49.999998807907104,47.55287289619446,22.787262797355652
stim_56_harmonic.wav,45.0,0.0,53.56710433959961,42.04049348831177
stim_56_harmonic.wav,64.9999988079071,60.0,45.35531759262085,42.460713386535645
stim_56_harmonic.wav,50.00000238418579,60.0,31.540307700634003,33.71678352355957
stim_56_harmonic.wav,40.000000298023224,40.000001192092896,33.60643744468689,33.294711112976074
stim_56_harmonic.wav,30.00000089406967,0.0,61.2226277589798,43.29928994178772
stim_56_harmonic.wav,15.000000447034836,30.0,44.67959940433502,24.859744906425476
stim_56_harmonic.wav,60.00000178813934,30.0,49.900760650634766,28.625192642211914
stim_56_harmonic.wav,90.0,30.0,67.67360329627991,21.109238862991333
stim_56_harmonic.wav,74.99999821186066,40.000001192092896,60.04524528980255,24.661436676979065
stim_56_harmonic.wav,64.9999988079071,40.000001192092896,55.050891637802124,23.829785585403442
stim_56_harmonic.wav,60.00000178813934,0.0,48.772923946380615,27.98119068145752
stim_56_harmonic.wav,54.99999940395355,0.0,40.277740359306335,27.100646495819092
stim_102_harmonic.wav,40.000000298023224,10.000000298023224,41.21996819972992,26.320770978927612
stim_102_harmonic.wav,45.0,49.999998807907104,41.813490092754364,29.415196180343628
stim_102_harmonic.wav,60.00000178813934,20.000000596046448,41.10121339559555,26.32659673690796
stim_102_harmonic.wav,30.00000089406967,40.000001192092896,41.490474343299866,26.273467540740967
stim_102_harmonic.wav,54.99999940395355,10.000000298023224,41.03002220392227,26.460857391357422
stim_102_harmonic.wav,25.000001192092896,60.0,41.511443853378296,28.998606204986572
stim_102_harmonic.wav,5.000000037252903,20.000000596046448,42.9437381029129,26.266086101531982
stim_102_harmonic.wav,70.0000011920929,20.000000596046448,41.109192967414856,26.318503618240356
stim_102_harmonic.wav,74.99999821186066,30.0,41.266120970249176,26.282211542129517
stim_102_harmonic.wav,0.0,10.000000298023224,41.38894736766815,26.346364617347717
stim_102_harmonic.wav,50.00000238418579,49.999998807907104,48.72992813587189,30.125702619552612
stim_102_harmonic.wav,80.00000059604645,40.000001192092896,41.85424625873566,26.42449200153351
stim_102_harmonic.wav,40.000000298023224,20.000000596046448,42.44015872478485,25.87157964706421
stim_102_harmonic.wav,15.000000447034836,10.000000298023224,41.354252994060516,26.226203441619873
stim_102_harmonic.wav,0.0,49.999998807907104,39.8920413851738,26.683536171913147
stim_102_harmonic.wav,20.000000149011612,49.999998807907104,41.00451171398163,26.475979685783386
stim_102_harmonic.wav,20.000000149011612,60.0,41.20474398136139,26.414803862571716
stim_102_harmonic.wav,45.0,40.000001192092896,41.07322454452515,26.438688039779663
stim_102_harmonic.wav,50.00000238418579,49.999998807907104,41.44497603178024,26.432998180389404
stim_102_harmonic.wav,60.00000178813934,30.0,41.61456137895584,26.232283115386963
stim_102_harmonic.wav,60.00000178813934,49.999998807907104,41.7395094037056,26.29509150981903
stim_102_harmonic.wav,25.000001192092896,10.000000298023224,41.721592247486115,26.29991054534912
stim_102_harmonic.wav,74.99999821186066,10.000000298023224,40.752904415130615,26.28275156021118
stim_102_harmonic.wav,15.000000447034836,20.000000596046448,40.73111951351166,26.58579111099243
stim_102_harmonic.wav,25.000001192092896,40.000001192092896,41.183466017246246,26.328463554382324
stim_102_harmonic.wav,20.000000149011612,30.0,44.1246235370636,34.03181076049805
stim_102_harmonic.wav,10.000000074505806,49.999998807907104,41.00438833236694,26.47053301334381
stim_102_harmonic.wav,60.00000178813934,10.000000298023224,41.7426797747612,26.145529747009277
stim_102_harmonic.wav,70.0000011920929,40.000001192092896,40.9296190738678,26.267886757850647
stim_102_harmonic.wav,70.0000011920929,20.000000596046448,41.444018483161926,26.287693977355957
stim_102_harmonic.wav,80.00000059604645,40.000001192092896,40.78670024871826,26.21849298477173
stim_102_harmonic.wav,74.99999821186066,30.0,40.991395711898804,26.384021043777466
stim_102_harmonic.wav,54.99999940395355,0.0,40.854911506175995,26.274670958518982
stim_102_harmonic.wav,45.0,0.0,49.15377616882324,23.785786628723145
stim_102_harmonic.wav,45.0,49.999998807907104,43.815118074417114,32.62355089187622
stim_102_harmonic.wav,60.00000178813934,30.0,41.33545070886612,25.341739654541016
stim_102_harmonic.wav,25.000001192092896,10.000000298023224,41.57421559095383,26.34309232234955
stim_102_harmonic.wav,5.000000037252903,20.000000596046448,39.755428433418274,26.448281407356262
stim_102_harmonic.wav,84.99999761581421,49.999998807907104,40.8100301027298,26.4167457818985
stim_102_harmonic.wav,84.99999761581421,49.999998807907104,42.949944734573364,26.71901285648346
stim_102_harmonic.wav,64.9999988079071,0.0,41.47020220756531,26.31768822669983
stim_102_harmonic.wav,40.000000298023224,0.0,46.02598786354065,23.946701288223267
stim_102_harmonic.wav,84.99999761581421,40.000001192092896,41.09367907047272,26.400713324546814
stim_102_harmonic.wav,84.99999761581421,49.999998807907104,43.32185447216034,25.778281688690186
stim_102_harmonic.wav,54.99999940395355,0.0,41.26112401485443,26.30931794643402
stim_102_harmonic.wav,40.000000298023224,10.000000298023224,48.30072641372681,23.147640824317932
stim_102_harmonic.wav,40.000000298023224,60.0,41.579247415065765,26.38369381427765
stim_102_harmonic.wav,74.99999821186066,49.999998807907104,41.38170272111893,26.287677884101868
stim_102_harmonic.wav,40.000000298023224,30.0,43.07695537805557,25.107337832450867
stim_102_harmonic.wav,40.000000298023224,49.999998807907104,48.07764172554016,35.540910959243774
stim_102_harmonic.wav,35.00000059604645,0.0,43.71859610080719,30.200282335281372
stim_102_harmonic.wav,45.0,60.0,43.57866257429123,26.996430158615112
stim_102_harmonic.wav,54.99999940395355,60.0,41.91872924566269,26.352607011795044
stim_102_harmonic.wav,40.000000298023224,49.999998807907104,42.27889895439148,37.61449456214905
stim_102_harmonic.wav,30.00000089406967,40.000001192092896,43.48947376012802,31.810312271118164
stim_102_harmonic.wav,40.000000298023224,49.999998807907104,40.951814353466034,26.414925456047058
stim_102_harmonic.wav,80.00000059604645,20.000000596046448,41.93317025899887,26.41515076160431
stim_102_harmonic.wav,80.00000059604645,40.000001192092896,41.329708099365234,26.311147212982178
stim_102_harmonic.wav,20.000000149011612,60.0,41.30019575357437,26.496368050575256
stim_102_harmonic.wav,45.0,60.0,41.63626849651337,26.274969577789307
stim_102_harmonic.wav,84.99999761581421,20.000000596046448,41.298707127571106,26.427147388458252
stim_102_harmonic.wav,15.000000447034836,30.0,40.93131959438324,26.623193621635437
stim_102_harmonic.wav,80.00000059604645,0.0,47.556188106536865,20.011873841285706
stim_102_harmonic.wav,35.00000059604645,49.999998807907104,41.75612032413483,26.516427397727966
stim_102_harmonic.wav,5.000000037252903,20.000000596046448,34.80692446231842,26.690887212753296
stim_102_harmonic.wav,80.00000059604645,60.0,41.04047477245331,26.608241200447083
stim_102_harmonic.wav,90.0,49.999998807907104,42.95626938343048,25.37920653820038
stim_102_harmonic.wav,60.00000178813934,0.0,41.44283831119537,26.387924551963806
stim_102_harmonic.wav,25.000001192092896,20.000000596046448,41.6197595000267,26.504162549972534
stim_102_harmonic.wav,5.000000037252903,0.0,37.96171188354492,26.487720608711243
stim_102_harmonic.wav,84.99999761581421,20.000000596046448,47.61849045753479,28.360015153884888
stim_102_harmonic.wav,35.00000059604645,0.0,41.18941515684128,26.405755877494812
stim_102_harmonic.wav,5.000000037252903,60.0,41.28912627696991,26.361719369888306
stim_102_harmonic.wav,25.000001192092896,40.000001192092896,42.793588042259216,25.532673597335815
stim_102_harmonic.wav,64.9999988079071,20.000000596046448,41.16719841957092,26.3589870929718
stim_102_harmonic.wav,25.000001192092896,49.999998807907104,43.63896667957306,27.27012276649475
stim_102_harmonic.wav,40.000000298023224,30.0,40.79713135957718,26.307846307754517
stim_102_harmonic.wav,80.00000059604645,0.0,40.83198934793472,26.319408416748047
stim_102_harmonic.wav,0.0,49.999998807907104,39.95706617832184,25.773995518684387
stim_102_harmonic.wav,20.000000149011612,0.0,43.65639567375183,25.22531747817993
stim_102_harmonic.wav,60.00000178813934,60.0,41.98404103517532,25.732482075691223
stim_102_harmonic.wav,54.99999940395355,30.0,41.311375200748444,26.370327472686768
stim_102_harmonic.wav,30.00000089406967,10.000000298023224,41.53510898351669,26.218775510787964
stim_102_harmonic.wav,84.99999761581421,20.000000596046448,46.665823459625244,34.92443919181824
stim_102_harmonic.wav,25.000001192092896,40.000001192092896,45.17576515674591,27.122148871421814
stim_102_harmonic.wav,5.000000037252903,0.0,36.50022178888321,25.46128749847412
stim_102_harmonic.wav,60.00000178813934,30.0,42.32446163892746,28.000634908676147
stim_102_harmonic.wav,5.000000037252903,60.0,38.883595168590546,26.701911091804504
stim_102_harmonic.wav,90.0,20.000000596046448,41.435427367687225,26.524474024772644
stim_102_harmonic.wav,64.9999988079071,30.0,40.994482934474945,26.486263275146484
stim_102_harmonic.wav,30.00000089406967,49.999998807907104,41.33239030838013,26.32207989692688
stim_102_harmonic.wav,15.000000447034836,40.000001192092896,41.437581181526184,26.335793137550354
stim_102_harmonic.wav,54.99999940395355,0.0,41.12113684415817,26.279032230377197
stim_102_harmonic.wav,70.0000011920929,30.0,41.05713129043579,26.369179487228394
stim_102_harmonic.wav,25.000001192092896,10.000000298023224,44.18950080871582,27.225022315979004
stim_102_harmonic.wav,80.00000059604645,40.000001192092896,39.80677664279938,29.808810353279114
stim_102_harmonic.wav,74.99999821186066,40.000001192092896,41.02063715457916,26.392183899879456
stim_102_harmonic.wav,50.00000238418579,40.000001192092896,40.826683938503265,26.261032819747925
stim_102_harmonic.wav,50.00000238418579,49.999998807907104,40.727407336235046,26.556463837623596
stim_102_harmonic.wav,30.00000089406967,10.000000298023224,39.495857656002045,31.087857484817505
stim_102_harmonic.wav,20.000000149011612,49.999998807907104,42.428971230983734,26.020122170448303
stim_102_harmonic.wav,64.9999988079071,10.000000298023224,39.83938694000244,24.582372307777405
stim_102_harmonic.wav,74.99999821186066,40.000001192092896,41.7600417137146,28.602392077445984
stim_102_harmonic.wav,25.000001192092896,30.0,43.40006500482559,25.059619545936584
stim_102_harmonic.wav,45.0,20.000000596046448,50.457319021224976,21.993688344955444
stim_102_harmonic.wav,45.0,30.0,43.10577571392059,25.093170404434204
stim_102_harmonic.wav,84.99999761581421,20.000000596046448,41.978258192539215,26.08201503753662
stim_102_harmonic.wav,45.0,20.000000596046448,41.06007903814316,26.236233115196228
stim_102_harmonic.wav,50.00000238418579,40.000001192092896,41.340074837207794,26.405916810035706
stim_102_harmonic.wav,80.00000059604645,20.000000596046448,41.145298182964325,29.153568148612976
stim_102_harmonic.wav,60.00000178813934,0.0,41.6186249256134,26.297035217285156
stim_102_harmonic.wav,40.000000298023224,0.0,43.79994481801987,23.824655413627625
stim_102_harmonic.wav,10.000000074505806,20.000000596046448,41.39911025762558,26.30993664264679
stim_102_harmonic.wav,15.000000447034836,30.0,40.78245162963867,26.41947627067566
stim_102_harmonic.wav,84.99999761581421,20.000000596046448,46.59243822097778,30.237107276916504
stim_102_harmonic.wav,25.000001192092896,0.0,41.46593749523163,26.481674909591675
stim_102_harmonic.wav,50.00000238418579,60.0,43.740088641643524,29.075140357017517
stim_102_harmonic.wav,0.0,60.0,40.331405997276306,26.058908700942993
stim_102_harmonic.wav,15.000000447034836,0.0,41.33138179779053,26.20992600917816
stim_102_harmonic.wav,50.00000238418579,0.0,41.14373177289963,26.22630000114441
stim_102_harmonic.wav,60.00000178813934,40.000001192092896,41.213426291942596,26.39416515827179
stim_102_harmonic.wav,30.00000089406967,40.000001192092896,41.16589218378067,35.152645111083984
stim_102_harmonic.wav,15.000000447034836,49.999998807907104,41.00537806749344,26.43962323665619
stim_102_harmonic.wav,25.000001192092896,49.999998807907104,42.099968791007996,26.12758755683899
stim_102_harmonic.wav,5.000000037252903,60.0,38.35333049297333,26.78769886493683
stim_98_harmonic.wav,30.00000089406967,20.000000596046448,41.23722285032272,26.1481511592865
stim_98_harmonic.wav,80.00000059604645,40.000001192092896,41.49305462837219,26.42121970653534
stim_98_harmonic.wav,45.0,0.0,44.402650594711304,19.9289470911026
stim_98_harmonic.wav,20.000000149011612,49.999998807907104,41.83501750230789,26.409375071525574
stim_98_harmonic.wav,5.000000037252903,49.999998807907104,40.87707459926605,26.23436987400055
stim_98_harmonic.wav,10.000000074505806,10.000000298023224,41.157665848731995,26.396613121032715
stim_98_harmonic.wav,15.000000447034836,49.999998807907104,41.35720878839493,26.42333149909973
stim_98_harmonic.wav,50.00000238418579,20.000000596046448,50.549726486206055,21.394885182380676
stim_98_harmonic.wav,30.00000089406967,60.0,41.08491629362106,26.500872373580933
stim_98_harmonic.wav,0.0,60.0,42.57800817489624,26.688950657844543
stim_98_harmonic.wav,20.000000149011612,0.0,41.24777466058731,26.28949999809265
stim_98_harmonic.wav,80.00000059604645,30.0,43.023356795310974,27.187079787254333
stim_98_harmonic.wav,40.000000298023224,60.0,41.969876289367676,25.9425687789917
stim_98_harmonic.wav,15.000000447034836,49.999998807907104,40.841540694236755,26.30378007888794
stim_98_harmonic.wav,5.000000037252903,30.0,24.99186873435974,29.697622060775757
stim_98_harmonic.wav,45.0,49.999998807907104,41.52120441198349,26.22253954410553
stim_98_harmonic.wav,54.99999940395355,49.999998807907104,41.815611720085144,26.208456158638
stim_98_harmonic.wav,64.9999988079071,20.000000596046448,41.88436210155487,26.095048785209656
stim_98_harmonic.wav,20.000000149011612,30.0,41.60106718540192,26.188239455223083
stim_98_harmonic.wav,10.000000074505806,10.000000298023224,30.648486614227295,26.636804938316345
stim_98_harmonic.wav,70.0000011920929,0.0,41.885877549648285,26.20244264602661
stim_98_harmonic.wav,40.000000298023224,0.0,41.74050718545914,26.1276376247406
stim_98_harmonic.wav,15.000000447034836,30.0,41.709487438201904,26.207565665245056
stim_98_harmonic.wav,50.00000238418579,0.0,46.97908401489258,21.025133728981018
stim_98_harmonic.wav,70.0000011920929,0.0,41.916089951992035,26.352104544639587
stim_98_harmonic.wav,45.0,60.0,41.642960608005524,26.176836490631104
stim_98_harmonic.wav,45.0,60.0,43.534188866615295,29.70773220062256
stim_98_harmonic.wav,15.000000447034836,10.000000298023224,43.45203548669815,27.3500919342041
stim_98_harmonic.wav,25.000001192092896,49.999998807907104,39.946165680885315,31.56254768371582
stim_98_harmonic.wav,35.00000059604645,30.0,41.92638695240021,25.88888704776764
stim_98_harmonic.wav,5.000000037252903,40.000001192092896,40.118548572063446,26.534940004348755
stim_98_harmonic.wav,0.0,0.0,28.369397521018982,29.88166093826294
stim_98_harmonic.wav,80.00000059604645,0.0,54.12397384643555,18.780137300491333
stim_98_harmonic.wav,30.00000089406967,0.0,42.17105805873871,25.921189785003662
stim_98_harmonic.wav,25.000001192092896,49.999998807907104,41.428853273391724,26.351906061172485
stim_98_harmonic.wav,84.99999761581421,60.0,55.96710205078125,18.064087629318237
stim_98_harmonic.wav,54.99999940395355,10.000000298023224,41.076496839523315,26.358742117881775
stim_98_harmonic.wav,30.00000089406967,30.0,53.547502756118774,24.28650140762329
stim_98_harmonic.wav,74.99999821186066,60.0,53.94386351108551,22.261177897453308
stim_98_harmonic.wav,40.000000298023224,30.0,49.13159430027008,26.192108988761902
stim_98_harmonic.wav,40.000000298023224,60.0,41.26150757074356,26.196786761283875
stim_98_harmonic.wav,0.0,60.0,42.045058608055115,27.14043617248535
stim_98_harmonic.wav,35.00000059604645,30.0,54.05091047286987,21.688082814216614
stim_98_harmonic.wav,90.0,30.0,41.24087333679199,26.40376925468445
stim_98_harmonic.wav,5.000000037252903,20.000000596046448,24.322276711463928,30.988529920578003
stim_98_harmonic.wav,0.0,30.0,27.950651049613953,28.10132324695587
stim_98_harmonic.wav,40.000000298023224,10.000000298023224,42.37880319356918,26.60168945789337
stim_98_harmonic.wav,54.99999940395355,40.000001192092896,41.606072187423706,26.245914101600647
stim_98_harmonic.wav,64.9999988079071,40.000001192092896,41.41567826271057,26.34790599346161
stim_98_harmonic.wav,45.0,20.000000596046448,41.401749551296234,26.35727047920227
stim_98_harmonic.wav,0.0,0.0,39.54758673906326,26.667795181274414
stim_98_harmonic.wav,0.0,20.000000596046448,40.49378156661987,26.651147603988647
stim_98_harmonic.wav,35.00000059604645,0.0,41.563792526721954,26.341770887374878
stim_98_harmonic.wav,45.0,0.0,46.362213492393494,21.73488736152649
stim_98_harmonic.wav,80.00000059604645,40.000001192092896,41.49641543626785,26.347850561141968
stim_98_harmonic.wav,84.99999761581421,30.0,40.49622505903244,33.807384967803955
stim_98_harmonic.wav,20.000000149011612,30.0,38.57405483722687,28.926236629486084
stim_98_harmonic.wav,30.00000089406967,40.000001192092896,53.575226068496704,17.54621386528015
stim_98_harmonic.wav,74.99999821186066,0.0,42.93126851320267,25.145856142044067
stim_98_harmonic.wav,60.00000178813934,20.000000596046448,51.517741084098816,22.015260457992554
stim_98_harmonic.wav,20.000000149011612,10.000000298023224,47.464773058891296,35.33945560455322
stim_98_harmonic.wav,20.000000149011612,30.0,42.724698185920715,26.742408871650696
stim_98_harmonic.wav,5.000000037252903,0.0,41.810443103313446,26.399542093276978
stim_98_harmonic.wav,30.00000089406967,40.000001192092896,41.84620499610901,26.306192278862
stim_98_harmonic.wav,10.000000074505806,20.000000596046448,41.93615019321442,26.444549560546875
stim_98_harmonic.wav,10.000000074505806,30.0,41.41232818365097,26.596543192863464
stim_98_harmonic.wav,70.0000011920929,10.000000298023224,51.11158490180969,20.749365091323853
stim_98_harmonic.wav,10.000000074505806,0.0,41.31569892168045,26.399865746498108
stim_98_harmonic.wav,0.0,49.999998807907104,40.39104491472244,26.920065879821777
stim_98_harmonic.wav,0.0,40.000001192092896,28.42374712228775,28.246119618415833
stim_98_harmonic.wav,45.0,20.000000596046448,41.67770594358444,26.29791498184204
stim_98_harmonic.wav,40.000000298023224,30.0,42.02926307916641,25.84795832633972
stim_98_harmonic.wav,20.000000149011612,30.0,36.45894259214401,24.187899827957153
stim_98_harmonic.wav,74.99999821186066,20.000000596046448,41.211951076984406,26.2604820728302
stim_98_harmonic.wav,10.000000074505806,0.0,41.22775733470917,26.3237464427948
stim_98_harmonic.wav,10.000000074505806,60.0,26.182286739349365,30.636212825775146
stim_98_harmonic.wav,50.00000238418579,20.000000596046448,42.240082025527954,26.692970395088196
stim_98_harmonic.wav,64.9999988079071,60.0,55.77104866504669,16.178192496299744
stim_98_harmonic.wav,30.00000089406967,30.0,53.42305898666382,24.125150442123413
stim_98_harmonic.wav,30.00000089406967,40.000001192092896,50.7346111536026,20.1592880487442
stim_98_harmonic.wav,60.00000178813934,49.999998807907104,42.376863956451416,25.845746397972107
stim_98_harmonic.wav,20.000000149011612,10.000000298023224,41.76895469427109,26.068416237831116
stim_98_harmonic.wav,25.000001192092896,60.0,43.49396109580994,30.823770761489868
stim_98_harmonic.wav,5.000000037252903,20.000000596046448,41.68375164270401,26.149311661720276
stim_98_harmonic.wav,10.000000074505806,30.0,41.27812922000885,26.328824758529663
stim_98_harmonic.wav,64.9999988079071,60.0,42.147207856178284,26.048821806907654
stim_98_harmonic.wav,84.99999761581421,0.0,40.099569261074066,26.350393295288086
stim_98_harmonic.wav,15.000000447034836,30.0,33.676585257053375,27.346546053886414
stim_98_harmonic.wav,10.000000074505806,30.0,41.42474412918091,26.397880911827087
stim_98_harmonic.wav,15.000000447034836,40.000001192092896,42.58573830127716,26.80040180683136
stim_98_harmonic.wav,60.00000178813934,0.0,49.08782601356506,15.483026504516602
stim_98_harmonic.wav,70.0000011920929,49.999998807907104,46.919742822647095,21.682294607162476
stim_98_harmonic.wav,80.00000059604645,40.000001192092896,51.56760334968567,24.207186698913574
stim_98_harmonic.wav,45.0,30.0,49.293004274368286,21.77530288696289
stim_98_harmonic.wav,15.000000447034836,30.0,41.410828828811646,26.189589500427246
stim_98_harmonic.wav,20.000000149011612,10.000000298023224,41.0543954372406,26.372051239013672
stim_98_harmonic.wav,25.000001192092896,40.000001192092896,41.40253812074661,27.946407794952393
stim_98_harmonic.wav,74.99999821186066,49.999998807907104,47.562217712402344,21.529013514518738
stim_98_harmonic.wav,64.9999988079071,10.000000298023224,52.57589936256409,17.93331027030945
stim_98_harmonic.wav,60.00000178813934,0.0,41.39977812767029,26.13195776939392
stim_98_harmonic.wav,54.99999940395355,49.999998807907104,41.90988063812256,26.165395975112915
stim_98_harmonic.wav,64.9999988079071,10.000000298023224,41.752928495407104,26.241484880447388
stim_98_harmonic.wav,20.000000149011612,30.0,41.34502351284027,26.427356600761414
stim_98_harmonic.wav,54.99999940395355,20.000000596046448,41.32723778486252,26.370686888694763
stim_98_harmonic.wav,84.99999761581421,49.999998807907104,41.60297691822052,26.350568532943726
stim_98_harmonic.wav,15.000000447034836,60.0,41.932097375392914,26.42310619354248
stim_98_harmonic.wav,20.000000149011612,20.000000596046448,41.896348893642426,26.168898940086365
stim_98_harmonic.wav,84.99999761581421,30.0,41.88203662633896,26.689669489860535
stim_98_harmonic.wav,50.00000238418579,0.0,41.92328631877899,26.487772464752197
stim_98_harmonic.wav,0.0,30.0,40.5043226480484,26.41233265399933
stim_98_harmonic.wav,80.00000059604645,60.0,55.71964144706726,16.181398630142212
stim_98_harmonic.wav,45.0,49.999998807907104,54.77759599685669,21.00387454032898
stim_98_harmonic.wav,45.0,60.0,41.1575773358345,26.220592260360718
stim_98_harmonic.wav,15.000000447034836,0.0,41.64542019367218,26.221219897270203
stim_98_harmonic.wav,80.00000059604645,0.0,55.07228493690491,17.22918391227722
stim_98_harmonic.wav,0.0,40.000001192092896,31.435441374778748,27.77614653110504
stim_98_harmonic.wav,25.000001192092896,0.0,41.88354402780533,26.603742241859436
stim_98_harmonic.wav,15.000000447034836,60.0,29.72098410129547,29.574363827705383
stim_98_harmonic.wav,60.00000178813934,10.000000298023224,41.501455307006836,26.398712396621704
stim_98_harmonic.wav,80.00000059604645,40.000001192092896,42.175287902355194,26.312536597251892
stim_98_harmonic.wav,80.00000059604645,49.999998807907104,41.96837157011032,26.332637071609497
stim_98_harmonic.wav,84.99999761581421,30.0,36.170876026153564,30.464959144592285
stim_98_harmonic.wav,54.99999940395355,30.0,41.96971535682678,26.676587462425232
stim_98_harmonic.wav,60.00000178813934,0.0,42.13385045528412,26.0796457529068
stim_98_harmonic.wav,64.9999988079071,40.000001192092896,42.430309653282166,26.128742694854736
stim_98_harmonic.wav,35.00000059604645,10.000000298023224,41.23624384403229,26.339188814163208
stim_98_harmonic.wav,25.000001192092896,60.0,39.846071004867554,27.816612124443054
stim_70_harmonic.wav,25.000001192092896,40.000001192092896,28.918802440166473,42.03603386878967
stim_70_harmonic.wav,30.00000089406967,49.999998807907104,33.65781515836716,51.60585165023804
stim_70_harmonic.wav,10.000000074505806,10.000000298023224,20.757493525743484,30.72682499885559
stim_70_harmonic.wav,45.0,49.999998807907104,45.00420570373535,31.00858211517334
stim_70_harmonic.wav,45.0,49.999998807907104,52.976449728012085,25.63865840435028
stim_70_harmonic.wav,40.000000298023224,30.0,46.90765678882599,9.41770613193512
stim_70_harmonic.wav,25.000001192092896,49.999998807907104,41.864524483680725,27.91186809539795
stim_70_harmonic.wav,30.00000089406967,0.0,47.55515277385712,34.059762954711914
stim_70_harmonic.wav,40.000000298023224,30.0,58.2604444026947,26.70644760131836
stim_70_harmonic.wav,60.00000178813934,20.000000596046448,60.037933588027954,19.122732281684875
stim_70_harmonic.wav,35.00000059604645,60.0,34.00907725095749,40.64168930053711
stim_70_harmonic.wav,30.00000089406967,60.0,25.1778906583786,36.43715143203735
stim_70_harmonic.wav,10.000000074505806,0.0,13.702005743980408,35.588157176971436
stim_70_harmonic.wav,15.000000447034836,20.000000596046448,22.282459437847137,31.224428415298462
stim_70_harmonic.wav,5.000000037252903,0.0,27.72796332836151,29.087727069854736
stim_70_harmonic.wav,64.9999988079071,60.0,45.668309926986694,26.6660338640213
stim_70_harmonic.wav,35.00000059604645,49.999998807907104,39.50743943452835,38.13360929489136
stim_70_harmonic.wav,35.00000059604645,40.000001192092896,47.140198945999146,31.371653079986572
stim_70_harmonic.wav,0.0,40.000001192092896,11.093734502792358,31.11910343170166
stim_70_harmonic.wav,5.000000037252903,40.000001192092896,2.4085137248039246,43.057934045791626
stim_70_harmonic.wav,25.000001192092896,10.000000298023224,33.806304931640625,40.7036018371582
stim_70_harmonic.wav,45.0,20.000000596046448,44.89286720752716,8.39012861251831
stim_70_harmonic.wav,84.99999761581421,60.0,46.078795194625854,30.70183753967285
stim_70_harmonic.wav,74.99999821186066,49.999998807907104,52.23401963710785,26.064407229423523
stim_70_harmonic.wav,15.000000447034836,60.0,7.965428531169891,41.62793040275574
stim_70_harmonic.wav,0.0,10.000000298023224,33.593726456165314,27.726094722747803
stim_70_harmonic.wav,70.0000011920929,49.999998807907104,50.37104845046997,23.48340153694153
stim_70_harmonic.wav,80.00000059604645,30.0,76.250159740448,24.14640784263611
stim_70_harmonic.wav,45.0,60.0,47.508273124694824,27.241392731666565
stim_70_harmonic.wav,35.00000059604645,60.0,46.611852049827576,27.241344451904297
stim_70_harmonic.wav,10.000000074505806,30.0,15.607940554618835,30.250532627105713
stim_70_harmonic.wav,5.000000037252903,20.000000596046448,7.677402198314667,40.61345100402832
stim_70_harmonic.wav,50.00000238418579,40.000001192092896,53.6396849155426,29.000312089920044
stim_70_harmonic.wav,74.99999821186066,60.0,56.33609890937805,34.20483469963074
stim_70_harmonic.wav,54.99999940395355,60.0,46.46316647529602,27.382262349128723
stim_70_harmonic.wav,15.000000447034836,40.000001192092896,15.534571409225464,28.996682167053223
stim_70_harmonic.wav,20.000000149011612,60.0,11.830397844314575,40.54587364196777
stim_70_harmonic.wav,35.00000059604645,30.0,45.94855785369873,34.598400592803955
stim_70_harmonic.wav,80.00000059604645,60.0,45.07219433784485,31.583980321884155
stim_70_harmonic.wav,25.000001192092896,49.999998807907104,39.85299110412598,28.777059316635132
stim_70_harmonic.wav,5.000000037252903,10.000000298023224,28.823302388191223,30.745800733566284
stim_70_harmonic.wav,10.000000074505806,0.0,11.390888392925262,32.94633150100708
stim_70_harmonic.wav,35.00000059604645,40.000001192092896,37.65909969806671,44.958293437957764
stim_70_harmonic.wav,84.99999761581421,60.0,57.48469591140747,45.649659633636475
stim_70_harmonic.wav,60.00000178813934,30.0,47.260329723358154,27.67641842365265
stim_70_harmonic.wav,50.00000238418579,60.0,46.60958290100098,26.366127133369446
stim_70_harmonic.wav,50.00000238418579,30.0,45.52004814147949,18.945761919021606
stim_70_harmonic.wav,64.9999988079071,30.0,48.91080021858215,27.485491633415222
stim_70_harmonic.wav,60.00000178813934,30.0,52.320494055747986,24.53072190284729
stim_70_harmonic.wav,35.00000059604645,10.000000298023224,42.88429498672485,25.825892686843872
stim_70_harmonic.wav,84.99999761581421,40.000001192092896,54.79478359222412,25.125006437301636
stim_70_harmonic.wav,35.00000059604645,10.000000298023224,49.326515793800354,36.636314392089844
stim_70_harmonic.wav,54.99999940395355,0.0,54.85797107219696,6.403487920761108
stim_70_harmonic.wav,30.00000089406967,49.999998807907104,41.4955598115921,28.511070013046265
stim_70_harmonic.wav,0.0,30.0,9.715121984481812,30.680816173553467
stim_70_harmonic.wav,20.000000149011612,60.0,30.714823007583618,36.42009973526001
stim_70_harmonic.wav,90.0,60.0,45.27147173881531,31.096569299697876
stim_70_harmonic.wav,45.0,20.000000596046448,36.924909353256226,28.127508759498596
stim_70_harmonic.wav,35.00000059604645,49.999998807907104,47.37423777580261,34.90739464759827
stim_70_harmonic.wav,0.0,20.000000596046448,29.54569101333618,27.94744849205017
stim_70_harmonic.wav,0.0,60.0,12.836116254329681,35.53292155265808
stim_70_harmonic.wav,80.00000059604645,40.000001192092896,58.61064434051514,30.9566330909729
stim_70_harmonic.wav,10.000000074505806,49.999998807907104,15.02531111240387,37.75284290313721
stim_70_harmonic.wav,50.00000238418579,40.000001192092896,49.57853078842163,32.83409357070923
stim_70_harmonic.wav,45.0,0.0,44.90406006574631,28.04854452610016
stim_70_harmonic.wav,70.0000011920929,49.999998807907104,45.76652705669403,25.910258889198303
stim_70_harmonic.wav,54.99999940395355,20.000000596046448,44.98902440071106,28.70862364768982
stim_70_harmonic.wav,10.000000074505806,60.0,3.1420335173606873,44.11524295806885
stim_70_harmonic.wav,84.99999761581421,20.000000596046448,69.54016327857971,15.866961479187012
stim_70_harmonic.wav,90.0,60.0,59.08778786659241,46.020569801330566
stim_70_harmonic.wav,20.000000149011612,20.000000596046448,31.171766817569733,22.43086874485016
stim_70_harmonic.wav,20.000000149011612,10.000000298023224,44.68883156776428,26.080718636512756
stim_70_harmonic.wav,64.9999988079071,10.000000298023224,46.72302961349487,26.880943179130554
stim_70_harmonic.wav,54.99999940395355,40.000001192092896,45.715752840042114,17.009607553482056
stim_70_harmonic.wav,15.000000447034836,60.0,34.29236680269241,28.61179232597351
stim_70_harmonic.wav,20.000000149011612,49.999998807907104,37.693721652030945,33.0451226234436
stim_70_harmonic.wav,10.000000074505806,49.999998807907104,18.353350460529327,38.29587936401367
stim_70_harmonic.wav,40.000000298023224,20.000000596046448,45.507720708847046,29.59023356437683
stim_70_harmonic.wav,35.00000059604645,10.000000298023224,43.19598376750946,30.757040977478027
stim_70_harmonic.wav,10.000000074505806,40.000001192092896,23.24761211872101,31.49248480796814
stim_70_harmonic.wav,45.0,20.000000596046448,44.5909121632576,7.714349627494812
stim_70_harmonic.wav,84.99999761581421,30.0,48.26660335063934,32.87360072135925
stim_70_harmonic.wav,70.0000011920929,60.0,52.102049589157104,42.08441734313965
stim_70_harmonic.wav,50.00000238418579,60.0,36.79829567670822,46.134077310562134
stim_70_harmonic.wav,45.0,0.0,42.99798846244812,25.132945775985718
stim_70_harmonic.wav,64.9999988079071,10.000000298023224,50.110010504722595,21.870964765548706
stim_70_harmonic.wav,74.99999821186066,40.000001192092896,65.95805704593658,15.876717567443848
stim_70_harmonic.wav,84.99999761581421,49.999998807907104,56.42846345901489,23.535234332084656
stim_70_harmonic.wav,80.00000059604645,40.000001192092896,78.78086686134338,35.672364234924316
stim_70_harmonic.wav,50.00000238418579,40.000001192092896,44.26944673061371,25.291060209274292
stim_70_harmonic.wav,60.00000178813934,40.000001192092896,58.250911831855774,23.291856050491333
stim_70_harmonic.wav,64.9999988079071,0.0,57.80850291252136,28.67116928100586
stim_70_harmonic.wav,80.00000059604645,10.000000298023224,79.28029417991638,3.7720388174057007
stim_70_harmonic.wav,0.0,40.000001192092896,22.318661212921143,32.56587624549866
stim_70_harmonic.wav,30.00000089406967,60.0,42.08613932132721,26.877978444099426
stim_70_harmonic.wav,50.00000238418579,49.999998807907104,44.593492448329926,29.38894271850586
stim_70_harmonic.wav,15.000000447034836,60.0,4.5105502009391785,39.98876094818115
stim_70_harmonic.wav,70.0000011920929,40.000001192092896,51.615121364593506,27.031567096710205
stim_70_harmonic.wav,60.00000178813934,0.0,45.63612878322601,26.09710156917572
stim_70_harmonic.wav,25.000001192092896,0.0,43.74454379081726,29.640512466430664
stim_70_harmonic.wav,25.000001192092896,60.0,41.3146635890007,29.658971428871155
stim_70_harmonic.wav,74.99999821186066,20.000000596046448,50.683536529541016,30.35463809967041
stim_70_harmonic.wav,74.99999821186066,30.0,54.57326531410217,26.392815113067627
stim_70_harmonic.wav,15.000000447034836,60.0,4.49178546667099,44.13569927215576
stim_70_harmonic.wav,30.00000089406967,20.000000596046448,37.309342324733734,29.802258610725403
stim_70_harmonic.wav,15.000000447034836,60.0,30.205836296081543,28.742841482162476
stim_70_harmonic.wav,5.000000037252903,20.000000596046448,25.23156702518463,29.437041878700256
stim_70_harmonic.wav,30.00000089406967,60.0,38.122534453868866,29.26822543144226
stim_70_harmonic.wav,90.0,40.000001192092896,76.49745404720306,40.05797266960144
stim_70_harmonic.wav,64.9999988079071,10.000000298023224,55.375235080718994,22.09687113761902
stim_70_harmonic.wav,25.000001192092896,60.0,27.945986688137054,29.482807517051697
stim_70_harmonic.wav,70.0000011920929,49.999998807907104,46.6947215795517,21.424056887626648
stim_70_harmonic.wav,20.000000149011612,30.0,37.07055598497391,28.870779275894165
stim_70_harmonic.wav,35.00000059604645,10.000000298023224,41.88943952322006,27.494856119155884
stim_70_harmonic.wav,30.00000089406967,60.0,37.324271500110626,25.970622897148132
stim_70_harmonic.wav,84.99999761581421,40.000001192092896,76.67375564575195,38.060063123703
stim_70_harmonic.wav,5.000000037252903,20.000000596046448,33.9968866109848,28.171355724334717
stim_70_harmonic.wav,54.99999940395355,40.000001192092896,47.56103217601776,15.388720035552979
stim_70_harmonic.wav,10.000000074505806,20.000000596046448,6.782032549381256,36.268848180770874
stim_70_harmonic.wav,54.99999940395355,10.000000298023224,69.16357576847076,28.513630628585815
stim_62_harmonic.wav,10.000000074505806,60.0,14.492530524730682,35.67191004753113
stim_62_harmonic.wav,15.000000447034836,10.000000298023224,39.70147579908371,30.477336645126343
stim_62_harmonic.wav,70.0000011920929,30.0,67.0733892917633,28.776168823242188
stim_62_harmonic.wav,0.0,0.0,30.74699342250824,26.0206139087677
stim_62_harmonic.wav,64.9999988079071,60.0,41.09849363565445,20.495892763137817
stim_62_harmonic.wav,90.0,20.000000596046448,42.71466940641403,34.701175689697266
stim_62_harmonic.wav,54.99999940395355,10.000000298023224,54.088214635849,26.32403790950775
stim_62_harmonic.wav,90.0,20.000000596046448,44.21032011508942,29.04403567314148
stim_62_harmonic.wav,80.00000059604645,10.000000298023224,69.12129342556,11.043283939361572
stim_62_harmonic.wav,10.000000074505806,10.000000298023224,14.49509471654892,37.1112585067749
stim_62_harmonic.wav,0.0,20.000000596046448,40.20428270101547,26.588096022605896
stim_62_harmonic.wav,74.99999821186066,49.999998807907104,56.40757977962494,35.76616644859314
stim_62_harmonic.wav,45.0,30.0,49.041836857795715,30.190526247024536
stim_62_harmonic.wav,45.0,49.999998807907104,57.656888365745544,56.80769920349121
stim_62_harmonic.wav,80.00000059604645,30.0,64.90455508232117,28.62003743648529
stim_62_harmonic.wav,84.99999761581421,30.0,75.92094004154205,32.72017478942871
stim_62_harmonic.wav,45.0,60.0,31.740177869796753,46.93139433860779
stim_62_harmonic.wav,35.00000059604645,10.000000298023224,50.02731263637543,33.80075812339783
stim_62_harmonic.wav,40.000000298023224,49.999998807907104,36.93224787712097,23.17052185535431
stim_62_harmonic.wav,84.99999761581421,49.999998807907104,40.08649617433548,27.31212079524994
stim_62_harmonic.wav,70.0000011920929,20.000000596046448,75.13240814208984,40.21879434585571
stim_62_harmonic.wav,84.99999761581421,20.000000596046448,64.70454812049866,28.105632662773132
stim_62_harmonic.wav,30.00000089406967,10.000000298023224,46.4162814617157,29.845107793807983
stim_62_harmonic.wav,30.00000089406967,49.999998807907104,42.99198031425476,34.0858268737793
stim_62_harmonic.wav,74.99999821186066,40.000001192092896,52.814170718193054,35.02359867095947
stim_62_harmonic.wav,54.99999940395355,0.0,52.55177021026611,18.505278825759888
stim_62_harmonic.wav,50.00000238418579,30.0,52.30220675468445,31.188154220581055
stim_62_harmonic.wav,64.9999988079071,0.0,55.19274294376373,18.00923466682434
stim_62_harmonic.wav,64.9999988079071,10.000000298023224,65.5058205127716,17.615561485290527
stim_62_harmonic.wav,30.00000089406967,49.999998807907104,35.07128298282623,27.3978191614151
stim_62_harmonic.wav,20.000000149011612,60.0,15.75599581003189,36.850926876068115
stim_62_harmonic.wav,30.00000089406967,49.999998807907104,31.545073986053467,46.9983172416687
stim_62_harmonic.wav,45.0,10.000000298023224,48.45649838447571,23.155349493026733
stim_62_harmonic.wav,90.0,60.0,61.606189012527466,53.41214418411255
stim_62_harmonic.wav,60.00000178813934,40.000001192092896,53.369994163513184,32.364914417266846
stim_62_harmonic.wav,74.99999821186066,49.999998807907104,42.97256648540497,31.2176513671875
stim_62_harmonic.wav,60.00000178813934,30.0,48.474029302597046,23.92917573451996
stim_62_harmonic.wav,10.000000074505806,20.000000596046448,25.483238697052002,28.231626749038696
stim_62_harmonic.wav,0.0,49.999998807907104,24.34384971857071,34.4319748878479
stim_62_harmonic.wav,10.000000074505806,0.0,19.746355712413788,43.134520053863525
stim_62_harmonic.wav,80.00000059604645,60.0,37.351292073726654,32.79691457748413
stim_62_harmonic.wav,90.0,60.0,41.98982924222946,38.4959077835083
stim_62_harmonic.wav,74.99999821186066,30.0,79.27394270896912,25.791027545928955
stim_62_harmonic.wav,50.00000238418579,40.000001192092896,59.71561789512634,40.80385208129883
stim_62_harmonic.wav,40.000000298023224,40.000001192092896,50.2110493183136,45.00749588012695
stim_62_harmonic.wav,0.0,10.000000298023224,39.858374297618866,38.56297731399536
stim_62_harmonic.wav,35.00000059604645,40.000001192092896,42.79320448637009,25.59440553188324
stim_62_harmonic.wav,74.99999821186066,0.0,42.23754197359085,23.584787249565125
stim_62_harmonic.wav,5.000000037252903,40.000001192092896,22.820035815238953,32.261109352111816
stim_62_harmonic.wav,60.00000178813934,60.0,37.07356005907059,27.36674666404724
stim_62_harmonic.wav,80.00000059604645,30.0,55.44068098068237,28.711461424827576
stim_62_harmonic.wav,30.00000089406967,20.000000596046448,45.79104244709015,37.59935975074768
stim_62_harmonic.wav,80.00000059604645,60.0,42.670758962631226,28.231362104415894
stim_62_harmonic.wav,30.00000089406967,40.000001192092896,48.90459895133972,29.41593825817108
stim_62_harmonic.wav,25.000001192092896,60.0,26.05993241071701,50.482081174850464
stim_62_harmonic.wav,60.00000178813934,60.0,56.15861177444458,48.189990520477295
stim_62_harmonic.wav,64.9999988079071,20.000000596046448,85.35268664360046,36.96434497833252
stim_62_harmonic.wav,35.00000059604645,30.0,52.21333980560303,41.998937129974365
stim_62_harmonic.wav,25.000001192092896,49.999998807907104,33.93501877784729,27.18515932559967
stim_62_harmonic.wav,35.00000059604645,0.0,51.101789474487305,27.032822370529175
stim_62_harmonic.wav,70.0000011920929,20.000000596046448,55.43458700180054,23.155674934387207
stim_62_harmonic.wav,20.000000149011612,0.0,28.3924001455307,37.1724271774292
stim_62_harmonic.wav,0.0,30.0,8.562375605106354,37.72711515426636
stim_62_harmonic.wav,84.99999761581421,49.999998807907104,71.90178394317627,38.5985791683197
stim_62_harmonic.wav,70.0000011920929,30.0,58.124011158943176,18.964542746543884
stim_62_harmonic.wav,84.99999761581421,10.000000298023224,49.82906520366669,23.11771810054779
stim_62_harmonic.wav,74.99999821186066,60.0,60.80710530281067,54.352426528930664
stim_62_harmonic.wav,10.000000074505806,20.000000596046448,19.197381287813187,31.45602822303772
stim_62_harmonic.wav,60.00000178813934,20.000000596046448,48.161176443099976,43.95353078842163
stim_62_harmonic.wav,50.00000238418579,49.999998807907104,59.279361963272095,46.70008420944214
stim_62_harmonic.wav,64.9999988079071,49.999998807907104,32.997801303863525,29.436240792274475
stim_62_harmonic.wav,80.00000059604645,40.000001192092896,72.01682925224304,33.82556676864624
stim_62_harmonic.wav,0.0,40.000001192092896,21.99471205472946,28.24930965900421
stim_62_harmonic.wav,25.000001192092896,0.0,34.084932804107666,34.301934242248535
stim_62_harmonic.wav,45.0,0.0,37.465650737285614,30.69617986679077
stim_62_harmonic.wav,74.99999821186066,0.0,66.17964506149292,14.542854130268097
stim_62_harmonic.wav,35.00000059604645,20.000000596046448,46.08771085739136,34.32202219963074
stim_62_harmonic.wav,80.00000059604645,10.000000298023224,62.991700172424316,15.223669409751892
stim_62_harmonic.wav,84.99999761581421,30.0,53.89297664165497,25.00395655632019
stim_62_harmonic.wav,30.00000089406967,30.0,41.3054957985878,22.84470498561859
stim_62_harmonic.wav,5.000000037252903,10.000000298023224,11.363784670829773,28.074220418930054
stim_62_harmonic.wav,80.00000059604645,49.999998807907104,77.58125960826874,45.89920163154602
stim_62_harmonic.wav,25.000001192092896,60.0,23.348565101623535,53.72535824775696
stim_62_harmonic.wav,20.000000149011612,40.000001192092896,35.748363733291626,36.21096611022949
stim_62_harmonic.wav,45.0,40.000001192092896,59.05024230480194,40.35330533981323
stim_62_harmonic.wav,70.0000011920929,20.000000596046448,43.69703382253647,25.538873076438904
stim_62_harmonic.wav,74.99999821186066,60.0,41.19299590587616,26.899039149284363
stim_62_harmonic.wav,5.000000037252903,40.000001192092896,35.30144065618515,35.990763902664185
stim_62_harmonic.wav,45.0,49.999998807907104,48.14505636692047,26.18592381477356
stim_62_harmonic.wav,25.000001192092896,20.000000596046448,31.735339164733887,25.46004295349121
stim_62_harmonic.wav,25.000001192092896,49.999998807907104,22.87194460630417,47.12677717208862
stim_62_harmonic.wav,50.00000238418579,40.000001192092896,51.43423318862915,29.326618909835815
stim_62_harmonic.wav,74.99999821186066,60.0,50.43075978755951,36.001718044281006
stim_62_harmonic.wav,84.99999761581421,49.999998807907104,60.661869049072266,29.88097071647644
stim_62_harmonic.wav,50.00000238418579,10.000000298023224,47.14830458164215,22.461751699447632
stim_62_harmonic.wav,74.99999821186066,49.999998807907104,67.64003276824951,48.01671266555786
stim_62_harmonic.wav,70.0000011920929,40.000001192092896,76.4604663848877,38.688461780548096
stim_62_harmonic.wav,5.000000037252903,10.000000298023224,13.870072960853577,30.753600597381592
stim_62_harmonic.wav,30.00000089406967,0.0,42.35474109649658,28.58283519744873
stim_62_harmonic.wav,35.00000059604645,0.0,44.39694821834564,23.774313926696777
stim_62_harmonic.wav,25.000001192092896,60.0,26.163790225982666,38.155306577682495
stim_62_harmonic.wav,54.99999940395355,20.000000596046448,47.21895933151245,22.680362462997437
stim_62_harmonic.wav,74.99999821186066,0.0,44.93396669626236,25.731035470962524
stim_62_harmonic.wav,20.000000149011612,20.000000596046448,30.397614240646362,26.90212368965149
stim_62_harmonic.wav,64.9999988079071,49.999998807907104,60.92910289764404,34.10847187042236
stim_62_harmonic.wav,5.000000037252903,10.000000298023224,39.78379011154175,25.244500637054443
stim_62_harmonic.wav,15.000000447034836,49.999998807907104,25.04386603832245,35.82699537277222
stim_62_harmonic.wav,30.00000089406967,20.000000596046448,35.543121099472046,34.03676390647888
stim_62_harmonic.wav,40.000000298023224,0.0,46.41519784927368,26.23952329158783
stim_62_harmonic.wav,20.000000149011612,40.000001192092896,35.1312518119812,51.642937660217285
stim_62_harmonic.wav,0.0,60.0,12.311779260635376,34.24984931945801
stim_62_harmonic.wav,20.000000149011612,0.0,41.63862079381943,23.906607627868652
stim_62_harmonic.wav,40.000000298023224,0.0,44.73958432674408,28.748584985733032
stim_62_harmonic.wav,80.00000059604645,49.999998807907104,62.2465717792511,32.53013849258423
stim_62_harmonic.wav,30.00000089406967,10.000000298023224,49.95854079723358,38.97382736206055
stim_62_harmonic.wav,80.00000059604645,30.0,85.78959703445435,30.150203704833984
stim_62_harmonic.wav,50.00000238418579,20.000000596046448,63.97133946418762,32.21120238304138
stim_62_harmonic.wav,20.000000149011612,20.000000596046448,28.166332840919495,27.702110409736633
stim_62_harmonic.wav,10.000000074505806,30.0,27.835533320903778,31.49845004081726
stim_62_harmonic.wav,80.00000059604645,60.0,38.52424621582031,32.83804893493652
stim_62_harmonic.wav,74.99999821186066,10.000000298023224,56.68746829032898,24.054415225982666
stim_99_harmonic.wav,60.00000178813934,49.999998807907104,42.029676139354706,26.00900709629059
stim_99_harmonic.wav,74.99999821186066,49.999998807907104,41.892309486866,26.284607648849487
stim_99_harmonic.wav,50.00000238418579,20.000000596046448,41.15872800350189,26.20739758014679
stim_99_harmonic.wav,54.99999940395355,0.0,47.507999539375305,21.931806206703186
stim_99_harmonic.wav,60.00000178813934,10.000000298023224,49.55506145954132,17.896056175231934
stim_99_harmonic.wav,10.000000074505806,0.0,41.5295273065567,26.437586545944214
stim_99_harmonic.wav,20.000000149011612,10.000000298023224,47.90230572223663,27.53801465034485
stim_99_harmonic.wav,30.00000089406967,20.000000596046448,57.86057531833649,16.48956298828125
stim_99_harmonic.wav,54.99999940395355,30.0,42.55607843399048,17.342886328697205
stim_99_harmonic.wav,15.000000447034836,40.000001192092896,41.60335510969162,26.201412677764893
stim_99_harmonic.wav,5.000000037252903,30.0,42.732481956481934,25.77474296092987
stim_99_harmonic.wav,15.000000447034836,10.000000298023224,41.137278378009796,29.27250623703003
stim_99_harmonic.wav,50.00000238418579,0.0,45.72936236858368,17.089385390281677
stim_99_harmonic.wav,35.00000059604645,20.000000596046448,41.586620807647705,26.289698481559753
stim_99_harmonic.wav,50.00000238418579,40.000001192092896,41.89592778682709,26.22247874736786
stim_99_harmonic.wav,54.99999940395355,20.000000596046448,42.92597383260727,18.397638201713562
stim_99_harmonic.wav,40.000000298023224,10.000000298023224,41.228183805942535,26.26560688018799
stim_99_harmonic.wav,5.000000037252903,10.000000298023224,42.304103672504425,26.22316002845764
stim_99_harmonic.wav,10.000000074505806,60.0,41.70703589916229,26.239092350006104
stim_99_harmonic.wav,50.00000238418579,60.0,55.075868368148804,21.56903564929962
stim_99_harmonic.wav,74.99999821186066,40.000001192092896,41.40913903713226,26.108588576316833
stim_99_harmonic.wav,5.000000037252903,40.000001192092896,42.23625183105469,26.23064696788788
stim_99_harmonic.wav,84.99999761581421,49.999998807907104,47.96360492706299,19.592626690864563
stim_99_harmonic.wav,10.000000074505806,49.999998807907104,33.464138209819794,26.762285828590393
stim_99_harmonic.wav,84.99999761581421,49.999998807907104,43.910492062568665,19.237736463546753
stim_99_harmonic.wav,50.00000238418579,60.0,51.459091901779175,21.899524927139282
stim_99_harmonic.wav,20.000000149011612,20.000000596046448,48.694313764572144,26.2575101852417
stim_99_harmonic.wav,15.000000447034836,30.0,41.709849536418915,26.33734881877899
stim_99_harmonic.wav,80.00000059604645,30.0,41.47047847509384,26.268251538276672
stim_99_harmonic.wav,70.0000011920929,40.000001192092896,41.52745932340622,26.364716291427612
stim_99_harmonic.wav,54.99999940395355,20.000000596046448,45.64171850681305,22.049031257629395
stim_99_harmonic.wav,74.99999821186066,30.0,41.53413534164429,26.349104046821594
stim_99_harmonic.wav,0.0,40.000001192092896,32.02810764312744,26.141565442085266
stim_99_harmonic.wav,74.99999821186066,30.0,46.54877185821533,29.521341919898987
stim_99_harmonic.wav,35.00000059604645,20.000000596046448,47.019601464271545,22.738553881645203
stim_99_harmonic.wav,5.000000037252903,0.0,41.05101853609085,26.237236261367798
stim_99_harmonic.wav,74.99999821186066,49.999998807907104,42.73620218038559,25.75010597705841
stim_99_harmonic.wav,5.000000037252903,40.000001192092896,42.42863595485687,26.020023822784424
stim_99_harmonic.wav,20.000000149011612,49.999998807907104,40.415064096450806,27.444655895233154
stim_99_harmonic.wav,40.000000298023224,30.0,41.47246599197388,26.102433800697327
stim_99_harmonic.wav,70.0000011920929,10.000000298023224,41.62612438201904,26.40190064907074
stim_99_harmonic.wav,70.0000011920929,40.000001192092896,43.139300644397736,26.082483530044556
stim_99_harmonic.wav,0.0,49.999998807907104,32.23372310400009,28.14238965511322
stim_99_harmonic.wav,15.000000447034836,40.000001192092896,41.224230229854584,26.21634006500244
stim_99_harmonic.wav,45.0,10.000000298023224,42.74932086467743,17.715364694595337
stim_99_harmonic.wav,64.9999988079071,60.0,54.589701890945435,17.85365581512451
stim_99_harmonic.wav,50.00000238418579,10.000000298023224,41.88105493783951,26.28455400466919
stim_99_harmonic.wav,45.0,60.0,42.251261472702026,25.779642462730408
stim_99_harmonic.wav,40.000000298023224,60.0,42.258288860321045,25.95025599002838
stim_99_harmonic.wav,74.99999821186066,60.0,42.20401704311371,26.281174421310425
stim_99_harmonic.wav,84.99999761581421,20.000000596046448,49.992427825927734,22.567346692085266
stim_99_harmonic.wav,84.99999761581421,40.000001192092896,41.36373996734619,26.336100697517395
stim_99_harmonic.wav,35.00000059604645,20.000000596046448,44.8076856136322,24.72737967967987
stim_99_harmonic.wav,30.00000089406967,0.0,42.206350564956665,26.09765589237213
stim_99_harmonic.wav,64.9999988079071,20.000000596046448,50.78912973403931,28.827656507492065
stim_99_harmonic.wav,20.000000149011612,10.000000298023224,41.3933140039444,26.18859887123108
stim_99_harmonic.wav,20.000000149011612,40.000001192092896,41.51870459318161,26.228533387184143
stim_99_harmonic.wav,54.99999940395355,20.000000596046448,47.38306224346161,16.145963072776794
stim_99_harmonic.wav,70.0000011920929,20.000000596046448,41.81105196475983,26.348621249198914
stim_99_harmonic.wav,5.000000037252903,40.000001192092896,42.234315276145935,26.334698796272278
stim_99_harmonic.wav,10.000000074505806,30.0,36.00477755069733,27.003455758094788
stim_99_harmonic.wav,54.99999940395355,0.0,41.59884363412857,26.0161292552948
stim_99_harmonic.wav,20.000000149011612,30.0,41.96668982505798,25.832555294036865
stim_99_harmonic.wav,45.0,30.0,47.494491934776306,25.64634382724762
stim_99_harmonic.wav,45.0,40.000001192092896,42.04765498638153,26.148712635040283
stim_99_harmonic.wav,70.0000011920929,10.000000298023224,51.045135855674744,22.165337204933167
stim_99_harmonic.wav,35.00000059604645,30.0,42.32366770505905,25.898741483688354
stim_99_harmonic.wav,64.9999988079071,0.0,48.88973951339722,23.602795600891113
stim_99_harmonic.wav,70.0000011920929,10.000000298023224,41.553069055080414,26.377896666526794
stim_99_harmonic.wav,80.00000059604645,49.999998807907104,41.68353974819183,26.363807916641235
stim_99_harmonic.wav,54.99999940395355,60.0,41.51154577732086,26.233720779418945
stim_99_harmonic.wav,0.0,0.0,41.54865950345993,26.206995248794556
stim_99_harmonic.wav,35.00000059604645,60.0,41.542324125766754,26.107555031776428
stim_99_harmonic.wav,10.000000074505806,30.0,41.76395773887634,26.27543270587921
stim_99_harmonic.wav,30.00000089406967,10.000000298023224,58.862090706825256,22.054885625839233
stim_99_harmonic.wav,60.00000178813934,49.999998807907104,42.33567863702774,26.151047945022583
stim_99_harmonic.wav,84.99999761581421,30.0,46.19823932647705,29.021319150924683
stim_99_harmonic.wav,64.9999988079071,30.0,38.02594006061554,27.73670196533203
stim_99_harmonic.wav,5.000000037252903,49.999998807907104,41.78325891494751,26.155959963798523
stim_99_harmonic.wav,0.0,60.0,41.55721038579941,26.147684454917908
stim_99_harmonic.wav,15.000000447034836,40.000001192092896,41.578348875045776,26.282227635383606
stim_99_harmonic.wav,40.000000298023224,60.0,43.27701061964035,25.51647126674652
stim_99_harmonic.wav,84.99999761581421,30.0,43.7687212228775,26.39610528945923
stim_99_harmonic.wav,45.0,49.999998807907104,42.130285799503326,26.009151935577393
stim_99_harmonic.wav,0.0,20.000000596046448,35.43671250343323,27.27069854736328
stim_99_harmonic.wav,74.99999821186066,20.000000596046448,48.12205910682678,25.07637619972229
stim_99_harmonic.wav,25.000001192092896,10.000000298023224,41.70453876256943,26.194156408309937
stim_99_harmonic.wav,70.0000011920929,10.000000298023224,49.41451907157898,21.616802215576172
stim_99_harmonic.wav,70.0000011920929,49.999998807907104,42.005219757556915,26.301425099372864
stim_99_harmonic.wav,30.00000089406967,49.999998807907104,41.784369349479675,26.337454319000244
stim_99_harmonic.wav,80.00000059604645,20.000000596046448,54.42622125148773,25.17227590084076
stim_99_harmonic.wav,80.00000059604645,40.000001192092896,41.5330570936203,28.438748717308044
stim_99_harmonic.wav,25.000001192092896,40.000001192092896,41.61041468381882,26.193852424621582
stim_99_harmonic.wav,80.00000059604645,20.000000596046448,42.35776126384735,25.900157690048218
stim_99_harmonic.wav,60.00000178813934,0.0,43.014333844184875,26.04427456855774
stim_99_harmonic.wav,54.99999940395355,40.000001192092896,41.374519765377045,21.788692474365234
stim_99_harmonic.wav,20.000000149011612,49.999998807907104,43.42121958732605,27.97940969467163
stim_99_harmonic.wav,40.000000298023224,30.0,43.63062500953674,25.489193201065063
stim_99_harmonic.wav,20.000000149011612,40.000001192092896,42.6302307844162,26.056804060935974
stim_99_harmonic.wav,10.000000074505806,40.000001192092896,37.824838757514954,26.16076648235321
stim_99_harmonic.wav,15.000000447034836,49.999998807907104,42.179866433143616,26.3424289226532
stim_99_harmonic.wav,84.99999761581421,40.000001192092896,41.75012558698654,26.30696475505829
stim_99_harmonic.wav,5.000000037252903,30.0,42.22903937101364,26.330126523971558
stim_99_harmonic.wav,54.99999940395355,30.0,46.42556190490723,22.46006190776825
stim_99_harmonic.wav,64.9999988079071,20.000000596046448,41.685519218444824,26.121196746826172
stim_99_harmonic.wav,20.000000149011612,0.0,41.41827464103699,26.253263354301453
stim_99_harmonic.wav,20.000000149011612,0.0,41.86720937490463,26.26276195049286
stim_99_harmonic.wav,20.000000149011612,60.0,41.74598962068558,26.25302016735077
stim_99_harmonic.wav,60.00000178813934,40.000001192092896,41.57590001821518,26.30752444267273
stim_99_harmonic.wav,10.000000074505806,30.0,41.43889009952545,26.24918818473816
stim_99_harmonic.wav,0.0,49.999998807907104,41.78918659687042,26.36074662208557
stim_99_harmonic.wav,25.000001192092896,30.0,41.356774270534515,26.261335015296936
stim_99_harmonic.wav,35.00000059604645,60.0,42.82826900482178,25.887603163719177
stim_99_harmonic.wav,20.000000149011612,49.999998807907104,52.38278031349182,30.49056887626648
stim_99_harmonic.wav,64.9999988079071,20.000000596046448,44.47098523378372,31.51707172393799
stim_99_harmonic.wav,60.00000178813934,49.999998807907104,49.32653188705444,19.34271991252899
stim_99_harmonic.wav,54.99999940395355,49.999998807907104,48.89299035072327,22.08147704601288
stim_99_harmonic.wav,30.00000089406967,40.000001192092896,43.35147142410278,25.43672740459442
stim_99_harmonic.wav,30.00000089406967,60.0,44.090374410152435,29.83699321746826
stim_99_harmonic.wav,40.000000298023224,10.000000298023224,44.29946333169937,19.000743627548218
stim_99_harmonic.wav,64.9999988079071,0.0,46.968441009521484,20.619553327560425
stim_99_harmonic.wav,30.00000089406967,40.000001192092896,52.20929503440857,23.694884777069092
stim_99_harmonic.wav,84.99999761581421,30.0,50.568915009498596,32.3157262802124
stim_99_harmonic.wav,45.0,49.999998807907104,41.6004878282547,26.227843165397644
stim_99_harmonic.wav,0.0,20.000000596046448,41.72373265028,26.082152724266052
stim_99_harmonic.wav,40.000000298023224,40.000001192092896,43.43500882387161,25.434694290161133
stim_99_harmonic.wav,70.0000011920929,0.0,49.02066886425018,27.230234742164612
stim_99_harmonic.wav,35.00000059604645,20.000000596046448,42.233338952064514,26.19402766227722
stim_99_harmonic.wav,10.000000074505806,49.999998807907104,41.42202168703079,26.34765923023224
stim_99_harmonic.wav,10.000000074505806,30.0,42.878506779670715,26.136240363121033
stim_99_harmonic.wav,70.0000011920929,20.000000596046448,42.007950246334076,25.82806169986725
stim_99_harmonic.wav,45.0,10.000000298023224,45.70691227912903,18.08745503425598
stim_77_harmonic.wav,60.00000178813934,30.0,46.99972629547119,21.390119791030884
stim_77_harmonic.wav,10.000000074505806,0.0,29.636250436306,32.201353311538696
stim_77_harmonic.wav,84.99999761581421,40.000001192092896,43.97432327270508,24.68042492866516
stim_77_harmonic.wav,60.00000178813934,20.000000596046448,55.16852259635925,27.67907202243805
stim_77_harmonic.wav,40.000000298023224,40.000001192092896,46.82899832725525,40.99329471588135
stim_77_harmonic.wav,35.00000059604645,30.0,45.122732520103455,35.29116153717041
stim_77_harmonic.wav,70.0000011920929,30.0,48.242307901382446,26.355648636817932
stim_77_harmonic.wav,70.0000011920929,49.999998807907104,49.122501611709595,25.76497793197632
stim_77_harmonic.wav,45.0,20.000000596046448,46.49942994117737,29.66950535774231
stim_77_harmonic.wav,70.0000011920929,60.0,51.251381635665894,46.414761543273926
stim_77_harmonic.wav,50.00000238418579,10.000000298023224,45.824339389801025,22.877996563911438
stim_77_harmonic.wav,54.99999940395355,20.000000596046448,31.120751202106476,27.682759165763855
stim_77_harmonic.wav,54.99999940395355,49.999998807907104,43.65662902593613,22.733874320983887
stim_77_harmonic.wav,74.99999821186066,60.0,45.85809767246246,40.02363681793213
stim_77_harmonic.wav,0.0,20.000000596046448,8.970570266246796,27.180295586586
stim_77_harmonic.wav,15.000000447034836,49.999998807907104,35.02047926187515,29.635155200958252
stim_77_harmonic.wav,40.000000298023224,49.999998807907104,38.85098487138748,33.64497900009155
stim_77_harmonic.wav,84.99999761581421,0.0,43.69675487279892,26.113210916519165
stim_77_harmonic.wav,50.00000238418579,30.0,41.1082649230957,27.75503933429718
stim_77_harmonic.wav,30.00000089406967,60.0,39.16210502386093,30.492206811904907
stim_77_harmonic.wav,5.000000037252903,49.999998807907104,2.823086678981781,31.4095401763916
stim_77_harmonic.wav,20.000000149011612,40.000001192092896,39.44134175777435,26.241374015808105
stim_77_harmonic.wav,0.0,40.000001192092896,6.314491331577301,29.5796799659729
stim_77_harmonic.wav,80.00000059604645,0.0,47.38873243331909,26.583243012428284
stim_77_harmonic.wav,30.00000089406967,49.999998807907104,45.19507169723511,27.363206148147583
stim_77_harmonic.wav,15.000000447034836,0.0,41.956926584243774,26.332016587257385
stim_77_harmonic.wav,50.00000238418579,20.000000596046448,40.51942616701126,27.66084909439087
stim_77_harmonic.wav,5.000000037252903,49.999998807907104,30.004010796546936,28.051968812942505
stim_77_harmonic.wav,74.99999821186066,30.0,66.24500513076782,27.339364886283875
stim_77_harmonic.wav,10.000000074505806,60.0,29.220883548259735,29.63507115840912
stim_77_harmonic.wav,70.0000011920929,60.0,45.72238326072693,31.34864330291748
stim_77_harmonic.wav,64.9999988079071,49.999998807907104,40.89079141616821,26.49809718132019
stim_77_harmonic.wav,35.00000059604645,10.000000298023224,44.71001297235489,29.490575194358826
stim_77_harmonic.wav,45.0,60.0,43.83823335170746,31.74190878868103
stim_77_harmonic.wav,5.000000037252903,40.000001192092896,4.839410483837128,34.90772366523743
stim_77_harmonic.wav,45.0,10.000000298023224,58.49170446395874,19.608516097068787
stim_77_harmonic.wav,60.00000178813934,20.000000596046448,44.77823227643967,24.274722933769226
stim_77_harmonic.wav,80.00000059604645,10.000000298023224,55.520524978637695,19.503049850463867
stim_77_harmonic.wav,84.99999761581421,0.0,69.39432621002197,6.366780996322632
stim_77_harmonic.wav,90.0,40.000001192092896,47.246312499046326,24.76810097694397
stim_77_harmonic.wav,45.0,60.0,33.21048438549042,36.999807357788086
stim_77_harmonic.wav,45.0,0.0,40.46918034553528,26.92303776741028
stim_77_harmonic.wav,60.00000178813934,40.000001192092896,43.68258744478226,26.498131155967712
stim_77_harmonic.wav,5.000000037252903,49.999998807907104,20.648597180843353,29.26344931125641
stim_77_harmonic.wav,0.0,49.999998807907104,25.90499460697174,25.29302179813385
stim_77_harmonic.wav,30.00000089406967,20.000000596046448,41.53263330459595,29.63825225830078
stim_77_harmonic.wav,80.00000059604645,49.999998807907104,44.86467182636261,29.686295986175537
stim_77_harmonic.wav,20.000000149011612,60.0,33.15195322036743,27.788477540016174
stim_77_harmonic.wav,70.0000011920929,60.0,43.0843260884285,26.735299229621887
stim_77_harmonic.wav,80.00000059604645,10.000000298023224,53.21126103401184,21.691712737083435
stim_77_harmonic.wav,70.0000011920929,49.999998807907104,60.147796869277954,34.505324363708496
stim_77_harmonic.wav,54.99999940395355,30.0,52.35056698322296,21.51004135608673
stim_77_harmonic.wav,54.99999940395355,40.000001192092896,48.557483553886414,27.955790162086487
stim_77_harmonic.wav,30.00000089406967,30.0,37.21249043941498,31.54008150100708
stim_77_harmonic.wav,25.000001192092896,60.0,36.68696254491806,32.076101303100586
stim_77_harmonic.wav,5.000000037252903,20.000000596046448,8.198625147342682,28.307753205299377
stim_77_harmonic.wav,10.000000074505806,0.0,27.577051520347595,30.57996153831482
stim_77_harmonic.wav,35.00000059604645,49.999998807907104,54.803194999694824,22.7711820602417
stim_77_harmonic.wav,35.00000059604645,60.0,41.46719813346863,26.020216941833496
stim_77_harmonic.wav,45.0,60.0,44.90979731082916,26.97942316532135
stim_77_harmonic.wav,70.0000011920929,20.000000596046448,48.056784868240356,25.107116103172302
stim_77_harmonic.wav,54.99999940395355,60.0,46.29537284374237,26.572038531303406
stim_77_harmonic.wav,35.00000059604645,60.0,41.72401160001755,25.933746099472046
stim_77_harmonic.wav,0.0,0.0,26.926406621932983,24.465551376342773
stim_77_harmonic.wav,15.000000447034836,20.000000596046448,34.60867166519165,31.811610460281372
stim_77_harmonic.wav,80.00000059604645,0.0,45.283547043800354,27.001249194145203
stim_77_harmonic.wav,64.9999988079071,40.000001192092896,48.830376863479614,24.168988466262817
stim_77_harmonic.wav,50.00000238418579,40.000001192092896,48.13255190849304,25.847736597061157
stim_77_harmonic.wav,80.00000059604645,20.000000596046448,74.23380374908447,19.48122203350067
stim_77_harmonic.wav,84.99999761581421,20.000000596046448,73.42827200889587,18.594027757644653
stim_77_harmonic.wav,35.00000059604645,30.0,39.10770446062088,25.346471071243286
stim_77_harmonic.wav,40.000000298023224,20.000000596046448,41.50858998298645,25.950515270233154
stim_77_harmonic.wav,0.0,30.0,36.51530921459198,26.893916130065918
stim_77_harmonic.wav,54.99999940395355,60.0,41.97893410921097,28.70235800743103
stim_77_harmonic.wav,84.99999761581421,60.0,62.66323685646057,50.97349405288696
stim_77_harmonic.wav,70.0000011920929,40.000001192092896,53.09366762638092,23.663581609725952
stim_77_harmonic.wav,54.99999940395355,0.0,43.54102849960327,25.630622506141663
stim_77_harmonic.wav,0.0,60.0,27.697227895259857,27.098066210746765
stim_77_harmonic.wav,45.0,40.000001192092896,49.912793040275574,36.5496826171875
stim_77_harmonic.wav,60.00000178813934,10.000000298023224,46.3383150100708,27.45653986930847
stim_77_harmonic.wav,80.00000059604645,49.999998807907104,46.864049434661865,26.643059849739075
stim_77_harmonic.wav,20.000000149011612,0.0,21.348865628242493,13.817083239555359
stim_77_harmonic.wav,15.000000447034836,49.999998807907104,31.43285572528839,27.707324624061584
stim_77_harmonic.wav,70.0000011920929,30.0,46.098520159721375,29.295337200164795
stim_77_harmonic.wav,45.0,49.999998807907104,43.43725651502609,36.712270975112915
stim_77_harmonic.wav,54.99999940395355,30.0,43.076896369457245,25.973525047302246
stim_77_harmonic.wav,45.0,20.000000596046448,42.63138681650162,28.616870641708374
stim_77_harmonic.wav,0.0,60.0,7.761980295181274,25.275768041610718
stim_77_harmonic.wav,64.9999988079071,30.0,42.835658490657806,27.064157724380493
stim_77_harmonic.wav,60.00000178813934,0.0,57.72799372673035,18.21238875389099
stim_77_harmonic.wav,25.000001192092896,40.000001192092896,44.323098957538605,26.607640385627747
stim_77_harmonic.wav,20.000000149011612,49.999998807907104,41.57493978738785,26.68321430683136
stim_77_harmonic.wav,10.000000074505806,20.000000596046448,9.12462830543518,27.310743927955627
stim_77_harmonic.wav,64.9999988079071,30.0,40.54809898138046,28.368186950683594
stim_77_harmonic.wav,70.0000011920929,30.0,43.33523869514465,26.689510345458984
stim_77_harmonic.wav,80.00000059604645,0.0,68.08574080467224,6.108126640319824
stim_77_harmonic.wav,25.000001192092896,10.000000298023224,30.237700939178467,20.431578755378723
stim_77_harmonic.wav,70.0000011920929,20.000000596046448,46.29869878292084,29.043079018592834
stim_77_harmonic.wav,40.000000298023224,30.0,47.12413787841797,17.445339560508728
stim_77_harmonic.wav,5.000000037252903,10.000000298023224,3.45257967710495,27.80786097049713
stim_77_harmonic.wav,5.000000037252903,49.999998807907104,20.70252299308777,27.45871067047119
stim_77_harmonic.wav,25.000001192092896,10.000000298023224,42.92907178401947,28.54633390903473
stim_77_harmonic.wav,50.00000238418579,10.000000298023224,51.9378125667572,17.92930841445923
stim_77_harmonic.wav,25.000001192092896,60.0,39.50479477643967,28.77889573574066
stim_77_harmonic.wav,45.0,49.999998807907104,53.33794713020325,44.51509952545166
stim_77_harmonic.wav,90.0,40.000001192092896,51.386173367500305,26.005470156669617
stim_77_harmonic.wav,84.99999761581421,60.0,47.290542125701904,34.80904698371887
stim_77_harmonic.wav,25.000001192092896,40.000001192092896,29.46555197238922,36.11079454421997
stim_77_harmonic.wav,25.000001192092896,60.0,24.539165496826172,33.535966873168945
stim_77_harmonic.wav,15.000000447034836,20.000000596046448,43.9929860830307,25.234270691871643
stim_77_harmonic.wav,10.000000074505806,10.000000298023224,26.579873263835907,30.68506121635437
stim_77_harmonic.wav,20.000000149011612,20.000000596046448,25.710089206695557,21.9539737701416
stim_77_harmonic.wav,84.99999761581421,20.000000596046448,78.73141765594482,16.809804439544678
stim_77_harmonic.wav,90.0,40.000001192092896,68.81338119506836,30.320098400115967
stim_77_harmonic.wav,60.00000178813934,0.0,57.968909740448,14.028585255146027
stim_77_harmonic.wav,54.99999940395355,30.0,52.619651556015015,25.87908446788788
stim_77_harmonic.wav,35.00000059604645,30.0,45.02718687057495,25.627267956733704
stim_77_harmonic.wav,0.0,0.0,8.569979667663574,28.059938549995422
stim_77_harmonic.wav,15.000000447034836,20.000000596046448,37.488977909088135,25.72990894317627
stim_77_harmonic.wav,80.00000059604645,10.000000298023224,49.992427825927734,22.350252270698547
stim_77_harmonic.wav,25.000001192092896,60.0,41.071502566337585,26.988102793693542
stim_77_harmonic.wav,50.00000238418579,49.999998807907104,46.230618953704834,35.927478075027466
stim_77_harmonic.wav,25.000001192092896,40.000001192092896,48.06723475456238,20.742738246917725
stim_77_harmonic.wav,30.00000089406967,30.0,44.133946895599365,30.105507373809814
stim_77_harmonic.wav,80.00000059604645,30.0,51.40945494174957,25.12010157108307
stim_77_harmonic.wav,40.000000298023224,30.0,42.939199805259705,19.997777938842773
stim_77_harmonic.wav,30.00000089406967,30.0,33.697219491004944,28.004677891731262
stim_77_harmonic.wav,0.0,60.0,34.10072565078735,28.034403920173645
stim_77_harmonic.wav,10.000000074505806,30.0,15.969818830490112,33.012460470199585
stim_77_harmonic.wav,15.000000447034836,40.000001192092896,33.78194510936737,28.51679027080536
stim_77_harmonic.wav,60.00000178813934,60.0,46.83749556541443,31.731913089752197
stim_77_harmonic.wav,84.99999761581421,10.000000298023224,53.31484794616699,21.474573612213135
stim_77_harmonic.wav,0.0,40.000001192092896,5.14585554599762,30.561325550079346
stim_77_harmonic.wav,25.000001192092896,0.0,42.868046164512634,32.689454555511475
stim_77_harmonic.wav,84.99999761581421,0.0,64.80268478393555,10.886188745498657
stim_77_harmonic.wav,5.000000037252903,60.0,7.563520967960358,30.357788801193237
stim_77_harmonic.wav,30.00000089406967,60.0,25.180004239082336,22.593237161636353
stim_77_harmonic.wav,45.0,40.000001192092896,47.212618589401245,29.54850196838379
stim_77_harmonic.wav,35.00000059604645,60.0,29.523391127586365,28.803969025611877
stim_77_harmonic.wav,5.000000037252903,20.000000596046448,11.012702286243439,32.030189037323
stim_77_harmonic.wav,0.0,60.0,26.480730772018433,28.342625498771667
stim_77_harmonic.wav,64.9999988079071,0.0,45.09417772293091,25.45457124710083
stim_77_harmonic.wav,84.99999761581421,10.000000298023224,46.66059851646423,24.791371822357178
stim_77_harmonic.wav,70.0000011920929,30.0,66.58754467964172,31.2436044216156
stim_77_harmonic.wav,60.00000178813934,0.0,53.690046072006226,11.570207476615906
stim_77_harmonic.wav,5.000000037252903,10.000000298023224,7.456865608692169,26.17457628250122
stim_77_harmonic.wav,15.000000447034836,40.000001192092896,9.707378447055817,29.426509737968445
stim_77_harmonic.wav,54.99999940395355,0.0,61.115323305130005,23.64298939704895
stim_77_harmonic.wav,64.9999988079071,10.000000298023224,52.81480371952057,18.668875694274902
stim_77_harmonic.wav,10.000000074505806,40.000001192092896,14.887233674526215,35.77492117881775
stim_107_harmonic.wav,40.000000298023224,10.000000298023224,41.43310189247131,26.13980233669281
stim_107_harmonic.wav,40.000000298023224,60.0,41.72500401735306,26.23359739780426
stim_107_harmonic.wav,50.00000238418579,10.000000298023224,45.062538385391235,25.632548332214355
stim_107_harmonic.wav,80.00000059604645,30.0,46.61143362522125,25.191138982772827
stim_107_harmonic.wav,45.0,30.0,44.359686970710754,25.32001554965973
stim_107_harmonic.wav,25.000001192092896,10.000000298023224,41.33236348628998,26.3327693939209
stim_107_harmonic.wav,54.99999940395355,60.0,41.329477429389954,26.160112023353577
stim_107_harmonic.wav,0.0,0.0,40.96737653017044,26.411134600639343
stim_107_harmonic.wav,20.000000149011612,0.0,41.40761286020279,26.27050280570984
stim_107_harmonic.wav,35.00000059604645,0.0,41.017721593379974,26.239458918571472
stim_107_harmonic.wav,54.99999940395355,60.0,41.798957884311676,26.32984220981598
stim_107_harmonic.wav,0.0,60.0,42.12540149688721,26.492534279823303
stim_107_harmonic.wav,50.00000238418579,40.000001192092896,42.48184025287628,26.070703268051147
stim_107_harmonic.wav,84.99999761581421,20.000000596046448,45.12527525424957,25.212446451187134
stim_107_harmonic.wav,74.99999821186066,30.0,38.50890934467316,26.574434638023376
stim_107_harmonic.wav,15.000000447034836,30.0,42.01653867959976,26.256986260414124
stim_107_harmonic.wav,70.0000011920929,49.999998807907104,45.142178535461426,26.21334671974182
stim_107_harmonic.wav,50.00000238418579,49.999998807907104,38.10105264186859,28.6513352394104
stim_107_harmonic.wav,5.000000037252903,40.000001192092896,41.63042664527893,27.084946632385254
stim_107_harmonic.wav,45.0,40.000001192092896,43.27706962823868,25.98819136619568
stim_107_harmonic.wav,15.000000447034836,60.0,41.45666241645813,26.701982617378235
stim_107_harmonic.wav,80.00000059604645,20.000000596046448,49.36024725437164,22.92144477367401
stim_107_harmonic.wav,25.000001192092896,49.999998807907104,41.84162646532059,26.317482590675354
stim_107_harmonic.wav,70.0000011920929,10.000000298023224,42.91926294565201,25.885618329048157
stim_107_harmonic.wav,70.0000011920929,40.000001192092896,42.3613715171814,25.886966586112976
stim_107_harmonic.wav,54.99999940395355,0.0,49.01408135890961,26.898309588432312
stim_107_harmonic.wav,20.000000149011612,0.0,41.55546963214874,26.259557604789734
stim_107_harmonic.wav,15.000000447034836,60.0,36.166973412036896,28.356898427009583
stim_107_harmonic.wav,54.99999940395355,20.000000596046448,41.563266813755035,26.27624273300171
stim_107_harmonic.wav,60.00000178813934,60.0,41.88780337572098,26.32751226425171
stim_107_harmonic.wav,64.9999988079071,60.0,42.591140270233154,26.300166249275208
stim_107_harmonic.wav,35.00000059604645,0.0,41.820463836193085,26.368192434310913
stim_107_harmonic.wav,25.000001192092896,10.000000298023224,41.936697363853455,26.22682213783264
stim_107_harmonic.wav,10.000000074505806,10.000000298023224,37.91734278202057,28.87057900428772
stim_107_harmonic.wav,25.000001192092896,20.000000596046448,41.62675201892853,26.32637321949005
stim_107_harmonic.wav,84.99999761581421,30.0,41.98578715324402,26.01728618144989
stim_107_harmonic.wav,50.00000238418579,10.000000298023224,49.596930742263794,21.461437940597534
stim_107_harmonic.wav,80.00000059604645,40.000001192092896,41.86444669961929,26.074708700180054
stim_107_harmonic.wav,50.00000238418579,60.0,41.56770050525665,26.013720631599426
stim_107_harmonic.wav,30.00000089406967,20.000000596046448,39.36861366033554,28.312253952026367
stim_107_harmonic.wav,74.99999821186066,0.0,42.321422696113586,26.2809419631958
stim_107_harmonic.wav,64.9999988079071,30.0,44.18720483779907,27.125555276870728
stim_107_harmonic.wav,25.000001192092896,60.0,41.861332654953,26.257336735725403
stim_107_harmonic.wav,10.000000074505806,30.0,41.87851220369339,26.260875463485718
stim_107_harmonic.wav,35.00000059604645,20.000000596046448,42.01098382472992,26.219565868377686
stim_107_harmonic.wav,25.000001192092896,60.0,41.88644886016846,26.354876160621643
stim_107_harmonic.wav,10.000000074505806,0.0,41.263993978500366,26.274597644805908
stim_107_harmonic.wav,10.000000074505806,60.0,39.15648579597473,28.13673198223114
stim_107_harmonic.wav,5.000000037252903,60.0,40.688214898109436,27.251293659210205
stim_107_harmonic.wav,45.0,49.999998807907104,44.32503014802933,28.49751591682434
stim_107_harmonic.wav,45.0,10.000000298023224,42.50697523355484,26.4968740940094
stim_107_harmonic.wav,35.00000059604645,20.000000596046448,41.66095018386841,26.26956582069397
stim_107_harmonic.wav,10.000000074505806,0.0,41.345568001270294,26.261789202690125
stim_107_harmonic.wav,20.000000149011612,0.0,43.56669723987579,25.211023092269897
stim_107_harmonic.wav,60.00000178813934,30.0,41.62448287010193,26.221924424171448
stim_107_harmonic.wav,0.0,60.0,42.34084993600845,26.28272294998169
stim_107_harmonic.wav,74.99999821186066,0.0,48.16039323806763,22.07895040512085
stim_107_harmonic.wav,30.00000089406967,10.000000298023224,41.988482773303986,26.62155032157898
stim_107_harmonic.wav,15.000000447034836,49.999998807907104,44.589903652668,26.641482710838318
stim_107_harmonic.wav,15.000000447034836,60.0,42.14561998844147,26.390469074249268
stim_107_harmonic.wav,45.0,49.999998807907104,42.10697203874588,26.38489007949829
stim_107_harmonic.wav,60.00000178813934,30.0,41.75763040781021,26.19968354701996
stim_107_harmonic.wav,15.000000447034836,49.999998807907104,47.31642544269562,26.202980875968933
stim_107_harmonic.wav,84.99999761581421,10.000000298023224,46.07544243335724,24.980943202972412
stim_107_harmonic.wav,84.99999761581421,10.000000298023224,46.15726053714752,27.17170536518097
stim_107_harmonic.wav,70.0000011920929,40.000001192092896,44.45012837648392,26.49804711341858
stim_107_harmonic.wav,64.9999988079071,30.0,41.26598685979843,26.214993596076965
stim_107_harmonic.wav,70.0000011920929,10.000000298023224,43.70449036359787,26.169344186782837
stim_107_harmonic.wav,5.000000037252903,0.0,41.99852764606476,26.419742703437805
stim_107_harmonic.wav,15.000000447034836,30.0,43.94688427448273,26.095170378684998
stim_107_harmonic.wav,20.000000149011612,49.999998807907104,44.57489401102066,24.96239483356476
stim_107_harmonic.wav,54.99999940395355,20.000000596046448,43.84487450122833,25.657394528388977
stim_107_harmonic.wav,20.000000149011612,40.000001192092896,44.36982572078705,25.173203945159912
stim_107_harmonic.wav,54.99999940395355,60.0,41.20280474424362,26.329729557037354
stim_107_harmonic.wav,60.00000178813934,49.999998807907104,43.77179503440857,26.429672241210938
stim_107_harmonic.wav,5.000000037252903,30.0,42.63518214225769,26.423798203468323
stim_107_harmonic.wav,20.000000149011612,40.000001192092896,41.47985279560089,26.30264103412628
stim_107_harmonic.wav,0.0,10.000000298023224,42.286983132362366,26.4101904630661
stim_107_harmonic.wav,0.0,60.0,41.71366095542908,26.282724738121033
stim_107_harmonic.wav,80.00000059604645,20.000000596046448,47.977144718170166,23.843908309936523
stim_107_harmonic.wav,64.9999988079071,10.000000298023224,39.316688776016235,27.208768129348755
stim_107_harmonic.wav,50.00000238418579,30.0,46.22225046157837,24.200974702835083
stim_107_harmonic.wav,15.000000447034836,20.000000596046448,41.50551617145538,26.28109574317932
stim_107_harmonic.wav,15.000000447034836,40.000001192092896,43.22466999292374,28.168639540672302
stim_107_harmonic.wav,64.9999988079071,60.0,42.12951600551605,26.322762966156006
stim_107_harmonic.wav,40.000000298023224,60.0,44.34374392032623,25.070160627365112
stim_107_harmonic.wav,20.000000149011612,20.000000596046448,42.755551636219025,25.66453456878662
stim_107_harmonic.wav,70.0000011920929,10.000000298023224,41.72883689403534,26.17825448513031
stim_107_harmonic.wav,74.99999821186066,30.0,41.401733458042145,26.24277412891388
stim_107_harmonic.wav,10.000000074505806,10.000000298023224,42.23196566104889,26.38193428516388
stim_107_harmonic.wav,84.99999761581421,0.0,46.23697578907013,27.517858743667603
stim_107_harmonic.wav,74.99999821186066,30.0,42.15413063764572,26.15477979183197
stim_107_harmonic.wav,35.00000059604645,10.000000298023224,43.386745154857635,28.64191710948944
stim_107_harmonic.wav,15.000000447034836,10.000000298023224,41.60114228725433,26.248392462730408
stim_107_harmonic.wav,50.00000238418579,40.000001192092896,45.691248178482056,25.02646565437317
stim_107_harmonic.wav,45.0,40.000001192092896,39.17714148759842,26.14223599433899
stim_107_harmonic.wav,5.000000037252903,40.000001192092896,41.88854902982712,26.25767469406128
stim_107_harmonic.wav,10.000000074505806,40.000001192092896,43.79437655210495,27.202293276786804
stim_107_harmonic.wav,20.000000149011612,0.0,41.29263997077942,26.296518445014954
stim_107_harmonic.wav,25.000001192092896,30.0,44.420878887176514,26.322970390319824
stim_107_harmonic.wav,15.000000447034836,20.000000596046448,41.58409684896469,26.32246971130371
stim_107_harmonic.wav,40.000000298023224,49.999998807907104,50.03255367279053,29.27450180053711
stim_107_harmonic.wav,60.00000178813934,49.999998807907104,43.66766095161438,26.48500084877014
stim_107_harmonic.wav,15.000000447034836,0.0,41.612683832645416,26.289759278297424
stim_107_harmonic.wav,40.000000298023224,60.0,41.898508071899414,26.198333501815796
stim_107_harmonic.wav,50.00000238418579,30.0,41.70528173446655,26.24816358089447
stim_107_harmonic.wav,25.000001192092896,40.000001192092896,41.892116367816925,26.300368309020996
stim_107_harmonic.wav,30.00000089406967,40.000001192092896,41.09609305858612,26.283296942710876
stim_107_harmonic.wav,35.00000059604645,40.000001192092896,44.63877618312836,26.100053787231445
stim_107_harmonic.wav,84.99999761581421,30.0,42.224420607089996,26.21229350566864
stim_107_harmonic.wav,35.00000059604645,30.0,41.930678486824036,26.057072281837463
stim_107_harmonic.wav,15.000000447034836,10.000000298023224,41.41366124153137,26.27110004425049
stim_107_harmonic.wav,5.000000037252903,30.0,41.186507642269135,27.22464680671692
stim_107_harmonic.wav,40.000000298023224,0.0,41.626569628715515,26.282193660736084
stim_107_harmonic.wav,0.0,10.000000298023224,41.26735210418701,26.3033527135849
stim_107_harmonic.wav,64.9999988079071,30.0,42.36734479665756,26.180124878883362
stim_107_harmonic.wav,64.9999988079071,49.999998807907104,45.88033318519592,26.570130586624146
stim_107_harmonic.wav,35.00000059604645,49.999998807907104,41.43650561571121,26.33737027645111
stim_107_harmonic.wav,84.99999761581421,60.0,43.05085211992264,27.491430044174194
stim_107_harmonic.wav,10.000000074505806,40.000001192092896,44.321859776973724,26.701553463935852
stim_107_harmonic.wav,5.000000037252903,49.999998807907104,42.17541664838791,26.12653613090515
stim_107_harmonic.wav,10.000000074505806,60.0,42.63942539691925,26.311410069465637
stim_107_harmonic.wav,35.00000059604645,20.000000596046448,42.805944979190826,26.493948698043823
stim_107_harmonic.wav,84.99999761581421,49.999998807907104,41.63936644792557,26.27258598804474
stim_107_harmonic.wav,60.00000178813934,49.999998807907104,44.016337394714355,26.564007997512817
stim_107_harmonic.wav,50.00000238418579,40.000001192092896,41.48030072450638,26.32811665534973
stim_107_harmonic.wav,35.00000059604645,30.0,45.98572254180908,26.773887276649475
stim_107_harmonic.wav,54.99999940395355,40.000001192092896,48.919506669044495,23.199208974838257
stim_107_harmonic.wav,84.99999761581421,30.0,41.796085238456726,26.303426027297974
stim_107_harmonic.wav,70.0000011920929,10.000000298023224,42.64021396636963,26.175005435943604
stim_107_harmonic.wav,0.0,10.000000298023224,41.33009970188141,26.316711902618408
stim_107_harmonic.wav,64.9999988079071,40.000001192092896,41.34217232465744,26.114401817321777
stim_107_harmonic.wav,54.99999940395355,40.000001192092896,41.50201588869095,26.141082644462585
stim_107_harmonic.wav,35.00000059604645,20.000000596046448,41.879864037036896,26.3581520318985
stim_107_harmonic.wav,10.000000074505806,49.999998807907104,42.17197269201279,26.359768509864807
stim_60_harmonic.wav,64.9999988079071,20.000000596046448,67.54654169082642,19.23714280128479
stim_60_harmonic.wav,90.0,10.000000298023224,37.53147214651108,27.27926015853882
stim_60_harmonic.wav,35.00000059604645,0.0,42.92377710342407,26.590440273284912
stim_60_harmonic.wav,10.000000074505806,20.000000596046448,35.42861759662628,26.28244400024414
stim_60_harmonic.wav,80.00000059604645,60.0,45.652796030044556,26.24891459941864
stim_60_harmonic.wav,80.00000059604645,0.0,51.96786403656006,18.18996012210846
stim_60_harmonic.wav,64.9999988079071,60.0,50.948694348335266,46.53856873512268
stim_60_harmonic.wav,30.00000089406967,10.000000298023224,45.739710330963135,28.048453330993652
stim_60_harmonic.wav,5.000000037252903,0.0,44.36859995126724,24.85885262489319
stim_60_harmonic.wav,40.000000298023224,0.0,52.29613423347473,22.250897884368896
stim_60_harmonic.wav,0.0,49.999998807907104,14.629140794277191,38.03891658782959
stim_60_harmonic.wav,40.000000298023224,49.999998807907104,39.52410936355591,27.075371146202087
stim_60_harmonic.wav,45.0,49.999998807907104,53.75240743160248,41.72410726547241
stim_60_harmonic.wav,84.99999761581421,10.000000298023224,41.3307648897171,25.558254718780518
stim_60_harmonic.wav,15.000000447034836,20.000000596046448,28.19476157426834,21.90998911857605
stim_60_harmonic.wav,5.000000037252903,10.000000298023224,50.13643026351929,26.17327630519867
stim_60_harmonic.wav,20.000000149011612,30.0,22.806517481803894,14.593241214752197
stim_60_harmonic.wav,25.000001192092896,20.000000596046448,32.73005247116089,22.417357563972473
stim_60_harmonic.wav,54.99999940395355,30.0,48.2619845867157,14.722031056880951
stim_60_harmonic.wav,80.00000059604645,49.999998807907104,60.641387701034546,33.67674708366394
stim_60_harmonic.wav,30.00000089406967,0.0,36.551784574985504,34.70514178276062
stim_60_harmonic.wav,70.0000011920929,49.999998807907104,53.07098150253296,24.739277958869934
stim_60_harmonic.wav,74.99999821186066,20.000000596046448,48.480316400527954,24.27709400653839
stim_60_harmonic.wav,15.000000447034836,10.000000298023224,46.76273167133331,25.32668173313141
stim_60_harmonic.wav,10.000000074505806,20.000000596046448,35.34035682678223,26.760839223861694
stim_60_harmonic.wav,60.00000178813934,49.999998807907104,54.48620080947876,36.89300537109375
stim_60_harmonic.wav,84.99999761581421,0.0,64.65648293495178,14.33797001838684
stim_60_harmonic.wav,80.00000059604645,30.0,65.08376955986023,22.085394859313965
stim_60_harmonic.wav,35.00000059604645,30.0,50.23774266242981,40.747554302215576
stim_60_harmonic.wav,25.000001192092896,40.000001192092896,33.21211516857147,27.399144172668457
stim_60_harmonic.wav,20.000000149011612,60.0,14.050845801830292,25.726999640464783
stim_60_harmonic.wav,50.00000238418579,10.000000298023224,53.71339201927185,30.520910024642944
stim_60_harmonic.wav,10.000000074505806,20.000000596046448,17.63278305530548,29.840882420539856
stim_60_harmonic.wav,15.000000447034836,40.000001192092896,13.782176971435547,31.767783164978027
stim_60_harmonic.wav,25.000001192092896,60.0,43.27403336763382,36.0723602771759
stim_60_harmonic.wav,30.00000089406967,60.0,39.26805227994919,36.19607448577881
stim_60_harmonic.wav,70.0000011920929,10.000000298023224,59.55170273780823,23.272501230239868
stim_60_harmonic.wav,15.000000447034836,60.0,10.814698934555054,33.28418970108032
stim_60_harmonic.wav,10.000000074505806,20.000000596046448,17.74962544441223,32.91079044342041
stim_60_harmonic.wav,10.000000074505806,30.0,15.700195133686066,24.84370708465576
stim_60_harmonic.wav,60.00000178813934,20.000000596046448,53.07327210903168,24.976598024368286
stim_60_harmonic.wav,74.99999821186066,10.000000298023224,59.28488731384277,19.383053183555603
stim_60_harmonic.wav,84.99999761581421,49.999998807907104,63.043949604034424,35.972750186920166
stim_60_harmonic.wav,15.000000447034836,60.0,8.331761956214905,39.57108736038208
stim_60_harmonic.wav,54.99999940395355,60.0,35.0467112660408,38.98949146270752
stim_60_harmonic.wav,45.0,60.0,39.08705413341522,49.287943840026855
stim_60_harmonic.wav,45.0,49.999998807907104,43.877527713775635,26.59351944923401
stim_60_harmonic.wav,5.000000037252903,60.0,15.345432758331299,37.67392158508301
stim_60_harmonic.wav,30.00000089406967,30.0,37.1462345123291,26.655750274658203
stim_60_harmonic.wav,45.0,49.999998807907104,41.50490194559097,29.314448833465576
stim_60_harmonic.wav,74.99999821186066,40.000001192092896,63.67451548576355,25.68907141685486
stim_60_harmonic.wav,70.0000011920929,20.000000596046448,52.59133815765381,25.473398566246033
stim_60_harmonic.wav,74.99999821186066,0.0,61.38203144073486,16.35290801525116
stim_60_harmonic.wav,74.99999821186066,40.000001192092896,56.38802647590637,30.857573747634888
stim_60_harmonic.wav,30.00000089406967,10.000000298023224,44.90345120429993,30.451791286468506
stim_60_harmonic.wav,54.99999940395355,40.000001192092896,56.42132341861725,32.97494173049927
stim_60_harmonic.wav,5.000000037252903,20.000000596046448,12.94129103422165,29.469496607780457
stim_60_harmonic.wav,60.00000178813934,30.0,51.435837149620056,26.443676948547363
stim_60_harmonic.wav,30.00000089406967,49.999998807907104,46.819835901260376,35.48041820526123
stim_60_harmonic.wav,90.0,30.0,59.974767565727234,22.396456003189087
stim_60_harmonic.wav,0.0,49.999998807907104,43.194594383239746,29.016072750091553
stim_60_harmonic.wav,25.000001192092896,60.0,42.74446874856949,32.90866255760193
stim_60_harmonic.wav,74.99999821186066,49.999998807907104,52.33586311340332,29.755640029907227
stim_60_harmonic.wav,54.99999940395355,20.000000596046448,48.28009486198425,31.31187915802002
stim_60_harmonic.wav,54.99999940395355,49.999998807907104,45.1663613319397,34.676971435546875
stim_60_harmonic.wav,15.000000447034836,49.999998807907104,29.592490196228027,25.31545400619507
stim_60_harmonic.wav,60.00000178813934,49.999998807907104,59.68624770641327,37.75871515274048
stim_60_harmonic.wav,84.99999761581421,40.000001192092896,65.5063784122467,31.585782766342163
stim_60_harmonic.wav,15.000000447034836,20.000000596046448,19.95904952287674,45.565481185913086
stim_60_harmonic.wav,64.9999988079071,0.0,63.14047694206238,17.000074982643127
stim_60_harmonic.wav,10.000000074505806,20.000000596046448,35.42247533798218,36.51148438453674
stim_60_harmonic.wav,15.000000447034836,40.000001192092896,25.858136415481567,35.41207551956177
stim_60_harmonic.wav,80.00000059604645,30.0,64.0438985824585,21.033520102500916
stim_60_harmonic.wav,64.9999988079071,60.0,51.000144481658936,58.44186544418335
stim_60_harmonic.wav,50.00000238418579,30.0,56.80778682231903,35.66054105758667
stim_60_harmonic.wav,5.000000037252903,10.000000298023224,29.444062113761902,34.58237171173096
stim_60_harmonic.wav,60.00000178813934,10.000000298023224,46.260825991630554,27.70254135131836
stim_60_harmonic.wav,30.00000089406967,0.0,51.11562430858612,40.49813389778137
stim_60_harmonic.wav,64.9999988079071,30.0,56.57456874847412,23.963364958763123
stim_60_harmonic.wav,80.00000059604645,30.0,65.42778968811035,19.84306275844574
stim_60_harmonic.wav,54.99999940395355,30.0,54.294589161872864,25.518177151679993
stim_60_harmonic.wav,10.000000074505806,20.000000596046448,26.164501011371613,33.27936887741089
stim_60_harmonic.wav,10.000000074505806,49.999998807907104,24.559198915958405,26.725035309791565
stim_60_harmonic.wav,35.00000059604645,49.999998807907104,33.20025980472565,41.132469177246094
stim_60_harmonic.wav,45.0,20.000000596046448,48.888296484947205,31.294466257095337
stim_60_harmonic.wav,50.00000238418579,10.000000298023224,51.207125186920166,16.31781578063965
stim_60_harmonic.wav,45.0,49.999998807907104,54.261356592178345,48.1708288192749
stim_60_harmonic.wav,30.00000089406967,30.0,42.41866886615753,35.00770926475525
stim_60_harmonic.wav,45.0,30.0,38.28811526298523,27.519981265068054
stim_60_harmonic.wav,90.0,60.0,43.67801696062088,26.408234238624573
stim_60_harmonic.wav,90.0,49.999998807907104,67.03173995018005,37.61844992637634
stim_60_harmonic.wav,10.000000074505806,20.000000596046448,15.872669219970703,39.528958797454834
stim_60_harmonic.wav,54.99999940395355,40.000001192092896,57.723015546798706,28.174391984939575
stim_60_harmonic.wav,80.00000059604645,30.0,50.40408790111542,29.134697914123535
stim_60_harmonic.wav,20.000000149011612,30.0,59.7310996055603,31.699551343917847
stim_60_harmonic.wav,20.000000149011612,49.999998807907104,35.07061779499054,21.97117567062378
stim_60_harmonic.wav,15.000000447034836,60.0,29.37622904777527,31.573455333709717
stim_60_harmonic.wav,0.0,49.999998807907104,11.463715732097626,35.32343029975891
stim_60_harmonic.wav,35.00000059604645,0.0,41.625199019908905,22.979178428649902
stim_60_harmonic.wav,45.0,0.0,43.23823660612106,26.343196034431458
stim_60_harmonic.wav,45.0,30.0,58.61737132072449,36.86267137527466
stim_60_harmonic.wav,45.0,49.999998807907104,60.13183772563934,58.584144115448
stim_60_harmonic.wav,20.000000149011612,0.0,36.255116164684296,28.018863201141357
stim_60_harmonic.wav,60.00000178813934,40.000001192092896,51.86026453971863,29.989696741104126
stim_60_harmonic.wav,25.000001192092896,40.000001192092896,30.1896733045578,27.518722414970398
stim_60_harmonic.wav,5.000000037252903,60.0,30.489010512828827,29.24081861972809
stim_60_harmonic.wav,30.00000089406967,20.000000596046448,45.544708371162415,26.11002266407013
stim_60_harmonic.wav,90.0,0.0,44.50129419565201,26.052033305168152
stim_60_harmonic.wav,0.0,20.000000596046448,42.40121841430664,34.41145420074463
stim_60_harmonic.wav,64.9999988079071,40.000001192092896,61.48690581321716,31.115548610687256
stim_60_harmonic.wav,70.0000011920929,20.000000596046448,48.812872767448425,25.046830773353577
stim_60_harmonic.wav,60.00000178813934,40.000001192092896,51.134249567985535,30.847467184066772
stim_60_harmonic.wav,35.00000059604645,10.000000298023224,38.489259481430054,23.103516697883606
stim_60_harmonic.wav,15.000000447034836,40.000001192092896,12.184170484542847,25.593963861465454
stim_60_harmonic.wav,15.000000447034836,30.0,25.537596344947815,29.384100437164307
stim_60_harmonic.wav,35.00000059604645,49.999998807907104,42.18441545963287,30.899133682250977
stim_60_harmonic.wav,30.00000089406967,10.000000298023224,50.51820516586304,33.29769730567932
stim_60_harmonic.wav,5.000000037252903,49.999998807907104,25.53981989622116,25.33430814743042
stim_60_harmonic.wav,20.000000149011612,0.0,34.81510519981384,24.62308645248413
stim_60_harmonic.wav,70.0000011920929,30.0,63.71540307998657,32.78151869773865
stim_60_harmonic.wav,80.00000059604645,30.0,52.296262979507446,29.351606369018555
stim_60_harmonic.wav,74.99999821186066,40.000001192092896,54.189462661743164,33.383599519729614
stim_60_harmonic.wav,35.00000059604645,10.000000298023224,45.98082482814789,27.09460437297821
stim_60_harmonic.wav,70.0000011920929,60.0,47.43472158908844,27.872323393821716
stim_60_harmonic.wav,45.0,10.000000298023224,47.332245111465454,19.835734963417053
stim_60_harmonic.wav,40.000000298023224,60.0,27.81673640012741,40.47880411148071
stim_60_harmonic.wav,45.0,40.000001192092896,38.643014430999756,27.330674529075623
stim_60_harmonic.wav,74.99999821186066,10.000000298023224,66.75134181976318,15.177499651908875
stim_60_harmonic.wav,15.000000447034836,49.999998807907104,24.581265449523926,30.45799970626831
stim_60_harmonic.wav,0.0,60.0,19.930567145347595,31.58470630645752
stim_60_harmonic.wav,25.000001192092896,49.999998807907104,28.007567524909973,40.400036573410034
stim_60_harmonic.wav,54.99999940395355,10.000000298023224,60.772526264190674,25.556064248085022
stim_60_harmonic.wav,25.000001192092896,30.0,45.03045380115509,28.417993783950806
stim_60_harmonic.wav,45.0,30.0,40.303199887275696,26.88261866569519
stim_60_harmonic.wav,40.000000298023224,40.000001192092896,34.81599301099777,31.186083555221558
stim_60_harmonic.wav,84.99999761581421,10.000000298023224,60.80765247344971,27.58545219898224
stim_60_harmonic.wav,45.0,60.0,30.800347924232483,42.907254695892334
stim_60_harmonic.wav,0.0,10.000000298023224,24.405827522277832,28.418306708335876
stim_60_harmonic.wav,35.00000059604645,20.000000596046448,43.21642220020294,35.28941631317139
stim_60_harmonic.wav,60.00000178813934,0.0,41.412089467048645,24.393691420555115
stim_60_harmonic.wav,60.00000178813934,60.0,40.925576984882355,44.05752182006836
stim_60_harmonic.wav,54.99999940395355,30.0,73.60858082771301,38.14897656440735
stim_60_harmonic.wav,84.99999761581421,0.0,65.74294924736023,14.654225707054138
stim_60_harmonic.wav,25.000001192092896,20.000000596046448,40.0534862279892,25.82123100757599
stim_60_harmonic.wav,25.000001192092896,60.0,38.35789293050766,32.93975114822388
stim_60_harmonic.wav,80.00000059604645,49.999998807907104,50.25852978229523,25.04882276058197
stim_60_harmonic.wav,60.00000178813934,30.0,48.65665018558502,31.914010047912598
stim_60_harmonic.wav,54.99999940395355,10.000000298023224,42.31582224369049,27.102999687194824
stim_92_harmonic.wav,50.00000238418579,30.0,41.299348175525665,26.224154233932495
stim_92_harmonic.wav,80.00000059604645,60.0,42.8347572684288,25.9982568025589
stim_92_harmonic.wav,70.0000011920929,60.0,41.637955605983734,30.71759819984436
stim_92_harmonic.wav,64.9999988079071,49.999998807907104,43.01539868116379,27.86955714225769
stim_92_harmonic.wav,30.00000089406967,20.000000596046448,34.12208408117294,31.300578117370605
stim_92_harmonic.wav,30.00000089406967,60.0,31.665888726711273,32.82758831977844
stim_92_harmonic.wav,0.0,60.0,41.92864537239075,26.15717053413391
stim_92_harmonic.wav,30.00000089406967,10.000000298023224,42.37194746732712,26.19043529033661
stim_92_harmonic.wav,84.99999761581421,49.999998807907104,42.339173555374146,26.750671863555908
stim_92_harmonic.wav,20.000000149011612,49.999998807907104,42.10492819547653,26.04335367679596
stim_92_harmonic.wav,74.99999821186066,0.0,43.91511082649231,30.702087879180908
stim_92_harmonic.wav,50.00000238418579,0.0,48.214868903160095,24.99313473701477
stim_92_harmonic.wav,10.000000074505806,10.000000298023224,41.006971299648285,26.27675771713257
stim_92_harmonic.wav,35.00000059604645,49.999998807907104,39.49403643608093,26.423951983451843
stim_92_harmonic.wav,54.99999940395355,49.999998807907104,42.45445758104324,26.420942544937134
stim_92_harmonic.wav,60.00000178813934,20.000000596046448,42.40614295005798,26.42385184764862
stim_92_harmonic.wav,10.000000074505806,20.000000596046448,26.939662098884583,32.46560096740723
stim_92_harmonic.wav,80.00000059604645,0.0,41.80873453617096,27.028663158416748
stim_92_harmonic.wav,40.000000298023224,0.0,42.32429265975952,26.052814722061157
stim_92_harmonic.wav,35.00000059604645,60.0,42.30473130941391,26.03578269481659
stim_92_harmonic.wav,64.9999988079071,30.0,41.38745337724686,26.231850385665894
stim_92_harmonic.wav,80.00000059604645,20.000000596046448,49.7760272026062,24.90534782409668
stim_92_harmonic.wav,70.0000011920929,20.000000596046448,43.506586253643036,27.45144546031952
stim_92_harmonic.wav,15.000000447034836,0.0,38.40851426124573,30.90844988822937
stim_92_harmonic.wav,64.9999988079071,0.0,42.420326471328735,25.73771059513092
stim_92_harmonic.wav,64.9999988079071,49.999998807907104,41.69054836034775,26.232510209083557
stim_92_harmonic.wav,70.0000011920929,20.000000596046448,58.63505780696869,32.65238642692566
stim_92_harmonic.wav,70.0000011920929,30.0,41.641300320625305,26.026509404182434
stim_92_harmonic.wav,45.0,10.000000298023224,41.423223316669464,26.353390216827393
stim_92_harmonic.wav,45.0,30.0,41.612616777420044,26.264553666114807
stim_92_harmonic.wav,84.99999761581421,20.000000596046448,41.82467758655548,26.352258324623108
stim_92_harmonic.wav,54.99999940395355,49.999998807907104,41.29132032394409,26.328063011169434
stim_92_harmonic.wav,40.000000298023224,49.999998807907104,41.41192585229874,26.20378017425537
stim_92_harmonic.wav,10.000000074505806,60.0,41.15797162055969,26.18241548538208
stim_92_harmonic.wav,60.00000178813934,0.0,41.62353873252869,26.221012473106384
stim_92_harmonic.wav,60.00000178813934,10.000000298023224,41.83818519115448,26.26277267932892
stim_92_harmonic.wav,54.99999940395355,20.000000596046448,41.807959377765656,26.11378848552704
stim_92_harmonic.wav,10.000000074505806,30.0,29.921597242355347,30.942342281341553
stim_92_harmonic.wav,0.0,0.0,41.60525679588318,26.411320567131042
stim_92_harmonic.wav,30.00000089406967,20.000000596046448,42.080149948596954,25.911532044410706
stim_92_harmonic.wav,84.99999761581421,49.999998807907104,41.80442422628403,26.23946964740753
stim_92_harmonic.wav,54.99999940395355,30.0,42.090983390808105,26.086653470993042
stim_92_harmonic.wav,30.00000089406967,60.0,41.67670011520386,26.072582602500916
stim_92_harmonic.wav,45.0,40.000001192092896,47.588884234428406,27.490140795707703
stim_92_harmonic.wav,50.00000238418579,10.000000298023224,50.55890500545502,27.142374515533447
stim_92_harmonic.wav,70.0000011920929,0.0,42.107940316200256,26.21408700942993
stim_92_harmonic.wav,70.0000011920929,49.999998807907104,44.970930218696594,28.185505270957947
stim_92_harmonic.wav,25.000001192092896,49.999998807907104,41.73446148633957,26.065964698791504
stim_92_harmonic.wav,54.99999940395355,49.999998807907104,41.50827348232269,26.460474729537964
stim_92_harmonic.wav,70.0000011920929,20.000000596046448,41.397128105163574,26.13561987876892
stim_92_harmonic.wav,20.000000149011612,0.0,39.1847026348114,21.12817883491516
stim_92_harmonic.wav,70.0000011920929,49.999998807907104,41.07835829257965,26.235458850860596
stim_92_harmonic.wav,25.000001192092896,40.000001192092896,37.70802587270737,24.75234031677246
stim_92_harmonic.wav,20.000000149011612,60.0,41.91764295101166,26.0571151971817
stim_92_harmonic.wav,90.0,30.0,42.8476157784462,25.89917778968811
stim_92_harmonic.wav,30.00000089406967,49.999998807907104,41.889353692531586,26.30721688270569
stim_92_harmonic.wav,20.000000149011612,40.000001192092896,39.93489235639572,26.215667724609375
stim_92_harmonic.wav,15.000000447034836,49.999998807907104,41.114262342453,26.19180679321289
stim_92_harmonic.wav,10.000000074505806,40.000001192092896,41.99819505214691,26.133973002433777
stim_92_harmonic.wav,10.000000074505806,49.999998807907104,21.173135340213776,32.8521466255188
stim_92_harmonic.wav,15.000000447034836,30.0,41.83758705854416,25.955126881599426
stim_92_harmonic.wav,30.00000089406967,20.000000596046448,41.21984750032425,26.221588253974915
stim_92_harmonic.wav,84.99999761581421,0.0,42.558516561985016,26.589045524597168
stim_92_harmonic.wav,84.99999761581421,10.000000298023224,29.34673547744751,37.489471435546875
stim_92_harmonic.wav,25.000001192092896,10.000000298023224,41.325038373470306,26.185060143470764
stim_92_harmonic.wav,64.9999988079071,30.0,41.75671845674515,26.215837597846985
stim_92_harmonic.wav,20.000000149011612,10.000000298023224,41.821550130844116,26.08951985836029
stim_92_harmonic.wav,10.000000074505806,49.999998807907104,43.8613486289978,25.241092443466187
stim_92_harmonic.wav,50.00000238418579,49.999998807907104,43.63974720239639,25.427892208099365
stim_92_harmonic.wav,5.000000037252903,30.0,42.870167791843414,25.98857581615448
stim_92_harmonic.wav,0.0,49.999998807907104,40.635080337524414,26.2935072183609
stim_92_harmonic.wav,10.000000074505806,40.000001192092896,41.12102955579758,26.13605797290802
stim_92_harmonic.wav,10.000000074505806,60.0,20.02197414636612,29.920356273651123
stim_92_harmonic.wav,45.0,49.999998807907104,42.08753138780594,26.401641368865967
stim_92_harmonic.wav,70.0000011920929,20.000000596046448,42.11378484964371,25.817281007766724
stim_92_harmonic.wav,0.0,0.0,41.52483344078064,26.242831349372864
stim_92_harmonic.wav,80.00000059604645,10.000000298023224,42.77407228946686,27.794249653816223
stim_92_harmonic.wav,10.000000074505806,20.000000596046448,41.786659955978394,26.147337555885315
stim_92_harmonic.wav,15.000000447034836,49.999998807907104,26.55749022960663,33.896777629852295
stim_92_harmonic.wav,30.00000089406967,60.0,41.96331828832626,26.17395579814911
stim_92_harmonic.wav,10.000000074505806,60.0,44.76932466030121,26.104740500450134
stim_92_harmonic.wav,50.00000238418579,49.999998807907104,42.17443227767944,26.075570583343506
stim_92_harmonic.wav,80.00000059604645,30.0,42.95138776302338,26.547399759292603
stim_92_harmonic.wav,20.000000149011612,30.0,38.83568823337555,27.869730591773987
stim_92_harmonic.wav,15.000000447034836,20.000000596046448,41.310476660728455,26.163541674613953
stim_92_harmonic.wav,25.000001192092896,30.0,38.81243348121643,23.170530796051025
stim_92_harmonic.wav,54.99999940395355,49.999998807907104,41.68580085039139,26.21450364589691
stim_92_harmonic.wav,5.000000037252903,0.0,41.49481952190399,26.081358790397644
stim_92_harmonic.wav,70.0000011920929,0.0,43.169118762016296,27.840099334716797
stim_92_harmonic.wav,5.000000037252903,20.000000596046448,17.405109107494354,31.065537929534912
stim_92_harmonic.wav,10.000000074505806,49.999998807907104,38.11151593923569,26.778947710990906
stim_92_harmonic.wav,40.000000298023224,40.000001192092896,40.9969961643219,26.277281641960144
stim_92_harmonic.wav,84.99999761581421,0.0,39.523411989212036,28.579028248786926
stim_92_harmonic.wav,10.000000074505806,60.0,19.478958249092102,29.889530539512634
stim_92_harmonic.wav,10.000000074505806,10.000000298023224,22.52118408679962,35.72951316833496
stim_92_harmonic.wav,35.00000059604645,40.000001192092896,39.91770476102829,34.02401804924011
stim_92_harmonic.wav,70.0000011920929,0.0,58.29502880573273,37.84557580947876
stim_92_harmonic.wav,30.00000089406967,40.000001192092896,42.205757796764374,26.350958347320557
stim_92_harmonic.wav,70.0000011920929,49.999998807907104,47.999412417411804,27.253594994544983
stim_92_harmonic.wav,25.000001192092896,10.000000298023224,41.75573408603668,26.022169589996338
stim_92_harmonic.wav,64.9999988079071,20.000000596046448,61.62108063697815,33.787972927093506
stim_92_harmonic.wav,5.000000037252903,10.000000298023224,41.13271325826645,26.189473271369934
stim_92_harmonic.wav,84.99999761581421,30.0,42.00913041830063,25.92881977558136
stim_92_harmonic.wav,35.00000059604645,40.000001192092896,41.913338005542755,26.255924105644226
stim_92_harmonic.wav,45.0,60.0,41.1868616938591,26.19226098060608
stim_92_harmonic.wav,30.00000089406967,30.0,41.13902986049652,26.239317655563354
stim_92_harmonic.wav,15.000000447034836,10.000000298023224,41.40983372926712,26.161322593688965
stim_92_harmonic.wav,30.00000089406967,10.000000298023224,44.068323969841,37.4039626121521
stim_92_harmonic.wav,90.0,49.999998807907104,44.597000777721405,25.971577763557434
stim_92_harmonic.wav,54.99999940395355,10.000000298023224,47.3782879114151,27.53444194793701
stim_92_harmonic.wav,35.00000059604645,20.000000596046448,41.25961124897003,26.978098154067993
stim_92_harmonic.wav,30.00000089406967,30.0,41.91589415073395,26.018117666244507
stim_92_harmonic.wav,15.000000447034836,30.0,41.12928807735443,26.32806122303009
stim_92_harmonic.wav,50.00000238418579,20.000000596046448,43.785535991191864,19.30262804031372
stim_65_harmonic.wav,5.000000037252903,30.0,24.358052015304565,26.24900221824646
stim_65_harmonic.wav,10.000000074505806,49.999998807907104,22.646647095680237,29.356437921524048
stim_65_harmonic.wav,40.000000298023224,40.000001192092896,53.608887791633606,30.087565183639526
stim_65_harmonic.wav,45.0,49.999998807907104,50.72995483875275,25.617059469223022
stim_65_harmonic.wav,54.99999940395355,20.000000596046448,44.15748059749603,26.505814790725708
stim_65_harmonic.wav,54.99999940395355,40.000001192092896,57.76156425476074,31.0132098197937
stim_65_harmonic.wav,45.0,20.000000596046448,49.60954785346985,20.255886912345886
stim_65_harmonic.wav,5.000000037252903,0.0,6.654163599014282,37.338387966156006
stim_65_harmonic.wav,35.00000059604645,0.0,41.7890202999115,27.588504552841187
stim_65_harmonic.wav,35.00000059604645,20.000000596046448,53.98730993270874,23.78672182559967
stim_65_harmonic.wav,10.000000074505806,30.0,12.730965614318848,33.79941701889038
stim_65_harmonic.wav,74.99999821186066,10.000000298023224,49.1763174533844,24.013543725013733
stim_65_harmonic.wav,5.000000037252903,10.000000298023224,23.27364295721054,25.318329334259033
stim_65_harmonic.wav,10.000000074505806,0.0,24.32749629020691,27.728118896484375
stim_65_harmonic.wav,80.00000059604645,49.999998807907104,72.99898982048035,38.83803963661194
stim_65_harmonic.wav,40.000000298023224,20.000000596046448,48.562955260276794,22.66707479953766
stim_65_harmonic.wav,74.99999821186066,60.0,48.919753432273865,28.361538648605347
stim_65_harmonic.wav,60.00000178813934,49.999998807907104,43.88284921646118,29.841529726982117
stim_65_harmonic.wav,15.000000447034836,49.999998807907104,15.966683328151703,39.31921720504761
stim_65_harmonic.wav,0.0,40.000001192092896,28.36984008550644,27.225966453552246
stim_65_harmonic.wav,64.9999988079071,0.0,73.41576218605042,29.89599108695984
stim_65_harmonic.wav,20.000000149011612,49.999998807907104,19.387622326612473,45.44655203819275
stim_65_harmonic.wav,45.0,10.000000298023224,46.6094970703125,27.76200234889984
stim_65_harmonic.wav,60.00000178813934,49.999998807907104,58.09002220630646,36.739325523376465
stim_65_harmonic.wav,64.9999988079071,20.000000596046448,56.9775652885437,25.585389733314514
stim_65_harmonic.wav,0.0,60.0,28.31800103187561,26.944987177848816
stim_65_harmonic.wav,15.000000447034836,49.999998807907104,30.810556411743164,31.436995267868042
stim_65_harmonic.wav,80.00000059604645,30.0,71.88830852508545,34.48972463607788
stim_65_harmonic.wav,0.0,60.0,20.892906188964844,30.220048427581787
stim_65_harmonic.wav,40.000000298023224,49.999998807907104,44.587916135787964,27.207738161087036
stim_65_harmonic.wav,60.00000178813934,60.0,51.996928453445435,30.65238118171692
stim_65_harmonic.wav,64.9999988079071,49.999998807907104,52.23482966423035,31.069085597991943
stim_65_harmonic.wav,60.00000178813934,30.0,54.94006812572479,33.35353374481201
stim_65_harmonic.wav,54.99999940395355,49.999998807907104,51.57285511493683,32.37504243850708
stim_65_harmonic.wav,45.0,30.0,45.32917678356171,29.014899730682373
stim_65_harmonic.wav,5.000000037252903,0.0,5.387187302112579,35.86940288543701
stim_65_harmonic.wav,60.00000178813934,20.000000596046448,58.469340205192566,28.870171308517456
stim_65_harmonic.wav,10.000000074505806,40.000001192092896,35.465607941150665,29.477977752685547
stim_65_harmonic.wav,80.00000059604645,10.000000298023224,55.60699939727783,17.800233364105225
stim_65_harmonic.wav,64.9999988079071,30.0,65.20547747612,23.106071949005127
stim_65_harmonic.wav,90.0,60.0,49.9551397562027,22.636982202529907
stim_65_harmonic.wav,10.000000074505806,0.0,13.999945521354675,29.732966423034668
stim_65_harmonic.wav,45.0,49.999998807907104,47.006126046180725,32.8824520111084
stim_65_harmonic.wav,64.9999988079071,30.0,58.838390707969666,20.23706316947937
stim_65_harmonic.wav,45.0,10.000000298023224,48.07714819908142,27.200381755828857
stim_65_harmonic.wav,30.00000089406967,0.0,47.765421867370605,30.75027108192444
stim_65_harmonic.wav,90.0,49.999998807907104,62.391518354415894,29.041319489479065
stim_65_harmonic.wav,20.000000149011612,10.000000298023224,39.633795619010925,33.392783403396606
stim_65_harmonic.wav,64.9999988079071,0.0,64.62248861789703,20.604717135429382
stim_65_harmonic.wav,45.0,49.999998807907104,45.663025975227356,25.805175304412842
stim_65_harmonic.wav,35.00000059604645,60.0,31.558675467967987,37.57315993309021
stim_65_harmonic.wav,80.00000059604645,10.000000298023224,53.71132135391235,19.84026789665222
stim_65_harmonic.wav,5.000000037252903,49.999998807907104,31.950658857822418,26.779414415359497
stim_65_harmonic.wav,80.00000059604645,0.0,70.28292059898376,9.029241800308228
stim_65_harmonic.wav,0.0,20.000000596046448,32.43878871202469,31.55673623085022
stim_65_harmonic.wav,40.000000298023224,10.000000298023224,53.71841311454773,33.2417106628418
stim_65_harmonic.wav,74.99999821186066,49.999998807907104,52.59004533290863,24.584092497825623
stim_65_harmonic.wav,40.000000298023224,0.0,43.9911487698555,28.133211135864258
stim_65_harmonic.wav,15.000000447034836,30.0,37.40904003381729,32.24629998207092
stim_65_harmonic.wav,50.00000238418579,60.0,44.33728784322739,27.703219056129456
stim_65_harmonic.wav,20.000000149011612,40.000001192092896,23.59801322221756,42.829670906066895
stim_65_harmonic.wav,25.000001192092896,0.0,41.896391808986664,25.468332767486572
stim_65_harmonic.wav,80.00000059604645,40.000001192092896,68.85186016559601,38.45180153846741
stim_65_harmonic.wav,30.00000089406967,10.000000298023224,44.81782704591751,25.44021785259247
stim_65_harmonic.wav,45.0,30.0,46.18351936340332,25.77867329120636
stim_65_harmonic.wav,10.000000074505806,60.0,8.09890866279602,31.256704330444336
stim_65_harmonic.wav,84.99999761581421,30.0,78.96687805652618,26.85581088066101
stim_65_harmonic.wav,80.00000059604645,40.000001192092896,55.44878661632538,25.384878516197205
stim_65_harmonic.wav,50.00000238418579,40.000001192092896,47.1388578414917,32.02545762062073
stim_65_harmonic.wav,30.00000089406967,30.0,40.41781336069107,29.975711703300476
stim_65_harmonic.wav,25.000001192092896,30.0,34.23859655857086,31.549168825149536
stim_65_harmonic.wav,0.0,0.0,8.77645879983902,27.205238342285156
stim_65_harmonic.wav,5.000000037252903,60.0,27.171697318553925,30.16600012779236
stim_65_harmonic.wav,54.99999940395355,30.0,73.64630341529846,40.778796672821045
stim_65_harmonic.wav,35.00000059604645,60.0,35.05580931901932,36.7199170589447
stim_65_harmonic.wav,10.000000074505806,0.0,12.185321152210236,34.64439868927002
stim_65_harmonic.wav,60.00000178813934,40.000001192092896,58.120062947273254,32.08990216255188
stim_65_harmonic.wav,20.000000149011612,0.0,28.572443425655365,20.119932889938354
stim_65_harmonic.wav,30.00000089406967,20.000000596046448,53.43958139419556,19.480934143066406
stim_65_harmonic.wav,35.00000059604645,0.0,45.97527801990509,26.004504561424255
stim_65_harmonic.wav,5.000000037252903,49.999998807907104,34.91175591945648,31.622060537338257
stim_65_harmonic.wav,35.00000059604645,30.0,50.274306535720825,36.18443727493286
stim_65_harmonic.wav,90.0,40.000001192092896,58.808929324150085,27.094430923461914
stim_65_harmonic.wav,54.99999940395355,30.0,66.69593811035156,36.16620898246765
stim_65_harmonic.wav,15.000000447034836,30.0,40.359676480293274,36.81103706359863
stim_65_harmonic.wav,25.000001192092896,0.0,40.5525729060173,28.452415466308594
stim_65_harmonic.wav,80.00000059604645,20.000000596046448,71.08298063278198,26.764102578163147
stim_65_harmonic.wav,0.0,49.999998807907104,34.03512418270111,29.10223960876465
stim_65_harmonic.wav,74.99999821186066,60.0,47.98234283924103,33.44523310661316
stim_65_harmonic.wav,30.00000089406967,40.000001192092896,40.70590943098068,28.017917275428772
stim_65_harmonic.wav,10.000000074505806,10.000000298023224,9.585941433906555,28.85198414325714
stim_65_harmonic.wav,54.99999940395355,40.000001192092896,44.64783936738968,31.20690107345581
stim_65_harmonic.wav,15.000000447034836,60.0,11.828345954418182,32.55883455276489
stim_65_harmonic.wav,40.000000298023224,10.000000298023224,51.353192925453186,37.59221792221069
stim_65_harmonic.wav,10.000000074505806,40.000001192092896,11.81057095527649,32.22606539726257
stim_65_harmonic.wav,45.0,30.0,45.096484422683716,28.122775554656982
stim_65_harmonic.wav,60.00000178813934,30.0,57.305041551589966,36.84860944747925
stim_65_harmonic.wav,5.000000037252903,60.0,17.363652884960175,32.3017144203186
stim_65_harmonic.wav,70.0000011920929,30.0,65.95343828201294,28.168160319328308
stim_65_harmonic.wav,40.000000298023224,60.0,30.279106199741364,45.758421421051025
stim_65_harmonic.wav,10.000000074505806,10.000000298023224,37.347169518470764,26.105992197990417
stim_65_harmonic.wav,15.000000447034836,0.0,24.400758147239685,30.4096519947052
stim_65_harmonic.wav,15.000000447034836,10.000000298023224,30.001580715179443,33.29132437705994
stim_65_harmonic.wav,25.000001192092896,20.000000596046448,30.463714599609375,32.9262113571167
stim_65_harmonic.wav,60.00000178813934,49.999998807907104,41.2313649058342,26.387357711791992
stim_65_harmonic.wav,54.99999940395355,30.0,62.964245080947876,26.682922840118408
stim_65_harmonic.wav,10.000000074505806,40.000001192092896,26.594373285770416,37.115639448165894
stim_65_harmonic.wav,64.9999988079071,0.0,64.42866683006287,14.658474326133728
stim_65_harmonic.wav,20.000000149011612,60.0,15.957349240779877,33.3171272277832
stim_65_harmonic.wav,80.00000059604645,20.000000596046448,40.21462798118591,33.01767110824585
stim_65_harmonic.wav,15.000000447034836,60.0,4.380323588848114,32.72656202316284
stim_65_harmonic.wav,54.99999940395355,60.0,30.42665719985962,42.45406150817871
stim_65_harmonic.wav,40.000000298023224,10.000000298023224,49.8769748210907,31.848896741867065
stim_65_harmonic.wav,35.00000059604645,30.0,48.06761026382446,39.0432608127594
stim_65_harmonic.wav,45.0,20.000000596046448,45.548914074897766,18.198114037513733
stim_65_harmonic.wav,50.00000238418579,10.000000298023224,45.83488583564758,30.941609144210815
stim_65_harmonic.wav,60.00000178813934,10.000000298023224,56.766475439071655,31.57281517982483
stim_65_harmonic.wav,74.99999821186066,10.000000298023224,73.0958604812622,10.751169919967651
stim_65_harmonic.wav,80.00000059604645,60.0,56.359477043151855,23.92492175102234
stim_65_harmonic.wav,30.00000089406967,49.999998807907104,46.20875358581543,28.62207055091858
stim_65_harmonic.wav,30.00000089406967,0.0,51.9535356760025,35.94838857650757
stim_55_harmonic.wav,54.99999940395355,10.000000298023224,54.132750034332275,23.407992124557495
stim_55_harmonic.wav,74.99999821186066,30.0,59.28223729133606,25.06390929222107
stim_55_harmonic.wav,60.00000178813934,0.0,34.553589820861816,34.96087431907654
stim_55_harmonic.wav,25.000001192092896,0.0,37.11152136325836,30.90823531150818
stim_55_harmonic.wav,90.0,49.999998807907104,66.49234771728516,27.641723155975342
stim_55_harmonic.wav,40.000000298023224,60.0,31.226947903633118,48.97386431694031
stim_55_harmonic.wav,54.99999940395355,40.000001192092896,43.80446434020996,28.775639533996582
stim_55_harmonic.wav,5.000000037252903,0.0,15.29186636209488,30.75387954711914
stim_55_harmonic.wav,54.99999940395355,30.0,62.01439440250397,32.19322085380554
stim_55_harmonic.wav,20.000000149011612,60.0,21.760940104722977,31.195685863494873
stim_55_harmonic.wav,30.00000089406967,10.000000298023224,58.74488353729248,34.34272527694702
stim_55_harmonic.wav,84.99999761581421,20.000000596046448,51.44579887390137,26.483575701713562
stim_55_harmonic.wav,45.0,20.000000596046448,38.66415560245514,21.005877256393433
stim_55_harmonic.wav,54.99999940395355,0.0,57.5268280506134,27.641685605049133
stim_55_harmonic.wav,45.0,20.000000596046448,54.50063645839691,29.314858317375183
stim_55_harmonic.wav,45.0,30.0,40.19288331270218,30.577125549316406
stim_55_harmonic.wav,84.99999761581421,10.000000298023224,63.592000007629395,24.986674189567566
stim_55_harmonic.wav,60.00000178813934,20.000000596046448,54.43673551082611,24.829110503196716
stim_55_harmonic.wav,80.00000059604645,20.000000596046448,45.21854102611542,31.56559109687805
stim_55_harmonic.wav,64.9999988079071,30.0,47.76676297187805,33.805339336395264
stim_55_harmonic.wav,70.0000011920929,0.0,58.57927322387695,22.711200714111328
stim_55_harmonic.wav,60.00000178813934,0.0,63.57720494270325,24.084112644195557
stim_55_harmonic.wav,5.000000037252903,10.000000298023224,15.953819453716278,32.297773361206055
stim_55_harmonic.wav,20.000000149011612,20.000000596046448,32.90773272514343,31.44505262374878
stim_55_harmonic.wav,10.000000074505806,10.000000298023224,29.443434476852417,26.239047646522522
stim_55_harmonic.wav,5.000000037252903,49.999998807907104,11.855825185775757,32.42713451385498
stim_55_harmonic.wav,40.000000298023224,20.000000596046448,53.17661762237549,34.34785008430481
stim_55_harmonic.wav,54.99999940395355,20.000000596046448,54.68427658081055,28.356893062591553
stim_55_harmonic.wav,10.000000074505806,40.000001192092896,35.57399868965149,28.971957564353943
stim_55_harmonic.wav,20.000000149011612,20.000000596046448,40.16308128833771,32.56383419036865
stim_55_harmonic.wav,84.99999761581421,20.000000596046448,60.781409740448,19.53292429447174
stim_55_harmonic.wav,15.000000447034836,40.000001192092896,34.93410676717758,28.276609182357788
stim_55_harmonic.wav,25.000001192092896,60.0,24.163843989372253,34.25958752632141
stim_55_harmonic.wav,20.000000149011612,10.000000298023224,22.471472024917603,23.30556571483612
stim_55_harmonic.wav,0.0,40.000001192092896,44.03330773115158,36.65268301963806
stim_55_harmonic.wav,25.000001192092896,60.0,33.9488160610199,32.63870716094971
stim_55_harmonic.wav,64.9999988079071,60.0,43.49810242652893,23.381364941596985
stim_55_harmonic.wav,5.000000037252903,0.0,23.421419262886047,29.655548930168152
stim_55_harmonic.wav,54.99999940395355,20.000000596046448,44.28052693605423,39.91212487220764
stim_55_harmonic.wav,84.99999761581421,30.0,41.216977536678314,27.29827344417572
stim_55_harmonic.wav,54.99999940395355,40.000001192092896,53.13591241836548,19.473953247070312
stim_55_harmonic.wav,64.9999988079071,0.0,50.33717751502991,31.95185422897339
stim_55_harmonic.wav,80.00000059604645,49.999998807907104,67.32565641403198,28.41270625591278
stim_55_harmonic.wav,50.00000238418579,40.000001192092896,53.94712507724762,20.233706831932068
stim_55_harmonic.wav,80.00000059604645,20.000000596046448,57.57988750934601,21.60697102546692
stim_55_harmonic.wav,60.00000178813934,49.999998807907104,60.349745750427246,29.848265647888184
stim_55_harmonic.wav,54.99999940395355,20.000000596046448,61.391714215278625,31.88997745513916
stim_55_harmonic.wav,40.000000298023224,40.000001192092896,48.0183219909668,34.62010145187378
stim_55_harmonic.wav,5.000000037252903,49.999998807907104,21.069103181362152,33.958343267440796
stim_55_harmonic.wav,25.000001192092896,0.0,41.90365791320801,27.052225470542908
stim_55_harmonic.wav,0.0,60.0,32.88955271244049,41.364744901657104
stim_55_harmonic.wav,20.000000149011612,0.0,26.377728581428528,39.10675048828125
stim_55_harmonic.wav,70.0000011920929,10.000000298023224,47.009854316711426,30.170756578445435
stim_55_harmonic.wav,5.000000037252903,10.000000298023224,9.442542493343353,37.461562156677246
stim_55_harmonic.wav,30.00000089406967,49.999998807907104,48.66673529148102,44.184032678604126
stim_55_harmonic.wav,80.00000059604645,0.0,61.62709414958954,17.068573236465454
stim_55_harmonic.wav,74.99999821186066,10.000000298023224,55.800719261169434,21.58810257911682
stim_55_harmonic.wav,70.0000011920929,10.000000298023224,60.72424113750458,19.868463277816772
stim_55_harmonic.wav,70.0000011920929,49.999998807907104,57.8775429725647,32.955143451690674
stim_55_harmonic.wav,64.9999988079071,60.0,42.8558287024498,58.00695061683655
stim_55_harmonic.wav,40.000000298023224,30.0,50.838879346847534,31.702165603637695
stim_55_harmonic.wav,64.9999988079071,60.0,48.820120096206665,25.879637002944946
stim_55_harmonic.wav,50.00000238418579,49.999998807907104,51.85839235782623,31.205989122390747
stim_55_harmonic.wav,0.0,40.000001192092896,32.8683203458786,27.493767142295837
stim_55_harmonic.wav,80.00000059604645,40.000001192092896,45.28665840625763,25.497225522994995
stim_55_harmonic.wav,80.00000059604645,0.0,56.44229292869568,27.499725222587585
stim_55_harmonic.wav,70.0000011920929,10.000000298023224,66.31718873977661,18.309139609336853
stim_55_harmonic.wav,30.00000089406967,30.0,38.225576877593994,33.47608923912048
stim_55_harmonic.wav,20.000000149011612,10.000000298023224,32.91047930717468,22.275204062461853
stim_55_harmonic.wav,20.000000149011612,49.999998807907104,24.9736350774765,39.286311864852905
stim_55_harmonic.wav,50.00000238418579,0.0,51.774691343307495,26.90129041671753
stim_55_harmonic.wav,54.99999940395355,0.0,57.70898222923279,25.559474229812622
stim_55_harmonic.wav,84.99999761581421,30.0,61.4901727437973,21.986618041992188
stim_55_harmonic.wav,45.0,40.000001192092896,58.153499364852905,41.29395604133606
stim_55_harmonic.wav,54.99999940395355,0.0,52.32704401016235,23.52036952972412
stim_55_harmonic.wav,5.000000037252903,30.0,51.54357075691223,30.60581088066101
stim_55_harmonic.wav,0.0,0.0,26.211702525615692,25.726393461227417
stim_55_harmonic.wav,60.00000178813934,0.0,61.92050099372864,21.173136234283447
stim_55_harmonic.wav,70.0000011920929,60.0,52.858561277389526,27.13203728199005
stim_55_harmonic.wav,0.0,20.000000596046448,14.112904071807861,31.616588830947876
stim_55_harmonic.wav,0.0,10.000000298023224,33.043490052223206,31.35482668876648
stim_55_harmonic.wav,40.000000298023224,49.999998807907104,48.93158733844757,36.962324380874634
stim_55_harmonic.wav,60.00000178813934,0.0,56.5388149023056,21.457529067993164
stim_55_harmonic.wav,60.00000178813934,60.0,58.09739828109741,48.617738485336304
stim_55_harmonic.wav,5.000000037252903,10.000000298023224,33.13813716173172,32.36072301864624
stim_55_harmonic.wav,60.00000178813934,0.0,63.46721291542053,19.863474369049072
stim_55_harmonic.wav,15.000000447034836,20.000000596046448,16.33529931306839,21.774653792381287
stim_55_harmonic.wav,60.00000178813934,60.0,57.18713164329529,20.56207001209259
stim_55_harmonic.wav,80.00000059604645,20.000000596046448,48.60319375991821,23.794400095939636
stim_55_harmonic.wav,50.00000238418579,0.0,56.89776420593262,25.057750940322876
stim_55_harmonic.wav,84.99999761581421,10.000000298023224,43.1813845038414,26.496217846870422
stim_55_harmonic.wav,84.99999761581421,20.000000596046448,39.665174782276154,25.585613250732422
stim_55_harmonic.wav,35.00000059604645,10.000000298023224,49.796154499053955,32.238932847976685
stim_55_harmonic.wav,15.000000447034836,20.000000596046448,25.126684606075287,29.049882888793945
stim_55_harmonic.wav,5.000000037252903,0.0,12.768014967441559,37.84080505371094
stim_55_harmonic.wav,20.000000149011612,40.000001192092896,31.56445562839508,30.47999382019043
stim_55_harmonic.wav,74.99999821186066,40.000001192092896,57.69451975822449,21.710205674171448
stim_55_harmonic.wav,90.0,20.000000596046448,46.8549782037735,26.595847606658936
stim_55_harmonic.wav,74.99999821186066,49.999998807907104,68.24922680854797,28.58250081539154
stim_55_harmonic.wav,64.9999988079071,40.000001192092896,53.68560433387756,37.110968828201294
stim_55_harmonic.wav,84.99999761581421,20.000000596046448,55.07045030593872,24.76635217666626
stim_55_harmonic.wav,45.0,20.000000596046448,54.27842617034912,24.15227472782135
stim_55_harmonic.wav,10.000000074505806,20.000000596046448,36.22775763273239,31.23535394668579
stim_55_harmonic.wav,10.000000074505806,20.000000596046448,30.459278225898743,34.182565212249756
stim_55_harmonic.wav,30.00000089406967,60.0,29.50311630964279,10.18090009689331
stim_55_harmonic.wav,70.0000011920929,60.0,42.44066834449768,27.732038497924805
stim_55_harmonic.wav,20.000000149011612,30.0,16.960838735103607,32.55471467971802
stim_55_harmonic.wav,45.0,49.999998807907104,65.08080303668976,42.387142181396484
stim_55_harmonic.wav,54.99999940395355,49.999998807907104,45.8110249042511,29.57708716392517
stim_55_harmonic.wav,35.00000059604645,10.000000298023224,36.687096655368805,29.52517032623291
stim_55_harmonic.wav,30.00000089406967,10.000000298023224,47.84004092216492,32.59128928184509
stim_55_harmonic.wav,30.00000089406967,40.000001192092896,36.11361891031265,30.656708478927612
stim_55_harmonic.wav,0.0,49.999998807907104,43.06845277547836,24.80892062187195
stim_55_harmonic.wav,20.000000149011612,20.000000596046448,43.705370128154755,29.96139943599701
stim_55_harmonic.wav,10.000000074505806,49.999998807907104,13.172529637813568,35.78691244125366
stim_55_harmonic.wav,74.99999821186066,49.999998807907104,46.79800271987915,32.460973262786865
stim_55_harmonic.wav,15.000000447034836,0.0,30.470940470695496,39.06120300292969
stim_55_harmonic.wav,40.000000298023224,30.0,55.17781913280487,28.556216955184937
stim_55_harmonic.wav,90.0,49.999998807907104,67.37141489982605,27.27148175239563
stim_84_harmonic.wav,60.00000178813934,49.999998807907104,39.94871914386749,26.590917706489563
stim_84_harmonic.wav,70.0000011920929,49.999998807907104,51.79247975349426,31.711589097976685
stim_84_harmonic.wav,45.0,30.0,41.49154186248779,26.202523112297058
stim_84_harmonic.wav,30.00000089406967,60.0,27.70751953125,47.180185317993164
stim_84_harmonic.wav,0.0,40.000001192092896,39.73325997591019,26.38879895210266
stim_84_harmonic.wav,64.9999988079071,20.000000596046448,65.62973856925964,30.104169845581055
stim_84_harmonic.wav,70.0000011920929,20.000000596046448,64.03603434562683,28.673880100250244
stim_84_harmonic.wav,35.00000059604645,40.000001192092896,41.01175636053085,26.248660683631897
stim_84_harmonic.wav,60.00000178813934,40.000001192092896,47.04175651073456,28.023136854171753
stim_84_harmonic.wav,60.00000178813934,60.0,41.29128009080887,26.208985447883606
stim_84_harmonic.wav,0.0,20.000000596046448,39.867407977581024,26.453304290771484
stim_84_harmonic.wav,0.0,49.999998807907104,39.50525879859924,26.380555629730225
stim_84_harmonic.wav,50.00000238418579,60.0,37.683765292167664,44.519290924072266
stim_84_harmonic.wav,30.00000089406967,40.000001192092896,41.05241596698761,26.24104142189026
stim_84_harmonic.wav,70.0000011920929,60.0,56.69112682342529,52.86033511161804
stim_84_harmonic.wav,10.000000074505806,30.0,24.177305996418,27.078369855880737
stim_84_harmonic.wav,15.000000447034836,30.0,41.09117120504379,26.240631937980652
stim_84_harmonic.wav,30.00000089406967,20.000000596046448,42.32889533042908,35.22987484931946
stim_84_harmonic.wav,74.99999821186066,60.0,56.69896960258484,47.703895568847656
stim_84_harmonic.wav,20.000000149011612,60.0,41.12199515104294,26.23909592628479
stim_84_harmonic.wav,54.99999940395355,60.0,41.157781183719635,26.23494029045105
stim_84_harmonic.wav,80.00000059604645,30.0,61.38140916824341,29.15577471256256
stim_84_harmonic.wav,10.000000074505806,49.999998807907104,41.201375126838684,26.22403621673584
stim_84_harmonic.wav,80.00000059604645,20.000000596046448,60.321775674819946,23.260252475738525
stim_84_harmonic.wav,5.000000037252903,0.0,40.5057093501091,26.30299687385559
stim_84_harmonic.wav,64.9999988079071,0.0,41.96649134159088,25.95619797706604
stim_84_harmonic.wav,74.99999821186066,49.999998807907104,49.88045632839203,31.651732921600342
stim_84_harmonic.wav,84.99999761581421,49.999998807907104,41.53125196695328,26.151707768440247
stim_84_harmonic.wav,35.00000059604645,30.0,51.918269991874695,46.82915925979614
stim_84_harmonic.wav,20.000000149011612,30.0,28.34894835948944,37.90674090385437
stim_84_harmonic.wav,60.00000178813934,0.0,42.77109235525131,25.7662832736969
stim_84_harmonic.wav,60.00000178813934,49.999998807907104,46.08781278133392,27.41876721382141
stim_84_harmonic.wav,74.99999821186066,40.000001192092896,51.10515296459198,27.198684811592102
stim_84_harmonic.wav,90.0,60.0,57.98640310764313,51.772098541259766
stim_84_harmonic.wav,60.00000178813934,60.0,40.685385167598724,26.251038908958435
stim_84_harmonic.wav,15.000000447034836,20.000000596046448,40.61241030693054,26.28897249698639
stim_84_harmonic.wav,15.000000447034836,40.000001192092896,21.168216168880463,38.29270005226135
stim_84_harmonic.wav,74.99999821186066,0.0,44.002888798713684,25.26220679283142
stim_84_harmonic.wav,74.99999821186066,49.999998807907104,40.91324418783188,26.20422899723053
stim_84_harmonic.wav,84.99999761581421,0.0,42.346442341804504,25.879434943199158
stim_84_harmonic.wav,25.000001192092896,10.000000298023224,34.3647301197052,41.770005226135254
stim_84_harmonic.wav,5.000000037252903,60.0,41.36114627122879,26.155194640159607
stim_84_harmonic.wav,0.0,0.0,39.743932485580444,26.432742476463318
stim_84_harmonic.wav,35.00000059604645,40.000001192092896,37.076733112335205,47.07240700721741
stim_84_harmonic.wav,80.00000059604645,40.000001192092896,41.533837616443634,26.059402227401733
stim_84_harmonic.wav,50.00000238418579,49.999998807907104,41.00515007972717,26.22255563735962
stim_84_harmonic.wav,35.00000059604645,40.000001192092896,41.02589964866638,26.247968673706055
stim_84_harmonic.wav,10.000000074505806,30.0,40.73177397251129,26.259174942970276
stim_84_harmonic.wav,20.000000149011612,60.0,41.09013319015503,26.239575147628784
stim_84_harmonic.wav,45.0,10.000000298023224,45.530219078063965,17.97276735305786
stim_84_harmonic.wav,80.00000059604645,40.000001192092896,41.16007715463638,26.23612403869629
stim_84_harmonic.wav,45.0,40.000001192092896,40.24370849132538,26.33382260799408
stim_84_harmonic.wav,5.000000037252903,40.000001192092896,41.02727562189102,26.257147192955017
stim_84_harmonic.wav,60.00000178813934,60.0,39.84338879585266,26.36639893054962
stim_84_harmonic.wav,35.00000059604645,30.0,40.98506301641464,26.268126368522644
stim_84_harmonic.wav,15.000000447034836,10.000000298023224,26.068831980228424,32.3796808719635
stim_84_harmonic.wav,35.00000059604645,30.0,40.60473918914795,29.633046984672546
stim_84_harmonic.wav,60.00000178813934,0.0,40.6307914853096,26.28472924232483
stim_84_harmonic.wav,50.00000238418579,10.000000298023224,47.469295263290405,16.435128450393677
stim_84_harmonic.wav,20.000000149011612,49.999998807907104,41.048175394535065,26.25533401966095
stim_84_harmonic.wav,84.99999761581421,49.999998807907104,46.31554841995239,28.351580500602722
stim_84_harmonic.wav,50.00000238418579,49.999998807907104,47.4911230802536,31.915040016174316
stim_84_harmonic.wav,5.000000037252903,60.0,19.319900572299957,34.05497074127197
stim_84_harmonic.wav,20.000000149011612,40.000001192092896,28.85388493537903,46.37264013290405
stim_84_harmonic.wav,74.99999821186066,0.0,62.10738658905029,17.314728498458862
stim_84_harmonic.wav,74.99999821186066,20.000000596046448,41.18855684995651,26.178267002105713
stim_84_harmonic.wav,60.00000178813934,10.000000298023224,40.962543189525604,26.242507696151733
stim_84_harmonic.wav,40.000000298023224,0.0,41.801095604896545,20.43049693107605
stim_84_harmonic.wav,40.000000298023224,10.000000298023224,41.76650583744049,21.641067266464233
stim_84_harmonic.wav,50.00000238418579,49.999998807907104,53.30848574638367,43.632380962371826
stim_84_harmonic.wav,25.000001192092896,30.0,41.170111298561096,26.22978687286377
stim_84_harmonic.wav,30.00000089406967,20.000000596046448,41.040418446063995,26.225672364234924
stim_84_harmonic.wav,54.99999940395355,40.000001192092896,45.68664014339447,22.876360416412354
stim_84_harmonic.wav,20.000000149011612,30.0,25.223783254623413,38.052964210510254
stim_84_harmonic.wav,20.000000149011612,40.000001192092896,30.241152942180634,38.081674575805664
stim_84_harmonic.wav,60.00000178813934,60.0,51.042115688323975,57.42643117904663
stim_84_harmonic.wav,64.9999988079071,40.000001192092896,50.48700571060181,28.17076563835144
stim_84_harmonic.wav,84.99999761581421,60.0,39.08965855836868,26.47778034210205
stim_84_harmonic.wav,60.00000178813934,30.0,40.30081272125244,26.29513442516327
stim_84_harmonic.wav,60.00000178813934,49.999998807907104,41.09767287969589,26.216540336608887
stim_84_harmonic.wav,54.99999940395355,10.000000298023224,51.41942739486694,18.31411600112915
stim_84_harmonic.wav,15.000000447034836,20.000000596046448,26.831158697605133,33.74079465866089
stim_84_harmonic.wav,64.9999988079071,30.0,48.67690622806549,28.067055344581604
stim_84_harmonic.wav,80.00000059604645,60.0,58.661144971847534,51.690917015075684
stim_84_harmonic.wav,54.99999940395355,30.0,40.747312009334564,26.235660910606384
stim_84_harmonic.wav,5.000000037252903,30.0,40.78491657972336,26.23501181602478
stim_84_harmonic.wav,50.00000238418579,10.000000298023224,41.587838530540466,26.14343762397766
stim_84_harmonic.wav,0.0,10.000000298023224,40.23624390363693,26.398351192474365
stim_84_harmonic.wav,40.000000298023224,40.000001192092896,41.00281924009323,26.255648732185364
stim_84_harmonic.wav,40.000000298023224,60.0,40.18283039331436,26.67621374130249
stim_84_harmonic.wav,80.00000059604645,30.0,41.05169177055359,26.215705275535583
stim_84_harmonic.wav,84.99999761581421,20.000000596046448,41.838912069797516,26.084986925125122
stim_84_harmonic.wav,15.000000447034836,49.999998807907104,40.301840007305145,26.390342116355896
stim_84_harmonic.wav,60.00000178813934,30.0,40.327540934085846,26.326024532318115
stim_84_harmonic.wav,20.000000149011612,0.0,41.04083150625229,26.236236691474915
stim_84_harmonic.wav,15.000000447034836,40.000001192092896,40.672129690647125,26.2823349237442
stim_84_harmonic.wav,84.99999761581421,60.0,52.145243883132935,42.694770097732544
stim_84_harmonic.wav,0.0,10.000000298023224,40.36676287651062,26.47637665271759
stim_84_harmonic.wav,0.0,30.0,40.56751012802124,26.270050406455994
stim_84_harmonic.wav,40.000000298023224,60.0,36.10163748264313,47.125418186187744
stim_84_harmonic.wav,50.00000238418579,30.0,41.255907118320465,26.205289363861084
stim_84_harmonic.wav,60.00000178813934,60.0,41.684132516384125,26.131673455238342
stim_84_harmonic.wav,80.00000059604645,10.000000298023224,42.546427845954895,25.79638123512268
stim_84_harmonic.wav,64.9999988079071,0.0,51.890085339546204,20.547666549682617
stim_84_harmonic.wav,60.00000178813934,0.0,41.017710864543915,26.223689317703247
stim_84_harmonic.wav,30.00000089406967,20.000000596046448,45.81406652927399,53.57754349708557
stim_84_harmonic.wav,0.0,40.000001192092896,40.00687211751938,26.333191394805908
stim_84_harmonic.wav,40.000000298023224,60.0,32.66311526298523,43.98841381072998
stim_84_harmonic.wav,25.000001192092896,49.999998807907104,29.93653178215027,39.5893120765686
stim_84_harmonic.wav,60.00000178813934,40.000001192092896,40.86809724569321,26.23941421508789
stim_84_harmonic.wav,35.00000059604645,49.999998807907104,41.112113893032074,26.24225378036499
stim_84_harmonic.wav,30.00000089406967,0.0,41.04140818119049,26.153610348701477
stim_84_harmonic.wav,30.00000089406967,49.999998807907104,38.449257016181946,29.442304372787476
stim_84_harmonic.wav,15.000000447034836,0.0,33.36665332317352,31.358027458190918
stim_84_harmonic.wav,74.99999821186066,10.000000298023224,41.177221834659576,26.214112043380737
stim_84_harmonic.wav,5.000000037252903,0.0,40.11487931013107,26.341379284858704
stim_84_harmonic.wav,64.9999988079071,40.000001192092896,41.49633228778839,26.167577505111694
stim_84_harmonic.wav,64.9999988079071,10.000000298023224,41.879748702049255,25.9339839220047
stim_84_harmonic.wav,50.00000238418579,30.0,42.088121473789215,25.623064041137695
stim_84_harmonic.wav,40.000000298023224,49.999998807907104,41.08251303434372,26.220250725746155
stim_84_harmonic.wav,70.0000011920929,0.0,41.01617127656937,26.210827231407166
stim_84_harmonic.wav,45.0,10.000000298023224,44.38357204198837,25.384830236434937
stim_84_harmonic.wav,40.000000298023224,10.000000298023224,40.671016573905945,26.263999342918396
stim_84_harmonic.wav,10.000000074505806,10.000000298023224,40.74424356222153,26.257013082504272
stim_84_harmonic.wav,30.00000089406967,60.0,41.037030816078186,26.249749660491943
stim_84_harmonic.wav,30.00000089406967,20.000000596046448,35.70413678884506,39.01968240737915
stim_84_harmonic.wav,20.000000149011612,0.0,40.6781405210495,26.26721978187561
stim_84_harmonic.wav,40.000000298023224,20.000000596046448,40.41713744401932,20.51502227783203
stim_84_harmonic.wav,40.000000298023224,0.0,40.57896852493286,26.26941740512848
stim_84_harmonic.wav,30.00000089406967,60.0,30.26133120059967,40.977301597595215
stim_84_harmonic.wav,20.000000149011612,0.0,40.87072312831879,26.240040063858032
stim_84_harmonic.wav,0.0,49.999998807907104,38.05660307407379,26.597074270248413
stim_84_harmonic.wav,74.99999821186066,60.0,52.66500234603882,42.07089185714722
stim_84_harmonic.wav,74.99999821186066,20.000000596046448,42.43270218372345,25.656564831733704
stim_84_harmonic.wav,15.000000447034836,20.000000596046448,40.373350381851196,26.310017108917236
stim_84_harmonic.wav,45.0,49.999998807907104,41.18307173252106,26.20766043663025
stim_84_harmonic.wav,84.99999761581421,0.0,49.33142423629761,26.918195486068726
stim_84_harmonic.wav,60.00000178813934,0.0,42.726798355579376,25.57941198348999
stim_84_harmonic.wav,60.00000178813934,40.000001192092896,39.595002830028534,26.641159057617188
stim_84_harmonic.wav,45.0,30.0,39.26008611917496,26.608012318611145
stim_84_harmonic.wav,25.000001192092896,10.000000298023224,41.78502380847931,25.936490893363953
stim_84_harmonic.wav,60.00000178813934,10.000000298023224,41.18195861577988,26.221370100975037
stim_84_harmonic.wav,64.9999988079071,49.999998807907104,44.29423838853836,24.09259557723999
stim_63_harmonic.wav,35.00000059604645,20.000000596046448,41.71129524707794,24.389042258262634
stim_63_harmonic.wav,80.00000059604645,0.0,43.13788175582886,24.93255615234375
stim_63_harmonic.wav,35.00000059604645,10.000000298023224,34.294955134391785,11.88641756772995
stim_63_harmonic.wav,35.00000059604645,40.000001192092896,41.12859070301056,38.09222459793091
stim_63_harmonic.wav,70.0000011920929,60.0,36.25234544277191,34.30996298789978
stim_63_harmonic.wav,50.00000238418579,0.0,53.430118560791016,32.67171263694763
stim_63_harmonic.wav,40.000000298023224,30.0,51.72942638397217,30.29421329498291
stim_63_harmonic.wav,25.000001192092896,49.999998807907104,39.919960498809814,27.330172061920166
stim_63_harmonic.wav,90.0,30.0,42.173490822315216,28.56555998325348
stim_63_harmonic.wav,80.00000059604645,60.0,36.36372685432434,29.464851021766663
stim_63_harmonic.wav,20.000000149011612,40.000001192092896,38.41763913631439,28.952398896217346
stim_63_harmonic.wav,64.9999988079071,20.000000596046448,44.952071607112885,23.977714776992798
stim_63_harmonic.wav,74.99999821186066,10.000000298023224,68.65810811519623,16.720293760299683
stim_63_harmonic.wav,60.00000178813934,49.999998807907104,47.05436289310455,31.265655755996704
stim_63_harmonic.wav,64.9999988079071,10.000000298023224,54.16810691356659,26.20730459690094
stim_63_harmonic.wav,80.00000059604645,10.000000298023224,66.61188840866089,12.691991329193115
stim_63_harmonic.wav,84.99999761581421,20.000000596046448,40.45257747173309,26.260358691215515
stim_63_harmonic.wav,64.9999988079071,20.000000596046448,44.22280311584473,25.410679578781128
stim_63_harmonic.wav,64.9999988079071,30.0,64.46668982505798,22.57716178894043
stim_63_harmonic.wav,60.00000178813934,49.999998807907104,43.86231154203415,21.385552883148193
stim_63_harmonic.wav,20.000000149011612,30.0,24.46481466293335,46.03700280189514
stim_63_harmonic.wav,64.9999988079071,0.0,65.34780621528625,17.162282466888428
stim_63_harmonic.wav,84.99999761581421,0.0,47.05661058425903,24.83394205570221
stim_63_harmonic.wav,64.9999988079071,10.000000298023224,45.33485770225525,24.142422080039978
stim_63_harmonic.wav,10.000000074505806,49.999998807907104,15.701099038124084,40.42193412780762
stim_63_harmonic.wav,30.00000089406967,40.000001192092896,44.87121641635895,46.5822958946228
stim_63_harmonic.wav,80.00000059604645,40.000001192092896,48.257896900177,23.089876770973206
stim_63_harmonic.wav,40.000000298023224,0.0,42.09977298974991,24.119224548339844
stim_63_harmonic.wav,30.00000089406967,49.999998807907104,37.70465970039368,25.303820371627808
stim_63_harmonic.wav,45.0,60.0,30.07156491279602,45.3088116645813
stim_63_harmonic.wav,15.000000447034836,60.0,40.64057618379593,33.45064401626587
stim_63_harmonic.wav,45.0,20.000000596046448,48.30944359302521,29.445440769195557
stim_63_harmonic.wav,45.0,49.999998807907104,48.19757401943207,30.162041187286377
stim_63_harmonic.wav,35.00000059604645,30.0,49.83902156352997,28.85734498500824
stim_63_harmonic.wav,54.99999940395355,49.999998807907104,46.81181073188782,25.232775807380676
stim_63_harmonic.wav,74.99999821186066,10.000000298023224,40.52266627550125,27.41208851337433
stim_63_harmonic.wav,45.0,20.000000596046448,53.64219546318054,28.735663890838623
stim_63_harmonic.wav,40.000000298023224,0.0,43.26973110437393,22.39141345024109
stim_63_harmonic.wav,15.000000447034836,49.999998807907104,13.668950200080872,43.15616726875305
stim_63_harmonic.wav,64.9999988079071,30.0,61.54263138771057,18.14370632171631
stim_63_harmonic.wav,70.0000011920929,10.000000298023224,62.73121476173401,15.069156289100647
stim_63_harmonic.wav,64.9999988079071,10.000000298023224,52.67052233219147,25.09160578250885
stim_63_harmonic.wav,45.0,49.999998807907104,51.468291878700256,47.90656328201294
stim_63_harmonic.wav,0.0,10.000000298023224,6.567053496837616,32.687920331954956
stim_63_harmonic.wav,20.000000149011612,20.000000596046448,27.501654624938965,27.362751960754395
stim_63_harmonic.wav,35.00000059604645,30.0,45.767637491226196,23.35927963256836
stim_63_harmonic.wav,35.00000059604645,20.000000596046448,43.9507520198822,28.40023934841156
stim_63_harmonic.wav,54.99999940395355,10.000000298023224,53.24831306934357,27.113113403320312
stim_63_harmonic.wav,74.99999821186066,30.0,82.6175844669342,28.15998136997223
stim_63_harmonic.wav,25.000001192092896,49.999998807907104,27.38420605659485,48.0504584312439
stim_63_harmonic.wav,30.00000089406967,49.999998807907104,31.919928789138794,37.487454414367676
stim_63_harmonic.wav,35.00000059604645,40.000001192092896,32.5711664557457,25.41499435901642
stim_63_harmonic.wav,35.00000059604645,20.000000596046448,44.38971966505051,33.87413263320923
stim_63_harmonic.wav,54.99999940395355,20.000000596046448,58.13761532306671,24.24803137779236
stim_63_harmonic.wav,0.0,10.000000298023224,3.5180577635765076,31.731609106063843
stim_63_harmonic.wav,74.99999821186066,10.000000298023224,67.41422295570374,13.087892532348633
stim_63_harmonic.wav,70.0000011920929,20.000000596046448,68.75595510005951,21.787930727005005
stim_63_harmonic.wav,0.0,30.0,30.285827815532684,30.318371057510376
stim_63_harmonic.wav,54.99999940395355,30.0,46.276559829711914,27.887524366378784
stim_63_harmonic.wav,80.00000059604645,40.000001192092896,49.74062204360962,31.17442488670349
stim_63_harmonic.wav,5.000000037252903,40.000001192092896,26.088530123233795,26.985517144203186
stim_63_harmonic.wav,70.0000011920929,10.000000298023224,58.2098525762558,17.88848340511322
stim_63_harmonic.wav,30.00000089406967,40.000001192092896,30.99630743265152,26.736343502998352
stim_63_harmonic.wav,40.000000298023224,30.0,46.33660912513733,33.93726468086243
stim_63_harmonic.wav,74.99999821186066,49.999998807907104,44.00050163269043,30.84624409675598
stim_63_harmonic.wav,54.99999940395355,40.000001192092896,47.54558265209198,23.9217209815979
stim_63_harmonic.wav,15.000000447034836,10.000000298023224,21.91248893737793,29.415239095687866
stim_63_harmonic.wav,74.99999821186066,0.0,45.6920850276947,23.948700428009033
stim_63_harmonic.wav,74.99999821186066,40.000001192092896,62.18843758106232,28.801027536392212
stim_63_harmonic.wav,35.00000059604645,10.000000298023224,42.939612865448,22.321239709854126
stim_63_harmonic.wav,15.000000447034836,30.0,21.896532475948334,40.26244640350342
stim_63_harmonic.wav,84.99999761581421,40.000001192092896,78.03712248802185,35.59060335159302
stim_63_harmonic.wav,10.000000074505806,20.000000596046448,31.739834547042847,30.650832653045654
stim_63_harmonic.wav,64.9999988079071,49.999998807907104,52.77049362659454,28.277900218963623
stim_63_harmonic.wav,90.0,0.0,45.413087010383606,24.759966731071472
stim_63_harmonic.wav,15.000000447034836,0.0,35.00916838645935,32.55311608314514
stim_63_harmonic.wav,20.000000149011612,40.000001192092896,27.20574527978897,28.258243203163147
stim_63_harmonic.wav,64.9999988079071,49.999998807907104,48.024394512176514,30.5865740776062
stim_63_harmonic.wav,64.9999988079071,49.999998807907104,57.58731722831726,36.3949978351593
stim_63_harmonic.wav,74.99999821186066,20.000000596046448,52.53655672073364,25.587242245674133
stim_63_harmonic.wav,64.9999988079071,40.000001192092896,68.71691823005676,34.510735273361206
stim_63_harmonic.wav,35.00000059604645,49.999998807907104,41.32832407951355,25.696915984153748
stim_63_harmonic.wav,84.99999761581421,10.000000298023224,70.10515987873077,10.876908302307129
stim_63_harmonic.wav,84.99999761581421,30.0,57.569496631622314,31.697266101837158
stim_63_harmonic.wav,84.99999761581421,20.000000596046448,47.423359751701355,24.290558695793152
stim_63_harmonic.wav,40.000000298023224,20.000000596046448,44.93674278259277,25.528720021247864
stim_63_harmonic.wav,74.99999821186066,10.000000298023224,66.93643033504486,14.008508920669556
stim_63_harmonic.wav,80.00000059604645,20.000000596046448,72.4793815612793,21.300228238105774
stim_63_harmonic.wav,84.99999761581421,0.0,71.07511639595032,9.295477867126465
stim_63_harmonic.wav,74.99999821186066,0.0,67.74015426635742,12.078084647655487
stim_63_harmonic.wav,25.000001192092896,0.0,43.86456996202469,34.68876600265503
stim_63_harmonic.wav,45.0,0.0,48.420132994651794,21.502477526664734
stim_63_harmonic.wav,5.000000037252903,40.000001192092896,9.081911444664001,40.34749746322632
stim_63_harmonic.wav,10.000000074505806,10.000000298023224,19.71377357840538,32.16582655906677
stim_63_harmonic.wav,15.000000447034836,60.0,11.022318005561829,34.68310475349426
stim_63_harmonic.wav,20.000000149011612,10.000000298023224,28.738997876644135,33.57189416885376
stim_63_harmonic.wav,40.000000298023224,40.000001192092896,35.500216484069824,27.66744375228882
stim_63_harmonic.wav,35.00000059604645,10.000000298023224,30.506152510643005,21.680309772491455
stim_63_harmonic.wav,40.000000298023224,49.999998807907104,40.80764025449753,25.8267742395401
stim_63_harmonic.wav,64.9999988079071,30.0,45.69815754890442,24.306265711784363
stim_63_harmonic.wav,60.00000178813934,49.999998807907104,61.23072803020477,37.44165658950806
stim_63_harmonic.wav,45.0,20.000000596046448,47.45220959186554,27.787311673164368
stim_63_harmonic.wav,54.99999940395355,0.0,44.80121612548828,27.324541211128235
stim_63_harmonic.wav,70.0000011920929,10.000000298023224,64.23174977302551,14.631405472755432
stim_63_harmonic.wav,60.00000178813934,10.000000298023224,52.898048758506775,21.09998345375061
stim_58_harmonic.wav,80.00000059604645,49.999998807907104,59.37962293624878,30.979435443878174
stim_58_harmonic.wav,74.99999821186066,49.999998807907104,50.28717041015625,21.789064407348633
stim_58_harmonic.wav,10.000000074505806,0.0,11.075500845909119,44.1301703453064
stim_58_harmonic.wav,30.00000089406967,60.0,35.61947286128998,27.373967170715332
stim_58_harmonic.wav,54.99999940395355,0.0,48.85448455810547,32.877970933914185
stim_58_harmonic.wav,74.99999821186066,20.000000596046448,61.31415545940399,17.187470197677612
stim_58_harmonic.wav,84.99999761581421,49.999998807907104,55.52536904811859,35.96427798271179
stim_58_harmonic.wav,0.0,0.0,33.861225843429565,31.814911365509033
stim_58_harmonic.wav,45.0,40.000001192092896,41.82702988386154,24.524683356285095
stim_58_harmonic.wav,84.99999761581421,20.000000596046448,61.33640170097351,17.703917026519775
stim_58_harmonic.wav,15.000000447034836,10.000000298023224,24.666734039783478,31.499565839767456
stim_58_harmonic.wav,35.00000059604645,20.000000596046448,38.52601110935211,32.66585826873779
stim_58_harmonic.wav,35.00000059604645,40.000001192092896,38.21314215660095,41.76587104797363
stim_58_harmonic.wav,45.0,30.0,46.816145181655884,26.63181781768799
stim_58_harmonic.wav,60.00000178813934,0.0,47.31142580509186,25.793725848197937
stim_58_harmonic.wav,25.000001192092896,60.0,23.61084759235382,34.82663154602051
stim_58_harmonic.wav,70.0000011920929,60.0,36.3891863822937,32.350358963012695
stim_58_harmonic.wav,80.00000059604645,60.0,47.37856149673462,35.92347979545593
stim_58_harmonic.wav,64.9999988079071,40.000001192092896,53.53680610656738,38.176610469818115
stim_58_harmonic.wav,25.000001192092896,40.000001192092896,33.269487619400024,25.995723009109497
stim_58_harmonic.wav,20.000000149011612,20.000000596046448,38.009720742702484,33.19666385650635
stim_58_harmonic.wav,64.9999988079071,60.0,41.27937912940979,46.989619731903076
stim_58_harmonic.wav,84.99999761581421,0.0,51.80611073970795,25.093181133270264
stim_58_harmonic.wav,10.000000074505806,40.000001192092896,23.16415786743164,36.5731143951416
stim_58_harmonic.wav,35.00000059604645,30.0,32.30680525302887,34.138004779815674
stim_58_harmonic.wav,84.99999761581421,60.0,51.01458013057709,38.84480953216553
stim_58_harmonic.wav,90.0,49.999998807907104,49.162960052490234,22.455289363861084
stim_58_harmonic.wav,60.00000178813934,60.0,48.78237068653107,23.488154411315918
stim_58_harmonic.wav,15.000000447034836,49.999998807907104,27.349463403224945,30.03487229347229
stim_58_harmonic.wav,10.000000074505806,0.0,16.23014599084854,27.941638827323914
stim_58_harmonic.wav,0.0,0.0,38.481743931770325,27.750091552734375
stim_58_harmonic.wav,74.99999821186066,49.999998807907104,52.21758842468262,39.49085354804993
stim_58_harmonic.wav,60.00000178813934,10.000000298023224,50.33328831195831,28.469942808151245
stim_58_harmonic.wav,35.00000059604645,10.000000298023224,42.21200466156006,26.137370467185974
stim_58_harmonic.wav,15.000000447034836,0.0,24.527589082717896,35.701704025268555
stim_58_harmonic.wav,20.000000149011612,40.000001192092896,33.3341583609581,20.957382917404175
stim_58_harmonic.wav,80.00000059604645,40.000001192092896,56.78367376327515,24.679309129714966
stim_58_harmonic.wav,15.000000447034836,0.0,35.28201073408127,20.768646597862244
stim_58_harmonic.wav,5.000000037252903,60.0,27.52422273159027,37.478041648864746
stim_58_harmonic.wav,74.99999821186066,60.0,37.83620864152908,29.130118489265442
stim_58_harmonic.wav,5.000000037252903,0.0,31.881586611270905,27.668232321739197
stim_58_harmonic.wav,20.000000149011612,10.000000298023224,44.37462419271469,26.441836953163147
stim_58_harmonic.wav,50.00000238418579,20.000000596046448,54.86320674419403,22.65443980693817
stim_58_harmonic.wav,60.00000178813934,49.999998807907104,48.29282999038696,42.71243333816528
stim_58_harmonic.wav,30.00000089406967,0.0,30.024937391281128,31.690120697021484
stim_58_harmonic.wav,45.0,0.0,50.2649188041687,24.93799388408661
stim_58_harmonic.wav,74.99999821186066,10.000000298023224,56.10027372837067,21.52906894683838
stim_58_harmonic.wav,70.0000011920929,49.999998807907104,43.124234676361084,16.330686807632446
stim_58_harmonic.wav,74.99999821186066,20.000000596046448,61.20930790901184,17.336279153823853
stim_58_harmonic.wav,45.0,10.000000298023224,49.1953182220459,18.836857080459595
stim_58_harmonic.wav,84.99999761581421,30.0,55.53065299987793,36.65521860122681
stim_58_harmonic.wav,25.000001192092896,40.000001192092896,43.026063144207,24.640445709228516
stim_58_harmonic.wav,5.000000037252903,60.0,16.509559750556946,37.24749684333801
stim_58_harmonic.wav,54.99999940395355,49.999998807907104,42.98832714557648,35.25423288345337
stim_58_harmonic.wav,5.000000037252903,10.000000298023224,12.15749591588974,35.46199321746826
stim_58_harmonic.wav,10.000000074505806,60.0,36.41890525817871,26.86201572418213
stim_58_harmonic.wav,35.00000059604645,20.000000596046448,39.66621816158295,25.14914095401764
stim_58_harmonic.wav,45.0,40.000001192092896,35.600716173648834,26.361982226371765
stim_58_harmonic.wav,64.9999988079071,10.000000298023224,51.359925270080566,24.979559183120728
stim_58_harmonic.wav,30.00000089406967,20.000000596046448,32.55507051944733,36.93114995956421
stim_58_harmonic.wav,0.0,0.0,38.66200715303421,30.28674602508545
stim_58_harmonic.wav,64.9999988079071,49.999998807907104,46.76884174346924,35.269410610198975
stim_58_harmonic.wav,64.9999988079071,20.000000596046448,51.96004271507263,25.71186125278473
stim_58_harmonic.wav,45.0,49.999998807907104,39.87107455730438,28.797708749771118
stim_58_harmonic.wav,84.99999761581421,60.0,36.09229534864426,29.76172149181366
stim_58_harmonic.wav,0.0,20.000000596046448,34.967395663261414,29.57672953605652
stim_58_harmonic.wav,84.99999761581421,40.000001192092896,64.65737342834473,24.214172959327698
stim_58_harmonic.wav,90.0,10.000000298023224,58.01438927650452,25.452876091003418
stim_58_harmonic.wav,15.000000447034836,30.0,13.931074440479279,45.128291845321655
stim_58_harmonic.wav,35.00000059604645,20.000000596046448,41.99522316455841,19.79884922504425
stim_58_harmonic.wav,25.000001192092896,10.000000298023224,33.394816517829895,26.164703965187073
stim_58_harmonic.wav,5.000000037252903,40.000001192092896,16.11603409051895,38.035805225372314
stim_58_harmonic.wav,74.99999821186066,40.000001192092896,62.453434467315674,25.80230176448822
stim_58_harmonic.wav,25.000001192092896,40.000001192092896,31.08220249414444,36.09195113182068
stim_58_harmonic.wav,74.99999821186066,20.000000596046448,60.894116163253784,19.10555899143219
stim_58_harmonic.wav,80.00000059604645,60.0,41.69540852308273,28.546568155288696
stim_58_harmonic.wav,40.000000298023224,20.000000596046448,44.94537144899368,29.03463363647461
stim_58_harmonic.wav,35.00000059604645,60.0,38.071752190589905,38.384331464767456
stim_58_harmonic.wav,30.00000089406967,0.0,42.75933355093002,35.861549377441406
stim_58_harmonic.wav,25.000001192092896,10.000000298023224,45.39000928401947,24.633214473724365
stim_58_harmonic.wav,40.000000298023224,49.999998807907104,36.02861702442169,27.11730659008026
stim_58_harmonic.wav,20.000000149011612,60.0,14.341119825839996,37.47054576873779
stim_58_harmonic.wav,50.00000238418579,40.000001192092896,51.61544322967529,32.58117914199829
stim_58_harmonic.wav,25.000001192092896,20.000000596046448,44.54616755247116,34.06134366989136
stim_58_harmonic.wav,45.0,10.000000298023224,46.897518038749695,17.088133692741394
stim_58_harmonic.wav,20.000000149011612,60.0,27.893359065055847,24.533239603042603
stim_58_harmonic.wav,5.000000037252903,20.000000596046448,39.86462652683258,27.855366468429565
stim_58_harmonic.wav,30.00000089406967,49.999998807907104,36.214207112789154,32.789039611816406
stim_58_harmonic.wav,50.00000238418579,60.0,43.280752301216125,46.10695481300354
stim_58_harmonic.wav,90.0,30.0,47.851311564445496,27.751906514167786
stim_58_harmonic.wav,25.000001192092896,40.000001192092896,29.55797016620636,25.766002535820007
stim_58_harmonic.wav,35.00000059604645,20.000000596046448,48.256040811538696,26.965758204460144
stim_58_harmonic.wav,90.0,60.0,42.99025297164917,27.52462863922119
stim_58_harmonic.wav,80.00000059604645,30.0,58.67471158504486,25.8407986164093
stim_58_harmonic.wav,0.0,10.000000298023224,30.672409236431122,31.249701976776123
stim_58_harmonic.wav,40.000000298023224,40.000001192092896,40.97882151603699,38.442617654800415
stim_58_harmonic.wav,74.99999821186066,10.000000298023224,50.410895347595215,24.614403247833252
stim_58_harmonic.wav,60.00000178813934,49.999998807907104,45.84004104137421,39.72501754760742
stim_58_harmonic.wav,60.00000178813934,60.0,47.79722213745117,45.851097106933594
stim_58_harmonic.wav,60.00000178813934,30.0,50.89638590812683,32.93821692466736
stim_58_harmonic.wav,50.00000238418579,20.000000596046448,41.28317445516586,32.47454524040222
stim_58_harmonic.wav,70.0000011920929,10.000000298023224,34.59148406982422,28.79018783569336
stim_58_harmonic.wav,70.0000011920929,60.0,35.17604470252991,31.306782960891724
stim_58_harmonic.wav,84.99999761581421,60.0,48.01793575286865,36.29866361618042
stim_58_harmonic.wav,50.00000238418579,40.000001192092896,52.37390220165253,31.855169534683228
stim_58_harmonic.wav,40.000000298023224,10.000000298023224,49.71067786216736,25.07495105266571
stim_58_harmonic.wav,5.000000037252903,20.000000596046448,10.653227269649506,40.99472522735596
stim_58_harmonic.wav,30.00000089406967,49.999998807907104,26.69711798429489,35.60965418815613
stim_58_harmonic.wav,0.0,20.000000596046448,49.313292503356934,33.20670247077942
stim_58_harmonic.wav,10.000000074505806,20.000000596046448,26.435047388076782,32.2158408164978
stim_58_harmonic.wav,35.00000059604645,20.000000596046448,27.372790575027466,26.478118300437927
stim_58_harmonic.wav,40.000000298023224,10.000000298023224,47.051020860672,20.327682495117188
stim_58_harmonic.wav,5.000000037252903,40.000001192092896,15.87261289358139,36.51381254196167
stim_96_harmonic.wav,80.00000059604645,49.999998807907104,48.998143672943115,28.900986313819885
stim_96_harmonic.wav,54.99999940395355,0.0,42.21990644931793,26.726596355438232
stim_96_harmonic.wav,0.0,49.999998807907104,41.42058402299881,26.419951915740967
stim_96_harmonic.wav,50.00000238418579,60.0,43.37421655654907,25.589264631271362
stim_96_harmonic.wav,64.9999988079071,30.0,47.26096272468567,29.46346879005432
stim_96_harmonic.wav,74.99999821186066,0.0,41.31699711084366,26.52782142162323
stim_96_harmonic.wav,84.99999761581421,49.999998807907104,45.91919302940369,26.56046211719513
stim_96_harmonic.wav,25.000001192092896,0.0,41.806851625442505,26.34110391139984
stim_96_harmonic.wav,45.0,30.0,43.388520777225494,24.51717495918274
stim_96_harmonic.wav,25.000001192092896,10.000000298023224,41.514496207237244,26.364009976387024
stim_96_harmonic.wav,60.00000178813934,40.000001192092896,42.05432832241058,26.50045931339264
stim_96_harmonic.wav,74.99999821186066,10.000000298023224,41.50287687778473,26.465030908584595
stim_96_harmonic.wav,40.000000298023224,49.999998807907104,44.13145512342453,25.443769097328186
stim_96_harmonic.wav,15.000000447034836,0.0,34.66063141822815,24.31819975376129
stim_96_harmonic.wav,84.99999761581421,40.000001192092896,41.86060041189194,26.687500476837158
stim_96_harmonic.wav,84.99999761581421,49.999998807907104,41.22289180755615,26.52521789073944
stim_96_harmonic.wav,45.0,20.000000596046448,41.85635983943939,26.36660635471344
stim_96_harmonic.wav,15.000000447034836,0.0,40.50216615200043,26.496105194091797
stim_96_harmonic.wav,84.99999761581421,0.0,41.19089037179947,26.22431516647339
stim_96_harmonic.wav,74.99999821186066,40.000001192092896,40.842637717723846,26.445558071136475
stim_96_harmonic.wav,35.00000059604645,20.000000596046448,42.952291667461395,26.544018387794495
stim_96_harmonic.wav,50.00000238418579,49.999998807907104,41.61111742258072,26.299105882644653
stim_96_harmonic.wav,54.99999940395355,0.0,42.288973331451416,26.3763427734375
stim_96_harmonic.wav,35.00000059604645,10.000000298023224,41.3868123292923,26.19238793849945
stim_96_harmonic.wav,35.00000059604645,20.000000596046448,41.81768774986267,26.377311944961548
stim_96_harmonic.wav,25.000001192092896,10.000000298023224,44.74682629108429,28.80594491958618
stim_96_harmonic.wav,25.000001192092896,60.0,38.76910239458084,21.364880204200745
stim_96_harmonic.wav,90.0,30.0,42.238054275512695,26.54874086380005
stim_96_harmonic.wav,20.000000149011612,30.0,41.90784752368927,26.29722833633423
stim_96_harmonic.wav,0.0,40.000001192092896,41.14666610956192,26.426982879638672
stim_96_harmonic.wav,74.99999821186066,40.000001192092896,40.22174656391144,26.69161856174469
stim_96_harmonic.wav,35.00000059604645,10.000000298023224,42.14685648679733,26.151357293128967
stim_96_harmonic.wav,5.000000037252903,10.000000298023224,41.24868392944336,26.523905396461487
stim_96_harmonic.wav,10.000000074505806,20.000000596046448,31.65973573923111,26.206941604614258
stim_96_harmonic.wav,40.000000298023224,40.000001192092896,44.861954748630524,27.67634153366089
stim_96_harmonic.wav,50.00000238418579,0.0,40.9659469127655,26.392611265182495
stim_96_harmonic.wav,50.00000238418579,20.000000596046448,41.37853503227234,26.31945312023163
stim_96_harmonic.wav,40.000000298023224,10.000000298023224,41.815732419490814,26.274917721748352
stim_96_harmonic.wav,45.0,10.000000298023224,41.51169329881668,26.274059414863586
stim_96_harmonic.wav,50.00000238418579,0.0,49.088062047958374,30.59772491455078
stim_96_harmonic.wav,10.000000074505806,60.0,41.40241742134094,26.51271164417267
stim_96_harmonic.wav,40.000000298023224,40.000001192092896,45.082043409347534,30.2533221244812
stim_96_harmonic.wav,30.00000089406967,60.0,37.66136884689331,25.546762347221375
stim_96_harmonic.wav,10.000000074505806,49.999998807907104,41.342400312423706,26.279945969581604
stim_96_harmonic.wav,15.000000447034836,49.999998807907104,42.19335526227951,26.56495213508606
stim_96_harmonic.wav,10.000000074505806,0.0,29.199272990226746,24.398077726364136
stim_96_harmonic.wav,25.000001192092896,49.999998807907104,41.905696392059326,26.35059356689453
stim_96_harmonic.wav,54.99999940395355,60.0,41.268784403800964,26.251532435417175
stim_96_harmonic.wav,80.00000059604645,10.000000298023224,44.75604772567749,33.31723093986511
stim_96_harmonic.wav,15.000000447034836,60.0,39.423454105854034,26.680959463119507
stim_96_harmonic.wav,5.000000037252903,60.0,30.623963177204132,28.589842915534973
stim_96_harmonic.wav,15.000000447034836,40.000001192092896,41.17294102907181,26.37673258781433
stim_96_harmonic.wav,25.000001192092896,40.000001192092896,41.482870280742645,26.247836351394653
stim_96_harmonic.wav,5.000000037252903,49.999998807907104,30.633187294006348,27.710328698158264
stim_96_harmonic.wav,70.0000011920929,30.0,48.42768609523773,29.97321367263794
stim_96_harmonic.wav,60.00000178813934,40.000001192092896,40.91456115245819,26.279885172843933
stim_96_harmonic.wav,84.99999761581421,60.0,43.85973930358887,28.44947576522827
stim_96_harmonic.wav,5.000000037252903,30.0,41.40969157218933,26.35842204093933
stim_96_harmonic.wav,45.0,60.0,41.6717192530632,26.315860748291016
stim_96_harmonic.wav,15.000000447034836,49.999998807907104,31.766927540302277,28.12795400619507
stim_96_harmonic.wav,0.0,30.0,27.62183904647827,27.88281261920929
stim_96_harmonic.wav,45.0,49.999998807907104,45.7368403673172,31.579889059066772
stim_96_harmonic.wav,54.99999940395355,60.0,41.8583419919014,26.30214035511017
stim_96_harmonic.wav,60.00000178813934,30.0,41.527824103832245,26.466978192329407
stim_96_harmonic.wav,64.9999988079071,40.000001192092896,42.77631998062134,26.92414104938507
stim_96_harmonic.wav,70.0000011920929,0.0,47.40073263645172,30.18315553665161
stim_96_harmonic.wav,15.000000447034836,30.0,41.89509093761444,26.636633276939392
stim_96_harmonic.wav,0.0,0.0,41.373417377471924,26.50787115097046
stim_96_harmonic.wav,30.00000089406967,60.0,39.606866240501404,22.864016890525818
stim_96_harmonic.wav,60.00000178813934,0.0,41.583243906497955,26.257259845733643
stim_96_harmonic.wav,80.00000059604645,20.000000596046448,43.76485884189606,28.40099573135376
stim_96_harmonic.wav,54.99999940395355,30.0,41.58043831586838,26.443961262702942
stim_96_harmonic.wav,5.000000037252903,40.000001192092896,41.715479493141174,26.305378675460815
stim_96_harmonic.wav,30.00000089406967,20.000000596046448,41.473233103752136,26.2779039144516
stim_96_harmonic.wav,30.00000089406967,49.999998807907104,41.73678159713745,26.253649592399597
stim_96_harmonic.wav,64.9999988079071,60.0,41.65471404790878,26.259647011756897
stim_96_harmonic.wav,25.000001192092896,30.0,41.329072415828705,26.244481801986694
stim_96_harmonic.wav,70.0000011920929,0.0,40.61815828084946,26.04680299758911
stim_96_harmonic.wav,5.000000037252903,0.0,31.48083508014679,27.68144130706787
stim_96_harmonic.wav,25.000001192092896,10.000000298023224,41.599734127521515,26.283284425735474
stim_96_harmonic.wav,45.0,20.000000596046448,41.68375164270401,26.24828338623047
stim_96_harmonic.wav,70.0000011920929,40.000001192092896,41.40694499015808,26.301180124282837
stim_96_harmonic.wav,54.99999940395355,40.000001192092896,41.64322882890701,26.297104954719543
stim_96_harmonic.wav,10.000000074505806,30.0,40.87543845176697,26.264233589172363
stim_96_harmonic.wav,90.0,0.0,45.48298001289368,28.2042396068573
stim_96_harmonic.wav,54.99999940395355,40.000001192092896,42.69228368997574,25.61148762702942
stim_96_harmonic.wav,0.0,0.0,40.81033855676651,26.447904109954834
stim_96_harmonic.wav,5.000000037252903,40.000001192092896,40.988364815711975,26.348370909690857
stim_96_harmonic.wav,30.00000089406967,0.0,41.21729403734207,26.273657083511353
stim_96_harmonic.wav,50.00000238418579,40.000001192092896,42.5470045208931,26.72765851020813
stim_96_harmonic.wav,5.000000037252903,60.0,32.950462996959686,27.524689435958862
stim_96_harmonic.wav,15.000000447034836,10.000000298023224,35.641137063503265,25.238744616508484
stim_96_harmonic.wav,60.00000178813934,20.000000596046448,42.369764149188995,26.601762771606445
stim_96_harmonic.wav,74.99999821186066,30.0,38.922967314720154,30.568746328353882
stim_96_harmonic.wav,25.000001192092896,30.0,44.277750849723816,25.151819586753845
stim_96_harmonic.wav,84.99999761581421,10.000000298023224,44.90768909454346,27.03554928302765
stim_96_harmonic.wav,54.99999940395355,20.000000596046448,49.318013191223145,27.040579319000244
stim_96_harmonic.wav,50.00000238418579,60.0,41.42923951148987,26.319175958633423
stim_96_harmonic.wav,20.000000149011612,20.000000596046448,41.61282330751419,26.3159841299057
stim_96_harmonic.wav,80.00000059604645,30.0,42.03910142183304,26.441161036491394
stim_96_harmonic.wav,10.000000074505806,0.0,32.4398535490036,26.261097192764282
stim_96_harmonic.wav,30.00000089406967,60.0,39.661738872528076,25.754043459892273
stim_96_harmonic.wav,10.000000074505806,49.999998807907104,31.04249507188797,27.208456993103027
stim_96_harmonic.wav,30.00000089406967,30.0,41.86738908290863,27.17008352279663
stim_96_harmonic.wav,50.00000238418579,40.000001192092896,41.75693303346634,26.38508677482605
stim_96_harmonic.wav,84.99999761581421,60.0,43.703216314315796,28.77210795879364
stim_96_harmonic.wav,84.99999761581421,10.000000298023224,42.3404797911644,26.24893069267273
stim_96_harmonic.wav,80.00000059604645,30.0,41.570667028427124,26.42507314682007
stim_96_harmonic.wav,50.00000238418579,0.0,41.24181479215622,26.54195487499237
stim_96_harmonic.wav,45.0,0.0,41.136414706707,26.548014879226685
stim_96_harmonic.wav,5.000000037252903,0.0,34.00466501712799,27.122812271118164
stim_96_harmonic.wav,15.000000447034836,10.000000298023224,41.216867566108704,26.342580914497375
stim_96_harmonic.wav,90.0,40.000001192092896,41.20540916919708,26.64874255657196
stim_96_harmonic.wav,45.0,40.000001192092896,42.58626937866211,25.30886471271515
stim_96_harmonic.wav,45.0,10.000000298023224,41.35641485452652,26.478436589241028
stim_96_harmonic.wav,0.0,40.000001192092896,41.275543570518494,26.61582112312317
stim_96_harmonic.wav,10.000000074505806,0.0,41.75884008407593,26.359511017799377
stim_96_harmonic.wav,15.000000447034836,20.000000596046448,38.63016128540039,24.71968173980713
stim_96_harmonic.wav,64.9999988079071,49.999998807907104,44.608343839645386,26.48404598236084
stim_96_harmonic.wav,80.00000059604645,10.000000298023224,42.02489376068115,26.544247269630432
stim_96_harmonic.wav,60.00000178813934,20.000000596046448,41.80644392967224,26.371082067489624
stim_96_harmonic.wav,0.0,20.000000596046448,41.19751274585724,26.413872241973877
stim_96_harmonic.wav,84.99999761581421,0.0,41.44198536872864,26.358182430267334
stim_96_harmonic.wav,84.99999761581421,49.999998807907104,42.41940915584564,24.990588426589966
stim_96_harmonic.wav,30.00000089406967,30.0,40.7866895198822,26.340755224227905
stim_96_harmonic.wav,45.0,40.000001192092896,41.50942951440811,26.192550659179688
stim_96_harmonic.wav,10.000000074505806,60.0,41.58611387014389,26.364936232566833
stim_96_harmonic.wav,40.000000298023224,20.000000596046448,41.8398454785347,26.475090980529785
stim_96_harmonic.wav,50.00000238418579,40.000001192092896,41.19980871677399,26.211715936660767
stim_96_harmonic.wav,40.000000298023224,49.999998807907104,41.56860440969467,26.353420615196228
stim_100_harmonic.wav,20.000000149011612,40.000001192092896,37.69867300987244,29.240148067474365
stim_100_harmonic.wav,64.9999988079071,60.0,47.51841187477112,25.609593987464905
stim_100_harmonic.wav,64.9999988079071,40.000001192092896,41.322444677352905,26.006369590759277
stim_100_harmonic.wav,0.0,20.000000596046448,38.52576166391373,27.461394667625427
stim_100_harmonic.wav,54.99999940395355,10.000000298023224,41.8918776512146,25.73125720024109
stim_100_harmonic.wav,30.00000089406967,30.0,41.252321004867554,26.002997159957886
stim_100_harmonic.wav,15.000000447034836,60.0,34.069373309612274,29.043667316436768
stim_100_harmonic.wav,64.9999988079071,30.0,39.011088609695435,26.626312136650085
stim_100_harmonic.wav,25.000001192092896,0.0,41.29587471485138,26.243403553962708
stim_100_harmonic.wav,15.000000447034836,0.0,33.75748872756958,27.715911269187927
stim_100_harmonic.wav,0.0,0.0,39.4543719291687,26.524651050567627
stim_100_harmonic.wav,10.000000074505806,20.000000596046448,40.95693737268448,25.863727927207947
stim_100_harmonic.wav,50.00000238418579,0.0,41.33158028125763,25.87264895439148
stim_100_harmonic.wav,25.000001192092896,60.0,37.347131967544556,26.007762551307678
stim_100_harmonic.wav,15.000000447034836,40.000001192092896,41.65231078863144,25.946508049964905
stim_100_harmonic.wav,0.0,20.000000596046448,40.30016094446182,24.75609540939331
stim_100_harmonic.wav,25.000001192092896,0.0,41.355540454387665,26.196414828300476
stim_100_harmonic.wav,50.00000238418579,40.000001192092896,47.28109538555145,26.44382894039154
stim_100_harmonic.wav,20.000000149011612,40.000001192092896,41.32576525211334,26.20742440223694
stim_100_harmonic.wav,30.00000089406967,40.000001192092896,41.401239931583405,26.18620991706848
stim_100_harmonic.wav,50.00000238418579,40.000001192092896,43.867633044719696,26.33689820766449
stim_100_harmonic.wav,90.0,20.000000596046448,41.76171272993088,26.07096791267395
stim_100_harmonic.wav,25.000001192092896,0.0,44.67908710241318,25.075560808181763
stim_100_harmonic.wav,10.000000074505806,49.999998807907104,34.129277765750885,28.398685455322266
stim_100_harmonic.wav,5.000000037252903,40.000001192092896,36.773227751255035,27.20361828804016
stim_100_harmonic.wav,0.0,10.000000298023224,41.885593235492706,25.88460087776184
stim_100_harmonic.wav,10.000000074505806,0.0,40.82073211669922,26.3515967130661
stim_100_harmonic.wav,30.00000089406967,20.000000596046448,41.7792409658432,26.355265974998474
stim_100_harmonic.wav,80.00000059604645,40.000001192092896,41.714312732219696,26.204987168312073
stim_100_harmonic.wav,60.00000178813934,20.000000596046448,38.609435856342316,27.32516884803772
stim_100_harmonic.wav,15.000000447034836,20.000000596046448,41.16771072149277,26.231401562690735
stim_100_harmonic.wav,40.000000298023224,10.000000298023224,41.158768236637115,26.333380937576294
stim_100_harmonic.wav,74.99999821186066,40.000001192092896,40.71139186620712,26.097527146339417
stim_100_harmonic.wav,30.00000089406967,30.0,41.43561780452728,26.071593761444092
stim_100_harmonic.wav,74.99999821186066,60.0,41.44130676984787,26.08312726020813
stim_100_harmonic.wav,64.9999988079071,10.000000298023224,44.95295137166977,16.279971599578857
stim_100_harmonic.wav,54.99999940395355,0.0,41.26709461212158,26.091225743293762
stim_100_harmonic.wav,60.00000178813934,0.0,44.85639452934265,17.829517722129822
stim_100_harmonic.wav,54.99999940395355,10.000000298023224,44.15986776351929,21.312003135681152
stim_100_harmonic.wav,30.00000089406967,40.000001192092896,49.36288118362427,19.43722128868103
stim_100_harmonic.wav,15.000000447034836,40.000001192092896,36.04138433933258,27.371753454208374
stim_100_harmonic.wav,64.9999988079071,40.000001192092896,41.10956847667694,26.141597628593445
stim_100_harmonic.wav,80.00000059604645,0.0,40.88103890419006,26.274665594100952
stim_100_harmonic.wav,64.9999988079071,30.0,38.96500289440155,26.76422417163849
stim_100_harmonic.wav,45.0,49.999998807907104,41.32635802030563,26.172049641609192
stim_100_harmonic.wav,35.00000059604645,49.999998807907104,46.525211334228516,25.115243196487427
stim_100_harmonic.wav,74.99999821186066,20.000000596046448,45.95563888549805,22.194589376449585
stim_100_harmonic.wav,70.0000011920929,0.0,40.63294529914856,26.28943383693695
stim_100_harmonic.wav,45.0,49.999998807907104,45.40524423122406,26.23288929462433
stim_100_harmonic.wav,15.000000447034836,0.0,39.54122453927994,26.54737651348114
stim_100_harmonic.wav,5.000000037252903,20.000000596046448,42.57154405117035,25.30530095100403
stim_100_harmonic.wav,74.99999821186066,10.000000298023224,41.32022112607956,25.627015829086304
stim_100_harmonic.wav,5.000000037252903,49.999998807907104,41.87032610177994,25.94076633453369
stim_100_harmonic.wav,10.000000074505806,60.0,29.723787009716034,28.431018590927124
stim_100_harmonic.wav,15.000000447034836,0.0,38.819560110569,27.109891176223755
stim_100_harmonic.wav,35.00000059604645,40.000001192092896,49.79423940181732,21.884865760803223
stim_100_harmonic.wav,80.00000059604645,30.0,42.24338114261627,25.80807387828827
stim_100_harmonic.wav,84.99999761581421,0.0,40.76399266719818,26.30484402179718
stim_100_harmonic.wav,74.99999821186066,30.0,41.03467583656311,26.00564181804657
stim_100_harmonic.wav,40.000000298023224,20.000000596046448,40.830307602882385,26.291667222976685
stim_100_harmonic.wav,40.000000298023224,30.0,47.2432279586792,26.753244996070862
stim_100_harmonic.wav,74.99999821186066,30.0,43.21771502494812,22.601369619369507
stim_100_harmonic.wav,0.0,0.0,41.69231325387955,26.01018190383911
stim_100_harmonic.wav,5.000000037252903,30.0,30.972221195697784,28.72331142425537
stim_100_harmonic.wav,5.000000037252903,60.0,41.857759952545166,26.058969497680664
stim_100_harmonic.wav,90.0,30.0,45.34634292125702,21.043310165405273
stim_100_harmonic.wav,84.99999761581421,49.999998807907104,47.02572226524353,16.990976929664612
stim_100_harmonic.wav,5.000000037252903,60.0,41.43587797880173,26.040773391723633
stim_100_harmonic.wav,20.000000149011612,20.000000596046448,41.08656853437424,26.3312029838562
stim_100_harmonic.wav,35.00000059604645,49.999998807907104,41.21239900588989,26.197324991226196
stim_100_harmonic.wav,45.0,20.000000596046448,44.04890477657318,22.0964115858078
stim_100_harmonic.wav,74.99999821186066,30.0,41.42507940530777,26.185179948806763
stim_100_harmonic.wav,0.0,20.000000596046448,41.17337018251419,26.03550374507904
stim_100_harmonic.wav,15.000000447034836,10.000000298023224,41.52495950460434,25.89481830596924
stim_100_harmonic.wav,30.00000089406967,60.0,37.542187571525574,27.79886484146118
stim_100_harmonic.wav,35.00000059604645,49.999998807907104,41.3331064581871,26.24312460422516
stim_100_harmonic.wav,70.0000011920929,20.000000596046448,40.91438144445419,26.25990629196167
stim_100_harmonic.wav,60.00000178813934,49.999998807907104,41.780531108379364,25.962558388710022
stim_100_harmonic.wav,0.0,10.000000298023224,41.4336758852005,26.25407874584198
stim_100_harmonic.wav,20.000000149011612,10.000000298023224,41.1740380525589,26.115009784698486
stim_100_harmonic.wav,25.000001192092896,10.000000298023224,41.27667814493179,26.128220558166504
stim_100_harmonic.wav,30.00000089406967,60.0,41.06056183576584,26.02754831314087
stim_100_harmonic.wav,64.9999988079071,10.000000298023224,41.46360397338867,26.01969838142395
stim_100_harmonic.wav,45.0,20.000000596046448,41.5565425157547,26.337193250656128
stim_100_harmonic.wav,0.0,0.0,39.552894830703735,26.35385513305664
stim_100_harmonic.wav,80.00000059604645,49.999998807907104,46.09809100627899,19.267888069152832
stim_100_harmonic.wav,20.000000149011612,30.0,34.97289955615997,26.585639119148254
stim_100_harmonic.wav,70.0000011920929,40.000001192092896,41.94692999124527,25.89714825153351
stim_100_harmonic.wav,60.00000178813934,60.0,46.789913177490234,21.74263894557953
stim_100_harmonic.wav,25.000001192092896,10.000000298023224,41.26958101987839,26.186639070510864
stim_100_harmonic.wav,45.0,60.0,40.673789978027344,26.28894567489624
stim_100_harmonic.wav,70.0000011920929,20.000000596046448,42.345948815345764,25.867774486541748
stim_100_harmonic.wav,50.00000238418579,49.999998807907104,41.35928213596344,26.210526823997498
stim_100_harmonic.wav,10.000000074505806,60.0,38.63062530755997,26.199175715446472
stim_100_harmonic.wav,60.00000178813934,60.0,49.50541377067566,18.108624815940857
stim_100_harmonic.wav,84.99999761581421,0.0,40.762388706207275,26.281625032424927
stim_100_harmonic.wav,40.000000298023224,49.999998807907104,45.91117858886719,27.05514371395111
stim_100_harmonic.wav,0.0,49.999998807907104,41.03151082992554,26.18377447128296
stim_100_harmonic.wav,50.00000238418579,20.000000596046448,41.045396625995636,26.305153369903564
stim_100_harmonic.wav,10.000000074505806,10.000000298023224,41.47890329360962,26.02971911430359
stim_100_harmonic.wav,54.99999940395355,60.0,40.736907720565796,26.283676028251648
stim_100_harmonic.wav,54.99999940395355,30.0,41.283718943595886,26.232216954231262
stim_100_harmonic.wav,45.0,49.999998807907104,44.201592206954956,26.014668345451355
stim_100_harmonic.wav,30.00000089406967,30.0,41.035665571689606,26.23734176158905
stim_100_harmonic.wav,5.000000037252903,49.999998807907104,41.15595996379852,26.175751090049744
stim_100_harmonic.wav,15.000000447034836,10.000000298023224,41.626076102256775,26.143171191215515
stim_100_harmonic.wav,80.00000059604645,10.000000298023224,44.80618357658386,24.16671574115753
stim_100_harmonic.wav,5.000000037252903,10.000000298023224,40.418183505535126,26.305546760559082
stim_100_harmonic.wav,30.00000089406967,49.999998807907104,41.097887456417084,26.23566448688507
stim_100_harmonic.wav,25.000001192092896,40.000001192092896,41.80307239294052,25.906856060028076
stim_100_harmonic.wav,20.000000149011612,0.0,40.89928597211838,26.255260705947876
stim_100_harmonic.wav,15.000000447034836,0.0,41.37850821018219,26.25662863254547
stim_100_harmonic.wav,20.000000149011612,20.000000596046448,41.10891133546829,26.325990557670593
stim_100_harmonic.wav,70.0000011920929,60.0,41.69350415468216,26.27305805683136
stim_100_harmonic.wav,15.000000447034836,20.000000596046448,32.83672660589218,26.867762804031372
stim_100_harmonic.wav,80.00000059604645,30.0,40.41687190532684,26.29881978034973
stim_100_harmonic.wav,0.0,30.0,40.947949290275574,26.14409029483795
stim_100_harmonic.wav,15.000000447034836,10.000000298023224,41.73002779483795,25.916941165924072
stim_100_harmonic.wav,30.00000089406967,20.000000596046448,41.58053755760193,26.276519894599915
stim_100_harmonic.wav,40.000000298023224,30.0,41.51291638612747,26.039902567863464
stim_100_harmonic.wav,0.0,40.000001192092896,41.04274392127991,26.445432901382446
stim_100_harmonic.wav,50.00000238418579,0.0,36.5951532125473,26.30567729473114
stim_100_harmonic.wav,84.99999761581421,30.0,42.078905403614044,24.208744168281555
stim_100_harmonic.wav,80.00000059604645,0.0,52.00807571411133,19.566471576690674
stim_100_harmonic.wav,20.000000149011612,10.000000298023224,41.40959233045578,26.183558106422424
stim_100_harmonic.wav,5.000000037252903,49.999998807907104,30.129959285259247,29.274020791053772
stim_100_harmonic.wav,70.0000011920929,30.0,41.22174650430679,26.277859210968018
stim_100_harmonic.wav,64.9999988079071,20.000000596046448,40.66786766052246,27.989428639411926
stim_100_harmonic.wav,15.000000447034836,10.000000298023224,40.34687966108322,26.344955563545227
stim_100_harmonic.wav,45.0,10.000000298023224,42.42249369621277,25.769591331481934
stim_100_harmonic.wav,45.0,20.000000596046448,40.57682543992996,26.3238126039505
stim_100_harmonic.wav,40.000000298023224,40.000001192092896,41.76472753286362,26.13428235054016
stim_100_harmonic.wav,70.0000011920929,0.0,41.60653084516525,26.08439326286316
stim_100_harmonic.wav,84.99999761581421,49.999998807907104,41.005474627017975,23.078286051750183
stim_100_harmonic.wav,54.99999940395355,20.000000596046448,40.88694244623184,24.71817433834076
stim_100_harmonic.wav,45.0,0.0,42.385849356651306,23.224909901618958
stim_100_harmonic.wav,20.000000149011612,20.000000596046448,41.50417238473892,25.93683421611786
stim_100_harmonic.wav,5.000000037252903,0.0,41.02975130081177,26.2290358543396
stim_100_harmonic.wav,50.00000238418579,40.000001192092896,45.83740174770355,24.905623197555542
stim_100_harmonic.wav,64.9999988079071,49.999998807907104,41.40472412109375,26.244667768478394
stim_100_harmonic.wav,45.0,30.0,41.00244641304016,26.248181462287903
stim_100_harmonic.wav,15.000000447034836,10.000000298023224,37.275101244449615,27.132663130760193
stim_100_harmonic.wav,0.0,20.000000596046448,42.82188266515732,25.482394695281982
stim_100_harmonic.wav,25.000001192092896,10.000000298023224,41.47297561168671,26.234938502311707
stim_100_harmonic.wav,84.99999761581421,49.999998807907104,41.323211789131165,26.338881254196167
stim_100_harmonic.wav,30.00000089406967,40.000001192092896,47.52666771411896,23.120445013046265
stim_100_harmonic.wav,10.000000074505806,30.0,41.69398158788681,25.67704439163208
