filename,true_azim,true_elev,pred_azim,pred_elev
khz_band_1.4_2.5_noise.wav,10.000000074505806,49.999998807907104,20.717044472694397,31.86002254486084
khz_band_1.4_2.5_noise.wav,15.000000447034836,10.000000298023224,18.110959231853485,17.01470375061035
khz_band_1.4_2.5_noise.wav,45.0,30.0,52.926796674728394,30.156433582305908
khz_band_1.4_2.5_noise.wav,64.9999988079071,60.0,59.73533749580383,35.79182982444763
khz_band_1.4_2.5_noise.wav,70.0000011920929,60.0,64.428151845932,39.38815355300903
khz_band_1.4_2.5_noise.wav,70.0000011920929,10.000000298023224,57.11644470691681,21.492347717285156
khz_band_1.4_2.5_noise.wav,90.0,20.000000596046448,47.99647808074951,28.614639043807983
khz_band_1.4_2.5_noise.wav,64.9999988079071,49.999998807907104,54.972442388534546,31.788604259490967
khz_band_1.4_2.5_noise.wav,50.00000238418579,30.0,44.195412397384644,40.198845863342285
khz_band_1.4_2.5_noise.wav,20.000000149011612,49.999998807907104,33.59448283910751,33.090033531188965
khz_band_1.4_2.5_noise.wav,0.0,40.000001192092896,13.073035776615143,29.27502930164337
khz_band_1.4_2.5_noise.wav,50.00000238418579,10.000000298023224,63.01683783531189,32.33950138092041
khz_band_1.4_2.5_noise.wav,90.0,49.999998807907104,65.46269059181213,38.131585121154785
khz_band_1.4_2.5_noise.wav,80.00000059604645,20.000000596046448,56.47913575172424,23.148000240325928
khz_band_1.4_2.5_noise.wav,40.000000298023224,30.0,38.205688297748566,33.087648153305054
khz_band_1.4_2.5_noise.wav,0.0,40.000001192092896,13.831333816051483,31.795856952667236
khz_band_1.4_2.5_noise.wav,60.00000178813934,30.0,48.508978486061096,37.54918098449707
khz_band_1.4_2.5_noise.wav,40.000000298023224,10.000000298023224,42.2115620970726,26.575536131858826
khz_band_1.4_2.5_noise.wav,10.000000074505806,49.999998807907104,17.508733570575714,17.98496961593628
khz_band_1.4_2.5_noise.wav,60.00000178813934,60.0,52.51494884490967,42.86261558532715
khz_band_1.4_2.5_noise.wav,74.99999821186066,49.999998807907104,60.31497895717621,43.67302179336548
khz_band_1.4_2.5_noise.wav,74.99999821186066,60.0,59.33335483074188,31.953080892562866
khz_band_1.4_2.5_noise.wav,25.000001192092896,20.000000596046448,35.09855568408966,36.48130774497986
khz_band_1.4_2.5_noise.wav,10.000000074505806,20.000000596046448,18.015504777431488,18.22734832763672
khz_band_1.4_2.5_noise.wav,25.000001192092896,60.0,34.6936172246933,38.46198320388794
khz_band_1.4_2.5_noise.wav,70.0000011920929,40.000001192092896,60.14887511730194,34.238548278808594
khz_band_1.4_2.5_noise.wav,74.99999821186066,0.0,53.06450664997101,23.51222276687622
khz_band_1.4_2.5_noise.wav,70.0000011920929,60.0,62.897340059280396,34.375981092453
khz_band_1.4_2.5_noise.wav,20.000000149011612,20.000000596046448,32.709772288799286,23.179442882537842
khz_band_1.4_2.5_noise.wav,0.0,20.000000596046448,15.16074389219284,30.50976276397705
khz_band_1.4_2.5_noise.wav,25.000001192092896,40.000001192092896,33.84857654571533,39.139931201934814
khz_band_1.4_2.5_noise.wav,80.00000059604645,0.0,53.62476110458374,20.878779888153076
khz_band_1.4_2.5_noise.wav,15.000000447034836,30.0,27.76218295097351,26.673063039779663
khz_band_1.4_2.5_noise.wav,45.0,40.000001192092896,45.32592594623566,28.518492579460144
khz_band_1.4_2.5_noise.wav,10.000000074505806,20.000000596046448,18.675247728824615,18.25533092021942
khz_band_1.4_2.5_noise.wav,30.00000089406967,20.000000596046448,34.21991229057312,22.86205530166626
khz_band_1.4_2.5_noise.wav,80.00000059604645,49.999998807907104,59.046363830566406,21.33667230606079
khz_band_1.4_2.5_noise.wav,35.00000059604645,49.999998807907104,33.30632507801056,34.984989166259766
khz_band_1.4_2.5_noise.wav,84.99999761581421,10.000000298023224,57.49375104904175,18.510766625404358
khz_band_1.4_2.5_noise.wav,60.00000178813934,10.000000298023224,70.53179740905762,34.731080532073975
khz_band_1.4_2.5_noise.wav,20.000000149011612,40.000001192092896,27.91124939918518,29.453832507133484
khz_band_1.4_2.5_noise.wav,64.9999988079071,60.0,47.005348205566406,39.80394244194031
khz_band_1.4_2.5_noise.wav,10.000000074505806,40.000001192092896,16.85836762189865,18.4873366355896
khz_band_1.4_2.5_noise.wav,64.9999988079071,0.0,47.3507684469223,33.44055533409119
khz_band_1.4_2.5_noise.wav,70.0000011920929,60.0,58.566999435424805,34.497528076171875
khz_band_1.4_2.5_noise.wav,40.000000298023224,30.0,40.27656555175781,41.27464771270752
khz_band_1.4_2.5_noise.wav,30.00000089406967,0.0,37.33611077070236,23.268738985061646
khz_band_1.4_2.5_noise.wav,74.99999821186066,30.0,61.326032280921936,35.579928159713745
khz_band_1.4_2.5_noise.wav,74.99999821186066,40.000001192092896,58.126505613327026,34.248812198638916
khz_band_1.4_2.5_noise.wav,54.99999940395355,10.000000298023224,70.58801651000977,35.15084624290466
khz_band_1.4_2.5_noise.wav,90.0,20.000000596046448,47.596399784088135,28.891364336013794
khz_band_1.4_2.5_noise.wav,84.99999761581421,10.000000298023224,55.03557085990906,20.271717309951782
khz_band_1.4_2.5_noise.wav,50.00000238418579,30.0,46.125744581222534,31.95553421974182
khz_band_1.4_2.5_noise.wav,40.000000298023224,40.000001192092896,35.65336525440216,18.22078049182892
khz_band_1.4_2.5_noise.wav,25.000001192092896,30.0,32.38271713256836,32.418261766433716
khz_band_1.4_2.5_noise.wav,80.00000059604645,10.000000298023224,50.27989089488983,22.159688472747803
khz_band_1.4_2.5_noise.wav,80.00000059604645,40.000001192092896,70.70252537727356,37.57224082946777
khz_band_1.4_2.5_noise.wav,35.00000059604645,60.0,40.76695919036865,43.2752251625061
khz_band_1.4_2.5_noise.wav,25.000001192092896,40.000001192092896,33.63181382417679,36.48600697517395
khz_band_1.4_2.5_noise.wav,5.000000037252903,49.999998807907104,18.59275907278061,27.251538634300232
khz_band_1.4_2.5_noise.wav,10.000000074505806,49.999998807907104,20.848571956157684,29.64139759540558
khz_band_1.4_2.5_noise.wav,20.000000149011612,30.0,30.865933299064636,32.880531549453735
khz_band_1.4_2.5_noise.wav,35.00000059604645,40.000001192092896,34.80383723974228,37.43746519088745
khz_band_1.4_2.5_noise.wav,50.00000238418579,0.0,57.985212206840515,26.328776478767395
khz_band_1.4_2.5_noise.wav,60.00000178813934,10.000000298023224,66.37892246246338,36.61061882972717
khz_band_1.4_2.5_noise.wav,30.00000089406967,0.0,36.26222938299179,20.96215009689331
khz_band_1.4_2.5_noise.wav,5.000000037252903,10.000000298023224,22.261055409908295,32.56984233856201
khz_band_1.4_2.5_noise.wav,45.0,49.999998807907104,48.86860370635986,21.705955266952515
khz_band_1.4_2.5_noise.wav,45.0,60.0,47.82705903053284,23.959418535232544
khz_band_1.4_2.5_noise.wav,25.000001192092896,40.000001192092896,32.513273656368256,33.63729000091553
khz_band_1.4_2.5_noise.wav,50.00000238418579,10.000000298023224,62.58584439754486,33.5228168964386
khz_band_1.4_2.5_noise.wav,10.000000074505806,49.999998807907104,17.686169743537903,20.671727657318115
khz_band_1.4_2.5_noise.wav,5.000000037252903,49.999998807907104,18.37462842464447,30.68570852279663
khz_band_1.4_2.5_noise.wav,60.00000178813934,10.000000298023224,71.4125382900238,37.591320276260376
khz_band_1.4_2.5_noise.wav,45.0,0.0,51.15810513496399,20.03347098827362
khz_band_1.4_2.5_noise.wav,64.9999988079071,30.0,65.82606554031372,34.47666049003601
khz_band_1.4_2.5_noise.wav,35.00000059604645,30.0,39.357525408267975,39.0341591835022
khz_band_1.4_2.5_noise.wav,20.000000149011612,30.0,30.246010422706604,32.662235498428345
khz_band_1.4_2.5_noise.wav,64.9999988079071,10.000000298023224,62.67170190811157,36.074724197387695
khz_band_1.4_2.5_noise.wav,74.99999821186066,60.0,62.94296443462372,32.16369152069092
khz_band_1.4_2.5_noise.wav,25.000001192092896,49.999998807907104,32.93578326702118,33.883466720581055
khz_band_1.4_2.5_noise.wav,15.000000447034836,20.000000596046448,20.97051054239273,24.3588924407959
khz_band_1.4_2.5_noise.wav,0.0,20.000000596046448,12.879482209682465,30.418224334716797
khz_band_1.4_2.5_noise.wav,80.00000059604645,10.000000298023224,47.7599823474884,23.939613103866577
khz_band_1.4_2.5_noise.wav,30.00000089406967,49.999998807907104,33.75004827976227,35.43784976005554
khz_band_1.4_2.5_noise.wav,45.0,30.0,49.684547781944275,23.6589378118515
khz_band_1.4_2.5_noise.wav,74.99999821186066,0.0,53.29547166824341,24.53940510749817
khz_band_1.4_2.5_noise.wav,90.0,0.0,59.06502664089203,26.77293062210083
khz_band_1.4_2.5_noise.wav,30.00000089406967,30.0,38.08166563510895,18.633416891098022
khz_band_1.4_2.5_noise.wav,15.000000447034836,30.0,29.382639527320862,29.837653040885925
khz_band_1.4_2.5_noise.wav,60.00000178813934,10.000000298023224,65.0549840927124,35.566874742507935
khz_band_1.4_2.5_noise.wav,15.000000447034836,30.0,27.614838480949402,29.41368341445923
khz_band_1.4_2.5_noise.wav,35.00000059604645,10.000000298023224,44.821233451366425,39.54013109207153
khz_band_1.4_2.5_noise.wav,45.0,40.000001192092896,48.25989782810211,20.393235683441162
khz_band_1.4_2.5_noise.wav,5.000000037252903,30.0,22.613143622875214,30.90772032737732
khz_band_1.4_2.5_noise.wav,80.00000059604645,40.000001192092896,69.9165415763855,34.91405367851257
khz_band_1.4_2.5_noise.wav,10.000000074505806,0.0,16.771810054779053,16.50320827960968
khz_band_1.4_2.5_noise.wav,70.0000011920929,0.0,59.51276242733002,18.045923709869385
khz_band_1.4_2.5_noise.wav,45.0,0.0,52.50519096851349,26.843631863594055
khz_band_1.4_2.5_noise.wav,25.000001192092896,40.000001192092896,34.06917214393616,33.03507328033447
khz_band_1.4_2.5_noise.wav,45.0,49.999998807907104,37.38029479980469,32.23605036735535
khz_band_1.4_2.5_noise.wav,40.000000298023224,30.0,42.29773610830307,45.67476511001587
khz_band_1.4_2.5_noise.wav,80.00000059604645,60.0,71.75042152404785,31.130694150924683
khz_band_1.4_2.5_noise.wav,84.99999761581421,60.0,54.08361196517944,30.75323224067688
khz_band_1.4_2.5_noise.wav,25.000001192092896,40.000001192092896,34.3249449133873,36.035399436950684
khz_band_1.4_2.5_noise.wav,40.000000298023224,49.999998807907104,49.70818340778351,30.48211097717285
khz_band_1.4_2.5_noise.wav,64.9999988079071,60.0,63.67097496986389,35.307369232177734
khz_band_1.4_2.5_noise.wav,35.00000059604645,10.000000298023224,40.36300241947174,35.25908589363098
khz_band_1.4_2.5_noise.wav,30.00000089406967,40.000001192092896,35.230021476745605,30.808310508728027
khz_band_1.4_2.5_noise.wav,5.000000037252903,20.000000596046448,27.24555730819702,35.488210916519165
khz_band_1.4_2.5_noise.wav,80.00000059604645,20.000000596046448,56.67716324329376,21.270877718925476
khz_band_1.4_2.5_noise.wav,20.000000149011612,10.000000298023224,33.77376705408096,28.9432954788208
khz_band_1.4_2.5_noise.wav,40.000000298023224,10.000000298023224,48.337998390197754,28.357874751091003
khz_band_1.4_2.5_noise.wav,60.00000178813934,0.0,65.78003883361816,36.503942012786865
khz_band_1.4_2.5_noise.wav,50.00000238418579,30.0,49.673572182655334,20.28544306755066
khz_band_1.4_2.5_noise.wav,45.0,20.000000596046448,50.090323090553284,25.23753583431244
khz_band_1.4_2.5_noise.wav,30.00000089406967,60.0,37.796946465969086,19.412637948989868
khz_band_1.4_2.5_noise.wav,90.0,0.0,56.3951450586319,25.259950160980225
khz_band_1.4_2.5_noise.wav,84.99999761581421,49.999998807907104,61.112045645713806,36.946842670440674
khz_band_1.4_2.5_noise.wav,40.000000298023224,60.0,41.303596794605255,39.11374568939209
khz_band_1.4_2.5_noise.wav,60.00000178813934,30.0,50.974658131599426,32.24673271179199
khz_band_1.4_2.5_noise.wav,74.99999821186066,60.0,70.3638106584549,34.215052127838135
khz_band_1.4_2.5_noise.wav,80.00000059604645,40.000001192092896,68.31824541091919,37.6302695274353
khz_band_1.4_2.5_noise.wav,15.000000447034836,40.000001192092896,19.998284876346588,27.07712709903717
khz_band_1.4_2.5_noise.wav,64.9999988079071,30.0,68.764328956604,38.729960918426514
khz_band_1.4_2.5_noise.wav,60.00000178813934,0.0,45.95126688480377,25.05128502845764
khz_band_1.4_2.5_noise.wav,40.000000298023224,20.000000596046448,42.864773869514465,28.10412347316742
khz_band_1.4_2.5_noise.wav,35.00000059604645,49.999998807907104,37.99614876508713,20.71657419204712
khz_band_1.4_2.5_noise.wav,0.0,10.000000298023224,10.655158460140228,29.241650104522705
khz_band_1.4_2.5_noise.wav,0.0,60.0,17.78449684381485,31.927539110183716
khz_band_1.4_2.5_noise.wav,10.000000074505806,49.999998807907104,18.621506989002228,26.15582048892975
khz_band_1.4_2.5_noise.wav,74.99999821186066,60.0,65.14615774154663,27.580922842025757
khz_band_1.4_2.5_noise.wav,90.0,20.000000596046448,50.51595211029053,29.121217131614685
khz_band_1.4_2.5_noise.wav,40.000000298023224,20.000000596046448,44.04774338006973,37.82426118850708
khz_band_1.4_2.5_noise.wav,70.0000011920929,20.000000596046448,63.28028440475464,27.644957900047302
khz_band_1.4_2.5_noise.wav,64.9999988079071,0.0,50.61797261238098,24.08251404762268
khz_band_1.4_2.5_noise.wav,0.0,0.0,12.567326724529266,28.322553634643555
khz_band_1.4_2.5_noise.wav,50.00000238418579,20.000000596046448,61.92736744880676,30.890432596206665
khz_band_1.4_2.5_noise.wav,84.99999761581421,30.0,62.15908348560333,32.84139633178711
khz_band_1.4_2.5_noise.wav,25.000001192092896,60.0,38.93656611442566,23.553836345672607
khz_band_1.4_2.5_noise.wav,80.00000059604645,30.0,54.86552953720093,36.030757427215576
khz_band_1.4_2.5_noise.wav,84.99999761581421,40.000001192092896,71.04249000549316,40.25829792022705
khz_band_1.4_2.5_noise.wav,0.0,60.0,14.84828531742096,31.07595920562744
khz_band_1.4_2.5_noise.wav,40.000000298023224,40.000001192092896,38.74284625053406,20.734115839004517
khz_band_1.4_2.5_noise.wav,74.99999821186066,20.000000596046448,57.62559235095978,23.362090587615967
band_5_noise.wav,64.9999988079071,60.0,54.709006547927856,36.53123617172241
band_5_noise.wav,45.0,20.000000596046448,48.40280592441559,18.919819593429565
band_5_noise.wav,40.000000298023224,10.000000298023224,45.26374697685242,21.106147170066833
band_5_noise.wav,60.00000178813934,30.0,51.217880845069885,38.86859178543091
band_5_noise.wav,60.00000178813934,20.000000596046448,49.33019042015076,25.831021070480347
band_5_noise.wav,5.000000037252903,20.000000596046448,10.423439741134644,23.584342002868652
band_5_noise.wav,20.000000149011612,20.000000596046448,24.17670249938965,17.288004755973816
band_5_noise.wav,60.00000178813934,20.000000596046448,53.053134083747864,31.60149335861206
band_5_noise.wav,84.99999761581421,30.0,69.20555233955383,37.13397145271301
band_5_noise.wav,90.0,10.000000298023224,70.96537113189697,16.57028317451477
band_5_noise.wav,80.00000059604645,40.000001192092896,57.11939513683319,24.859321117401123
band_5_noise.wav,74.99999821186066,10.000000298023224,64.30875599384308,14.0696981549263
band_5_noise.wav,5.000000037252903,0.0,9.346414804458618,14.958468675613403
band_5_noise.wav,70.0000011920929,40.000001192092896,55.58356761932373,33.21207404136658
band_5_noise.wav,10.000000074505806,30.0,12.563440203666687,15.725795030593872
band_5_noise.wav,20.000000149011612,0.0,20.60310959815979,16.07813000679016
band_5_noise.wav,20.000000149011612,20.000000596046448,23.613047003746033,17.672322392463684
band_5_noise.wav,20.000000149011612,49.999998807907104,17.230829894542694,35.081881284713745
band_5_noise.wav,40.000000298023224,0.0,42.54624545574188,26.14499866962433
band_5_noise.wav,50.00000238418579,60.0,53.350505232810974,39.32924509048462
band_5_noise.wav,74.99999821186066,20.000000596046448,56.96962594985962,24.301005005836487
band_5_noise.wav,20.000000149011612,49.999998807907104,22.836405336856842,18.08877468109131
band_5_noise.wav,0.0,30.0,8.992462456226349,31.86110258102417
band_5_noise.wav,30.00000089406967,30.0,36.29041135311127,40.3801703453064
band_5_noise.wav,64.9999988079071,30.0,56.14694952964783,21.800984144210815
band_5_noise.wav,15.000000447034836,40.000001192092896,14.814631640911102,48.40425252914429
band_5_noise.wav,50.00000238418579,10.000000298023224,52.7248477935791,10.132822394371033
band_5_noise.wav,80.00000059604645,30.0,60.17130374908447,28.23366343975067
band_5_noise.wav,20.000000149011612,10.000000298023224,21.734300404787064,20.100960731506348
band_5_noise.wav,45.0,40.000001192092896,50.234100222587585,32.2545325756073
band_5_noise.wav,90.0,60.0,71.00437045097351,21.6305011510849
band_5_noise.wav,60.00000178813934,0.0,45.86092472076416,22.243244647979736
band_5_noise.wav,50.00000238418579,20.000000596046448,45.272512435913086,16.554054021835327
band_5_noise.wav,0.0,30.0,7.503471672534943,32.23779916763306
band_5_noise.wav,10.000000074505806,20.000000596046448,18.90401065349579,35.03985643386841
band_5_noise.wav,10.000000074505806,40.000001192092896,18.98249477148056,31.599072217941284
band_5_noise.wav,0.0,30.0,8.150769174098969,30.987825393676758
band_5_noise.wav,35.00000059604645,0.0,35.78763127326965,34.959869384765625
band_5_noise.wav,20.000000149011612,30.0,19.51858788728714,14.117324352264404
band_5_noise.wav,15.000000447034836,30.0,17.439355552196503,34.35281038284302
band_5_noise.wav,15.000000447034836,49.999998807907104,18.685778081417084,35.95313787460327
band_5_noise.wav,54.99999940395355,0.0,56.23700737953186,27.106701135635376
band_5_noise.wav,35.00000059604645,60.0,42.94055163860321,29.650189876556396
band_5_noise.wav,64.9999988079071,40.000001192092896,53.1173837184906,34.85477328300476
band_5_noise.wav,45.0,30.0,49.089816212654114,29.794596433639526
band_5_noise.wav,80.00000059604645,20.000000596046448,69.58877563476562,23.434749841690063
band_5_noise.wav,35.00000059604645,60.0,33.728392124176025,50.87170600891113
band_5_noise.wav,35.00000059604645,20.000000596046448,43.20394456386566,30.63818335533142
band_5_noise.wav,60.00000178813934,0.0,48.99995684623718,19.18374001979828
band_5_noise.wav,70.0000011920929,20.000000596046448,61.10844075679779,26.208629608154297
band_5_noise.wav,70.0000011920929,49.999998807907104,58.60315561294556,35.321080684661865
band_5_noise.wav,54.99999940395355,20.000000596046448,46.31094038486481,19.676356315612793
band_5_noise.wav,25.000001192092896,30.0,23.302200436592102,22.218786478042603
band_5_noise.wav,15.000000447034836,20.000000596046448,18.246949911117554,13.690710961818695
band_5_noise.wav,74.99999821186066,40.000001192092896,58.3074688911438,32.985230684280396
band_5_noise.wav,74.99999821186066,40.000001192092896,55.95456540584564,21.583889722824097
band_5_noise.wav,5.000000037252903,40.000001192092896,14.023624062538147,19.272605180740356
band_5_noise.wav,5.000000037252903,40.000001192092896,9.073266685009003,31.069804430007935
band_5_noise.wav,45.0,49.999998807907104,49.47997570037842,34.62754726409912
band_5_noise.wav,60.00000178813934,10.000000298023224,52.483824491500854,18.20085883140564
band_5_noise.wav,35.00000059604645,60.0,43.69805306196213,30.413957834243774
band_5_noise.wav,0.0,60.0,8.708405792713165,31.41662836074829
band_5_noise.wav,30.00000089406967,0.0,29.25755202770233,5.521053671836853
band_5_noise.wav,10.000000074505806,60.0,17.414647042751312,45.18240451812744
band_5_noise.wav,40.000000298023224,40.000001192092896,35.750670433044434,27.69360065460205
band_5_noise.wav,90.0,10.000000298023224,66.31754279136658,20.52462100982666
band_5_noise.wav,30.00000089406967,60.0,37.38134890794754,23.293234705924988
band_5_noise.wav,20.000000149011612,10.000000298023224,21.473715752363205,18.20900559425354
band_5_noise.wav,20.000000149011612,49.999998807907104,22.455000579357147,18.325433135032654
band_5_noise.wav,0.0,60.0,5.985116064548492,30.262913703918457
band_5_noise.wav,0.0,0.0,8.058283925056458,31.651461124420166
band_5_noise.wav,25.000001192092896,60.0,30.3742977976799,37.712119817733765
band_5_noise.wav,54.99999940395355,40.000001192092896,51.209925413131714,35.25166153907776
band_5_noise.wav,10.000000074505806,20.000000596046448,20.01486763358116,31.956732273101807
band_5_noise.wav,10.000000074505806,40.000001192092896,18.676433265209198,36.7118239402771
band_5_noise.wav,74.99999821186066,49.999998807907104,56.43624186515808,36.68530225753784
band_5_noise.wav,50.00000238418579,40.000001192092896,43.24814736843109,49.380998611450195
band_5_noise.wav,0.0,10.000000298023224,8.816327154636383,31.37911319732666
band_5_noise.wav,0.0,40.000001192092896,9.81852650642395,31.205978393554688
band_5_noise.wav,45.0,40.000001192092896,50.87699890136719,34.10023212432861
band_5_noise.wav,84.99999761581421,60.0,73.14403295516968,36.58630013465881
band_5_noise.wav,84.99999761581421,49.999998807907104,66.10848605632782,30.52259087562561
band_5_noise.wav,30.00000089406967,20.000000596046448,35.1369434595108,16.944133043289185
band_5_noise.wav,25.000001192092896,10.000000298023224,29.842557907104492,8.365527391433716
band_5_noise.wav,40.000000298023224,10.000000298023224,45.96576690673828,24.00288999080658
band_5_noise.wav,64.9999988079071,10.000000298023224,53.291341066360474,17.87821590900421
band_5_noise.wav,74.99999821186066,60.0,70.76840043067932,34.410767555236816
band_5_noise.wav,84.99999761581421,49.999998807907104,62.381712198257446,34.790475368499756
band_5_noise.wav,40.000000298023224,10.000000298023224,44.23762232065201,9.423535466194153
band_5_noise.wav,64.9999988079071,20.000000596046448,57.53592610359192,31.33579730987549
band_5_noise.wav,74.99999821186066,49.999998807907104,59.41355288028717,33.851155042648315
band_5_noise.wav,50.00000238418579,40.000001192092896,48.14104914665222,41.857895851135254
band_5_noise.wav,30.00000089406967,0.0,36.82563543319702,25.235779881477356
band_5_noise.wav,20.000000149011612,0.0,21.949935257434845,17.96671986579895
band_5_noise.wav,45.0,49.999998807907104,50.78156590461731,35.89606046676636
band_5_noise.wav,54.99999940395355,20.000000596046448,48.132219314575195,20.609799027442932
band_5_noise.wav,0.0,49.999998807907104,15.688811838626862,50.14675855636597
band_5_noise.wav,54.99999940395355,40.000001192092896,50.767473578453064,33.84817600250244
band_5_noise.wav,30.00000089406967,0.0,36.251508593559265,20.655970573425293
band_5_noise.wav,0.0,40.000001192092896,8.818049132823944,30.81361413002014
band_5_noise.wav,50.00000238418579,20.000000596046448,47.41097867488861,17.54578471183777
band_5_noise.wav,60.00000178813934,40.000001192092896,51.10760986804962,35.8558988571167
band_5_noise.wav,30.00000089406967,0.0,30.331873297691345,8.108180165290833
band_5_noise.wav,30.00000089406967,40.000001192092896,28.361104130744934,12.129185199737549
band_5_noise.wav,80.00000059604645,0.0,67.91467487812042,17.649589776992798
band_5_noise.wav,10.000000074505806,49.999998807907104,17.497210800647736,35.723347663879395
band_5_noise.wav,0.0,49.999998807907104,9.568512439727783,30.93296527862549
band_5_noise.wav,15.000000447034836,60.0,24.895794689655304,24.321675896644592
band_5_noise.wav,45.0,10.000000298023224,47.593379616737366,25.912216901779175
band_5_noise.wav,80.00000059604645,49.999998807907104,66.61195278167725,32.49999403953552
band_5_noise.wav,64.9999988079071,20.000000596046448,52.91872322559357,22.645379304885864
band_5_noise.wav,20.000000149011612,49.999998807907104,16.94677859544754,32.75595188140869
band_5_noise.wav,50.00000238418579,0.0,50.72859764099121,18.553338646888733
band_5_noise.wav,20.000000149011612,40.000001192092896,18.95226627588272,24.87337589263916
band_5_noise.wav,0.0,20.000000596046448,5.822048485279083,30.087647438049316
band_5_noise.wav,60.00000178813934,20.000000596046448,48.05563688278198,35.92743158340454
band_5_noise.wav,74.99999821186066,10.000000298023224,59.617905020713806,20.982710123062134
band_5_noise.wav,25.000001192092896,20.000000596046448,22.00730100274086,20.775439739227295
band_5_noise.wav,25.000001192092896,40.000001192092896,22.404416799545288,35.767507553100586
band_5_noise.wav,45.0,0.0,42.96884894371033,17.258341312408447
band_5_noise.wav,80.00000059604645,40.000001192092896,57.50672221183777,19.9808406829834
band_5_noise.wav,10.000000074505806,49.999998807907104,17.228649258613586,44.0293550491333
band_5_noise.wav,80.00000059604645,10.000000298023224,64.23409402370453,19.098386764526367
band_5_noise.wav,90.0,10.000000298023224,70.34789443016052,17.54572033882141
band_5_noise.wav,40.000000298023224,30.0,37.227910459041595,37.46111869812012
band_5_noise.wav,5.000000037252903,0.0,11.728835999965668,21.0749351978302
band_1_noise.wav,10.000000074505806,20.000000596046448,21.25890702009201,22.41789221763611
band_1_noise.wav,10.000000074505806,30.0,22.980281710624695,20.290233492851257
band_1_noise.wav,20.000000149011612,0.0,24.029948115348816,11.91798985004425
band_1_noise.wav,25.000001192092896,60.0,25.30268043279648,25.173709988594055
band_1_noise.wav,60.00000178813934,0.0,61.10437452793121,25.59452176094055
band_1_noise.wav,84.99999761581421,30.0,61.462352871894836,24.185961484909058
band_1_noise.wav,64.9999988079071,20.000000596046448,58.456610441207886,28.380855917930603
band_1_noise.wav,0.0,10.000000298023224,28.226189017295837,21.771007776260376
band_1_noise.wav,10.000000074505806,60.0,31.999920308589935,28.82968246936798
band_1_noise.wav,80.00000059604645,30.0,34.465452432632446,28.659532070159912
band_1_noise.wav,90.0,0.0,62.94665515422821,26.707570552825928
band_1_noise.wav,5.000000037252903,60.0,26.13149106502533,28.83300483226776
band_1_noise.wav,25.000001192092896,40.000001192092896,28.279479146003723,26.670963764190674
band_1_noise.wav,35.00000059604645,20.000000596046448,28.43619793653488,30.225491523742676
band_1_noise.wav,84.99999761581421,40.000001192092896,38.35426926612854,28.108221888542175
band_1_noise.wav,70.0000011920929,20.000000596046448,64.3911749124527,25.932540893554688
band_1_noise.wav,10.000000074505806,0.0,18.024624288082123,27.534597516059875
band_1_noise.wav,35.00000059604645,49.999998807907104,30.946294963359833,27.351524233818054
band_1_noise.wav,10.000000074505806,60.0,26.641282439231873,25.99799394607544
band_1_noise.wav,0.0,10.000000298023224,37.17623770236969,26.30931258201599
band_1_noise.wav,0.0,10.000000298023224,33.93791824579239,27.23496973514557
band_1_noise.wav,20.000000149011612,60.0,27.43674248456955,29.49914574623108
band_1_noise.wav,30.00000089406967,10.000000298023224,39.997830390930176,28.34526836872101
band_1_noise.wav,50.00000238418579,40.000001192092896,45.89630305767059,26.932162642478943
band_1_noise.wav,40.000000298023224,60.0,42.92339622974396,34.16940450668335
band_1_noise.wav,0.0,49.999998807907104,14.91107851266861,32.32003211975098
band_1_noise.wav,64.9999988079071,40.000001192092896,53.17075431346893,29.147289991378784
band_1_noise.wav,5.000000037252903,20.000000596046448,18.33905965089798,28.77030909061432
band_1_noise.wav,50.00000238418579,10.000000298023224,47.0319128036499,27.334054112434387
band_1_noise.wav,74.99999821186066,20.000000596046448,42.44451195001602,26.05769634246826
band_1_noise.wav,45.0,10.000000298023224,47.62344717979431,24.8439359664917
band_1_noise.wav,74.99999821186066,60.0,51.88097655773163,27.842674255371094
band_1_noise.wav,60.00000178813934,49.999998807907104,63.95319163799286,26.367909908294678
band_1_noise.wav,45.0,60.0,38.848294615745544,27.90822744369507
band_1_noise.wav,35.00000059604645,40.000001192092896,29.673407077789307,27.57406175136566
band_1_noise.wav,50.00000238418579,49.999998807907104,46.73604905605316,27.186527252197266
band_1_noise.wav,54.99999940395355,60.0,48.36897253990173,28.174665570259094
band_1_noise.wav,64.9999988079071,20.000000596046448,36.00569486618042,29.096283316612244
band_1_noise.wav,80.00000059604645,60.0,66.27520680427551,24.738720059394836
band_1_noise.wav,45.0,49.999998807907104,31.23745948076248,27.979329228401184
band_1_noise.wav,5.000000037252903,20.000000596046448,14.981754720211029,28.037928342819214
band_1_noise.wav,25.000001192092896,40.000001192092896,32.52060681581497,28.98675799369812
band_1_noise.wav,74.99999821186066,0.0,53.14491391181946,26.548014879226685
band_1_noise.wav,30.00000089406967,30.0,34.32598292827606,23.933592438697815
band_1_noise.wav,15.000000447034836,30.0,31.354030966758728,30.069057941436768
band_1_noise.wav,90.0,49.999998807907104,50.90707182884216,26.263917088508606
band_1_noise.wav,15.000000447034836,30.0,21.286311149597168,28.204143047332764
band_1_noise.wav,40.000000298023224,49.999998807907104,43.69019418954849,28.484373092651367
band_1_noise.wav,50.00000238418579,10.000000298023224,57.35964059829712,28.043439388275146
band_1_noise.wav,60.00000178813934,30.0,41.66706293821335,29.412197470664978
band_1_noise.wav,60.00000178813934,40.000001192092896,36.54530704021454,29.531056880950928
band_1_noise.wav,45.0,10.000000298023224,36.72422111034393,26.99799120426178
band_1_noise.wav,40.000000298023224,40.000001192092896,40.809858441352844,28.445661664009094
band_1_noise.wav,74.99999821186066,49.999998807907104,41.17607653141022,30.26317834854126
band_1_noise.wav,5.000000037252903,0.0,33.22936713695526,27.95874774456024
band_1_noise.wav,35.00000059604645,10.000000298023224,35.06918013095856,19.716723561286926
band_1_noise.wav,74.99999821186066,30.0,62.55836248397827,31.353392601013184
band_1_noise.wav,10.000000074505806,10.000000298023224,24.39637541770935,25.28104305267334
band_1_noise.wav,50.00000238418579,10.000000298023224,53.130725026130676,28.825111985206604
band_1_noise.wav,50.00000238418579,10.000000298023224,39.34827983379364,28.665225505828857
band_1_noise.wav,5.000000037252903,30.0,22.652365565299988,28.929426670074463
band_1_noise.wav,10.000000074505806,0.0,18.666085302829742,30.403640270233154
band_1_noise.wav,10.000000074505806,30.0,24.088819921016693,28.075591921806335
band_1_noise.wav,30.00000089406967,30.0,35.96997857093811,20.854958295822144
band_1_noise.wav,50.00000238418579,0.0,45.233362913131714,29.689999222755432
band_1_noise.wav,60.00000178813934,0.0,52.85889387130737,26.907729506492615
band_1_noise.wav,64.9999988079071,0.0,60.37341892719269,26.173388957977295
band_1_noise.wav,25.000001192092896,60.0,29.49406921863556,25.142236948013306
band_1_noise.wav,80.00000059604645,49.999998807907104,53.379231691360474,25.88644802570343
band_1_noise.wav,40.000000298023224,20.000000596046448,37.66055881977081,27.308408617973328
band_1_noise.wav,54.99999940395355,0.0,52.26900100708008,25.717279314994812
band_1_noise.wav,60.00000178813934,30.0,42.75852084159851,28.942771553993225
band_1_noise.wav,35.00000059604645,0.0,29.2774298787117,21.762247681617737
band_1_noise.wav,35.00000059604645,20.000000596046448,39.060017466545105,28.411166667938232
band_1_noise.wav,30.00000089406967,49.999998807907104,23.176968097686768,21.87787413597107
band_1_noise.wav,0.0,60.0,26.144558787345886,32.85766839981079
band_1_noise.wav,70.0000011920929,40.000001192092896,63.66519749164581,29.147547483444214
band_1_noise.wav,15.000000447034836,60.0,24.635357558727264,25.013217329978943
band_1_noise.wav,30.00000089406967,0.0,30.726125836372375,21.617236733436584
band_1_noise.wav,30.00000089406967,20.000000596046448,35.4066127538681,27.58108913898468
band_1_noise.wav,74.99999821186066,40.000001192092896,48.230339884757996,28.910327553749084
band_1_noise.wav,35.00000059604645,10.000000298023224,39.968605041503906,23.471134901046753
band_1_noise.wav,54.99999940395355,30.0,57.539037466049194,27.23134160041809
band_1_noise.wav,30.00000089406967,40.000001192092896,33.6296546459198,25.450644493103027
band_1_noise.wav,5.000000037252903,10.000000298023224,29.447447061538696,30.102174282073975
band_1_noise.wav,70.0000011920929,30.0,45.10509967803955,28.553940653800964
band_1_noise.wav,84.99999761581421,0.0,49.558923840522766,28.938785791397095
band_1_noise.wav,40.000000298023224,60.0,39.506707191467285,28.21377396583557
band_1_noise.wav,10.000000074505806,20.000000596046448,19.154861569404602,26.806259751319885
band_1_noise.wav,30.00000089406967,20.000000596046448,38.99949610233307,28.901486992836
band_1_noise.wav,74.99999821186066,49.999998807907104,41.15172207355499,29.41563606262207
band_1_noise.wav,60.00000178813934,0.0,44.214579463005066,23.71355652809143
band_1_noise.wav,10.000000074505806,60.0,30.0449600815773,28.29543113708496
band_1_noise.wav,50.00000238418579,40.000001192092896,51.41624093055725,32.90271878242493
band_1_noise.wav,80.00000059604645,0.0,58.28269600868225,28.8688462972641
band_1_noise.wav,60.00000178813934,30.0,48.92544507980347,28.61133635044098
band_1_noise.wav,25.000001192092896,30.0,22.473907470703125,21.74425721168518
band_1_noise.wav,60.00000178813934,0.0,52.292523980140686,28.887407183647156
band_1_noise.wav,80.00000059604645,30.0,62.09090709686279,28.778321743011475
band_1_noise.wav,40.000000298023224,60.0,39.08669203519821,26.527041792869568
band_1_noise.wav,30.00000089406967,10.000000298023224,29.952866435050964,26.726542711257935
band_1_noise.wav,35.00000059604645,49.999998807907104,34.94698941707611,30.715967416763306
band_1_noise.wav,90.0,20.000000596046448,62.08104193210602,23.883955478668213
band_1_noise.wav,54.99999940395355,40.000001192092896,47.1228289604187,29.843668341636658
band_1_noise.wav,10.000000074505806,20.000000596046448,31.44322782754898,29.275898337364197
band_1_noise.wav,20.000000149011612,60.0,21.72870397567749,17.2824490070343
band_1_noise.wav,84.99999761581421,0.0,53.23192477226257,31.44219160079956
band_1_noise.wav,54.99999940395355,30.0,47.73328900337219,29.35926854610443
band_1_noise.wav,54.99999940395355,49.999998807907104,35.942652225494385,23.924476504325867
band_1_noise.wav,15.000000447034836,30.0,29.553855657577515,29.652332067489624
band_1_noise.wav,15.000000447034836,40.000001192092896,38.131409883499146,30.552878379821777
band_1_noise.wav,15.000000447034836,60.0,14.848870038986206,26.688859462738037
band_1_noise.wav,15.000000447034836,30.0,26.811439096927643,25.560060739517212
band_1_noise.wav,20.000000149011612,10.000000298023224,28.251256942749023,22.78808355331421
band_1_noise.wav,25.000001192092896,10.000000298023224,28.22537899017334,18.226431012153625
band_1_noise.wav,45.0,0.0,53.81030559539795,22.509233951568604
band_1_noise.wav,50.00000238418579,40.000001192092896,44.82516288757324,27.254737615585327
band_1_noise.wav,0.0,0.0,26.246812641620636,29.47916865348816
band_1_noise.wav,74.99999821186066,60.0,52.766958475112915,28.790531158447266
band_1_noise.wav,25.000001192092896,20.000000596046448,32.04751878976822,26.755802035331726
band_1_noise.wav,15.000000447034836,49.999998807907104,26.728966534137726,29.17000651359558
band_1_noise.wav,0.0,20.000000596046448,24.487508833408356,34.504204988479614
band_1_noise.wav,5.000000037252903,40.000001192092896,21.192447245121002,26.184176802635193
band_1_noise.wav,40.000000298023224,20.000000596046448,43.2499498128891,30.205553770065308
band_1_noise.wav,64.9999988079071,10.000000298023224,61.355520486831665,27.518802881240845
band_1_noise.wav,5.000000037252903,30.0,19.934705793857574,30.60650110244751
band_1_noise.wav,90.0,60.0,41.6802915930748,28.53047490119934
band_1_noise.wav,84.99999761581421,49.999998807907104,44.97791200876236,28.559533953666687
band_1_noise.wav,0.0,49.999998807907104,17.975164353847504,35.577757358551025
band_1_noise.wav,40.000000298023224,30.0,42.81406134366989,27.586541175842285
band_1_noise.wav,74.99999821186066,30.0,63.12741994857788,27.43053674697876
band_1_noise.wav,80.00000059604645,0.0,58.28890800476074,25.205883979797363
band_1_noise.wav,74.99999821186066,20.000000596046448,61.44286930561066,29.36147689819336
band_1_noise.wav,84.99999761581421,60.0,64.31856215000153,28.35133731365204
band_1_noise.wav,50.00000238418579,40.000001192092896,34.296730756759644,29.592427611351013
band_1_noise.wav,5.000000037252903,10.000000298023224,16.56127005815506,27.79659926891327
band_1_noise.wav,35.00000059604645,49.999998807907104,40.220088958740234,29.784218072891235
band_1_noise.wav,90.0,60.0,63.52197825908661,27.548512816429138
band_1_noise.wav,70.0000011920929,0.0,56.614152789115906,28.852028846740723
band_1_noise.wav,70.0000011920929,20.000000596046448,64.42357063293457,24.52644109725952
band_1_noise.wav,64.9999988079071,60.0,51.969425082206726,30.00263214111328
band_1_noise.wav,54.99999940395355,60.0,48.77847611904144,30.189979076385498
band_1_noise.wav,40.000000298023224,20.000000596046448,36.52508586645126,28.69202971458435
band_1_noise.wav,64.9999988079071,30.0,52.71089494228363,26.495457887649536
band_1_noise.wav,30.00000089406967,49.999998807907104,33.09061110019684,28.36124360561371
band_1_noise.wav,25.000001192092896,0.0,29.042173326015472,19.775124192237854
band_1_noise.wav,35.00000059604645,30.0,37.327390909194946,26.267196536064148
band_1_noise.wav,74.99999821186066,20.000000596046448,58.22454035282135,27.23989248275757
band_1_noise.wav,5.000000037252903,40.000001192092896,28.10225486755371,28.677338361740112
band_1_noise.wav,84.99999761581421,60.0,49.38648462295532,28.778586387634277
band_1_noise.wav,70.0000011920929,60.0,59.951233863830566,26.389634013175964
band_1_noise.wav,45.0,10.000000298023224,36.80436551570892,28.76714050769806
band_1_noise.wav,0.0,0.0,19.445036351680756,29.72548484802246
band_1_noise.wav,84.99999761581421,20.000000596046448,43.78583908081055,28.164777159690857
band_1_noise.wav,50.00000238418579,49.999998807907104,38.868655264377594,26.900920271873474
band_1_noise.wav,20.000000149011612,30.0,31.9768425822258,24.83054280281067
band_1_noise.wav,40.000000298023224,49.999998807907104,41.50598019361496,30.63030481338501
band_1_noise.wav,50.00000238418579,10.000000298023224,50.98556935787201,32.16536521911621
band_1_noise.wav,45.0,30.0,43.53587865829468,34.7426962852478
band_1_noise.wav,10.000000074505806,0.0,26.515296399593353,32.07152724266052
pink_noise.wav,40.000000298023224,60.0,41.25610560178757,51.75529718399048
pink_noise.wav,0.0,60.0,3.4628042578697205,28.2643461227417
pink_noise.wav,50.00000238418579,30.0,49.78700816631317,36.5701961517334
pink_noise.wav,50.00000238418579,40.000001192092896,47.8552383184433,35.19754886627197
pink_noise.wav,25.000001192092896,20.000000596046448,31.140819489955902,17.60214865207672
pink_noise.wav,25.000001192092896,49.999998807907104,29.384098649024963,48.52762699127197
pink_noise.wav,90.0,30.0,81.08636498451233,13.102017045021057
pink_noise.wav,0.0,0.0,-0.7446509599685669,26.237382888793945
pink_noise.wav,35.00000059604645,0.0,42.45755821466446,18.08397889137268
pink_noise.wav,40.000000298023224,49.999998807907104,45.56911110877991,34.97494339942932
pink_noise.wav,50.00000238418579,0.0,53.24444532394409,9.38640832901001
pink_noise.wav,64.9999988079071,30.0,56.98829412460327,26.423329710960388
pink_noise.wav,10.000000074505806,0.0,14.662145376205444,23.962472677230835
pink_noise.wav,40.000000298023224,30.0,44.91050273180008,32.71601915359497
pink_noise.wav,64.9999988079071,49.999998807907104,52.571682929992676,29.981258511543274
pink_noise.wav,30.00000089406967,40.000001192092896,30.16670823097229,19.474482536315918
pink_noise.wav,30.00000089406967,0.0,31.49932622909546,14.77819561958313
pink_noise.wav,80.00000059604645,49.999998807907104,73.12265574932098,44.34383153915405
pink_noise.wav,64.9999988079071,20.000000596046448,61.62880539894104,39.27276849746704
pink_noise.wav,54.99999940395355,60.0,49.140998125076294,36.231833696365356
pink_noise.wav,54.99999940395355,20.000000596046448,55.37600755691528,17.4248206615448
pink_noise.wav,64.9999988079071,0.0,64.12593126296997,20.669002532958984
pink_noise.wav,5.000000037252903,40.000001192092896,7.5924137234687805,51.60653114318848
pink_noise.wav,60.00000178813934,10.000000298023224,58.251110315322876,15.975780487060547
pink_noise.wav,45.0,60.0,47.838115096092224,24.642444849014282
pink_noise.wav,60.00000178813934,49.999998807907104,58.09146523475647,41.127283573150635
pink_noise.wav,84.99999761581421,10.000000298023224,82.06532835960388,14.627981185913086
pink_noise.wav,5.000000037252903,30.0,9.351926743984222,31.396812200546265
pink_noise.wav,0.0,49.999998807907104,4.492863714694977,33.886263370513916
pink_noise.wav,60.00000178813934,20.000000596046448,59.64605212211609,30.776724815368652
pink_noise.wav,40.000000298023224,40.000001192092896,37.79224455356598,31.724077463150024
pink_noise.wav,70.0000011920929,49.999998807907104,69.69301164150238,36.56590819358826
pink_noise.wav,54.99999940395355,20.000000596046448,50.85089564323425,15.582026839256287
pink_noise.wav,54.99999940395355,10.000000298023224,62.10725784301758,22.424941062927246
pink_noise.wav,5.000000037252903,20.000000596046448,8.518129885196686,43.9780068397522
pink_noise.wav,50.00000238418579,49.999998807907104,45.44290781021118,39.764699935913086
pink_noise.wav,50.00000238418579,40.000001192092896,49.442312121391296,34.23281192779541
pink_noise.wav,0.0,40.000001192092896,4.282471239566803,34.425809383392334
pink_noise.wav,35.00000059604645,0.0,39.40829694271088,15.106587409973145
pink_noise.wav,45.0,30.0,44.90208864212036,36.4746630191803
pink_noise.wav,50.00000238418579,20.000000596046448,53.210418820381165,13.659957647323608
pink_noise.wav,84.99999761581421,20.000000596046448,80.35117149353027,42.436044216156006
pink_noise.wav,54.99999940395355,0.0,58.57264816761017,23.14276099205017
pink_noise.wav,54.99999940395355,60.0,71.5760350227356,38.197059631347656
pink_noise.wav,84.99999761581421,10.000000298023224,73.26674938201904,22.436676621437073
pink_noise.wav,60.00000178813934,0.0,59.81078267097473,28.267518281936646
pink_noise.wav,74.99999821186066,0.0,78.14374566078186,16.953831911087036
pink_noise.wav,50.00000238418579,10.000000298023224,48.42771828174591,14.392430484294891
pink_noise.wav,5.000000037252903,30.0,9.196299612522125,51.87875747680664
pink_noise.wav,45.0,60.0,50.667335987091064,28.52544665336609
pink_noise.wav,64.9999988079071,0.0,61.354056000709534,11.391472220420837
pink_noise.wav,84.99999761581421,0.0,80.51701784133911,11.768871545791626
pink_noise.wav,0.0,20.000000596046448,5.965903401374817,32.1098256111145
pink_noise.wav,0.0,20.000000596046448,3.4489399194717407,25.599204897880554
pink_noise.wav,45.0,49.999998807907104,45.03221333026886,35.29270648956299
pink_noise.wav,90.0,30.0,78.62833499908447,14.837983846664429
pink_noise.wav,80.00000059604645,49.999998807907104,74.58147168159485,40.67518472671509
pink_noise.wav,74.99999821186066,10.000000298023224,76.70721352100372,12.646951675415039
pink_noise.wav,70.0000011920929,0.0,68.33105564117432,11.88762903213501
pink_noise.wav,40.000000298023224,10.000000298023224,44.260925352573395,20.501988530158997
pink_noise.wav,25.000001192092896,10.000000298023224,31.54072344303131,19.139227867126465
pink_noise.wav,45.0,60.0,48.64754676818848,25.40198028087616
pink_noise.wav,80.00000059604645,20.000000596046448,76.98286414146423,14.612723886966705
pink_noise.wav,74.99999821186066,10.000000298023224,71.19136333465576,11.231646537780762
pink_noise.wav,25.000001192092896,40.000001192092896,26.65781557559967,24.51225757598877
pink_noise.wav,20.000000149011612,49.999998807907104,19.117731750011444,28.48397970199585
pink_noise.wav,30.00000089406967,20.000000596046448,36.45381689071655,26.667832732200623
pink_noise.wav,40.000000298023224,30.0,41.741690039634705,33.03300619125366
pink_noise.wav,54.99999940395355,20.000000596046448,60.23577868938446,23.89810860157013
pink_noise.wav,80.00000059604645,60.0,77.43086814880371,43.31476807594299
pink_noise.wav,64.9999988079071,0.0,62.61286497116089,17.323819398880005
pink_noise.wav,30.00000089406967,10.000000298023224,35.96852481365204,24.09197688102722
pink_noise.wav,0.0,20.000000596046448,11.34114682674408,27.2187602519989
pink_noise.wav,15.000000447034836,0.0,24.12813037633896,16.21572732925415
pink_noise.wav,20.000000149011612,0.0,26.05074852705002,28.937920331954956
pink_noise.wav,30.00000089406967,49.999998807907104,32.35634297132492,27.104163765907288
pink_noise.wav,70.0000011920929,30.0,66.02055788040161,30.94398021697998
pink_noise.wav,60.00000178813934,49.999998807907104,58.714837431907654,36.00781202316284
pink_noise.wav,25.000001192092896,10.000000298023224,32.086850702762604,17.77914047241211
pink_noise.wav,0.0,10.000000298023224,6.80291086435318,24.718748331069946
pink_noise.wav,30.00000089406967,60.0,36.068847477436066,34.73811149597168
pink_noise.wav,74.99999821186066,60.0,79.70956563949585,41.68663501739502
pink_noise.wav,10.000000074505806,10.000000298023224,14.694946110248566,19.31255042552948
pink_noise.wav,30.00000089406967,10.000000298023224,34.53603208065033,12.139196991920471
pink_noise.wav,10.000000074505806,20.000000596046448,15.334647595882416,26.575777530670166
pink_noise.wav,90.0,49.999998807907104,64.28726077079773,42.67613410949707
pink_noise.wav,84.99999761581421,10.000000298023224,78.81855726242065,17.66506254673004
pink_noise.wav,54.99999940395355,30.0,58.786248564720154,45.645843744277954
pink_noise.wav,15.000000447034836,49.999998807907104,18.382667005062103,35.528526306152344
pink_noise.wav,35.00000059604645,10.000000298023224,38.998254239559174,13.608024716377258
pink_noise.wav,54.99999940395355,20.000000596046448,61.41875624656677,28.17785382270813
pink_noise.wav,20.000000149011612,40.000001192092896,23.114282190799713,37.47986555099487
pink_noise.wav,74.99999821186066,30.0,77.20800340175629,41.069233417510986
pink_noise.wav,5.000000037252903,10.000000298023224,8.160929381847382,20.62123417854309
pink_noise.wav,74.99999821186066,30.0,71.78092360496521,43.79626393318176
pink_noise.wav,35.00000059604645,10.000000298023224,40.627926886081696,35.58007478713989
pink_noise.wav,20.000000149011612,0.0,23.080202043056488,16.055513620376587
pink_noise.wav,20.000000149011612,20.000000596046448,21.493581533432007,23.66352617740631
pink_noise.wav,5.000000037252903,10.000000298023224,5.901109278202057,33.853594064712524
pink_noise.wav,40.000000298023224,0.0,41.91079795360565,26.085943579673767
pink_noise.wav,35.00000059604645,0.0,39.07782196998596,23.378044366836548
pink_noise.wav,35.00000059604645,10.000000298023224,40.174877643585205,21.236847639083862
pink_noise.wav,45.0,40.000001192092896,46.388370394706726,32.648091316223145
pink_noise.wav,74.99999821186066,49.999998807907104,74.61585760116577,38.05935859680176
pink_noise.wav,54.99999940395355,40.000001192092896,52.95740067958832,39.529463052749634
pink_noise.wav,50.00000238418579,60.0,48.872782588005066,36.38453006744385
pink_noise.wav,50.00000238418579,20.000000596046448,52.89590299129486,18.06565761566162
pink_noise.wav,90.0,30.0,78.08351397514343,17.014929056167603
pink_noise.wav,15.000000447034836,30.0,15.657006204128265,33.48523020744324
pink_noise.wav,50.00000238418579,30.0,51.0200035572052,39.11924600601196
pink_noise.wav,84.99999761581421,60.0,76.888986825943,50.14698028564453
pink_noise.wav,30.00000089406967,10.000000298023224,35.84388256072998,21.439760327339172
pink_noise.wav,30.00000089406967,40.000001192092896,28.76216948032379,12.391850352287292
pink_noise.wav,20.000000149011612,0.0,23.85017842054367,23.176403045654297
pink_noise.wav,15.000000447034836,0.0,14.434846937656403,12.746195197105408
pink_noise.wav,15.000000447034836,60.0,13.936465680599213,44.85734939575195
pink_noise.wav,84.99999761581421,0.0,85.27637243270874,15.001428723335266
pink_noise.wav,64.9999988079071,60.0,58.20361912250519,40.645201206207275
pink_noise.wav,30.00000089406967,10.000000298023224,36.73607647418976,28.01892399787903
pink_noise.wav,40.000000298023224,49.999998807907104,47.26012051105499,33.70659828186035
pink_noise.wav,90.0,49.999998807907104,59.64379906654358,27.5344455242157
pink_noise.wav,60.00000178813934,30.0,59.944533705711365,27.39070415496826
pink_noise.wav,45.0,40.000001192092896,44.88934814929962,37.60599374771118
pink_noise.wav,0.0,60.0,3.876374065876007,34.76531982421875
pink_noise.wav,40.000000298023224,60.0,43.12355875968933,34.48617339134216
pink_noise.wav,84.99999761581421,60.0,78.7257581949234,36.25686764717102
pink_noise.wav,15.000000447034836,10.000000298023224,18.305368423461914,14.268637597560883
pink_noise.wav,10.000000074505806,10.000000298023224,13.212054669857025,17.52634048461914
pink_noise.wav,10.000000074505806,40.000001192092896,15.197763741016388,36.17408752441406
pink_noise.wav,70.0000011920929,40.000001192092896,59.69997525215149,22.350119948387146
pink_noise.wav,45.0,40.000001192092896,46.93226337432861,38.59390139579773
pink_noise.wav,10.000000074505806,49.999998807907104,16.51543915271759,33.42476963996887
pink_noise.wav,0.0,20.000000596046448,11.077901422977448,34.00865077972412
pink_noise.wav,5.000000037252903,20.000000596046448,7.083105146884918,25.135504603385925
khz_band_gt_8_noise.wav,30.00000089406967,0.0,41.864425241947174,28.317881226539612
khz_band_gt_8_noise.wav,80.00000059604645,40.000001192092896,41.65338099002838,28.331351280212402
khz_band_gt_8_noise.wav,60.00000178813934,30.0,41.81191563606262,28.321956396102905
khz_band_gt_8_noise.wav,10.000000074505806,60.0,41.99654281139374,28.38977336883545
khz_band_gt_8_noise.wav,20.000000149011612,30.0,41.81843876838684,28.321491479873657
khz_band_gt_8_noise.wav,40.000000298023224,30.0,41.6849023103714,28.329545259475708
khz_band_gt_8_noise.wav,35.00000059604645,10.000000298023224,41.89656883478165,28.356385231018066
khz_band_gt_8_noise.wav,40.000000298023224,40.000001192092896,41.87949389219284,28.31672430038452
khz_band_gt_8_noise.wav,70.0000011920929,10.000000298023224,41.77630126476288,28.32327961921692
khz_band_gt_8_noise.wav,84.99999761581421,60.0,41.94812625646591,28.315998315811157
khz_band_gt_8_noise.wav,74.99999821186066,30.0,41.766277849674225,28.359641432762146
khz_band_gt_8_noise.wav,15.000000447034836,49.999998807907104,42.04716145992279,28.35316836833954
khz_band_gt_8_noise.wav,15.000000447034836,40.000001192092896,41.98008745908737,28.342455625534058
khz_band_gt_8_noise.wav,20.000000149011612,20.000000596046448,41.757040321826935,28.352365493774414
khz_band_gt_8_noise.wav,45.0,60.0,41.85351401567459,28.35744023323059
khz_band_gt_8_noise.wav,35.00000059604645,49.999998807907104,42.04923212528229,28.367382287979126
khz_band_gt_8_noise.wav,20.000000149011612,60.0,42.00855374336243,28.397879004478455
khz_band_gt_8_noise.wav,54.99999940395355,49.999998807907104,41.650548577308655,28.35390865802765
khz_band_gt_8_noise.wav,64.9999988079071,10.000000298023224,41.979722678661346,28.353381156921387
khz_band_gt_8_noise.wav,40.000000298023224,49.999998807907104,42.03672230243683,28.38610053062439
khz_band_gt_8_noise.wav,15.000000447034836,20.000000596046448,41.872117817401886,28.3853280544281
khz_band_gt_8_noise.wav,35.00000059604645,20.000000596046448,41.90241605043411,28.39525580406189
khz_band_gt_8_noise.wav,10.000000074505806,20.000000596046448,41.98180675506592,28.40873658657074
khz_band_gt_8_noise.wav,74.99999821186066,49.999998807907104,41.72190070152283,28.334203362464905
khz_band_gt_8_noise.wav,30.00000089406967,40.000001192092896,42.04796612262726,28.364664316177368
khz_band_gt_8_noise.wav,20.000000149011612,0.0,41.89626842737198,28.38207185268402
khz_band_gt_8_noise.wav,45.0,30.0,41.87732666730881,28.317527174949646
khz_band_gt_8_noise.wav,50.00000238418579,20.000000596046448,41.85850292444229,28.334750533103943
khz_band_gt_8_noise.wav,15.000000447034836,49.999998807907104,41.95809066295624,28.36467146873474
khz_band_gt_8_noise.wav,50.00000238418579,40.000001192092896,41.78744584321976,28.322356939315796
khz_band_gt_8_noise.wav,84.99999761581421,40.000001192092896,41.707202196121216,28.327669501304626
khz_band_gt_8_noise.wav,64.9999988079071,30.0,42.012214958667755,28.407663702964783
khz_band_gt_8_noise.wav,54.99999940395355,0.0,41.59318149089813,28.33566427230835
khz_band_gt_8_noise.wav,50.00000238418579,60.0,42.07476407289505,28.36638629436493
khz_band_gt_8_noise.wav,30.00000089406967,49.999998807907104,41.79331988096237,28.322827219963074
khz_band_gt_8_noise.wav,35.00000059604645,60.0,41.726795732975006,28.372491002082825
khz_band_gt_8_noise.wav,54.99999940395355,20.000000596046448,41.93711310625076,28.38630974292755
khz_band_gt_8_noise.wav,10.000000074505806,49.999998807907104,42.08896368741989,28.376301527023315
khz_band_gt_8_noise.wav,60.00000178813934,60.0,42.02136665582657,28.351981043815613
khz_band_gt_8_noise.wav,45.0,49.999998807907104,41.945073902606964,28.320189714431763
khz_band_gt_8_noise.wav,35.00000059604645,30.0,42.016699612140656,28.4848415851593
khz_band_gt_8_noise.wav,15.000000447034836,10.000000298023224,42.00176239013672,28.35667848587036
khz_band_gt_8_noise.wav,25.000001192092896,49.999998807907104,41.935168504714966,28.316779732704163
khz_band_gt_8_noise.wav,0.0,60.0,42.003328800201416,28.397412300109863
khz_band_gt_8_noise.wav,30.00000089406967,40.000001192092896,41.92362159490585,28.31519901752472
khz_band_gt_8_noise.wav,80.00000059604645,60.0,41.9329047203064,28.36357355117798
khz_band_gt_8_noise.wav,15.000000447034836,49.999998807907104,41.93764418363571,28.403822779655457
khz_band_gt_8_noise.wav,45.0,40.000001192092896,41.83189541101456,28.36855173110962
khz_band_gt_8_noise.wav,84.99999761581421,30.0,41.84800744056702,28.37258756160736
khz_band_gt_8_noise.wav,64.9999988079071,30.0,41.778870820999146,28.32351565361023
khz_band_gt_8_noise.wav,80.00000059604645,20.000000596046448,41.71446830034256,28.39469075202942
khz_band_gt_8_noise.wav,74.99999821186066,30.0,41.96868538856506,28.34964394569397
khz_band_gt_8_noise.wav,40.000000298023224,0.0,41.87922567129135,28.380001187324524
khz_band_gt_8_noise.wav,90.0,0.0,41.93326145410538,28.36787223815918
khz_band_gt_8_noise.wav,25.000001192092896,30.0,41.80744171142578,28.34409534931183
khz_band_gt_8_noise.wav,15.000000447034836,30.0,42.195648550987244,28.423930406570435
khz_band_gt_8_noise.wav,50.00000238418579,10.000000298023224,42.01003700494766,28.399085998535156
khz_band_gt_8_noise.wav,70.0000011920929,60.0,41.919933557510376,28.335185050964355
khz_band_gt_8_noise.wav,84.99999761581421,20.000000596046448,41.875247955322266,28.31735372543335
khz_band_gt_8_noise.wav,74.99999821186066,60.0,41.92788898944855,28.3304500579834
khz_band_gt_8_noise.wav,30.00000089406967,10.000000298023224,42.02140957117081,28.39388608932495
khz_band_gt_8_noise.wav,45.0,10.000000298023224,41.96702778339386,28.409146070480347
khz_band_gt_8_noise.wav,70.0000011920929,30.0,42.02425539493561,28.42735469341278
khz_band_gt_8_noise.wav,35.00000059604645,40.000001192092896,42.011437118053436,28.423515558242798
khz_band_gt_8_noise.wav,20.000000149011612,60.0,41.92803114652634,28.315047025680542
khz_band_gt_8_noise.wav,70.0000011920929,10.000000298023224,41.881481409072876,28.317039012908936
khz_band_gt_8_noise.wav,74.99999821186066,0.0,41.819339990615845,28.321176767349243
khz_band_gt_8_noise.wav,5.000000037252903,40.000001192092896,41.96854591369629,28.430981040000916
khz_band_gt_8_noise.wav,15.000000447034836,30.0,41.99709802865982,28.386443853378296
khz_band_gt_8_noise.wav,40.000000298023224,10.000000298023224,41.81977987289429,28.344097137451172
khz_band_gt_8_noise.wav,15.000000447034836,40.000001192092896,42.063807249069214,28.44292402267456
khz_band_gt_8_noise.wav,80.00000059604645,20.000000596046448,41.796490252017975,28.32268238067627
khz_band_gt_8_noise.wav,70.0000011920929,0.0,41.86786651611328,28.317881226539612
khz_band_gt_8_noise.wav,10.000000074505806,49.999998807907104,42.02571451663971,28.347065448760986
khz_band_gt_8_noise.wav,80.00000059604645,10.000000298023224,41.92796140909195,28.319331407546997
khz_band_gt_8_noise.wav,64.9999988079071,0.0,41.77017241716385,28.340361714363098
khz_band_gt_8_noise.wav,50.00000238418579,49.999998807907104,41.901737451553345,28.31595540046692
khz_band_gt_8_noise.wav,0.0,60.0,42.02411860227585,28.445481061935425
khz_band_gt_8_noise.wav,0.0,60.0,41.99058026075363,28.363155126571655
khz_band_gt_8_noise.wav,45.0,20.000000596046448,41.88969969749451,28.330267667770386
khz_band_gt_8_noise.wav,60.00000178813934,0.0,41.87289834022522,28.317725658416748
khz_band_gt_8_noise.wav,50.00000238418579,20.000000596046448,42.20466077327728,28.437974452972412
khz_band_gt_8_noise.wav,74.99999821186066,60.0,41.967414021492004,28.37169349193573
khz_band_gt_8_noise.wav,25.000001192092896,0.0,41.993356347084045,28.369324207305908
khz_band_gt_8_noise.wav,90.0,10.000000298023224,42.03073024749756,28.40244948863983
khz_band_gt_8_noise.wav,64.9999988079071,49.999998807907104,41.8792524933815,28.316867351531982
khz_band_gt_8_noise.wav,15.000000447034836,0.0,41.821078062057495,28.381735682487488
khz_band_gt_8_noise.wav,10.000000074505806,49.999998807907104,42.078269720077515,28.41313898563385
khz_band_gt_8_noise.wav,5.000000037252903,20.000000596046448,41.94463133811951,28.375123143196106
khz_band_gt_8_noise.wav,80.00000059604645,60.0,41.95723235607147,28.33449125289917
khz_band_gt_8_noise.wav,20.000000149011612,40.000001192092896,42.21514821052551,28.412927985191345
khz_band_gt_8_noise.wav,20.000000149011612,40.000001192092896,41.950435638427734,28.31427276134491
khz_band_gt_8_noise.wav,60.00000178813934,0.0,41.96833401918411,28.343517780303955
khz_band_gt_8_noise.wav,90.0,20.000000596046448,41.694740653038025,28.328681588172913
khz_band_gt_8_noise.wav,84.99999761581421,20.000000596046448,42.04684764146805,28.36729109287262
khz_band_gt_8_noise.wav,10.000000074505806,30.0,41.967183351516724,28.339780569076538
khz_band_gt_8_noise.wav,74.99999821186066,0.0,41.608362793922424,28.354269862174988
khz_band_gt_8_noise.wav,50.00000238418579,60.0,41.97045564651489,28.35425555706024
khz_band_gt_8_noise.wav,20.000000149011612,40.000001192092896,42.149702310562134,28.410669565200806
khz_band_gt_8_noise.wav,50.00000238418579,10.000000298023224,41.82589262723923,28.34242880344391
khz_band_gt_8_noise.wav,40.000000298023224,30.0,41.84958726167679,28.336617350578308
khz_band_gt_8_noise.wav,54.99999940395355,60.0,41.97459697723389,28.36030125617981
khz_band_gt_8_noise.wav,20.000000149011612,49.999998807907104,42.04906851053238,28.38805317878723
khz_band_gt_8_noise.wav,0.0,10.000000298023224,42.05066978931427,28.36017608642578
khz_band_gt_8_noise.wav,15.000000447034836,60.0,42.10470825433731,28.37735652923584
khz_band_gt_8_noise.wav,0.0,40.000001192092896,42.058550119400024,28.35669994354248
khz_band_gt_8_noise.wav,74.99999821186066,30.0,41.90246969461441,28.346802592277527
khz_band_gt_8_noise.wav,40.000000298023224,30.0,42.05250442028046,28.36311399936676
khz_band_gt_8_noise.wav,20.000000149011612,60.0,41.876366436481476,28.371312618255615
khz_band_gt_8_noise.wav,54.99999940395355,30.0,41.971745789051056,28.40573787689209
khz_band_gt_8_noise.wav,20.000000149011612,30.0,42.089103162288666,28.44692587852478
khz_band_gt_8_noise.wav,74.99999821186066,10.000000298023224,41.68505519628525,28.329366445541382
khz_band_gt_8_noise.wav,30.00000089406967,40.000001192092896,41.87208294868469,28.317498564720154
khz_band_gt_8_noise.wav,0.0,40.000001192092896,41.96847349405289,28.441491723060608
khz_band_gt_8_noise.wav,74.99999821186066,30.0,41.657785177230835,28.384060263633728
khz_band_gt_8_noise.wav,84.99999761581421,0.0,41.80066645145416,28.348132967948914
khz_band_gt_8_noise.wav,54.99999940395355,20.000000596046448,42.04099774360657,28.417466282844543
khz_band_gt_8_noise.wav,10.000000074505806,40.000001192092896,41.86371177434921,28.327565789222717
khz_band_gt_8_noise.wav,80.00000059604645,20.000000596046448,42.00044810771942,28.34778070449829
band_3_noise.wav,5.000000037252903,60.0,23.63383948802948,35.21222949028015
band_3_noise.wav,45.0,20.000000596046448,61.675384640693665,40.381025075912476
band_3_noise.wav,60.00000178813934,30.0,64.0480774641037,32.209872007369995
band_3_noise.wav,64.9999988079071,10.000000298023224,64.25271391868591,26.417158842086792
band_3_noise.wav,80.00000059604645,49.999998807907104,59.89644169807434,18.47771465778351
band_3_noise.wav,0.0,20.000000596046448,21.08677089214325,27.583925127983093
band_3_noise.wav,20.000000149011612,10.000000298023224,24.78518307209015,21.228119730949402
band_3_noise.wav,0.0,60.0,13.988849222660065,26.885980367660522
band_3_noise.wav,60.00000178813934,40.000001192092896,44.079519510269165,40.84640622138977
band_3_noise.wav,0.0,30.0,15.347980856895447,27.47628092765808
band_3_noise.wav,20.000000149011612,0.0,27.218719124794006,20.088311433792114
band_3_noise.wav,25.000001192092896,40.000001192092896,27.94063836336136,36.69466853141785
band_3_noise.wav,64.9999988079071,0.0,69.15145754814148,23.326587080955505
band_3_noise.wav,54.99999940395355,30.0,54.73518490791321,39.31855916976929
band_3_noise.wav,15.000000447034836,0.0,24.99053031206131,26.653085947036743
band_3_noise.wav,70.0000011920929,49.999998807907104,64.0445476770401,35.499815940856934
band_3_noise.wav,84.99999761581421,30.0,68.03705334663391,35.98967671394348
band_3_noise.wav,35.00000059604645,30.0,40.26023089885712,36.93622827529907
band_3_noise.wav,80.00000059604645,30.0,64.86688613891602,32.908222675323486
band_3_noise.wav,15.000000447034836,0.0,30.099789798259735,21.030380129814148
band_3_noise.wav,60.00000178813934,30.0,65.12393832206726,33.29303026199341
band_3_noise.wav,80.00000059604645,49.999998807907104,64.92151737213135,33.8684606552124
band_3_noise.wav,30.00000089406967,0.0,33.09937387704849,20.76575517654419
band_3_noise.wav,54.99999940395355,40.000001192092896,57.7861762046814,45.07638931274414
band_3_noise.wav,80.00000059604645,10.000000298023224,56.39689922332764,16.784158945083618
band_3_noise.wav,45.0,30.0,62.05175757408142,42.67682075500488
band_3_noise.wav,54.99999940395355,0.0,73.37079763412476,37.94931650161743
band_3_noise.wav,70.0000011920929,40.000001192092896,69.3597686290741,37.81571388244629
band_3_noise.wav,64.9999988079071,40.000001192092896,60.41358232498169,37.54342317581177
band_3_noise.wav,10.000000074505806,60.0,18.49407523870468,31.667107343673706
band_3_noise.wav,0.0,30.0,14.580818116664886,24.072856307029724
band_3_noise.wav,20.000000149011612,49.999998807907104,21.285986602306366,27.898018956184387
band_3_noise.wav,80.00000059604645,0.0,53.86721134185791,15.943522453308105
band_3_noise.wav,64.9999988079071,49.999998807907104,68.5313630104065,44.134089946746826
band_3_noise.wav,70.0000011920929,20.000000596046448,61.342506408691406,22.4883234500885
band_3_noise.wav,60.00000178813934,30.0,69.93684589862823,36.04041337966919
band_3_noise.wav,70.0000011920929,30.0,70.74289262294769,35.9740948677063
band_3_noise.wav,40.000000298023224,0.0,45.57657301425934,30.85832118988037
band_3_noise.wav,25.000001192092896,49.999998807907104,28.501343429088593,34.43531155586243
band_3_noise.wav,30.00000089406967,0.0,29.89121586084366,17.179856300354004
band_3_noise.wav,35.00000059604645,49.999998807907104,35.06869196891785,20.292606353759766
band_3_noise.wav,30.00000089406967,20.000000596046448,33.31549823284149,18.476040959358215
band_3_noise.wav,25.000001192092896,20.000000596046448,30.418031215667725,35.34322142601013
band_3_noise.wav,20.000000149011612,40.000001192092896,26.005582809448242,25.060951709747314
band_3_noise.wav,5.000000037252903,10.000000298023224,17.697287499904633,27.573482394218445
band_3_noise.wav,0.0,10.000000298023224,13.578911125659943,24.30862069129944
band_3_noise.wav,40.000000298023224,20.000000596046448,51.612160205841064,30.575133562088013
band_3_noise.wav,45.0,30.0,60.46494126319885,41.080942153930664
band_3_noise.wav,70.0000011920929,40.000001192092896,72.73920178413391,40.99144220352173
band_3_noise.wav,30.00000089406967,0.0,33.91236215829849,16.574072241783142
band_3_noise.wav,45.0,49.999998807907104,41.75518959760666,37.1206533908844
band_3_noise.wav,30.00000089406967,49.999998807907104,30.857293903827667,33.64009737968445
band_3_noise.wav,30.00000089406967,10.000000298023224,32.39772140979767,16.63440227508545
band_3_noise.wav,80.00000059604645,30.0,66.73380553722382,35.86384177207947
band_3_noise.wav,20.000000149011612,0.0,28.20542871952057,21.425644755363464
band_3_noise.wav,25.000001192092896,49.999998807907104,30.75426757335663,31.477943658828735
band_3_noise.wav,50.00000238418579,0.0,67.94314384460449,44.1457200050354
band_3_noise.wav,30.00000089406967,10.000000298023224,35.665966272354126,21.15093469619751
band_3_noise.wav,20.000000149011612,40.000001192092896,26.929566264152527,25.495736002922058
band_3_noise.wav,84.99999761581421,20.000000596046448,64.58260416984558,28.352113366127014
band_3_noise.wav,84.99999761581421,60.0,67.78796195983887,25.360588431358337
band_3_noise.wav,0.0,0.0,29.268106520175934,28.496866822242737
band_3_noise.wav,45.0,30.0,56.518059968948364,41.428635120391846
band_3_noise.wav,90.0,30.0,51.12810730934143,14.646506309509277
band_3_noise.wav,70.0000011920929,20.000000596046448,64.24723148345947,25.963584780693054
band_3_noise.wav,64.9999988079071,40.000001192092896,65.92167019844055,42.270240783691406
band_3_noise.wav,54.99999940395355,60.0,55.47471284866333,38.671027421951294
band_3_noise.wav,15.000000447034836,49.999998807907104,20.573109090328217,32.69132137298584
band_3_noise.wav,80.00000059604645,30.0,69.10724937915802,35.12140989303589
band_3_noise.wav,74.99999821186066,0.0,53.198139667510986,20.444204807281494
band_3_noise.wav,30.00000089406967,30.0,33.83928805589676,21.835840344429016
band_3_noise.wav,30.00000089406967,60.0,33.3736377954483,20.221463441848755
band_3_noise.wav,40.000000298023224,20.000000596046448,50.71481108665466,35.521137714385986
band_3_noise.wav,54.99999940395355,30.0,61.30470335483551,40.4784893989563
band_3_noise.wav,60.00000178813934,20.000000596046448,64.45878267288208,34.913681745529175
band_3_noise.wav,15.000000447034836,49.999998807907104,21.88984975218773,37.46600389480591
band_3_noise.wav,15.000000447034836,0.0,22.71326243877411,28.592770099639893
band_3_noise.wav,25.000001192092896,49.999998807907104,30.47658383846283,34.58436369895935
band_3_noise.wav,10.000000074505806,20.000000596046448,20.348810702562332,30.30206322669983
band_3_noise.wav,15.000000447034836,60.0,20.06963163614273,41.19231820106506
band_3_noise.wav,35.00000059604645,0.0,43.74285399913788,26.5814870595932
band_3_noise.wav,54.99999940395355,0.0,62.621941566467285,32.79119253158569
band_3_noise.wav,74.99999821186066,20.000000596046448,60.25231182575226,21.386902928352356
band_3_noise.wav,25.000001192092896,10.000000298023224,31.4395934343338,35.652916431427
band_3_noise.wav,70.0000011920929,0.0,55.288825035095215,23.42137098312378
band_3_noise.wav,0.0,49.999998807907104,15.90607613325119,27.554295659065247
band_3_noise.wav,54.99999940395355,10.000000298023224,69.19348776340485,35.43428063392639
band_3_noise.wav,80.00000059604645,10.000000298023224,49.290547370910645,13.388952612876892
band_3_noise.wav,60.00000178813934,49.999998807907104,69.5366495847702,35.35233020782471
band_3_noise.wav,35.00000059604645,0.0,36.253504157066345,24.325661659240723
band_3_noise.wav,60.00000178813934,10.000000298023224,65.60583472251892,36.743037700653076
band_3_noise.wav,25.000001192092896,10.000000298023224,30.337184071540833,35.532188415527344
band_3_noise.wav,5.000000037252903,0.0,17.65513390302658,22.283225655555725
band_3_noise.wav,0.0,10.000000298023224,13.382573425769806,24.918619394302368
band_3_noise.wav,25.000001192092896,0.0,32.24356949329376,22.41093635559082
band_3_noise.wav,45.0,10.000000298023224,46.536186933517456,33.772830963134766
band_3_noise.wav,20.000000149011612,60.0,22.40171581506729,43.33365440368652
band_3_noise.wav,84.99999761581421,0.0,55.70013642311096,19.07949149608612
band_3_noise.wav,54.99999940395355,30.0,64.53914165496826,46.95284128189087
band_3_noise.wav,74.99999821186066,40.000001192092896,72.78268039226532,36.23279571533203
band_3_noise.wav,64.9999988079071,20.000000596046448,66.06393456459045,39.076523780822754
band_3_noise.wav,45.0,60.0,40.859543681144714,37.91466236114502
band_3_noise.wav,5.000000037252903,60.0,16.394425928592682,41.65570020675659
band_3_noise.wav,30.00000089406967,30.0,35.805349946022034,20.748460292816162
band_3_noise.wav,50.00000238418579,10.000000298023224,62.492873668670654,38.74056816101074
band_3_noise.wav,74.99999821186066,40.000001192092896,66.68228030204773,36.3670814037323
band_3_noise.wav,35.00000059604645,60.0,35.45718848705292,26.507046818733215
band_3_noise.wav,0.0,0.0,19.394063651561737,27.110406160354614
band_3_noise.wav,50.00000238418579,60.0,60.95123648643494,38.417136669158936
band_3_noise.wav,84.99999761581421,49.999998807907104,67.83820509910583,35.83474159240723
band_3_noise.wav,54.99999940395355,49.999998807907104,46.15526497364044,41.829257011413574
band_3_noise.wav,40.000000298023224,60.0,38.468351662158966,34.93246078491211
band_3_noise.wav,0.0,30.0,20.896781980991364,26.080738306045532
band_7_noise.wav,50.00000238418579,30.0,41.09392046928406,28.381406664848328
band_7_noise.wav,54.99999940395355,40.000001192092896,40.9672611951828,28.390531539916992
band_7_noise.wav,60.00000178813934,0.0,40.52968829870224,28.437963724136353
band_7_noise.wav,54.99999940395355,30.0,41.04475557804108,28.378095030784607
band_7_noise.wav,40.000000298023224,49.999998807907104,41.056624352931976,28.387030363082886
band_7_noise.wav,74.99999821186066,60.0,40.94835430383682,28.394238352775574
band_7_noise.wav,54.99999940395355,40.000001192092896,40.9965455532074,28.386921286582947
band_7_noise.wav,35.00000059604645,60.0,41.107849180698395,28.39246094226837
band_7_noise.wav,15.000000447034836,20.000000596046448,41.036663353443146,28.3838152885437
band_7_noise.wav,84.99999761581421,30.0,41.061146557331085,28.383044600486755
band_7_noise.wav,64.9999988079071,49.999998807907104,41.01361781358719,28.395674228668213
band_7_noise.wav,0.0,0.0,40.89388132095337,28.391025066375732
band_7_noise.wav,20.000000149011612,60.0,41.183020770549774,28.371570110321045
band_7_noise.wav,84.99999761581421,30.0,40.984016954898834,28.39091956615448
band_7_noise.wav,64.9999988079071,49.999998807907104,41.08338475227356,28.37946653366089
band_7_noise.wav,5.000000037252903,0.0,40.91889560222626,28.39439034461975
band_7_noise.wav,70.0000011920929,30.0,40.84214687347412,28.40559482574463
band_7_noise.wav,64.9999988079071,40.000001192092896,41.0773766040802,28.38696777820587
band_7_noise.wav,0.0,30.0,40.746802389621735,28.406935930252075
band_7_noise.wav,80.00000059604645,20.000000596046448,41.154004633426666,28.415812253952026
band_7_noise.wav,50.00000238418579,40.000001192092896,41.05562120676041,28.385537266731262
band_7_noise.wav,64.9999988079071,0.0,41.02423667907715,28.388884663581848
band_7_noise.wav,20.000000149011612,30.0,40.93436390161514,28.392797112464905
band_7_noise.wav,40.000000298023224,20.000000596046448,41.00284069776535,28.38753640651703
band_7_noise.wav,64.9999988079071,10.000000298023224,40.99716246128082,28.387497067451477
band_7_noise.wav,25.000001192092896,0.0,41.00043207406998,28.388854265213013
band_7_noise.wav,40.000000298023224,30.0,41.07262909412384,28.382785320281982
band_7_noise.wav,25.000001192092896,10.000000298023224,40.8868271112442,28.396410942077637
band_7_noise.wav,80.00000059604645,49.999998807907104,41.0172763466835,28.400570154190063
band_7_noise.wav,0.0,10.000000298023224,41.05547100305557,28.382962346076965
band_7_noise.wav,74.99999821186066,20.000000596046448,41.0031920671463,28.387643694877625
band_7_noise.wav,60.00000178813934,30.0,41.019674241542816,28.386971354484558
band_7_noise.wav,15.000000447034836,10.000000298023224,40.95761060714722,28.393133282661438
band_7_noise.wav,5.000000037252903,30.0,40.866758823394775,28.39800238609314
band_7_noise.wav,90.0,30.0,41.09030216932297,28.38254749774933
band_7_noise.wav,45.0,0.0,40.974790155887604,28.39483916759491
band_7_noise.wav,50.00000238418579,20.000000596046448,41.04910612106323,28.383947610855103
band_7_noise.wav,10.000000074505806,60.0,40.92263460159302,28.393444418907166
band_7_noise.wav,45.0,60.0,41.00990295410156,28.3844393491745
band_7_noise.wav,20.000000149011612,30.0,41.14105224609375,28.37576150894165
band_7_noise.wav,30.00000089406967,10.000000298023224,41.16246968507767,28.388877511024475
band_7_noise.wav,10.000000074505806,40.000001192092896,40.83783656358719,28.401339054107666
band_7_noise.wav,30.00000089406967,40.000001192092896,41.00197970867157,28.386982083320618
band_7_noise.wav,20.000000149011612,10.000000298023224,40.92581033706665,28.39689016342163
band_7_noise.wav,20.000000149011612,40.000001192092896,41.11707866191864,28.377469182014465
band_7_noise.wav,30.00000089406967,40.000001192092896,41.06206387281418,28.383806347846985
band_7_noise.wav,35.00000059604645,10.000000298023224,41.04645073413849,28.384822010993958
band_7_noise.wav,15.000000447034836,49.999998807907104,40.87442457675934,28.396065831184387
band_7_noise.wav,10.000000074505806,30.0,41.176849007606506,28.370631337165833
band_7_noise.wav,60.00000178813934,40.000001192092896,41.014822125434875,28.384580612182617
band_7_noise.wav,15.000000447034836,0.0,40.99416643381119,28.387804627418518
band_7_noise.wav,30.00000089406967,30.0,40.7485967874527,28.40361714363098
band_7_noise.wav,10.000000074505806,0.0,40.91581642627716,28.39444398880005
band_7_noise.wav,74.99999821186066,20.000000596046448,41.06302946805954,28.381998538970947
band_7_noise.wav,84.99999761581421,49.999998807907104,41.04264736175537,28.386322259902954
band_7_noise.wav,20.000000149011612,60.0,40.8437106013298,28.402751684188843
band_7_noise.wav,80.00000059604645,60.0,40.995201766490936,28.38811755180359
band_7_noise.wav,84.99999761581421,10.000000298023224,41.01275950670242,28.387908339500427
band_7_noise.wav,60.00000178813934,60.0,40.77081888914108,28.41615378856659
band_7_noise.wav,20.000000149011612,10.000000298023224,41.04938507080078,28.383927941322327
band_7_noise.wav,40.000000298023224,30.0,41.112958788871765,28.38615596294403
band_7_noise.wav,64.9999988079071,0.0,41.06945872306824,28.382686972618103
band_7_noise.wav,45.0,60.0,41.059502363204956,28.383947610855103
band_7_noise.wav,54.99999940395355,60.0,40.96472918987274,28.391650915145874
band_7_noise.wav,70.0000011920929,20.000000596046448,41.01917266845703,28.386406302452087
band_7_noise.wav,15.000000447034836,10.000000298023224,40.86096525192261,28.3903706073761
band_7_noise.wav,5.000000037252903,60.0,40.9900626540184,28.38821053504944
band_7_noise.wav,84.99999761581421,60.0,41.06568485498428,28.385669589042664
band_7_noise.wav,20.000000149011612,10.000000298023224,40.9529784321785,28.390638828277588
band_7_noise.wav,0.0,30.0,40.98495572805405,28.387311100959778
band_7_noise.wav,30.00000089406967,10.000000298023224,41.112974882125854,28.37814509868622
band_7_noise.wav,80.00000059604645,49.999998807907104,40.985398292541504,28.388044238090515
band_7_noise.wav,10.000000074505806,30.0,41.05171591043472,28.386211395263672
band_7_noise.wav,30.00000089406967,0.0,40.99839359521866,28.391677737236023
band_7_noise.wav,90.0,49.999998807907104,41.071030497550964,28.382145166397095
band_7_noise.wav,10.000000074505806,10.000000298023224,40.93663305044174,28.39506983757019
band_7_noise.wav,64.9999988079071,40.000001192092896,41.04038894176483,28.384287357330322
band_7_noise.wav,70.0000011920929,0.0,41.114970445632935,28.408990502357483
band_7_noise.wav,80.00000059604645,40.000001192092896,40.978842973709106,28.392099738121033
band_7_noise.wav,30.00000089406967,60.0,41.03676527738571,28.383833169937134
band_7_noise.wav,20.000000149011612,10.000000298023224,41.04954868555069,28.38378131389618
band_7_noise.wav,80.00000059604645,60.0,40.96950352191925,28.39105188846588
band_7_noise.wav,45.0,30.0,41.006099581718445,28.385674953460693
band_7_noise.wav,30.00000089406967,0.0,41.10714107751846,28.380450010299683
band_7_noise.wav,30.00000089406967,60.0,41.085755825042725,28.381091952323914
band_7_noise.wav,35.00000059604645,20.000000596046448,41.09728395938873,28.374077081680298
band_7_noise.wav,60.00000178813934,49.999998807907104,41.28798097372055,28.447855710983276
band_7_noise.wav,15.000000447034836,30.0,40.68668067455292,28.412087559700012
band_7_noise.wav,25.000001192092896,40.000001192092896,41.0477140545845,28.382245302200317
band_7_noise.wav,40.000000298023224,49.999998807907104,40.99693179130554,28.387552499771118
band_7_noise.wav,80.00000059604645,0.0,41.1584597826004,28.419506549835205
band_7_noise.wav,64.9999988079071,49.999998807907104,41.0238316655159,28.389029502868652
band_7_noise.wav,25.000001192092896,60.0,40.91329514980316,28.396260738372803
band_7_noise.wav,45.0,10.000000298023224,40.9599843621254,28.39015781879425
band_7_noise.wav,50.00000238418579,40.000001192092896,40.99848747253418,28.392298221588135
band_7_noise.wav,54.99999940395355,0.0,41.04133039712906,28.385460376739502
band_7_noise.wav,74.99999821186066,49.999998807907104,40.95027208328247,28.395313024520874
band_7_noise.wav,80.00000059604645,40.000001192092896,41.03087782859802,28.399182558059692
band_7_noise.wav,15.000000447034836,20.000000596046448,41.023839712142944,28.384167551994324
band_7_noise.wav,54.99999940395355,0.0,41.03693962097168,28.388904333114624
band_7_noise.wav,40.000000298023224,60.0,41.05669945478439,28.38182508945465
band_7_noise.wav,35.00000059604645,49.999998807907104,40.96175193786621,28.387879729270935
band_7_noise.wav,80.00000059604645,10.000000298023224,41.16938441991806,28.433282375335693
band_7_noise.wav,15.000000447034836,30.0,40.96926748752594,28.387616872787476
band_7_noise.wav,15.000000447034836,0.0,41.12907886505127,28.37140917778015
band_7_noise.wav,35.00000059604645,20.000000596046448,41.089642345905304,28.379668593406677
band_7_noise.wav,80.00000059604645,49.999998807907104,41.03309065103531,28.386096954345703
band_7_noise.wav,74.99999821186066,20.000000596046448,41.100837886333466,28.400747179985046
band_7_noise.wav,25.000001192092896,60.0,40.98295748233795,28.386449217796326
band_7_noise.wav,30.00000089406967,40.000001192092896,41.12216413021088,28.403969407081604
band_7_noise.wav,50.00000238418579,0.0,41.16735130548477,28.37552011013031
band_7_noise.wav,90.0,10.000000298023224,41.07631176710129,28.38646709918976
band_7_noise.wav,74.99999821186066,49.999998807907104,40.952669978141785,28.405187129974365
band_7_noise.wav,90.0,30.0,41.09190613031387,28.411619067192078
band_7_noise.wav,64.9999988079071,20.000000596046448,40.919316709041595,28.398848176002502
band_7_noise.wav,45.0,49.999998807907104,41.03535711765289,28.38296949863434
band_7_noise.wav,54.99999940395355,40.000001192092896,41.14576756954193,28.416447043418884
band_7_noise.wav,64.9999988079071,0.0,41.11014515161514,28.37587594985962
khz_band_0.8_1.4_noise.wav,10.000000074505806,40.000001192092896,20.606640726327896,31.491637229919434
khz_band_0.8_1.4_noise.wav,54.99999940395355,30.0,51.04472279548645,39.576677083969116
khz_band_0.8_1.4_noise.wav,64.9999988079071,49.999998807907104,56.32358908653259,34.55899715423584
khz_band_0.8_1.4_noise.wav,20.000000149011612,10.000000298023224,23.01896721124649,21.64818048477173
khz_band_0.8_1.4_noise.wav,25.000001192092896,10.000000298023224,35.14177680015564,29.314185976982117
khz_band_0.8_1.4_noise.wav,90.0,40.000001192092896,41.939181089401245,28.41085374355316
khz_band_0.8_1.4_noise.wav,54.99999940395355,10.000000298023224,56.2689471244812,33.015453815460205
khz_band_0.8_1.4_noise.wav,80.00000059604645,49.999998807907104,53.632882833480835,26.12906277179718
khz_band_0.8_1.4_noise.wav,64.9999988079071,40.000001192092896,48.81396174430847,36.11651659011841
khz_band_0.8_1.4_noise.wav,5.000000037252903,60.0,20.677469819784164,27.798998951911926
khz_band_0.8_1.4_noise.wav,50.00000238418579,40.000001192092896,47.486059069633484,45.965412855148315
khz_band_0.8_1.4_noise.wav,74.99999821186066,0.0,44.615612626075745,26.582858562469482
khz_band_0.8_1.4_noise.wav,15.000000447034836,60.0,25.496612191200256,30.42393922805786
khz_band_0.8_1.4_noise.wav,10.000000074505806,49.999998807907104,24.71403479576111,27.106000185012817
khz_band_0.8_1.4_noise.wav,0.0,60.0,15.58150202035904,26.020873188972473
khz_band_0.8_1.4_noise.wav,10.000000074505806,40.000001192092896,26.55707448720932,29.23502504825592
khz_band_0.8_1.4_noise.wav,40.000000298023224,20.000000596046448,39.31388318538666,39.03795003890991
khz_band_0.8_1.4_noise.wav,20.000000149011612,10.000000298023224,24.698936641216278,20.01068115234375
khz_band_0.8_1.4_noise.wav,5.000000037252903,0.0,19.46431338787079,24.008435010910034
khz_band_0.8_1.4_noise.wav,90.0,20.000000596046448,51.00260138511658,21.21850848197937
khz_band_0.8_1.4_noise.wav,30.00000089406967,0.0,34.072251319885254,29.402584433555603
khz_band_0.8_1.4_noise.wav,45.0,20.000000596046448,52.89363384246826,37.25879430770874
khz_band_0.8_1.4_noise.wav,74.99999821186066,30.0,59.209474325180054,25.750622749328613
khz_band_0.8_1.4_noise.wav,90.0,60.0,47.817108035087585,27.299135327339172
khz_band_0.8_1.4_noise.wav,64.9999988079071,60.0,48.82057070732117,28.270483016967773
khz_band_0.8_1.4_noise.wav,15.000000447034836,0.0,20.767091810703278,19.904022216796875
khz_band_0.8_1.4_noise.wav,5.000000037252903,20.000000596046448,26.973364055156708,30.007213354110718
khz_band_0.8_1.4_noise.wav,54.99999940395355,20.000000596046448,60.526830554008484,38.0430543422699
khz_band_0.8_1.4_noise.wav,54.99999940395355,40.000001192092896,53.13395977020264,35.19714832305908
khz_band_0.8_1.4_noise.wav,0.0,60.0,15.998290479183197,24.167692065238953
khz_band_0.8_1.4_noise.wav,25.000001192092896,40.000001192092896,25.03580331802368,16.68203294277191
khz_band_0.8_1.4_noise.wav,15.000000447034836,40.000001192092896,28.46720963716507,33.795998096466064
khz_band_0.8_1.4_noise.wav,45.0,49.999998807907104,47.36129343509674,44.34099197387695
khz_band_0.8_1.4_noise.wav,20.000000149011612,49.999998807907104,26.63583755493164,30.340518951416016
khz_band_0.8_1.4_noise.wav,45.0,20.000000596046448,53.4244966506958,37.792911529541016
khz_band_0.8_1.4_noise.wav,50.00000238418579,30.0,46.60149335861206,39.67668056488037
khz_band_0.8_1.4_noise.wav,54.99999940395355,49.999998807907104,47.01142609119415,43.810343742370605
khz_band_0.8_1.4_noise.wav,90.0,60.0,59.925055503845215,27.04987943172455
khz_band_0.8_1.4_noise.wav,25.000001192092896,49.999998807907104,31.877222657203674,29.344802498817444
khz_band_0.8_1.4_noise.wav,15.000000447034836,40.000001192092896,22.620205879211426,34.835801124572754
khz_band_0.8_1.4_noise.wav,40.000000298023224,10.000000298023224,45.20050048828125,36.67191982269287
khz_band_0.8_1.4_noise.wav,74.99999821186066,20.000000596046448,58.22356402873993,22.777472734451294
khz_band_0.8_1.4_noise.wav,30.00000089406967,40.000001192092896,31.585932075977325,26.92820370197296
khz_band_0.8_1.4_noise.wav,0.0,10.000000298023224,13.938225209712982,25.817720890045166
khz_band_0.8_1.4_noise.wav,80.00000059604645,60.0,50.23252308368683,29.66367244720459
khz_band_0.8_1.4_noise.wav,15.000000447034836,0.0,23.999022245407104,23.017820119857788
khz_band_0.8_1.4_noise.wav,20.000000149011612,0.0,31.547941267490387,26.699268221855164
khz_band_0.8_1.4_noise.wav,64.9999988079071,30.0,57.48312950134277,36.56723499298096
khz_band_0.8_1.4_noise.wav,74.99999821186066,0.0,54.28499221801758,22.65061855316162
khz_band_0.8_1.4_noise.wav,80.00000059604645,20.000000596046448,55.47169804573059,22.535423040390015
khz_band_0.8_1.4_noise.wav,40.000000298023224,20.000000596046448,45.68264901638031,35.96697807312012
khz_band_0.8_1.4_noise.wav,70.0000011920929,49.999998807907104,54.85340058803558,33.77419710159302
khz_band_0.8_1.4_noise.wav,20.000000149011612,0.0,26.396852731704712,18.0838680267334
khz_band_0.8_1.4_noise.wav,84.99999761581421,40.000001192092896,54.97238874435425,35.04565715789795
khz_band_0.8_1.4_noise.wav,54.99999940395355,60.0,48.86427462100983,37.43318796157837
khz_band_0.8_1.4_noise.wav,35.00000059604645,40.000001192092896,33.49622279405594,29.725837111473083
khz_band_0.8_1.4_noise.wav,40.000000298023224,10.000000298023224,45.956663489341736,36.81673765182495
khz_band_0.8_1.4_noise.wav,5.000000037252903,40.000001192092896,26.320916712284088,28.46473217010498
khz_band_0.8_1.4_noise.wav,20.000000149011612,10.000000298023224,24.417554140090942,17.187872529029846
khz_band_0.8_1.4_noise.wav,20.000000149011612,60.0,34.314181208610535,30.67034125328064
khz_band_0.8_1.4_noise.wav,64.9999988079071,20.000000596046448,58.79386603832245,33.502382040023804
khz_band_0.8_1.4_noise.wav,84.99999761581421,30.0,55.84144592285156,24.280918836593628
khz_band_0.8_1.4_noise.wav,30.00000089406967,10.000000298023224,40.25565505027771,28.89327049255371
khz_band_0.8_1.4_noise.wav,25.000001192092896,30.0,31.644168198108673,27.062984704971313
khz_band_0.8_1.4_noise.wav,5.000000037252903,20.000000596046448,26.9643035531044,33.62221598625183
khz_band_0.8_1.4_noise.wav,40.000000298023224,60.0,47.24649488925934,47.00087785720825
khz_band_0.8_1.4_noise.wav,70.0000011920929,10.000000298023224,53.16760003566742,21.19097113609314
khz_band_0.8_1.4_noise.wav,80.00000059604645,10.000000298023224,52.35681653022766,26.609496474266052
khz_band_0.8_1.4_noise.wav,20.000000149011612,40.000001192092896,28.399052023887634,25.190978050231934
khz_band_0.8_1.4_noise.wav,40.000000298023224,30.0,42.07628220319748,33.90753507614136
khz_band_0.8_1.4_noise.wav,54.99999940395355,10.000000298023224,60.004202127456665,37.34762191772461
khz_band_0.8_1.4_noise.wav,70.0000011920929,60.0,50.30190646648407,30.71242332458496
khz_band_0.8_1.4_noise.wav,35.00000059604645,20.000000596046448,44.34202462434769,40.98524808883667
khz_band_0.8_1.4_noise.wav,84.99999761581421,30.0,59.95845437049866,28.314759135246277
khz_band_0.8_1.4_noise.wav,90.0,0.0,50.0223183631897,25.051052570343018
khz_band_0.8_1.4_noise.wav,60.00000178813934,30.0,59.30266499519348,33.27712655067444
khz_band_0.8_1.4_noise.wav,15.000000447034836,40.000001192092896,18.821929693222046,32.06591606140137
khz_band_0.8_1.4_noise.wav,40.000000298023224,49.999998807907104,48.9404171705246,38.198397159576416
khz_band_0.8_1.4_noise.wav,90.0,20.000000596046448,52.89349973201752,22.749727964401245
khz_band_0.8_1.4_noise.wav,30.00000089406967,10.000000298023224,36.49505317211151,30.22199034690857
khz_band_0.8_1.4_noise.wav,64.9999988079071,49.999998807907104,60.12063682079315,39.03939127922058
khz_band_0.8_1.4_noise.wav,20.000000149011612,0.0,29.502215087413788,21.915530562400818
khz_band_0.8_1.4_noise.wav,30.00000089406967,60.0,34.78560894727707,35.287413597106934
khz_band_0.8_1.4_noise.wav,80.00000059604645,20.000000596046448,46.357401609420776,26.00222110748291
khz_band_0.8_1.4_noise.wav,15.000000447034836,49.999998807907104,23.55814218521118,25.006213188171387
khz_band_0.8_1.4_noise.wav,10.000000074505806,10.000000298023224,23.87892633676529,27.931365966796875
khz_band_0.8_1.4_noise.wav,60.00000178813934,20.000000596046448,54.275593757629395,32.07722067832947
khz_band_0.8_1.4_noise.wav,60.00000178813934,0.0,56.07520043849945,38.44832897186279
khz_band_0.8_1.4_noise.wav,40.000000298023224,60.0,47.18708395957947,33.555668592453
khz_band_0.8_1.4_noise.wav,0.0,30.0,13.566570281982422,28.169667720794678
khz_band_0.8_1.4_noise.wav,20.000000149011612,20.000000596046448,29.57318365573883,29.060967564582825
khz_band_0.8_1.4_noise.wav,45.0,0.0,52.1723610162735,33.54722499847412
khz_band_0.8_1.4_noise.wav,74.99999821186066,20.000000596046448,60.273393988609314,24.07529890537262
khz_band_0.8_1.4_noise.wav,74.99999821186066,30.0,57.95830428600311,29.11237120628357
khz_band_0.8_1.4_noise.wav,30.00000089406967,10.000000298023224,35.53178071975708,29.17527437210083
khz_band_0.8_1.4_noise.wav,15.000000447034836,0.0,23.896714746952057,26.71478569507599
khz_band_0.8_1.4_noise.wav,0.0,20.000000596046448,13.362306654453278,27.055041790008545
khz_band_0.8_1.4_noise.wav,70.0000011920929,40.000001192092896,55.61081349849701,37.55574345588684
khz_band_0.8_1.4_noise.wav,84.99999761581421,10.000000298023224,49.01021361351013,24.366454482078552
khz_band_0.8_1.4_noise.wav,60.00000178813934,60.0,51.80669546127319,36.1938214302063
khz_band_0.8_1.4_noise.wav,45.0,30.0,38.08803856372833,34.820369482040405
khz_band_0.8_1.4_noise.wav,40.000000298023224,30.0,44.414114356040955,41.677329540252686
khz_band_0.8_1.4_noise.wav,10.000000074505806,49.999998807907104,25.71121037006378,33.6821186542511
khz_band_0.8_1.4_noise.wav,25.000001192092896,10.000000298023224,37.287447452545166,35.2003812789917
khz_band_0.8_1.4_noise.wav,20.000000149011612,20.000000596046448,32.58370041847229,26.080850958824158
khz_band_0.8_1.4_noise.wav,15.000000447034836,30.0,20.292324721813202,27.546685338020325
khz_band_0.8_1.4_noise.wav,90.0,40.000001192092896,50.46328961849213,24.815205931663513
khz_band_0.8_1.4_noise.wav,84.99999761581421,10.000000298023224,54.49396312236786,21.337122917175293
khz_band_0.8_1.4_noise.wav,20.000000149011612,49.999998807907104,27.166633307933807,26.10390543937683
khz_band_0.8_1.4_noise.wav,70.0000011920929,10.000000298023224,54.32565450668335,23.88302743434906
khz_band_0.8_1.4_noise.wav,35.00000059604645,49.999998807907104,35.342899560928345,30.868324041366577
khz_band_0.8_1.4_noise.wav,30.00000089406967,60.0,34.17977035045624,36.16714596748352
khz_band_0.8_1.4_noise.wav,20.000000149011612,30.0,18.973584473133087,27.781355381011963
khz_band_0.8_1.4_noise.wav,15.000000447034836,60.0,26.050845086574554,36.14312410354614
khz_band_0.8_1.4_noise.wav,20.000000149011612,0.0,31.178896129131317,25.21505892276764
khz_band_0.8_1.4_noise.wav,80.00000059604645,10.000000298023224,48.05877506732941,25.90128779411316
khz_band_0.8_1.4_noise.wav,35.00000059604645,49.999998807907104,35.40939420461655,30.963796377182007
khz_band_0.8_1.4_noise.wav,15.000000447034836,0.0,22.719289362430573,21.13320529460907
khz_band_0.8_1.4_noise.wav,74.99999821186066,10.000000298023224,55.06324052810669,20.982037782669067
khz_band_0.8_1.4_noise.wav,74.99999821186066,20.000000596046448,61.2820440530777,26.39621615409851
khz_band_0.8_1.4_noise.wav,25.000001192092896,10.000000298023224,35.06960391998291,30.88878035545349
khz_band_0.8_1.4_noise.wav,5.000000037252903,20.000000596046448,26.837019324302673,32.117804288864136
khz_band_0.8_1.4_noise.wav,20.000000149011612,30.0,29.25505220890045,34.69027519226074
khz_band_0.8_1.4_noise.wav,80.00000059604645,30.0,59.67149019241333,34.08612370491028
khz_band_0.8_1.4_noise.wav,80.00000059604645,20.000000596046448,53.27426075935364,24.536583423614502
khz_band_0.8_1.4_noise.wav,5.000000037252903,49.999998807907104,23.066313564777374,28.938220739364624
khz_band_0.8_1.4_noise.wav,80.00000059604645,10.000000298023224,51.82857155799866,23.842334747314453
khz_band_0.8_1.4_noise.wav,90.0,49.999998807907104,70.56724548339844,43.84261608123779
khz_band_0.8_1.4_noise.wav,50.00000238418579,49.999998807907104,44.80677366256714,37.02476978302002
khz_band_0.8_1.4_noise.wav,35.00000059604645,20.000000596046448,40.47985017299652,37.197697162628174
khz_band_0.8_1.4_noise.wav,5.000000037252903,40.000001192092896,20.481360107660294,25.872777700424194
khz_band_0.8_1.4_noise.wav,30.00000089406967,40.000001192092896,36.92387938499451,31.46498680114746
khz_band_0.8_1.4_noise.wav,35.00000059604645,20.000000596046448,42.433828711509705,32.380467653274536
khz_band_0.8_1.4_noise.wav,0.0,40.000001192092896,14.919436275959015,27.08223581314087
khz_band_0.8_1.4_noise.wav,45.0,10.000000298023224,49.695754051208496,38.296194076538086
khz_band_0.8_1.4_noise.wav,84.99999761581421,49.999998807907104,62.25844860076904,29.947704076766968
khz_band_0.8_1.4_noise.wav,20.000000149011612,49.999998807907104,29.034153521060944,25.456141233444214
khz_band_0.8_1.4_noise.wav,5.000000037252903,60.0,31.69255256652832,26.813490986824036
khz_band_0.8_1.4_noise.wav,80.00000059604645,0.0,51.404160261154175,25.915269255638123
band_9_noise.wav,84.99999761581421,30.0,41.846070885658264,28.32258403301239
band_9_noise.wav,84.99999761581421,49.999998807907104,41.77514523267746,28.32739770412445
band_9_noise.wav,30.00000089406967,20.000000596046448,41.969015300273895,28.314532041549683
band_9_noise.wav,54.99999940395355,40.000001192092896,41.49901986122131,28.34331214427948
band_9_noise.wav,84.99999761581421,49.999998807907104,41.58257871866226,28.33781898021698
band_9_noise.wav,0.0,10.000000298023224,41.493845880031586,28.343764543533325
band_9_noise.wav,90.0,30.0,41.65709048509598,28.333842158317566
band_9_noise.wav,30.00000089406967,60.0,41.6720786690712,28.332581520080566
band_9_noise.wav,90.0,40.000001192092896,41.93386495113373,28.31670105457306
band_9_noise.wav,20.000000149011612,40.000001192092896,41.597454249858856,28.33737552165985
band_9_noise.wav,84.99999761581421,60.0,41.91546767950058,28.317988514900208
band_9_noise.wav,90.0,60.0,41.933315098285675,28.31709623336792
band_9_noise.wav,45.0,40.000001192092896,41.745297610759735,28.328524231910706
band_9_noise.wav,40.000000298023224,30.0,41.708741784095764,28.330382108688354
band_9_noise.wav,35.00000059604645,20.000000596046448,41.67049616575241,28.332996368408203
band_9_noise.wav,10.000000074505806,49.999998807907104,41.5057173371315,28.342482447624207
band_9_noise.wav,5.000000037252903,60.0,41.67993485927582,28.331705331802368
band_9_noise.wav,80.00000059604645,10.000000298023224,41.70628756284714,28.330634236335754
band_9_noise.wav,35.00000059604645,0.0,41.64749085903168,28.340259790420532
band_9_noise.wav,35.00000059604645,20.000000596046448,41.46306753158569,28.345969319343567
band_9_noise.wav,60.00000178813934,0.0,41.628728806972504,28.335657119750977
band_9_noise.wav,35.00000059604645,49.999998807907104,41.66131764650345,28.333202004432678
band_9_noise.wav,20.000000149011612,40.000001192092896,41.56621724367142,28.339163661003113
band_9_noise.wav,60.00000178813934,40.000001192092896,41.572356820106506,28.33922803401947
band_9_noise.wav,54.99999940395355,60.0,41.87558859586716,28.32037389278412
band_9_noise.wav,15.000000447034836,60.0,41.69292211532593,28.330729007720947
band_9_noise.wav,0.0,60.0,41.572783291339874,28.33819270133972
band_9_noise.wav,40.000000298023224,49.999998807907104,41.79467439651489,28.32507848739624
band_9_noise.wav,5.000000037252903,20.000000596046448,41.56665176153183,28.338840007781982
band_9_noise.wav,10.000000074505806,40.000001192092896,41.693343222141266,28.351369500160217
band_9_noise.wav,54.99999940395355,30.0,41.78382486104965,28.32639992237091
band_9_noise.wav,70.0000011920929,40.000001192092896,41.62834793329239,28.3356910943985
band_9_noise.wav,80.00000059604645,40.000001192092896,41.817054748535156,28.323465585708618
band_9_noise.wav,50.00000238418579,20.000000596046448,41.75792008638382,28.32733154296875
band_9_noise.wav,20.000000149011612,40.000001192092896,41.536425948143005,28.3409321308136
band_9_noise.wav,0.0,49.999998807907104,41.710836589336395,28.329505920410156
band_9_noise.wav,5.000000037252903,40.000001192092896,41.60370647907257,28.336467146873474
band_9_noise.wav,35.00000059604645,30.0,41.479882299900055,28.344538807868958
band_9_noise.wav,54.99999940395355,49.999998807907104,41.640796065330505,28.33459496498108
band_9_noise.wav,74.99999821186066,0.0,41.52137070894241,28.342037200927734
band_9_noise.wav,74.99999821186066,0.0,41.50843173265457,28.3613258600235
band_9_noise.wav,45.0,10.000000298023224,41.78048551082611,28.326505422592163
band_9_noise.wav,54.99999940395355,49.999998807907104,41.62776857614517,28.335701823234558
band_9_noise.wav,60.00000178813934,10.000000298023224,41.83624058961868,28.321874141693115
band_9_noise.wav,74.99999821186066,0.0,41.723193526268005,28.329845666885376
band_9_noise.wav,25.000001192092896,60.0,41.84229165315628,28.323025703430176
band_9_noise.wav,45.0,40.000001192092896,41.74148350954056,28.328851461410522
band_9_noise.wav,70.0000011920929,49.999998807907104,41.790892481803894,28.326294422149658
band_9_noise.wav,10.000000074505806,0.0,41.71844333410263,28.3295738697052
band_9_noise.wav,30.00000089406967,30.0,41.70312523841858,28.33097219467163
band_9_noise.wav,35.00000059604645,30.0,41.54976725578308,28.340177536010742
band_9_noise.wav,40.000000298023224,10.000000298023224,41.788634061813354,28.325525522232056
band_9_noise.wav,5.000000037252903,10.000000298023224,41.65911555290222,28.34136128425598
band_9_noise.wav,30.00000089406967,40.000001192092896,41.51331067085266,28.397271037101746
band_9_noise.wav,84.99999761581421,60.0,41.99381232261658,28.313909769058228
band_9_noise.wav,74.99999821186066,20.000000596046448,41.967239677906036,28.314907550811768
band_9_noise.wav,84.99999761581421,10.000000298023224,41.73813879489899,28.32896590232849
band_9_noise.wav,70.0000011920929,40.000001192092896,41.825232803821564,28.32321524620056
band_9_noise.wav,64.9999988079071,60.0,41.82003736495972,28.32373559474945
band_9_noise.wav,35.00000059604645,49.999998807907104,41.7643278837204,28.32724392414093
band_9_noise.wav,10.000000074505806,0.0,41.63752645254135,28.333988785743713
band_9_noise.wav,30.00000089406967,60.0,41.701078712940216,28.33145320415497
band_9_noise.wav,64.9999988079071,0.0,41.64741575717926,28.334707617759705
band_9_noise.wav,74.99999821186066,30.0,41.94838106632233,28.31649899482727
band_9_noise.wav,40.000000298023224,10.000000298023224,41.640954315662384,28.33479881286621
band_9_noise.wav,40.000000298023224,20.000000596046448,41.748932003974915,28.327499628067017
band_9_noise.wav,84.99999761581421,49.999998807907104,41.77857577800751,28.326439261436462
band_9_noise.wav,70.0000011920929,0.0,41.65799170732498,28.333486318588257
band_9_noise.wav,70.0000011920929,30.0,41.666754484176636,28.33306074142456
band_9_noise.wav,45.0,0.0,41.72473579645157,28.329028487205505
band_9_noise.wav,30.00000089406967,20.000000596046448,41.70848697423935,28.32983136177063
band_9_noise.wav,40.000000298023224,20.000000596046448,41.694005727767944,28.33132803440094
band_9_noise.wav,60.00000178813934,0.0,41.812739074230194,28.324577808380127
band_9_noise.wav,54.99999940395355,60.0,41.908601224422455,28.318693041801453
band_9_noise.wav,15.000000447034836,30.0,41.586111187934875,28.338541388511658
band_9_noise.wav,50.00000238418579,49.999998807907104,41.694196164608,28.331531882286072
band_9_noise.wav,74.99999821186066,20.000000596046448,41.92474275827408,28.317763209342957
band_9_noise.wav,0.0,0.0,41.62086725234985,28.335254788398743
band_9_noise.wav,0.0,10.000000298023224,41.83226823806763,28.322119116783142
band_9_noise.wav,5.000000037252903,20.000000596046448,41.544402837753296,28.34035098552704
band_9_noise.wav,20.000000149011612,49.999998807907104,41.667768359184265,28.332783579826355
band_9_noise.wav,80.00000059604645,20.000000596046448,41.90267622470856,28.31827998161316
band_9_noise.wav,54.99999940395355,60.0,41.841049790382385,28.322673439979553
band_9_noise.wav,45.0,10.000000298023224,41.71184241771698,28.330512642860413
band_9_noise.wav,20.000000149011612,0.0,41.6789585351944,28.331669569015503
band_9_noise.wav,0.0,49.999998807907104,41.56697630882263,28.339033126831055
band_9_noise.wav,5.000000037252903,60.0,41.69241517782211,28.33051085472107
band_9_noise.wav,40.000000298023224,0.0,41.65312618017197,28.33346664905548
band_9_noise.wav,50.00000238418579,60.0,41.762659549713135,28.327324390411377
band_9_noise.wav,15.000000447034836,10.000000298023224,41.59748375415802,28.33697497844696
band_9_noise.wav,54.99999940395355,49.999998807907104,41.72032356262207,28.32949161529541
band_9_noise.wav,10.000000074505806,10.000000298023224,41.57271087169647,28.338618278503418
band_9_noise.wav,30.00000089406967,10.000000298023224,41.68864667415619,28.331395983695984
band_9_noise.wav,64.9999988079071,60.0,41.9039985537529,28.31945836544037
band_9_noise.wav,45.0,30.0,41.5138041973114,28.342373371124268
band_9_noise.wav,90.0,40.000001192092896,41.88062846660614,28.32017183303833
band_9_noise.wav,20.000000149011612,40.000001192092896,41.56659543514252,28.36817979812622
band_9_noise.wav,80.00000059604645,20.000000596046448,41.87731862068176,28.320077061653137
band_9_noise.wav,70.0000011920929,30.0,42.00414419174194,28.31322491168976
band_9_noise.wav,40.000000298023224,20.000000596046448,41.729979515075684,28.329105377197266
band_9_noise.wav,10.000000074505806,60.0,41.50079548358917,28.34219992160797
band_9_noise.wav,70.0000011920929,20.000000596046448,41.98201060295105,28.31422984600067
band_9_noise.wav,0.0,49.999998807907104,41.5383705496788,28.341118097305298
band_9_noise.wav,84.99999761581421,60.0,41.858006715774536,28.321622014045715
band_9_noise.wav,54.99999940395355,40.000001192092896,41.73370510339737,28.330307006835938
band_9_noise.wav,25.000001192092896,40.000001192092896,41.54554009437561,28.340426087379456
band_9_noise.wav,40.000000298023224,30.0,41.708862483501434,28.330190777778625
band_9_noise.wav,5.000000037252903,0.0,41.755559742450714,28.327524662017822
band_9_noise.wav,20.000000149011612,0.0,41.74441784620285,28.32825243473053
band_9_noise.wav,20.000000149011612,60.0,41.826466619968414,28.32306683063507
band_9_noise.wav,70.0000011920929,30.0,41.95684611797333,28.316245079040527
band_9_noise.wav,45.0,0.0,41.71983540058136,28.32954704761505
band_9_noise.wav,30.00000089406967,0.0,41.60310298204422,28.336835503578186
band_9_noise.wav,30.00000089406967,60.0,41.77097171545029,28.327608704566956
band_9_noise.wav,70.0000011920929,20.000000596046448,41.81516110897064,28.32442045211792
band_9_noise.wav,84.99999761581421,60.0,41.83954507112503,28.32309365272522
band_9_noise.wav,74.99999821186066,20.000000596046448,41.9185870885849,28.317546844482422
band_9_noise.wav,40.000000298023224,40.000001192092896,41.655285358428955,28.333053588867188
band_9_noise.wav,64.9999988079071,30.0,41.60653084516525,28.338593244552612
band_9_noise.wav,64.9999988079071,20.000000596046448,41.914571821689606,28.318188786506653
band_9_noise.wav,10.000000074505806,30.0,41.531463861465454,28.341066241264343
band_9_noise.wav,40.000000298023224,20.000000596046448,41.78470462560654,28.32644283771515
band_9_noise.wav,84.99999761581421,0.0,41.70617491006851,28.33062171936035
band_9_noise.wav,45.0,10.000000298023224,41.755428314208984,28.327689170837402
band_9_noise.wav,54.99999940395355,49.999998807907104,41.72675549983978,28.329328894615173
band_9_noise.wav,35.00000059604645,60.0,41.907860934734344,28.318979144096375
band_9_noise.wav,84.99999761581421,60.0,42.01610416173935,28.31200361251831
band_2_noise.wav,45.0,10.000000298023224,49.4415557384491,34.19845104217529
band_2_noise.wav,15.000000447034836,20.000000596046448,24.08006250858307,26.995854377746582
band_2_noise.wav,5.000000037252903,60.0,12.845697104930878,26.417784690856934
band_2_noise.wav,0.0,20.000000596046448,17.226586639881134,32.417471408843994
band_2_noise.wav,30.00000089406967,40.000001192092896,33.783865571022034,34.96098518371582
band_2_noise.wav,54.99999940395355,60.0,59.444661140441895,31.999272108078003
band_2_noise.wav,20.000000149011612,0.0,23.089377880096436,25.089097023010254
band_2_noise.wav,54.99999940395355,10.000000298023224,54.096545577049255,34.55177664756775
band_2_noise.wav,64.9999988079071,60.0,66.5687370300293,31.722975969314575
band_2_noise.wav,20.000000149011612,60.0,18.144159615039825,28.81146490573883
band_2_noise.wav,5.000000037252903,30.0,14.516740143299103,33.978095054626465
band_2_noise.wav,40.000000298023224,49.999998807907104,48.426881432533264,37.3921000957489
band_2_noise.wav,64.9999988079071,20.000000596046448,66.31383061408997,35.26899218559265
band_2_noise.wav,70.0000011920929,30.0,63.98206293582916,28.09140980243683
band_2_noise.wav,50.00000238418579,20.000000596046448,52.006670236587524,32.76738882064819
band_2_noise.wav,0.0,30.0,18.53114604949951,27.738516926765442
band_2_noise.wav,64.9999988079071,60.0,61.93765640258789,35.2583384513855
band_2_noise.wav,84.99999761581421,49.999998807907104,57.31598496437073,33.205726146698
band_2_noise.wav,60.00000178813934,10.000000298023224,57.395936250686646,27.97326922416687
band_2_noise.wav,90.0,40.000001192092896,62.93959021568298,20.40863335132599
band_2_noise.wav,25.000001192092896,0.0,24.66921240091324,19.487138986587524
band_2_noise.wav,50.00000238418579,49.999998807907104,54.300329089164734,40.71795701980591
band_2_noise.wav,90.0,10.000000298023224,65.89131832122803,20.391422510147095
band_2_noise.wav,15.000000447034836,10.000000298023224,22.943237721920013,34.45310354232788
band_2_noise.wav,40.000000298023224,0.0,40.123848617076874,38.6285662651062
band_2_noise.wav,25.000001192092896,20.000000596046448,31.279513835906982,28.438194394111633
band_2_noise.wav,25.000001192092896,30.0,32.615270018577576,27.927685976028442
band_2_noise.wav,10.000000074505806,60.0,19.104771316051483,32.19027400016785
band_2_noise.wav,5.000000037252903,40.000001192092896,18.354144394397736,35.10533809661865
band_2_noise.wav,60.00000178813934,49.999998807907104,48.29307675361633,50.92507839202881
band_2_noise.wav,54.99999940395355,60.0,51.223384737968445,42.675418853759766
band_2_noise.wav,20.000000149011612,49.999998807907104,20.867944210767746,33.26561450958252
band_2_noise.wav,80.00000059604645,0.0,67.49386310577393,18.252121210098267
band_2_noise.wav,25.000001192092896,20.000000596046448,35.44958978891373,29.804189801216125
band_2_noise.wav,5.000000037252903,20.000000596046448,22.677610516548157,31.792588233947754
band_2_noise.wav,45.0,49.999998807907104,46.11182928085327,45.079203844070435
band_2_noise.wav,64.9999988079071,10.000000298023224,62.69569158554077,29.47061061859131
band_2_noise.wav,35.00000059604645,30.0,43.905991315841675,36.53562068939209
band_2_noise.wav,25.000001192092896,10.000000298023224,31.724422574043274,31.480883359909058
band_2_noise.wav,25.000001192092896,10.000000298023224,35.57702422142029,31.301987171173096
band_2_noise.wav,45.0,10.000000298023224,51.92433714866638,38.47959637641907
band_2_noise.wav,64.9999988079071,10.000000298023224,49.12419676780701,26.13748848438263
band_2_noise.wav,35.00000059604645,30.0,35.800422728061676,31.829051971435547
band_2_noise.wav,0.0,40.000001192092896,18.30481857061386,27.912583351135254
band_2_noise.wav,25.000001192092896,40.000001192092896,25.319811701774597,32.520790100097656
band_2_noise.wav,40.000000298023224,10.000000298023224,45.008352398872375,36.79991126060486
band_2_noise.wav,25.000001192092896,49.999998807907104,32.395192086696625,26.43343985080719
band_2_noise.wav,70.0000011920929,60.0,59.6916389465332,23.69813561439514
band_2_noise.wav,50.00000238418579,10.000000298023224,58.271108865737915,37.38435387611389
band_2_noise.wav,0.0,0.0,25.92775046825409,27.575411796569824
band_2_noise.wav,40.000000298023224,10.000000298023224,48.26415181159973,38.04654836654663
band_2_noise.wav,20.000000149011612,0.0,26.206952333450317,25.872377157211304
band_2_noise.wav,10.000000074505806,10.000000298023224,19.31368589401245,35.838682651519775
band_2_noise.wav,10.000000074505806,20.000000596046448,14.116168320178986,33.75571846961975
band_2_noise.wav,45.0,40.000001192092896,47.31406509876251,35.91396689414978
band_2_noise.wav,74.99999821186066,20.000000596046448,64.05298054218292,23.000653982162476
band_2_noise.wav,70.0000011920929,0.0,64.77608799934387,14.859395027160645
band_2_noise.wav,64.9999988079071,10.000000298023224,66.23535990715027,26.14033877849579
band_2_noise.wav,60.00000178813934,10.000000298023224,54.69576716423035,34.56200122833252
band_2_noise.wav,60.00000178813934,20.000000596046448,61.90116226673126,30.89903712272644
band_2_noise.wav,54.99999940395355,10.000000298023224,57.5887656211853,34.996222257614136
band_2_noise.wav,35.00000059604645,10.000000298023224,37.6114422082901,29.567863941192627
band_2_noise.wav,90.0,40.000001192092896,66.35590374469757,18.313068151474
band_2_noise.wav,54.99999940395355,49.999998807907104,46.42191410064697,36.197530031204224
band_2_noise.wav,20.000000149011612,20.000000596046448,21.873389035463333,34.50944423675537
band_2_noise.wav,15.000000447034836,60.0,16.156811714172363,36.27410531044006
band_2_noise.wav,35.00000059604645,30.0,42.301625311374664,45.77287673950195
band_2_noise.wav,35.00000059604645,60.0,42.34315127134323,36.54160737991333
band_2_noise.wav,70.0000011920929,10.000000298023224,41.37044548988342,23.549859523773193
band_2_noise.wav,60.00000178813934,0.0,60.139562487602234,39.75460767745972
band_2_noise.wav,35.00000059604645,49.999998807907104,29.96481567621231,31.022865772247314
band_2_noise.wav,30.00000089406967,60.0,38.233510851860046,31.98497772216797
band_2_noise.wav,80.00000059604645,60.0,66.96572542190552,25.21277368068695
band_2_noise.wav,60.00000178813934,40.000001192092896,48.7283992767334,40.70223927497864
band_2_noise.wav,20.000000149011612,0.0,24.038890600204468,25.912485122680664
band_2_noise.wav,60.00000178813934,30.0,63.882145285606384,30.894112586975098
band_2_noise.wav,10.000000074505806,10.000000298023224,13.568903803825378,28.86109471321106
band_2_noise.wav,74.99999821186066,60.0,67.05952763557434,34.07400727272034
band_2_noise.wav,25.000001192092896,20.000000596046448,30.0541090965271,28.881892561912537
band_2_noise.wav,5.000000037252903,20.000000596046448,15.963673889636993,24.673848152160645
band_2_noise.wav,45.0,40.000001192092896,51.35579466819763,41.26308560371399
band_2_noise.wav,70.0000011920929,30.0,59.46632266044617,32.67075061798096
band_2_noise.wav,20.000000149011612,30.0,24.690361618995667,34.9368953704834
band_2_noise.wav,54.99999940395355,40.000001192092896,49.312723875045776,44.25142765045166
band_2_noise.wav,60.00000178813934,30.0,57.82296538352966,28.658739924430847
band_2_noise.wav,54.99999940395355,60.0,50.03928601741791,38.51463317871094
band_2_noise.wav,50.00000238418579,30.0,46.75025403499603,43.261388540267944
band_2_noise.wav,30.00000089406967,40.000001192092896,31.91463142633438,32.08794593811035
band_2_noise.wav,30.00000089406967,49.999998807907104,29.638825356960297,36.30779027938843
band_2_noise.wav,20.000000149011612,40.000001192092896,18.476555049419403,38.49079728126526
band_2_noise.wav,5.000000037252903,40.000001192092896,18.35829108953476,31.966238021850586
band_2_noise.wav,84.99999761581421,20.000000596046448,55.76252460479736,22.669966220855713
band_2_noise.wav,45.0,60.0,45.8059823513031,37.587196826934814
band_2_noise.wav,54.99999940395355,30.0,51.36354625225067,34.84241008758545
band_2_noise.wav,60.00000178813934,0.0,62.471684217453,37.27771282196045
band_2_noise.wav,74.99999821186066,30.0,62.935030460357666,29.864761233329773
band_2_noise.wav,25.000001192092896,60.0,36.431012749671936,34.54038619995117
band_2_noise.wav,50.00000238418579,60.0,53.89415144920349,42.13111996650696
band_2_noise.wav,74.99999821186066,0.0,61.320061683654785,17.945501804351807
band_2_noise.wav,60.00000178813934,40.000001192092896,48.2606703042984,35.56537628173828
band_2_noise.wav,35.00000059604645,60.0,42.82074272632599,40.08261322975159
band_2_noise.wav,64.9999988079071,0.0,66.09499454498291,19.125559329986572
band_2_noise.wav,90.0,20.000000596046448,66.66757106781006,14.417996406555176
band_2_noise.wav,80.00000059604645,30.0,60.3439736366272,27.08891451358795
band_2_noise.wav,15.000000447034836,49.999998807907104,20.162277817726135,31.597495079040527
band_2_noise.wav,45.0,30.0,51.33961021900177,43.26751470565796
band_2_noise.wav,45.0,10.000000298023224,44.51044589281082,34.25307869911194
band_2_noise.wav,10.000000074505806,10.000000298023224,14.524582922458649,28.17943274974823
band_2_noise.wav,30.00000089406967,49.999998807907104,35.56653410196304,35.29677987098694
band_2_noise.wav,64.9999988079071,0.0,62.949814796447754,22.714827060699463
band_2_noise.wav,5.000000037252903,10.000000298023224,18.560505509376526,31.21941089630127
band_2_noise.wav,60.00000178813934,10.000000298023224,62.711049914360046,36.446800231933594
band_2_noise.wav,20.000000149011612,40.000001192092896,23.67079496383667,35.52152395248413
band_2_noise.wav,10.000000074505806,40.000001192092896,16.518698036670685,31.00484848022461
band_2_noise.wav,5.000000037252903,30.0,12.679217755794525,25.934969186782837
band_2_noise.wav,35.00000059604645,40.000001192092896,35.21854966878891,36.72413349151611
band_2_noise.wav,20.000000149011612,40.000001192092896,21.1847023665905,33.4384560585022
band_2_noise.wav,40.000000298023224,20.000000596046448,44.2077773809433,37.40360498428345
band_2_noise.wav,70.0000011920929,40.000001192092896,63.982009291648865,35.63633680343628
band_2_noise.wav,74.99999821186066,0.0,65.30810952186584,13.493991494178772
band_2_noise.wav,45.0,30.0,50.23081719875336,43.96998167037964
band_2_noise.wav,50.00000238418579,0.0,55.2852737903595,30.600736141204834
band_2_noise.wav,70.0000011920929,20.000000596046448,65.10749101638794,18.870450854301453
band_2_noise.wav,64.9999988079071,20.000000596046448,64.38108444213867,31.487914323806763
band_2_noise.wav,0.0,49.999998807907104,15.65664678812027,32.12738871574402
band_2_noise.wav,70.0000011920929,30.0,55.22546052932739,30.91999053955078
band_2_noise.wav,64.9999988079071,10.000000298023224,65.80883502960205,24.76011335849762
band_2_noise.wav,20.000000149011612,20.000000596046448,29.612217843532562,27.342857122421265
band_2_noise.wav,80.00000059604645,20.000000596046448,64.05049681663513,20.289316177368164
band_2_noise.wav,0.0,10.000000298023224,9.836202263832092,23.882499933242798
band_2_noise.wav,35.00000059604645,20.000000596046448,41.10079497098923,36.88822031021118
band_2_noise.wav,15.000000447034836,0.0,23.109821677207947,32.35782265663147
band_2_noise.wav,35.00000059604645,0.0,44.148205518722534,44.78227615356445
band_2_noise.wav,40.000000298023224,60.0,40.47095596790314,36.03687286376953
band_2_noise.wav,5.000000037252903,10.000000298023224,23.583405911922455,32.51362323760986
band_2_noise.wav,54.99999940395355,20.000000596046448,55.00573396682739,43.065197467803955
band_2_noise.wav,20.000000149011612,20.000000596046448,25.94943881034851,24.13784623146057
band_2_noise.wav,30.00000089406967,40.000001192092896,34.5628622174263,32.46434926986694
band_2_noise.wav,25.000001192092896,0.0,31.26200169324875,25.287069082260132
band_2_noise.wav,40.000000298023224,40.000001192092896,38.447052240371704,37.65331149101257
band_2_noise.wav,60.00000178813934,49.999998807907104,53.48495364189148,27.00892925262451
band_2_noise.wav,40.000000298023224,60.0,40.330571830272675,36.613097190856934
band_2_noise.wav,10.000000074505806,30.0,20.25451362133026,31.224550008773804
band_2_noise.wav,20.000000149011612,20.000000596046448,27.929662764072418,25.290770530700684
band_2_noise.wav,35.00000059604645,49.999998807907104,34.57337111234665,25.119130611419678
band_2_noise.wav,15.000000447034836,60.0,17.17637836933136,31.290085315704346
band_2_noise.wav,0.0,60.0,13.787383139133453,28.922755122184753
band_0_noise.wav,25.000001192092896,20.000000596046448,39.93884056806564,25.69864511489868
band_0_noise.wav,5.000000037252903,60.0,46.32364869117737,26.015222668647766
band_0_noise.wav,5.000000037252903,30.0,44.777870178222656,29.088472723960876
band_0_noise.wav,70.0000011920929,49.999998807907104,59.81513321399689,26.25161111354828
band_0_noise.wav,90.0,0.0,47.86266803741455,28.382776379585266
band_0_noise.wav,50.00000238418579,0.0,42.0552134513855,28.370304107666016
band_0_noise.wav,10.000000074505806,20.000000596046448,44.57645237445831,28.10518741607666
band_0_noise.wav,25.000001192092896,10.000000298023224,38.36602807044983,20.248610973358154
band_0_noise.wav,35.00000059604645,40.000001192092896,41.728670597076416,26.20900332927704
band_0_noise.wav,84.99999761581421,30.0,55.484835505485535,28.530031442642212
band_0_noise.wav,40.000000298023224,20.000000596046448,52.879568338394165,31.414586305618286
band_0_noise.wav,15.000000447034836,0.0,46.091744899749756,28.978039026260376
band_0_noise.wav,10.000000074505806,10.000000298023224,42.60967701673508,29.760881066322327
band_0_noise.wav,25.000001192092896,20.000000596046448,51.600138545036316,28.578802943229675
band_0_noise.wav,50.00000238418579,60.0,46.84470534324646,29.80114459991455
band_0_noise.wav,74.99999821186066,60.0,49.433868527412415,27.63428270816803
band_0_noise.wav,30.00000089406967,10.000000298023224,44.756087958812714,28.516359329223633
band_0_noise.wav,15.000000447034836,49.999998807907104,35.379334688186646,27.573214173316956
band_0_noise.wav,30.00000089406967,60.0,55.49850940704346,28.08662474155426
band_0_noise.wav,15.000000447034836,40.000001192092896,39.180877804756165,26.316946148872375
band_0_noise.wav,25.000001192092896,60.0,40.71899592876434,22.965644001960754
band_0_noise.wav,45.0,30.0,54.97242093086243,27.96585202217102
band_0_noise.wav,54.99999940395355,0.0,61.47880554199219,29.300358295440674
band_0_noise.wav,64.9999988079071,10.000000298023224,65.72797179222107,25.80219268798828
band_0_noise.wav,80.00000059604645,60.0,49.94252264499664,28.24480891227722
band_0_noise.wav,74.99999821186066,49.999998807907104,49.75415647029877,29.148284196853638
band_0_noise.wav,84.99999761581421,40.000001192092896,54.81446027755737,29.307117462158203
band_0_noise.wav,50.00000238418579,49.999998807907104,45.66575109958649,25.197531580924988
band_0_noise.wav,20.000000149011612,10.000000298023224,37.05818295478821,29.07731831073761
band_0_noise.wav,15.000000447034836,30.0,37.22454160451889,29.210756421089172
band_0_noise.wav,0.0,40.000001192092896,34.14770185947418,31.636605262756348
band_0_noise.wav,20.000000149011612,20.000000596046448,33.48005712032318,31.688475608825684
band_0_noise.wav,25.000001192092896,60.0,46.13257348537445,28.533496856689453
band_0_noise.wav,54.99999940395355,40.000001192092896,59.015185832977295,26.597381830215454
band_0_noise.wav,30.00000089406967,30.0,55.50425469875336,28.684297800064087
band_0_noise.wav,50.00000238418579,60.0,54.41834092140198,28.518038392066956
band_0_noise.wav,70.0000011920929,60.0,48.483797907829285,30.328878164291382
band_0_noise.wav,50.00000238418579,0.0,47.011345624923706,29.047459959983826
band_0_noise.wav,5.000000037252903,30.0,44.86347019672394,26.259883046150208
band_0_noise.wav,54.99999940395355,30.0,37.38904148340225,30.089499950408936
band_0_noise.wav,60.00000178813934,60.0,46.71666741371155,27.42605209350586
band_0_noise.wav,10.000000074505806,10.000000298023224,33.21282595396042,28.97910475730896
band_0_noise.wav,40.000000298023224,49.999998807907104,50.68490445613861,26.045259833335876
band_0_noise.wav,60.00000178813934,30.0,42.96236336231232,26.990071535110474
band_0_noise.wav,84.99999761581421,30.0,60.961740016937256,27.192004323005676
band_0_noise.wav,80.00000059604645,40.000001192092896,51.15891516208649,28.825798630714417
band_0_noise.wav,35.00000059604645,20.000000596046448,46.162700057029724,28.106567859649658
band_0_noise.wav,0.0,20.000000596046448,43.749546110630035,29.154789447784424
band_0_noise.wav,54.99999940395355,0.0,47.617594599723816,28.24542224407196
band_0_noise.wav,60.00000178813934,0.0,51.958449482917786,29.076882004737854
band_0_noise.wav,54.99999940395355,10.000000298023224,41.63224786520004,27.700000405311584
band_0_noise.wav,50.00000238418579,20.000000596046448,52.59982466697693,28.8610178232193
band_0_noise.wav,0.0,20.000000596046448,27.586495578289032,24.796156883239746
band_0_noise.wav,84.99999761581421,20.000000596046448,59.99009370803833,25.03594994544983
band_0_noise.wav,60.00000178813934,60.0,47.38699436187744,28.749972581863403
band_0_noise.wav,10.000000074505806,30.0,46.11462414264679,27.686408758163452
band_0_noise.wav,54.99999940395355,30.0,43.87706100940704,26.615395545959473
band_0_noise.wav,60.00000178813934,49.999998807907104,40.884756445884705,27.043966054916382
band_0_noise.wav,10.000000074505806,0.0,44.589616656303406,29.95171308517456
band_0_noise.wav,20.000000149011612,0.0,43.036349415779114,23.229673504829407
band_0_noise.wav,25.000001192092896,20.000000596046448,38.16558659076691,31.0443913936615
band_0_noise.wav,54.99999940395355,10.000000298023224,55.270832777023315,27.540584206581116
band_0_noise.wav,84.99999761581421,20.000000596046448,51.00572884082794,29.87616240978241
band_0_noise.wav,54.99999940395355,30.0,47.998382449150085,27.426279187202454
band_0_noise.wav,35.00000059604645,30.0,51.61284148693085,29.889897108078003
band_0_noise.wav,40.000000298023224,49.999998807907104,48.65040600299835,27.89932429790497
band_0_noise.wav,60.00000178813934,60.0,50.50557732582092,29.286210536956787
band_0_noise.wav,80.00000059604645,49.999998807907104,50.69170653820038,27.479057908058167
band_0_noise.wav,30.00000089406967,0.0,50.67900896072388,25.264889001846313
band_0_noise.wav,74.99999821186066,20.000000596046448,56.15128934383392,28.039594888687134
band_0_noise.wav,60.00000178813934,20.000000596046448,51.29542887210846,29.834110736846924
band_0_noise.wav,40.000000298023224,30.0,42.62534648180008,25.88923215866089
band_0_noise.wav,74.99999821186066,40.000001192092896,53.409186601638794,29.448877573013306
band_0_noise.wav,15.000000447034836,40.000001192092896,36.32175296545029,21.63387358188629
band_0_noise.wav,50.00000238418579,20.000000596046448,42.205331325531006,27.664673924446106
band_0_noise.wav,80.00000059604645,20.000000596046448,49.62698221206665,28.375414609909058
band_0_noise.wav,15.000000447034836,10.000000298023224,36.40197515487671,24.069710969924927
band_0_noise.wav,64.9999988079071,10.000000298023224,52.32336401939392,28.65592896938324
band_0_noise.wav,70.0000011920929,49.999998807907104,43.763630390167236,28.457043170928955
band_0_noise.wav,50.00000238418579,49.999998807907104,55.24150013923645,27.560704350471497
band_0_noise.wav,30.00000089406967,40.000001192092896,50.720744132995605,25.49187183380127
band_0_noise.wav,60.00000178813934,49.999998807907104,57.89788484573364,24.07311201095581
band_0_noise.wav,40.000000298023224,49.999998807907104,49.6215158700943,28.38583767414093
band_0_noise.wav,30.00000089406967,20.000000596046448,47.106285095214844,28.224295377731323
band_0_noise.wav,30.00000089406967,30.0,45.9113609790802,28.00893723964691
band_0_noise.wav,20.000000149011612,40.000001192092896,29.48868602514267,29.198021292686462
band_0_noise.wav,54.99999940395355,49.999998807907104,58.92872750759125,28.51130783557892
band_0_noise.wav,64.9999988079071,30.0,47.844300270080566,29.340845346450806
band_0_noise.wav,45.0,20.000000596046448,55.35417437553406,27.54400670528412
band_0_noise.wav,0.0,30.0,40.01700013875961,28.292797207832336
band_0_noise.wav,10.000000074505806,0.0,46.6362065076828,26.17238759994507
band_0_noise.wav,30.00000089406967,30.0,49.96712923049927,28.374386429786682
band_0_noise.wav,64.9999988079071,49.999998807907104,47.35173940658569,23.67048740386963
band_0_noise.wav,80.00000059604645,0.0,62.42029309272766,27.4666428565979
band_0_noise.wav,25.000001192092896,20.000000596046448,53.00350785255432,28.439127802848816
band_0_noise.wav,40.000000298023224,20.000000596046448,45.77910661697388,29.471814036369324
band_0_noise.wav,64.9999988079071,30.0,48.02066087722778,31.678208112716675
band_0_noise.wav,90.0,30.0,51.06514513492584,30.12961506843567
band_0_noise.wav,80.00000059604645,0.0,45.86411118507385,26.40344202518463
band_0_noise.wav,60.00000178813934,40.000001192092896,50.30631601810455,28.358248472213745
band_0_noise.wav,45.0,10.000000298023224,47.8167861700058,28.90298902988434
band_0_noise.wav,30.00000089406967,0.0,53.15415143966675,28.689013123512268
band_0_noise.wav,40.000000298023224,20.000000596046448,53.229103088378906,30.100053548812866
band_0_noise.wav,50.00000238418579,20.000000596046448,48.42495560646057,28.716845512390137
band_0_noise.wav,45.0,49.999998807907104,44.78774070739746,28.558409214019775
band_0_noise.wav,25.000001192092896,0.0,39.85295355319977,28.1744384765625
band_0_noise.wav,25.000001192092896,49.999998807907104,55.00754714012146,25.979501008987427
band_0_noise.wav,45.0,40.000001192092896,44.350033700466156,27.233088612556458
band_0_noise.wav,64.9999988079071,30.0,46.41593813896179,27.01846182346344
band_0_noise.wav,70.0000011920929,40.000001192092896,51.3295841217041,28.429806232452393
band_0_noise.wav,50.00000238418579,20.000000596046448,55.05320906639099,29.140756130218506
band_0_noise.wav,25.000001192092896,40.000001192092896,42.179724276065826,29.162946939468384
band_0_noise.wav,60.00000178813934,30.0,49.768211245536804,28.62683415412903
band_0_noise.wav,84.99999761581421,20.000000596046448,50.16080617904663,28.004559874534607
band_0_noise.wav,15.000000447034836,20.000000596046448,44.987919330596924,26.877102255821228
band_0_noise.wav,0.0,30.0,35.660652816295624,24.680140614509583
band_0_noise.wav,10.000000074505806,0.0,40.783647894859314,22.938995361328125
band_0_noise.wav,60.00000178813934,10.000000298023224,55.71614384651184,29.44056808948517
band_0_noise.wav,74.99999821186066,49.999998807907104,54.331287145614624,29.117422699928284
band_0_noise.wav,64.9999988079071,40.000001192092896,56.47694170475006,28.106204867362976
band_0_noise.wav,10.000000074505806,20.000000596046448,42.229978144168854,27.81263530254364
band_0_noise.wav,45.0,60.0,50.136703848838806,26.371734738349915
band_0_noise.wav,70.0000011920929,30.0,56.11733794212341,26.507091522216797
band_0_noise.wav,15.000000447034836,20.000000596046448,53.394713401794434,28.75112235546112
band_0_noise.wav,15.000000447034836,0.0,45.0446480512619,26.72848641872406
band_0_noise.wav,5.000000037252903,30.0,42.642295360565186,29.580016136169434
band_0_noise.wav,15.000000447034836,10.000000298023224,41.10931634902954,26.665130853652954
band_0_noise.wav,80.00000059604645,30.0,51.38380765914917,28.471148014068604
band_0_noise.wav,20.000000149011612,20.000000596046448,44.971034824848175,27.37308382987976
band_0_noise.wav,10.000000074505806,10.000000298023224,45.95373451709747,27.7243709564209
band_0_noise.wav,0.0,10.000000298023224,41.53951048851013,24.988136887550354
band_0_noise.wav,15.000000447034836,49.999998807907104,38.725049793720245,25.910228490829468
band_0_noise.wav,54.99999940395355,40.000001192092896,55.82599639892578,28.73240053653717
band_0_noise.wav,64.9999988079071,0.0,60.230650305747986,26.73671007156372
band_0_noise.wav,74.99999821186066,49.999998807907104,52.656360268592834,26.7404043674469
band_0_noise.wav,25.000001192092896,0.0,45.483022928237915,29.093865752220154
band_0_noise.wav,84.99999761581421,30.0,51.58239305019379,27.815932631492615
band_0_noise.wav,64.9999988079071,30.0,56.25473141670227,28.148258328437805
band_0_noise.wav,5.000000037252903,0.0,27.42759883403778,21.785207390785217
band_4_noise.wav,0.0,0.0,16.59594029188156,27.401703000068665
band_4_noise.wav,5.000000037252903,60.0,15.126685202121735,35.153728723526
band_4_noise.wav,80.00000059604645,60.0,76.39123320579529,29.93570566177368
band_4_noise.wav,84.99999761581421,49.999998807907104,72.63069033622742,38.56698989868164
band_4_noise.wav,15.000000447034836,60.0,27.959183156490326,34.93691682815552
band_4_noise.wav,5.000000037252903,10.000000298023224,20.108979642391205,24.074184894561768
band_4_noise.wav,30.00000089406967,60.0,34.262768626213074,38.60933303833008
band_4_noise.wav,15.000000447034836,49.999998807907104,17.587327659130096,34.122211933135986
band_4_noise.wav,70.0000011920929,49.999998807907104,69.31549608707428,50.444769859313965
band_4_noise.wav,25.000001192092896,30.0,32.928680777549744,41.20743155479431
band_4_noise.wav,64.9999988079071,60.0,68.37611675262451,36.18283152580261
band_4_noise.wav,20.000000149011612,60.0,36.15818381309509,44.87983703613281
band_4_noise.wav,35.00000059604645,30.0,40.67104607820511,33.72345328330994
band_4_noise.wav,70.0000011920929,20.000000596046448,72.82761812210083,25.191341042518616
band_4_noise.wav,45.0,20.000000596046448,44.6884560585022,17.938619256019592
band_4_noise.wav,50.00000238418579,30.0,45.32318472862244,33.48971128463745
band_4_noise.wav,50.00000238418579,40.000001192092896,41.84838563203812,38.25704097747803
band_4_noise.wav,40.000000298023224,49.999998807907104,35.47331392765045,22.818726897239685
band_4_noise.wav,25.000001192092896,60.0,33.001293540000916,48.7532901763916
band_4_noise.wav,30.00000089406967,20.000000596046448,36.26652091741562,37.70041465759277
band_4_noise.wav,64.9999988079071,10.000000298023224,63.653165102005005,30.880662202835083
band_4_noise.wav,64.9999988079071,49.999998807907104,68.32090616226196,46.84951901435852
band_4_noise.wav,60.00000178813934,20.000000596046448,61.071860790252686,33.43464374542236
band_4_noise.wav,45.0,30.0,38.791010677814484,36.05835199356079
band_4_noise.wav,15.000000447034836,30.0,17.254114151000977,25.288163423538208
band_4_noise.wav,5.000000037252903,49.999998807907104,13.27212005853653,45.095980167388916
band_4_noise.wav,0.0,40.000001192092896,23.59841823577881,27.70352303981781
band_4_noise.wav,50.00000238418579,30.0,49.06996786594391,17.476916313171387
band_4_noise.wav,70.0000011920929,49.999998807907104,67.47492671012878,46.00184440612793
band_4_noise.wav,30.00000089406967,30.0,36.453165113925934,19.22413408756256
band_4_noise.wav,25.000001192092896,20.000000596046448,33.29525828361511,43.832316398620605
band_4_noise.wav,5.000000037252903,30.0,20.25422528386116,25.29447913169861
band_4_noise.wav,20.000000149011612,20.000000596046448,29.654744267463684,31.539745330810547
band_4_noise.wav,60.00000178813934,30.0,63.19288730621338,37.08369970321655
band_4_noise.wav,90.0,60.0,76.5106987953186,32.60680317878723
band_4_noise.wav,54.99999940395355,40.000001192092896,47.73441016674042,26.94900691509247
band_4_noise.wav,50.00000238418579,49.999998807907104,48.56182336807251,19.034303426742554
band_4_noise.wav,54.99999940395355,0.0,57.86541402339935,25.873602032661438
band_4_noise.wav,54.99999940395355,49.999998807907104,53.762186765670776,43.87338995933533
band_4_noise.wav,10.000000074505806,60.0,18.960468471050262,44.38828468322754
band_4_noise.wav,90.0,60.0,75.66136121749878,28.88172447681427
band_4_noise.wav,10.000000074505806,40.000001192092896,21.511453092098236,42.33881950378418
band_4_noise.wav,64.9999988079071,0.0,59.66178059577942,16.760047674179077
band_4_noise.wav,54.99999940395355,40.000001192092896,50.015886425971985,27.03411340713501
band_4_noise.wav,25.000001192092896,60.0,35.71650177240372,26.47801101207733
band_4_noise.wav,35.00000059604645,30.0,41.291255950927734,34.1533362865448
band_4_noise.wav,40.000000298023224,60.0,43.01453500986099,26.121114492416382
band_4_noise.wav,15.000000447034836,30.0,19.061330258846283,35.18122315406799
band_4_noise.wav,30.00000089406967,10.000000298023224,35.51197528839111,16.84191584587097
band_4_noise.wav,50.00000238418579,40.000001192092896,52.289058566093445,47.71747827529907
band_4_noise.wav,25.000001192092896,30.0,32.652477622032166,43.228737115859985
band_4_noise.wav,40.000000298023224,40.000001192092896,38.88286292552948,26.3675057888031
band_4_noise.wav,70.0000011920929,30.0,59.424142241477966,44.43533420562744
band_4_noise.wav,10.000000074505806,49.999998807907104,17.931270003318787,33.969959020614624
band_4_noise.wav,80.00000059604645,40.000001192092896,74.82174932956696,40.08374333381653
band_4_noise.wav,10.000000074505806,10.000000298023224,14.204573929309845,12.971121668815613
band_4_noise.wav,15.000000447034836,40.000001192092896,18.248991072177887,45.520691871643066
band_4_noise.wav,30.00000089406967,20.000000596046448,34.90505039691925,16.245038509368896
band_4_noise.wav,35.00000059604645,40.000001192092896,32.38704890012741,37.91571021080017
band_4_noise.wav,45.0,10.000000298023224,58.017393350601196,32.09644317626953
band_4_noise.wav,50.00000238418579,49.999998807907104,47.2567355632782,18.625414967536926
band_4_noise.wav,90.0,40.000001192092896,64.65096831321716,23.73246431350708
band_4_noise.wav,20.000000149011612,0.0,33.97850811481476,31.972750425338745
band_4_noise.wav,60.00000178813934,60.0,61.59858226776123,31.363781690597534
band_4_noise.wav,54.99999940395355,10.000000298023224,48.1371545791626,15.685826539993286
band_4_noise.wav,45.0,0.0,53.222177624702454,18.593425154685974
band_4_noise.wav,45.0,40.000001192092896,51.25904202461243,26.809213757514954
band_4_noise.wav,64.9999988079071,60.0,61.130783557891846,30.043444633483887
band_4_noise.wav,35.00000059604645,30.0,41.173871755599976,34.575068950653076
band_4_noise.wav,84.99999761581421,60.0,75.4501748085022,31.126574277877808
band_4_noise.wav,54.99999940395355,0.0,55.4064667224884,21.3576078414917
band_4_noise.wav,30.00000089406967,20.000000596046448,35.809829235076904,27.029659152030945
band_4_noise.wav,25.000001192092896,49.999998807907104,32.88483738899231,40.658708810806274
band_4_noise.wav,50.00000238418579,10.000000298023224,54.92844343185425,17.446614503860474
band_4_noise.wav,60.00000178813934,10.000000298023224,66.1260437965393,29.231438040733337
band_4_noise.wav,84.99999761581421,10.000000298023224,60.33336281776428,25.649296045303345
band_4_noise.wav,80.00000059604645,60.0,73.25151443481445,30.910838842391968
band_4_noise.wav,54.99999940395355,10.000000298023224,51.103253960609436,14.343646466732025
band_4_noise.wav,25.000001192092896,0.0,30.672186613082886,20.510966777801514
band_4_noise.wav,10.000000074505806,0.0,13.400265276432037,12.732088565826416
band_4_noise.wav,80.00000059604645,49.999998807907104,65.0006103515625,37.0911169052124
band_4_noise.wav,45.0,0.0,57.77190685272217,30.72202205657959
band_4_noise.wav,74.99999821186066,30.0,71.71451210975647,36.776572465896606
band_4_noise.wav,20.000000149011612,20.000000596046448,30.252420902252197,33.48840951919556
band_4_noise.wav,0.0,0.0,20.348508954048157,27.239137887954712
band_4_noise.wav,45.0,10.000000298023224,56.807202100753784,28.912253379821777
band_4_noise.wav,20.000000149011612,49.999998807907104,27.19018042087555,40.021326541900635
band_4_noise.wav,0.0,0.0,19.215264916419983,27.79515266418457
band_4_noise.wav,0.0,10.000000298023224,18.960404098033905,27.279160022735596
band_4_noise.wav,20.000000149011612,10.000000298023224,26.14674210548401,16.472800970077515
band_4_noise.wav,54.99999940395355,10.000000298023224,48.219133615493774,12.249943614006042
band_4_noise.wav,54.99999940395355,60.0,51.72968924045563,28.79801094532013
band_4_noise.wav,15.000000447034836,60.0,13.457975685596466,47.11627006530762
band_4_noise.wav,40.000000298023224,10.000000298023224,46.97334408760071,12.702645063400269
band_4_noise.wav,70.0000011920929,49.999998807907104,59.29768681526184,37.42863178253174
band_4_noise.wav,30.00000089406967,49.999998807907104,33.0507829785347,41.87357425689697
band_4_noise.wav,0.0,0.0,20.49390882253647,28.093591332435608
band_4_noise.wav,30.00000089406967,10.000000298023224,34.04116451740265,21.784547567367554
band_4_noise.wav,50.00000238418579,60.0,43.99470806121826,34.18880224227905
band_4_noise.wav,74.99999821186066,49.999998807907104,63.30175280570984,42.25635766983032
band_4_noise.wav,25.000001192092896,30.0,31.841822862625122,32.721909284591675
band_4_noise.wav,15.000000447034836,40.000001192092896,16.960152089595795,46.41908884048462
band_4_noise.wav,90.0,40.000001192092896,66.14500164985657,22.3392516374588
band_4_noise.wav,5.000000037252903,40.000001192092896,27.286605834960938,29.89361822605133
band_4_noise.wav,25.000001192092896,10.000000298023224,30.04885196685791,21.760250329971313
band_4_noise.wav,50.00000238418579,60.0,48.571157455444336,39.22271132469177
band_4_noise.wav,84.99999761581421,10.000000298023224,61.12698554992676,22.76753067970276
band_4_noise.wav,64.9999988079071,40.000001192092896,69.32119309902191,43.34550619125366
band_4_noise.wav,50.00000238418579,30.0,49.43903982639313,36.285152435302734
band_4_noise.wav,10.000000074505806,0.0,15.458420813083649,17.62011408805847
band_4_noise.wav,45.0,40.000001192092896,46.736746430397034,20.393369793891907
band_4_noise.wav,35.00000059604645,20.000000596046448,36.003093123435974,22.059454321861267
band_4_noise.wav,10.000000074505806,0.0,16.001890003681183,20.030229091644287
band_4_noise.wav,35.00000059604645,40.000001192092896,33.87772411108017,46.10640048980713
band_4_noise.wav,54.99999940395355,40.000001192092896,54.064128398895264,44.021687507629395
band_4_noise.wav,70.0000011920929,0.0,63.65852952003479,10.872997641563416
band_4_noise.wav,84.99999761581421,49.999998807907104,65.49298882484436,36.03246331214905
band_4_noise.wav,60.00000178813934,30.0,55.61948776245117,28.222872018814087
band_4_noise.wav,10.000000074505806,10.000000298023224,15.970172882080078,23.850520849227905
band_4_noise.wav,5.000000037252903,10.000000298023224,23.816202878952026,26.89689338207245
band_4_noise.wav,84.99999761581421,30.0,69.63893294334412,35.90879559516907
band_4_noise.wav,35.00000059604645,60.0,41.67664647102356,23.609955310821533
band_4_noise.wav,54.99999940395355,30.0,49.89671587944031,37.56204128265381
band_4_noise.wav,90.0,30.0,63.885406851768494,26.218035221099854
band_4_noise.wav,70.0000011920929,60.0,64.3083107471466,39.437992572784424
band_4_noise.wav,10.000000074505806,40.000001192092896,19.995228499174118,39.72632646560669
band_4_noise.wav,60.00000178813934,60.0,55.38115739822388,42.88090109825134
band_4_noise.wav,15.000000447034836,30.0,16.496049463748932,23.008278608322144
khz_band_2.5_4.5_noise.wav,0.0,30.0,14.98845487833023,30.15047550201416
khz_band_2.5_4.5_noise.wav,84.99999761581421,30.0,58.57030391693115,32.855165004730225
khz_band_2.5_4.5_noise.wav,84.99999761581421,40.000001192092896,52.090033292770386,31.01677179336548
khz_band_2.5_4.5_noise.wav,60.00000178813934,10.000000298023224,48.84270966053009,19.6662175655365
khz_band_2.5_4.5_noise.wav,5.000000037252903,30.0,18.12960058450699,31.563888788223267
khz_band_2.5_4.5_noise.wav,80.00000059604645,60.0,61.98361873626709,33.00939917564392
khz_band_2.5_4.5_noise.wav,84.99999761581421,0.0,69.1554057598114,16.176427602767944
khz_band_2.5_4.5_noise.wav,10.000000074505806,10.000000298023224,24.132926166057587,30.265910625457764
khz_band_2.5_4.5_noise.wav,5.000000037252903,60.0,20.29290273785591,44.77799892425537
khz_band_2.5_4.5_noise.wav,0.0,30.0,20.029645264148712,30.810073614120483
khz_band_2.5_4.5_noise.wav,64.9999988079071,40.000001192092896,52.07799017429352,25.241222977638245
khz_band_2.5_4.5_noise.wav,30.00000089406967,60.0,37.536520063877106,33.43244791030884
khz_band_2.5_4.5_noise.wav,40.000000298023224,30.0,43.594345450401306,32.17494249343872
khz_band_2.5_4.5_noise.wav,45.0,60.0,51.049582958221436,24.359382390975952
khz_band_2.5_4.5_noise.wav,15.000000447034836,49.999998807907104,20.946388095617294,44.59812641143799
khz_band_2.5_4.5_noise.wav,54.99999940395355,10.000000298023224,50.82519471645355,22.457531690597534
khz_band_2.5_4.5_noise.wav,40.000000298023224,0.0,45.6539922952652,31.525100469589233
khz_band_2.5_4.5_noise.wav,80.00000059604645,30.0,51.14543437957764,29.716064929962158
khz_band_2.5_4.5_noise.wav,90.0,10.000000298023224,56.53259217739105,30.577908754348755
khz_band_2.5_4.5_noise.wav,80.00000059604645,20.000000596046448,53.9708411693573,27.043080925941467
khz_band_2.5_4.5_noise.wav,10.000000074505806,30.0,25.603836178779602,30.36441922187805
khz_band_2.5_4.5_noise.wav,54.99999940395355,40.000001192092896,57.14182376861572,38.58909845352173
khz_band_2.5_4.5_noise.wav,80.00000059604645,30.0,41.632162034511566,23.785139322280884
khz_band_2.5_4.5_noise.wav,40.000000298023224,49.999998807907104,54.28898334503174,35.380568504333496
khz_band_2.5_4.5_noise.wav,20.000000149011612,30.0,30.535509288311005,30.230255126953125
khz_band_2.5_4.5_noise.wav,90.0,49.999998807907104,55.920817852020264,32.62651205062866
khz_band_2.5_4.5_noise.wav,60.00000178813934,30.0,51.666297912597656,31.239030361175537
khz_band_2.5_4.5_noise.wav,20.000000149011612,60.0,31.00845515727997,37.69282579421997
khz_band_2.5_4.5_noise.wav,15.000000447034836,40.000001192092896,18.551557660102844,46.384456157684326
khz_band_2.5_4.5_noise.wav,15.000000447034836,40.000001192092896,24.040923714637756,33.61733794212341
khz_band_2.5_4.5_noise.wav,64.9999988079071,0.0,52.93035328388214,32.2381067276001
khz_band_2.5_4.5_noise.wav,20.000000149011612,10.000000298023224,30.328448116779327,32.46074080467224
khz_band_2.5_4.5_noise.wav,15.000000447034836,40.000001192092896,19.505418241024017,43.823790550231934
khz_band_2.5_4.5_noise.wav,35.00000059604645,0.0,43.26509892940521,27.010492086410522
khz_band_2.5_4.5_noise.wav,25.000001192092896,10.000000298023224,31.132778227329254,17.03759729862213
khz_band_2.5_4.5_noise.wav,64.9999988079071,0.0,53.18123638629913,31.39495611190796
khz_band_2.5_4.5_noise.wav,5.000000037252903,30.0,15.750867426395416,17.79478669166565
khz_band_2.5_4.5_noise.wav,35.00000059604645,30.0,40.38016855716705,28.42823088169098
khz_band_2.5_4.5_noise.wav,10.000000074505806,60.0,17.26064532995224,46.236605644226074
khz_band_2.5_4.5_noise.wav,80.00000059604645,30.0,52.77707040309906,24.210804104804993
khz_band_2.5_4.5_noise.wav,40.000000298023224,0.0,45.137200355529785,22.659716606140137
khz_band_2.5_4.5_noise.wav,0.0,60.0,18.497323393821716,30.39154887199402
khz_band_2.5_4.5_noise.wav,35.00000059604645,10.000000298023224,35.70301294326782,24.884149432182312
khz_band_2.5_4.5_noise.wav,20.000000149011612,49.999998807907104,30.283867120742798,24.95776355266571
khz_band_2.5_4.5_noise.wav,5.000000037252903,10.000000298023224,11.17922455072403,14.235776960849762
khz_band_2.5_4.5_noise.wav,5.000000037252903,20.000000596046448,17.989846765995026,19.437854290008545
khz_band_2.5_4.5_noise.wav,30.00000089406967,30.0,36.34468853473663,41.2030827999115
khz_band_2.5_4.5_noise.wav,74.99999821186066,60.0,62.3978590965271,32.78611779212952
khz_band_2.5_4.5_noise.wav,5.000000037252903,10.000000298023224,21.933903694152832,24.746721982955933
khz_band_2.5_4.5_noise.wav,20.000000149011612,10.000000298023224,31.149410605430603,27.723392844200134
khz_band_2.5_4.5_noise.wav,84.99999761581421,10.000000298023224,57.264888882637024,26.452181339263916
khz_band_2.5_4.5_noise.wav,80.00000059604645,40.000001192092896,55.4759681224823,23.023946285247803
khz_band_2.5_4.5_noise.wav,84.99999761581421,20.000000596046448,63.24695527553558,31.719188690185547
khz_band_2.5_4.5_noise.wav,35.00000059604645,10.000000298023224,47.91889786720276,28.969507813453674
khz_band_2.5_4.5_noise.wav,90.0,20.000000596046448,63.15299212932587,18.39983582496643
khz_band_2.5_4.5_noise.wav,80.00000059604645,30.0,54.04252052307129,26.65559470653534
khz_band_2.5_4.5_noise.wav,35.00000059604645,20.000000596046448,41.28941863775253,22.153603434562683
khz_band_2.5_4.5_noise.wav,25.000001192092896,60.0,29.30357336997986,37.06348657608032
khz_band_2.5_4.5_noise.wav,64.9999988079071,30.0,53.61959517002106,25.978317260742188
khz_band_2.5_4.5_noise.wav,74.99999821186066,0.0,52.616910338401794,25.930575728416443
khz_band_2.5_4.5_noise.wav,15.000000447034836,30.0,21.563461124897003,31.450341939926147
khz_band_2.5_4.5_noise.wav,10.000000074505806,60.0,24.170123040676117,42.33616590499878
khz_band_2.5_4.5_noise.wav,45.0,30.0,53.56886386871338,35.73985934257507
khz_band_2.5_4.5_noise.wav,50.00000238418579,40.000001192092896,44.17170166969299,30.511962175369263
khz_band_2.5_4.5_noise.wav,50.00000238418579,0.0,48.92283797264099,23.946025371551514
khz_band_2.5_4.5_noise.wav,50.00000238418579,10.000000298023224,52.26527810096741,19.159035086631775
khz_band_2.5_4.5_noise.wav,74.99999821186066,40.000001192092896,55.83829164505005,28.164281845092773
khz_band_2.5_4.5_noise.wav,80.00000059604645,20.000000596046448,59.20527398586273,25.76095461845398
khz_band_2.5_4.5_noise.wav,35.00000059604645,10.000000298023224,35.68800866603851,25.289340019226074
khz_band_2.5_4.5_noise.wav,45.0,60.0,42.185150384902954,41.36626482009888
khz_band_2.5_4.5_noise.wav,10.000000074505806,40.000001192092896,19.50114816427231,43.42531442642212
khz_band_2.5_4.5_noise.wav,15.000000447034836,30.0,27.399285435676575,29.93067741394043
khz_band_2.5_4.5_noise.wav,20.000000149011612,30.0,30.53752362728119,29.437812566757202
khz_band_2.5_4.5_noise.wav,80.00000059604645,40.000001192092896,53.98365139961243,26.091375946998596
khz_band_2.5_4.5_noise.wav,45.0,40.000001192092896,55.60354471206665,37.206666469573975
khz_band_2.5_4.5_noise.wav,5.000000037252903,40.000001192092896,12.16275304555893,15.639272332191467
khz_band_2.5_4.5_noise.wav,80.00000059604645,10.000000298023224,56.72598481178284,24.18784260749817
khz_band_2.5_4.5_noise.wav,70.0000011920929,40.000001192092896,51.49415373802185,22.067259550094604
khz_band_2.5_4.5_noise.wav,10.000000074505806,40.000001192092896,18.14764380455017,44.731467962265015
khz_band_2.5_4.5_noise.wav,80.00000059604645,20.000000596046448,53.412630558013916,28.996644616127014
khz_band_2.5_4.5_noise.wav,70.0000011920929,10.000000298023224,56.623889207839966,19.331610202789307
khz_band_2.5_4.5_noise.wav,35.00000059604645,30.0,39.89041328430176,26.393280029296875
khz_band_2.5_4.5_noise.wav,64.9999988079071,20.000000596046448,48.86910259723663,24.821029901504517
khz_band_2.5_4.5_noise.wav,80.00000059604645,20.000000596046448,62.3426216840744,26.323120594024658
khz_band_2.5_4.5_noise.wav,84.99999761581421,40.000001192092896,56.2484335899353,29.816501140594482
khz_band_2.5_4.5_noise.wav,90.0,60.0,66.03156566619873,31.247366666793823
khz_band_2.5_4.5_noise.wav,30.00000089406967,20.000000596046448,38.40476989746094,20.19610047340393
khz_band_2.5_4.5_noise.wav,35.00000059604645,49.999998807907104,34.204586148262024,34.36373233795166
khz_band_2.5_4.5_noise.wav,70.0000011920929,60.0,55.22679090499878,30.023860931396484
khz_band_2.5_4.5_noise.wav,60.00000178813934,20.000000596046448,45.73202848434448,28.55013906955719
khz_band_2.5_4.5_noise.wav,20.000000149011612,20.000000596046448,30.156923532485962,28.22618007659912
khz_band_2.5_4.5_noise.wav,40.000000298023224,60.0,47.096237540245056,31.45900011062622
khz_band_2.5_4.5_noise.wav,45.0,60.0,49.45987522602081,26.77187204360962
khz_band_2.5_4.5_noise.wav,45.0,30.0,53.14984917640686,35.14402985572815
khz_band_2.5_4.5_noise.wav,10.000000074505806,0.0,19.6615469455719,45.64076900482178
khz_band_2.5_4.5_noise.wav,50.00000238418579,10.000000298023224,48.099512457847595,25.63216745853424
khz_band_2.5_4.5_noise.wav,25.000001192092896,49.999998807907104,31.910034120082855,39.65174317359924
khz_band_2.5_4.5_noise.wav,0.0,0.0,17.022424936294556,29.79262948036194
khz_band_2.5_4.5_noise.wav,80.00000059604645,20.000000596046448,59.5104718208313,23.734320402145386
khz_band_2.5_4.5_noise.wav,54.99999940395355,40.000001192092896,54.8003089427948,36.92713022232056
khz_band_2.5_4.5_noise.wav,20.000000149011612,60.0,28.144303858280182,34.41760182380676
khz_band_2.5_4.5_noise.wav,35.00000059604645,0.0,42.742180824279785,28.250713348388672
khz_band_2.5_4.5_noise.wav,90.0,60.0,62.071412801742554,31.823140382766724
khz_band_2.5_4.5_noise.wav,40.000000298023224,20.000000596046448,43.74422460794449,22.610573172569275
khz_band_2.5_4.5_noise.wav,50.00000238418579,49.999998807907104,40.63804417848587,36.502933502197266
khz_band_2.5_4.5_noise.wav,30.00000089406967,20.000000596046448,39.14869666099548,21.634002327919006
khz_band_2.5_4.5_noise.wav,5.000000037252903,20.000000596046448,16.178792417049408,28.51656138896942
khz_band_2.5_4.5_noise.wav,15.000000447034836,0.0,25.854429602622986,19.30473804473877
khz_band_2.5_4.5_noise.wav,54.99999940395355,40.000001192092896,55.479589104652405,35.56340575218201
khz_band_2.5_4.5_noise.wav,60.00000178813934,20.000000596046448,48.18811118602753,25.83008050918579
khz_band_2.5_4.5_noise.wav,40.000000298023224,0.0,44.37496483325958,32.19570279121399
khz_band_2.5_4.5_noise.wav,60.00000178813934,20.000000596046448,50.066547989845276,32.29989051818848
khz_band_2.5_4.5_noise.wav,10.000000074505806,30.0,24.609069228172302,29.822680950164795
khz_band_2.5_4.5_noise.wav,10.000000074505806,49.999998807907104,18.06735187768936,45.278213024139404
khz_band_2.5_4.5_noise.wav,54.99999940395355,10.000000298023224,51.77774906158447,28.245567083358765
khz_band_2.5_4.5_noise.wav,54.99999940395355,20.000000596046448,49.36907172203064,21.14786982536316
khz_band_2.5_4.5_noise.wav,10.000000074505806,40.000001192092896,24.431139528751373,39.545252323150635
khz_band_2.5_4.5_noise.wav,35.00000059604645,49.999998807907104,35.41587978601456,32.75198221206665
khz_band_2.5_4.5_noise.wav,54.99999940395355,49.999998807907104,38.689717054367065,36.00171089172363
khz_band_2.5_4.5_noise.wav,40.000000298023224,0.0,47.44545578956604,21.58884823322296
khz_band_2.5_4.5_noise.wav,10.000000074505806,20.000000596046448,20.255802422761917,41.65551781654358
khz_band_2.5_4.5_noise.wav,70.0000011920929,60.0,56.82271599769592,30.83542227745056
khz_band_2.5_4.5_noise.wav,20.000000149011612,60.0,31.812109351158142,36.912217140197754
khz_band_2.5_4.5_noise.wav,5.000000037252903,49.999998807907104,23.441530466079712,32.99678564071655
khz_band_2.5_4.5_noise.wav,5.000000037252903,40.000001192092896,18.702182471752167,29.069688320159912
khz_band_2.5_4.5_noise.wav,35.00000059604645,60.0,46.258299350738525,31.437842845916748
khz_band_2.5_4.5_noise.wav,15.000000447034836,10.000000298023224,26.738163828849792,22.877730131149292
khz_band_2.5_4.5_noise.wav,84.99999761581421,0.0,65.67039012908936,17.849514484405518
khz_band_2.5_4.5_noise.wav,74.99999821186066,49.999998807907104,46.40130400657654,32.81206011772156
khz_band_2.5_4.5_noise.wav,0.0,0.0,20.253560096025467,32.9132616519928
khz_band_lt_0.8_noise.wav,45.0,0.0,52.45605289936066,30.51873207092285
khz_band_lt_0.8_noise.wav,70.0000011920929,0.0,68.97348761558533,25.60393452644348
khz_band_lt_0.8_noise.wav,45.0,10.000000298023224,50.74265778064728,29.0566349029541
khz_band_lt_0.8_noise.wav,0.0,20.000000596046448,33.91846686601639,28.783087134361267
khz_band_lt_0.8_noise.wav,30.00000089406967,0.0,43.99930000305176,28.451297879219055
khz_band_lt_0.8_noise.wav,70.0000011920929,30.0,55.827916860580444,29.355754852294922
khz_band_lt_0.8_noise.wav,50.00000238418579,20.000000596046448,54.95543718338013,27.164164781570435
khz_band_lt_0.8_noise.wav,15.000000447034836,49.999998807907104,28.91398787498474,28.389776945114136
khz_band_lt_0.8_noise.wav,0.0,40.000001192092896,32.162368297576904,28.98826539516449
khz_band_lt_0.8_noise.wav,5.000000037252903,49.999998807907104,33.568623661994934,29.108054637908936
khz_band_lt_0.8_noise.wav,80.00000059604645,60.0,63.31004619598389,30.626596212387085
khz_band_lt_0.8_noise.wav,54.99999940395355,40.000001192092896,46.55039191246033,29.645018577575684
khz_band_lt_0.8_noise.wav,45.0,40.000001192092896,55.42274236679077,26.691402196884155
khz_band_lt_0.8_noise.wav,40.000000298023224,49.999998807907104,51.0742324590683,28.266404271125793
khz_band_lt_0.8_noise.wav,35.00000059604645,49.999998807907104,44.57623511552811,29.634531140327454
khz_band_lt_0.8_noise.wav,20.000000149011612,49.999998807907104,32.12203860282898,30.031145811080933
khz_band_lt_0.8_noise.wav,60.00000178813934,49.999998807907104,52.83642768859863,27.223130464553833
khz_band_lt_0.8_noise.wav,25.000001192092896,49.999998807907104,28.69428813457489,23.297066688537598
khz_band_lt_0.8_noise.wav,84.99999761581421,20.000000596046448,42.375667691230774,25.80262005329132
khz_band_lt_0.8_noise.wav,64.9999988079071,40.000001192092896,47.84146249294281,28.561517000198364
khz_band_lt_0.8_noise.wav,5.000000037252903,60.0,33.55367839336395,29.717686772346497
khz_band_lt_0.8_noise.wav,15.000000447034836,40.000001192092896,32.56055295467377,19.155004620552063
khz_band_lt_0.8_noise.wav,25.000001192092896,30.0,44.69316869974136,28.729605674743652
khz_band_lt_0.8_noise.wav,30.00000089406967,49.999998807907104,24.438963532447815,26.829782724380493
khz_band_lt_0.8_noise.wav,50.00000238418579,30.0,48.03772509098053,28.87912631034851
khz_band_lt_0.8_noise.wav,80.00000059604645,0.0,65.27556896209717,26.945595145225525
khz_band_lt_0.8_noise.wav,64.9999988079071,49.999998807907104,54.14861798286438,29.60572063922882
khz_band_lt_0.8_noise.wav,54.99999940395355,60.0,54.03968811035156,30.68447470664978
khz_band_lt_0.8_noise.wav,64.9999988079071,60.0,57.79558539390564,29.425193667411804
khz_band_lt_0.8_noise.wav,45.0,60.0,46.99098229408264,26.67660892009735
khz_band_lt_0.8_noise.wav,25.000001192092896,49.999998807907104,27.407814860343933,18.65065097808838
khz_band_lt_0.8_noise.wav,20.000000149011612,0.0,24.4161057472229,28.335903882980347
khz_band_lt_0.8_noise.wav,50.00000238418579,49.999998807907104,53.938965797424316,26.400203704833984
khz_band_lt_0.8_noise.wav,80.00000059604645,40.000001192092896,58.87103319168091,29.632344245910645
khz_band_lt_0.8_noise.wav,35.00000059604645,40.000001192092896,43.608000576496124,29.352523684501648
khz_band_lt_0.8_noise.wav,35.00000059604645,60.0,38.471599817276,28.004037737846375
khz_band_lt_0.8_noise.wav,30.00000089406967,40.000001192092896,46.98752224445343,27.980069518089294
khz_band_lt_0.8_noise.wav,60.00000178813934,0.0,51.84975028038025,28.7665057182312
khz_band_lt_0.8_noise.wav,74.99999821186066,40.000001192092896,52.633888721466064,29.76024627685547
khz_band_lt_0.8_noise.wav,84.99999761581421,40.000001192092896,59.14387285709381,29.601073265075684
khz_band_lt_0.8_noise.wav,60.00000178813934,20.000000596046448,65.14443039894104,27.740192413330078
khz_band_lt_0.8_noise.wav,35.00000059604645,0.0,38.46443027257919,25.842318534851074
khz_band_lt_0.8_noise.wav,64.9999988079071,60.0,53.450095653533936,25.27531385421753
khz_band_lt_0.8_noise.wav,70.0000011920929,40.000001192092896,58.031625151634216,27.789064049720764
khz_band_lt_0.8_noise.wav,54.99999940395355,20.000000596046448,63.9845734834671,28.327553272247314
khz_band_lt_0.8_noise.wav,25.000001192092896,20.000000596046448,31.506324112415314,25.052801370620728
khz_band_lt_0.8_noise.wav,10.000000074505806,30.0,28.336379528045654,31.66040539741516
khz_band_lt_0.8_noise.wav,20.000000149011612,0.0,41.283110082149506,27.535661458969116
khz_band_lt_0.8_noise.wav,10.000000074505806,20.000000596046448,38.44860523939133,27.6732337474823
khz_band_lt_0.8_noise.wav,5.000000037252903,60.0,28.565316796302795,25.657771825790405
khz_band_lt_0.8_noise.wav,90.0,0.0,68.07969510555267,25.30613422393799
khz_band_lt_0.8_noise.wav,64.9999988079071,10.000000298023224,66.7545336484909,24.937942028045654
khz_band_lt_0.8_noise.wav,54.99999940395355,60.0,52.507315278053284,28.699829578399658
khz_band_lt_0.8_noise.wav,30.00000089406967,20.000000596046448,40.30382215976715,26.781134605407715
khz_band_lt_0.8_noise.wav,60.00000178813934,60.0,50.959975719451904,30.850110054016113
khz_band_lt_0.8_noise.wav,20.000000149011612,49.999998807907104,32.95879662036896,22.081891894340515
khz_band_lt_0.8_noise.wav,0.0,30.0,23.558592796325684,37.370678186416626
khz_band_lt_0.8_noise.wav,0.0,40.000001192092896,26.84014141559601,30.647342205047607
khz_band_lt_0.8_noise.wav,35.00000059604645,10.000000298023224,43.53875935077667,28.820194602012634
khz_band_lt_0.8_noise.wav,54.99999940395355,20.000000596046448,59.67169940471649,30.292303562164307
khz_band_lt_0.8_noise.wav,10.000000074505806,30.0,40.96593350172043,29.433889389038086
khz_band_lt_0.8_noise.wav,0.0,20.000000596046448,31.172375679016113,30.680594444274902
khz_band_lt_0.8_noise.wav,45.0,49.999998807907104,45.66349804401398,28.22422742843628
khz_band_lt_0.8_noise.wav,74.99999821186066,40.000001192092896,51.013641357421875,26.50567352771759
khz_band_lt_0.8_noise.wav,20.000000149011612,20.000000596046448,32.32666701078415,28.40951979160309
khz_band_lt_0.8_noise.wav,90.0,0.0,61.85758709907532,26.17342472076416
khz_band_lt_0.8_noise.wav,40.000000298023224,40.000001192092896,39.86572086811066,28.26100766658783
khz_band_lt_0.8_noise.wav,64.9999988079071,10.000000298023224,65.7946515083313,29.74425494670868
khz_band_lt_0.8_noise.wav,64.9999988079071,60.0,55.941980481147766,29.982876777648926
khz_band_lt_0.8_noise.wav,0.0,10.000000298023224,28.581249117851257,29.46003556251526
khz_band_lt_0.8_noise.wav,15.000000447034836,40.000001192092896,24.292616844177246,26.873635053634644
khz_band_lt_0.8_noise.wav,50.00000238418579,0.0,61.971725821495056,27.144647240638733
khz_band_lt_0.8_noise.wav,20.000000149011612,20.000000596046448,30.48601984977722,27.55862832069397
khz_band_lt_0.8_noise.wav,74.99999821186066,60.0,55.76128005981445,30.96108913421631
khz_band_lt_0.8_noise.wav,15.000000447034836,10.000000298023224,21.903968900442123,19.23791527748108
khz_band_lt_0.8_noise.wav,40.000000298023224,30.0,45.82843780517578,21.960729360580444
khz_band_lt_0.8_noise.wav,60.00000178813934,20.000000596046448,56.543744802474976,27.56593644618988
khz_band_lt_0.8_noise.wav,70.0000011920929,40.000001192092896,45.55135488510132,28.648627996444702
khz_band_lt_0.8_noise.wav,80.00000059604645,49.999998807907104,64.82700705528259,30.635322332382202
khz_band_lt_0.8_noise.wav,84.99999761581421,20.000000596046448,62.51153111457825,26.273553371429443
khz_band_lt_0.8_noise.wav,80.00000059604645,0.0,42.493717074394226,29.44431960582733
khz_band_lt_0.8_noise.wav,50.00000238418579,30.0,44.73789721727371,29.435582756996155
khz_band_lt_0.8_noise.wav,45.0,10.000000298023224,42.174405455589294,27.54293918609619
khz_band_lt_0.8_noise.wav,30.00000089406967,40.000001192092896,35.5781614780426,28.562641739845276
khz_band_lt_0.8_noise.wav,84.99999761581421,0.0,64.95584964752197,28.557103872299194
khz_band_lt_0.8_noise.wav,35.00000059604645,49.999998807907104,48.58677327632904,30.031099319458008
khz_band_lt_0.8_noise.wav,15.000000447034836,10.000000298023224,27.131407856941223,26.78538143634796
khz_band_lt_0.8_noise.wav,74.99999821186066,60.0,62.0362651348114,27.623316049575806
khz_band_lt_0.8_noise.wav,54.99999940395355,20.000000596046448,59.257646799087524,27.995699644088745
khz_band_lt_0.8_noise.wav,54.99999940395355,49.999998807907104,49.08861458301544,30.023378133773804
khz_band_lt_0.8_noise.wav,5.000000037252903,49.999998807907104,21.4445923268795,29.80544149875641
khz_band_lt_0.8_noise.wav,50.00000238418579,20.000000596046448,50.10241985321045,28.351580500602722
khz_band_lt_0.8_noise.wav,10.000000074505806,40.000001192092896,32.377856969833374,31.0215961933136
khz_band_lt_0.8_noise.wav,35.00000059604645,40.000001192092896,38.46518397331238,28.370023369789124
khz_band_lt_0.8_noise.wav,45.0,10.000000298023224,39.0255269408226,28.457069993019104
khz_band_lt_0.8_noise.wav,35.00000059604645,30.0,35.614459812641144,27.04454004764557
khz_band_lt_0.8_noise.wav,74.99999821186066,10.000000298023224,66.20257794857025,25.28032958507538
khz_band_lt_0.8_noise.wav,40.000000298023224,49.999998807907104,41.27590298652649,26.698594093322754
khz_band_lt_0.8_noise.wav,84.99999761581421,10.000000298023224,67.84094095230103,23.177368640899658
khz_band_lt_0.8_noise.wav,80.00000059604645,60.0,65.84346771240234,21.148524284362793
khz_band_lt_0.8_noise.wav,40.000000298023224,0.0,43.27642858028412,27.373729348182678
khz_band_lt_0.8_noise.wav,84.99999761581421,20.000000596046448,65.86571931838989,30.247271060943604
khz_band_lt_0.8_noise.wav,60.00000178813934,60.0,63.0388480424881,28.152446150779724
khz_band_lt_0.8_noise.wav,35.00000059604645,40.000001192092896,35.45223981142044,25.20830512046814
khz_band_lt_0.8_noise.wav,30.00000089406967,40.000001192092896,41.656908094882965,29.680373668670654
khz_band_lt_0.8_noise.wav,15.000000447034836,20.000000596046448,26.77828699350357,20.8656907081604
khz_band_lt_0.8_noise.wav,25.000001192092896,10.000000298023224,32.56078898906708,25.63118040561676
khz_band_lt_0.8_noise.wav,45.0,40.000001192092896,36.189718544483185,31.748839616775513
khz_band_lt_0.8_noise.wav,54.99999940395355,40.000001192092896,39.884611666202545,28.79800021648407
khz_band_lt_0.8_noise.wav,60.00000178813934,10.000000298023224,61.46597921848297,26.815136075019836
khz_band_lt_0.8_noise.wav,84.99999761581421,30.0,76.51363849639893,18.798547983169556
khz_band_lt_0.8_noise.wav,30.00000089406967,40.000001192092896,41.98940008878708,30.677812099456787
khz_band_lt_0.8_noise.wav,84.99999761581421,0.0,57.446372509002686,28.775389194488525
khz_band_lt_0.8_noise.wav,35.00000059604645,49.999998807907104,45.373889207839966,28.25294852256775
khz_band_lt_0.8_noise.wav,70.0000011920929,10.000000298023224,54.6244740486145,27.89948344230652
khz_band_lt_0.8_noise.wav,20.000000149011612,40.000001192092896,29.02337372303009,23.550276160240173
khz_band_lt_0.8_noise.wav,80.00000059604645,40.000001192092896,48.00280272960663,28.143823742866516
khz_band_lt_0.8_noise.wav,70.0000011920929,20.000000596046448,49.07241940498352,29.831945300102234
khz_band_lt_0.8_noise.wav,50.00000238418579,0.0,56.44707798957825,25.455463528633118
khz_band_lt_0.8_noise.wav,25.000001192092896,60.0,35.72741836309433,29.87286150455475
khz_band_lt_0.8_noise.wav,54.99999940395355,0.0,55.13187289237976,28.237443566322327
khz_band_lt_0.8_noise.wav,80.00000059604645,10.000000298023224,63.539294600486755,24.52599585056305
khz_band_lt_0.8_noise.wav,80.00000059604645,40.000001192092896,30.917903780937195,28.2902330160141
khz_band_lt_0.8_noise.wav,74.99999821186066,0.0,61.82078719139099,30.015685558319092
khz_band_lt_0.8_noise.wav,10.000000074505806,40.000001192092896,23.994510769844055,28.42588484287262
khz_band_lt_0.8_noise.wav,25.000001192092896,40.000001192092896,32.251728773117065,25.498167872428894
khz_band_lt_0.8_noise.wav,80.00000059604645,30.0,57.98287868499756,29.302777647972107
khz_band_lt_0.8_noise.wav,50.00000238418579,20.000000596046448,51.44946277141571,27.33214259147644
band_8_noise.wav,80.00000059604645,0.0,41.919845044612885,28.315329551696777
band_8_noise.wav,50.00000238418579,49.999998807907104,41.99169874191284,28.328211307525635
band_8_noise.wav,5.000000037252903,30.0,42.06469774246216,28.349860310554504
band_8_noise.wav,70.0000011920929,20.000000596046448,41.96602463722229,28.32397699356079
band_8_noise.wav,70.0000011920929,49.999998807907104,41.90727084875107,28.31576406955719
band_8_noise.wav,30.00000089406967,60.0,42.016611099243164,28.33189845085144
band_8_noise.wav,54.99999940395355,0.0,41.95433020591736,28.325021266937256
band_8_noise.wav,0.0,10.000000298023224,41.95558547973633,28.314095735549927
band_8_noise.wav,64.9999988079071,60.0,41.934050023555756,28.314839601516724
band_8_noise.wav,80.00000059604645,20.000000596046448,41.97970122098923,28.329411149024963
band_8_noise.wav,84.99999761581421,20.000000596046448,41.97488933801651,28.332383036613464
band_8_noise.wav,0.0,60.0,42.00914114713669,28.329849243164062
band_8_noise.wav,35.00000059604645,0.0,41.9810289144516,28.32000195980072
band_8_noise.wav,40.000000298023224,10.000000298023224,41.900822818279266,28.315987586975098
band_8_noise.wav,74.99999821186066,30.0,41.96049124002457,28.326217532157898
band_8_noise.wav,30.00000089406967,10.000000298023224,42.02238857746124,28.337997794151306
band_8_noise.wav,10.000000074505806,60.0,42.00810581445694,28.33221673965454
band_8_noise.wav,80.00000059604645,0.0,41.90343797206879,28.31589639186859
band_8_noise.wav,84.99999761581421,49.999998807907104,41.934280693531036,28.314830660820007
band_8_noise.wav,74.99999821186066,10.000000298023224,41.95043295621872,28.318195939064026
band_8_noise.wav,74.99999821186066,40.000001192092896,41.906227469444275,28.321661353111267
band_8_noise.wav,10.000000074505806,60.0,42.05065906047821,28.34984600543976
band_8_noise.wav,54.99999940395355,40.000001192092896,41.94154679775238,28.31979990005493
band_8_noise.wav,25.000001192092896,40.000001192092896,41.916205286979675,28.31545650959015
band_8_noise.wav,20.000000149011612,10.000000298023224,41.9976532459259,28.334757685661316
band_8_noise.wav,15.000000447034836,30.0,41.93979799747467,28.31464111804962
band_8_noise.wav,30.00000089406967,0.0,41.89231485128403,28.316280841827393
band_8_noise.wav,64.9999988079071,20.000000596046448,41.946779787540436,28.32315444946289
band_8_noise.wav,90.0,30.0,41.93930983543396,28.327767848968506
band_8_noise.wav,5.000000037252903,49.999998807907104,41.95565789937973,28.31409215927124
band_8_noise.wav,64.9999988079071,30.0,41.90115004777908,28.315976858139038
band_8_noise.wav,15.000000447034836,30.0,41.96469694375992,28.313781023025513
band_8_noise.wav,25.000001192092896,10.000000298023224,41.970506608486176,28.322802186012268
band_8_noise.wav,40.000000298023224,10.000000298023224,41.955671310424805,28.32069218158722
band_8_noise.wav,74.99999821186066,40.000001192092896,41.938523948192596,28.32479238510132
band_8_noise.wav,0.0,49.999998807907104,42.02712267637253,28.33625614643097
band_8_noise.wav,10.000000074505806,49.999998807907104,41.94638818502426,28.316141366958618
band_8_noise.wav,50.00000238418579,30.0,41.94772392511368,28.314367532730103
band_8_noise.wav,0.0,10.000000298023224,42.09925264120102,28.36349844932556
band_8_noise.wav,35.00000059604645,30.0,41.91550523042679,28.325788378715515
band_8_noise.wav,70.0000011920929,20.000000596046448,42.106832563877106,28.369170427322388
band_8_noise.wav,60.00000178813934,30.0,41.93385422229767,28.314846754074097
band_8_noise.wav,35.00000059604645,20.000000596046448,41.92953050136566,28.314995169639587
band_8_noise.wav,5.000000037252903,20.000000596046448,41.9458732008934,28.314430117607117
band_8_noise.wav,84.99999761581421,20.000000596046448,41.947935819625854,28.329613208770752
band_8_noise.wav,74.99999821186066,0.0,41.94361209869385,28.31450879573822
band_8_noise.wav,70.0000011920929,0.0,41.94697558879852,28.314392566680908
band_8_noise.wav,10.000000074505806,10.000000298023224,41.972370743751526,28.333978056907654
band_8_noise.wav,54.99999940395355,30.0,41.92875266075134,28.315021991729736
band_8_noise.wav,30.00000089406967,20.000000596046448,41.899994015693665,28.31601619720459
band_8_noise.wav,70.0000011920929,60.0,41.92471593618393,28.31516146659851
band_8_noise.wav,30.00000089406967,40.000001192092896,41.93436920642853,28.31691563129425
band_8_noise.wav,74.99999821186066,0.0,41.94719284772873,28.314385414123535
band_8_noise.wav,60.00000178813934,30.0,42.03045666217804,28.342514634132385
band_8_noise.wav,35.00000059604645,0.0,41.972123980522156,28.313523530960083
band_8_noise.wav,80.00000059604645,49.999998807907104,41.953297555446625,28.32710087299347
band_8_noise.wav,60.00000178813934,40.000001192092896,41.94598317146301,28.31705868244171
band_8_noise.wav,10.000000074505806,20.000000596046448,41.92413121461868,28.315181136131287
band_8_noise.wav,80.00000059604645,30.0,41.97646647691727,28.3233904838562
band_8_noise.wav,5.000000037252903,60.0,42.018349170684814,28.339707255363464
band_8_noise.wav,10.000000074505806,40.000001192092896,41.99774444103241,28.327379822731018
band_8_noise.wav,20.000000149011612,30.0,41.952299773693085,28.314208388328552
band_8_noise.wav,20.000000149011612,60.0,41.966164112091064,28.331041932106018
band_8_noise.wav,30.00000089406967,0.0,41.94447040557861,28.314478397369385
band_8_noise.wav,5.000000037252903,49.999998807907104,41.9568595290184,28.318904042243958
band_8_noise.wav,74.99999821186066,60.0,41.96702241897583,28.32485318183899
band_8_noise.wav,35.00000059604645,49.999998807907104,41.9373545050621,28.314725160598755
band_8_noise.wav,25.000001192092896,0.0,42.034659683704376,28.363049626350403
band_8_noise.wav,20.000000149011612,30.0,41.95523142814636,28.323885798454285
band_8_noise.wav,0.0,60.0,42.0745924115181,28.356251120567322
band_8_noise.wav,10.000000074505806,30.0,41.92564398050308,28.315129280090332
band_8_noise.wav,25.000001192092896,20.000000596046448,41.994107365608215,28.35209548473358
band_8_noise.wav,45.0,30.0,41.899583637714386,28.316030502319336
band_8_noise.wav,50.00000238418579,20.000000596046448,41.97949469089508,28.329033851623535
band_8_noise.wav,30.00000089406967,40.000001192092896,41.90726816654205,28.31576406955719
band_8_noise.wav,74.99999821186066,0.0,41.965665221214294,28.331578373908997
band_8_noise.wav,70.0000011920929,40.000001192092896,41.9891157746315,28.33244562149048
band_8_noise.wav,0.0,20.000000596046448,42.09614396095276,28.353551030158997
band_8_noise.wav,50.00000238418579,49.999998807907104,41.9438374042511,28.314501643180847
band_8_noise.wav,40.000000298023224,30.0,41.902965903282166,28.31591248512268
band_8_noise.wav,54.99999940395355,0.0,41.96653425693512,28.324533104896545
band_8_noise.wav,70.0000011920929,40.000001192092896,41.925711035728455,28.322516083717346
band_8_noise.wav,70.0000011920929,30.0,41.94880485534668,28.314329981803894
band_8_noise.wav,70.0000011920929,49.999998807907104,41.90289616584778,28.315916061401367
band_8_noise.wav,64.9999988079071,49.999998807907104,41.927722692489624,28.3150577545166
band_8_noise.wav,5.000000037252903,10.000000298023224,41.95107400417328,28.31425130367279
band_8_noise.wav,40.000000298023224,30.0,41.88033878803253,28.316815495491028
band_8_noise.wav,70.0000011920929,20.000000596046448,41.96658790111542,28.324116468429565
band_8_noise.wav,20.000000149011612,0.0,41.961175203323364,28.31559419631958
band_8_noise.wav,5.000000037252903,0.0,41.98362797498703,28.359099626541138
band_8_noise.wav,60.00000178813934,0.0,41.982281506061554,28.334383964538574
band_8_noise.wav,60.00000178813934,49.999998807907104,41.93831205368042,28.316933512687683
band_8_noise.wav,40.000000298023224,40.000001192092896,42.011075019836426,28.33289086818695
band_8_noise.wav,5.000000037252903,0.0,41.956926584243774,28.314049243927002
band_8_noise.wav,15.000000447034836,30.0,41.94065898656845,28.314610719680786
band_8_noise.wav,25.000001192092896,40.000001192092896,41.953917145729065,28.31415295600891
band_8_noise.wav,60.00000178813934,30.0,41.949521005153656,28.33179473876953
band_8_noise.wav,74.99999821186066,40.000001192092896,41.90051168203354,28.316030502319336
band_8_noise.wav,60.00000178813934,60.0,42.02747941017151,28.34859609603882
band_8_noise.wav,35.00000059604645,30.0,41.972150802612305,28.313523530960083
band_8_noise.wav,25.000001192092896,10.000000298023224,41.964782774448395,28.313777446746826
band_8_noise.wav,20.000000149011612,49.999998807907104,42.00973391532898,28.334879279136658
band_8_noise.wav,15.000000447034836,10.000000298023224,42.0375993847847,28.342639803886414
band_8_noise.wav,54.99999940395355,20.000000596046448,41.913743019104004,28.315540552139282
band_8_noise.wav,90.0,10.000000298023224,41.92862123250961,28.315027356147766
band_8_noise.wav,54.99999940395355,60.0,41.91991746425629,28.315327763557434
band_8_noise.wav,50.00000238418579,20.000000596046448,41.919077932834625,28.315356373786926
band_8_noise.wav,54.99999940395355,30.0,41.90508484840393,28.31584095954895
band_8_noise.wav,90.0,10.000000298023224,41.91254943609238,28.315581679344177
band_8_noise.wav,30.00000089406967,60.0,41.97005331516266,28.32017183303833
band_8_noise.wav,74.99999821186066,30.0,41.916956305503845,28.32026481628418
band_8_noise.wav,74.99999821186066,40.000001192092896,41.98181480169296,28.32874059677124
band_8_noise.wav,64.9999988079071,40.000001192092896,42.07585573196411,28.394359946250916
band_8_noise.wav,0.0,49.999998807907104,41.98163777589798,28.32176148891449
band_8_noise.wav,45.0,20.000000596046448,42.003433406353,28.342080116271973
band_8_noise.wav,60.00000178813934,40.000001192092896,41.95083796977997,28.314258456230164
band_8_noise.wav,80.00000059604645,10.000000298023224,41.90738081932068,28.315760493278503
band_8_noise.wav,74.99999821186066,60.0,41.92102253437042,28.315290212631226
band_8_noise.wav,5.000000037252903,40.000001192092896,42.05958008766174,28.35462212562561
band_8_noise.wav,30.00000089406967,0.0,41.92910134792328,28.315009474754333
band_8_noise.wav,40.000000298023224,0.0,41.92191570997238,28.315258026123047
band_8_noise.wav,10.000000074505806,40.000001192092896,41.960298120975494,28.314090371131897
band_8_noise.wav,40.000000298023224,49.999998807907104,41.934302151203156,28.314830660820007
band_8_noise.wav,90.0,40.000001192092896,42.02325493097305,28.344279527664185
band_8_noise.wav,10.000000074505806,20.000000596046448,41.93918913602829,28.314660787582397
band_8_noise.wav,64.9999988079071,30.0,41.91293030977249,28.315569162368774
band_8_noise.wav,74.99999821186066,10.000000298023224,41.93028688430786,28.31497013568878
band_8_noise.wav,20.000000149011612,30.0,42.05259829759598,28.338906168937683
band_8_noise.wav,0.0,60.0,41.99155122041702,28.34780752658844
band_8_noise.wav,10.000000074505806,40.000001192092896,41.8899866938591,28.31636130809784
band_8_noise.wav,70.0000011920929,10.000000298023224,41.92366182804108,28.31519901752472
band_8_noise.wav,25.000001192092896,49.999998807907104,41.97432070970535,28.324052095413208
band_8_noise.wav,45.0,20.000000596046448,41.91688388586044,28.315433263778687
band_8_noise.wav,20.000000149011612,0.0,41.962392926216125,28.32494616508484
band_8_noise.wav,74.99999821186066,20.000000596046448,41.93221539258957,28.314902186393738
band_6_noise.wav,70.0000011920929,60.0,46.698771715164185,29.23374652862549
band_6_noise.wav,5.000000037252903,49.999998807907104,26.808292865753174,29.723070859909058
band_6_noise.wav,20.000000149011612,60.0,30.979393422603607,26.867435574531555
band_6_noise.wav,50.00000238418579,0.0,41.59366965293884,25.417513847351074
band_6_noise.wav,70.0000011920929,49.999998807907104,52.830129861831665,25.375569462776184
band_6_noise.wav,20.000000149011612,60.0,29.533725678920746,34.51088190078735
band_6_noise.wav,74.99999821186066,20.000000596046448,52.11690902709961,31.155059337615967
band_6_noise.wav,40.000000298023224,30.0,43.29732030630112,29.678117036819458
band_6_noise.wav,80.00000059604645,49.999998807907104,51.81130349636078,27.969692945480347
band_6_noise.wav,54.99999940395355,0.0,40.620695650577545,23.02755117416382
band_6_noise.wav,0.0,49.999998807907104,24.905783236026764,29.519564509391785
band_6_noise.wav,70.0000011920929,49.999998807907104,53.11167061328888,25.871479511260986
band_6_noise.wav,35.00000059604645,0.0,30.150555968284607,27.095167636871338
band_6_noise.wav,84.99999761581421,20.000000596046448,51.554943323135376,29.329853653907776
band_6_noise.wav,50.00000238418579,20.000000596046448,45.16654908657074,23.831772208213806
band_6_noise.wav,74.99999821186066,30.0,52.34333574771881,26.931527853012085
band_6_noise.wav,45.0,60.0,37.29422003030777,27.288326025009155
band_6_noise.wav,64.9999988079071,40.000001192092896,50.01269459724426,29.033705592155457
band_6_noise.wav,60.00000178813934,30.0,45.11831223964691,27.337319254875183
band_6_noise.wav,84.99999761581421,30.0,50.47846019268036,29.06114101409912
band_6_noise.wav,90.0,49.999998807907104,45.20329535007477,30.068106651306152
band_6_noise.wav,70.0000011920929,40.000001192092896,44.570192098617554,20.76310157775879
band_6_noise.wav,50.00000238418579,30.0,40.39373517036438,29.69077706336975
band_6_noise.wav,20.000000149011612,40.000001192092896,32.59788930416107,27.251309752464294
band_6_noise.wav,40.000000298023224,10.000000298023224,45.3915810585022,29.717094898223877
band_6_noise.wav,54.99999940395355,30.0,48.11892092227936,26.138851046562195
band_6_noise.wav,25.000001192092896,60.0,43.326309621334076,22.828803062438965
band_6_noise.wav,54.99999940395355,49.999998807907104,42.00052857398987,28.696126341819763
band_6_noise.wav,60.00000178813934,0.0,45.085514187812805,25.211259126663208
band_6_noise.wav,0.0,30.0,25.18553227186203,29.699633717536926
band_6_noise.wav,15.000000447034836,10.000000298023224,31.345404982566833,30.54439902305603
band_6_noise.wav,10.000000074505806,49.999998807907104,28.954349756240845,28.549768924713135
band_6_noise.wav,5.000000037252903,40.000001192092896,30.29631793498993,23.65964949131012
band_6_noise.wav,0.0,49.999998807907104,35.50204038619995,31.53730273246765
band_6_noise.wav,70.0000011920929,0.0,47.7987402677536,27.56600797176361
band_6_noise.wav,80.00000059604645,49.999998807907104,49.764193296432495,28.09609293937683
band_6_noise.wav,70.0000011920929,0.0,43.42790633440018,28.338566422462463
band_6_noise.wav,20.000000149011612,20.000000596046448,29.735366106033325,23.029818534851074
band_6_noise.wav,30.00000089406967,49.999998807907104,39.922312796115875,28.000068068504333
band_6_noise.wav,84.99999761581421,40.000001192092896,52.656837701797485,26.017425656318665
band_6_noise.wav,35.00000059604645,49.999998807907104,39.047276973724365,28.147190809249878
band_6_noise.wav,50.00000238418579,30.0,49.287548661231995,31.243772506713867
band_6_noise.wav,80.00000059604645,30.0,51.4300811290741,27.20853567123413
band_6_noise.wav,50.00000238418579,60.0,48.958715200424194,25.974681973457336
band_6_noise.wav,64.9999988079071,20.000000596046448,42.54976183176041,27.986340522766113
band_6_noise.wav,54.99999940395355,40.000001192092896,51.158190965652466,32.561495304107666
band_6_noise.wav,70.0000011920929,30.0,47.111515402793884,27.543434500694275
band_6_noise.wav,64.9999988079071,20.000000596046448,42.35124886035919,28.310267329216003
band_6_noise.wav,64.9999988079071,30.0,43.39520752429962,20.371204018592834
band_6_noise.wav,50.00000238418579,10.000000298023224,42.98406511545181,26.301321387290955
band_6_noise.wav,45.0,40.000001192092896,44.864138066768646,31.47295832633972
band_6_noise.wav,25.000001192092896,20.000000596046448,37.107980847358704,26.169923543930054
band_6_noise.wav,25.000001192092896,60.0,42.39070415496826,30.171804428100586
band_6_noise.wav,45.0,20.000000596046448,49.24270212650299,25.534071922302246
band_6_noise.wav,35.00000059604645,60.0,37.8943133354187,30.71115732192993
band_6_noise.wav,5.000000037252903,49.999998807907104,28.64100605249405,24.806721210479736
band_6_noise.wav,30.00000089406967,10.000000298023224,44.89835500717163,26.129842400550842
band_6_noise.wav,35.00000059604645,60.0,46.53631031513214,31.643757820129395
band_6_noise.wav,35.00000059604645,40.000001192092896,36.560139656066895,24.47024703025818
band_6_noise.wav,40.000000298023224,20.000000596046448,49.34908926486969,29.458971619606018
band_6_noise.wav,54.99999940395355,10.000000298023224,44.041818380355835,25.934057235717773
band_6_noise.wav,84.99999761581421,30.0,49.981924295425415,29.6852445602417
band_6_noise.wav,35.00000059604645,30.0,33.405025005340576,27.675122022628784
band_6_noise.wav,45.0,40.000001192092896,50.5076265335083,27.610445022583008
band_6_noise.wav,30.00000089406967,60.0,43.236198127269745,28.986806273460388
band_6_noise.wav,64.9999988079071,60.0,42.35135346651077,28.758362531661987
band_6_noise.wav,45.0,30.0,38.71517926454544,28.746877312660217
band_6_noise.wav,5.000000037252903,60.0,28.785558342933655,32.16294765472412
band_6_noise.wav,45.0,49.999998807907104,49.16285812854767,29.342983961105347
band_6_noise.wav,70.0000011920929,60.0,49.580912590026855,26.72239065170288
band_6_noise.wav,50.00000238418579,20.000000596046448,42.47735023498535,27.592715620994568
band_6_noise.wav,30.00000089406967,20.000000596046448,43.756814897060394,24.540832042694092
band_6_noise.wav,20.000000149011612,30.0,30.903902649879456,28.587173223495483
band_6_noise.wav,30.00000089406967,49.999998807907104,38.67142975330353,28.174708485603333
band_6_noise.wav,80.00000059604645,10.000000298023224,45.65714120864868,26.12463355064392
band_6_noise.wav,5.000000037252903,40.000001192092896,33.10809642076492,24.67446506023407
band_6_noise.wav,74.99999821186066,49.999998807907104,51.50168538093567,26.349692344665527
band_6_noise.wav,74.99999821186066,40.000001192092896,44.52264994382858,26.11700713634491
band_6_noise.wav,45.0,60.0,40.22624731063843,28.501476645469666
band_6_noise.wav,50.00000238418579,20.000000596046448,42.37881928682327,23.12183976173401
band_6_noise.wav,60.00000178813934,60.0,45.40475606918335,27.322842478752136
band_6_noise.wav,80.00000059604645,0.0,47.94737219810486,28.425954580307007
band_6_noise.wav,54.99999940395355,10.000000298023224,39.784900546073914,26.095739006996155
band_6_noise.wav,54.99999940395355,40.000001192092896,49.65368092060089,30.479815006256104
band_6_noise.wav,84.99999761581421,20.000000596046448,55.27096152305603,31.208943128585815
band_6_noise.wav,80.00000059604645,10.000000298023224,46.163193583488464,26.416754722595215
band_6_noise.wav,60.00000178813934,30.0,39.16487842798233,25.48727810382843
band_6_noise.wav,74.99999821186066,60.0,51.585928201675415,31.897934675216675
band_6_noise.wav,45.0,40.000001192092896,45.72930872440338,32.612149715423584
band_6_noise.wav,35.00000059604645,20.000000596046448,36.31454050540924,27.286123037338257
band_6_noise.wav,74.99999821186066,30.0,50.19126534461975,28.83810818195343
band_6_noise.wav,50.00000238418579,49.999998807907104,49.055837988853455,29.580620527267456
band_6_noise.wav,70.0000011920929,20.000000596046448,45.1067841053009,23.80525231361389
band_6_noise.wav,10.000000074505806,0.0,30.656694173812866,28.17129671573639
band_6_noise.wav,45.0,10.000000298023224,43.60988348722458,30.3780198097229
band_6_noise.wav,35.00000059604645,30.0,43.16552996635437,29.04286801815033
band_6_noise.wav,25.000001192092896,49.999998807907104,39.8172453045845,27.081263065338135
band_6_noise.wav,74.99999821186066,30.0,50.08463680744171,27.908522486686707
band_6_noise.wav,20.000000149011612,49.999998807907104,30.16471266746521,26.317591667175293
band_6_noise.wav,20.000000149011612,30.0,31.267755031585693,28.24562430381775
band_6_noise.wav,80.00000059604645,40.000001192092896,52.31592893600464,25.804556608200073
band_6_noise.wav,40.000000298023224,40.000001192092896,43.47242295742035,26.11121356487274
band_6_noise.wav,5.000000037252903,40.000001192092896,29.110279977321625,19.91126775741577
band_6_noise.wav,20.000000149011612,60.0,29.764744341373444,28.467208743095398
band_6_noise.wav,45.0,30.0,43.689158856868744,28.86947751045227
band_6_noise.wav,20.000000149011612,49.999998807907104,30.726064145565033,25.725148916244507
band_6_noise.wav,30.00000089406967,40.000001192092896,41.007113456726074,24.192076921463013
band_6_noise.wav,45.0,49.999998807907104,48.270825147628784,28.632209300994873
band_6_noise.wav,74.99999821186066,49.999998807907104,46.38057053089142,29.510616660118103
band_6_noise.wav,54.99999940395355,49.999998807907104,38.30924570560455,27.99786865711212
band_6_noise.wav,45.0,0.0,42.756029069423676,30.04390597343445
band_6_noise.wav,25.000001192092896,20.000000596046448,33.74543488025665,26.92967712879181
band_6_noise.wav,20.000000149011612,10.000000298023224,31.521768271923065,26.44354283809662
band_6_noise.wav,20.000000149011612,10.000000298023224,31.741001307964325,28.4401935338974
band_6_noise.wav,84.99999761581421,60.0,50.103042125701904,31.333894729614258
band_6_noise.wav,5.000000037252903,20.000000596046448,28.03676337003708,20.080423951148987
band_6_noise.wav,54.99999940395355,49.999998807907104,48.1081759929657,28.66867482662201
band_6_noise.wav,60.00000178813934,60.0,46.78047716617584,23.6660635471344
band_6_noise.wav,40.000000298023224,0.0,44.77858364582062,23.964759707450867
band_6_noise.wav,84.99999761581421,40.000001192092896,47.82942473888397,26.762573719024658
band_6_noise.wav,35.00000059604645,49.999998807907104,44.18684273958206,27.637939453125
band_6_noise.wav,30.00000089406967,10.000000298023224,42.253200709819794,28.483770489692688
band_6_noise.wav,15.000000447034836,60.0,28.66608738899231,30.592639446258545
band_6_noise.wav,35.00000059604645,60.0,46.65597975254059,30.18584132194519
band_6_noise.wav,40.000000298023224,60.0,47.62306094169617,30.737063884735107
band_6_noise.wav,20.000000149011612,60.0,29.898970127105713,30.589492321014404
band_6_noise.wav,10.000000074505806,20.000000596046448,29.714868664741516,29.17239010334015
band_6_noise.wav,15.000000447034836,30.0,34.45606470108032,28.845890164375305
band_6_noise.wav,20.000000149011612,49.999998807907104,29.66729164123535,28.815459609031677
band_6_noise.wav,50.00000238418579,10.000000298023224,44.95670646429062,25.215927958488464
band_6_noise.wav,0.0,20.000000596046448,27.953848242759705,28.754155039787292
khz_band_4.5_8_noise.wav,10.000000074505806,49.999998807907104,41.00061446428299,28.386014699935913
khz_band_4.5_8_noise.wav,35.00000059604645,0.0,41.01159542798996,28.382488489151
khz_band_4.5_8_noise.wav,70.0000011920929,60.0,40.84899991750717,28.39573323726654
khz_band_4.5_8_noise.wav,45.0,10.000000298023224,40.827346444129944,28.401387333869934
khz_band_4.5_8_noise.wav,45.0,30.0,40.995711386203766,28.387116193771362
khz_band_4.5_8_noise.wav,40.000000298023224,49.999998807907104,41.0708749294281,28.3773010969162
khz_band_4.5_8_noise.wav,20.000000149011612,40.000001192092896,41.082368195056915,28.37204396724701
khz_band_4.5_8_noise.wav,60.00000178813934,60.0,40.99568992853165,28.384480476379395
khz_band_4.5_8_noise.wav,5.000000037252903,10.000000298023224,40.85901528596878,28.396310806274414
khz_band_4.5_8_noise.wav,5.000000037252903,60.0,40.67431837320328,28.414902091026306
khz_band_4.5_8_noise.wav,0.0,60.0,40.79085499048233,28.40387463569641
khz_band_4.5_8_noise.wav,64.9999988079071,20.000000596046448,40.99266171455383,28.383716940879822
khz_band_4.5_8_noise.wav,15.000000447034836,49.999998807907104,40.65097510814667,28.416688442230225
khz_band_4.5_8_noise.wav,20.000000149011612,30.0,40.738897919654846,28.405253291130066
khz_band_4.5_8_noise.wav,45.0,60.0,40.99221646785736,28.383927941322327
khz_band_4.5_8_noise.wav,84.99999761581421,20.000000596046448,40.8775332570076,28.392156958580017
khz_band_4.5_8_noise.wav,64.9999988079071,20.000000596046448,40.95836162567139,28.383012413978577
khz_band_4.5_8_noise.wav,64.9999988079071,30.0,41.03863209486008,28.374597430229187
khz_band_4.5_8_noise.wav,15.000000447034836,49.999998807907104,40.65607935190201,28.413087129592896
khz_band_4.5_8_noise.wav,40.000000298023224,60.0,41.01877301931381,28.383473753929138
khz_band_4.5_8_noise.wav,70.0000011920929,10.000000298023224,41.035177409648895,28.378331065177917
khz_band_4.5_8_noise.wav,60.00000178813934,20.000000596046448,40.949062407016754,28.38663160800934
khz_band_4.5_8_noise.wav,64.9999988079071,20.000000596046448,41.029931008815765,28.381129503250122
khz_band_4.5_8_noise.wav,74.99999821186066,30.0,40.98451852798462,28.384457230567932
khz_band_4.5_8_noise.wav,80.00000059604645,40.000001192092896,40.936772525310516,28.390769362449646
khz_band_4.5_8_noise.wav,35.00000059604645,10.000000298023224,41.03670358657837,28.379414677619934
khz_band_4.5_8_noise.wav,30.00000089406967,60.0,40.94384282827377,28.39052438735962
khz_band_4.5_8_noise.wav,84.99999761581421,49.999998807907104,41.04085028171539,28.379706144332886
khz_band_4.5_8_noise.wav,5.000000037252903,30.0,40.68178027868271,28.412745594978333
khz_band_4.5_8_noise.wav,10.000000074505806,60.0,40.67792594432831,28.414894938468933
khz_band_4.5_8_noise.wav,54.99999940395355,60.0,40.99120259284973,28.385812640190125
khz_band_4.5_8_noise.wav,60.00000178813934,20.000000596046448,40.96317082643509,28.387041091918945
khz_band_4.5_8_noise.wav,70.0000011920929,20.000000596046448,41.05657339096069,28.375287652015686
khz_band_4.5_8_noise.wav,45.0,60.0,41.06832146644592,28.38466465473175
khz_band_4.5_8_noise.wav,15.000000447034836,0.0,40.857515931129456,28.395472168922424
khz_band_4.5_8_noise.wav,60.00000178813934,20.000000596046448,41.051903665065765,28.3783757686615
khz_band_4.5_8_noise.wav,20.000000149011612,30.0,40.86700290441513,28.387582898139954
khz_band_4.5_8_noise.wav,5.000000037252903,30.0,40.64907610416412,28.41305136680603
khz_band_4.5_8_noise.wav,60.00000178813934,40.000001192092896,40.9953573346138,28.383849263191223
khz_band_4.5_8_noise.wav,80.00000059604645,0.0,41.01639926433563,28.38396906852722
khz_band_4.5_8_noise.wav,64.9999988079071,0.0,41.021087765693665,28.381224274635315
khz_band_4.5_8_noise.wav,20.000000149011612,30.0,40.7018056511879,28.409428596496582
khz_band_4.5_8_noise.wav,64.9999988079071,30.0,41.050055623054504,28.376355171203613
khz_band_4.5_8_noise.wav,80.00000059604645,60.0,40.922079384326935,28.388566374778748
khz_band_4.5_8_noise.wav,15.000000447034836,60.0,40.729040801525116,28.40896189212799
khz_band_4.5_8_noise.wav,15.000000447034836,10.000000298023224,40.86809456348419,28.397199511528015
khz_band_4.5_8_noise.wav,70.0000011920929,30.0,40.970646142959595,28.385642766952515
khz_band_4.5_8_noise.wav,30.00000089406967,40.000001192092896,40.90888291597366,28.394737243652344
khz_band_4.5_8_noise.wav,20.000000149011612,30.0,40.67868500947952,28.41500222682953
khz_band_4.5_8_noise.wav,20.000000149011612,49.999998807907104,40.58765351772308,28.42035412788391
khz_band_4.5_8_noise.wav,5.000000037252903,30.0,40.8114168047905,28.399536609649658
khz_band_4.5_8_noise.wav,0.0,49.999998807907104,40.76981842517853,28.406120538711548
khz_band_4.5_8_noise.wav,20.000000149011612,60.0,40.89745670557022,28.39287757873535
khz_band_4.5_8_noise.wav,25.000001192092896,60.0,40.96085071563721,28.387463092803955
khz_band_4.5_8_noise.wav,0.0,0.0,40.864165127277374,28.397310376167297
khz_band_4.5_8_noise.wav,45.0,40.000001192092896,40.97047448158264,28.388317823410034
khz_band_4.5_8_noise.wav,50.00000238418579,20.000000596046448,40.83293616771698,28.400625586509705
khz_band_4.5_8_noise.wav,64.9999988079071,0.0,40.90057611465454,28.390379548072815
khz_band_4.5_8_noise.wav,45.0,60.0,40.936316549777985,28.392741680145264
khz_band_4.5_8_noise.wav,30.00000089406967,49.999998807907104,40.899833142757416,28.39773952960968
khz_band_4.5_8_noise.wav,40.000000298023224,20.000000596046448,41.02967083454132,28.37914288043976
khz_band_4.5_8_noise.wav,45.0,20.000000596046448,41.0551518201828,28.380078077316284
khz_band_4.5_8_noise.wav,60.00000178813934,10.000000298023224,40.966756939888,28.386150598526
khz_band_4.5_8_noise.wav,64.9999988079071,20.000000596046448,41.01973593235016,28.381438851356506
khz_band_4.5_8_noise.wav,35.00000059604645,20.000000596046448,40.93029499053955,28.388668298721313
khz_band_4.5_8_noise.wav,10.000000074505806,60.0,40.78275740146637,28.404012322425842
khz_band_4.5_8_noise.wav,15.000000447034836,30.0,40.855877101421356,28.395525813102722
khz_band_4.5_8_noise.wav,15.000000447034836,60.0,40.70889741182327,28.404178619384766
khz_band_4.5_8_noise.wav,35.00000059604645,10.000000298023224,41.08568876981735,28.37444007396698
khz_band_4.5_8_noise.wav,74.99999821186066,10.000000298023224,41.021559834480286,28.380675315856934
khz_band_4.5_8_noise.wav,60.00000178813934,60.0,40.86109131574631,28.395078778266907
khz_band_4.5_8_noise.wav,5.000000037252903,30.0,40.80615699291229,28.40188980102539
khz_band_4.5_8_noise.wav,20.000000149011612,10.000000298023224,40.86468815803528,28.396700620651245
khz_band_4.5_8_noise.wav,40.000000298023224,40.000001192092896,40.93285381793976,28.385002613067627
khz_band_4.5_8_noise.wav,70.0000011920929,20.000000596046448,40.753902196884155,28.406217098236084
khz_band_4.5_8_noise.wav,90.0,60.0,40.982340574264526,28.385567665100098
khz_band_4.5_8_noise.wav,30.00000089406967,20.000000596046448,40.65773963928223,28.407359719276428
khz_band_4.5_8_noise.wav,15.000000447034836,49.999998807907104,40.79144239425659,28.401651978492737
khz_band_4.5_8_noise.wav,64.9999988079071,49.999998807907104,40.97219109535217,28.38486671447754
khz_band_4.5_8_noise.wav,84.99999761581421,49.999998807907104,40.983770191669464,28.38543713092804
khz_band_4.5_8_noise.wav,90.0,10.000000298023224,40.94081997871399,28.392067551612854
khz_band_4.5_8_noise.wav,50.00000238418579,49.999998807907104,41.097986698150635,28.3726304769516
khz_band_4.5_8_noise.wav,54.99999940395355,0.0,41.001598834991455,28.382897973060608
khz_band_4.5_8_noise.wav,84.99999761581421,60.0,41.024427115917206,28.38113307952881
khz_band_4.5_8_noise.wav,70.0000011920929,10.000000298023224,41.054178178310394,28.37620496749878
khz_band_4.5_8_noise.wav,80.00000059604645,40.000001192092896,40.931968688964844,28.387407660484314
khz_band_4.5_8_noise.wav,15.000000447034836,40.000001192092896,40.84071725606918,28.3995920419693
khz_band_4.5_8_noise.wav,0.0,20.000000596046448,40.93179702758789,28.376078009605408
khz_band_4.5_8_noise.wav,0.0,40.000001192092896,40.78117221593857,28.403098583221436
khz_band_4.5_8_noise.wav,35.00000059604645,40.000001192092896,40.693844854831696,28.404051661491394
khz_band_4.5_8_noise.wav,60.00000178813934,60.0,41.01764112710953,28.382692337036133
khz_band_4.5_8_noise.wav,25.000001192092896,49.999998807907104,40.94899266958237,28.388394713401794
khz_band_4.5_8_noise.wav,60.00000178813934,49.999998807907104,41.00251078605652,28.383423686027527
khz_band_4.5_8_noise.wav,10.000000074505806,49.999998807907104,40.642311573028564,28.4146249294281
khz_band_4.5_8_noise.wav,5.000000037252903,40.000001192092896,40.83872705698013,28.40147852897644
khz_band_4.5_8_noise.wav,64.9999988079071,20.000000596046448,40.79307317733765,28.39393436908722
khz_band_4.5_8_noise.wav,70.0000011920929,10.000000298023224,41.06825977563858,28.37581515312195
khz_band_4.5_8_noise.wav,40.000000298023224,10.000000298023224,40.980524718761444,28.383489847183228
khz_band_4.5_8_noise.wav,0.0,20.000000596046448,40.80947756767273,28.400752544403076
khz_band_4.5_8_noise.wav,0.0,60.0,40.758429765701294,28.40343475341797
khz_band_4.5_8_noise.wav,40.000000298023224,49.999998807907104,40.97409814596176,28.388180136680603
khz_band_4.5_8_noise.wav,15.000000447034836,49.999998807907104,40.739643573760986,28.40713620185852
khz_band_4.5_8_noise.wav,5.000000037252903,40.000001192092896,40.7614204287529,28.404382467269897
khz_band_4.5_8_noise.wav,80.00000059604645,0.0,41.01887226104736,28.381716012954712
khz_band_4.5_8_noise.wav,74.99999821186066,60.0,40.99629342556,28.38307499885559
khz_band_4.5_8_noise.wav,54.99999940395355,0.0,41.035823822021484,28.380516171455383
khz_band_4.5_8_noise.wav,74.99999821186066,49.999998807907104,40.79028367996216,28.399429321289062
khz_band_4.5_8_noise.wav,54.99999940395355,10.000000298023224,41.05159252882004,28.378295302391052
khz_band_4.5_8_noise.wav,74.99999821186066,30.0,40.982016026973724,28.38632047176361
khz_band_4.5_8_noise.wav,30.00000089406967,10.000000298023224,40.993857979774475,28.38761866092682
khz_band_4.5_8_noise.wav,20.000000149011612,40.000001192092896,40.91462820768356,28.393596410751343
khz_band_4.5_8_noise.wav,60.00000178813934,20.000000596046448,40.957691073417664,28.386093378067017
khz_band_4.5_8_noise.wav,64.9999988079071,40.000001192092896,40.93388378620148,28.38862180709839
khz_band_4.5_8_noise.wav,35.00000059604645,40.000001192092896,40.88905602693558,28.395597338676453
khz_band_4.5_8_noise.wav,64.9999988079071,60.0,40.82201421260834,28.39395046234131
khz_band_4.5_8_noise.wav,25.000001192092896,10.000000298023224,40.75802206993103,28.407089710235596
khz_band_4.5_8_noise.wav,20.000000149011612,10.000000298023224,40.81853806972504,28.399012684822083
khz_band_4.5_8_noise.wav,0.0,20.000000596046448,40.67719638347626,28.41520607471466
khz_band_4.5_8_noise.wav,35.00000059604645,60.0,40.95570892095566,28.385555148124695
khz_band_4.5_8_noise.wav,54.99999940395355,0.0,40.972641706466675,28.384534120559692
khz_band_4.5_8_noise.wav,30.00000089406967,40.000001192092896,40.87255239486694,28.396112322807312
khz_band_4.5_8_noise.wav,0.0,40.000001192092896,40.66492795944214,28.412840366363525
khz_band_4.5_8_noise.wav,50.00000238418579,30.0,41.04083150625229,28.3794504404068
khz_band_4.5_8_noise.wav,5.000000037252903,40.000001192092896,40.82840859889984,28.396244645118713
khz_band_4.5_8_noise.wav,0.0,0.0,40.644910633563995,28.415374159812927
khz_band_4.5_8_noise.wav,54.99999940395355,49.999998807907104,40.99310427904129,28.385285139083862
khz_band_4.5_8_noise.wav,74.99999821186066,40.000001192092896,40.97646653652191,28.379040956497192
khz_band_4.5_8_noise.wav,54.99999940395355,49.999998807907104,40.89731991291046,28.389161825180054
khz_band_4.5_8_noise.wav,20.000000149011612,10.000000298023224,40.94197601079941,28.391302227973938
khz_band_4.5_8_noise.wav,45.0,0.0,41.01011484861374,28.38321626186371
khz_band_4.5_8_noise.wav,80.00000059604645,0.0,41.02946162223816,28.379452228546143
khz_band_4.5_8_noise.wav,30.00000089406967,10.000000298023224,40.86191475391388,28.394928574562073
khz_band_4.5_8_noise.wav,70.0000011920929,40.000001192092896,41.00428372621536,28.381426334381104
khz_band_4.5_8_noise.wav,60.00000178813934,60.0,41.0158708691597,28.38208794593811
khz_band_4.5_8_noise.wav,50.00000238418579,40.000001192092896,40.92930793762207,28.39143991470337
khz_band_4.5_8_noise.wav,30.00000089406967,60.0,40.75333625078201,28.406887650489807
khz_band_4.5_8_noise.wav,64.9999988079071,0.0,40.962867736816406,28.384482264518738
khz_band_4.5_8_noise.wav,60.00000178813934,60.0,40.97319692373276,28.38471293449402
khz_band_4.5_8_noise.wav,30.00000089406967,10.000000298023224,40.631708800792694,28.418471217155457
khz_band_4.5_8_noise.wav,15.000000447034836,60.0,40.75894206762314,28.405625224113464
