filename,true_azim,true_elev,pred_azim,pred_elev
stim_88_harmonic.wav,40.000000298023224,40.000001192092896,39.86483037471771,34.14129137992859
stim_88_harmonic.wav,90.0,40.000001192092896,55.39511561393738,27.288238406181335
stim_88_harmonic.wav,54.99999940395355,10.000000298023224,59.19879913330078,33.62222671508789
stim_88_harmonic.wav,40.000000298023224,40.000001192092896,40.47543793916702,26.628747582435608
stim_88_harmonic.wav,0.0,30.0,22.769355475902557,26.340526342391968
stim_88_harmonic.wav,30.00000089406967,49.999998807907104,40.60086339712143,26.22881770133972
stim_88_harmonic.wav,84.99999761581421,10.000000298023224,41.82232528924942,25.591991543769836
stim_88_harmonic.wav,70.0000011920929,10.000000298023224,41.35008484125137,26.073904037475586
stim_88_harmonic.wav,60.00000178813934,30.0,40.85255652666092,26.160408854484558
stim_88_harmonic.wav,40.000000298023224,49.999998807907104,45.95276355743408,43.17991018295288
stim_88_harmonic.wav,40.000000298023224,40.000001192092896,41.24812871217728,26.116572618484497
stim_88_harmonic.wav,15.000000447034836,30.0,41.28002017736435,26.140413880348206
stim_88_harmonic.wav,40.000000298023224,49.999998807907104,48.5879909992218,41.593801975250244
stim_88_harmonic.wav,60.00000178813934,0.0,44.013470113277435,24.763038754463196
stim_88_harmonic.wav,45.0,49.999998807907104,40.810121297836304,33.433077335357666
stim_88_harmonic.wav,70.0000011920929,10.000000298023224,42.437967360019684,25.134302973747253
stim_88_harmonic.wav,25.000001192092896,20.000000596046448,40.20607978105545,26.393601894378662
stim_88_harmonic.wav,10.000000074505806,60.0,40.91878026723862,26.06484353542328
stim_88_harmonic.wav,35.00000059604645,60.0,41.852797865867615,25.852187275886536
stim_88_harmonic.wav,15.000000447034836,10.000000298023224,40.668669641017914,26.287670731544495
stim_88_harmonic.wav,5.000000037252903,20.000000596046448,40.81214100122452,26.13210439682007
stim_88_harmonic.wav,40.000000298023224,10.000000298023224,43.68419140577316,29.068561792373657
stim_88_harmonic.wav,70.0000011920929,10.000000298023224,55.76990067958832,21.292900443077087
stim_88_harmonic.wav,5.000000037252903,30.0,41.27325028181076,25.48328697681427
stim_88_harmonic.wav,10.000000074505806,10.000000298023224,21.63367599248886,30.969332456588745
stim_88_harmonic.wav,35.00000059604645,0.0,39.0678870677948,27.92831540107727
stim_88_harmonic.wav,10.000000074505806,30.0,33.737356066703796,27.497125267982483
stim_88_harmonic.wav,80.00000059604645,60.0,43.29439401626587,37.54728555679321
stim_88_harmonic.wav,84.99999761581421,40.000001192092896,58.61450672149658,28.104987144470215
stim_88_harmonic.wav,25.000001192092896,30.0,41.16787165403366,25.903396010398865
stim_88_harmonic.wav,0.0,49.999998807907104,40.55209547281265,26.163740158081055
stim_88_harmonic.wav,70.0000011920929,20.000000596046448,60.9726619720459,23.969895243644714
stim_88_harmonic.wav,54.99999940395355,49.999998807907104,40.875277519226074,26.101927757263184
stim_88_harmonic.wav,90.0,20.000000596046448,40.778001844882965,26.161633729934692
stim_88_harmonic.wav,40.000000298023224,60.0,41.009624004364014,26.103265285491943
stim_88_harmonic.wav,35.00000059604645,30.0,46.12736463546753,45.92709302902222
stim_88_harmonic.wav,54.99999940395355,20.000000596046448,41.286717653274536,26.085861325263977
stim_88_harmonic.wav,15.000000447034836,0.0,40.97896099090576,25.827738046646118
stim_88_harmonic.wav,74.99999821186066,20.000000596046448,41.46473586559296,26.08757972717285
stim_88_harmonic.wav,84.99999761581421,60.0,40.483860075473785,26.2556791305542
stim_88_harmonic.wav,64.9999988079071,20.000000596046448,57.71709322929382,19.15003538131714
stim_88_harmonic.wav,84.99999761581421,0.0,41.499009132385254,25.921499133110046
stim_88_harmonic.wav,45.0,0.0,47.61670410633087,33.36720585823059
stim_88_harmonic.wav,10.000000074505806,40.000001192092896,22.160177528858185,28.834351301193237
stim_88_harmonic.wav,64.9999988079071,0.0,58.88619303703308,19.76102650165558
stim_88_harmonic.wav,54.99999940395355,0.0,42.63870120048523,25.21025240421295
stim_88_harmonic.wav,90.0,60.0,48.837318420410156,38.210434913635254
stim_88_harmonic.wav,80.00000059604645,0.0,52.20620512962341,17.788574695587158
stim_88_harmonic.wav,40.000000298023224,49.999998807907104,40.72240233421326,26.12215518951416
stim_88_harmonic.wav,70.0000011920929,40.000001192092896,40.99642753601074,26.093435883522034
stim_88_harmonic.wav,80.00000059604645,49.999998807907104,41.31650894880295,25.832249522209167
stim_88_harmonic.wav,74.99999821186066,40.000001192092896,57.40058183670044,24.700534343719482
stim_88_harmonic.wav,70.0000011920929,0.0,51.120747327804565,21.03749692440033
stim_88_harmonic.wav,74.99999821186066,10.000000298023224,40.92365115880966,26.319926977157593
stim_88_harmonic.wav,70.0000011920929,10.000000298023224,53.13883066177368,18.011133670806885
stim_88_harmonic.wav,60.00000178813934,0.0,57.353273034095764,17.254452109336853
stim_88_harmonic.wav,45.0,0.0,41.389009058475494,25.935630798339844
stim_88_harmonic.wav,40.000000298023224,40.000001192092896,40.73910176753998,27.0097017288208
stim_88_harmonic.wav,0.0,40.000001192092896,41.19503706693649,26.10341191291809
stim_88_harmonic.wav,5.000000037252903,0.0,40.948389172554016,26.46125614643097
stim_88_harmonic.wav,84.99999761581421,60.0,54.080092906951904,46.16077423095703
stim_88_harmonic.wav,54.99999940395355,60.0,41.75911903381348,42.420616149902344
stim_88_harmonic.wav,5.000000037252903,10.000000298023224,40.83596706390381,26.24788999557495
stim_88_harmonic.wav,35.00000059604645,40.000001192092896,43.18584769964218,48.10290813446045
stim_88_harmonic.wav,60.00000178813934,30.0,40.78267693519592,26.21670663356781
stim_88_harmonic.wav,20.000000149011612,49.999998807907104,41.73926800489426,25.87745189666748
stim_88_harmonic.wav,60.00000178813934,20.000000596046448,41.2368768453598,26.020079255104065
stim_88_harmonic.wav,74.99999821186066,40.000001192092896,57.57608413696289,28.525800704956055
stim_88_harmonic.wav,15.000000447034836,40.000001192092896,40.70537567138672,26.156373023986816
stim_88_harmonic.wav,5.000000037252903,20.000000596046448,40.40200978517532,26.488121151924133
stim_88_harmonic.wav,10.000000074505806,0.0,40.92075705528259,26.301990151405334
stim_88_harmonic.wav,70.0000011920929,10.000000298023224,51.67677462100983,24.025150537490845
stim_88_harmonic.wav,70.0000011920929,49.999998807907104,41.061497926712036,26.127607226371765
stim_88_harmonic.wav,30.00000089406967,30.0,40.4936608672142,26.25112473964691
stim_88_harmonic.wav,54.99999940395355,0.0,57.70088195800781,17.03653872013092
stim_88_harmonic.wav,60.00000178813934,0.0,41.120047867298126,25.93279480934143
stim_88_harmonic.wav,70.0000011920929,49.999998807907104,55.59253692626953,37.12837100028992
stim_88_harmonic.wav,60.00000178813934,20.000000596046448,58.898590207099915,27.4617737531662
stim_88_harmonic.wav,20.000000149011612,30.0,40.77270179986954,26.13257646560669
stim_88_harmonic.wav,74.99999821186066,20.000000596046448,42.53877282142639,25.75241446495056
stim_88_harmonic.wav,70.0000011920929,60.0,40.37244647741318,26.302852034568787
stim_88_harmonic.wav,54.99999940395355,49.999998807907104,40.51433265209198,26.23769223690033
stim_88_harmonic.wav,80.00000059604645,10.000000298023224,53.053375482559204,22.468358874320984
stim_88_harmonic.wav,54.99999940395355,49.999998807907104,41.672741174697876,25.672025084495544
stim_88_harmonic.wav,70.0000011920929,0.0,40.82119345664978,26.111220717430115
stim_88_harmonic.wav,20.000000149011612,10.000000298023224,40.59339076280594,26.214997172355652
stim_88_harmonic.wav,25.000001192092896,40.000001192092896,39.749173521995544,27.218998074531555
stim_88_harmonic.wav,50.00000238418579,10.000000298023224,46.47846579551697,29.048902988433838
stim_88_harmonic.wav,70.0000011920929,60.0,40.365762412548065,26.341599225997925
stim_88_harmonic.wav,30.00000089406967,10.000000298023224,42.089376747608185,25.69396197795868
stim_88_harmonic.wav,45.0,10.000000298023224,50.29418170452118,24.905970096588135
stim_88_harmonic.wav,20.000000149011612,40.000001192092896,40.550150871276855,26.207774877548218
stim_88_harmonic.wav,35.00000059604645,30.0,40.7950097322464,36.61366939544678
stim_88_harmonic.wav,30.00000089406967,60.0,40.56884586811066,26.244344115257263
stim_88_harmonic.wav,84.99999761581421,20.000000596046448,59.9638831615448,19.13124918937683
stim_88_harmonic.wav,74.99999821186066,60.0,40.49017935991287,26.827953457832336
stim_88_harmonic.wav,54.99999940395355,20.000000596046448,41.22816503047943,26.07244312763214
stim_88_harmonic.wav,80.00000059604645,20.000000596046448,42.39681959152222,25.45255959033966
stim_88_harmonic.wav,25.000001192092896,49.999998807907104,40.5848103761673,26.186408400535583
stim_88_harmonic.wav,20.000000149011612,49.999998807907104,40.57156562805176,26.24268114566803
stim_88_harmonic.wav,90.0,20.000000596046448,61.778236627578735,20.50552010536194
stim_88_harmonic.wav,30.00000089406967,10.000000298023224,42.29109764099121,26.464528441429138
stim_88_harmonic.wav,74.99999821186066,20.000000596046448,41.28828138113022,26.238600611686707
stim_88_harmonic.wav,45.0,10.000000298023224,52.85324513912201,29.222522377967834
stim_88_harmonic.wav,30.00000089406967,0.0,40.60473918914795,26.177274584770203
stim_88_harmonic.wav,0.0,30.0,23.291101455688477,25.840932726860046
stim_88_harmonic.wav,15.000000447034836,10.000000298023224,40.32076299190521,26.509627103805542
stim_88_harmonic.wav,60.00000178813934,60.0,47.41182625293732,37.37558126449585
stim_88_harmonic.wav,74.99999821186066,0.0,42.61762171983719,25.361221432685852
stim_88_harmonic.wav,5.000000037252903,30.0,40.69249302148819,26.276289224624634
stim_88_harmonic.wav,20.000000149011612,20.000000596046448,40.773117542266846,26.949026584625244
stim_88_harmonic.wav,54.99999940395355,10.000000298023224,54.19533133506775,29.892715215682983
stim_85_harmonic.wav,90.0,0.0,40.98966836929321,26.38439655303955
stim_85_harmonic.wav,45.0,30.0,41.028817892074585,26.308093070983887
stim_85_harmonic.wav,60.00000178813934,10.000000298023224,42.744664549827576,25.508996844291687
stim_85_harmonic.wav,60.00000178813934,30.0,40.48004329204559,26.235215663909912
stim_85_harmonic.wav,10.000000074505806,40.000001192092896,28.23910117149353,34.40768122673035
stim_85_harmonic.wav,20.000000149011612,49.999998807907104,40.7914799451828,26.302480101585388
stim_85_harmonic.wav,74.99999821186066,60.0,40.85235267877579,26.491268277168274
stim_85_harmonic.wav,64.9999988079071,30.0,40.352670550346375,26.384323239326477
stim_85_harmonic.wav,0.0,60.0,39.14303719997406,26.370019912719727
stim_85_harmonic.wav,40.000000298023224,10.000000298023224,41.406738460063934,26.788589358329773
stim_85_harmonic.wav,25.000001192092896,0.0,41.01740509271622,26.502538919448853
stim_85_harmonic.wav,64.9999988079071,30.0,53.787903785705566,21.438955664634705
stim_85_harmonic.wav,45.0,0.0,40.84802359342575,26.355947256088257
stim_85_harmonic.wav,50.00000238418579,30.0,41.5941122174263,26.01719856262207
stim_85_harmonic.wav,50.00000238418579,49.999998807907104,45.34708857536316,37.2598671913147
stim_85_harmonic.wav,25.000001192092896,20.000000596046448,40.55362969636917,26.377485394477844
stim_85_harmonic.wav,50.00000238418579,49.999998807907104,49.01553511619568,43.700809478759766
stim_85_harmonic.wav,25.000001192092896,10.000000298023224,40.35310506820679,26.3120698928833
stim_85_harmonic.wav,35.00000059604645,10.000000298023224,40.7266241312027,26.296180486679077
stim_85_harmonic.wav,60.00000178813934,60.0,50.07549047470093,51.768715381622314
stim_85_harmonic.wav,84.99999761581421,49.999998807907104,40.73098808526993,26.235966682434082
stim_85_harmonic.wav,25.000001192092896,0.0,40.71289658546448,26.274207830429077
stim_85_harmonic.wav,5.000000037252903,40.000001192092896,26.780489087104797,32.710286378860474
stim_85_harmonic.wav,84.99999761581421,49.999998807907104,68.00162672996521,36.740087270736694
stim_85_harmonic.wav,45.0,49.999998807907104,40.059531927108765,26.695480942726135
stim_85_harmonic.wav,15.000000447034836,40.000001192092896,26.29504144191742,35.6994366645813
stim_85_harmonic.wav,30.00000089406967,20.000000596046448,40.06783068180084,26.580301523208618
stim_85_harmonic.wav,80.00000059604645,40.000001192092896,40.994702875614166,26.37304186820984
stim_85_harmonic.wav,64.9999988079071,0.0,57.56565570831299,17.09623396396637
stim_85_harmonic.wav,84.99999761581421,30.0,39.927038848400116,26.67810022830963
stim_85_harmonic.wav,84.99999761581421,10.000000298023224,40.85609436035156,26.064258813858032
stim_85_harmonic.wav,15.000000447034836,20.000000596046448,40.993112325668335,26.232004165649414
stim_85_harmonic.wav,84.99999761581421,60.0,58.01398158073425,51.20824098587036
stim_85_harmonic.wav,50.00000238418579,49.999998807907104,40.35871088504791,26.3383287191391
stim_85_harmonic.wav,50.00000238418579,60.0,41.266788840293884,26.141241788864136
stim_85_harmonic.wav,30.00000089406967,20.000000596046448,41.273164451122284,26.55112624168396
stim_85_harmonic.wav,90.0,49.999998807907104,39.9137806892395,26.606385111808777
stim_85_harmonic.wav,64.9999988079071,30.0,54.01826798915863,27.126599550247192
stim_85_harmonic.wav,80.00000059604645,60.0,61.663856506347656,56.04959964752197
stim_85_harmonic.wav,84.99999761581421,10.000000298023224,45.1273512840271,26.673624515533447
stim_85_harmonic.wav,15.000000447034836,0.0,40.729923248291016,26.142282485961914
stim_85_harmonic.wav,15.000000447034836,60.0,41.63049906492233,27.24042534828186
stim_85_harmonic.wav,5.000000037252903,49.999998807907104,41.16338163614273,25.908944606781006
stim_85_harmonic.wav,64.9999988079071,40.000001192092896,40.262652933597565,26.44014537334442
stim_85_harmonic.wav,20.000000149011612,60.0,25.090847611427307,40.1705002784729
stim_85_harmonic.wav,74.99999821186066,30.0,40.45879751443863,26.224547624588013
stim_85_harmonic.wav,74.99999821186066,40.000001192092896,41.44911199808121,26.34636104106903
stim_85_harmonic.wav,0.0,10.000000298023224,16.695833802223206,30.95621109008789
stim_85_harmonic.wav,50.00000238418579,40.000001192092896,40.420594811439514,26.519744396209717
stim_85_harmonic.wav,60.00000178813934,60.0,40.723169445991516,26.342491507530212
stim_85_harmonic.wav,10.000000074505806,30.0,39.121933579444885,26.793018579483032
stim_85_harmonic.wav,40.000000298023224,40.000001192092896,42.32412099838257,26.14664912223816
stim_85_harmonic.wav,60.00000178813934,0.0,40.879719257354736,26.626431941986084
stim_85_harmonic.wav,25.000001192092896,60.0,38.574634194374084,26.675886511802673
stim_85_harmonic.wav,50.00000238418579,49.999998807907104,50.061827301979065,44.18465495109558
stim_85_harmonic.wav,70.0000011920929,49.999998807907104,40.575878620147705,26.231802105903625
stim_85_harmonic.wav,50.00000238418579,49.999998807907104,40.73728322982788,26.270331144332886
stim_85_harmonic.wav,25.000001192092896,10.000000298023224,39.674763679504395,32.78003811836243
stim_85_harmonic.wav,74.99999821186066,40.000001192092896,40.554935932159424,26.455748677253723
stim_85_harmonic.wav,60.00000178813934,0.0,41.06939971446991,26.265025734901428
stim_85_harmonic.wav,74.99999821186066,10.000000298023224,40.09152799844742,26.75100088119507
stim_85_harmonic.wav,10.000000074505806,30.0,19.979442358016968,32.539823055267334
stim_85_harmonic.wav,84.99999761581421,49.999998807907104,41.2834507226944,26.895505785942078
stim_85_harmonic.wav,5.000000037252903,30.0,10.020748972892761,40.084125995635986
stim_85_harmonic.wav,25.000001192092896,20.000000596046448,35.78317880630493,37.99388408660889
stim_85_harmonic.wav,60.00000178813934,60.0,40.47979652881622,26.243138909339905
stim_85_harmonic.wav,35.00000059604645,49.999998807907104,40.39529353380203,26.452406644821167
stim_85_harmonic.wav,40.000000298023224,49.999998807907104,40.6369149684906,26.22914493083954
stim_85_harmonic.wav,60.00000178813934,40.000001192092896,55.34642815589905,32.79881715774536
stim_85_harmonic.wav,15.000000447034836,0.0,25.936886072158813,33.04790139198303
stim_85_harmonic.wav,5.000000037252903,30.0,12.532356083393097,41.09598398208618
stim_85_harmonic.wav,45.0,40.000001192092896,41.05547904968262,26.307290196418762
stim_85_harmonic.wav,60.00000178813934,0.0,40.49597293138504,26.234235763549805
stim_85_harmonic.wav,50.00000238418579,40.000001192092896,41.748701333999634,30.138019323349
stim_85_harmonic.wav,40.000000298023224,49.999998807907104,55.07375478744507,52.32817769050598
stim_85_harmonic.wav,30.00000089406967,49.999998807907104,41.38006120920181,26.443054676055908
stim_85_harmonic.wav,15.000000447034836,49.999998807907104,41.26060903072357,25.908762216567993
stim_85_harmonic.wav,50.00000238418579,30.0,41.594855189323425,27.333247661590576
stim_85_harmonic.wav,40.000000298023224,10.000000298023224,40.91305375099182,26.008313298225403
stim_85_harmonic.wav,20.000000149011612,49.999998807907104,27.139315009117126,31.46153211593628
stim_85_harmonic.wav,5.000000037252903,20.000000596046448,41.19928300380707,26.19640588760376
stim_85_harmonic.wav,0.0,30.0,38.390218913555145,26.642383933067322
stim_85_harmonic.wav,80.00000059604645,30.0,41.14250332117081,26.17297053337097
stim_85_harmonic.wav,45.0,60.0,41.33924871683121,25.96908688545227
stim_85_harmonic.wav,30.00000089406967,60.0,41.64490520954132,26.103070378303528
stim_85_harmonic.wav,35.00000059604645,40.000001192092896,44.26541268825531,53.019139766693115
stim_85_harmonic.wav,64.9999988079071,60.0,40.790522396564484,26.060509085655212
stim_85_harmonic.wav,90.0,0.0,41.718561351299286,25.994905829429626
stim_85_harmonic.wav,15.000000447034836,40.000001192092896,40.42236238718033,26.271536350250244
stim_85_harmonic.wav,70.0000011920929,10.000000298023224,53.65217864513397,26.862788200378418
stim_85_harmonic.wav,40.000000298023224,49.999998807907104,44.287629425525665,26.63686215877533
stim_85_harmonic.wav,74.99999821186066,10.000000298023224,42.100998759269714,25.62735378742218
stim_85_harmonic.wav,0.0,40.000001192092896,17.283546030521393,31.63003921508789
stim_85_harmonic.wav,10.000000074505806,30.0,21.285970509052277,32.70377039909363
stim_85_harmonic.wav,74.99999821186066,20.000000596046448,40.85514485836029,26.086079478263855
stim_85_harmonic.wav,74.99999821186066,40.000001192092896,62.30092406272888,25.51023781299591
stim_85_harmonic.wav,80.00000059604645,10.000000298023224,42.81313329935074,25.63505530357361
stim_85_harmonic.wav,54.99999940395355,60.0,47.07323491573334,49.11582827568054
stim_85_harmonic.wav,40.000000298023224,49.999998807907104,41.3033527135849,26.316497325897217
stim_85_harmonic.wav,15.000000447034836,30.0,40.39570927619934,26.19734287261963
stim_85_harmonic.wav,15.000000447034836,30.0,40.06931126117706,26.58600389957428
stim_85_harmonic.wav,70.0000011920929,0.0,40.26735484600067,26.38285517692566
stim_85_harmonic.wav,74.99999821186066,10.000000298023224,61.08997642993927,12.678918242454529
stim_85_harmonic.wav,54.99999940395355,40.000001192092896,40.61906486749649,26.2924325466156
stim_59_harmonic.wav,30.00000089406967,20.000000596046448,37.363370060920715,34.21083211898804
stim_59_harmonic.wav,20.000000149011612,60.0,34.0662083029747,28.951887488365173
stim_59_harmonic.wav,15.000000447034836,20.000000596046448,28.449104726314545,25.78200101852417
stim_59_harmonic.wav,30.00000089406967,0.0,43.311485052108765,25.523999333381653
stim_59_harmonic.wav,40.000000298023224,60.0,30.001296401023865,47.1609091758728
stim_59_harmonic.wav,35.00000059604645,30.0,44.83264088630676,25.992801189422607
stim_59_harmonic.wav,40.000000298023224,30.0,51.583680510520935,22.95713245868683
stim_59_harmonic.wav,80.00000059604645,30.0,51.91757798194885,25.10127067565918
stim_59_harmonic.wav,5.000000037252903,49.999998807907104,23.720670640468597,32.03181266784668
stim_59_harmonic.wav,15.000000447034836,0.0,26.849024891853333,22.30663776397705
stim_59_harmonic.wav,64.9999988079071,60.0,37.44921684265137,30.736345052719116
stim_59_harmonic.wav,25.000001192092896,30.0,34.21827882528305,30.38985013961792
stim_59_harmonic.wav,54.99999940395355,40.000001192092896,43.63118290901184,21.961246132850647
stim_59_harmonic.wav,20.000000149011612,20.000000596046448,28.67431104183197,22.153192162513733
stim_59_harmonic.wav,25.000001192092896,0.0,54.48543906211853,50.71355223655701
stim_59_harmonic.wav,70.0000011920929,10.000000298023224,56.17836356163025,19.06134009361267
stim_59_harmonic.wav,35.00000059604645,10.000000298023224,50.6888473033905,40.29649257659912
stim_59_harmonic.wav,5.000000037252903,10.000000298023224,10.444972515106201,35.341365337371826
stim_59_harmonic.wav,64.9999988079071,0.0,61.16862416267395,17.470664978027344
stim_59_harmonic.wav,90.0,30.0,60.605918169021606,17.106975317001343
stim_59_harmonic.wav,40.000000298023224,0.0,38.17148208618164,27.460539937019348
stim_59_harmonic.wav,84.99999761581421,0.0,49.45647954940796,30.418328046798706
stim_59_harmonic.wav,84.99999761581421,10.000000298023224,48.43204736709595,26.57733678817749
stim_59_harmonic.wav,80.00000059604645,40.000001192092896,56.0116320848465,33.22395086288452
stim_59_harmonic.wav,54.99999940395355,20.000000596046448,40.35008758306503,27.06059217453003
stim_59_harmonic.wav,20.000000149011612,10.000000298023224,38.497593104839325,26.48000657558441
stim_59_harmonic.wav,25.000001192092896,40.000001192092896,36.22699320316315,28.92194151878357
stim_59_harmonic.wav,40.000000298023224,10.000000298023224,40.808839201927185,23.332407474517822
stim_59_harmonic.wav,74.99999821186066,60.0,48.87947201728821,32.55367398262024
stim_59_harmonic.wav,0.0,40.000001192092896,25.75133353471756,31.14078998565674
stim_59_harmonic.wav,35.00000059604645,49.999998807907104,44.05349403619766,25.320916771888733
stim_59_harmonic.wav,0.0,30.0,32.06089496612549,29.599120616912842
stim_59_harmonic.wav,30.00000089406967,20.000000596046448,36.419916450977325,30.068492889404297
stim_59_harmonic.wav,84.99999761581421,20.000000596046448,65.86396515369415,20.194002985954285
stim_59_harmonic.wav,40.000000298023224,0.0,50.69972634315491,30.578066110610962
stim_59_harmonic.wav,45.0,20.000000596046448,42.89128214120865,20.692521929740906
stim_59_harmonic.wav,80.00000059604645,49.999998807907104,45.362194776535034,29.850575923919678
stim_59_harmonic.wav,84.99999761581421,40.000001192092896,52.11887776851654,22.50511407852173
stim_59_harmonic.wav,15.000000447034836,49.999998807907104,46.204354763031006,24.35507297515869
stim_59_harmonic.wav,25.000001192092896,20.000000596046448,40.45378714799881,24.854722023010254
stim_59_harmonic.wav,40.000000298023224,0.0,44.638183414936066,23.081202507019043
stim_59_harmonic.wav,5.000000037252903,20.000000596046448,38.16678285598755,26.108232736587524
stim_59_harmonic.wav,50.00000238418579,60.0,37.88398414850235,50.34015655517578
stim_59_harmonic.wav,84.99999761581421,49.999998807907104,54.55592215061188,30.37992238998413
stim_59_harmonic.wav,40.000000298023224,30.0,45.70817828178406,28.38720738887787
stim_59_harmonic.wav,25.000001192092896,0.0,28.030175864696503,23.633249402046204
stim_59_harmonic.wav,20.000000149011612,0.0,29.895617365837097,32.90908455848694
stim_59_harmonic.wav,0.0,30.0,34.964238703250885,27.75553822517395
stim_59_harmonic.wav,5.000000037252903,30.0,13.199762105941772,33.62677216529846
stim_59_harmonic.wav,60.00000178813934,49.999998807907104,48.34801912307739,27.68353521823883
stim_59_harmonic.wav,54.99999940395355,30.0,46.86247766017914,31.018019914627075
stim_59_harmonic.wav,10.000000074505806,40.000001192092896,20.641258656978607,40.43473720550537
stim_59_harmonic.wav,30.00000089406967,30.0,41.26219153404236,34.40151572227478
stim_59_harmonic.wav,54.99999940395355,10.000000298023224,60.39856731891632,28.12272012233734
stim_59_harmonic.wav,30.00000089406967,0.0,47.17881202697754,38.77794027328491
stim_59_harmonic.wav,25.000001192092896,0.0,31.399432718753815,25.40131688117981
stim_59_harmonic.wav,70.0000011920929,0.0,44.95377480983734,25.271594524383545
stim_59_harmonic.wav,54.99999940395355,30.0,57.88891017436981,32.42898344993591
stim_59_harmonic.wav,15.000000447034836,20.000000596046448,34.77642774581909,26.374688744544983
stim_59_harmonic.wav,74.99999821186066,60.0,46.35315299034119,29.355876445770264
stim_59_harmonic.wav,70.0000011920929,0.0,45.09218752384186,26.77347421646118
stim_59_harmonic.wav,74.99999821186066,10.000000298023224,49.81931805610657,24.470420479774475
stim_59_harmonic.wav,80.00000059604645,0.0,61.386204957962036,18.217778205871582
stim_59_harmonic.wav,35.00000059604645,60.0,19.951657354831696,26.00427210330963
stim_59_harmonic.wav,40.000000298023224,0.0,52.110793590545654,40.29850244522095
stim_59_harmonic.wav,54.99999940395355,10.000000298023224,51.41010403633118,21.84352397918701
stim_59_harmonic.wav,30.00000089406967,49.999998807907104,36.45497828722,47.267746925354004
stim_59_harmonic.wav,74.99999821186066,49.999998807907104,52.084781527519226,26.585336923599243
stim_59_harmonic.wav,74.99999821186066,49.999998807907104,48.66189122200012,33.66596817970276
stim_59_harmonic.wav,25.000001192092896,20.000000596046448,32.60662794113159,27.02837884426117
stim_59_harmonic.wav,80.00000059604645,30.0,46.31108522415161,24.92526948451996
stim_59_harmonic.wav,80.00000059604645,49.999998807907104,44.56614464521408,38.98836851119995
stim_59_harmonic.wav,64.9999988079071,0.0,55.09248197078705,23.08110237121582
stim_59_harmonic.wav,54.99999940395355,30.0,54.972453117370605,33.271000385284424
stim_59_harmonic.wav,25.000001192092896,30.0,33.86005371809006,31.467289924621582
stim_59_harmonic.wav,84.99999761581421,30.0,60.121779441833496,18.293888568878174
stim_59_harmonic.wav,80.00000059604645,10.000000298023224,51.52133524417877,19.570823907852173
stim_59_harmonic.wav,70.0000011920929,40.000001192092896,58.29618215560913,26.84625506401062
stim_59_harmonic.wav,15.000000447034836,10.000000298023224,35.19467532634735,24.542046189308167
stim_59_harmonic.wav,25.000001192092896,60.0,36.83647960424423,33.65748167037964
stim_59_harmonic.wav,90.0,10.000000298023224,49.58805799484253,19.956255555152893
stim_59_harmonic.wav,35.00000059604645,49.999998807907104,42.45076149702072,31.785099506378174
stim_59_harmonic.wav,5.000000037252903,30.0,21.58320888876915,26.317142844200134
stim_59_harmonic.wav,15.000000447034836,0.0,18.776624500751495,22.94326364994049
stim_59_harmonic.wav,80.00000059604645,20.000000596046448,39.36770975589752,27.732778787612915
stim_59_harmonic.wav,35.00000059604645,0.0,40.87443798780441,30.73387384414673
stim_59_harmonic.wav,20.000000149011612,60.0,24.917147755622864,24.93094503879547
stim_59_harmonic.wav,70.0000011920929,10.000000298023224,57.12085425853729,16.9311261177063
stim_59_harmonic.wav,45.0,30.0,56.35436475276947,44.06887650489807
stim_59_harmonic.wav,30.00000089406967,30.0,37.29902654886246,30.630043745040894
stim_59_harmonic.wav,5.000000037252903,49.999998807907104,13.855253756046295,27.842597365379333
stim_59_harmonic.wav,35.00000059604645,60.0,33.19920837879181,30.05623698234558
stim_59_harmonic.wav,50.00000238418579,20.000000596046448,48.89384865760803,29.156593680381775
stim_59_harmonic.wav,84.99999761581421,49.999998807907104,55.1863431930542,31.49951934814453
stim_59_harmonic.wav,70.0000011920929,30.0,51.64021074771881,28.507704734802246
stim_59_harmonic.wav,60.00000178813934,0.0,54.45567727088928,29.599336981773376
stim_59_harmonic.wav,0.0,30.0,19.95340883731842,31.106293201446533
stim_59_harmonic.wav,80.00000059604645,40.000001192092896,54.010924100875854,25.76473116874695
stim_59_harmonic.wav,35.00000059604645,0.0,50.28533577919006,39.142584800720215
stim_59_harmonic.wav,60.00000178813934,40.000001192092896,51.166173219680786,28.303974866867065
stim_59_harmonic.wav,20.000000149011612,10.000000298023224,24.693698287010193,23.107540011405945
stim_59_harmonic.wav,20.000000149011612,30.0,31.39651447534561,37.078800201416016
stim_59_harmonic.wav,54.99999940395355,20.000000596046448,49.43601965904236,24.331247806549072
stim_59_harmonic.wav,60.00000178813934,20.000000596046448,58.591970801353455,24.2020583152771
stim_59_harmonic.wav,80.00000059604645,0.0,51.84570550918579,17.456132769584656
stim_59_harmonic.wav,80.00000059604645,30.0,53.66737604141235,20.01630663871765
stim_59_harmonic.wav,30.00000089406967,49.999998807907104,33.12171399593353,44.49635982513428
stim_59_harmonic.wav,35.00000059604645,0.0,51.56035602092743,41.147300004959106
stim_59_harmonic.wav,5.000000037252903,30.0,28.347666263580322,28.691171407699585
stim_59_harmonic.wav,0.0,0.0,30.755927860736847,28.99398922920227
stim_59_harmonic.wav,15.000000447034836,40.000001192092896,28.12025785446167,37.74344086647034
stim_59_harmonic.wav,45.0,49.999998807907104,36.911160349845886,31.37312650680542
stim_59_harmonic.wav,74.99999821186066,60.0,51.79422318935394,34.27983283996582
stim_59_harmonic.wav,30.00000089406967,49.999998807907104,32.16281086206436,42.39553213119507
stim_59_harmonic.wav,60.00000178813934,0.0,53.82268667221069,20.609822273254395
stim_59_harmonic.wav,60.00000178813934,60.0,50.910274386405945,51.14631772041321
stim_59_harmonic.wav,0.0,0.0,38.361634612083435,28.802914023399353
stim_59_harmonic.wav,15.000000447034836,0.0,33.18083792924881,26.672204732894897
stim_59_harmonic.wav,5.000000037252903,40.000001192092896,41.79667800664902,28.63971769809723
stim_59_harmonic.wav,70.0000011920929,49.999998807907104,47.64824151992798,35.127192735672
stim_59_harmonic.wav,5.000000037252903,0.0,13.044113516807556,35.80656051635742
stim_59_harmonic.wav,0.0,20.000000596046448,20.62935769557953,37.65090823173523
stim_59_harmonic.wav,20.000000149011612,60.0,30.376574993133545,24.211138486862183
stim_59_harmonic.wav,0.0,20.000000596046448,17.712047696113586,36.223719120025635
stim_59_harmonic.wav,64.9999988079071,40.000001192092896,40.47034978866577,26.405251622200012
stim_59_harmonic.wav,84.99999761581421,40.000001192092896,60.234442949295044,21.345294713974
stim_59_harmonic.wav,74.99999821186066,10.000000298023224,55.85479259490967,20.409112572669983
stim_59_harmonic.wav,40.000000298023224,0.0,46.04669451713562,39.556320905685425
stim_59_harmonic.wav,64.9999988079071,60.0,51.762964725494385,46.55126094818115
stim_59_harmonic.wav,25.000001192092896,20.000000596046448,29.14709597826004,20.26147484779358
stim_59_harmonic.wav,5.000000037252903,0.0,14.318028688430786,27.62899160385132
stim_59_harmonic.wav,50.00000238418579,10.000000298023224,51.818368434906006,22.166664004325867
stim_59_harmonic.wav,20.000000149011612,0.0,37.67265558242798,25.811598300933838
stim_59_harmonic.wav,45.0,40.000001192092896,49.03320550918579,37.64535427093506
stim_59_harmonic.wav,90.0,0.0,54.786919355392456,17.66891062259674
stim_59_harmonic.wav,15.000000447034836,10.000000298023224,27.326560020446777,24.548224210739136
stim_59_harmonic.wav,45.0,40.000001192092896,38.94544690847397,30.996040105819702
stim_59_harmonic.wav,54.99999940395355,30.0,33.005893528461456,31.742749214172363
stim_59_harmonic.wav,30.00000089406967,20.000000596046448,38.79639387130737,38.050081729888916
stim_59_harmonic.wav,54.99999940395355,0.0,60.52999019622803,23.931434154510498
stim_59_harmonic.wav,80.00000059604645,20.000000596046448,54.09113824367523,23.294607996940613
stim_59_harmonic.wav,35.00000059604645,10.000000298023224,36.916465759277344,32.04431891441345
stim_59_harmonic.wav,50.00000238418579,10.000000298023224,49.129732847213745,28.13585937023163
stim_59_harmonic.wav,70.0000011920929,20.000000596046448,48.31695914268494,24.28981125354767
stim_83_harmonic.wav,20.000000149011612,40.000001192092896,37.77646243572235,31.91364884376526
stim_83_harmonic.wav,35.00000059604645,20.000000596046448,33.66741478443146,38.758370876312256
stim_83_harmonic.wav,30.00000089406967,49.999998807907104,41.229538321495056,26.290660500526428
stim_83_harmonic.wav,10.000000074505806,10.000000298023224,27.031012773513794,33.73395323753357
stim_83_harmonic.wav,25.000001192092896,60.0,38.028142154216766,33.39034080505371
stim_83_harmonic.wav,74.99999821186066,40.000001192092896,42.14480459690094,26.557048559188843
stim_83_harmonic.wav,84.99999761581421,49.999998807907104,63.30696702003479,32.08719491958618
stim_83_harmonic.wav,50.00000238418579,49.999998807907104,41.75783693790436,26.287441849708557
stim_83_harmonic.wav,60.00000178813934,20.000000596046448,41.9060343503952,27.950592041015625
stim_83_harmonic.wav,64.9999988079071,60.0,44.465883672237396,46.29452347755432
stim_83_harmonic.wav,80.00000059604645,30.0,42.492641508579254,26.275094747543335
stim_83_harmonic.wav,64.9999988079071,49.999998807907104,42.75037229061127,27.598249912261963
stim_83_harmonic.wav,20.000000149011612,30.0,29.016327559947968,36.007282733917236
stim_83_harmonic.wav,64.9999988079071,30.0,56.80549621582031,26.229844093322754
stim_83_harmonic.wav,60.00000178813934,40.000001192092896,41.794127225875854,26.3975590467453
stim_83_harmonic.wav,54.99999940395355,60.0,41.06196463108063,28.136499524116516
stim_83_harmonic.wav,50.00000238418579,0.0,40.92454433441162,26.345386505126953
stim_83_harmonic.wav,30.00000089406967,20.000000596046448,41.25920623540878,27.024677395820618
stim_83_harmonic.wav,20.000000149011612,0.0,31.881777048110962,43.558452129364014
stim_83_harmonic.wav,84.99999761581421,49.999998807907104,58.54734420776367,31.766223907470703
stim_83_harmonic.wav,50.00000238418579,40.000001192092896,46.466041803359985,28.597419261932373
stim_83_harmonic.wav,5.000000037252903,10.000000298023224,40.6991770863533,26.51168704032898
stim_83_harmonic.wav,40.000000298023224,20.000000596046448,42.26393759250641,21.383771896362305
stim_83_harmonic.wav,84.99999761581421,40.000001192092896,41.30855619907379,26.28406047821045
stim_83_harmonic.wav,35.00000059604645,49.999998807907104,41.18094742298126,26.873209476470947
stim_83_harmonic.wav,50.00000238418579,30.0,41.62349581718445,26.874479055404663
stim_83_harmonic.wav,74.99999821186066,0.0,41.90980553627014,26.47572934627533
stim_83_harmonic.wav,80.00000059604645,40.000001192092896,41.772363781929016,26.456480026245117
stim_83_harmonic.wav,40.000000298023224,20.000000596046448,37.21598267555237,22.256230115890503
stim_83_harmonic.wav,40.000000298023224,30.0,34.41712707281113,14.875129759311676
stim_83_harmonic.wav,45.0,60.0,41.68612003326416,26.447657346725464
stim_83_harmonic.wav,64.9999988079071,20.000000596046448,41.175497174263,26.519481539726257
stim_83_harmonic.wav,35.00000059604645,40.000001192092896,36.63540780544281,42.69904375076294
stim_83_harmonic.wav,5.000000037252903,49.999998807907104,40.23085534572601,26.303088068962097
stim_83_harmonic.wav,0.0,0.0,37.000920474529266,27.190260887145996
stim_83_harmonic.wav,25.000001192092896,20.000000596046448,41.89467519521713,28.206401467323303
stim_83_harmonic.wav,54.99999940395355,49.999998807907104,45.083271861076355,33.601545095443726
stim_83_harmonic.wav,15.000000447034836,49.999998807907104,41.09217435121536,26.011991500854492
stim_83_harmonic.wav,54.99999940395355,20.000000596046448,42.77409911155701,29.55158293247223
stim_83_harmonic.wav,30.00000089406967,30.0,36.63923263549805,39.2737340927124
stim_83_harmonic.wav,10.000000074505806,10.000000298023224,40.83760052919388,26.69708490371704
stim_83_harmonic.wav,25.000001192092896,60.0,41.06465220451355,26.24183177947998
stim_83_harmonic.wav,54.99999940395355,10.000000298023224,49.14788067340851,25.655234456062317
stim_83_harmonic.wav,64.9999988079071,0.0,41.809236109256744,26.59898579120636
stim_83_harmonic.wav,5.000000037252903,10.000000298023224,40.515107810497284,26.260151267051697
stim_83_harmonic.wav,60.00000178813934,30.0,54.278828501701355,27.707002758979797
stim_83_harmonic.wav,30.00000089406967,49.999998807907104,35.12277066707611,45.790919065475464
stim_83_harmonic.wav,74.99999821186066,10.000000298023224,42.8063178062439,27.054256796836853
stim_83_harmonic.wav,45.0,10.000000298023224,54.348759055137634,26.605823636054993
stim_83_harmonic.wav,30.00000089406967,40.000001192092896,42.4849596619606,41.64167404174805
stim_83_harmonic.wav,20.000000149011612,60.0,27.49088555574417,43.28713774681091
stim_83_harmonic.wav,25.000001192092896,40.000001192092896,34.401841163635254,42.179070711135864
stim_83_harmonic.wav,64.9999988079071,40.000001192092896,40.84531992673874,26.177346110343933
stim_83_harmonic.wav,80.00000059604645,40.000001192092896,56.267380714416504,28.19113790988922
stim_83_harmonic.wav,15.000000447034836,30.0,29.636532068252563,38.66048455238342
stim_83_harmonic.wav,80.00000059604645,0.0,62.22677707672119,15.48389732837677
stim_83_harmonic.wav,45.0,60.0,33.77729415893555,52.203969955444336
stim_83_harmonic.wav,25.000001192092896,60.0,42.50721126794815,26.130900979042053
stim_83_harmonic.wav,5.000000037252903,60.0,41.20832473039627,26.4300799369812
stim_83_harmonic.wav,54.99999940395355,40.000001192092896,41.336550414562225,26.18091881275177
stim_83_harmonic.wav,84.99999761581421,60.0,51.493322253227234,39.2543363571167
stim_83_harmonic.wav,0.0,10.000000298023224,38.212200701236725,27.44992733001709
stim_83_harmonic.wav,25.000001192092896,60.0,33.62460941076279,45.72871685028076
stim_83_harmonic.wav,45.0,20.000000596046448,46.86174273490906,20.308143496513367
stim_83_harmonic.wav,15.000000447034836,60.0,19.37182143330574,35.30256986618042
stim_83_harmonic.wav,40.000000298023224,0.0,56.178680062294006,30.799648761749268
stim_83_harmonic.wav,74.99999821186066,60.0,60.92436611652374,46.83359384536743
stim_83_harmonic.wav,50.00000238418579,20.000000596046448,40.795390605926514,26.601632237434387
stim_83_harmonic.wav,74.99999821186066,10.000000298023224,40.846036076545715,27.131706476211548
stim_83_harmonic.wav,15.000000447034836,49.999998807907104,41.84237748384476,25.937583446502686
stim_83_harmonic.wav,70.0000011920929,30.0,41.811105608940125,26.978144645690918
stim_83_harmonic.wav,74.99999821186066,20.000000596046448,54.38004434108734,28.210126161575317
stim_83_harmonic.wav,90.0,60.0,55.45623242855072,40.52217721939087
stim_83_harmonic.wav,50.00000238418579,49.999998807907104,38.97717475891113,33.16331505775452
stim_83_harmonic.wav,35.00000059604645,10.000000298023224,38.642789125442505,17.160378098487854
stim_83_harmonic.wav,45.0,20.000000596046448,42.071883380413055,26.751251220703125
stim_83_harmonic.wav,60.00000178813934,49.999998807907104,40.83386152982712,26.364294290542603
stim_83_harmonic.wav,40.000000298023224,20.000000596046448,41.66902631521225,26.048215627670288
stim_83_harmonic.wav,20.000000149011612,49.999998807907104,30.355533063411713,46.07861638069153
stim_83_harmonic.wav,25.000001192092896,0.0,36.205337047576904,31.251500844955444
stim_83_harmonic.wav,64.9999988079071,30.0,53.18406343460083,24.01612937450409
stim_83_harmonic.wav,50.00000238418579,0.0,50.56439280509949,21.12943947315216
stim_83_harmonic.wav,90.0,20.000000596046448,42.7836075425148,27.074559330940247
stim_83_harmonic.wav,30.00000089406967,40.000001192092896,34.553149938583374,38.16073536872864
stim_83_harmonic.wav,5.000000037252903,49.999998807907104,22.009651958942413,33.628220558166504
stim_83_harmonic.wav,80.00000059604645,0.0,42.65584588050842,25.369078516960144
stim_83_harmonic.wav,25.000001192092896,30.0,40.59521734714508,26.374311447143555
stim_83_harmonic.wav,90.0,0.0,55.41629433631897,23.890564441680908
stim_83_harmonic.wav,10.000000074505806,30.0,40.96705198287964,26.191091537475586
stim_83_harmonic.wav,54.99999940395355,40.000001192092896,54.86620008945465,31.554089784622192
stim_83_harmonic.wav,60.00000178813934,10.000000298023224,43.084752559661865,26.734682321548462
stim_83_harmonic.wav,20.000000149011612,10.000000298023224,31.95974886417389,33.88711452484131
stim_83_harmonic.wav,84.99999761581421,0.0,42.881121933460236,25.603448152542114
stim_83_harmonic.wav,35.00000059604645,20.000000596046448,35.5586913228035,19.96656060218811
stim_83_harmonic.wav,45.0,40.000001192092896,36.720407009124756,20.32580852508545
stim_83_harmonic.wav,70.0000011920929,0.0,41.262671649456024,26.09018325805664
stim_83_harmonic.wav,30.00000089406967,20.000000596046448,43.38367402553558,27.99595534801483
stim_83_harmonic.wav,20.000000149011612,0.0,41.671397387981415,26.630989909172058
stim_83_harmonic.wav,54.99999940395355,40.000001192092896,45.87593972682953,30.166161060333252
stim_83_harmonic.wav,0.0,20.000000596046448,41.3105034828186,26.24806523323059
stim_83_harmonic.wav,70.0000011920929,30.0,58.487074971199036,17.7480947971344
stim_83_harmonic.wav,80.00000059604645,10.000000298023224,55.675352811813354,22.422605752944946
stim_83_harmonic.wav,0.0,10.000000298023224,40.27427226305008,26.377179622650146
stim_83_harmonic.wav,30.00000089406967,10.000000298023224,33.1697952747345,19.1589492559433
stim_83_harmonic.wav,40.000000298023224,60.0,40.711574256420135,26.12364113330841
stim_83_harmonic.wav,74.99999821186066,30.0,42.67109960317612,28.322850465774536
stim_83_harmonic.wav,30.00000089406967,30.0,38.0635929107666,32.33947992324829
stim_83_harmonic.wav,90.0,0.0,44.70940411090851,25.169055461883545
stim_83_harmonic.wav,30.00000089406967,30.0,41.464773416519165,26.14300310611725
stim_83_harmonic.wav,5.000000037252903,0.0,42.340954542160034,27.794469594955444
stim_83_harmonic.wav,35.00000059604645,20.000000596046448,40.95723241567612,26.993329524993896
stim_83_harmonic.wav,35.00000059604645,30.0,37.289874851703644,23.794696927070618
stim_83_harmonic.wav,20.000000149011612,49.999998807907104,40.740778148174286,26.182910799980164
stim_83_harmonic.wav,30.00000089406967,30.0,43.636037707328796,29.158319234848022
stim_83_harmonic.wav,74.99999821186066,10.000000298023224,49.706021547317505,26.523377895355225
stim_83_harmonic.wav,80.00000059604645,30.0,62.895344495773315,34.28866624832153
stim_83_harmonic.wav,45.0,30.0,53.68943989276886,28.080904483795166
stim_57_harmonic.wav,74.99999821186066,40.000001192092896,48.080323934555054,28.145384788513184
stim_57_harmonic.wav,64.9999988079071,20.000000596046448,54.89096760749817,34.8462188243866
stim_57_harmonic.wav,0.0,10.000000298023224,44.248579144477844,27.194666862487793
stim_57_harmonic.wav,10.000000074505806,40.000001192092896,38.550529181957245,24.950442910194397
stim_57_harmonic.wav,10.000000074505806,60.0,28.174985647201538,27.316417694091797
stim_57_harmonic.wav,10.000000074505806,40.000001192092896,46.86309456825256,24.64199423789978
stim_57_harmonic.wav,20.000000149011612,0.0,33.98396372795105,36.7571747303009
stim_57_harmonic.wav,60.00000178813934,40.000001192092896,48.00203561782837,26.396872401237488
stim_57_harmonic.wav,70.0000011920929,49.999998807907104,52.88585543632507,27.598271369934082
stim_57_harmonic.wav,15.000000447034836,20.000000596046448,32.30279803276062,35.22238254547119
stim_57_harmonic.wav,70.0000011920929,40.000001192092896,58.66621971130371,25.689581036567688
stim_57_harmonic.wav,60.00000178813934,49.999998807907104,50.22977650165558,25.31754970550537
stim_57_harmonic.wav,70.0000011920929,30.0,58.65873098373413,23.428786396980286
stim_57_harmonic.wav,80.00000059604645,30.0,54.440646171569824,22.206596732139587
stim_57_harmonic.wav,40.000000298023224,60.0,44.56323176622391,27.744056582450867
stim_57_harmonic.wav,5.000000037252903,20.000000596046448,41.89772218465805,30.36700129508972
stim_57_harmonic.wav,5.000000037252903,30.0,22.70984798669815,38.342435359954834
stim_57_harmonic.wav,50.00000238418579,40.000001192092896,51.889082193374634,30.554730892181396
stim_57_harmonic.wav,74.99999821186066,0.0,46.04693055152893,25.95450460910797
stim_57_harmonic.wav,30.00000089406967,30.0,45.72710931301117,25.42246162891388
stim_57_harmonic.wav,74.99999821186066,30.0,66.91039681434631,25.44355809688568
stim_57_harmonic.wav,35.00000059604645,60.0,35.08100599050522,28.934530019760132
stim_57_harmonic.wav,45.0,0.0,46.0740852355957,27.53700613975525
stim_57_harmonic.wav,64.9999988079071,40.000001192092896,51.93634271621704,26.55033051967621
stim_57_harmonic.wav,90.0,0.0,63.44504714012146,14.43286120891571
stim_57_harmonic.wav,74.99999821186066,49.999998807907104,57.12998986244202,32.52696990966797
stim_57_harmonic.wav,20.000000149011612,20.000000596046448,28.122932016849518,28.435871601104736
stim_57_harmonic.wav,0.0,10.000000298023224,41.26812994480133,25.93118190765381
stim_57_harmonic.wav,20.000000149011612,49.999998807907104,37.39563971757889,23.70703160762787
stim_57_harmonic.wav,25.000001192092896,10.000000298023224,37.9384571313858,22.12600350379944
stim_57_harmonic.wav,84.99999761581421,40.000001192092896,45.21651864051819,31.082983016967773
stim_57_harmonic.wav,60.00000178813934,40.000001192092896,46.44914925098419,29.233734011650085
stim_57_harmonic.wav,40.000000298023224,10.000000298023224,41.48779213428497,33.3231782913208
stim_57_harmonic.wav,5.000000037252903,40.000001192092896,35.08310616016388,36.0048508644104
stim_57_harmonic.wav,60.00000178813934,40.000001192092896,56.82333290576935,29.78241741657257
stim_57_harmonic.wav,25.000001192092896,40.000001192092896,36.58813118934631,36.11414194107056
stim_57_harmonic.wav,40.000000298023224,60.0,36.27234399318695,47.1998405456543
stim_57_harmonic.wav,60.00000178813934,60.0,43.379157185554504,43.901660442352295
stim_57_harmonic.wav,40.000000298023224,60.0,36.48676514625549,42.338011264801025
stim_57_harmonic.wav,20.000000149011612,20.000000596046448,27.237306833267212,21.17278754711151
stim_57_harmonic.wav,60.00000178813934,60.0,39.38378691673279,24.064146280288696
stim_57_harmonic.wav,64.9999988079071,60.0,39.40782219171524,26.193891763687134
stim_57_harmonic.wav,5.000000037252903,49.999998807907104,35.41485786437988,32.21159219741821
stim_57_harmonic.wav,0.0,60.0,20.44681191444397,37.98523306846619
stim_57_harmonic.wav,70.0000011920929,40.000001192092896,59.018146991729736,22.269158363342285
stim_57_harmonic.wav,30.00000089406967,60.0,30.048176050186157,43.712711334228516
stim_57_harmonic.wav,35.00000059604645,10.000000298023224,44.440796971321106,29.01479423046112
stim_57_harmonic.wav,25.000001192092896,10.000000298023224,32.60383576154709,30.976299047470093
stim_57_harmonic.wav,70.0000011920929,10.000000298023224,60.75695872306824,17.088194489479065
stim_57_harmonic.wav,70.0000011920929,20.000000596046448,64.3524706363678,23.499982953071594
stim_57_harmonic.wav,84.99999761581421,40.000001192092896,30.480073392391205,33.80924463272095
stim_57_harmonic.wav,90.0,0.0,65.74955821037292,12.103604078292847
stim_57_harmonic.wav,40.000000298023224,49.999998807907104,33.43724638223648,29.909164309501648
stim_57_harmonic.wav,5.000000037252903,10.000000298023224,10.33961534500122,35.58117628097534
stim_57_harmonic.wav,40.000000298023224,20.000000596046448,52.60353684425354,24.864617586135864
stim_57_harmonic.wav,74.99999821186066,0.0,62.258926033973694,15.276786088943481
stim_57_harmonic.wav,40.000000298023224,49.999998807907104,56.121034026145935,48.31283926963806
stim_57_harmonic.wav,35.00000059604645,20.000000596046448,43.1348642706871,28.896934390068054
stim_57_harmonic.wav,45.0,30.0,44.862037897109985,28.730088472366333
stim_57_harmonic.wav,25.000001192092896,40.000001192092896,46.20873212814331,34.72753286361694
stim_57_harmonic.wav,10.000000074505806,40.000001192092896,56.3173770904541,24.493188858032227
stim_57_harmonic.wav,54.99999940395355,0.0,47.99122631549835,23.66458296775818
stim_57_harmonic.wav,80.00000059604645,10.000000298023224,47.82925307750702,26.76492154598236
stim_57_harmonic.wav,80.00000059604645,49.999998807907104,50.72617292404175,28.696587681770325
stim_57_harmonic.wav,25.000001192092896,20.000000596046448,35.346544682979584,34.08771514892578
stim_57_harmonic.wav,54.99999940395355,49.999998807907104,44.019062519073486,29.16889786720276
stim_57_harmonic.wav,25.000001192092896,60.0,40.091635286808014,29.833350777626038
stim_57_harmonic.wav,5.000000037252903,49.999998807907104,12.782163619995117,38.82323384284973
stim_57_harmonic.wav,35.00000059604645,60.0,39.085130989551544,30.668020248413086
stim_57_harmonic.wav,54.99999940395355,20.000000596046448,58.19832980632782,22.350003719329834
stim_57_harmonic.wav,20.000000149011612,49.999998807907104,23.25139671564102,52.90835738182068
stim_57_harmonic.wav,80.00000059604645,60.0,44.77879822254181,25.46701490879059
stim_57_harmonic.wav,84.99999761581421,49.999998807907104,38.04294526576996,28.171069622039795
stim_57_harmonic.wav,54.99999940395355,10.000000298023224,48.071311712265015,23.35583746433258
stim_57_harmonic.wav,50.00000238418579,40.000001192092896,51.28988742828369,36.92950487136841
stim_57_harmonic.wav,30.00000089406967,0.0,41.2416136264801,30.45546054840088
stim_57_harmonic.wav,64.9999988079071,40.000001192092896,49.46300804615021,16.745460033416748
stim_57_harmonic.wav,40.000000298023224,60.0,39.17462021112442,30.393426418304443
stim_57_harmonic.wav,64.9999988079071,10.000000298023224,45.608877539634705,24.116334915161133
stim_57_harmonic.wav,54.99999940395355,49.999998807907104,55.10825872421265,41.991562843322754
stim_57_harmonic.wav,40.000000298023224,0.0,47.962918281555176,32.37827181816101
stim_57_harmonic.wav,30.00000089406967,30.0,34.12848651409149,30.833587646484375
stim_57_harmonic.wav,35.00000059604645,10.000000298023224,43.29317897558212,31.70634627342224
stim_57_harmonic.wav,80.00000059604645,20.000000596046448,50.28796434402466,28.515007495880127
stim_57_harmonic.wav,74.99999821186066,0.0,48.89587104320526,23.583789467811584
stim_57_harmonic.wav,64.9999988079071,40.000001192092896,50.99879801273346,24.471107125282288
stim_57_harmonic.wav,45.0,40.000001192092896,48.02466809749603,24.153665900230408
stim_57_harmonic.wav,5.000000037252903,49.999998807907104,41.873877346515656,28.08903694152832
stim_57_harmonic.wav,84.99999761581421,49.999998807907104,46.27113103866577,32.3258113861084
stim_57_harmonic.wav,60.00000178813934,0.0,48.41849684715271,26.01556420326233
stim_57_harmonic.wav,15.000000447034836,49.999998807907104,38.054417073726654,26.030650734901428
stim_57_harmonic.wav,74.99999821186066,49.999998807907104,46.88248157501221,21.20673179626465
stim_57_harmonic.wav,50.00000238418579,20.000000596046448,58.09537589550018,28.03322196006775
stim_57_harmonic.wav,20.000000149011612,60.0,39.60191756486893,29.352586269378662
stim_57_harmonic.wav,50.00000238418579,20.000000596046448,55.49364387989044,25.302334427833557
stim_57_harmonic.wav,30.00000089406967,60.0,29.33277189731598,40.3386926651001
stim_57_harmonic.wav,10.000000074505806,0.0,33.27080458402634,26.29283308982849
stim_57_harmonic.wav,50.00000238418579,40.000001192092896,55.007182359695435,37.41562843322754
stim_57_harmonic.wav,5.000000037252903,30.0,33.49439084529877,29.929497241973877
stim_57_harmonic.wav,35.00000059604645,10.000000298023224,39.25535202026367,30.86113214492798
stim_57_harmonic.wav,45.0,60.0,33.67088556289673,44.49843406677246
stim_57_harmonic.wav,54.99999940395355,10.000000298023224,37.14258134365082,30.892417430877686
stim_57_harmonic.wav,70.0000011920929,20.000000596046448,52.21500813961029,21.88259482383728
stim_57_harmonic.wav,60.00000178813934,0.0,47.57702887058258,19.950624704360962
stim_57_harmonic.wav,54.99999940395355,30.0,44.544831812381744,26.943517327308655
stim_57_harmonic.wav,40.000000298023224,30.0,37.121555507183075,22.832053899765015
stim_57_harmonic.wav,10.000000074505806,20.000000596046448,37.883954644203186,27.704769372940063
stim_57_harmonic.wav,20.000000149011612,10.000000298023224,45.56928277015686,33.71721267700195
stim_57_harmonic.wav,45.0,60.0,32.90755569934845,35.23299694061279
stim_57_harmonic.wav,15.000000447034836,40.000001192092896,30.980780124664307,27.14798390865326
stim_57_harmonic.wav,35.00000059604645,49.999998807907104,39.32136923074722,26.15067958831787
stim_57_harmonic.wav,84.99999761581421,60.0,42.60476589202881,25.387170910835266
stim_71_harmonic.wav,5.000000037252903,20.000000596046448,10.87732046842575,31.565265655517578
stim_71_harmonic.wav,40.000000298023224,60.0,27.166260480880737,50.84791302680969
stim_71_harmonic.wav,5.000000037252903,0.0,27.654006779193878,31.6501522064209
stim_71_harmonic.wav,20.000000149011612,40.000001192092896,39.428668320178986,28.16396176815033
stim_71_harmonic.wav,35.00000059604645,30.0,45.55932641029358,28.98013472557068
stim_71_harmonic.wav,45.0,0.0,46.28823280334473,23.122007846832275
stim_71_harmonic.wav,64.9999988079071,60.0,48.10568690299988,27.646615505218506
stim_71_harmonic.wav,70.0000011920929,30.0,50.641876459121704,19.992604851722717
stim_71_harmonic.wav,84.99999761581421,10.000000298023224,54.84417915344238,22.21282124519348
stim_71_harmonic.wav,64.9999988079071,10.000000298023224,41.808836460113525,26.490034461021423
stim_71_harmonic.wav,60.00000178813934,49.999998807907104,48.75675559043884,32.065322399139404
stim_71_harmonic.wav,50.00000238418579,0.0,52.115750312805176,25.417048931121826
stim_71_harmonic.wav,45.0,49.999998807907104,45.90519726276398,26.54850125312805
stim_71_harmonic.wav,50.00000238418579,60.0,45.52116394042969,22.13480293750763
stim_71_harmonic.wav,15.000000447034836,30.0,14.872913360595703,35.02365589141846
stim_71_harmonic.wav,0.0,10.000000298023224,36.55506491661072,31.85102105140686
stim_71_harmonic.wav,35.00000059604645,20.000000596046448,38.36315006017685,24.507445693016052
stim_71_harmonic.wav,80.00000059604645,60.0,43.562526404857635,29.47064995765686
stim_71_harmonic.wav,45.0,40.000001192092896,44.5495069026947,25.75757145881653
stim_71_harmonic.wav,30.00000089406967,49.999998807907104,34.56130385398865,48.156960010528564
stim_71_harmonic.wav,30.00000089406967,10.000000298023224,42.02836722135544,22.647628784179688
stim_71_harmonic.wav,50.00000238418579,20.000000596046448,48.29971790313721,16.865830421447754
stim_71_harmonic.wav,60.00000178813934,0.0,44.67775136232376,28.3343768119812
stim_71_harmonic.wav,90.0,49.999998807907104,54.26689267158508,18.376677632331848
stim_71_harmonic.wav,20.000000149011612,20.000000596046448,42.89982229471207,26.983569860458374
stim_71_harmonic.wav,64.9999988079071,0.0,48.73663902282715,26.918075680732727
stim_71_harmonic.wav,0.0,30.0,32.88710653781891,29.72869634628296
stim_71_harmonic.wav,50.00000238418579,40.000001192092896,45.71192800998688,14.784920811653137
stim_71_harmonic.wav,45.0,20.000000596046448,47.73291885852814,28.543102741241455
stim_71_harmonic.wav,54.99999940395355,20.000000596046448,49.656084179878235,24.995686411857605
stim_71_harmonic.wav,5.000000037252903,30.0,23.07052195072174,34.8283588886261
stim_71_harmonic.wav,10.000000074505806,10.000000298023224,31.718913316726685,28.69875133037567
stim_71_harmonic.wav,45.0,49.999998807907104,61.91760957241058,44.223915338516235
stim_71_harmonic.wav,0.0,60.0,5.919176638126373,30.520098209381104
stim_71_harmonic.wav,15.000000447034836,30.0,10.046272873878479,26.417384147644043
stim_71_harmonic.wav,10.000000074505806,40.000001192092896,14.071828722953796,33.18678617477417
stim_71_harmonic.wav,15.000000447034836,30.0,29.937347173690796,27.912243604660034
stim_71_harmonic.wav,70.0000011920929,49.999998807907104,51.31030976772308,36.89525485038757
stim_71_harmonic.wav,84.99999761581421,30.0,53.81379246711731,24.46940839290619
stim_71_harmonic.wav,80.00000059604645,30.0,51.75263285636902,29.10501480102539
stim_71_harmonic.wav,5.000000037252903,30.0,9.232176840305328,42.035568952560425
stim_71_harmonic.wav,90.0,0.0,74.66114938259125,5.843850374221802
stim_71_harmonic.wav,30.00000089406967,10.000000298023224,47.11857497692108,30.502359867095947
stim_71_harmonic.wav,5.000000037252903,40.000001192092896,6.967681646347046,41.99293613433838
stim_71_harmonic.wav,64.9999988079071,0.0,68.36536109447479,11.220989227294922
stim_71_harmonic.wav,84.99999761581421,30.0,58.22924494743347,34.01125431060791
stim_71_harmonic.wav,0.0,40.000001192092896,9.376635253429413,31.349469423294067
stim_71_harmonic.wav,60.00000178813934,40.000001192092896,49.74027872085571,15.707750916481018
stim_71_harmonic.wav,80.00000059604645,49.999998807907104,49.91680026054382,28.08303415775299
stim_71_harmonic.wav,70.0000011920929,40.000001192092896,60.01090228557587,30.59027910232544
stim_71_harmonic.wav,10.000000074505806,49.999998807907104,21.692437827587128,35.693814754486084
stim_71_harmonic.wav,25.000001192092896,40.000001192092896,44.00839805603027,32.084784507751465
stim_71_harmonic.wav,60.00000178813934,49.999998807907104,48.36653172969818,28.547170758247375
stim_71_harmonic.wav,40.000000298023224,30.0,45.17802357673645,28.749259114265442
stim_71_harmonic.wav,0.0,0.0,6.4808472990989685,33.7308669090271
stim_71_harmonic.wav,20.000000149011612,49.999998807907104,38.349634408950806,49.76038455963135
stim_71_harmonic.wav,70.0000011920929,40.000001192092896,51.867592334747314,18.45270574092865
stim_71_harmonic.wav,74.99999821186066,60.0,49.13327872753143,29.691948294639587
stim_71_harmonic.wav,15.000000447034836,0.0,42.1004381775856,27.951014041900635
stim_71_harmonic.wav,25.000001192092896,20.000000596046448,30.033641159534454,29.263665676116943
stim_71_harmonic.wav,40.000000298023224,10.000000298023224,46.131436228752136,23.17978799343109
stim_71_harmonic.wav,84.99999761581421,30.0,56.230173110961914,31.863019466400146
stim_71_harmonic.wav,15.000000447034836,10.000000298023224,21.571714282035828,29.299646615982056
stim_71_harmonic.wav,10.000000074505806,20.000000596046448,24.357732832431793,36.33145809173584
stim_71_harmonic.wav,54.99999940395355,0.0,60.324575901031494,17.956799268722534
stim_71_harmonic.wav,54.99999940395355,30.0,48.187639117240906,21.446641087532043
stim_71_harmonic.wav,20.000000149011612,20.000000596046448,40.85171431303024,26.137744188308716
stim_71_harmonic.wav,60.00000178813934,10.000000298023224,59.226656556129456,10.451229214668274
stim_71_harmonic.wav,25.000001192092896,49.999998807907104,38.08930724859238,31.373577117919922
stim_71_harmonic.wav,10.000000074505806,49.999998807907104,5.4369717836380005,41.810059547424316
stim_71_harmonic.wav,5.000000037252903,30.0,9.144047498703003,38.68274688720703
stim_71_harmonic.wav,0.0,0.0,37.142251431941986,26.795990467071533
stim_71_harmonic.wav,0.0,20.000000596046448,25.524861216545105,28.99483859539032
stim_71_harmonic.wav,50.00000238418579,0.0,46.77223205566406,22.606172561645508
stim_71_harmonic.wav,64.9999988079071,10.000000298023224,39.44468915462494,30.11815309524536
stim_71_harmonic.wav,15.000000447034836,30.0,13.758691549301147,34.28100228309631
stim_71_harmonic.wav,50.00000238418579,49.999998807907104,46.00975513458252,25.513311624526978
stim_71_harmonic.wav,60.00000178813934,30.0,50.28291642665863,26.817249655723572
stim_71_harmonic.wav,15.000000447034836,40.000001192092896,15.255439281463623,44.08896803855896
stim_71_harmonic.wav,64.9999988079071,49.999998807907104,54.40512835979462,25.504537224769592
stim_71_harmonic.wav,30.00000089406967,30.0,37.631564140319824,33.3501398563385
stim_71_harmonic.wav,25.000001192092896,60.0,40.31188488006592,30.09448528289795
stim_71_harmonic.wav,54.99999940395355,0.0,58.580453395843506,26.00411295890808
stim_71_harmonic.wav,50.00000238418579,60.0,51.09086751937866,15.61388075351715
stim_71_harmonic.wav,30.00000089406967,10.000000298023224,44.8697304725647,34.00313973426819
stim_71_harmonic.wav,20.000000149011612,10.000000298023224,33.17554861307144,42.35561728477478
stim_71_harmonic.wav,84.99999761581421,20.000000596046448,47.154210805892944,30.161640644073486
stim_71_harmonic.wav,5.000000037252903,20.000000596046448,9.4880810379982,37.891634702682495
stim_71_harmonic.wav,5.000000037252903,30.0,8.35733413696289,39.69686150550842
stim_71_harmonic.wav,0.0,30.0,41.40613228082657,31.979702711105347
stim_71_harmonic.wav,0.0,60.0,7.8797078132629395,32.312257289886475
stim_71_harmonic.wav,5.000000037252903,30.0,29.241917431354523,27.524768114089966
stim_71_harmonic.wav,70.0000011920929,40.000001192092896,66.22001767158508,28.5258150100708
stim_71_harmonic.wav,30.00000089406967,49.999998807907104,36.91023766994476,35.74740529060364
stim_71_harmonic.wav,20.000000149011612,30.0,35.23865282535553,38.80901098251343
stim_71_harmonic.wav,10.000000074505806,0.0,19.846685081720352,43.056771755218506
stim_71_harmonic.wav,35.00000059604645,40.000001192092896,47.15209186077118,25.36496937274933
stim_71_harmonic.wav,60.00000178813934,49.999998807907104,46.68310761451721,22.030974626541138
stim_71_harmonic.wav,54.99999940395355,0.0,49.97684955596924,15.862056612968445
stim_71_harmonic.wav,54.99999940395355,20.000000596046448,54.46492552757263,15.604019165039062
stim_71_harmonic.wav,0.0,60.0,15.676454901695251,31.86596989631653
stim_71_harmonic.wav,35.00000059604645,0.0,37.08012342453003,16.3979172706604
stim_71_harmonic.wav,20.000000149011612,60.0,23.95117163658142,31.58024311065674
stim_71_harmonic.wav,64.9999988079071,30.0,44.05320167541504,27.717506289482117
stim_71_harmonic.wav,64.9999988079071,60.0,51.807870268821716,19.814894199371338
stim_71_harmonic.wav,84.99999761581421,30.0,79.66380178928375,26.99924111366272
stim_71_harmonic.wav,0.0,49.999998807907104,21.148122400045395,35.32959222793579
stim_71_harmonic.wav,15.000000447034836,10.000000298023224,40.35988837480545,30.729553699493408
stim_71_harmonic.wav,84.99999761581421,40.000001192092896,77.35789597034454,36.20313048362732
stim_71_harmonic.wav,15.000000447034836,49.999998807907104,32.603076696395874,33.538105487823486
stim_71_harmonic.wav,74.99999821186066,60.0,55.07102966308594,24.008628129959106
stim_71_harmonic.wav,45.0,49.999998807907104,47.16408133506775,23.00823748111725
stim_71_harmonic.wav,0.0,20.000000596046448,34.36366528272629,30.49747109413147
stim_71_harmonic.wav,5.000000037252903,30.0,6.985234022140503,39.04930830001831
stim_71_harmonic.wav,30.00000089406967,0.0,29.45367783308029,4.956629276275635
stim_71_harmonic.wav,84.99999761581421,0.0,54.46206092834473,18.2956463098526
stim_71_harmonic.wav,80.00000059604645,10.000000298023224,75.71388959884644,5.503674745559692
stim_71_harmonic.wav,15.000000447034836,30.0,37.89218366146088,25.472586750984192
stim_71_harmonic.wav,20.000000149011612,49.999998807907104,44.98524785041809,29.658730030059814
stim_71_harmonic.wav,30.00000089406967,20.000000596046448,36.22821360826492,26.449450850486755
stim_71_harmonic.wav,10.000000074505806,10.000000298023224,28.637773990631104,27.26186692714691
stim_71_harmonic.wav,84.99999761581421,30.0,65.81496119499207,31.20907187461853
stim_71_harmonic.wav,54.99999940395355,0.0,53.28672766685486,18.998002409934998
stim_71_harmonic.wav,40.000000298023224,10.000000298023224,46.38383746147156,17.86479413509369
stim_69_harmonic.wav,45.0,40.000001192092896,60.31790792942047,30.253926515579224
stim_69_harmonic.wav,20.000000149011612,40.000001192092896,29.285610616207123,30.534117221832275
stim_69_harmonic.wav,40.000000298023224,40.000001192092896,45.215885639190674,30.763131380081177
stim_69_harmonic.wav,84.99999761581421,10.000000298023224,53.77630591392517,19.720240831375122
stim_69_harmonic.wav,80.00000059604645,10.000000298023224,69.91316735744476,10.16277015209198
stim_69_harmonic.wav,54.99999940395355,30.0,50.802884101867676,28.63790273666382
stim_69_harmonic.wav,5.000000037252903,20.000000596046448,22.829549610614777,35.16013026237488
stim_69_harmonic.wav,25.000001192092896,40.000001192092896,33.18439453840256,40.100204944610596
stim_69_harmonic.wav,15.000000447034836,0.0,26.634957790374756,32.06846594810486
stim_69_harmonic.wav,80.00000059604645,49.999998807907104,61.5726238489151,28.85267972946167
stim_69_harmonic.wav,84.99999761581421,60.0,47.388432025909424,26.28133714199066
stim_69_harmonic.wav,70.0000011920929,49.999998807907104,62.60804772377014,35.772167444229126
stim_69_harmonic.wav,5.000000037252903,20.000000596046448,8.324557542800903,39.80747938156128
stim_69_harmonic.wav,64.9999988079071,40.000001192092896,57.578691244125366,21.85778260231018
stim_69_harmonic.wav,70.0000011920929,30.0,55.45532584190369,24.385094046592712
stim_69_harmonic.wav,60.00000178813934,0.0,55.715789794921875,22.44257926940918
stim_69_harmonic.wav,50.00000238418579,30.0,47.22716152667999,23.793057203292847
stim_69_harmonic.wav,84.99999761581421,10.000000298023224,56.78203225135803,22.445982098579407
stim_69_harmonic.wav,10.000000074505806,10.000000298023224,25.100385546684265,30.456748008728027
stim_69_harmonic.wav,0.0,10.000000298023224,20.053012669086456,30.89335799217224
stim_69_harmonic.wav,10.000000074505806,20.000000596046448,27.012929320335388,29.909750819206238
stim_69_harmonic.wav,20.000000149011612,30.0,29.220427572727203,35.49907207489014
stim_69_harmonic.wav,70.0000011920929,30.0,49.55576419830322,22.77599573135376
stim_69_harmonic.wav,60.00000178813934,30.0,58.91149163246155,23.62438201904297
stim_69_harmonic.wav,50.00000238418579,20.000000596046448,52.92019844055176,20.1270854473114
stim_69_harmonic.wav,40.000000298023224,0.0,46.435866951942444,23.680468797683716
stim_69_harmonic.wav,35.00000059604645,40.000001192092896,44.6779203414917,20.624869465827942
stim_69_harmonic.wav,70.0000011920929,0.0,66.36445462703705,17.656835317611694
stim_69_harmonic.wav,84.99999761581421,0.0,42.989400029182434,25.303017497062683
stim_69_harmonic.wav,80.00000059604645,49.999998807907104,61.25735700130463,24.57325279712677
stim_69_harmonic.wav,20.000000149011612,30.0,24.954948127269745,30.009841918945312
stim_69_harmonic.wav,10.000000074505806,0.0,30.576691925525665,26.545872688293457
stim_69_harmonic.wav,0.0,49.999998807907104,15.692443549633026,28.673585057258606
stim_69_harmonic.wav,25.000001192092896,10.000000298023224,40.13896286487579,27.626911997795105
stim_69_harmonic.wav,0.0,20.000000596046448,33.048900067806244,27.70700454711914
stim_69_harmonic.wav,45.0,10.000000298023224,46.54214143753052,25.61624586582184
stim_69_harmonic.wav,64.9999988079071,30.0,62.14984059333801,21.34027898311615
stim_69_harmonic.wav,0.0,0.0,11.708861589431763,26.33528172969818
stim_69_harmonic.wav,0.0,20.000000596046448,31.319950819015503,28.154624104499817
stim_69_harmonic.wav,45.0,49.999998807907104,47.60732710361481,31.57157063484192
stim_69_harmonic.wav,35.00000059604645,20.000000596046448,42.643698155879974,27.951868772506714
stim_69_harmonic.wav,20.000000149011612,60.0,39.750565588474274,35.317561626434326
stim_69_harmonic.wav,15.000000447034836,40.000001192092896,41.22109204530716,36.500877141952515
stim_69_harmonic.wav,5.000000037252903,49.999998807907104,18.890478909015656,30.316014289855957
stim_69_harmonic.wav,40.000000298023224,49.999998807907104,44.48428362607956,24.05447781085968
stim_69_harmonic.wav,30.00000089406967,49.999998807907104,45.501009821891785,28.438010215759277
stim_69_harmonic.wav,0.0,49.999998807907104,37.12726056575775,26.973997950553894
stim_69_harmonic.wav,54.99999940395355,49.999998807907104,49.08772945404053,23.388108015060425
stim_69_harmonic.wav,80.00000059604645,10.000000298023224,67.20271468162537,10.017517805099487
stim_69_harmonic.wav,60.00000178813934,0.0,57.287564277648926,6.277956962585449
stim_69_harmonic.wav,40.000000298023224,40.000001192092896,46.82818830013275,37.30284333229065
stim_69_harmonic.wav,25.000001192092896,60.0,18.9190873503685,36.747894287109375
stim_69_harmonic.wav,35.00000059604645,49.999998807907104,51.539719104766846,25.00246524810791
stim_69_harmonic.wav,80.00000059604645,10.000000298023224,82.12840855121613,1.7590516805648804
stim_69_harmonic.wav,30.00000089406967,30.0,42.599479258060455,24.44944739341736
stim_69_harmonic.wav,15.000000447034836,0.0,23.445644974708557,35.34797430038452
stim_69_harmonic.wav,0.0,40.000001192092896,32.67351418733597,29.51153576374054
stim_69_harmonic.wav,74.99999821186066,40.000001192092896,72.57095754146576,32.08695888519287
stim_69_harmonic.wav,5.000000037252903,10.000000298023224,5.794606804847717,43.51863741874695
stim_69_harmonic.wav,45.0,10.000000298023224,42.38079875707626,27.11993157863617
stim_69_harmonic.wav,80.00000059604645,0.0,68.67100954055786,6.847339868545532
stim_69_harmonic.wav,25.000001192092896,10.000000298023224,37.39813953638077,38.37590932846069
stim_69_harmonic.wav,84.99999761581421,40.000001192092896,69.05611038208008,28.67252826690674
stim_69_harmonic.wav,20.000000149011612,49.999998807907104,21.068612337112427,38.95952582359314
stim_69_harmonic.wav,80.00000059604645,20.000000596046448,60.480106472969055,34.073073863983154
stim_69_harmonic.wav,25.000001192092896,49.999998807907104,33.223305344581604,44.205225706100464
stim_69_harmonic.wav,0.0,10.000000298023224,31.340877413749695,29.175376296043396
stim_69_harmonic.wav,0.0,60.0,37.22797751426697,32.49651789665222
stim_69_harmonic.wav,35.00000059604645,0.0,42.18197464942932,12.801877856254578
stim_69_harmonic.wav,25.000001192092896,30.0,35.428915321826935,37.46744155883789
stim_69_harmonic.wav,0.0,10.000000298023224,29.602138102054596,28.644062876701355
stim_69_harmonic.wav,64.9999988079071,30.0,52.51980900764465,31.334238052368164
stim_69_harmonic.wav,50.00000238418579,49.999998807907104,49.98135566711426,32.64171838760376
stim_69_harmonic.wav,40.000000298023224,30.0,47.61991202831268,29.720345735549927
stim_69_harmonic.wav,30.00000089406967,0.0,41.9043955206871,32.343363761901855
stim_69_harmonic.wav,74.99999821186066,49.999998807907104,57.84772217273712,22.61420488357544
stim_69_harmonic.wav,10.000000074505806,10.000000298023224,11.381511390209198,33.40618371963501
stim_69_harmonic.wav,50.00000238418579,49.999998807907104,44.45686608552933,29.94067668914795
stim_69_harmonic.wav,90.0,0.0,54.922746419906616,36.233636140823364
stim_69_harmonic.wav,80.00000059604645,10.000000298023224,53.91148924827576,21.819019317626953
stim_69_harmonic.wav,40.000000298023224,0.0,41.71164929866791,10.523829460144043
stim_69_harmonic.wav,10.000000074505806,0.0,13.402263522148132,29.627641439437866
stim_69_harmonic.wav,35.00000059604645,49.999998807907104,35.332149267196655,35.072572231292725
stim_69_harmonic.wav,45.0,30.0,49.91855978965759,25.88909089565277
stim_69_harmonic.wav,80.00000059604645,0.0,52.02743053436279,19.58777904510498
stim_69_harmonic.wav,60.00000178813934,20.000000596046448,63.25673460960388,25.632192492485046
stim_69_harmonic.wav,30.00000089406967,20.000000596046448,37.11226969957352,27.463799715042114
stim_69_harmonic.wav,50.00000238418579,0.0,47.767658829689026,24.192718863487244
stim_69_harmonic.wav,84.99999761581421,10.000000298023224,83.76757085323334,2.074987292289734
stim_69_harmonic.wav,84.99999761581421,30.0,75.16922950744629,36.465944051742554
stim_69_harmonic.wav,54.99999940395355,30.0,59.257400035858154,30.907756090164185
stim_69_harmonic.wav,20.000000149011612,20.000000596046448,44.705640971660614,25.91696262359619
stim_69_harmonic.wav,60.00000178813934,60.0,37.47864603996277,35.183608531951904
stim_69_harmonic.wav,80.00000059604645,60.0,45.01404941082001,33.88691067695618
stim_69_harmonic.wav,50.00000238418579,20.000000596046448,47.86021649837494,25.26164174079895
stim_69_harmonic.wav,40.000000298023224,60.0,34.81229156255722,29.293436408042908
stim_69_harmonic.wav,0.0,49.999998807907104,28.04170936346054,27.82858908176422
stim_69_harmonic.wav,15.000000447034836,0.0,32.68638610839844,28.24275255203247
stim_69_harmonic.wav,0.0,0.0,10.826200246810913,28.64076554775238
stim_69_harmonic.wav,0.0,60.0,11.864271461963654,29.009801745414734
stim_69_harmonic.wav,40.000000298023224,20.000000596046448,48.40668439865112,27.46716856956482
stim_69_harmonic.wav,10.000000074505806,0.0,11.85888022184372,33.292200565338135
stim_69_harmonic.wav,54.99999940395355,20.000000596046448,54.118748903274536,22.08626389503479
stim_69_harmonic.wav,84.99999761581421,30.0,78.92136633396149,29.984684586524963
stim_69_harmonic.wav,70.0000011920929,40.000001192092896,54.061317443847656,29.691624641418457
stim_69_harmonic.wav,54.99999940395355,0.0,46.05943500995636,23.986040353775024
stim_69_harmonic.wav,50.00000238418579,10.000000298023224,46.95140361785889,26.3780415058136
stim_69_harmonic.wav,10.000000074505806,60.0,21.26833900809288,29.28264856338501
stim_69_harmonic.wav,84.99999761581421,20.000000596046448,73.34240913391113,15.515094995498657
stim_69_harmonic.wav,54.99999940395355,20.000000596046448,59.46973979473114,29.217681884765625
stim_69_harmonic.wav,54.99999940395355,60.0,40.50233244895935,23.877224922180176
stim_69_harmonic.wav,60.00000178813934,49.999998807907104,48.28992784023285,28.04741084575653
stim_69_harmonic.wav,25.000001192092896,30.0,43.95582139492035,23.38718354701996
stim_69_harmonic.wav,40.000000298023224,30.0,40.48483103513718,28.745194673538208
stim_69_harmonic.wav,84.99999761581421,20.000000596046448,48.68821442127228,31.714578866958618
stim_69_harmonic.wav,90.0,20.000000596046448,42.65599340200424,30.39371609687805
stim_69_harmonic.wav,40.000000298023224,20.000000596046448,50.752485394477844,19.796032905578613
stim_69_harmonic.wav,80.00000059604645,60.0,40.07229119539261,28.319971561431885
stim_69_harmonic.wav,74.99999821186066,60.0,51.81820213794708,38.04267168045044
stim_69_harmonic.wav,0.0,40.000001192092896,25.400919020175934,27.04389989376068
stim_69_harmonic.wav,84.99999761581421,20.000000596046448,49.06745731830597,27.813443541526794
stim_69_harmonic.wav,10.000000074505806,20.000000596046448,28.622571229934692,33.0038845539093
stim_69_harmonic.wav,45.0,40.000001192092896,42.23036974668503,32.63852119445801
stim_69_harmonic.wav,84.99999761581421,60.0,41.041274070739746,21.138453483581543
stim_69_harmonic.wav,74.99999821186066,40.000001192092896,64.78795409202576,35.41418194770813
stim_69_harmonic.wav,20.000000149011612,40.000001192092896,31.46347314119339,39.84740853309631
stim_69_harmonic.wav,0.0,10.000000298023224,46.05590522289276,31.61544442176819
stim_69_harmonic.wav,54.99999940395355,20.000000596046448,50.803903341293335,27.8269100189209
stim_69_harmonic.wav,25.000001192092896,60.0,21.005778908729553,37.34820485115051
stim_69_harmonic.wav,10.000000074505806,30.0,26.406025886535645,29.904874563217163
stim_69_harmonic.wav,10.000000074505806,60.0,26.910088062286377,37.6648485660553
stim_69_harmonic.wav,84.99999761581421,30.0,60.21989464759827,32.713268995285034
stim_69_harmonic.wav,84.99999761581421,40.000001192092896,50.112547874450684,27.892232537269592
stim_69_harmonic.wav,60.00000178813934,0.0,49.109975695610046,21.212124824523926
stim_69_harmonic.wav,50.00000238418579,60.0,33.275122940540314,41.41533851623535
stim_69_harmonic.wav,0.0,60.0,28.75122606754303,29.994349479675293
stim_69_harmonic.wav,25.000001192092896,40.000001192092896,45.32105505466461,30.80674409866333
stim_69_harmonic.wav,74.99999821186066,20.000000596046448,68.72479856014252,16.736127734184265
stim_69_harmonic.wav,25.000001192092896,0.0,44.480000138282776,25.22088646888733
stim_69_harmonic.wav,0.0,0.0,21.89297318458557,33.477623462677
stim_69_harmonic.wav,60.00000178813934,30.0,59.057859778404236,23.645271062850952
stim_69_harmonic.wav,0.0,40.000001192092896,15.803934931755066,27.80532717704773
stim_89_harmonic.wav,45.0,30.0,42.23239481449127,26.665179133415222
stim_89_harmonic.wav,15.000000447034836,49.999998807907104,40.32887399196625,26.291295289993286
stim_89_harmonic.wav,80.00000059604645,10.000000298023224,46.90994203090668,27.01492667198181
stim_89_harmonic.wav,70.0000011920929,30.0,43.074769377708435,26.17764115333557
stim_89_harmonic.wav,60.00000178813934,60.0,40.674854815006256,26.445318460464478
stim_89_harmonic.wav,64.9999988079071,20.000000596046448,55.72162628173828,27.053579092025757
stim_89_harmonic.wav,74.99999821186066,60.0,47.9119348526001,44.36058282852173
stim_89_harmonic.wav,84.99999761581421,0.0,46.04418933391571,24.613659381866455
stim_89_harmonic.wav,70.0000011920929,60.0,40.07339358329773,26.284080147743225
stim_89_harmonic.wav,50.00000238418579,60.0,40.78508287668228,26.10804855823517
stim_89_harmonic.wav,15.000000447034836,40.000001192092896,22.147709280252457,27.726945877075195
stim_89_harmonic.wav,20.000000149011612,40.000001192092896,40.640898048877716,26.361368894577026
stim_89_harmonic.wav,40.000000298023224,49.999998807907104,40.413178503513336,26.81574046611786
stim_89_harmonic.wav,25.000001192092896,60.0,40.542310774326324,26.365478038787842
stim_89_harmonic.wav,64.9999988079071,40.000001192092896,42.52123922109604,28.103014826774597
stim_89_harmonic.wav,45.0,60.0,37.55007326602936,39.72735643386841
stim_89_harmonic.wav,25.000001192092896,49.999998807907104,40.478624403476715,26.225931644439697
stim_89_harmonic.wav,15.000000447034836,49.999998807907104,39.94934141635895,26.16214156150818
stim_89_harmonic.wav,40.000000298023224,20.000000596046448,41.214949786663055,29.292755126953125
stim_89_harmonic.wav,90.0,20.000000596046448,40.56053102016449,26.552106142044067
stim_89_harmonic.wav,5.000000037252903,30.0,40.388102531433105,26.287100315093994
stim_89_harmonic.wav,5.000000037252903,30.0,23.157731294631958,32.888360023498535
stim_89_harmonic.wav,84.99999761581421,30.0,48.23764085769653,32.20959663391113
stim_89_harmonic.wav,50.00000238418579,0.0,41.04184001684189,26.6702663898468
stim_89_harmonic.wav,25.000001192092896,20.000000596046448,38.27055752277374,27.64705002307892
stim_89_harmonic.wav,5.000000037252903,40.000001192092896,40.835417211055756,26.24978542327881
stim_89_harmonic.wav,40.000000298023224,40.000001192092896,42.715492844581604,39.167561531066895
stim_89_harmonic.wav,60.00000178813934,40.000001192092896,57.57916867733002,34.10307168960571
stim_89_harmonic.wav,80.00000059604645,20.000000596046448,42.63984113931656,25.257575511932373
stim_89_harmonic.wav,25.000001192092896,49.999998807907104,36.75781309604645,35.53958773612976
stim_89_harmonic.wav,84.99999761581421,49.999998807907104,63.84303331375122,37.1431839466095
stim_89_harmonic.wav,45.0,30.0,42.10034966468811,26.624908447265625
stim_89_harmonic.wav,0.0,60.0,38.31458330154419,26.432932019233704
stim_89_harmonic.wav,60.00000178813934,0.0,43.377030193805695,24.517207145690918
stim_89_harmonic.wav,80.00000059604645,49.999998807907104,60.80182135105133,33.34601283073425
stim_89_harmonic.wav,64.9999988079071,20.000000596046448,44.78141337633133,25.79259753227234
stim_89_harmonic.wav,5.000000037252903,0.0,37.63941764831543,26.662412881851196
stim_89_harmonic.wav,25.000001192092896,49.999998807907104,40.36159157752991,26.486669182777405
stim_89_harmonic.wav,50.00000238418579,40.000001192092896,40.11478811502457,26.45003914833069
stim_89_harmonic.wav,54.99999940395355,49.999998807907104,46.82714223861694,34.8112428188324
stim_89_harmonic.wav,5.000000037252903,40.000001192092896,22.981005907058716,31.62437081336975
stim_89_harmonic.wav,15.000000447034836,60.0,40.54184943437576,26.27345860004425
stim_89_harmonic.wav,40.000000298023224,49.999998807907104,40.31827926635742,26.36286199092865
stim_89_harmonic.wav,10.000000074505806,40.000001192092896,27.248792052268982,27.04906940460205
stim_89_harmonic.wav,30.00000089406967,60.0,40.78849196434021,26.69898211956024
stim_89_harmonic.wav,45.0,49.999998807907104,41.68809950351715,28.410987854003906
stim_89_harmonic.wav,35.00000059604645,0.0,40.14836400747299,26.412565112113953
stim_89_harmonic.wav,50.00000238418579,49.999998807907104,49.7041654586792,29.92033302783966
stim_89_harmonic.wav,35.00000059604645,40.000001192092896,40.763928294181824,26.553722620010376
stim_89_harmonic.wav,84.99999761581421,30.0,41.494996547698975,26.411880254745483
stim_89_harmonic.wav,0.0,0.0,39.996443688869476,25.99685490131378
stim_89_harmonic.wav,10.000000074505806,20.000000596046448,43.02223026752472,25.484122037887573
stim_89_harmonic.wav,10.000000074505806,0.0,40.62955230474472,26.1568021774292
stim_89_harmonic.wav,40.000000298023224,40.000001192092896,43.48305255174637,38.64021062850952
stim_89_harmonic.wav,50.00000238418579,60.0,42.25395977497101,27.00697660446167
stim_89_harmonic.wav,54.99999940395355,40.000001192092896,57.289334535598755,32.79219388961792
stim_89_harmonic.wav,80.00000059604645,20.000000596046448,40.226410925388336,26.279826164245605
stim_89_harmonic.wav,20.000000149011612,40.000001192092896,40.45594900846481,26.289140582084656
stim_89_harmonic.wav,50.00000238418579,20.000000596046448,40.935659408569336,27.160672545433044
stim_89_harmonic.wav,30.00000089406967,30.0,42.766149044036865,39.30480122566223
stim_89_harmonic.wav,60.00000178813934,60.0,40.66640853881836,26.46010458469391
stim_89_harmonic.wav,35.00000059604645,60.0,40.77392220497131,26.39540433883667
stim_89_harmonic.wav,50.00000238418579,30.0,39.853127896785736,27.343148589134216
stim_89_harmonic.wav,5.000000037252903,10.000000298023224,24.761332869529724,35.282721519470215
stim_89_harmonic.wav,5.000000037252903,60.0,21.45557999610901,33.120338916778564
stim_89_harmonic.wav,80.00000059604645,0.0,50.12782573699951,21.839516758918762
stim_89_harmonic.wav,60.00000178813934,0.0,51.07649624347687,26.1719012260437
stim_89_harmonic.wav,20.000000149011612,10.000000298023224,40.834062695503235,26.3578999042511
stim_89_harmonic.wav,5.000000037252903,30.0,40.60164391994476,26.21969997882843
stim_89_harmonic.wav,10.000000074505806,30.0,19.602452516555786,27.453473210334778
stim_89_harmonic.wav,15.000000447034836,40.000001192092896,32.26486086845398,29.25944745540619
stim_89_harmonic.wav,50.00000238418579,49.999998807907104,40.64349979162216,26.31754696369171
stim_89_harmonic.wav,70.0000011920929,20.000000596046448,40.57170778512955,26.70990765094757
stim_89_harmonic.wav,54.99999940395355,0.0,53.946229219436646,29.18798267841339
stim_89_harmonic.wav,50.00000238418579,20.000000596046448,49.578182101249695,31.42585515975952
stim_89_harmonic.wav,20.000000149011612,10.000000298023224,41.416984498500824,26.406480073928833
stim_89_harmonic.wav,20.000000149011612,20.000000596046448,39.728901386260986,26.552406549453735
stim_89_harmonic.wav,84.99999761581421,60.0,40.389604568481445,27.16567575931549
stim_89_harmonic.wav,64.9999988079071,30.0,44.46128100156784,24.65518891811371
stim_89_harmonic.wav,25.000001192092896,0.0,34.27745908498764,26.376872062683105
stim_89_harmonic.wav,10.000000074505806,0.0,19.688468277454376,26.37321174144745
stim_89_harmonic.wav,45.0,40.000001192092896,42.36061781644821,31.70730471611023
stim_89_harmonic.wav,5.000000037252903,49.999998807907104,25.464986264705658,31.479424238204956
stim_89_harmonic.wav,80.00000059604645,40.000001192092896,41.27441167831421,26.809446215629578
stim_89_harmonic.wav,74.99999821186066,40.000001192092896,51.66002690792084,28.651880621910095
stim_89_harmonic.wav,40.000000298023224,10.000000298023224,47.05951809883118,28.007826805114746
stim_89_harmonic.wav,5.000000037252903,20.000000596046448,41.33228302001953,26.308956742286682
stim_89_harmonic.wav,5.000000037252903,60.0,40.186247527599335,26.35308086872101
stim_89_harmonic.wav,30.00000089406967,10.000000298023224,40.8673757314682,26.085053086280823
stim_89_harmonic.wav,20.000000149011612,40.000001192092896,41.856536865234375,26.497431993484497
stim_89_harmonic.wav,5.000000037252903,0.0,36.66756480932236,27.973936200141907
stim_89_harmonic.wav,54.99999940395355,0.0,48.19157123565674,32.47381925582886
stim_89_harmonic.wav,0.0,10.000000298023224,35.906206369400024,28.981289863586426
stim_89_harmonic.wav,20.000000149011612,0.0,36.91537946462631,33.87617111206055
stim_89_harmonic.wav,50.00000238418579,10.000000298023224,57.474825382232666,25.828104615211487
stim_89_harmonic.wav,84.99999761581421,0.0,48.115267753601074,20.786978602409363
stim_89_harmonic.wav,80.00000059604645,0.0,50.682554841041565,24.26278531551361
stim_89_harmonic.wav,0.0,30.0,33.94905477762222,28.47815215587616
stim_89_harmonic.wav,10.000000074505806,49.999998807907104,40.938564240932465,26.22368037700653
stim_89_harmonic.wav,45.0,49.999998807907104,40.50720602273941,26.4314067363739
stim_89_harmonic.wav,5.000000037252903,20.000000596046448,32.232738733291626,30.488011837005615
stim_89_harmonic.wav,25.000001192092896,20.000000596046448,38.04964005947113,32.24349617958069
stim_89_harmonic.wav,0.0,20.000000596046448,34.3750861287117,24.80351150035858
stim_89_harmonic.wav,30.00000089406967,49.999998807907104,40.42520821094513,26.27173125743866
stim_89_harmonic.wav,50.00000238418579,60.0,40.822934210300446,26.372727155685425
stim_89_harmonic.wav,64.9999988079071,10.000000298023224,41.24600440263748,26.245962381362915
stim_89_harmonic.wav,50.00000238418579,0.0,42.10025578737259,27.16342806816101
stim_89_harmonic.wav,5.000000037252903,30.0,26.731477081775665,33.381285667419434
stim_89_harmonic.wav,0.0,30.0,26.372557282447815,27.81203806400299
stim_89_harmonic.wav,10.000000074505806,49.999998807907104,18.912031799554825,33.273868560791016
stim_89_harmonic.wav,54.99999940395355,0.0,52.84595489501953,25.221741199493408
stim_89_harmonic.wav,40.000000298023224,49.999998807907104,39.82422977685928,26.731313467025757
stim_89_harmonic.wav,25.000001192092896,20.000000596046448,40.2780756354332,26.404733061790466
stim_89_harmonic.wav,64.9999988079071,40.000001192092896,41.111620366573334,27.036505937576294
stim_89_harmonic.wav,70.0000011920929,40.000001192092896,40.5816587805748,27.3203444480896
stim_89_harmonic.wav,40.000000298023224,30.0,39.93174612522125,26.585238575935364
stim_89_harmonic.wav,35.00000059604645,60.0,42.40042984485626,28.3874773979187
stim_89_harmonic.wav,15.000000447034836,10.000000298023224,40.46465814113617,26.317318081855774
stim_89_harmonic.wav,25.000001192092896,40.000001192092896,37.44187831878662,39.55227613449097
stim_89_harmonic.wav,84.99999761581421,20.000000596046448,41.19855880737305,25.896220207214355
stim_93_harmonic.wav,40.000000298023224,40.000001192092896,42.125235199928284,29.0217125415802
stim_93_harmonic.wav,80.00000059604645,60.0,39.53823655843735,27.37217903137207
stim_93_harmonic.wav,10.000000074505806,49.999998807907104,36.70450150966644,27.849773168563843
stim_93_harmonic.wav,15.000000447034836,40.000001192092896,41.132689118385315,26.01034104824066
stim_93_harmonic.wav,54.99999940395355,10.000000298023224,46.57698333263397,23.57675313949585
stim_93_harmonic.wav,70.0000011920929,49.999998807907104,44.562330543994904,32.659674882888794
stim_93_harmonic.wav,64.9999988079071,10.000000298023224,58.98117542266846,43.315815925598145
stim_93_harmonic.wav,74.99999821186066,49.999998807907104,55.78690052032471,29.458143711090088
stim_93_harmonic.wav,35.00000059604645,60.0,37.853801250457764,25.92756450176239
stim_93_harmonic.wav,30.00000089406967,60.0,39.89633023738861,26.19562804698944
stim_93_harmonic.wav,25.000001192092896,60.0,39.18649435043335,26.897717714309692
stim_93_harmonic.wav,30.00000089406967,0.0,49.66302573680878,41.334614753723145
stim_93_harmonic.wav,35.00000059604645,60.0,41.518602669239044,25.778521299362183
stim_93_harmonic.wav,64.9999988079071,40.000001192092896,50.73057174682617,28.642160296440125
stim_93_harmonic.wav,5.000000037252903,49.999998807907104,40.5439630150795,26.2049800157547
stim_93_harmonic.wav,64.9999988079071,49.999998807907104,46.629323959350586,25.5142879486084
stim_93_harmonic.wav,84.99999761581421,30.0,43.26848387718201,27.959225177764893
stim_93_harmonic.wav,5.000000037252903,20.000000596046448,41.10104709863663,26.220009326934814
stim_93_harmonic.wav,20.000000149011612,10.000000298023224,40.80331116914749,26.08056664466858
stim_93_harmonic.wav,54.99999940395355,10.000000298023224,40.245132744312286,27.0219486951828
stim_93_harmonic.wav,20.000000149011612,60.0,39.90044742822647,26.436402797698975
stim_93_harmonic.wav,64.9999988079071,0.0,56.88370943069458,38.67170691490173
stim_93_harmonic.wav,50.00000238418579,49.999998807907104,40.13203203678131,26.485896706581116
stim_93_harmonic.wav,80.00000059604645,30.0,40.45245409011841,26.26031756401062
stim_93_harmonic.wav,70.0000011920929,0.0,48.38498532772064,35.739601850509644
stim_93_harmonic.wav,60.00000178813934,30.0,40.952071845531464,26.551390886306763
stim_93_harmonic.wav,45.0,30.0,39.52920287847519,26.578917503356934
stim_93_harmonic.wav,10.000000074505806,10.000000298023224,29.82939898967743,31.639201641082764
stim_93_harmonic.wav,30.00000089406967,0.0,42.38615781068802,27.435818910598755
stim_93_harmonic.wav,35.00000059604645,40.000001192092896,40.89788317680359,24.85110640525818
stim_93_harmonic.wav,45.0,20.000000596046448,40.378639698028564,26.29518985748291
stim_93_harmonic.wav,20.000000149011612,40.000001192092896,41.448293924331665,25.86598813533783
stim_93_harmonic.wav,70.0000011920929,40.000001192092896,39.91453975439072,25.916056036949158
stim_93_harmonic.wav,84.99999761581421,10.000000298023224,39.929417967796326,25.802777409553528
stim_93_harmonic.wav,5.000000037252903,20.000000596046448,31.37496829032898,33.17535996437073
stim_93_harmonic.wav,54.99999940395355,10.000000298023224,40.34660071134567,26.597355008125305
stim_93_harmonic.wav,5.000000037252903,20.000000596046448,40.6851652264595,26.224581599235535
stim_93_harmonic.wav,25.000001192092896,60.0,32.18872368335724,25.23095190525055
stim_93_harmonic.wav,45.0,60.0,41.25146001577377,25.889021158218384
stim_93_harmonic.wav,45.0,20.000000596046448,40.54791659116745,26.184430718421936
stim_93_harmonic.wav,15.000000447034836,0.0,35.205664336681366,20.476205348968506
stim_93_harmonic.wav,74.99999821186066,40.000001192092896,44.588173627853394,28.999335765838623
stim_93_harmonic.wav,74.99999821186066,60.0,40.773029029369354,25.829933881759644
stim_93_harmonic.wav,25.000001192092896,20.000000596046448,37.57141023874283,25.67513108253479
stim_93_harmonic.wav,10.000000074505806,0.0,26.678031384944916,28.570159077644348
stim_93_harmonic.wav,45.0,49.999998807907104,39.384497702121735,27.409558296203613
stim_93_harmonic.wav,84.99999761581421,10.000000298023224,38.450429141521454,26.096137762069702
stim_93_harmonic.wav,64.9999988079071,10.000000298023224,57.83675730228424,40.360751152038574
stim_93_harmonic.wav,40.000000298023224,40.000001192092896,41.45631641149521,28.006103038787842
stim_93_harmonic.wav,30.00000089406967,49.999998807907104,36.64233595132828,25.1739764213562
stim_93_harmonic.wav,35.00000059604645,49.999998807907104,35.171619057655334,26.088175177574158
stim_93_harmonic.wav,54.99999940395355,49.999998807907104,42.53063499927521,31.41246199607849
stim_93_harmonic.wav,15.000000447034836,10.000000298023224,41.84446692466736,26.543821692466736
stim_93_harmonic.wav,15.000000447034836,60.0,40.977762043476105,26.523064970970154
stim_93_harmonic.wav,5.000000037252903,30.0,40.51941007375717,26.416879892349243
stim_93_harmonic.wav,35.00000059604645,60.0,41.22962951660156,26.168382167816162
stim_93_harmonic.wav,54.99999940395355,49.999998807907104,44.288409948349,26.749595403671265
stim_93_harmonic.wav,40.000000298023224,40.000001192092896,38.553495705127716,28.91111969947815
stim_93_harmonic.wav,0.0,30.0,35.7310876250267,27.297574281692505
stim_93_harmonic.wav,5.000000037252903,0.0,27.53648042678833,30.463356971740723
stim_93_harmonic.wav,30.00000089406967,0.0,40.50808310508728,26.64346754550934
stim_93_harmonic.wav,74.99999821186066,0.0,50.812872648239136,26.392856240272522
stim_93_harmonic.wav,50.00000238418579,40.000001192092896,37.87616014480591,35.912489891052246
stim_93_harmonic.wav,35.00000059604645,30.0,38.896198868751526,28.958728909492493
stim_93_harmonic.wav,25.000001192092896,60.0,40.71002662181854,26.132091879844666
stim_93_harmonic.wav,90.0,20.000000596046448,40.705834329128265,26.703654527664185
stim_93_harmonic.wav,60.00000178813934,40.000001192092896,40.725044310092926,26.16938352584839
stim_93_harmonic.wav,80.00000059604645,30.0,39.469888508319855,26.63467526435852
stim_93_harmonic.wav,90.0,0.0,39.121077954769135,26.803579330444336
stim_93_harmonic.wav,45.0,10.000000298023224,40.55564135313034,26.321648955345154
stim_93_harmonic.wav,10.000000074505806,10.000000298023224,40.561137199401855,26.21882915496826
stim_93_harmonic.wav,20.000000149011612,20.000000596046448,39.53705906867981,26.565871238708496
stim_93_harmonic.wav,25.000001192092896,49.999998807907104,43.6190190911293,25.30599296092987
stim_93_harmonic.wav,90.0,0.0,39.41887021064758,26.279831528663635
stim_93_harmonic.wav,84.99999761581421,20.000000596046448,40.960799753665924,25.640462636947632
stim_93_harmonic.wav,60.00000178813934,40.000001192092896,39.99525547027588,26.4149272441864
stim_93_harmonic.wav,60.00000178813934,49.999998807907104,43.732983469963074,34.00043964385986
stim_93_harmonic.wav,50.00000238418579,0.0,40.34308165311813,26.270307898521423
stim_93_harmonic.wav,20.000000149011612,60.0,40.556285083293915,26.297017335891724
stim_93_harmonic.wav,15.000000447034836,60.0,41.340080201625824,26.293299794197083
stim_93_harmonic.wav,60.00000178813934,60.0,39.92870718240738,27.27143883705139
stim_93_harmonic.wav,70.0000011920929,49.999998807907104,37.65872418880463,26.639161705970764
stim_93_harmonic.wav,60.00000178813934,30.0,40.43271839618683,26.31530463695526
stim_93_harmonic.wav,70.0000011920929,49.999998807907104,46.268470287323,33.41878652572632
stim_93_harmonic.wav,54.99999940395355,49.999998807907104,38.09301406145096,27.386047840118408
stim_93_harmonic.wav,50.00000238418579,40.000001192092896,39.02728110551834,26.820300221443176
stim_93_harmonic.wav,35.00000059604645,10.000000298023224,37.77281731367111,30.53973913192749
stim_93_harmonic.wav,25.000001192092896,0.0,40.189892649650574,25.103997588157654
stim_93_harmonic.wav,15.000000447034836,30.0,26.33433312177658,31.45633578300476
stim_93_harmonic.wav,80.00000059604645,49.999998807907104,40.009725987911224,26.49957239627838
stim_93_harmonic.wav,0.0,20.000000596046448,27.275941371917725,27.7942156791687
stim_93_harmonic.wav,84.99999761581421,10.000000298023224,39.14258122444153,24.02907371520996
stim_93_harmonic.wav,5.000000037252903,10.000000298023224,28.892953991889954,30.58918833732605
stim_93_harmonic.wav,90.0,10.000000298023224,38.084245920181274,24.037985801696777
stim_93_harmonic.wav,40.000000298023224,49.999998807907104,40.56245416402817,27.12150514125824
stim_93_harmonic.wav,84.99999761581421,0.0,40.53739160299301,26.145878434181213
stim_93_harmonic.wav,15.000000447034836,0.0,40.11986285448074,26.461663842201233
stim_93_harmonic.wav,54.99999940395355,0.0,43.39873194694519,28.85812282562256
stim_93_harmonic.wav,25.000001192092896,20.000000596046448,39.96445566415787,26.303694248199463
stim_93_harmonic.wav,74.99999821186066,10.000000298023224,40.5213788151741,26.392182111740112
stim_93_harmonic.wav,54.99999940395355,49.999998807907104,39.73990112543106,26.181426644325256
stim_93_harmonic.wav,35.00000059604645,40.000001192092896,39.745061695575714,27.519494891166687
stim_93_harmonic.wav,30.00000089406967,60.0,40.808691680431366,26.076546907424927
stim_93_harmonic.wav,5.000000037252903,30.0,24.741554260253906,33.66219520568848
stim_93_harmonic.wav,80.00000059604645,10.000000298023224,40.572917461395264,25.86638331413269
stim_93_harmonic.wav,54.99999940395355,60.0,34.001317620277405,23.270947337150574
stim_93_harmonic.wav,15.000000447034836,30.0,40.25326520204544,26.35541081428528
stim_93_harmonic.wav,5.000000037252903,60.0,41.551553606987,26.7873877286911
stim_93_harmonic.wav,0.0,0.0,27.830021381378174,28.19270431995392
stim_93_harmonic.wav,0.0,40.000001192092896,39.30823177099228,27.179476618766785
stim_93_harmonic.wav,45.0,20.000000596046448,40.3540974855423,26.28749907016754
stim_93_harmonic.wav,74.99999821186066,60.0,41.60490542650223,29.674771428108215
stim_93_harmonic.wav,20.000000149011612,10.000000298023224,41.011734902858734,26.130550503730774
stim_93_harmonic.wav,40.000000298023224,0.0,40.901734828948975,26.248326301574707
stim_93_harmonic.wav,60.00000178813934,0.0,47.20632076263428,29.5811927318573
stim_93_harmonic.wav,70.0000011920929,60.0,37.777017652988434,26.69197976589203
stim_93_harmonic.wav,40.000000298023224,20.000000596046448,40.62737166881561,26.417407393455505
stim_93_harmonic.wav,20.000000149011612,30.0,40.8432412147522,26.079073548316956
stim_93_harmonic.wav,80.00000059604645,49.999998807907104,41.8279954791069,26.064178347587585
stim_93_harmonic.wav,10.000000074505806,30.0,41.060138046741486,26.251285672187805
stim_93_harmonic.wav,45.0,40.000001192092896,41.10690236091614,25.72952628135681
stim_93_harmonic.wav,50.00000238418579,10.000000298023224,40.22776812314987,26.33325219154358
stim_93_harmonic.wav,20.000000149011612,10.000000298023224,35.154367089271545,26.005332469940186
stim_93_harmonic.wav,0.0,30.0,39.73398417234421,26.59975826740265
stim_93_harmonic.wav,25.000001192092896,0.0,41.50653272867203,26.29504144191742
stim_93_harmonic.wav,30.00000089406967,40.000001192092896,39.467619359493256,27.638610005378723
stim_93_harmonic.wav,50.00000238418579,40.000001192092896,38.590966165065765,26.760671138763428
stim_93_harmonic.wav,60.00000178813934,20.000000596046448,40.56495130062103,26.206226348876953
stim_93_harmonic.wav,45.0,30.0,40.48444211483002,26.46098256111145
stim_93_harmonic.wav,80.00000059604645,40.000001192092896,40.62612980604172,26.42020583152771
stim_93_harmonic.wav,15.000000447034836,60.0,39.762989580631256,26.09365403652191
stim_93_harmonic.wav,25.000001192092896,20.000000596046448,38.084634840488434,26.321643590927124
stim_93_harmonic.wav,90.0,30.0,52.676289081573486,31.67917013168335
stim_93_harmonic.wav,50.00000238418579,20.000000596046448,46.21426820755005,28.180208802223206
stim_93_harmonic.wav,35.00000059604645,49.999998807907104,41.54120832681656,26.8862646818161
stim_75_harmonic.wav,84.99999761581421,30.0,74.14127826690674,27.605198621749878
stim_75_harmonic.wav,15.000000447034836,20.000000596046448,17.76689350605011,18.427088856697083
stim_75_harmonic.wav,54.99999940395355,30.0,48.033095598220825,32.969030141830444
stim_75_harmonic.wav,80.00000059604645,20.000000596046448,46.09665870666504,24.2032653093338
stim_75_harmonic.wav,84.99999761581421,0.0,44.586671590805054,23.982750177383423
stim_75_harmonic.wav,50.00000238418579,10.000000298023224,51.76810383796692,16.41274094581604
stim_75_harmonic.wav,45.0,0.0,43.95946383476257,28.181966543197632
stim_75_harmonic.wav,50.00000238418579,0.0,47.49719023704529,27.450610399246216
stim_75_harmonic.wav,50.00000238418579,20.000000596046448,42.42717683315277,28.91945242881775
stim_75_harmonic.wav,25.000001192092896,10.000000298023224,44.407717287540436,26.80392622947693
stim_75_harmonic.wav,10.000000074505806,49.999998807907104,31.24925583600998,28.47261071205139
stim_75_harmonic.wav,35.00000059604645,30.0,44.62526589632034,23.397011160850525
stim_75_harmonic.wav,54.99999940395355,49.999998807907104,42.877750396728516,35.36785125732422
stim_75_harmonic.wav,70.0000011920929,0.0,47.74432361125946,24.641595482826233
stim_75_harmonic.wav,40.000000298023224,0.0,47.79385328292847,23.472472429275513
stim_75_harmonic.wav,84.99999761581421,49.999998807907104,50.773218870162964,23.978821635246277
stim_75_harmonic.wav,40.000000298023224,0.0,36.84711456298828,27.81266212463379
stim_75_harmonic.wav,20.000000149011612,40.000001192092896,30.54820954799652,30.057567358016968
stim_75_harmonic.wav,40.000000298023224,40.000001192092896,42.816081047058105,35.56941747665405
stim_75_harmonic.wav,54.99999940395355,0.0,55.05726456642151,18.48769247531891
stim_75_harmonic.wav,64.9999988079071,10.000000298023224,42.508804500103,26.174363493919373
stim_75_harmonic.wav,15.000000447034836,10.000000298023224,38.72049808502197,27.01264500617981
stim_75_harmonic.wav,0.0,30.0,22.74453967809677,29.978145360946655
stim_75_harmonic.wav,15.000000447034836,49.999998807907104,29.42074567079544,27.134916186332703
stim_75_harmonic.wav,30.00000089406967,60.0,31.57169222831726,37.153708934783936
stim_75_harmonic.wav,50.00000238418579,30.0,43.28218191862106,24.550434350967407
stim_75_harmonic.wav,45.0,30.0,46.160672307014465,28.002376556396484
stim_75_harmonic.wav,20.000000149011612,20.000000596046448,41.91595047712326,25.583399534225464
stim_75_harmonic.wav,10.000000074505806,20.000000596046448,43.14624488353729,29.411174654960632
stim_75_harmonic.wav,15.000000447034836,30.0,31.261494755744934,26.53729498386383
stim_75_harmonic.wav,70.0000011920929,20.000000596046448,41.422230899333954,26.006274819374084
stim_75_harmonic.wav,80.00000059604645,10.000000298023224,53.9228618144989,22.862432599067688
stim_75_harmonic.wav,80.00000059604645,20.000000596046448,48.19578766822815,29.125031232833862
stim_75_harmonic.wav,90.0,40.000001192092896,64.87841963768005,31.148453950881958
stim_75_harmonic.wav,74.99999821186066,40.000001192092896,57.01832413673401,26.16838574409485
stim_75_harmonic.wav,70.0000011920929,0.0,41.01099193096161,26.173932552337646
stim_75_harmonic.wav,54.99999940395355,10.000000298023224,50.645819306373596,18.695998191833496
stim_75_harmonic.wav,70.0000011920929,60.0,48.26462924480438,37.86629319190979
stim_75_harmonic.wav,90.0,20.000000596046448,39.71326142549515,26.66603922843933
stim_75_harmonic.wav,90.0,40.000001192092896,65.71614861488342,31.75175428390503
stim_75_harmonic.wav,74.99999821186066,49.999998807907104,50.94007909297943,29.708247184753418
stim_75_harmonic.wav,20.000000149011612,30.0,31.58442199230194,27.070738077163696
stim_75_harmonic.wav,74.99999821186066,60.0,55.71197032928467,50.95284461975098
stim_75_harmonic.wav,54.99999940395355,20.000000596046448,45.06166934967041,27.98784613609314
stim_75_harmonic.wav,30.00000089406967,60.0,41.90606653690338,27.829216718673706
stim_75_harmonic.wav,10.000000074505806,0.0,13.691271543502808,18.075538873672485
stim_75_harmonic.wav,84.99999761581421,20.000000596046448,53.093801736831665,20.24979829788208
stim_75_harmonic.wav,10.000000074505806,49.999998807907104,33.55362743139267,28.15437912940979
stim_75_harmonic.wav,5.000000037252903,30.0,22.218266129493713,30.741848945617676
stim_75_harmonic.wav,15.000000447034836,0.0,30.436232686042786,27.607258558273315
stim_75_harmonic.wav,80.00000059604645,30.0,58.84045600891113,23.5140198469162
stim_75_harmonic.wav,54.99999940395355,40.000001192092896,41.95088893175125,26.894220113754272
stim_75_harmonic.wav,20.000000149011612,49.999998807907104,41.0608971118927,30.413421392440796
stim_75_harmonic.wav,5.000000037252903,0.0,23.4932541847229,33.48594546318054
stim_75_harmonic.wav,50.00000238418579,10.000000298023224,50.1957231760025,16.554722785949707
stim_75_harmonic.wav,54.99999940395355,10.000000298023224,44.58842843770981,26.248372793197632
stim_75_harmonic.wav,25.000001192092896,0.0,41.609317660331726,29.390276670455933
stim_75_harmonic.wav,30.00000089406967,0.0,42.242335081100464,39.69653248786926
stim_75_harmonic.wav,30.00000089406967,10.000000298023224,41.4385199546814,30.48723578453064
stim_75_harmonic.wav,70.0000011920929,0.0,43.90653043985367,25.278709530830383
stim_75_harmonic.wav,20.000000149011612,20.000000596046448,36.333012878894806,31.434305906295776
stim_75_harmonic.wav,30.00000089406967,49.999998807907104,47.50247418880463,27.27478802204132
stim_75_harmonic.wav,35.00000059604645,49.999998807907104,43.56848627328873,34.42477226257324
stim_75_harmonic.wav,40.000000298023224,60.0,47.29243040084839,26.859111785888672
stim_75_harmonic.wav,50.00000238418579,0.0,45.885499119758606,27.512782216072083
stim_75_harmonic.wav,35.00000059604645,0.0,46.14824295043945,29.16707754135132
stim_75_harmonic.wav,10.000000074505806,40.000001192092896,37.701803147792816,28.415361642837524
stim_75_harmonic.wav,90.0,49.999998807907104,50.55142164230347,30.873717069625854
stim_75_harmonic.wav,35.00000059604645,60.0,44.94839698076248,24.606651663780212
stim_75_harmonic.wav,10.000000074505806,0.0,17.05550193786621,22.592296600341797
stim_75_harmonic.wav,35.00000059604645,30.0,51.67667269706726,33.26111197471619
stim_75_harmonic.wav,80.00000059604645,20.000000596046448,45.57508707046509,26.15462064743042
stim_75_harmonic.wav,80.00000059604645,49.999998807907104,50.470553040504456,20.58408558368683
stim_75_harmonic.wav,60.00000178813934,0.0,53.4775185585022,21.465740203857422
stim_75_harmonic.wav,60.00000178813934,49.999998807907104,41.13463908433914,26.600568294525146
stim_75_harmonic.wav,30.00000089406967,49.999998807907104,35.38649082183838,37.20925211906433
stim_75_harmonic.wav,54.99999940395355,40.000001192092896,48.3097118139267,33.3983588218689
stim_75_harmonic.wav,15.000000447034836,49.999998807907104,31.461018919944763,26.53976619243622
stim_75_harmonic.wav,80.00000059604645,40.000001192092896,63.3011519908905,31.96811556816101
stim_75_harmonic.wav,84.99999761581421,49.999998807907104,55.505805015563965,32.483593225479126
stim_75_harmonic.wav,74.99999821186066,10.000000298023224,48.11438262462616,21.896002292633057
stim_75_harmonic.wav,70.0000011920929,40.000001192092896,58.86999785900116,29.68473494052887
stim_75_harmonic.wav,54.99999940395355,20.000000596046448,43.22463780641556,25.371689200401306
stim_75_harmonic.wav,35.00000059604645,0.0,41.82787209749222,28.277456760406494
stim_75_harmonic.wav,64.9999988079071,20.000000596046448,44.38057065010071,25.340800881385803
stim_75_harmonic.wav,80.00000059604645,20.000000596046448,67.04478621482849,18.931961059570312
stim_75_harmonic.wav,20.000000149011612,20.000000596046448,24.558206498622894,21.709342002868652
stim_75_harmonic.wav,5.000000037252903,0.0,7.293725609779358,34.94305372238159
stim_75_harmonic.wav,50.00000238418579,10.000000298023224,51.157734990119934,12.560173273086548
stim_75_harmonic.wav,90.0,30.0,77.43680119514465,26.246643662452698
stim_75_harmonic.wav,84.99999761581421,60.0,43.76868635416031,30.748533010482788
stim_75_harmonic.wav,60.00000178813934,49.999998807907104,44.83038783073425,24.83233630657196
stim_75_harmonic.wav,30.00000089406967,40.000001192092896,47.75274038314819,24.989347457885742
stim_75_harmonic.wav,70.0000011920929,10.000000298023224,59.81504201889038,20.006956458091736
stim_75_harmonic.wav,60.00000178813934,49.999998807907104,50.21474540233612,33.71575355529785
stim_75_harmonic.wav,64.9999988079071,60.0,47.33531355857849,40.821733474731445
stim_75_harmonic.wav,50.00000238418579,20.000000596046448,42.77085363864899,26.779194474220276
stim_75_harmonic.wav,54.99999940395355,49.999998807907104,48.886295557022095,32.834157943725586
stim_75_harmonic.wav,60.00000178813934,60.0,41.160133481025696,29.369450211524963
stim_75_harmonic.wav,20.000000149011612,0.0,30.319465398788452,30.091445446014404
stim_75_harmonic.wav,45.0,20.000000596046448,43.600648641586304,24.83799397945404
stim_75_harmonic.wav,50.00000238418579,10.000000298023224,45.57749032974243,24.943485260009766
stim_75_harmonic.wav,10.000000074505806,30.0,22.85654067993164,26.822542548179626
stim_75_harmonic.wav,5.000000037252903,30.0,32.22794830799103,30.43056607246399
stim_75_harmonic.wav,64.9999988079071,30.0,47.63478755950928,26.491790413856506
stim_75_harmonic.wav,20.000000149011612,0.0,26.44409716129303,22.482399344444275
stim_75_harmonic.wav,45.0,40.000001192092896,50.37379503250122,48.54954957962036
stim_75_harmonic.wav,80.00000059604645,0.0,48.79560470581055,20.978729724884033
stim_104_harmonic.wav,40.000000298023224,30.0,43.35650324821472,26.493099331855774
stim_104_harmonic.wav,64.9999988079071,60.0,44.411094188690186,34.93568658828735
stim_104_harmonic.wav,45.0,20.000000596046448,43.83275359869003,26.76186203956604
stim_104_harmonic.wav,35.00000059604645,60.0,41.3306200504303,26.232141852378845
stim_104_harmonic.wav,74.99999821186066,20.000000596046448,41.22333437204361,27.156785130500793
stim_104_harmonic.wav,5.000000037252903,0.0,41.103957295417786,26.299955248832703
stim_104_harmonic.wav,5.000000037252903,30.0,42.09996610879898,27.78261959552765
stim_104_harmonic.wav,84.99999761581421,20.000000596046448,40.649038553237915,26.221194863319397
stim_104_harmonic.wav,0.0,20.000000596046448,41.54800236225128,26.648393869400024
stim_104_harmonic.wav,40.000000298023224,20.000000596046448,41.30104333162308,26.178123950958252
stim_104_harmonic.wav,45.0,49.999998807907104,40.69823831319809,27.347057461738586
stim_104_harmonic.wav,90.0,10.000000298023224,40.512535572052,26.330414414405823
stim_104_harmonic.wav,80.00000059604645,60.0,41.69040083885193,26.247212290763855
stim_104_harmonic.wav,80.00000059604645,0.0,40.49753129482269,27.973687648773193
stim_104_harmonic.wav,64.9999988079071,49.999998807907104,41.64880245923996,26.332420706748962
stim_104_harmonic.wav,10.000000074505806,30.0,44.68458831310272,28.56269359588623
stim_104_harmonic.wav,74.99999821186066,20.000000596046448,41.62435680627823,26.158844232559204
stim_104_harmonic.wav,15.000000447034836,60.0,41.28005236387253,26.034257411956787
stim_104_harmonic.wav,80.00000059604645,10.000000298023224,36.69055134057999,30.974185466766357
stim_104_harmonic.wav,84.99999761581421,0.0,41.59911721944809,32.301414012908936
stim_104_harmonic.wav,45.0,20.000000596046448,42.62710064649582,25.85855484008789
stim_104_harmonic.wav,74.99999821186066,0.0,41.315065920352936,26.069880723953247
stim_104_harmonic.wav,60.00000178813934,0.0,41.15511506795883,26.13165020942688
stim_104_harmonic.wav,40.000000298023224,0.0,41.249284744262695,26.498095393180847
stim_104_harmonic.wav,40.000000298023224,49.999998807907104,42.57762461900711,33.25604438781738
stim_104_harmonic.wav,54.99999940395355,10.000000298023224,42.60643422603607,26.540944576263428
stim_104_harmonic.wav,45.0,10.000000298023224,42.95257866382599,28.581631779670715
stim_104_harmonic.wav,60.00000178813934,20.000000596046448,40.84351748228073,26.11453413963318
stim_104_harmonic.wav,54.99999940395355,0.0,40.75070232152939,27.338088154792786
stim_104_harmonic.wav,35.00000059604645,49.999998807907104,42.672623097896576,27.75290071964264
stim_104_harmonic.wav,30.00000089406967,60.0,43.570683002471924,30.273027420043945
stim_104_harmonic.wav,5.000000037252903,0.0,41.749699115753174,26.413974165916443
stim_104_harmonic.wav,80.00000059604645,20.000000596046448,42.7380234003067,27.600919604301453
stim_104_harmonic.wav,80.00000059604645,40.000001192092896,41.90370351076126,28.383389711380005
stim_104_harmonic.wav,74.99999821186066,20.000000596046448,41.54155969619751,26.136651635169983
stim_104_harmonic.wav,60.00000178813934,20.000000596046448,41.15736275911331,26.658754348754883
stim_104_harmonic.wav,0.0,0.0,29.02989149093628,29.46880280971527
stim_104_harmonic.wav,90.0,20.000000596046448,42.48724490404129,26.75975739955902
stim_104_harmonic.wav,64.9999988079071,49.999998807907104,45.428338050842285,28.355807662010193
stim_104_harmonic.wav,30.00000089406967,20.000000596046448,44.48421657085419,28.645763397216797
stim_104_harmonic.wav,25.000001192092896,0.0,41.15533500909805,26.2497478723526
stim_104_harmonic.wav,20.000000149011612,49.999998807907104,44.94502812623978,27.44544804096222
stim_104_harmonic.wav,50.00000238418579,30.0,40.95171242952347,26.16762936115265
stim_104_harmonic.wav,5.000000037252903,40.000001192092896,33.50623548030853,31.587810516357422
stim_104_harmonic.wav,40.000000298023224,30.0,42.90416479110718,28.10955584049225
stim_104_harmonic.wav,5.000000037252903,10.000000298023224,34.64554399251938,29.185354113578796
stim_104_harmonic.wav,5.000000037252903,20.000000596046448,41.18008106946945,26.411837339401245
stim_104_harmonic.wav,35.00000059604645,60.0,40.96148639917374,26.114226579666138
stim_104_harmonic.wav,54.99999940395355,40.000001192092896,39.19506400823593,26.746017336845398
stim_104_harmonic.wav,80.00000059604645,40.000001192092896,41.06592893600464,26.707887053489685
stim_104_harmonic.wav,90.0,40.000001192092896,40.85674613714218,26.115140318870544
stim_104_harmonic.wav,84.99999761581421,10.000000298023224,40.94813972711563,26.344980597496033
stim_104_harmonic.wav,74.99999821186066,0.0,41.32327884435654,26.31971776485443
stim_104_harmonic.wav,15.000000447034836,0.0,39.34176743030548,31.662486791610718
stim_104_harmonic.wav,30.00000089406967,10.000000298023224,40.773737132549286,27.761281728744507
stim_104_harmonic.wav,54.99999940395355,20.000000596046448,42.24820375442505,26.724783182144165
stim_104_harmonic.wav,54.99999940395355,10.000000298023224,41.62514001131058,26.21667444705963
stim_104_harmonic.wav,74.99999821186066,49.999998807907104,41.480107605457306,26.37904644012451
stim_104_harmonic.wav,45.0,10.000000298023224,41.328069269657135,26.399665474891663
stim_104_harmonic.wav,25.000001192092896,20.000000596046448,42.57077693939209,25.591145753860474
stim_104_harmonic.wav,0.0,10.000000298023224,41.75032675266266,27.403675317764282
stim_104_harmonic.wav,84.99999761581421,20.000000596046448,42.0035058259964,26.641777753829956
stim_104_harmonic.wav,45.0,10.000000298023224,41.25288963317871,26.187325716018677
stim_104_harmonic.wav,30.00000089406967,49.999998807907104,42.95574098825455,28.667171001434326
stim_104_harmonic.wav,80.00000059604645,60.0,41.28786027431488,26.28830909729004
stim_104_harmonic.wav,35.00000059604645,10.000000298023224,40.98869472742081,28.446650505065918
stim_104_harmonic.wav,10.000000074505806,49.999998807907104,41.15736544132233,26.278043389320374
stim_104_harmonic.wav,5.000000037252903,30.0,37.36165076494217,29.58010196685791
stim_104_harmonic.wav,25.000001192092896,30.0,40.71278929710388,26.248417496681213
stim_104_harmonic.wav,60.00000178813934,0.0,40.85663080215454,26.51747167110443
stim_104_harmonic.wav,54.99999940395355,40.000001192092896,39.46720361709595,30.04591941833496
stim_104_harmonic.wav,50.00000238418579,10.000000298023224,42.37880319356918,26.28754198551178
stim_104_harmonic.wav,25.000001192092896,40.000001192092896,48.20376992225647,27.04723834991455
stim_104_harmonic.wav,25.000001192092896,49.999998807907104,42.97797381877899,26.545003652572632
stim_104_harmonic.wav,74.99999821186066,10.000000298023224,41.4977565407753,26.121901273727417
stim_104_harmonic.wav,25.000001192092896,0.0,41.22175455093384,26.16884708404541
stim_104_harmonic.wav,30.00000089406967,40.000001192092896,41.29728019237518,26.2949538230896
stim_104_harmonic.wav,70.0000011920929,60.0,41.28182798624039,26.452460289001465
stim_104_harmonic.wav,15.000000447034836,49.999998807907104,35.090444684028625,33.558311462402344
stim_104_harmonic.wav,90.0,20.000000596046448,39.576144218444824,28.313353657722473
stim_104_harmonic.wav,40.000000298023224,49.999998807907104,41.59744083881378,30.185354948043823
stim_104_harmonic.wav,10.000000074505806,10.000000298023224,35.59900224208832,34.07325267791748
stim_104_harmonic.wav,25.000001192092896,0.0,40.992492735385895,26.157081127166748
stim_104_harmonic.wav,15.000000447034836,0.0,41.59418731927872,26.1708927154541
stim_104_harmonic.wav,60.00000178813934,60.0,41.82640761137009,26.440542340278625
stim_104_harmonic.wav,50.00000238418579,60.0,44.00157183408737,26.83668851852417
stim_104_harmonic.wav,20.000000149011612,10.000000298023224,41.11691504716873,26.119312047958374
stim_104_harmonic.wav,54.99999940395355,20.000000596046448,41.90307855606079,27.09094762802124
stim_104_harmonic.wav,5.000000037252903,60.0,34.037275314331055,31.01359248161316
stim_104_harmonic.wav,20.000000149011612,20.000000596046448,42.199985682964325,25.85138440132141
stim_104_harmonic.wav,64.9999988079071,49.999998807907104,41.80320918560028,25.504753589630127
stim_104_harmonic.wav,10.000000074505806,60.0,41.37302041053772,26.761263012886047
stim_104_harmonic.wav,20.000000149011612,20.000000596046448,40.13422608375549,27.64126718044281
stim_104_harmonic.wav,54.99999940395355,60.0,44.565259516239166,26.675464510917664
stim_104_harmonic.wav,74.99999821186066,20.000000596046448,41.31085753440857,26.26514196395874
stim_104_harmonic.wav,74.99999821186066,60.0,40.6081885099411,26.61737322807312
stim_104_harmonic.wav,40.000000298023224,20.000000596046448,41.640176475048065,26.636102199554443
stim_104_harmonic.wav,0.0,20.000000596046448,40.05904644727707,26.504690051078796
stim_104_harmonic.wav,25.000001192092896,20.000000596046448,40.60465335845947,26.164326667785645
stim_104_harmonic.wav,60.00000178813934,0.0,41.00847601890564,26.145971417427063
stim_104_harmonic.wav,54.99999940395355,10.000000298023224,40.92071682214737,26.115914583206177
stim_104_harmonic.wav,25.000001192092896,60.0,42.137307822704315,27.917661666870117
stim_104_harmonic.wav,30.00000089406967,40.000001192092896,40.321691036224365,29.32668685913086
stim_104_harmonic.wav,35.00000059604645,10.000000298023224,41.30926430225372,26.24816358089447
stim_104_harmonic.wav,45.0,10.000000298023224,42.31192499399185,30.201616287231445
stim_104_harmonic.wav,54.99999940395355,10.000000298023224,40.704731941223145,27.062816619873047
stim_104_harmonic.wav,64.9999988079071,40.000001192092896,39.638805985450745,29.53161120414734
stim_104_harmonic.wav,80.00000059604645,49.999998807907104,41.65202647447586,26.290379762649536
stim_104_harmonic.wav,20.000000149011612,60.0,41.545164585113525,26.600573658943176
stim_104_harmonic.wav,10.000000074505806,20.000000596046448,41.47644639015198,26.341724395751953
stim_104_harmonic.wav,45.0,49.999998807907104,40.322085320949554,26.36551022529602
stim_104_harmonic.wav,5.000000037252903,30.0,42.438549399375916,26.90262794494629
stim_104_harmonic.wav,60.00000178813934,0.0,41.76570385694504,26.257410049438477
stim_104_harmonic.wav,64.9999988079071,30.0,42.09727585315704,26.897099018096924
stim_104_harmonic.wav,70.0000011920929,0.0,41.385594606399536,25.956637859344482
stim_104_harmonic.wav,74.99999821186066,49.999998807907104,40.909486413002014,26.360544562339783
stim_104_harmonic.wav,45.0,20.000000596046448,41.38357490301132,26.71600341796875
stim_104_harmonic.wav,84.99999761581421,49.999998807907104,44.866554737091064,28.064430356025696
stim_104_harmonic.wav,20.000000149011612,10.000000298023224,41.300209164619446,26.345787048339844
stim_104_harmonic.wav,80.00000059604645,0.0,37.83427208662033,27.094776034355164
stim_104_harmonic.wav,20.000000149011612,49.999998807907104,40.82819402217865,25.27105987071991
stim_108_harmonic.wav,10.000000074505806,40.000001192092896,40.99591255187988,26.065680384635925
stim_108_harmonic.wav,80.00000059604645,0.0,41.559686064720154,26.232081055641174
stim_108_harmonic.wav,0.0,10.000000298023224,40.72578191757202,26.266395449638367
stim_108_harmonic.wav,0.0,20.000000596046448,40.40920615196228,26.326215863227844
stim_108_harmonic.wav,70.0000011920929,49.999998807907104,41.20664566755295,26.222305297851562
stim_108_harmonic.wav,40.000000298023224,30.0,41.04051500558853,26.107378005981445
stim_108_harmonic.wav,40.000000298023224,40.000001192092896,41.00515812635422,26.01306438446045
stim_108_harmonic.wav,54.99999940395355,0.0,40.93737870454788,26.064983010292053
stim_108_harmonic.wav,64.9999988079071,0.0,41.54210150241852,25.81363320350647
stim_108_harmonic.wav,64.9999988079071,30.0,40.785978734493256,26.08652114868164
stim_108_harmonic.wav,35.00000059604645,49.999998807907104,40.87971657514572,26.091983914375305
stim_108_harmonic.wav,30.00000089406967,30.0,40.806004106998444,26.146439909934998
stim_108_harmonic.wav,64.9999988079071,49.999998807907104,40.56132227182388,26.420048475265503
stim_108_harmonic.wav,90.0,60.0,40.65731853246689,26.160451769828796
stim_108_harmonic.wav,30.00000089406967,30.0,41.07170909643173,26.14924728870392
stim_108_harmonic.wav,0.0,49.999998807907104,40.519297420978546,26.541865468025208
stim_108_harmonic.wav,10.000000074505806,20.000000596046448,41.14894062280655,26.351603865623474
stim_108_harmonic.wav,15.000000447034836,60.0,40.79473614692688,26.09557271003723
stim_108_harmonic.wav,10.000000074505806,10.000000298023224,41.30567014217377,26.07495367527008
stim_108_harmonic.wav,15.000000447034836,30.0,42.54317969083786,25.529966354370117
stim_108_harmonic.wav,30.00000089406967,30.0,41.188382506370544,26.052017211914062
stim_108_harmonic.wav,15.000000447034836,40.000001192092896,40.8493834733963,26.092904806137085
stim_108_harmonic.wav,5.000000037252903,60.0,40.78179985284805,26.094000935554504
stim_108_harmonic.wav,54.99999940395355,60.0,41.08148843050003,25.95331370830536
stim_108_harmonic.wav,84.99999761581421,49.999998807907104,43.48117232322693,25.40999472141266
stim_108_harmonic.wav,80.00000059604645,20.000000596046448,40.737696290016174,26.119626760482788
stim_108_harmonic.wav,60.00000178813934,20.000000596046448,41.58357381820679,25.83432912826538
stim_108_harmonic.wav,50.00000238418579,20.000000596046448,40.986642837524414,25.988420248031616
stim_108_harmonic.wav,15.000000447034836,40.000001192092896,41.25622361898422,26.32215678691864
stim_108_harmonic.wav,5.000000037252903,10.000000298023224,41.2846040725708,26.594225764274597
stim_108_harmonic.wav,70.0000011920929,49.999998807907104,40.85495173931122,26.11593246459961
stim_108_harmonic.wav,84.99999761581421,10.000000298023224,40.80113857984543,26.127172708511353
stim_108_harmonic.wav,80.00000059604645,20.000000596046448,41.524857580661774,25.876724123954773
stim_108_harmonic.wav,64.9999988079071,20.000000596046448,40.768632888793945,26.089725494384766
stim_108_harmonic.wav,60.00000178813934,30.0,41.103217005729675,25.975842475891113
stim_108_harmonic.wav,40.000000298023224,20.000000596046448,40.45972287654877,26.13959491252899
stim_108_harmonic.wav,40.000000298023224,40.000001192092896,40.63833922147751,26.152390837669373
stim_108_harmonic.wav,64.9999988079071,30.0,40.57519465684891,26.048821806907654
stim_108_harmonic.wav,20.000000149011612,49.999998807907104,41.91437602043152,25.684057474136353
stim_108_harmonic.wav,54.99999940395355,49.999998807907104,40.75672656297684,26.159783005714417
stim_108_harmonic.wav,30.00000089406967,30.0,40.99740117788315,26.18565022945404
stim_108_harmonic.wav,45.0,40.000001192092896,41.21790558099747,26.007635593414307
stim_108_harmonic.wav,0.0,30.0,40.829792618751526,26.636860370635986
stim_108_harmonic.wav,5.000000037252903,0.0,40.92265605926514,26.15575075149536
stim_108_harmonic.wav,40.000000298023224,60.0,40.72697013616562,26.39406681060791
stim_108_harmonic.wav,64.9999988079071,30.0,41.165176033973694,25.968205332756042
stim_108_harmonic.wav,25.000001192092896,20.000000596046448,40.91162413358688,26.03518545627594
stim_108_harmonic.wav,25.000001192092896,0.0,40.644915997982025,26.210564374923706
stim_108_harmonic.wav,70.0000011920929,60.0,41.839783787727356,26.28913164138794
stim_108_harmonic.wav,80.00000059604645,60.0,41.885367929935455,26.18372619152069
stim_108_harmonic.wav,84.99999761581421,40.000001192092896,41.798359751701355,26.185226440429688
stim_108_harmonic.wav,84.99999761581421,60.0,41.54135048389435,26.190991401672363
stim_108_harmonic.wav,30.00000089406967,10.000000298023224,40.97174048423767,25.963178873062134
stim_108_harmonic.wav,50.00000238418579,60.0,41.624552607536316,26.127941608428955
stim_108_harmonic.wav,54.99999940395355,10.000000298023224,41.40192925930023,26.220186352729797
stim_108_harmonic.wav,50.00000238418579,49.999998807907104,40.898199677467346,26.107996702194214
stim_108_harmonic.wav,80.00000059604645,0.0,41.184605956077576,26.150606274604797
stim_108_harmonic.wav,70.0000011920929,0.0,40.48129051923752,26.24878764152527
stim_108_harmonic.wav,60.00000178813934,49.999998807907104,40.95165878534317,26.147659420967102
stim_108_harmonic.wav,40.000000298023224,30.0,41.031280159950256,26.180119514465332
stim_108_harmonic.wav,30.00000089406967,30.0,41.09308898448944,26.128998398780823
stim_108_harmonic.wav,15.000000447034836,20.000000596046448,41.2859907746315,26.247630715370178
stim_108_harmonic.wav,30.00000089406967,60.0,41.01691424846649,26.103826761245728
stim_108_harmonic.wav,74.99999821186066,10.000000298023224,40.84253042936325,26.080575585365295
stim_108_harmonic.wav,25.000001192092896,0.0,40.735531747341156,26.08936607837677
stim_108_harmonic.wav,25.000001192092896,40.000001192092896,41.60944640636444,26.24900221824646
stim_108_harmonic.wav,10.000000074505806,10.000000298023224,42.18723177909851,26.43661916255951
stim_108_harmonic.wav,54.99999940395355,20.000000596046448,41.622347831726074,26.156403422355652
stim_108_harmonic.wav,74.99999821186066,60.0,40.71249693632126,26.116949915885925
stim_108_harmonic.wav,84.99999761581421,30.0,40.96269875764847,25.98287522792816
stim_108_harmonic.wav,54.99999940395355,40.000001192092896,41.85076743364334,25.841810703277588
stim_108_harmonic.wav,45.0,20.000000596046448,41.611959636211395,26.042413115501404
stim_108_harmonic.wav,10.000000074505806,0.0,40.66169321537018,26.144115328788757
stim_108_harmonic.wav,50.00000238418579,40.000001192092896,41.15586876869202,26.153719425201416
stim_108_harmonic.wav,10.000000074505806,60.0,40.83267867565155,26.05087101459503
stim_108_harmonic.wav,5.000000037252903,20.000000596046448,40.920083820819855,26.122498512268066
stim_108_harmonic.wav,0.0,10.000000298023224,40.915735960006714,26.118611097335815
stim_108_harmonic.wav,64.9999988079071,20.000000596046448,40.88224321603775,26.056644916534424
stim_108_harmonic.wav,80.00000059604645,30.0,40.43675243854523,26.26327693462372
stim_108_harmonic.wav,74.99999821186066,60.0,40.605570673942566,26.160975694656372
stim_108_harmonic.wav,60.00000178813934,60.0,40.92476695775986,26.03604018688202
stim_108_harmonic.wav,15.000000447034836,30.0,41.0367277264595,26.13878846168518
stim_108_harmonic.wav,50.00000238418579,40.000001192092896,40.459907948970795,26.144118905067444
stim_108_harmonic.wav,84.99999761581421,0.0,41.117700934410095,26.05643391609192
stim_108_harmonic.wav,5.000000037252903,60.0,40.96088021993637,26.385462284088135
stim_108_harmonic.wav,20.000000149011612,30.0,40.795243084430695,26.100162863731384
stim_108_harmonic.wav,30.00000089406967,10.000000298023224,40.65581649541855,26.146198511123657
stim_108_harmonic.wav,64.9999988079071,30.0,41.108085215091705,25.995619297027588
stim_108_harmonic.wav,64.9999988079071,40.000001192092896,42.925171852111816,25.29156804084778
stim_108_harmonic.wav,0.0,20.000000596046448,40.25647044181824,27.148391604423523
stim_108_harmonic.wav,10.000000074505806,30.0,40.06347745656967,26.34898602962494
stim_108_harmonic.wav,5.000000037252903,49.999998807907104,41.06469511985779,26.285038590431213
stim_108_harmonic.wav,90.0,40.000001192092896,40.780748426914215,26.098228096961975
stim_108_harmonic.wav,25.000001192092896,20.000000596046448,41.19604289531708,25.986907482147217
stim_108_harmonic.wav,25.000001192092896,20.000000596046448,40.81573247909546,26.10238552093506
stim_108_harmonic.wav,60.00000178813934,10.000000298023224,41.66060417890549,25.551223754882812
stim_108_harmonic.wav,80.00000059604645,49.999998807907104,41.748569905757904,26.341422200202942
stim_108_harmonic.wav,15.000000447034836,20.000000596046448,40.54540604352951,25.83510160446167
stim_108_harmonic.wav,40.000000298023224,0.0,40.93000262975693,26.19510769844055
stim_108_harmonic.wav,45.0,40.000001192092896,40.74611037969589,26.158449053764343
stim_108_harmonic.wav,54.99999940395355,30.0,43.53850454092026,24.646929502487183
stim_108_harmonic.wav,30.00000089406967,0.0,40.72374880313873,26.123419404029846
stim_108_harmonic.wav,10.000000074505806,60.0,40.72708010673523,26.102492809295654
stim_108_harmonic.wav,54.99999940395355,20.000000596046448,40.88654279708862,26.109920740127563
stim_108_harmonic.wav,35.00000059604645,49.999998807907104,40.53021401166916,26.098764538764954
stim_108_harmonic.wav,0.0,30.0,40.78923225402832,26.615121960639954
stim_108_harmonic.wav,64.9999988079071,40.000001192092896,41.49215877056122,25.90054750442505
stim_108_harmonic.wav,30.00000089406967,10.000000298023224,40.658412873744965,26.155636310577393
stim_108_harmonic.wav,15.000000447034836,40.000001192092896,40.74462980031967,26.169265508651733
stim_108_harmonic.wav,15.000000447034836,49.999998807907104,40.66761016845703,26.11094892024994
stim_108_harmonic.wav,10.000000074505806,49.999998807907104,41.33036255836487,26.417248249053955
stim_108_harmonic.wav,45.0,40.000001192092896,41.096237897872925,25.991933941841125
stim_108_harmonic.wav,80.00000059604645,30.0,40.93535631895065,26.038994193077087
stim_108_harmonic.wav,10.000000074505806,20.000000596046448,40.84499001502991,26.157095432281494
stim_108_harmonic.wav,20.000000149011612,49.999998807907104,41.222838163375854,26.003417372703552
stim_108_harmonic.wav,84.99999761581421,40.000001192092896,41.23947590589523,25.98637104034424
stim_108_harmonic.wav,74.99999821186066,49.999998807907104,41.03056937456131,25.968679189682007
stim_108_harmonic.wav,90.0,60.0,40.808560252189636,26.174846291542053
stim_108_harmonic.wav,25.000001192092896,0.0,40.813927352428436,26.060248017311096
stim_108_harmonic.wav,80.00000059604645,60.0,40.907211899757385,26.161417365074158
stim_108_harmonic.wav,45.0,49.999998807907104,40.908813178539276,26.182851791381836
stim_108_harmonic.wav,74.99999821186066,49.999998807907104,40.96913069486618,26.033620834350586
stim_108_harmonic.wav,40.000000298023224,10.000000298023224,40.86338460445404,26.045785546302795
stim_108_harmonic.wav,35.00000059604645,49.999998807907104,40.914365351200104,26.140660643577576
stim_108_harmonic.wav,30.00000089406967,60.0,41.74509644508362,25.975894331932068
stim_108_harmonic.wav,80.00000059604645,0.0,40.690610110759735,26.147988438606262
stim_108_harmonic.wav,60.00000178813934,20.000000596046448,41.25276893377304,25.82221269607544
stim_108_harmonic.wav,0.0,20.000000596046448,40.852800607681274,26.118258833885193
stim_108_harmonic.wav,45.0,20.000000596046448,41.062543988227844,26.044891476631165
stim_86_harmonic.wav,80.00000059604645,40.000001192092896,55.907068848609924,26.315612196922302
stim_86_harmonic.wav,74.99999821186066,10.000000298023224,41.59180551767349,26.11761510372162
stim_86_harmonic.wav,50.00000238418579,40.000001192092896,48.33104610443115,36.11787557601929
stim_86_harmonic.wav,20.000000149011612,49.999998807907104,31.133950352668762,33.43140363693237
stim_86_harmonic.wav,0.0,60.0,19.83797326683998,30.023317337036133
stim_86_harmonic.wav,35.00000059604645,0.0,43.15296113491058,26.836237907409668
stim_86_harmonic.wav,54.99999940395355,60.0,40.859500765800476,26.054572463035583
stim_86_harmonic.wav,64.9999988079071,60.0,44.497729539871216,46.367926597595215
stim_86_harmonic.wav,45.0,20.000000596046448,40.454650819301605,26.315975189208984
stim_86_harmonic.wav,45.0,60.0,37.02956110239029,45.836684703826904
stim_86_harmonic.wav,74.99999821186066,0.0,42.122603952884674,25.954760313034058
stim_86_harmonic.wav,74.99999821186066,60.0,59.09727215766907,50.32110929489136
stim_86_harmonic.wav,84.99999761581421,40.000001192092896,60.139819979667664,30.88287591934204
stim_86_harmonic.wav,64.9999988079071,20.000000596046448,58.8557231426239,27.615609169006348
stim_86_harmonic.wav,5.000000037252903,30.0,21.858410239219666,35.29012441635132
stim_86_harmonic.wav,40.000000298023224,49.999998807907104,44.29555267095566,42.369242906570435
stim_86_harmonic.wav,84.99999761581421,10.000000298023224,44.254292249679565,25.839537978172302
stim_86_harmonic.wav,0.0,30.0,21.016381680965424,28.91499638557434
stim_86_harmonic.wav,35.00000059604645,49.999998807907104,41.027216613292694,26.252564191818237
stim_86_harmonic.wav,90.0,49.999998807907104,46.20481610298157,26.258368492126465
stim_86_harmonic.wav,84.99999761581421,49.999998807907104,42.87718713283539,29.065064191818237
stim_86_harmonic.wav,70.0000011920929,40.000001192092896,42.28133171796799,26.679725646972656
stim_86_harmonic.wav,60.00000178813934,40.000001192092896,40.1683384180069,26.40729546546936
stim_86_harmonic.wav,64.9999988079071,60.0,51.952199935913086,43.77068281173706
stim_86_harmonic.wav,40.000000298023224,49.999998807907104,57.77501821517944,51.124255657196045
stim_86_harmonic.wav,0.0,0.0,14.492796063423157,28.799026608467102
stim_86_harmonic.wav,40.000000298023224,49.999998807907104,44.460816979408264,44.42046046257019
stim_86_harmonic.wav,70.0000011920929,0.0,56.854119300842285,17.66871750354767
stim_86_harmonic.wav,60.00000178813934,49.999998807907104,40.45594096183777,27.190638184547424
stim_86_harmonic.wav,40.000000298023224,20.000000596046448,41.43775552511215,26.343594789505005
stim_86_harmonic.wav,0.0,60.0,40.32298117876053,27.477441430091858
stim_86_harmonic.wav,0.0,49.999998807907104,11.775833666324615,29.067853689193726
stim_86_harmonic.wav,64.9999988079071,10.000000298023224,55.42350947856903,15.785576105117798
stim_86_harmonic.wav,35.00000059604645,20.000000596046448,40.71215629577637,26.136497855186462
stim_86_harmonic.wav,5.000000037252903,10.000000298023224,24.9908709526062,33.72824192047119
stim_86_harmonic.wav,54.99999940395355,10.000000298023224,58.801349401474,18.575080633163452
stim_86_harmonic.wav,70.0000011920929,40.000001192092896,69.39562439918518,31.264450550079346
stim_86_harmonic.wav,30.00000089406967,20.000000596046448,36.806817054748535,31.679080724716187
stim_86_harmonic.wav,45.0,49.999998807907104,39.869245290756226,26.566352248191833
stim_86_harmonic.wav,74.99999821186066,49.999998807907104,40.92627972364426,26.12464427947998
stim_86_harmonic.wav,60.00000178813934,20.000000596046448,41.22437506914139,26.477145552635193
stim_86_harmonic.wav,60.00000178813934,40.000001192092896,56.0791540145874,35.97761392593384
stim_86_harmonic.wav,84.99999761581421,10.000000298023224,43.10406714677811,26.440975069999695
stim_86_harmonic.wav,80.00000059604645,60.0,40.482231974601746,26.59503936767578
stim_86_harmonic.wav,70.0000011920929,49.999998807907104,43.2808193564415,27.969045639038086
stim_86_harmonic.wav,60.00000178813934,49.999998807907104,40.26137888431549,26.524842381477356
stim_86_harmonic.wav,40.000000298023224,0.0,47.93817222118378,25.842493772506714
stim_86_harmonic.wav,84.99999761581421,30.0,40.387136936187744,26.300992369651794
stim_86_harmonic.wav,45.0,30.0,40.20314544439316,26.460315585136414
stim_86_harmonic.wav,80.00000059604645,49.999998807907104,45.63568890094757,26.584087014198303
stim_86_harmonic.wav,50.00000238418579,0.0,40.934951305389404,26.499316692352295
stim_86_harmonic.wav,64.9999988079071,40.000001192092896,51.09465479850769,29.42949414253235
stim_86_harmonic.wav,35.00000059604645,10.000000298023224,39.49226349592209,28.599037528038025
stim_86_harmonic.wav,15.000000447034836,30.0,27.52133935689926,29.682490825653076
stim_86_harmonic.wav,5.000000037252903,10.000000298023224,17.498412430286407,36.618812084198
stim_86_harmonic.wav,45.0,30.0,41.48506969213486,26.541693806648254
stim_86_harmonic.wav,54.99999940395355,20.000000596046448,42.82899051904678,27.55462110042572
stim_86_harmonic.wav,45.0,40.000001192092896,46.216886043548584,24.523519277572632
stim_86_harmonic.wav,10.000000074505806,20.000000596046448,22.037622034549713,32.06454634666443
stim_86_harmonic.wav,10.000000074505806,60.0,39.39462035894394,26.528964042663574
stim_86_harmonic.wav,15.000000447034836,20.000000596046448,29.813472032546997,30.87700366973877
stim_86_harmonic.wav,50.00000238418579,49.999998807907104,40.38267642259598,26.327955722808838
stim_86_harmonic.wav,54.99999940395355,20.000000596046448,39.21675771474838,27.4385404586792
stim_86_harmonic.wav,74.99999821186066,20.000000596046448,40.76768338680267,26.20728850364685
stim_86_harmonic.wav,20.000000149011612,49.999998807907104,26.79715096950531,34.35377597808838
stim_86_harmonic.wav,30.00000089406967,0.0,41.57007962465286,26.104406118392944
stim_86_harmonic.wav,80.00000059604645,40.000001192092896,41.99581056833267,26.24124526977539
stim_86_harmonic.wav,60.00000178813934,30.0,50.41682302951813,24.096611738204956
stim_86_harmonic.wav,15.000000447034836,10.000000298023224,40.70260226726532,26.202340722084045
stim_86_harmonic.wav,20.000000149011612,30.0,41.68449729681015,26.465347409248352
stim_86_harmonic.wav,80.00000059604645,30.0,41.166251599788666,26.070982217788696
stim_86_harmonic.wav,35.00000059604645,60.0,41.38693302869797,26.70211672782898
stim_86_harmonic.wav,84.99999761581421,49.999998807907104,41.24150365591049,26.229346990585327
stim_86_harmonic.wav,64.9999988079071,60.0,56.66231989860535,53.14432740211487
stim_86_harmonic.wav,5.000000037252903,60.0,39.55697178840637,26.56396508216858
stim_86_harmonic.wav,25.000001192092896,20.000000596046448,40.62721073627472,26.838281750679016
stim_86_harmonic.wav,40.000000298023224,30.0,44.22158271074295,33.791173696517944
stim_86_harmonic.wav,70.0000011920929,10.000000298023224,45.504464507102966,26.682810187339783
stim_86_harmonic.wav,70.0000011920929,49.999998807907104,53.55903625488281,35.6111741065979
stim_86_harmonic.wav,0.0,30.0,39.058547616004944,26.862934827804565
stim_86_harmonic.wav,0.0,49.999998807907104,15.794010758399963,29.90663230419159
stim_86_harmonic.wav,10.000000074505806,10.000000298023224,40.6284499168396,26.309044361114502
stim_86_harmonic.wav,25.000001192092896,49.999998807907104,40.192244946956635,26.461232900619507
stim_86_harmonic.wav,80.00000059604645,0.0,65.1803719997406,14.945531487464905
stim_86_harmonic.wav,84.99999761581421,60.0,41.84566855430603,25.832954049110413
stim_86_harmonic.wav,45.0,49.999998807907104,41.1122989654541,27.27703034877777
stim_86_harmonic.wav,40.000000298023224,20.000000596046448,43.25949043035507,25.398638248443604
stim_86_harmonic.wav,45.0,49.999998807907104,54.92887258529663,47.55608081817627
stim_86_harmonic.wav,40.000000298023224,30.0,45.58547258377075,31.569517850875854
stim_86_harmonic.wav,25.000001192092896,40.000001192092896,40.520327389240265,26.352721452713013
stim_86_harmonic.wav,70.0000011920929,20.000000596046448,40.89289963245392,26.173362135887146
stim_86_harmonic.wav,64.9999988079071,60.0,41.302625834941864,25.848914980888367
stim_86_harmonic.wav,40.000000298023224,10.000000298023224,43.35805892944336,19.27019476890564
stim_86_harmonic.wav,45.0,20.000000596046448,44.80726718902588,27.03350007534027
stim_86_harmonic.wav,60.00000178813934,60.0,47.36604630947113,48.20952773094177
stim_86_harmonic.wav,74.99999821186066,20.000000596046448,65.76434791088104,22.142005562782288
stim_86_harmonic.wav,15.000000447034836,10.000000298023224,40.89553087949753,26.234607696533203
stim_86_harmonic.wav,60.00000178813934,30.0,40.86832523345947,26.035863161087036
stim_86_harmonic.wav,10.000000074505806,30.0,21.86894863843918,30.77374577522278
stim_86_harmonic.wav,25.000001192092896,10.000000298023224,41.85526818037033,27.43068516254425
stim_86_harmonic.wav,80.00000059604645,40.000001192092896,40.27781009674072,26.365601420402527
stim_86_harmonic.wav,50.00000238418579,30.0,50.747228264808655,39.61243987083435
stim_86_harmonic.wav,35.00000059604645,60.0,40.77892988920212,26.7638897895813
stim_86_harmonic.wav,50.00000238418579,60.0,44.10279303789139,55.29797315597534
stim_86_harmonic.wav,40.000000298023224,60.0,40.380772054195404,26.291869282722473
stim_86_harmonic.wav,30.00000089406967,40.000001192092896,40.250132381916046,28.483051657676697
stim_86_harmonic.wav,54.99999940395355,20.000000596046448,53.88645887374878,23.246119022369385
stim_86_harmonic.wav,80.00000059604645,60.0,61.110849380493164,50.9117317199707
stim_86_harmonic.wav,5.000000037252903,40.000001192092896,41.07613742351532,26.236644387245178
stim_86_harmonic.wav,20.000000149011612,0.0,40.62769889831543,26.168105006217957
stim_86_harmonic.wav,20.000000149011612,49.999998807907104,27.620015144348145,39.08158779144287
stim_86_harmonic.wav,5.000000037252903,0.0,19.527685940265656,36.11473560333252
stim_86_harmonic.wav,0.0,10.000000298023224,39.98492628335953,27.960855960845947
stim_86_harmonic.wav,45.0,40.000001192092896,42.01350778341293,25.622330904006958
stim_86_harmonic.wav,54.99999940395355,10.000000298023224,39.86367166042328,26.569066643714905
stim_86_harmonic.wav,90.0,40.000001192092896,66.03436052799225,31.974602937698364
stim_86_harmonic.wav,45.0,40.000001192092896,40.544826686382294,26.54246985912323
stim_86_harmonic.wav,84.99999761581421,20.000000596046448,41.02402478456497,26.088491678237915
stim_86_harmonic.wav,10.000000074505806,49.999998807907104,40.08053362369537,26.564912796020508
stim_86_harmonic.wav,15.000000447034836,30.0,27.57892906665802,35.70613145828247
stim_86_harmonic.wav,20.000000149011612,20.000000596046448,41.3976725935936,26.61591947078705
stim_86_harmonic.wav,20.000000149011612,49.999998807907104,26.457256078720093,36.132681369781494
stim_86_harmonic.wav,25.000001192092896,0.0,40.98123013973236,26.281675100326538
stim_86_harmonic.wav,64.9999988079071,0.0,42.21715718507767,25.904508233070374
stim_86_harmonic.wav,74.99999821186066,0.0,67.00167238712311,14.644756615161896
stim_86_harmonic.wav,90.0,20.000000596046448,40.97929358482361,26.227469444274902
stim_86_harmonic.wav,90.0,40.000001192092896,62.857933044433594,32.54804849624634
stim_86_harmonic.wav,64.9999988079071,0.0,44.2137748003006,26.353474259376526
stim_86_harmonic.wav,15.000000447034836,10.000000298023224,39.26043212413788,26.5648090839386
stim_86_harmonic.wav,60.00000178813934,40.000001192092896,43.43805581331253,25.919739603996277
stim_86_harmonic.wav,40.000000298023224,40.000001192092896,43.43723773956299,36.199883222579956
stim_86_harmonic.wav,5.000000037252903,60.0,38.936694860458374,26.623687148094177
stim_86_harmonic.wav,30.00000089406967,49.999998807907104,32.547367215156555,35.38856506347656
stim_86_harmonic.wav,0.0,49.999998807907104,12.470131516456604,34.93045091629028
stim_86_harmonic.wav,30.00000089406967,60.0,24.675979614257812,32.134881019592285
stim_86_harmonic.wav,25.000001192092896,30.0,40.75760096311569,26.108686923980713
stim_86_harmonic.wav,40.000000298023224,10.000000298023224,40.48109471797943,26.568292379379272
stim_86_harmonic.wav,84.99999761581421,0.0,67.52667725086212,10.930159091949463
stim_86_harmonic.wav,20.000000149011612,60.0,40.10916084051132,26.454994082450867
stim_86_harmonic.wav,5.000000037252903,49.999998807907104,40.35011172294617,26.15266442298889
stim_86_harmonic.wav,90.0,30.0,60.72443962097168,25.748848915100098
stim_86_harmonic.wav,80.00000059604645,20.000000596046448,43.96360248327255,24.996328353881836
stim_86_harmonic.wav,70.0000011920929,40.000001192092896,39.798485934734344,26.508280634880066
stim_86_harmonic.wav,64.9999988079071,10.000000298023224,43.058668076992035,26.760444045066833
stim_86_harmonic.wav,25.000001192092896,20.000000596046448,33.18689972162247,33.00456762313843
stim_86_harmonic.wav,20.000000149011612,49.999998807907104,27.45745986700058,27.80537188053131
stim_86_harmonic.wav,74.99999821186066,49.999998807907104,58.370726108551025,33.457252979278564
stim_86_harmonic.wav,80.00000059604645,0.0,68.3925211429596,14.158807396888733
stim_86_harmonic.wav,84.99999761581421,20.000000596046448,64.20855402946472,21.193676590919495
stim_94_harmonic.wav,74.99999821186066,40.000001192092896,53.53168308734894,32.35525846481323
stim_94_harmonic.wav,5.000000037252903,20.000000596046448,35.41625261306763,30.454620122909546
stim_94_harmonic.wav,45.0,30.0,41.539824306964874,26.82830035686493
stim_94_harmonic.wav,60.00000178813934,30.0,40.33821612596512,26.54711365699768
stim_94_harmonic.wav,64.9999988079071,49.999998807907104,40.82159847021103,26.943293809890747
stim_94_harmonic.wav,45.0,10.000000298023224,48.45596194267273,25.23847460746765
stim_94_harmonic.wav,15.000000447034836,49.999998807907104,42.24494218826294,26.87695026397705
stim_94_harmonic.wav,40.000000298023224,30.0,40.92186480760574,26.106085181236267
stim_94_harmonic.wav,30.00000089406967,40.000001192092896,40.688330233097076,26.134677529335022
stim_94_harmonic.wav,84.99999761581421,49.999998807907104,41.153138279914856,26.207942962646484
stim_94_harmonic.wav,54.99999940395355,10.000000298023224,52.65566289424896,27.97810435295105
stim_94_harmonic.wav,5.000000037252903,10.000000298023224,41.20234876871109,26.037785410881042
stim_94_harmonic.wav,50.00000238418579,0.0,40.666609704494476,26.199753284454346
stim_94_harmonic.wav,60.00000178813934,60.0,41.132909059524536,26.354554295539856
stim_94_harmonic.wav,64.9999988079071,10.000000298023224,41.05997443199158,25.987016558647156
stim_94_harmonic.wav,50.00000238418579,60.0,41.2688273191452,26.167200207710266
stim_94_harmonic.wav,60.00000178813934,10.000000298023224,41.13335430622101,27.540546655654907
stim_94_harmonic.wav,64.9999988079071,20.000000596046448,40.82450866699219,26.621339321136475
stim_94_harmonic.wav,64.9999988079071,30.0,40.25524199008942,26.633525490760803
stim_94_harmonic.wav,20.000000149011612,30.0,35.204446613788605,26.353009343147278
stim_94_harmonic.wav,50.00000238418579,10.000000298023224,40.4128298163414,26.296452283859253
stim_94_harmonic.wav,74.99999821186066,40.000001192092896,51.874823570251465,29.035263061523438
stim_94_harmonic.wav,74.99999821186066,10.000000298023224,42.114002108573914,28.726020455360413
stim_94_harmonic.wav,70.0000011920929,40.000001192092896,51.50465726852417,27.16200828552246
stim_94_harmonic.wav,45.0,20.000000596046448,40.68050354719162,26.09794557094574
stim_94_harmonic.wav,30.00000089406967,0.0,41.01058691740036,26.191295385360718
stim_94_harmonic.wav,80.00000059604645,30.0,40.75415164232254,26.11135482788086
stim_94_harmonic.wav,40.000000298023224,60.0,34.23458397388458,26.781769394874573
stim_94_harmonic.wav,60.00000178813934,0.0,40.77220022678375,26.031072735786438
stim_94_harmonic.wav,64.9999988079071,49.999998807907104,44.35404360294342,24.103512167930603
stim_94_harmonic.wav,45.0,60.0,40.44891893863678,26.878337860107422
stim_94_harmonic.wav,35.00000059604645,49.999998807907104,41.072122156620026,26.14853024482727
stim_94_harmonic.wav,60.00000178813934,49.999998807907104,41.66610270738602,22.892385721206665
stim_94_harmonic.wav,50.00000238418579,0.0,40.7181778550148,26.15759253501892
stim_94_harmonic.wav,64.9999988079071,30.0,50.85742950439453,26.909494400024414
stim_94_harmonic.wav,10.000000074505806,20.000000596046448,40.322163105010986,28.176886439323425
stim_94_harmonic.wav,54.99999940395355,49.999998807907104,40.70797473192215,26.128088235855103
stim_94_harmonic.wav,35.00000059604645,10.000000298023224,41.11377149820328,27.832208275794983
stim_94_harmonic.wav,0.0,49.999998807907104,25.944752991199493,29.146910905838013
stim_94_harmonic.wav,20.000000149011612,49.999998807907104,40.77901840209961,26.151169538497925
stim_94_harmonic.wav,40.000000298023224,40.000001192092896,40.78178107738495,26.133888959884644
stim_94_harmonic.wav,84.99999761581421,0.0,40.807600021362305,26.836346983909607
stim_94_harmonic.wav,90.0,30.0,40.28685986995697,26.342082023620605
stim_94_harmonic.wav,74.99999821186066,60.0,45.790618658065796,29.851208925247192
stim_94_harmonic.wav,70.0000011920929,40.000001192092896,54.4277286529541,28.159380555152893
stim_94_harmonic.wav,40.000000298023224,0.0,44.25395429134369,20.149608850479126
stim_94_harmonic.wav,64.9999988079071,49.999998807907104,40.69434106349945,26.137272119522095
stim_94_harmonic.wav,80.00000059604645,10.000000298023224,41.60866588354111,26.341254115104675
stim_94_harmonic.wav,30.00000089406967,10.000000298023224,40.76973259449005,30.807656049728394
stim_94_harmonic.wav,10.000000074505806,49.999998807907104,41.173236072063446,26.67391061782837
stim_94_harmonic.wav,40.000000298023224,20.000000596046448,40.88772028684616,26.09527587890625
stim_94_harmonic.wav,74.99999821186066,49.999998807907104,40.838574171066284,26.16629183292389
stim_94_harmonic.wav,25.000001192092896,40.000001192092896,37.12186932563782,25.966903567314148
stim_94_harmonic.wav,50.00000238418579,10.000000298023224,46.1719536781311,24.03704524040222
stim_94_harmonic.wav,0.0,49.999998807907104,24.893163442611694,30.95994472503662
stim_94_harmonic.wav,10.000000074505806,10.000000298023224,41.31614685058594,26.122398376464844
stim_94_harmonic.wav,50.00000238418579,20.000000596046448,40.92904508113861,26.192021369934082
stim_94_harmonic.wav,45.0,10.000000298023224,43.953270614147186,26.83805823326111
stim_94_harmonic.wav,54.99999940395355,10.000000298023224,40.63614249229431,26.15316867828369
stim_94_harmonic.wav,25.000001192092896,40.000001192092896,41.22512876987457,26.289113759994507
stim_94_harmonic.wav,15.000000447034836,49.999998807907104,31.98884278535843,27.90013611316681
stim_94_harmonic.wav,0.0,0.0,27.66128361225128,28.57806622982025
stim_94_harmonic.wav,84.99999761581421,0.0,35.633066296577454,28.588669896125793
stim_94_harmonic.wav,54.99999940395355,10.000000298023224,41.73528492450714,26.15249276161194
stim_94_harmonic.wav,35.00000059604645,30.0,43.160264790058136,30.216561555862427
stim_94_harmonic.wav,30.00000089406967,30.0,42.082397639751434,29.735446572303772
stim_94_harmonic.wav,25.000001192092896,60.0,41.29228591918945,26.19653284549713
stim_94_harmonic.wav,5.000000037252903,40.000001192092896,41.215223371982574,26.171146631240845
stim_94_harmonic.wav,84.99999761581421,0.0,40.3827166557312,26.267563104629517
stim_94_harmonic.wav,40.000000298023224,0.0,38.57815325260162,23.570702075958252
stim_94_harmonic.wav,0.0,30.0,40.93140006065369,26.197246313095093
stim_94_harmonic.wav,84.99999761581421,10.000000298023224,38.38487058877945,31.388765573501587
stim_94_harmonic.wav,74.99999821186066,30.0,40.76396316289902,26.428316831588745
stim_94_harmonic.wav,54.99999940395355,40.000001192092896,40.775233805179596,26.302122473716736
stim_94_harmonic.wav,70.0000011920929,49.999998807907104,42.56161719560623,27.00864851474762
stim_94_harmonic.wav,10.000000074505806,49.999998807907104,39.2204350233078,25.78510344028473
stim_94_harmonic.wav,50.00000238418579,20.000000596046448,43.153280317783356,22.091020345687866
stim_94_harmonic.wav,64.9999988079071,60.0,41.141280233860016,27.779722809791565
stim_94_harmonic.wav,60.00000178813934,60.0,40.62909096479416,26.155666708946228
stim_94_harmonic.wav,84.99999761581421,30.0,40.626314878463745,26.165079474449158
stim_94_harmonic.wav,50.00000238418579,60.0,41.566632986068726,26.345629692077637
stim_94_harmonic.wav,30.00000089406967,40.000001192092896,43.26660633087158,27.919299602508545
stim_94_harmonic.wav,20.000000149011612,60.0,40.96095263957977,26.189875602722168
stim_94_harmonic.wav,15.000000447034836,30.0,35.828577876091,26.710606813430786
stim_94_harmonic.wav,45.0,0.0,40.51364868879318,26.234559416770935
stim_94_harmonic.wav,54.99999940395355,10.000000298023224,42.18322992324829,26.99719727039337
stim_94_harmonic.wav,84.99999761581421,40.000001192092896,41.36964350938797,26.12387716770172
stim_94_harmonic.wav,54.99999940395355,30.0,44.22625511884689,22.624014616012573
stim_94_harmonic.wav,30.00000089406967,30.0,41.26672446727753,26.34484827518463
stim_94_harmonic.wav,45.0,10.000000298023224,44.90270018577576,25.251808762550354
stim_94_harmonic.wav,35.00000059604645,10.000000298023224,41.01141035556793,26.330548524856567
stim_94_harmonic.wav,90.0,30.0,40.22045373916626,35.774195194244385
stim_94_harmonic.wav,40.000000298023224,0.0,40.77596068382263,27.19954490661621
stim_94_harmonic.wav,15.000000447034836,20.000000596046448,34.73194062709808,26.56851053237915
stim_94_harmonic.wav,74.99999821186066,40.000001192092896,40.898325741291046,26.05050265789032
stim_94_harmonic.wav,64.9999988079071,0.0,56.16562843322754,28.787850737571716
stim_94_harmonic.wav,64.9999988079071,10.000000298023224,54.96363937854767,34.60194110870361
stim_94_harmonic.wav,25.000001192092896,10.000000298023224,40.4232394695282,29.73900318145752
stim_94_harmonic.wav,15.000000447034836,30.0,40.22743284702301,26.11261546611786
stim_94_harmonic.wav,64.9999988079071,10.000000298023224,41.87978893518448,25.4851233959198
stim_94_harmonic.wav,80.00000059604645,10.000000298023224,42.040657103061676,28.54112684726715
stim_94_harmonic.wav,30.00000089406967,60.0,40.88906943798065,26.139850616455078
stim_94_harmonic.wav,74.99999821186066,40.000001192092896,40.67762553691864,26.14002764225006
stim_94_harmonic.wav,60.00000178813934,0.0,41.019113659858704,26.108415126800537
stim_94_harmonic.wav,10.000000074505806,40.000001192092896,41.92196398973465,26.04578733444214
stim_94_harmonic.wav,30.00000089406967,20.000000596046448,40.6149959564209,26.1606627702713
stim_94_harmonic.wav,40.000000298023224,60.0,41.04582577943802,26.290860772132874
stim_94_harmonic.wav,64.9999988079071,60.0,42.28984773159027,29.23535406589508
stim_94_harmonic.wav,84.99999761581421,40.000001192092896,40.510118901729584,26.197822093963623
stim_94_harmonic.wav,74.99999821186066,10.000000298023224,40.6778159737587,26.24838352203369
stim_94_harmonic.wav,40.000000298023224,10.000000298023224,40.51162362098694,26.266871094703674
stim_94_harmonic.wav,25.000001192092896,30.0,40.98281264305115,26.19589626789093
stim_94_harmonic.wav,10.000000074505806,0.0,36.42936587333679,26.86763048171997
stim_94_harmonic.wav,60.00000178813934,20.000000596046448,40.55344194173813,26.421514749526978
stim_94_harmonic.wav,70.0000011920929,60.0,41.17782264947891,26.320595741271973
stim_94_harmonic.wav,60.00000178813934,0.0,48.121002316474915,20.329424142837524
stim_94_harmonic.wav,25.000001192092896,20.000000596046448,40.7270023226738,26.120975017547607
stim_94_harmonic.wav,10.000000074505806,60.0,36.825208961963654,28.103245496749878
stim_94_harmonic.wav,0.0,60.0,16.64075195789337,27.287367582321167
stim_94_harmonic.wav,15.000000447034836,30.0,40.78719109296799,26.161426305770874
stim_94_harmonic.wav,60.00000178813934,10.000000298023224,53.66495668888092,29.38808262348175
stim_103_harmonic.wav,15.000000447034836,60.0,36.48330509662628,28.018718361854553
stim_103_harmonic.wav,54.99999940395355,0.0,41.06293022632599,26.05661451816559
stim_103_harmonic.wav,80.00000059604645,30.0,42.61913180351257,26.680537462234497
stim_103_harmonic.wav,30.00000089406967,10.000000298023224,45.574405789375305,26.634780764579773
stim_103_harmonic.wav,70.0000011920929,49.999998807907104,41.35001242160797,26.162327527999878
stim_103_harmonic.wav,20.000000149011612,20.000000596046448,41.816110610961914,26.28286600112915
stim_103_harmonic.wav,15.000000447034836,40.000001192092896,37.525056302547455,28.720747232437134
stim_103_harmonic.wav,20.000000149011612,0.0,41.2044221162796,26.120300889015198
stim_103_harmonic.wav,54.99999940395355,49.999998807907104,40.81338554620743,26.45114779472351
stim_103_harmonic.wav,25.000001192092896,49.999998807907104,41.1225101351738,26.078277826309204
stim_103_harmonic.wav,50.00000238418579,10.000000298023224,41.02765917778015,26.119894981384277
stim_103_harmonic.wav,30.00000089406967,40.000001192092896,41.2760129570961,26.428393721580505
stim_103_harmonic.wav,25.000001192092896,40.000001192092896,41.16338163614273,25.948140621185303
stim_103_harmonic.wav,5.000000037252903,20.000000596046448,36.45486831665039,27.96022117137909
stim_103_harmonic.wav,25.000001192092896,49.999998807907104,40.911591947078705,26.157179474830627
stim_103_harmonic.wav,80.00000059604645,0.0,43.0578151345253,27.79627561569214
stim_103_harmonic.wav,15.000000447034836,30.0,39.33342844247818,28.12986195087433
stim_103_harmonic.wav,0.0,49.999998807907104,41.186370849609375,25.908671021461487
stim_103_harmonic.wav,10.000000074505806,0.0,38.03076535463333,30.459247827529907
stim_103_harmonic.wav,80.00000059604645,10.000000298023224,41.02562606334686,26.13123893737793
stim_103_harmonic.wav,84.99999761581421,60.0,40.857998728752136,26.19429051876068
stim_103_harmonic.wav,5.000000037252903,40.000001192092896,41.5359029173851,26.02673649787903
stim_103_harmonic.wav,54.99999940395355,60.0,41.78418159484863,26.137579679489136
stim_103_harmonic.wav,80.00000059604645,40.000001192092896,43.940661549568176,26.314440965652466
stim_103_harmonic.wav,84.99999761581421,40.000001192092896,42.03649699687958,26.49628758430481
stim_103_harmonic.wav,64.9999988079071,60.0,44.648660123348236,31.62013292312622
stim_103_harmonic.wav,60.00000178813934,30.0,38.986726105213165,30.01758098602295
stim_103_harmonic.wav,74.99999821186066,60.0,44.050090312957764,27.055574655532837
stim_103_harmonic.wav,30.00000089406967,20.000000596046448,43.94184172153473,34.488465785980225
stim_103_harmonic.wav,80.00000059604645,10.000000298023224,42.133952379226685,25.558274388313293
stim_103_harmonic.wav,70.0000011920929,40.000001192092896,40.20879417657852,26.186851859092712
stim_103_harmonic.wav,84.99999761581421,40.000001192092896,44.874630868434906,26.565694212913513
stim_103_harmonic.wav,0.0,20.000000596046448,41.830929815769196,26.257596015930176
stim_103_harmonic.wav,70.0000011920929,20.000000596046448,42.43835091590881,30.250385999679565
stim_103_harmonic.wav,35.00000059604645,10.000000298023224,44.21178191900253,26.420280933380127
stim_103_harmonic.wav,84.99999761581421,60.0,41.06568217277527,26.023648381233215
stim_103_harmonic.wav,15.000000447034836,0.0,40.820335149765015,26.174320578575134
stim_103_harmonic.wav,45.0,20.000000596046448,40.76696455478668,26.224098801612854
stim_103_harmonic.wav,10.000000074505806,60.0,30.217608511447906,33.17068934440613
stim_103_harmonic.wav,45.0,49.999998807907104,40.881226658821106,26.18828594684601
stim_103_harmonic.wav,0.0,60.0,40.68475753068924,26.227828860282898
stim_103_harmonic.wav,0.0,0.0,40.61019480228424,26.20669662952423
stim_103_harmonic.wav,40.000000298023224,10.000000298023224,41.21518313884735,26.00142002105713
stim_103_harmonic.wav,45.0,49.999998807907104,41.19276523590088,26.032708883285522
stim_103_harmonic.wav,60.00000178813934,0.0,41.05827659368515,26.049969792366028
stim_103_harmonic.wav,74.99999821186066,20.000000596046448,40.79283982515335,26.228200793266296
stim_103_harmonic.wav,74.99999821186066,49.999998807907104,39.88268584012985,27.661938071250916
stim_103_harmonic.wav,45.0,20.000000596046448,41.4759287238121,25.97343921661377
stim_103_harmonic.wav,25.000001192092896,40.000001192092896,41.085350811481476,26.019086837768555
stim_103_harmonic.wav,74.99999821186066,0.0,41.216797828674316,26.041488647460938
stim_103_harmonic.wav,90.0,10.000000298023224,40.96964567899704,26.644626259803772
stim_103_harmonic.wav,74.99999821186066,0.0,43.90846163034439,27.992085814476013
stim_103_harmonic.wav,74.99999821186066,40.000001192092896,40.95157831907272,26.327571272850037
stim_103_harmonic.wav,5.000000037252903,30.0,40.97838968038559,26.019634008407593
stim_103_harmonic.wav,50.00000238418579,49.999998807907104,40.99772572517395,26.158722639083862
stim_103_harmonic.wav,80.00000059604645,40.000001192092896,41.76397383213043,28.26255440711975
stim_103_harmonic.wav,84.99999761581421,20.000000596046448,41.046667993068695,26.186630129814148
stim_103_harmonic.wav,25.000001192092896,60.0,41.15660637617111,26.013472080230713
stim_103_harmonic.wav,0.0,40.000001192092896,41.17486149072647,26.233879923820496
stim_103_harmonic.wav,70.0000011920929,10.000000298023224,45.1739627122879,26.11023724079132
stim_103_harmonic.wav,74.99999821186066,30.0,43.24501723051071,26.745808124542236
stim_103_harmonic.wav,5.000000037252903,0.0,40.56621193885803,26.189669966697693
stim_103_harmonic.wav,25.000001192092896,20.000000596046448,41.75060838460922,26.277642846107483
stim_103_harmonic.wav,60.00000178813934,30.0,37.3314893245697,29.941096901893616
stim_103_harmonic.wav,20.000000149011612,10.000000298023224,42.269001603126526,26.898211240768433
stim_103_harmonic.wav,45.0,20.000000596046448,46.59678876399994,25.733721256256104
stim_103_harmonic.wav,40.000000298023224,0.0,40.809354186058044,26.10814869403839
stim_103_harmonic.wav,10.000000074505806,0.0,41.163998544216156,26.11497938632965
stim_103_harmonic.wav,84.99999761581421,40.000001192092896,44.4824355840683,27.188737392425537
stim_103_harmonic.wav,74.99999821186066,0.0,46.33056879043579,23.72158706188202
stim_103_harmonic.wav,0.0,30.0,41.50590240955353,27.76748299598694
stim_103_harmonic.wav,80.00000059604645,30.0,41.00568115711212,26.121849417686462
stim_103_harmonic.wav,5.000000037252903,0.0,30.812771916389465,30.460610389709473
stim_103_harmonic.wav,5.000000037252903,49.999998807907104,40.6615349650383,26.186227798461914
stim_103_harmonic.wav,20.000000149011612,40.000001192092896,43.21463316679001,27.322327494621277
stim_103_harmonic.wav,54.99999940395355,60.0,40.88480472564697,26.22711181640625
stim_103_harmonic.wav,70.0000011920929,20.000000596046448,41.12863093614578,26.04454815387726
stim_103_harmonic.wav,80.00000059604645,30.0,41.85962677001953,26.272539496421814
stim_103_harmonic.wav,40.000000298023224,40.000001192092896,41.40436202287674,26.008535027503967
stim_103_harmonic.wav,84.99999761581421,49.999998807907104,40.6283962726593,26.174481511116028
stim_103_harmonic.wav,80.00000059604645,60.0,43.78249168395996,27.268372178077698
stim_103_harmonic.wav,20.000000149011612,40.000001192092896,41.52656614780426,26.088997721672058
stim_103_harmonic.wav,90.0,20.000000596046448,49.2264586687088,25.121129751205444
stim_103_harmonic.wav,15.000000447034836,30.0,40.70251375436783,26.12911820411682
stim_103_harmonic.wav,20.000000149011612,49.999998807907104,41.128676533699036,26.174721121788025
stim_103_harmonic.wav,25.000001192092896,60.0,41.0288205742836,26.203629970550537
stim_103_harmonic.wav,0.0,60.0,41.106966733932495,26.130892038345337
stim_103_harmonic.wav,80.00000059604645,49.999998807907104,40.947785675525665,26.28125488758087
stim_103_harmonic.wav,54.99999940395355,0.0,41.442900002002716,28.154765367507935
stim_103_harmonic.wav,5.000000037252903,10.000000298023224,34.51661825180054,29.064159393310547
stim_103_harmonic.wav,64.9999988079071,30.0,40.89671641588211,26.1595219373703
stim_103_harmonic.wav,80.00000059604645,30.0,40.81241726875305,26.09070897102356
stim_103_harmonic.wav,30.00000089406967,0.0,43.856410682201385,26.496570110321045
stim_103_harmonic.wav,25.000001192092896,0.0,42.57741004228592,28.676345944404602
stim_103_harmonic.wav,20.000000149011612,40.000001192092896,41.21925473213196,26.41191601753235
stim_103_harmonic.wav,60.00000178813934,10.000000298023224,41.41442030668259,26.052115559577942
stim_103_harmonic.wav,54.99999940395355,0.0,40.72337597608566,26.106759309768677
stim_103_harmonic.wav,45.0,49.999998807907104,41.09691113233566,26.384443044662476
stim_103_harmonic.wav,30.00000089406967,10.000000298023224,41.335904002189636,26.09121322631836
stim_103_harmonic.wav,70.0000011920929,60.0,42.329710721969604,25.912469029426575
stim_103_harmonic.wav,30.00000089406967,0.0,43.72113078832626,26.21383488178253
stim_103_harmonic.wav,0.0,49.999998807907104,40.7200688123703,26.107070446014404
stim_103_harmonic.wav,45.0,49.999998807907104,43.465288281440735,28.785080909729004
stim_103_harmonic.wav,74.99999821186066,30.0,40.77042996883392,26.11687481403351
stim_103_harmonic.wav,80.00000059604645,60.0,44.13755714893341,27.65490174293518
stim_103_harmonic.wav,20.000000149011612,49.999998807907104,41.246511340141296,26.082685589790344
stim_103_harmonic.wav,40.000000298023224,40.000001192092896,41.173000037670135,26.078495979309082
stim_103_harmonic.wav,50.00000238418579,0.0,42.453038692474365,27.966554760932922
stim_103_harmonic.wav,20.000000149011612,0.0,42.551564276218414,26.662203669548035
stim_103_harmonic.wav,0.0,60.0,42.3860639333725,27.453573346138
stim_103_harmonic.wav,5.000000037252903,20.000000596046448,30.237333476543427,32.41713881492615
stim_103_harmonic.wav,54.99999940395355,49.999998807907104,52.10489809513092,22.419655323028564
stim_103_harmonic.wav,5.000000037252903,0.0,41.03149473667145,25.98177194595337
stim_103_harmonic.wav,70.0000011920929,20.000000596046448,40.75108855962753,26.11496150493622
stim_103_harmonic.wav,70.0000011920929,30.0,40.81354111433029,26.08246922492981
stim_103_harmonic.wav,35.00000059604645,0.0,41.136165261268616,25.94667077064514
stim_103_harmonic.wav,35.00000059604645,40.000001192092896,41.50935709476471,26.066667437553406
stim_103_harmonic.wav,15.000000447034836,40.000001192092896,41.238708794116974,26.296309232711792
stim_74_harmonic.wav,64.9999988079071,40.000001192092896,56.19673132896423,34.70957279205322
stim_74_harmonic.wav,35.00000059604645,30.0,48.47844421863556,37.974969148635864
stim_74_harmonic.wav,35.00000059604645,40.000001192092896,37.62886583805084,42.0326828956604
stim_74_harmonic.wav,80.00000059604645,10.000000298023224,47.71682024002075,24.348666071891785
stim_74_harmonic.wav,25.000001192092896,40.000001192092896,29.33895707130432,30.539907217025757
stim_74_harmonic.wav,20.000000149011612,10.000000298023224,25.927023589611053,25.963228940963745
stim_74_harmonic.wav,10.000000074505806,49.999998807907104,22.614938020706177,38.58690619468689
stim_74_harmonic.wav,15.000000447034836,60.0,25.760989487171173,33.27518820762634
stim_74_harmonic.wav,70.0000011920929,20.000000596046448,43.763788640499115,28.026552200317383
stim_74_harmonic.wav,5.000000037252903,10.000000298023224,8.33213746547699,39.29046034812927
stim_74_harmonic.wav,20.000000149011612,40.000001192092896,27.477208971977234,36.54606342315674
stim_74_harmonic.wav,80.00000059604645,40.000001192092896,44.8408243060112,28.931998014450073
stim_74_harmonic.wav,54.99999940395355,0.0,31.51316374540329,28.18835735321045
stim_74_harmonic.wav,25.000001192092896,20.000000596046448,27.846374809741974,18.485387563705444
stim_74_harmonic.wav,45.0,40.000001192092896,47.83027231693268,22.801714539527893
stim_74_harmonic.wav,50.00000238418579,60.0,36.19874686002731,47.260093688964844
stim_74_harmonic.wav,84.99999761581421,30.0,42.71854519844055,26.348682045936584
stim_74_harmonic.wav,60.00000178813934,10.000000298023224,44.88670349121094,26.46786868572235
stim_74_harmonic.wav,25.000001192092896,10.000000298023224,42.38129764795303,25.991511940956116
stim_74_harmonic.wav,20.000000149011612,49.999998807907104,30.365988314151764,38.07501554489136
stim_74_harmonic.wav,60.00000178813934,30.0,55.38329243659973,19.227930307388306
stim_74_harmonic.wav,54.99999940395355,40.000001192092896,40.42834371328354,28.24579954147339
stim_74_harmonic.wav,35.00000059604645,20.000000596046448,55.16291677951813,48.5287070274353
stim_74_harmonic.wav,20.000000149011612,0.0,26.97379857301712,33.85079383850098
stim_74_harmonic.wav,80.00000059604645,60.0,42.53726541996002,28.668517470359802
stim_74_harmonic.wav,30.00000089406967,40.000001192092896,40.03113806247711,45.663249492645264
stim_74_harmonic.wav,10.000000074505806,30.0,28.321686387062073,34.542471170425415
stim_74_harmonic.wav,20.000000149011612,30.0,38.87647122144699,29.469489455223083
stim_74_harmonic.wav,60.00000178813934,60.0,44.995349049568176,36.27362251281738
stim_74_harmonic.wav,50.00000238418579,0.0,51.6727352142334,16.264498829841614
stim_74_harmonic.wav,30.00000089406967,30.0,41.47832930088043,26.720720529556274
stim_74_harmonic.wav,20.000000149011612,30.0,43.349427580833435,26.160956025123596
stim_74_harmonic.wav,80.00000059604645,30.0,46.42106652259827,28.04264545440674
stim_74_harmonic.wav,84.99999761581421,20.000000596046448,52.78058409690857,23.70908260345459
stim_74_harmonic.wav,74.99999821186066,20.000000596046448,43.47838819026947,31.06563091278076
stim_74_harmonic.wav,5.000000037252903,40.000001192092896,30.999121069908142,32.46046543121338
stim_74_harmonic.wav,64.9999988079071,0.0,58.99413049221039,18.886624574661255
stim_74_harmonic.wav,64.9999988079071,10.000000298023224,45.43597161769867,24.496328830718994
stim_74_harmonic.wav,5.000000037252903,10.000000298023224,25.92462033033371,33.70550036430359
stim_74_harmonic.wav,90.0,30.0,73.56207132339478,28.484898805618286
stim_74_harmonic.wav,10.000000074505806,20.000000596046448,12.659152150154114,41.540465354919434
stim_74_harmonic.wav,80.00000059604645,0.0,54.058082699775696,18.695016503334045
stim_74_harmonic.wav,80.00000059604645,0.0,68.9782190322876,5.396561622619629
stim_74_harmonic.wav,74.99999821186066,0.0,67.95369029045105,7.921891808509827
stim_74_harmonic.wav,60.00000178813934,0.0,59.49900269508362,13.58195275068283
stim_74_harmonic.wav,15.000000447034836,30.0,11.034036576747894,38.29417705535889
stim_74_harmonic.wav,10.000000074505806,40.000001192092896,28.528860211372375,30.62064528465271
stim_74_harmonic.wav,64.9999988079071,40.000001192092896,57.369709610939026,33.67265224456787
stim_74_harmonic.wav,74.99999821186066,30.0,46.599669456481934,25.885621905326843
stim_74_harmonic.wav,70.0000011920929,0.0,64.4619369506836,8.768055438995361
stim_74_harmonic.wav,35.00000059604645,10.000000298023224,41.201122999191284,28.623100519180298
stim_74_harmonic.wav,64.9999988079071,60.0,41.605862975120544,27.23120391368866
stim_74_harmonic.wav,5.000000037252903,10.000000298023224,28.261025547981262,33.490365743637085
stim_74_harmonic.wav,84.99999761581421,40.000001192092896,65.03475487232208,23.784935474395752
stim_74_harmonic.wav,15.000000447034836,30.0,32.28378117084503,27.228645086288452
stim_74_harmonic.wav,54.99999940395355,60.0,45.39009511470795,27.873802185058594
stim_74_harmonic.wav,84.99999761581421,10.000000298023224,72.63487994670868,12.51910150051117
stim_74_harmonic.wav,45.0,30.0,59.01555597782135,33.30008625984192
stim_74_harmonic.wav,10.000000074505806,10.000000298023224,15.155636966228485,31.712805032730103
stim_74_harmonic.wav,74.99999821186066,20.000000596046448,68.496333360672,23.083966970443726
stim_74_harmonic.wav,50.00000238418579,10.000000298023224,43.90009582042694,25.87946891784668
stim_74_harmonic.wav,84.99999761581421,60.0,41.76315575838089,33.0312716960907
stim_74_harmonic.wav,15.000000447034836,60.0,40.92706024646759,26.03996515274048
stim_74_harmonic.wav,80.00000059604645,20.000000596046448,44.591912627220154,27.6433128118515
stim_74_harmonic.wav,10.000000074505806,40.000001192092896,24.566604495048523,33.22140455245972
stim_74_harmonic.wav,90.0,60.0,44.79763001203537,28.974663019180298
stim_74_harmonic.wav,70.0000011920929,60.0,54.037381410598755,45.614386796951294
stim_74_harmonic.wav,40.000000298023224,30.0,47.22531080245972,30.342929363250732
stim_74_harmonic.wav,30.00000089406967,40.000001192092896,40.086767077445984,32.58453011512756
stim_74_harmonic.wav,0.0,60.0,7.795996069908142,24.11460041999817
stim_74_harmonic.wav,74.99999821186066,10.000000298023224,45.95159947872162,28.871693015098572
stim_74_harmonic.wav,10.000000074505806,60.0,31.064663529396057,29.38301682472229
stim_74_harmonic.wav,5.000000037252903,30.0,8.06647539138794,35.80413579940796
stim_74_harmonic.wav,25.000001192092896,20.000000596046448,29.085885286331177,28.7257182598114
stim_74_harmonic.wav,20.000000149011612,20.000000596046448,29.26231563091278,31.623505353927612
stim_74_harmonic.wav,20.000000149011612,60.0,24.41286563873291,41.05151295661926
stim_74_harmonic.wav,84.99999761581421,10.000000298023224,39.76215809583664,28.96320104598999
stim_74_harmonic.wav,5.000000037252903,60.0,27.26207435131073,26.143214106559753
stim_74_harmonic.wav,15.000000447034836,49.999998807907104,31.332911252975464,29.456684589385986
stim_74_harmonic.wav,30.00000089406967,0.0,43.299211263656616,34.28706407546997
stim_74_harmonic.wav,40.000000298023224,0.0,48.575921058654785,30.40460228919983
stim_74_harmonic.wav,5.000000037252903,10.000000298023224,25.395635068416595,31.321306228637695
stim_74_harmonic.wav,0.0,20.000000596046448,31.1277437210083,25.13596773147583
stim_74_harmonic.wav,15.000000447034836,40.000001192092896,30.632342398166656,34.18596625328064
stim_74_harmonic.wav,35.00000059604645,40.000001192092896,36.43799185752869,41.90531373023987
stim_74_harmonic.wav,74.99999821186066,0.0,64.85419392585754,14.195506274700165
stim_74_harmonic.wav,10.000000074505806,60.0,10.529124140739441,42.521735429763794
stim_74_harmonic.wav,45.0,60.0,37.333409786224365,32.17504262924194
stim_74_harmonic.wav,70.0000011920929,10.000000298023224,41.54938906431198,28.65021586418152
stim_74_harmonic.wav,0.0,10.000000298023224,8.30418348312378,25.673580765724182
stim_74_harmonic.wav,90.0,10.000000298023224,47.408119440078735,25.082699060440063
stim_74_harmonic.wav,15.000000447034836,49.999998807907104,10.310872793197632,38.842570781707764
stim_74_harmonic.wav,50.00000238418579,10.000000298023224,45.46245574951172,26.909008026123047
stim_74_harmonic.wav,54.99999940395355,60.0,45.172385573387146,23.7614643573761
stim_74_harmonic.wav,74.99999821186066,20.000000596046448,62.34846353530884,26.17119312286377
stim_74_harmonic.wav,74.99999821186066,49.999998807907104,65.94495177268982,35.95396041870117
stim_74_harmonic.wav,5.000000037252903,60.0,28.856502771377563,30.85963010787964
stim_74_harmonic.wav,30.00000089406967,40.000001192092896,43.14447194337845,32.1950626373291
stim_74_harmonic.wav,45.0,10.000000298023224,50.790674686431885,22.962841987609863
stim_74_harmonic.wav,54.99999940395355,20.000000596046448,40.20292550325394,28.77565026283264
stim_74_harmonic.wav,54.99999940395355,60.0,42.84248471260071,26.316382884979248
stim_74_harmonic.wav,60.00000178813934,49.999998807907104,48.00904154777527,27.727906107902527
stim_74_harmonic.wav,70.0000011920929,10.000000298023224,54.64949905872345,24.55818772315979
stim_74_harmonic.wav,40.000000298023224,20.000000596046448,47.13909387588501,24.34250771999359
stim_74_harmonic.wav,25.000001192092896,40.000001192092896,36.590867042541504,27.82992660999298
stim_74_harmonic.wav,74.99999821186066,0.0,59.20582115650177,11.008760333061218
stim_74_harmonic.wav,70.0000011920929,0.0,64.77785289287567,9.942941665649414
stim_74_harmonic.wav,50.00000238418579,49.999998807907104,54.103771448135376,33.740644454956055
stim_74_harmonic.wav,0.0,20.000000596046448,39.89183485507965,32.239075899124146
stim_74_harmonic.wav,10.000000074505806,40.000001192092896,34.87432301044464,29.51136589050293
stim_74_harmonic.wav,50.00000238418579,20.000000596046448,46.88492238521576,13.545652627944946
stim_74_harmonic.wav,60.00000178813934,40.000001192092896,48.84478569030762,23.025301694869995
stim_74_harmonic.wav,50.00000238418579,20.000000596046448,39.8065111041069,26.805662512779236
stim_74_harmonic.wav,25.000001192092896,10.000000298023224,40.94808608293533,26.808106899261475
stim_74_harmonic.wav,0.0,40.000001192092896,12.495507895946503,24.449445605278015
stim_74_harmonic.wav,5.000000037252903,10.000000298023224,21.961173713207245,40.549800395965576
stim_74_harmonic.wav,10.000000074505806,30.0,20.889235585927963,34.417240619659424
stim_74_harmonic.wav,74.99999821186066,0.0,44.56972807645798,24.449965953826904
stim_74_harmonic.wav,35.00000059604645,20.000000596046448,58.72794270515442,52.30306148529053
stim_74_harmonic.wav,20.000000149011612,10.000000298023224,27.094919085502625,35.95481872558594
stim_74_harmonic.wav,45.0,20.000000596046448,45.63315689563751,24.330310821533203
stim_74_harmonic.wav,45.0,49.999998807907104,50.61975359916687,53.54931950569153
stim_74_harmonic.wav,80.00000059604645,30.0,45.583627223968506,30.828698873519897
stim_74_harmonic.wav,25.000001192092896,10.000000298023224,31.214969158172607,23.318334817886353
stim_74_harmonic.wav,74.99999821186066,40.000001192092896,49.65191066265106,26.38650119304657
stim_74_harmonic.wav,84.99999761581421,30.0,70.69121181964874,28.103286623954773
stim_74_harmonic.wav,60.00000178813934,0.0,47.226110100746155,26.91153109073639
stim_74_harmonic.wav,15.000000447034836,20.000000596046448,22.87401795387268,27.227625846862793
stim_74_harmonic.wav,45.0,30.0,44.57439512014389,34.8176908493042
stim_74_harmonic.wav,50.00000238418579,30.0,46.94888234138489,20.530418157577515
stim_74_harmonic.wav,64.9999988079071,40.000001192092896,53.39678943157196,26.456642746925354
stim_74_harmonic.wav,10.000000074505806,20.000000596046448,31.692429184913635,34.19315814971924
stim_67_harmonic.wav,0.0,40.000001192092896,10.923977494239807,24.694735407829285
stim_67_harmonic.wav,90.0,60.0,40.606868863105774,26.752517223358154
stim_67_harmonic.wav,70.0000011920929,0.0,64.98224258422852,5.324724912643433
stim_67_harmonic.wav,50.00000238418579,40.000001192092896,45.27416467666626,20.355924367904663
stim_67_harmonic.wav,80.00000059604645,49.999998807907104,66.5670794248581,39.137306213378906
stim_67_harmonic.wav,70.0000011920929,60.0,38.18471074104309,18.9800888299942
stim_67_harmonic.wav,45.0,20.000000596046448,44.60067272186279,28.89473855495453
stim_67_harmonic.wav,35.00000059604645,49.999998807907104,42.09279656410217,24.03244435787201
stim_67_harmonic.wav,70.0000011920929,10.000000298023224,51.81306838989258,26.668201088905334
stim_67_harmonic.wav,84.99999761581421,49.999998807907104,52.83966243267059,23.78077983856201
stim_67_harmonic.wav,64.9999988079071,0.0,69.62226033210754,12.110006511211395
stim_67_harmonic.wav,45.0,0.0,45.6274276971817,23.85724425315857
stim_67_harmonic.wav,45.0,10.000000298023224,45.192169547080994,23.154330253601074
stim_67_harmonic.wav,0.0,40.000001192092896,13.435120582580566,24.553159475326538
stim_67_harmonic.wav,10.000000074505806,49.999998807907104,26.234166026115417,29.90214228630066
stim_67_harmonic.wav,0.0,49.999998807907104,24.982177913188934,24.033687114715576
stim_67_harmonic.wav,45.0,49.999998807907104,47.13308572769165,26.623295545578003
stim_67_harmonic.wav,80.00000059604645,30.0,56.428892612457275,29.87003445625305
stim_67_harmonic.wav,54.99999940395355,20.000000596046448,53.936278223991394,26.047562956809998
stim_67_harmonic.wav,60.00000178813934,40.000001192092896,55.35281181335449,31.886719465255737
stim_67_harmonic.wav,5.000000037252903,60.0,39.59860235452652,30.938551425933838
stim_67_harmonic.wav,40.000000298023224,0.0,50.214155316352844,33.52947950363159
stim_67_harmonic.wav,50.00000238418579,0.0,47.496294379234314,13.305180072784424
stim_67_harmonic.wav,40.000000298023224,20.000000596046448,43.87742042541504,27.519371509552002
stim_67_harmonic.wav,25.000001192092896,60.0,44.49633479118347,28.661765456199646
stim_67_harmonic.wav,20.000000149011612,60.0,18.164587318897247,33.074870109558105
stim_67_harmonic.wav,30.00000089406967,60.0,33.18304002285004,34.58271503448486
stim_67_harmonic.wav,30.00000089406967,40.000001192092896,41.43968939781189,26.605530381202698
stim_67_harmonic.wav,0.0,40.000001192092896,33.923941254615784,28.647149205207825
stim_67_harmonic.wav,84.99999761581421,60.0,43.32625329494476,23.66370677947998
stim_67_harmonic.wav,70.0000011920929,49.999998807907104,46.55898571014404,27.869601845741272
stim_67_harmonic.wav,15.000000447034836,0.0,23.031651377677917,28.270200490951538
stim_67_harmonic.wav,20.000000149011612,20.000000596046448,20.791533440351486,18.309102058410645
stim_67_harmonic.wav,40.000000298023224,60.0,49.12213146686554,29.389894008636475
stim_67_harmonic.wav,35.00000059604645,20.000000596046448,38.75444948673248,17.45471477508545
stim_67_harmonic.wav,35.00000059604645,49.999998807907104,39.07819479703903,29.176021814346313
stim_67_harmonic.wav,20.000000149011612,49.999998807907104,22.856932282447815,24.31835174560547
stim_67_harmonic.wav,80.00000059604645,60.0,55.862592458724976,30.741677284240723
stim_67_harmonic.wav,84.99999761581421,10.000000298023224,48.18259119987488,24.85531210899353
stim_67_harmonic.wav,60.00000178813934,30.0,58.165977001190186,24.813766479492188
stim_67_harmonic.wav,70.0000011920929,0.0,52.901272773742676,20.556040406227112
stim_67_harmonic.wav,90.0,10.000000298023224,42.744318544864655,23.847380876541138
stim_67_harmonic.wav,84.99999761581421,49.999998807907104,49.437081813812256,29.719158411026
stim_67_harmonic.wav,25.000001192092896,40.000001192092896,38.03399741649628,26.84586524963379
stim_67_harmonic.wav,64.9999988079071,0.0,63.92987251281738,10.313276052474976
stim_67_harmonic.wav,74.99999821186066,20.000000596046448,55.14986515045166,29.435577392578125
stim_67_harmonic.wav,50.00000238418579,40.000001192092896,49.30041253566742,27.819653749465942
stim_67_harmonic.wav,64.9999988079071,0.0,49.4308215379715,22.338134050369263
stim_67_harmonic.wav,60.00000178813934,49.999998807907104,49.313786029815674,31.270601749420166
stim_67_harmonic.wav,74.99999821186066,30.0,59.41601514816284,28.473424315452576
stim_67_harmonic.wav,15.000000447034836,60.0,23.890092372894287,33.828535079956055
stim_67_harmonic.wav,20.000000149011612,0.0,32.39811301231384,34.468849897384644
stim_67_harmonic.wav,80.00000059604645,0.0,70.2256715297699,5.1230388879776
stim_67_harmonic.wav,0.0,20.000000596046448,24.128028452396393,27.23931849002838
stim_67_harmonic.wav,30.00000089406967,49.999998807907104,43.17731291055679,26.637121438980103
stim_67_harmonic.wav,80.00000059604645,40.000001192092896,72.45627701282501,33.379926681518555
stim_67_harmonic.wav,74.99999821186066,30.0,36.725943088531494,27.476114630699158
stim_67_harmonic.wav,0.0,30.0,20.976978689432144,27.079312205314636
stim_67_harmonic.wav,25.000001192092896,0.0,37.92924106121063,30.225545167922974
stim_67_harmonic.wav,30.00000089406967,49.999998807907104,44.10242021083832,22.17874825000763
stim_67_harmonic.wav,54.99999940395355,0.0,68.44746887683868,32.59109973907471
stim_67_harmonic.wav,90.0,40.000001192092896,76.69875383377075,27.78925895690918
stim_67_harmonic.wav,54.99999940395355,10.000000298023224,70.05542635917664,28.990938663482666
stim_67_harmonic.wav,0.0,10.000000298023224,37.30711609125137,30.604859590530396
stim_67_harmonic.wav,70.0000011920929,49.999998807907104,57.71061301231384,37.81350374221802
stim_67_harmonic.wav,70.0000011920929,0.0,67.24183738231659,13.38868260383606
stim_67_harmonic.wav,84.99999761581421,40.000001192092896,76.08669519424438,33.26279640197754
stim_67_harmonic.wav,80.00000059604645,30.0,79.41002190113068,27.11693286895752
stim_67_harmonic.wav,64.9999988079071,30.0,48.50383937358856,29.227795600891113
stim_67_harmonic.wav,0.0,40.000001192092896,31.999496519565582,26.100355982780457
stim_67_harmonic.wav,15.000000447034836,40.000001192092896,11.935776472091675,36.798423528671265
stim_67_harmonic.wav,64.9999988079071,30.0,46.57278835773468,21.263777017593384
stim_67_harmonic.wav,35.00000059604645,49.999998807907104,54.87518012523651,23.417789340019226
stim_67_harmonic.wav,84.99999761581421,49.999998807907104,70.64507782459259,43.523569107055664
stim_67_harmonic.wav,15.000000447034836,20.000000596046448,28.85834276676178,28.032549619674683
stim_67_harmonic.wav,25.000001192092896,60.0,38.985623717308044,26.47444188594818
stim_67_harmonic.wav,90.0,20.000000596046448,55.82210183143616,28.55979323387146
stim_67_harmonic.wav,35.00000059604645,10.000000298023224,38.32262724637985,9.06887412071228
stim_67_harmonic.wav,45.0,49.999998807907104,46.41322910785675,26.387178897857666
stim_67_harmonic.wav,90.0,60.0,44.85534578561783,28.853663206100464
stim_67_harmonic.wav,45.0,0.0,56.922778487205505,35.00378608703613
stim_67_harmonic.wav,30.00000089406967,20.000000596046448,34.65508729219437,9.645541906356812
stim_67_harmonic.wav,20.000000149011612,30.0,40.66170930862427,28.178476095199585
stim_67_harmonic.wav,80.00000059604645,30.0,76.22817635536194,23.017498254776
stim_67_harmonic.wav,60.00000178813934,0.0,64.83639478683472,16.34490966796875
stim_67_harmonic.wav,10.000000074505806,40.000001192092896,15.829804837703705,33.64995718002319
stim_67_harmonic.wav,20.000000149011612,40.000001192092896,22.63344794511795,27.87966549396515
stim_67_harmonic.wav,25.000001192092896,20.000000596046448,39.47219252586365,26.644272208213806
stim_67_harmonic.wav,5.000000037252903,20.000000596046448,10.552309155464172,33.76221299171448
stim_67_harmonic.wav,15.000000447034836,40.000001192092896,13.601932525634766,31.10377550125122
stim_67_harmonic.wav,80.00000059604645,20.000000596046448,69.48567152023315,16.769235134124756
stim_67_harmonic.wav,60.00000178813934,20.000000596046448,52.327778935432434,22.421656250953674
stim_67_harmonic.wav,35.00000059604645,60.0,31.652901470661163,39.94544863700867
stim_67_harmonic.wav,10.000000074505806,60.0,22.53728538751602,27.824265360832214
stim_67_harmonic.wav,35.00000059604645,0.0,37.85334527492523,15.49181342124939
stim_67_harmonic.wav,45.0,60.0,35.89114308357239,38.959171772003174
stim_67_harmonic.wav,70.0000011920929,30.0,48.932955265045166,24.519930481910706
stim_67_harmonic.wav,70.0000011920929,40.000001192092896,69.40408945083618,30.377225875854492
stim_67_harmonic.wav,74.99999821186066,40.000001192092896,60.94097435474396,34.32353854179382
stim_67_harmonic.wav,40.000000298023224,10.000000298023224,45.94859004020691,22.822789549827576
stim_67_harmonic.wav,60.00000178813934,40.000001192092896,58.507320284843445,37.14531898498535
stim_67_harmonic.wav,80.00000059604645,10.000000298023224,46.0502028465271,23.01569402217865
stim_67_harmonic.wav,54.99999940395355,40.000001192092896,47.051074504852295,28.846135139465332
stim_67_harmonic.wav,5.000000037252903,60.0,7.560439109802246,41.289567947387695
stim_67_harmonic.wav,5.000000037252903,30.0,8.992186188697815,43.07246804237366
stim_67_harmonic.wav,54.99999940395355,10.000000298023224,48.6400043964386,29.788877964019775
stim_67_harmonic.wav,80.00000059604645,0.0,46.46920144557953,25.1459401845932
stim_67_harmonic.wav,54.99999940395355,40.000001192092896,54.81175661087036,37.20224618911743
stim_67_harmonic.wav,10.000000074505806,40.000001192092896,35.57328253984451,27.22308576107025
stim_67_harmonic.wav,5.000000037252903,10.000000298023224,33.46378147602081,25.750470757484436
stim_67_harmonic.wav,15.000000447034836,60.0,22.524405419826508,30.345500707626343
stim_67_harmonic.wav,10.000000074505806,0.0,8.867098689079285,35.948195457458496
stim_67_harmonic.wav,64.9999988079071,49.999998807907104,51.14526808261871,27.98479199409485
stim_67_harmonic.wav,70.0000011920929,60.0,39.55161809921265,14.084699749946594
stim_67_harmonic.wav,80.00000059604645,49.999998807907104,46.374192237854004,27.03967273235321
stim_67_harmonic.wav,50.00000238418579,60.0,39.54790860414505,27.287092208862305
stim_67_harmonic.wav,0.0,20.000000596046448,10.339347124099731,25.774855613708496
stim_67_harmonic.wav,90.0,10.000000298023224,44.32659387588501,25.200446248054504
stim_67_harmonic.wav,40.000000298023224,10.000000298023224,48.98577332496643,26.98107898235321
stim_67_harmonic.wav,10.000000074505806,20.000000596046448,16.19469791650772,25.209481716156006
stim_67_harmonic.wav,0.0,49.999998807907104,6.5890878438949585,29.60817039012909
stim_67_harmonic.wav,5.000000037252903,10.000000298023224,9.153904616832733,36.183868646621704
stim_67_harmonic.wav,60.00000178813934,49.999998807907104,46.131468415260315,22.610244154930115
stim_67_harmonic.wav,60.00000178813934,60.0,40.323056280612946,16.8891441822052
stim_67_harmonic.wav,25.000001192092896,40.000001192092896,44.141046702861786,24.118840098381042
stim_67_harmonic.wav,15.000000447034836,30.0,17.103526890277863,33.838512897491455
stim_67_harmonic.wav,74.99999821186066,60.0,56.356000900268555,33.68577718734741
stim_67_harmonic.wav,74.99999821186066,0.0,46.962191462516785,29.453837871551514
stim_67_harmonic.wav,5.000000037252903,20.000000596046448,9.028830528259277,34.65193748474121
stim_67_harmonic.wav,20.000000149011612,30.0,25.065267384052277,27.048375606536865
stim_67_harmonic.wav,64.9999988079071,30.0,61.4388781785965,30.10798931121826
stim_67_harmonic.wav,84.99999761581421,20.000000596046448,46.64615750312805,25.54308772087097
stim_67_harmonic.wav,64.9999988079071,20.000000596046448,47.15600252151489,33.72691869735718
stim_61_harmonic.wav,15.000000447034836,40.000001192092896,15.009448528289795,38.7724506855011
stim_61_harmonic.wav,54.99999940395355,60.0,45.82898497581482,50.10525941848755
stim_61_harmonic.wav,35.00000059604645,30.0,41.34756088256836,28.298619389533997
stim_61_harmonic.wav,50.00000238418579,49.999998807907104,64.95903611183167,47.2807502746582
stim_61_harmonic.wav,20.000000149011612,0.0,25.423693656921387,31.341676712036133
stim_61_harmonic.wav,54.99999940395355,10.000000298023224,51.58747851848602,24.061809182167053
stim_61_harmonic.wav,60.00000178813934,0.0,52.99474775791168,17.13243842124939
stim_61_harmonic.wav,74.99999821186066,20.000000596046448,42.746182680130005,24.243233799934387
stim_61_harmonic.wav,10.000000074505806,60.0,20.490255653858185,27.112331986427307
stim_61_harmonic.wav,50.00000238418579,0.0,46.685999035835266,25.572166442871094
stim_61_harmonic.wav,60.00000178813934,10.000000298023224,51.73365890979767,25.64434289932251
stim_61_harmonic.wav,35.00000059604645,40.000001192092896,39.204116463661194,42.56630301475525
stim_61_harmonic.wav,45.0,60.0,24.742627143859863,27.943584322929382
stim_61_harmonic.wav,20.000000149011612,0.0,21.157538294792175,14.989267587661743
stim_61_harmonic.wav,10.000000074505806,20.000000596046448,14.08360093832016,34.02045965194702
stim_61_harmonic.wav,35.00000059604645,10.000000298023224,47.069313526153564,34.70066785812378
stim_61_harmonic.wav,70.0000011920929,0.0,51.63799524307251,31.86694622039795
stim_61_harmonic.wav,45.0,60.0,23.989543318748474,27.346923351287842
stim_61_harmonic.wav,70.0000011920929,20.000000596046448,47.114991545677185,23.108437657356262
stim_61_harmonic.wav,70.0000011920929,30.0,71.19710326194763,29.01547908782959
stim_61_harmonic.wav,25.000001192092896,30.0,37.520652115345,26.63967490196228
stim_61_harmonic.wav,90.0,30.0,71.06573939323425,23.959364891052246
stim_61_harmonic.wav,70.0000011920929,49.999998807907104,44.8516845703125,25.998144149780273
stim_61_harmonic.wav,54.99999940395355,30.0,52.10521459579468,26.46687626838684
stim_61_harmonic.wav,84.99999761581421,40.000001192092896,63.89305114746094,24.6869158744812
stim_61_harmonic.wav,70.0000011920929,10.000000298023224,58.19580852985382,22.703522443771362
stim_61_harmonic.wav,54.99999940395355,40.000001192092896,44.21356827020645,24.890175461769104
stim_61_harmonic.wav,40.000000298023224,40.000001192092896,44.134429693222046,25.181874632835388
stim_61_harmonic.wav,80.00000059604645,49.999998807907104,46.35831356048584,27.211371660232544
stim_61_harmonic.wav,40.000000298023224,0.0,54.03282165527344,30.36853551864624
stim_61_harmonic.wav,0.0,49.999998807907104,20.114775896072388,37.36264944076538
stim_61_harmonic.wav,25.000001192092896,60.0,34.63820546865463,38.47416400909424
stim_61_harmonic.wav,80.00000059604645,60.0,44.417316913604736,34.56667900085449
stim_61_harmonic.wav,25.000001192092896,60.0,24.828951358795166,43.18251371383667
stim_61_harmonic.wav,80.00000059604645,49.999998807907104,55.377928018569946,29.71250832080841
stim_61_harmonic.wav,40.000000298023224,0.0,47.74062216281891,23.766067028045654
stim_61_harmonic.wav,30.00000089406967,10.000000298023224,39.52224522829056,27.12686061859131
stim_61_harmonic.wav,20.000000149011612,0.0,19.226574450731277,19.728816747665405
stim_61_harmonic.wav,45.0,40.000001192092896,34.542898535728455,26.280553936958313
stim_61_harmonic.wav,54.99999940395355,30.0,40.678862035274506,25.932708978652954
stim_61_harmonic.wav,84.99999761581421,60.0,40.75008809566498,28.217214345932007
stim_61_harmonic.wav,74.99999821186066,10.000000298023224,65.00149011611938,15.404301881790161
stim_61_harmonic.wav,74.99999821186066,40.000001192092896,64.46949005126953,27.928678393363953
stim_61_harmonic.wav,0.0,20.000000596046448,30.334544777870178,28.76969039440155
stim_61_harmonic.wav,35.00000059604645,40.000001192092896,37.91555643081665,38.25625419616699
stim_61_harmonic.wav,40.000000298023224,20.000000596046448,41.65871322154999,26.17217481136322
stim_61_harmonic.wav,64.9999988079071,10.000000298023224,67.10408985614777,16.708123683929443
stim_61_harmonic.wav,54.99999940395355,60.0,33.256988525390625,46.86270833015442
stim_61_harmonic.wav,45.0,10.000000298023224,39.739321768283844,27.536741495132446
stim_61_harmonic.wav,35.00000059604645,60.0,25.73609322309494,44.494779109954834
stim_61_harmonic.wav,60.00000178813934,0.0,42.15884059667587,34.1035795211792
stim_61_harmonic.wav,64.9999988079071,49.999998807907104,52.270556688308716,32.94732928276062
stim_61_harmonic.wav,80.00000059604645,60.0,47.72413730621338,35.09955883026123
stim_61_harmonic.wav,74.99999821186066,49.999998807907104,57.079328298568726,35.58721303939819
stim_61_harmonic.wav,70.0000011920929,30.0,66.06316208839417,22.986651062965393
stim_61_harmonic.wav,20.000000149011612,10.000000298023224,34.71856713294983,26.45586669445038
stim_61_harmonic.wav,80.00000059604645,60.0,39.78307396173477,29.004886150360107
stim_61_harmonic.wav,30.00000089406967,60.0,39.558530151844025,32.06896662712097
stim_61_harmonic.wav,35.00000059604645,49.999998807907104,48.16533923149109,21.312827467918396
stim_61_harmonic.wav,64.9999988079071,60.0,41.767680644989014,39.2340874671936
stim_61_harmonic.wav,60.00000178813934,20.000000596046448,44.68237817287445,25.227556228637695
stim_61_harmonic.wav,10.000000074505806,0.0,28.586208522319794,26.27622127532959
stim_61_harmonic.wav,60.00000178813934,30.0,46.18358373641968,29.207983016967773
stim_61_harmonic.wav,84.99999761581421,10.000000298023224,35.75672149658203,27.181422114372253
stim_61_harmonic.wav,74.99999821186066,40.000001192092896,57.280107736587524,26.224867701530457
stim_61_harmonic.wav,10.000000074505806,10.000000298023224,19.885927140712738,30.712087154388428
stim_61_harmonic.wav,60.00000178813934,10.000000298023224,55.88524103164673,28.19401502609253
stim_61_harmonic.wav,74.99999821186066,30.0,41.31072074174881,25.869970321655273
stim_61_harmonic.wav,45.0,20.000000596046448,46.02840721607208,26.36657953262329
stim_61_harmonic.wav,35.00000059604645,10.000000298023224,41.85047775506973,29.380436539649963
stim_61_harmonic.wav,35.00000059604645,40.000001192092896,40.66744923591614,26.466801166534424
stim_61_harmonic.wav,25.000001192092896,10.000000298023224,32.643229365348816,25.588114857673645
stim_61_harmonic.wav,25.000001192092896,30.0,24.998584985733032,24.490172266960144
stim_61_harmonic.wav,10.000000074505806,40.000001192092896,21.3065604865551,33.44781517982483
stim_61_harmonic.wav,10.000000074505806,49.999998807907104,30.57655781507492,32.086637020111084
stim_61_harmonic.wav,70.0000011920929,60.0,40.66525787115097,34.94694471359253
stim_61_harmonic.wav,15.000000447034836,10.000000298023224,26.98571026325226,29.182305335998535
stim_61_harmonic.wav,70.0000011920929,0.0,61.82277202606201,13.158341646194458
stim_61_harmonic.wav,70.0000011920929,20.000000596046448,70.06069958209991,19.381597638130188
stim_61_harmonic.wav,54.99999940395355,20.000000596046448,59.80958104133606,20.180439949035645
stim_61_harmonic.wav,35.00000059604645,30.0,44.41128998994827,41.18021249771118
stim_61_harmonic.wav,30.00000089406967,10.000000298023224,43.92403453588486,32.215057611465454
stim_61_harmonic.wav,20.000000149011612,10.000000298023224,34.221307039260864,25.33746063709259
stim_61_harmonic.wav,30.00000089406967,20.000000596046448,32.93520122766495,24.1052109003067
stim_61_harmonic.wav,20.000000149011612,60.0,23.625760674476624,30.601887702941895
stim_61_harmonic.wav,10.000000074505806,10.000000298023224,28.0880606174469,30.766693353652954
stim_61_harmonic.wav,30.00000089406967,40.000001192092896,38.55163961648941,29.418838620185852
stim_61_harmonic.wav,60.00000178813934,40.000001192092896,52.63075053691864,31.61598801612854
stim_61_harmonic.wav,30.00000089406967,0.0,38.82887542247772,17.773514986038208
stim_61_harmonic.wav,35.00000059604645,30.0,44.08026784658432,26.449238061904907
stim_61_harmonic.wav,50.00000238418579,10.000000298023224,58.205936551094055,24.440563917160034
stim_61_harmonic.wav,80.00000059604645,49.999998807907104,48.7023389339447,28.565425872802734
stim_61_harmonic.wav,30.00000089406967,20.000000596046448,31.066777110099792,23.087859749794006
stim_61_harmonic.wav,40.000000298023224,0.0,47.418880462646484,30.314605236053467
stim_61_harmonic.wav,70.0000011920929,20.000000596046448,46.85792326927185,24.33868646621704
stim_61_harmonic.wav,20.000000149011612,20.000000596046448,21.919932067394257,19.91611361503601
stim_61_harmonic.wav,60.00000178813934,20.000000596046448,55.01526653766632,18.427906036376953
stim_61_harmonic.wav,50.00000238418579,60.0,33.62102597951889,34.93781089782715
stim_61_harmonic.wav,60.00000178813934,20.000000596046448,46.191426515579224,28.18847894668579
stim_61_harmonic.wav,50.00000238418579,40.000001192092896,52.04996645450592,38.499698638916016
stim_61_harmonic.wav,25.000001192092896,10.000000298023224,28.562192022800446,16.487170457839966
stim_61_harmonic.wav,10.000000074505806,30.0,35.29191881418228,30.21799921989441
stim_61_harmonic.wav,45.0,49.999998807907104,41.44414722919464,34.10511016845703
stim_61_harmonic.wav,30.00000089406967,10.000000298023224,42.363262474536896,25.376787185668945
stim_61_harmonic.wav,64.9999988079071,40.000001192092896,49.734962582588196,30.138394832611084
stim_61_harmonic.wav,50.00000238418579,10.000000298023224,47.650601863861084,24.79244291782379
stim_68_harmonic.wav,15.000000447034836,49.999998807907104,19.36303585767746,40.05940318107605
stim_68_harmonic.wav,30.00000089406967,30.0,43.264760971069336,44.7750449180603
stim_68_harmonic.wav,40.000000298023224,20.000000596046448,47.551424503326416,24.273721575737
stim_68_harmonic.wav,40.000000298023224,30.0,42.4840047955513,19.39736008644104
stim_68_harmonic.wav,74.99999821186066,60.0,53.37160885334015,43.43429088592529
stim_68_harmonic.wav,40.000000298023224,30.0,43.30118536949158,29.479066729545593
stim_68_harmonic.wav,35.00000059604645,49.999998807907104,41.42293632030487,29.150084853172302
stim_68_harmonic.wav,80.00000059604645,10.000000298023224,60.29719054698944,15.799094438552856
stim_68_harmonic.wav,80.00000059604645,60.0,41.81456834077835,25.329517722129822
stim_68_harmonic.wav,25.000001192092896,40.000001192092896,47.042604088783264,21.380975246429443
stim_68_harmonic.wav,74.99999821186066,0.0,73.0568128824234,5.810295939445496
stim_68_harmonic.wav,80.00000059604645,10.000000298023224,68.12816798686981,14.32968556880951
stim_68_harmonic.wav,40.000000298023224,40.000001192092896,42.301960587501526,25.82910418510437
stim_68_harmonic.wav,30.00000089406967,49.999998807907104,43.710348308086395,30.172752141952515
stim_68_harmonic.wav,25.000001192092896,40.000001192092896,36.06331944465637,36.29336714744568
stim_68_harmonic.wav,45.0,49.999998807907104,47.32434868812561,30.297163724899292
stim_68_harmonic.wav,35.00000059604645,60.0,42.647404968738556,25.827017426490784
stim_68_harmonic.wav,25.000001192092896,10.000000298023224,41.10000640153885,35.72261095046997
stim_68_harmonic.wav,84.99999761581421,30.0,49.530229568481445,27.762728333473206
stim_68_harmonic.wav,0.0,0.0,13.900489211082458,29.672289490699768
stim_68_harmonic.wav,84.99999761581421,0.0,49.09322261810303,18.40483546257019
stim_68_harmonic.wav,45.0,60.0,47.27467954158783,19.195404052734375
stim_68_harmonic.wav,30.00000089406967,10.000000298023224,39.79794144630432,27.466832399368286
stim_68_harmonic.wav,54.99999940395355,60.0,41.21900796890259,48.56889724731445
stim_68_harmonic.wav,15.000000447034836,60.0,32.68928021192551,27.56489932537079
stim_68_harmonic.wav,5.000000037252903,20.000000596046448,26.78942620754242,26.36057674884796
stim_68_harmonic.wav,45.0,30.0,48.224583864212036,22.91630744934082
stim_68_harmonic.wav,10.000000074505806,30.0,15.805243849754333,42.645567655563354
stim_68_harmonic.wav,15.000000447034836,10.000000298023224,24.05715376138687,25.010245442390442
stim_68_harmonic.wav,64.9999988079071,60.0,44.35967892408371,25.326245427131653
stim_68_harmonic.wav,50.00000238418579,49.999998807907104,48.41772437095642,38.0290961265564
stim_68_harmonic.wav,5.000000037252903,60.0,26.7659193277359,28.09642195701599
stim_68_harmonic.wav,0.0,20.000000596046448,13.606634438037872,28.30561101436615
stim_68_harmonic.wav,20.000000149011612,10.000000298023224,45.324257612228394,27.039213180541992
stim_68_harmonic.wav,90.0,20.000000596046448,41.448272466659546,26.90580189228058
stim_68_harmonic.wav,84.99999761581421,30.0,75.74012696743011,28.141266703605652
stim_68_harmonic.wav,25.000001192092896,20.000000596046448,41.81829124689102,26.376954317092896
stim_68_harmonic.wav,60.00000178813934,40.000001192092896,51.09793782234192,24.480292797088623
stim_68_harmonic.wav,15.000000447034836,30.0,15.511563420295715,27.649438977241516
stim_68_harmonic.wav,70.0000011920929,0.0,67.2502326965332,9.916763305664062
stim_68_harmonic.wav,54.99999940395355,60.0,38.36619704961777,48.2232928276062
stim_68_harmonic.wav,84.99999761581421,49.999998807907104,46.70520901679993,28.681581616401672
stim_68_harmonic.wav,60.00000178813934,0.0,43.27597260475159,25.80318510532379
stim_68_harmonic.wav,10.000000074505806,60.0,36.792842745780945,26.968494057655334
stim_68_harmonic.wav,5.000000037252903,30.0,29.5027756690979,28.594406247138977
stim_68_harmonic.wav,74.99999821186066,60.0,54.58153188228607,49.52349543571472
stim_68_harmonic.wav,74.99999821186066,49.999998807907104,56.0528039932251,32.21284031867981
stim_68_harmonic.wav,0.0,10.000000298023224,29.603479206562042,27.41251230239868
stim_68_harmonic.wav,40.000000298023224,20.000000596046448,42.366907596588135,20.080000162124634
stim_68_harmonic.wav,20.000000149011612,60.0,45.010085105895996,29.512640833854675
stim_68_harmonic.wav,40.000000298023224,30.0,49.00695204734802,24.90359365940094
stim_68_harmonic.wav,10.000000074505806,30.0,37.581884264945984,26.463035345077515
stim_68_harmonic.wav,10.000000074505806,40.000001192092896,36.07757270336151,28.049810528755188
stim_68_harmonic.wav,5.000000037252903,60.0,32.81831055879593,28.720182180404663
stim_68_harmonic.wav,20.000000149011612,40.000001192092896,39.78157997131348,29.00288701057434
stim_68_harmonic.wav,50.00000238418579,40.000001192092896,48.82543623447418,30.748093128204346
stim_68_harmonic.wav,84.99999761581421,30.0,77.87505805492401,28.384199738502502
stim_68_harmonic.wav,54.99999940395355,49.999998807907104,43.63838195800781,25.707221031188965
stim_68_harmonic.wav,5.000000037252903,49.999998807907104,11.072303652763367,38.31981182098389
stim_68_harmonic.wav,5.000000037252903,60.0,6.334674954414368,37.34381318092346
stim_68_harmonic.wav,70.0000011920929,0.0,68.76864731311798,8.656368255615234
stim_68_harmonic.wav,35.00000059604645,49.999998807907104,39.63200390338898,45.24866580963135
stim_68_harmonic.wav,45.0,20.000000596046448,45.02423644065857,29.243540167808533
stim_68_harmonic.wav,5.000000037252903,49.999998807907104,8.9778470993042,40.93629598617554
stim_68_harmonic.wav,80.00000059604645,10.000000298023224,48.42515408992767,21.155328154563904
stim_68_harmonic.wav,84.99999761581421,20.000000596046448,44.23825800418854,25.919573307037354
stim_68_harmonic.wav,90.0,40.000001192092896,53.54728817939758,30.105221271514893
stim_68_harmonic.wav,45.0,40.000001192092896,44.836189448833466,21.19550049304962
stim_68_harmonic.wav,40.000000298023224,0.0,45.34303307533264,15.619322061538696
stim_68_harmonic.wav,30.00000089406967,20.000000596046448,43.66160720586777,26.093190908432007
stim_68_harmonic.wav,80.00000059604645,40.000001192092896,51.52662456035614,26.133763790130615
stim_68_harmonic.wav,15.000000447034836,40.000001192092896,16.744274497032166,35.55646061897278
stim_68_harmonic.wav,10.000000074505806,60.0,9.078126847743988,39.288411140441895
stim_68_harmonic.wav,70.0000011920929,60.0,48.0447793006897,35.42370557785034
stim_68_harmonic.wav,0.0,10.000000298023224,12.893915176391602,27.12845027446747
stim_68_harmonic.wav,25.000001192092896,30.0,45.466039180755615,28.076704144477844
stim_68_harmonic.wav,30.00000089406967,49.999998807907104,35.34395635128021,45.89966654777527
stim_68_harmonic.wav,5.000000037252903,30.0,31.49483621120453,28.13975751399994
stim_68_harmonic.wav,30.00000089406967,0.0,45.788880586624146,28.91799509525299
stim_68_harmonic.wav,60.00000178813934,30.0,43.60844314098358,24.460601806640625
stim_68_harmonic.wav,70.0000011920929,60.0,44.864642322063446,32.690556049346924
stim_68_harmonic.wav,80.00000059604645,20.000000596046448,42.22725838422775,28.1823992729187
stim_68_harmonic.wav,40.000000298023224,10.000000298023224,51.47501349449158,35.89844226837158
stim_68_harmonic.wav,40.000000298023224,30.0,49.458850622177124,27.09540367126465
stim_68_harmonic.wav,40.000000298023224,40.000001192092896,50.84799349308014,35.27272582054138
stim_68_harmonic.wav,40.000000298023224,10.000000298023224,45.236109495162964,23.068020343780518
stim_68_harmonic.wav,10.000000074505806,40.000001192092896,33.4603026509285,31.07789397239685
stim_68_harmonic.wav,25.000001192092896,40.000001192092896,34.252989292144775,29.766089916229248
stim_68_harmonic.wav,84.99999761581421,60.0,43.16961228847504,25.745481848716736
stim_68_harmonic.wav,80.00000059604645,10.000000298023224,41.999978721141815,26.623422503471375
stim_68_harmonic.wav,54.99999940395355,0.0,56.78710699081421,20.245882272720337
stim_68_harmonic.wav,45.0,10.000000298023224,46.38598322868347,24.296041131019592
stim_68_harmonic.wav,10.000000074505806,0.0,21.49565488100052,32.870707511901855
stim_68_harmonic.wav,74.99999821186066,10.000000298023224,70.42706787586212,17.34536111354828
stim_68_harmonic.wav,80.00000059604645,30.0,75.90686917304993,27.935914993286133
stim_68_harmonic.wav,15.000000447034836,30.0,35.40320634841919,27.31173813343048
stim_68_harmonic.wav,10.000000074505806,40.000001192092896,33.58362793922424,28.311985731124878
stim_68_harmonic.wav,84.99999761581421,40.000001192092896,73.24288845062256,33.782254457473755
stim_68_harmonic.wav,84.99999761581421,60.0,53.29345464706421,41.12728714942932
stim_68_harmonic.wav,60.00000178813934,40.000001192092896,52.5920033454895,35.76575517654419
stim_68_harmonic.wav,74.99999821186066,30.0,72.6202404499054,29.208717942237854
stim_68_harmonic.wav,80.00000059604645,60.0,45.229859948158264,27.043379545211792
stim_68_harmonic.wav,74.99999821186066,30.0,40.32460659742355,26.747581958770752
stim_68_harmonic.wav,70.0000011920929,60.0,49.73293483257294,29.534448981285095
stim_68_harmonic.wav,64.9999988079071,30.0,72.5091540813446,27.036132216453552
stim_68_harmonic.wav,80.00000059604645,30.0,66.03988587856293,21.940165758132935
stim_68_harmonic.wav,54.99999940395355,10.000000298023224,49.28917407989502,30.109734535217285
stim_68_harmonic.wav,5.000000037252903,0.0,24.710059762001038,31.099276542663574
stim_68_harmonic.wav,20.000000149011612,20.000000596046448,47.70469665527344,24.724110960960388
stim_68_harmonic.wav,50.00000238418579,60.0,42.9562908411026,27.45590329170227
stim_68_harmonic.wav,40.000000298023224,40.000001192092896,43.38107228279114,23.65854799747467
stim_68_harmonic.wav,35.00000059604645,0.0,42.91225969791412,11.472720801830292
stim_68_harmonic.wav,30.00000089406967,20.000000596046448,44.3125981092453,30.804959535598755
stim_68_harmonic.wav,74.99999821186066,60.0,56.0992169380188,41.98986768722534
stim_68_harmonic.wav,54.99999940395355,60.0,43.986382484436035,32.26959943771362
stim_68_harmonic.wav,64.9999988079071,30.0,49.82775092124939,32.266048192977905
stim_68_harmonic.wav,15.000000447034836,20.000000596046448,34.95055943727493,26.897773146629333
stim_68_harmonic.wav,40.000000298023224,0.0,42.60354548692703,22.0488703250885
stim_68_harmonic.wav,80.00000059604645,40.000001192092896,72.47158169746399,30.57245135307312
stim_68_harmonic.wav,70.0000011920929,20.000000596046448,42.084859907627106,25.487818121910095
stim_82_harmonic.wav,45.0,10.000000298023224,48.843348026275635,25.12352764606476
stim_82_harmonic.wav,0.0,30.0,11.02626621723175,30.394381284713745
stim_82_harmonic.wav,50.00000238418579,40.000001192092896,42.67499953508377,28.40749740600586
stim_82_harmonic.wav,74.99999821186066,20.000000596046448,40.85788607597351,26.026012301445007
stim_82_harmonic.wav,54.99999940395355,30.0,40.55831015110016,26.183282732963562
stim_82_harmonic.wav,20.000000149011612,30.0,31.741653084754944,28.653184175491333
stim_82_harmonic.wav,0.0,60.0,40.39753586053848,26.57180607318878
stim_82_harmonic.wav,50.00000238418579,20.000000596046448,42.09267854690552,26.895444989204407
stim_82_harmonic.wav,15.000000447034836,49.999998807907104,42.015838623046875,26.300438046455383
stim_82_harmonic.wav,40.000000298023224,40.000001192092896,40.60842990875244,26.43689453601837
stim_82_harmonic.wav,45.0,60.0,40.92163145542145,26.161789298057556
stim_82_harmonic.wav,10.000000074505806,49.999998807907104,40.631330609321594,26.681692600250244
stim_82_harmonic.wav,35.00000059604645,30.0,41.188771426677704,27.310604453086853
stim_82_harmonic.wav,30.00000089406967,49.999998807907104,41.025913059711456,26.24624490737915
stim_82_harmonic.wav,80.00000059604645,60.0,40.562633872032166,26.17921471595764
stim_82_harmonic.wav,84.99999761581421,10.000000298023224,41.20764344930649,26.28919243812561
stim_82_harmonic.wav,5.000000037252903,0.0,40.853640139102936,27.02595591545105
stim_82_harmonic.wav,10.000000074505806,40.000001192092896,42.07787811756134,28.72879207134247
stim_82_harmonic.wav,60.00000178813934,49.999998807907104,43.766194581985474,28.838621377944946
stim_82_harmonic.wav,15.000000447034836,30.0,28.656283915042877,33.42142581939697
stim_82_harmonic.wav,10.000000074505806,10.000000298023224,40.99985271692276,26.347609162330627
stim_82_harmonic.wav,5.000000037252903,20.000000596046448,19.497257620096207,31.017926931381226
stim_82_harmonic.wav,5.000000037252903,20.000000596046448,40.567633509635925,27.335100173950195
stim_82_harmonic.wav,5.000000037252903,20.000000596046448,42.536959648132324,27.654930353164673
stim_82_harmonic.wav,10.000000074505806,60.0,40.88082164525986,27.016637921333313
stim_82_harmonic.wav,90.0,40.000001192092896,40.19805192947388,26.25832200050354
stim_82_harmonic.wav,70.0000011920929,10.000000298023224,41.49412751197815,26.898431181907654
stim_82_harmonic.wav,80.00000059604645,0.0,54.11370635032654,20.978803038597107
stim_82_harmonic.wav,60.00000178813934,60.0,40.05559712648392,36.64570212364197
stim_82_harmonic.wav,50.00000238418579,0.0,41.382628083229065,27.500814199447632
stim_82_harmonic.wav,50.00000238418579,60.0,38.55503797531128,38.99248123168945
stim_82_harmonic.wav,74.99999821186066,60.0,40.93775153160095,26.432077288627625
stim_82_harmonic.wav,15.000000447034836,60.0,20.145205557346344,32.26978898048401
stim_82_harmonic.wav,90.0,49.999998807907104,41.46604210138321,26.73330545425415
stim_82_harmonic.wav,35.00000059604645,10.000000298023224,39.474850594997406,22.255874276161194
stim_82_harmonic.wav,80.00000059604645,30.0,41.31456434726715,26.203594207763672
stim_82_harmonic.wav,74.99999821186066,20.000000596046448,60.98238229751587,21.807934641838074
stim_82_harmonic.wav,40.000000298023224,30.0,41.12999081611633,26.294272541999817
stim_82_harmonic.wav,20.000000149011612,49.999998807907104,36.98551654815674,32.247304916381836
stim_82_harmonic.wav,70.0000011920929,30.0,40.82601338624954,26.12747848033905
stim_82_harmonic.wav,64.9999988079071,0.0,41.82031899690628,25.999449491500854
stim_82_harmonic.wav,0.0,20.000000596046448,38.90027046203613,26.39746069908142
stim_82_harmonic.wav,0.0,40.000001192092896,40.28465509414673,26.657972931861877
stim_82_harmonic.wav,45.0,0.0,41.216467916965485,26.124213337898254
stim_82_harmonic.wav,84.99999761581421,0.0,40.78858584165573,26.123773455619812
stim_82_harmonic.wav,54.99999940395355,0.0,41.3225331902504,26.520515084266663
stim_82_harmonic.wav,15.000000447034836,60.0,42.16012001037598,27.585421800613403
stim_82_harmonic.wav,25.000001192092896,20.000000596046448,40.785600543022156,26.101233959197998
stim_82_harmonic.wav,64.9999988079071,20.000000596046448,56.89665913581848,21.703982949256897
stim_82_harmonic.wav,10.000000074505806,49.999998807907104,39.80192184448242,26.395413279533386
stim_82_harmonic.wav,10.000000074505806,10.000000298023224,40.21325469017029,26.344801783561707
stim_82_harmonic.wav,70.0000011920929,60.0,41.88881993293762,26.930367350578308
stim_82_harmonic.wav,25.000001192092896,30.0,40.30151009559631,26.26071274280548
stim_82_harmonic.wav,40.000000298023224,20.000000596046448,40.63177049160004,26.1547189950943
stim_82_harmonic.wav,20.000000149011612,20.000000596046448,40.69202095270157,26.20985448360443
stim_82_harmonic.wav,10.000000074505806,30.0,40.16091138124466,26.436204314231873
stim_82_harmonic.wav,10.000000074505806,49.999998807907104,40.67109167575836,27.953453063964844
stim_82_harmonic.wav,30.00000089406967,49.999998807907104,38.633873462677,33.24657440185547
stim_82_harmonic.wav,30.00000089406967,40.000001192092896,40.086855590343475,37.5069522857666
stim_82_harmonic.wav,5.000000037252903,30.0,41.14301294088364,27.290316224098206
stim_82_harmonic.wav,20.000000149011612,10.000000298023224,31.223761439323425,35.16597390174866
stim_82_harmonic.wav,40.000000298023224,0.0,39.58243668079376,18.778393864631653
stim_82_harmonic.wav,30.00000089406967,49.999998807907104,41.548010408878326,26.27688467502594
stim_82_harmonic.wav,30.00000089406967,10.000000298023224,38.54088395833969,27.419432401657104
stim_82_harmonic.wav,20.000000149011612,49.999998807907104,29.09728467464447,32.017507553100586
stim_82_harmonic.wav,50.00000238418579,60.0,40.63913583755493,26.328036189079285
stim_82_harmonic.wav,60.00000178813934,40.000001192092896,41.83512210845947,26.91642701625824
stim_82_harmonic.wav,84.99999761581421,40.000001192092896,40.657919347286224,26.145452857017517
stim_82_harmonic.wav,40.000000298023224,10.000000298023224,40.87567716836929,26.898354291915894
stim_82_harmonic.wav,0.0,40.000001192092896,42.837308049201965,27.147147059440613
stim_82_harmonic.wav,50.00000238418579,49.999998807907104,41.738712787628174,27.047170400619507
stim_82_harmonic.wav,35.00000059604645,0.0,41.80885523557663,28.224796056747437
stim_82_harmonic.wav,15.000000447034836,0.0,26.984589099884033,29.53157365322113
stim_82_harmonic.wav,15.000000447034836,40.000001192092896,40.6377974152565,26.183575987815857
stim_82_harmonic.wav,80.00000059604645,10.000000298023224,60.56005775928497,18.402480483055115
stim_82_harmonic.wav,0.0,10.000000298023224,27.699008882045746,30.29756784439087
stim_82_harmonic.wav,25.000001192092896,0.0,35.44285207986832,33.07852864265442
stim_82_harmonic.wav,40.000000298023224,60.0,39.84118402004242,26.38527274131775
stim_82_harmonic.wav,90.0,49.999998807907104,40.284856259822845,26.591806411743164
stim_82_harmonic.wav,15.000000447034836,20.000000596046448,24.190778732299805,28.788782358169556
stim_82_harmonic.wav,40.000000298023224,49.999998807907104,40.783122181892395,26.402771472930908
stim_82_harmonic.wav,10.000000074505806,20.000000596046448,41.739761531353,26.89496397972107
stim_82_harmonic.wav,35.00000059604645,20.000000596046448,42.193221151828766,27.027198672294617
stim_82_harmonic.wav,35.00000059604645,30.0,39.13063734769821,26.550641655921936
stim_82_harmonic.wav,54.99999940395355,20.000000596046448,46.99718356132507,21.698219776153564
stim_82_harmonic.wav,74.99999821186066,49.999998807907104,40.91151684522629,26.23346507549286
stim_82_harmonic.wav,40.000000298023224,40.000001192092896,40.69069862365723,26.14770233631134
stim_82_harmonic.wav,54.99999940395355,49.999998807907104,39.757134318351746,21.41460657119751
stim_82_harmonic.wav,74.99999821186066,0.0,41.53441697359085,26.87428593635559
stim_82_harmonic.wav,80.00000059604645,0.0,40.82556813955307,26.224610209465027
stim_82_harmonic.wav,40.000000298023224,60.0,30.21062135696411,34.24757480621338
stim_82_harmonic.wav,35.00000059604645,49.999998807907104,38.63293468952179,33.61899375915527
stim_82_harmonic.wav,0.0,49.999998807907104,41.09965771436691,26.093067526817322
stim_82_harmonic.wav,54.99999940395355,30.0,41.48583143949509,26.887019276618958
stim_82_harmonic.wav,84.99999761581421,60.0,55.10321617126465,41.881206035614014
stim_82_harmonic.wav,30.00000089406967,0.0,41.86212122440338,26.692936420440674
stim_82_harmonic.wav,45.0,60.0,32.71920025348663,43.1889009475708
stim_82_harmonic.wav,60.00000178813934,10.000000298023224,40.730081498622894,26.189464330673218
stim_82_harmonic.wav,70.0000011920929,10.000000298023224,41.14935368299484,25.96402645111084
stim_82_harmonic.wav,40.000000298023224,49.999998807907104,40.6233885884285,26.426578760147095
stim_82_harmonic.wav,10.000000074505806,20.000000596046448,27.80915915966034,27.211811542510986
stim_82_harmonic.wav,0.0,0.0,20.089150071144104,28.506088256835938
stim_82_harmonic.wav,40.000000298023224,20.000000596046448,43.70741665363312,23.65353226661682
stim_82_harmonic.wav,5.000000037252903,30.0,21.243737787008286,32.5867760181427
stim_82_harmonic.wav,25.000001192092896,20.000000596046448,41.56784534454346,26.276453733444214
stim_82_harmonic.wav,30.00000089406967,49.999998807907104,41.26913845539093,26.75110101699829
stim_82_harmonic.wav,64.9999988079071,30.0,51.062822341918945,24.822033047676086
stim_82_harmonic.wav,84.99999761581421,30.0,40.80850392580032,26.0810387134552
stim_82_harmonic.wav,74.99999821186066,10.000000298023224,40.12704312801361,26.443594694137573
stim_82_harmonic.wav,25.000001192092896,30.0,41.13322287797928,26.297094225883484
stim_82_harmonic.wav,40.000000298023224,10.000000298023224,43.65873456001282,27.801614999771118
stim_82_harmonic.wav,60.00000178813934,10.000000298023224,41.163116097450256,25.949653387069702
stim_82_harmonic.wav,70.0000011920929,60.0,41.12836003303528,27.479989528656006
stim_82_harmonic.wav,50.00000238418579,40.000001192092896,43.702722787857056,27.923941612243652
stim_82_harmonic.wav,5.000000037252903,49.999998807907104,42.70593881607056,27.092167139053345
stim_82_harmonic.wav,30.00000089406967,0.0,41.54471665620804,26.49180293083191
stim_82_harmonic.wav,5.000000037252903,30.0,24.963260293006897,31.58010721206665
stim_82_harmonic.wav,10.000000074505806,49.999998807907104,16.481616497039795,29.70161497592926
stim_82_harmonic.wav,64.9999988079071,49.999998807907104,41.75613909959793,27.146601676940918
stim_97_harmonic.wav,54.99999940395355,49.999998807907104,41.02302432060242,21.07916235923767
stim_97_harmonic.wav,20.000000149011612,20.000000596046448,44.079524874687195,30.14317274093628
stim_97_harmonic.wav,25.000001192092896,0.0,42.333213686943054,26.028592586517334
stim_97_harmonic.wav,64.9999988079071,10.000000298023224,40.682764649391174,26.39500916004181
stim_97_harmonic.wav,80.00000059604645,0.0,42.32232391834259,24.241299033164978
stim_97_harmonic.wav,45.0,60.0,40.785018503665924,26.10897123813629
stim_97_harmonic.wav,30.00000089406967,49.999998807907104,40.961934328079224,26.303924918174744
stim_97_harmonic.wav,60.00000178813934,10.000000298023224,46.874037981033325,20.071756839752197
stim_97_harmonic.wav,35.00000059604645,40.000001192092896,42.158634066581726,26.443430185317993
stim_97_harmonic.wav,35.00000059604645,60.0,40.78740835189819,26.127877235412598
stim_97_harmonic.wav,0.0,0.0,39.743822515010834,26.841203570365906
stim_97_harmonic.wav,5.000000037252903,20.000000596046448,40.64086318016052,26.8332839012146
stim_97_harmonic.wav,5.000000037252903,40.000001192092896,40.95556676387787,26.201144456863403
stim_97_harmonic.wav,40.000000298023224,40.000001192092896,40.70604622364044,26.12839937210083
stim_97_harmonic.wav,80.00000059604645,40.000001192092896,41.08613133430481,26.502681970596313
stim_97_harmonic.wav,54.99999940395355,0.0,40.22776275873184,26.63329839706421
stim_97_harmonic.wav,80.00000059604645,30.0,40.99355757236481,26.24009370803833
stim_97_harmonic.wav,64.9999988079071,10.000000298023224,41.24436020851135,26.165176033973694
stim_97_harmonic.wav,30.00000089406967,10.000000298023224,42.00727432966232,25.994240641593933
stim_97_harmonic.wav,74.99999821186066,60.0,40.886593759059906,26.447437405586243
stim_97_harmonic.wav,25.000001192092896,0.0,42.01066195964813,26.464528441429138
stim_97_harmonic.wav,40.000000298023224,10.000000298023224,40.86325854063034,26.202081441879272
stim_97_harmonic.wav,54.99999940395355,40.000001192092896,46.801875829696655,26.95851445198059
stim_97_harmonic.wav,80.00000059604645,0.0,43.269004225730896,20.60137152671814
stim_97_harmonic.wav,74.99999821186066,60.0,40.79736739397049,26.112180948257446
stim_97_harmonic.wav,90.0,20.000000596046448,40.740180015563965,27.00774371623993
stim_97_harmonic.wav,84.99999761581421,40.000001192092896,41.41461342573166,25.877532362937927
stim_97_harmonic.wav,35.00000059604645,40.000001192092896,41.20716869831085,26.248435378074646
stim_97_harmonic.wav,15.000000447034836,30.0,36.573006212711334,24.903389811515808
stim_97_harmonic.wav,25.000001192092896,20.000000596046448,41.44586652517319,26.268829107284546
stim_97_harmonic.wav,35.00000059604645,0.0,40.6938636302948,26.079627871513367
stim_97_harmonic.wav,40.000000298023224,49.999998807907104,41.082526445388794,26.089999079704285
stim_97_harmonic.wav,54.99999940395355,40.000001192092896,43.77868562936783,23.7960147857666
stim_97_harmonic.wav,74.99999821186066,60.0,44.26803320646286,20.989603400230408
stim_97_harmonic.wav,70.0000011920929,20.000000596046448,45.64635872840881,25.80754816532135
stim_97_harmonic.wav,74.99999821186066,0.0,45.54161846637726,18.274821639060974
stim_97_harmonic.wav,35.00000059604645,30.0,41.182658672332764,26.53777241706848
stim_97_harmonic.wav,5.000000037252903,20.000000596046448,41.283877193927765,26.454720497131348
stim_97_harmonic.wav,80.00000059604645,60.0,41.21039807796478,26.37023091316223
stim_97_harmonic.wav,70.0000011920929,20.000000596046448,41.574022471904755,26.289462447166443
stim_97_harmonic.wav,40.000000298023224,60.0,45.23566424846649,28.264326453208923
stim_97_harmonic.wav,5.000000037252903,40.000001192092896,39.44145709276199,26.26465916633606
stim_97_harmonic.wav,84.99999761581421,40.000001192092896,45.07694184780121,25.078745484352112
stim_97_harmonic.wav,25.000001192092896,20.000000596046448,40.74706792831421,26.24940812587738
stim_97_harmonic.wav,60.00000178813934,10.000000298023224,40.69671481847763,26.03480100631714
stim_97_harmonic.wav,10.000000074505806,60.0,33.289054334163666,26.482983827590942
stim_97_harmonic.wav,50.00000238418579,60.0,41.117454171180725,26.136261820793152
stim_97_harmonic.wav,30.00000089406967,20.000000596046448,40.95618635416031,26.18219017982483
stim_97_harmonic.wav,70.0000011920929,30.0,40.52673518657684,25.984477400779724
stim_97_harmonic.wav,30.00000089406967,30.0,41.03058010339737,26.271790266036987
stim_97_harmonic.wav,20.000000149011612,49.999998807907104,41.75607204437256,25.711260437965393
stim_97_harmonic.wav,15.000000447034836,49.999998807907104,41.585781276226044,26.268276572227478
stim_97_harmonic.wav,20.000000149011612,20.000000596046448,40.75206756591797,27.753095626831055
stim_97_harmonic.wav,0.0,49.999998807907104,40.411319732666016,26.393149495124817
stim_97_harmonic.wav,15.000000447034836,10.000000298023224,40.17398715019226,26.651431918144226
stim_97_harmonic.wav,25.000001192092896,60.0,42.47144401073456,26.348508596420288
stim_97_harmonic.wav,70.0000011920929,20.000000596046448,40.58602273464203,26.502703428268433
stim_97_harmonic.wav,84.99999761581421,49.999998807907104,44.46706920862198,24.026936888694763
stim_97_harmonic.wav,70.0000011920929,20.000000596046448,43.84548604488373,26.896135210990906
stim_97_harmonic.wav,30.00000089406967,30.0,41.301118433475494,26.237749457359314
stim_97_harmonic.wav,20.000000149011612,49.999998807907104,40.0473627448082,27.334585189819336
stim_97_harmonic.wav,70.0000011920929,10.000000298023224,45.92337191104889,20.677664279937744
stim_97_harmonic.wav,15.000000447034836,10.000000298023224,41.2300506234169,26.307454705238342
stim_97_harmonic.wav,35.00000059604645,0.0,40.580121874809265,26.66275978088379
stim_97_harmonic.wav,40.000000298023224,60.0,40.96534609794617,26.43604874610901
stim_97_harmonic.wav,30.00000089406967,40.000001192092896,45.55956780910492,22.44549572467804
stim_97_harmonic.wav,60.00000178813934,30.0,43.062669932842255,25.066856145858765
stim_97_harmonic.wav,40.000000298023224,0.0,40.89915990829468,25.90057611465454
stim_97_harmonic.wav,54.99999940395355,0.0,40.36712497472763,26.248490810394287
stim_97_harmonic.wav,64.9999988079071,60.0,40.62148690223694,26.158960461616516
stim_97_harmonic.wav,54.99999940395355,30.0,40.64954549074173,26.123544573783875
stim_97_harmonic.wav,45.0,10.000000298023224,41.61364138126373,27.133398056030273
stim_97_harmonic.wav,90.0,30.0,41.61101281642914,27.017955780029297
stim_97_harmonic.wav,10.000000074505806,49.999998807907104,41.177374720573425,26.311739087104797
stim_97_harmonic.wav,70.0000011920929,10.000000298023224,40.87926059961319,26.048026084899902
stim_97_harmonic.wav,84.99999761581421,60.0,43.316074311733246,25.38345515727997
stim_97_harmonic.wav,30.00000089406967,0.0,47.49590814113617,29.41612958908081
stim_97_harmonic.wav,54.99999940395355,40.000001192092896,41.41651779413223,25.978267192840576
stim_97_harmonic.wav,80.00000059604645,20.000000596046448,40.59441268444061,26.167954802513123
stim_97_harmonic.wav,60.00000178813934,20.000000596046448,46.650813817977905,21.325870156288147
stim_97_harmonic.wav,35.00000059604645,10.000000298023224,41.67271971702576,25.643727779388428
stim_97_harmonic.wav,80.00000059604645,10.000000298023224,40.855515003204346,26.03291094303131
stim_97_harmonic.wav,90.0,40.000001192092896,40.31142622232437,26.46534562110901
stim_97_harmonic.wav,40.000000298023224,60.0,40.60561627149582,26.23757243156433
stim_97_harmonic.wav,64.9999988079071,10.000000298023224,40.28926581144333,26.40554666519165
stim_97_harmonic.wav,50.00000238418579,49.999998807907104,40.95975637435913,26.052655577659607
stim_97_harmonic.wav,10.000000074505806,49.999998807907104,41.07769846916199,26.436579823493958
stim_97_harmonic.wav,25.000001192092896,49.999998807907104,43.75568300485611,29.04462218284607
stim_97_harmonic.wav,54.99999940395355,49.999998807907104,42.31463670730591,20.340574979782104
stim_97_harmonic.wav,64.9999988079071,40.000001192092896,42.12566167116165,25.503333806991577
stim_97_harmonic.wav,0.0,40.000001192092896,37.991481721401215,26.417280435562134
stim_97_harmonic.wav,25.000001192092896,10.000000298023224,44.344934821128845,30.92561960220337
stim_97_harmonic.wav,20.000000149011612,30.0,41.41357809305191,26.67467951774597
stim_97_harmonic.wav,54.99999940395355,0.0,41.10914468765259,26.821060180664062
stim_97_harmonic.wav,90.0,60.0,41.7442461848259,26.388806104660034
stim_97_harmonic.wav,40.000000298023224,49.999998807907104,43.58979105949402,23.90981912612915
stim_97_harmonic.wav,25.000001192092896,0.0,41.33067637681961,24.830739498138428
stim_97_harmonic.wav,90.0,0.0,40.73248475790024,26.17251455783844
stim_97_harmonic.wav,5.000000037252903,40.000001192092896,32.4043545126915,26.27615511417389
stim_97_harmonic.wav,40.000000298023224,40.000001192092896,41.54141217470169,24.766672253608704
stim_97_harmonic.wav,64.9999988079071,20.000000596046448,43.625231087207794,24.507039785385132
stim_97_harmonic.wav,84.99999761581421,20.000000596046448,41.43781989812851,25.831180214881897
stim_97_harmonic.wav,50.00000238418579,10.000000298023224,42.703208327293396,25.64269244670868
stim_97_harmonic.wav,70.0000011920929,10.000000298023224,40.43473541736603,25.451926589012146
stim_97_harmonic.wav,80.00000059604645,49.999998807907104,41.1057248711586,26.13678753376007
stim_97_harmonic.wav,54.99999940395355,10.000000298023224,41.043948233127594,26.246062517166138
stim_97_harmonic.wav,50.00000238418579,49.999998807907104,42.02205330133438,23.951761722564697
stim_97_harmonic.wav,5.000000037252903,60.0,35.338146686553955,27.307262420654297
stim_97_harmonic.wav,15.000000447034836,20.000000596046448,40.7453191280365,26.46492898464203
stim_97_harmonic.wav,15.000000447034836,49.999998807907104,38.88179272413254,27.408335208892822
stim_97_harmonic.wav,45.0,30.0,41.505116522312164,26.3019061088562
stim_97_harmonic.wav,60.00000178813934,0.0,40.96917361021042,26.01742386817932
stim_97_harmonic.wav,54.99999940395355,20.000000596046448,42.47615396976471,26.13673210144043
stim_97_harmonic.wav,5.000000037252903,10.000000298023224,33.38724464178085,27.000049352645874
stim_97_harmonic.wav,74.99999821186066,49.999998807907104,42.329962849617004,26.17619276046753
stim_97_harmonic.wav,5.000000037252903,0.0,35.643170177936554,27.03609824180603
stim_72_harmonic.wav,10.000000074505806,0.0,40.64639389514923,27.755248546600342
stim_72_harmonic.wav,25.000001192092896,49.999998807907104,43.73801797628403,29.658029079437256
stim_72_harmonic.wav,45.0,40.000001192092896,44.07593071460724,33.704752922058105
stim_72_harmonic.wav,5.000000037252903,40.000001192092896,39.41557377576828,26.87914252281189
stim_72_harmonic.wav,0.0,0.0,30.940064191818237,28.677762150764465
stim_72_harmonic.wav,0.0,20.000000596046448,37.186695635318756,26.060553789138794
stim_72_harmonic.wav,0.0,40.000001192092896,20.4224494099617,30.87020516395569
stim_72_harmonic.wav,10.000000074505806,40.000001192092896,42.4352502822876,28.694379329681396
stim_72_harmonic.wav,54.99999940395355,0.0,49.068546295166016,21.67018175125122
stim_72_harmonic.wav,84.99999761581421,20.000000596046448,77.16346800327301,19.525821805000305
stim_72_harmonic.wav,70.0000011920929,20.000000596046448,73.26504349708557,27.303496599197388
stim_72_harmonic.wav,20.000000149011612,0.0,29.783061146736145,31.82899832725525
stim_72_harmonic.wav,25.000001192092896,10.000000298023224,42.70604074001312,28.31715166568756
stim_72_harmonic.wav,30.00000089406967,10.000000298023224,32.234745025634766,22.804418206214905
stim_72_harmonic.wav,20.000000149011612,30.0,20.73733538389206,21.73027753829956
stim_72_harmonic.wav,30.00000089406967,60.0,29.30282771587372,38.105539083480835
stim_72_harmonic.wav,45.0,20.000000596046448,42.08991318941116,8.664245009422302
stim_72_harmonic.wav,54.99999940395355,0.0,48.051098585128784,26.337125301361084
stim_72_harmonic.wav,84.99999761581421,20.000000596046448,63.00026714801788,22.175822854042053
stim_72_harmonic.wav,60.00000178813934,60.0,46.84817612171173,51.62645101547241
stim_72_harmonic.wav,70.0000011920929,60.0,43.34608554840088,42.33250021934509
stim_72_harmonic.wav,30.00000089406967,40.000001192092896,41.75199240446091,27.724254727363586
stim_72_harmonic.wav,80.00000059604645,20.000000596046448,46.88740074634552,25.930675864219666
stim_72_harmonic.wav,0.0,60.0,10.749322772026062,27.613551020622253
stim_72_harmonic.wav,35.00000059604645,40.000001192092896,45.52464008331299,24.983612895011902
stim_72_harmonic.wav,60.00000178813934,60.0,38.56120705604553,39.54071044921875
stim_72_harmonic.wav,54.99999940395355,30.0,44.44316267967224,25.46129822731018
stim_72_harmonic.wav,64.9999988079071,30.0,48.69198560714722,29.812973141670227
stim_72_harmonic.wav,35.00000059604645,60.0,46.84490919113159,25.477164387702942
stim_72_harmonic.wav,54.99999940395355,0.0,45.60575008392334,25.80110192298889
stim_72_harmonic.wav,10.000000074505806,0.0,40.8145147562027,27.336185574531555
stim_72_harmonic.wav,20.000000149011612,40.000001192092896,47.051605582237244,27.057920694351196
stim_72_harmonic.wav,50.00000238418579,20.000000596046448,46.07669234275818,25.215632915496826
stim_72_harmonic.wav,60.00000178813934,0.0,65.02572655677795,16.673215627670288
stim_72_harmonic.wav,74.99999821186066,60.0,42.18298316001892,29.543516635894775
stim_72_harmonic.wav,60.00000178813934,60.0,43.52600276470184,25.75610876083374
stim_72_harmonic.wav,50.00000238418579,0.0,46.12639367580414,12.258300483226776
stim_72_harmonic.wav,40.000000298023224,30.0,41.41200363636017,26.16458237171173
stim_72_harmonic.wav,20.000000149011612,30.0,29.86710011959076,27.481704354286194
stim_72_harmonic.wav,0.0,30.0,6.610357761383057,31.395649909973145
stim_72_harmonic.wav,10.000000074505806,60.0,33.79043698310852,29.172345399856567
stim_72_harmonic.wav,90.0,0.0,46.59294784069061,24.360673427581787
stim_72_harmonic.wav,74.99999821186066,40.000001192092896,63.30328702926636,25.378553867340088
stim_72_harmonic.wav,60.00000178813934,20.000000596046448,46.11106216907501,26.67322039604187
stim_72_harmonic.wav,40.000000298023224,0.0,44.72358226776123,26.490513682365417
stim_72_harmonic.wav,0.0,40.000001192092896,33.043868243694305,26.097752451896667
stim_72_harmonic.wav,84.99999761581421,10.000000298023224,52.98479676246643,22.26467728614807
stim_72_harmonic.wav,5.000000037252903,0.0,33.95495027303696,27.766687273979187
stim_72_harmonic.wav,5.000000037252903,40.000001192092896,37.38793909549713,27.884094715118408
stim_72_harmonic.wav,80.00000059604645,49.999998807907104,54.30612802505493,21.966254711151123
stim_72_harmonic.wav,90.0,20.000000596046448,55.93585968017578,24.598510265350342
stim_72_harmonic.wav,40.000000298023224,0.0,40.108340084552765,11.138545274734497
stim_72_harmonic.wav,15.000000447034836,49.999998807907104,29.495431780815125,28.587064146995544
stim_72_harmonic.wav,5.000000037252903,60.0,9.645918309688568,29.998841285705566
stim_72_harmonic.wav,25.000001192092896,10.000000298023224,48.44744324684143,26.682486534118652
stim_72_harmonic.wav,30.00000089406967,0.0,32.21536338329315,17.601147294044495
stim_72_harmonic.wav,64.9999988079071,49.999998807907104,42.680232524871826,26.870044469833374
stim_72_harmonic.wav,84.99999761581421,20.000000596046448,71.44205331802368,20.314035415649414
stim_72_harmonic.wav,35.00000059604645,20.000000596046448,43.77858102321625,29.632723331451416
stim_72_harmonic.wav,60.00000178813934,10.000000298023224,60.4909211397171,12.74909645318985
stim_72_harmonic.wav,74.99999821186066,30.0,70.67764520645142,27.132977843284607
stim_72_harmonic.wav,84.99999761581421,49.999998807907104,42.5573605298996,25.732432007789612
stim_72_harmonic.wav,35.00000059604645,0.0,41.34708344936371,26.550700664520264
stim_72_harmonic.wav,15.000000447034836,20.000000596046448,19.637224674224854,21.206350922584534
stim_72_harmonic.wav,45.0,0.0,43.784269988536835,26.826193928718567
stim_72_harmonic.wav,30.00000089406967,10.000000298023224,42.27825790643692,37.76080369949341
stim_72_harmonic.wav,84.99999761581421,60.0,41.9876030087471,27.45786488056183
stim_72_harmonic.wav,70.0000011920929,0.0,42.51832365989685,25.922248363494873
stim_72_harmonic.wav,25.000001192092896,49.999998807907104,48.53852570056915,27.81951069831848
stim_72_harmonic.wav,70.0000011920929,30.0,47.64721155166626,28.888902068138123
stim_72_harmonic.wav,64.9999988079071,60.0,42.770655155181885,26.147391200065613
stim_72_harmonic.wav,45.0,20.000000596046448,43.7077921628952,26.634190678596497
stim_72_harmonic.wav,54.99999940395355,30.0,47.642109990119934,21.376190185546875
stim_72_harmonic.wav,80.00000059604645,30.0,69.70289826393127,28.989914059638977
stim_72_harmonic.wav,84.99999761581421,20.000000596046448,79.79718804359436,20.47197461128235
stim_72_harmonic.wav,70.0000011920929,30.0,55.44153928756714,28.096725940704346
stim_72_harmonic.wav,15.000000447034836,49.999998807907104,24.123138785362244,35.1753294467926
stim_72_harmonic.wav,0.0,49.999998807907104,15.635342001914978,31.286187171936035
stim_72_harmonic.wav,35.00000059604645,20.000000596046448,43.07887852191925,27.008509039878845
stim_72_harmonic.wav,54.99999940395355,20.000000596046448,43.28364372253418,25.48348903656006
stim_72_harmonic.wav,30.00000089406967,0.0,39.67987596988678,28.509727120399475
stim_72_harmonic.wav,25.000001192092896,30.0,46.50306165218353,23.101279735565186
stim_72_harmonic.wav,45.0,20.000000596046448,42.85102218389511,25.158244371414185
stim_72_harmonic.wav,35.00000059604645,20.000000596046448,45.07790207862854,26.152281761169434
stim_72_harmonic.wav,50.00000238418579,49.999998807907104,43.25004369020462,31.527163982391357
stim_72_harmonic.wav,64.9999988079071,10.000000298023224,43.74381422996521,27.054314017295837
stim_72_harmonic.wav,60.00000178813934,20.000000596046448,44.70565974712372,25.699780583381653
stim_72_harmonic.wav,0.0,40.000001192092896,28.401997089385986,27.50719428062439
stim_72_harmonic.wav,0.0,60.0,39.1767418384552,27.50599443912506
stim_72_harmonic.wav,45.0,30.0,41.12365543842316,26.84303641319275
stim_72_harmonic.wav,35.00000059604645,20.000000596046448,46.05651140213013,25.017582178115845
stim_72_harmonic.wav,74.99999821186066,60.0,45.61890363693237,33.931964635849
stim_72_harmonic.wav,84.99999761581421,30.0,73.58586251735687,29.65068519115448
stim_72_harmonic.wav,90.0,60.0,45.900744795799255,34.64449167251587
stim_72_harmonic.wav,80.00000059604645,60.0,40.83551913499832,30.864572525024414
stim_72_harmonic.wav,35.00000059604645,10.000000298023224,37.172348499298096,16.647698879241943
stim_72_harmonic.wav,60.00000178813934,20.000000596046448,46.84813320636749,23.43924343585968
stim_72_harmonic.wav,84.99999761581421,49.999998807907104,41.00726097822189,26.32038652896881
stim_72_harmonic.wav,74.99999821186066,49.999998807907104,43.08681517839432,25.89549422264099
stim_72_harmonic.wav,80.00000059604645,60.0,48.34415674209595,47.79436111450195
stim_72_harmonic.wav,40.000000298023224,10.000000298023224,42.93414115905762,23.34105134010315
stim_72_harmonic.wav,30.00000089406967,60.0,46.230350732803345,30.800431966781616
stim_72_harmonic.wav,5.000000037252903,60.0,38.08383285999298,27.306708097457886
stim_72_harmonic.wav,20.000000149011612,49.999998807907104,42.08156883716583,29.307705760002136
stim_72_harmonic.wav,80.00000059604645,0.0,41.2750768661499,26.39230191707611
stim_72_harmonic.wav,35.00000059604645,20.000000596046448,38.41973394155502,34.94424104690552
stim_72_harmonic.wav,64.9999988079071,30.0,53.85847806930542,15.208607912063599
stim_72_harmonic.wav,90.0,0.0,76.75880312919617,4.783113598823547
stim_72_harmonic.wav,70.0000011920929,30.0,57.29095458984375,26.3725608587265
stim_72_harmonic.wav,25.000001192092896,60.0,26.890709102153778,39.019871950149536
stim_72_harmonic.wav,10.000000074505806,49.999998807907104,10.67270278930664,34.51267719268799
stim_72_harmonic.wav,15.000000447034836,30.0,40.92935085296631,26.04268491268158
stim_72_harmonic.wav,54.99999940395355,60.0,37.71148055791855,42.66997218132019
stim_72_harmonic.wav,90.0,0.0,70.40289044380188,5.219821929931641
stim_72_harmonic.wav,20.000000149011612,60.0,13.495277166366577,25.091537833213806
stim_72_harmonic.wav,0.0,49.999998807907104,33.57921838760376,28.42267870903015
stim_72_harmonic.wav,50.00000238418579,20.000000596046448,48.89010429382324,9.454997777938843
stim_72_harmonic.wav,45.0,30.0,48.01548957824707,24.159827828407288
stim_72_harmonic.wav,40.000000298023224,30.0,41.98654890060425,27.26762294769287
stim_72_harmonic.wav,64.9999988079071,30.0,43.23577433824539,25.62951922416687
stim_72_harmonic.wav,70.0000011920929,20.000000596046448,42.58145749568939,26.44993007183075
stim_72_harmonic.wav,5.000000037252903,60.0,36.918429136276245,28.631842732429504
stim_72_harmonic.wav,25.000001192092896,49.999998807907104,48.39098811149597,28.243131637573242
stim_72_harmonic.wav,45.0,20.000000596046448,44.625370502471924,23.87199103832245
stim_72_harmonic.wav,60.00000178813934,20.000000596046448,60.80514192581177,23.784949779510498
stim_72_harmonic.wav,60.00000178813934,49.999998807907104,47.66187787055969,22.878892421722412
stim_72_harmonic.wav,0.0,49.999998807907104,38.12328815460205,26.970507502555847
stim_72_harmonic.wav,30.00000089406967,20.000000596046448,36.06318533420563,38.01931142807007
stim_72_harmonic.wav,5.000000037252903,0.0,39.08680468797684,26.771210432052612
stim_72_harmonic.wav,5.000000037252903,49.999998807907104,5.757275819778442,35.483583211898804
stim_72_harmonic.wav,74.99999821186066,10.000000298023224,42.18226432800293,25.810666680336
stim_78_harmonic.wav,5.000000037252903,0.0,35.879464745521545,30.46355366706848
stim_78_harmonic.wav,40.000000298023224,30.0,40.477390587329865,20.817788243293762
stim_78_harmonic.wav,64.9999988079071,40.000001192092896,40.98055154085159,26.988565921783447
stim_78_harmonic.wav,50.00000238418579,30.0,47.13139057159424,24.459750652313232
stim_78_harmonic.wav,20.000000149011612,0.0,34.8893004655838,33.96537780761719
stim_78_harmonic.wav,10.000000074505806,30.0,42.12228745222092,28.062890768051147
stim_78_harmonic.wav,74.99999821186066,49.999998807907104,60.08693218231201,34.03447151184082
stim_78_harmonic.wav,74.99999821186066,49.999998807907104,40.481266379356384,27.03161358833313
stim_78_harmonic.wav,80.00000059604645,30.0,42.58740395307541,27.881829142570496
stim_78_harmonic.wav,35.00000059604645,20.000000596046448,40.559289157390594,26.419483423233032
stim_78_harmonic.wav,80.00000059604645,30.0,41.30341976881027,26.15622639656067
stim_78_harmonic.wav,70.0000011920929,20.000000596046448,48.36463809013367,25.38977086544037
stim_78_harmonic.wav,64.9999988079071,40.000001192092896,56.30420744419098,26.273751854896545
stim_78_harmonic.wav,5.000000037252903,0.0,13.309121131896973,34.702491760253906
stim_78_harmonic.wav,30.00000089406967,30.0,34.72636967897415,24.496028423309326
stim_78_harmonic.wav,74.99999821186066,10.000000298023224,43.454449474811554,25.447688698768616
stim_78_harmonic.wav,64.9999988079071,0.0,43.31043899059296,26.3476824760437
stim_78_harmonic.wav,30.00000089406967,49.999998807907104,41.05370074510574,26.339664459228516
stim_78_harmonic.wav,10.000000074505806,0.0,40.81345796585083,27.407507300376892
stim_78_harmonic.wav,70.0000011920929,49.999998807907104,41.696897149086,26.30036473274231
stim_78_harmonic.wav,80.00000059604645,30.0,56.988476514816284,27.74408519268036
stim_78_harmonic.wav,20.000000149011612,49.999998807907104,39.9049910902977,26.569038033485413
stim_78_harmonic.wav,64.9999988079071,20.000000596046448,41.86171889305115,26.337761878967285
stim_78_harmonic.wav,70.0000011920929,49.999998807907104,40.21618366241455,28.661388158798218
stim_78_harmonic.wav,90.0,10.000000298023224,44.004085063934326,28.13504934310913
stim_78_harmonic.wav,0.0,10.000000298023224,32.98232227563858,26.733046174049377
stim_78_harmonic.wav,60.00000178813934,60.0,42.96499460935593,26.12147569656372
stim_78_harmonic.wav,64.9999988079071,20.000000596046448,41.462262868881226,25.970860719680786
stim_78_harmonic.wav,15.000000447034836,0.0,42.130790054798126,26.24530792236328
stim_78_harmonic.wav,90.0,60.0,39.87108528614044,27.595810890197754
stim_78_harmonic.wav,64.9999988079071,49.999998807907104,43.30355107784271,27.348908185958862
stim_78_harmonic.wav,60.00000178813934,30.0,41.557762920856476,25.73308289051056
stim_78_harmonic.wav,30.00000089406967,30.0,42.712368071079254,27.08650052547455
stim_78_harmonic.wav,80.00000059604645,0.0,55.80727458000183,15.414690971374512
stim_78_harmonic.wav,80.00000059604645,49.999998807907104,43.81578594446182,24.639183282852173
stim_78_harmonic.wav,64.9999988079071,60.0,41.10592603683472,25.921538472175598
stim_78_harmonic.wav,50.00000238418579,30.0,49.26019549369812,32.34872102737427
stim_78_harmonic.wav,30.00000089406967,20.000000596046448,37.54922032356262,22.848007678985596
stim_78_harmonic.wav,45.0,60.0,40.762420892715454,28.5391902923584
stim_78_harmonic.wav,70.0000011920929,49.999998807907104,37.17782288789749,27.729767560958862
stim_78_harmonic.wav,54.99999940395355,60.0,36.4442253112793,31.922085285186768
stim_78_harmonic.wav,35.00000059604645,0.0,40.68661093711853,26.988415718078613
stim_78_harmonic.wav,50.00000238418579,60.0,39.16119307279587,29.171460270881653
stim_78_harmonic.wav,10.000000074505806,0.0,37.970863580703735,28.48311424255371
stim_78_harmonic.wav,15.000000447034836,20.000000596046448,26.15792155265808,25.347381234169006
stim_78_harmonic.wav,70.0000011920929,60.0,41.66180044412613,25.977301597595215
stim_78_harmonic.wav,84.99999761581421,60.0,41.31741017103195,28.314993381500244
stim_78_harmonic.wav,45.0,40.000001192092896,42.82814830541611,26.647676825523376
stim_78_harmonic.wav,45.0,40.000001192092896,42.19244331121445,18.54061245918274
stim_78_harmonic.wav,10.000000074505806,40.000001192092896,41.497144997119904,27.055392265319824
stim_78_harmonic.wav,10.000000074505806,10.000000298023224,42.1638348698616,28.087154030799866
stim_78_harmonic.wav,30.00000089406967,10.000000298023224,41.453414261341095,26.966856122016907
stim_78_harmonic.wav,84.99999761581421,49.999998807907104,41.31366580724716,26.435160040855408
stim_78_harmonic.wav,40.000000298023224,40.000001192092896,37.324896454811096,26.484628915786743
stim_78_harmonic.wav,74.99999821186066,10.000000298023224,43.7343755364418,25.36361575126648
stim_78_harmonic.wav,64.9999988079071,0.0,44.870513677597046,24.047260880470276
stim_78_harmonic.wav,50.00000238418579,60.0,35.53324520587921,33.294360637664795
stim_78_harmonic.wav,60.00000178813934,0.0,44.76454496383667,28.623840808868408
stim_78_harmonic.wav,50.00000238418579,10.000000298023224,40.52388936281204,26.703736782073975
stim_78_harmonic.wav,0.0,40.000001192092896,38.81157249212265,28.364009857177734
stim_78_harmonic.wav,15.000000447034836,40.000001192092896,38.79702150821686,26.57390534877777
stim_78_harmonic.wav,60.00000178813934,0.0,57.22135663032532,9.497222900390625
stim_78_harmonic.wav,60.00000178813934,10.000000298023224,41.48744344711304,25.987817645072937
stim_78_harmonic.wav,30.00000089406967,60.0,28.02940607070923,28.176058530807495
stim_78_harmonic.wav,64.9999988079071,30.0,41.67246222496033,26.190422773361206
stim_78_harmonic.wav,74.99999821186066,30.0,44.0135532617569,27.566624879837036
stim_78_harmonic.wav,64.9999988079071,49.999998807907104,38.536412715911865,30.516879558563232
stim_78_harmonic.wav,35.00000059604645,40.000001192092896,43.00980091094971,28.50090980529785
stim_78_harmonic.wav,15.000000447034836,0.0,40.60707002878189,26.671628952026367
stim_78_harmonic.wav,40.000000298023224,49.999998807907104,49.22023594379425,37.759501934051514
stim_78_harmonic.wav,90.0,60.0,59.505600929260254,42.95361042022705
stim_78_harmonic.wav,74.99999821186066,30.0,50.338228940963745,29.639532566070557
stim_78_harmonic.wav,40.000000298023224,60.0,44.27789568901062,27.256255745887756
stim_78_harmonic.wav,70.0000011920929,10.000000298023224,42.18146502971649,26.271629333496094
stim_78_harmonic.wav,80.00000059604645,49.999998807907104,62.67681956291199,34.69717025756836
stim_78_harmonic.wav,54.99999940395355,0.0,41.10640078783035,26.26341462135315
stim_78_harmonic.wav,10.000000074505806,10.000000298023224,20.871641635894775,27.567554712295532
stim_78_harmonic.wav,54.99999940395355,40.000001192092896,43.34515482187271,28.091737031936646
stim_78_harmonic.wav,40.000000298023224,0.0,41.556561291217804,11.77492618560791
stim_78_harmonic.wav,60.00000178813934,30.0,43.581647872924805,25.620639324188232
stim_78_harmonic.wav,74.99999821186066,0.0,44.1011568903923,25.775527954101562
stim_78_harmonic.wav,30.00000089406967,30.0,41.150198578834534,27.439316511154175
stim_78_harmonic.wav,5.000000037252903,60.0,14.952797591686249,35.867135524749756
stim_78_harmonic.wav,70.0000011920929,30.0,42.15624421834946,26.074705123901367
stim_78_harmonic.wav,15.000000447034836,40.000001192092896,42.1486696600914,27.269704341888428
stim_78_harmonic.wav,0.0,20.000000596046448,32.000829577445984,27.680030465126038
stim_78_harmonic.wav,15.000000447034836,20.000000596046448,42.97034293413162,27.523675560951233
stim_78_harmonic.wav,74.99999821186066,40.000001192092896,41.79782330989838,26.344404816627502
stim_78_harmonic.wav,70.0000011920929,60.0,45.7159298658371,28.583589792251587
stim_78_harmonic.wav,45.0,0.0,47.37753689289093,25.716261863708496
stim_78_harmonic.wav,40.000000298023224,0.0,42.97106713056564,26.30396604537964
stim_78_harmonic.wav,5.000000037252903,0.0,37.663503885269165,30.85126519203186
stim_78_harmonic.wav,0.0,20.000000596046448,37.8995355963707,26.711803078651428
stim_78_harmonic.wav,15.000000447034836,49.999998807907104,40.589112639427185,26.322269439697266
stim_78_harmonic.wav,35.00000059604645,60.0,41.35600984096527,26.711257696151733
stim_78_harmonic.wav,84.99999761581421,30.0,43.625687062740326,27.233861088752747
stim_78_harmonic.wav,74.99999821186066,20.000000596046448,40.22177070379257,28.084094524383545
stim_78_harmonic.wav,64.9999988079071,0.0,41.78943336009979,26.92538559436798
stim_78_harmonic.wav,60.00000178813934,30.0,55.41380524635315,21.762181520462036
stim_78_harmonic.wav,54.99999940395355,20.000000596046448,55.117791295051575,21.057368516921997
stim_78_harmonic.wav,10.000000074505806,20.000000596046448,40.83390712738037,27.819178104400635
stim_78_harmonic.wav,10.000000074505806,40.000001192092896,40.74001103639603,26.448338627815247
stim_78_harmonic.wav,5.000000037252903,20.000000596046448,14.430896043777466,31.490668058395386
stim_78_harmonic.wav,64.9999988079071,49.999998807907104,45.23196816444397,29.37696933746338
stim_78_harmonic.wav,50.00000238418579,20.000000596046448,42.14900225400925,25.997060537338257
stim_78_harmonic.wav,64.9999988079071,0.0,55.78255534172058,14.977005422115326
stim_78_harmonic.wav,50.00000238418579,49.999998807907104,35.74304759502411,28.410297632217407
stim_78_harmonic.wav,0.0,60.0,40.59159904718399,27.43395209312439
stim_78_harmonic.wav,54.99999940395355,40.000001192092896,42.32942909002304,26.145359873771667
stim_78_harmonic.wav,84.99999761581421,40.000001192092896,41.51956558227539,26.300291419029236
stim_78_harmonic.wav,50.00000238418579,20.000000596046448,41.044541001319885,26.306739449501038
stim_78_harmonic.wav,40.000000298023224,40.000001192092896,37.75359392166138,27.860053181648254
stim_78_harmonic.wav,25.000001192092896,10.000000298023224,40.19404470920563,26.834392547607422
stim_78_harmonic.wav,84.99999761581421,60.0,43.32300513982773,26.94481372833252
stim_78_harmonic.wav,15.000000447034836,20.000000596046448,41.31513029336929,26.424204111099243
stim_78_harmonic.wav,5.000000037252903,20.000000596046448,36.980629563331604,28.63103985786438
stim_78_harmonic.wav,25.000001192092896,40.000001192092896,38.71529996395111,26.916292905807495
stim_78_harmonic.wav,30.00000089406967,0.0,40.8320215344429,26.342130303382874
stim_78_harmonic.wav,54.99999940395355,60.0,34.26031708717346,32.59471893310547
stim_78_harmonic.wav,70.0000011920929,20.000000596046448,41.76031798124313,26.69004499912262
stim_78_harmonic.wav,20.000000149011612,20.000000596046448,42.862877547740936,27.95734941959381
stim_78_harmonic.wav,25.000001192092896,60.0,41.128046214580536,26.08992576599121
stim_78_harmonic.wav,50.00000238418579,0.0,48.142481446266174,17.341988682746887
stim_78_harmonic.wav,50.00000238418579,60.0,36.5051731467247,32.38222002983093
stim_78_harmonic.wav,70.0000011920929,0.0,41.80151671171188,25.87866961956024
stim_78_harmonic.wav,80.00000059604645,20.000000596046448,48.93783688545227,26.38708770275116
stim_78_harmonic.wav,64.9999988079071,49.999998807907104,40.932067930698395,27.39609181880951
stim_66_harmonic.wav,64.9999988079071,60.0,51.16114675998688,31.167969703674316
stim_66_harmonic.wav,40.000000298023224,40.000001192092896,43.382544815540314,32.241801023483276
stim_66_harmonic.wav,30.00000089406967,40.000001192092896,45.70334494113922,29.84443724155426
stim_66_harmonic.wav,5.000000037252903,20.000000596046448,14.252539873123169,42.13112711906433
stim_66_harmonic.wav,5.000000037252903,0.0,3.2577037811279297,48.85305404663086
stim_66_harmonic.wav,64.9999988079071,30.0,60.78404366970062,26.700403690338135
stim_66_harmonic.wav,20.000000149011612,0.0,47.000144720077515,33.544989824295044
stim_66_harmonic.wav,54.99999940395355,40.000001192092896,55.43032228946686,29.9399596452713
stim_66_harmonic.wav,54.99999940395355,49.999998807907104,48.73635470867157,34.4656777381897
stim_66_harmonic.wav,90.0,30.0,80.60377657413483,30.04673480987549
stim_66_harmonic.wav,20.000000149011612,10.000000298023224,33.34937185049057,30.01779556274414
stim_66_harmonic.wav,64.9999988079071,60.0,51.5282928943634,49.740235805511475
stim_66_harmonic.wav,60.00000178813934,20.000000596046448,28.484619855880737,29.33184564113617
stim_66_harmonic.wav,5.000000037252903,10.000000298023224,25.7929265499115,39.660916328430176
stim_66_harmonic.wav,64.9999988079071,20.000000596046448,28.094589114189148,28.339154720306396
stim_66_harmonic.wav,80.00000059604645,20.000000596046448,55.15992879867554,32.01418876647949
stim_66_harmonic.wav,64.9999988079071,40.000001192092896,66.96712553501129,40.20833373069763
stim_66_harmonic.wav,15.000000447034836,0.0,19.694881439208984,20.43923020362854
stim_66_harmonic.wav,74.99999821186066,10.000000298023224,34.566877484321594,24.557100534439087
stim_66_harmonic.wav,80.00000059604645,40.000001192092896,48.595667481422424,35.76832294464111
stim_66_harmonic.wav,35.00000059604645,10.000000298023224,48.651570081710815,22.07028865814209
stim_66_harmonic.wav,45.0,10.000000298023224,48.12736988067627,32.31729984283447
stim_66_harmonic.wav,70.0000011920929,60.0,61.42784357070923,47.68280625343323
stim_66_harmonic.wav,25.000001192092896,60.0,28.724430799484253,32.257325649261475
stim_66_harmonic.wav,5.000000037252903,10.000000298023224,19.591062515974045,28.857057094573975
stim_66_harmonic.wav,70.0000011920929,30.0,42.5835844874382,34.42911386489868
stim_66_harmonic.wav,25.000001192092896,49.999998807907104,33.2282218337059,48.37681531906128
stim_66_harmonic.wav,64.9999988079071,60.0,48.26673209667206,26.377574801445007
stim_66_harmonic.wav,74.99999821186066,10.000000298023224,46.67116641998291,22.29926347732544
stim_66_harmonic.wav,10.000000074505806,60.0,25.019522309303284,30.82969307899475
stim_66_harmonic.wav,20.000000149011612,10.000000298023224,28.439805507659912,39.309325218200684
stim_66_harmonic.wav,60.00000178813934,20.000000596046448,58.774720430374146,15.879489183425903
stim_66_harmonic.wav,70.0000011920929,10.000000298023224,46.05849623680115,24.896766543388367
stim_66_harmonic.wav,84.99999761581421,49.999998807907104,51.54379606246948,25.95906972885132
stim_66_harmonic.wav,70.0000011920929,0.0,53.650327920913696,26.491001844406128
stim_66_harmonic.wav,50.00000238418579,0.0,52.77714014053345,21.579657196998596
stim_66_harmonic.wav,15.000000447034836,49.999998807907104,32.32869207859039,30.422919988632202
stim_66_harmonic.wav,45.0,40.000001192092896,46.19550347328186,26.320799589157104
stim_66_harmonic.wav,60.00000178813934,0.0,33.689435720443726,29.06430959701538
stim_66_harmonic.wav,50.00000238418579,0.0,55.92959403991699,18.923449516296387
stim_66_harmonic.wav,64.9999988079071,0.0,55.960224866867065,23.654379844665527
stim_66_harmonic.wav,5.000000037252903,20.000000596046448,17.263992726802826,33.75590801239014
stim_66_harmonic.wav,35.00000059604645,40.000001192092896,39.036400616168976,36.19457244873047
stim_66_harmonic.wav,84.99999761581421,40.000001192092896,54.28595781326294,26.12609624862671
stim_66_harmonic.wav,15.000000447034836,10.000000298023224,41.58823013305664,29.472992420196533
stim_66_harmonic.wav,40.000000298023224,10.000000298023224,47.41341412067413,30.806883573532104
stim_66_harmonic.wav,0.0,20.000000596046448,14.327958226203918,30.22548794746399
stim_66_harmonic.wav,25.000001192092896,60.0,22.926095724105835,45.03828763961792
stim_66_harmonic.wav,64.9999988079071,30.0,65.01366198062897,27.069250345230103
stim_66_harmonic.wav,30.00000089406967,10.000000298023224,47.61119484901428,23.220244646072388
stim_66_harmonic.wav,15.000000447034836,49.999998807907104,12.283278107643127,39.95967149734497
stim_66_harmonic.wav,0.0,60.0,11.303821206092834,26.72022521495819
stim_66_harmonic.wav,20.000000149011612,49.999998807907104,31.629378497600555,36.07961654663086
stim_66_harmonic.wav,45.0,20.000000596046448,48.356977701187134,17.60059654712677
stim_66_harmonic.wav,20.000000149011612,49.999998807907104,24.14268136024475,35.050063133239746
stim_66_harmonic.wav,15.000000447034836,49.999998807907104,26.281603574752808,36.6972291469574
stim_66_harmonic.wav,20.000000149011612,60.0,10.019968450069427,24.585607051849365
stim_66_harmonic.wav,84.99999761581421,30.0,34.84779864549637,35.80484747886658
stim_66_harmonic.wav,64.9999988079071,30.0,45.56972801685333,24.85218644142151
stim_66_harmonic.wav,0.0,0.0,1.1294594407081604,32.128121852874756
stim_66_harmonic.wav,35.00000059604645,0.0,51.901774406433105,33.45098376274109
stim_66_harmonic.wav,74.99999821186066,40.000001192092896,71.7565530538559,29.190566539764404
stim_66_harmonic.wav,0.0,0.0,23.135753273963928,26.831236481666565
stim_66_harmonic.wav,20.000000149011612,40.000001192092896,35.56146740913391,34.895371198654175
stim_66_harmonic.wav,35.00000059604645,30.0,50.44553339481354,24.662781357765198
stim_66_harmonic.wav,45.0,20.000000596046448,47.11630046367645,22.033352851867676
stim_66_harmonic.wav,80.00000059604645,0.0,55.11242151260376,25.4214209318161
stim_66_harmonic.wav,50.00000238418579,40.000001192092896,49.837852120399475,34.16709780693054
stim_66_harmonic.wav,10.000000074505806,20.000000596046448,15.00620573759079,27.84593939781189
stim_66_harmonic.wav,10.000000074505806,40.000001192092896,16.586785912513733,45.56625008583069
stim_66_harmonic.wav,30.00000089406967,40.000001192092896,37.18532770872116,32.16871976852417
stim_66_harmonic.wav,70.0000011920929,10.000000298023224,70.68799316883087,12.355027198791504
stim_66_harmonic.wav,90.0,49.999998807907104,52.56861448287964,27.03212320804596
stim_66_harmonic.wav,50.00000238418579,0.0,51.239365339279175,31.450241804122925
stim_66_harmonic.wav,30.00000089406967,20.000000596046448,37.95692414045334,19.688551425933838
stim_66_harmonic.wav,10.000000074505806,10.000000298023224,14.03892606496811,33.34102749824524
stim_66_harmonic.wav,5.000000037252903,20.000000596046448,14.948514103889465,33.3660364151001
stim_66_harmonic.wav,30.00000089406967,20.000000596046448,45.85841953754425,28.99426817893982
stim_66_harmonic.wav,74.99999821186066,0.0,61.67852818965912,25.97700834274292
stim_66_harmonic.wav,10.000000074505806,20.000000596046448,10.827747881412506,41.31973385810852
stim_66_harmonic.wav,45.0,60.0,35.48645406961441,26.254141330718994
stim_66_harmonic.wav,70.0000011920929,20.000000596046448,42.394735515117645,32.53729820251465
stim_66_harmonic.wav,30.00000089406967,40.000001192092896,45.03217577934265,23.06548297405243
stim_66_harmonic.wav,20.000000149011612,30.0,29.886747300624847,33.91183018684387
stim_66_harmonic.wav,84.99999761581421,60.0,63.8418048620224,22.82366394996643
stim_66_harmonic.wav,40.000000298023224,20.000000596046448,44.280266761779785,27.592177391052246
stim_66_harmonic.wav,15.000000447034836,0.0,17.808077484369278,25.65284013748169
stim_66_harmonic.wav,74.99999821186066,20.000000596046448,65.65779447555542,15.743383169174194
stim_66_harmonic.wav,30.00000089406967,40.000001192092896,39.57376778125763,44.2897367477417
stim_66_harmonic.wav,70.0000011920929,20.000000596046448,53.82622718811035,26.486002206802368
stim_66_harmonic.wav,54.99999940395355,60.0,54.011895060539246,20.19959807395935
stim_66_harmonic.wav,40.000000298023224,60.0,32.61315643787384,52.8124737739563
stim_66_harmonic.wav,30.00000089406967,10.000000298023224,43.916725516319275,28.73431921005249
stim_66_harmonic.wav,5.000000037252903,40.000001192092896,5.205491781234741,42.57131338119507
stim_66_harmonic.wav,45.0,49.999998807907104,58.78901124000549,41.64473533630371
stim_66_harmonic.wav,54.99999940395355,20.000000596046448,61.030200719833374,25.368822813034058
stim_66_harmonic.wav,60.00000178813934,0.0,50.10119676589966,19.030741453170776
stim_66_harmonic.wav,25.000001192092896,49.999998807907104,33.363338112831116,29.923776984214783
stim_66_harmonic.wav,84.99999761581421,49.999998807907104,62.718801498413086,34.270970821380615
stim_66_harmonic.wav,70.0000011920929,30.0,75.42545020580292,29.7222501039505
stim_66_harmonic.wav,64.9999988079071,40.000001192092896,48.37685286998749,30.443737506866455
stim_66_harmonic.wav,30.00000089406967,0.0,35.0186687707901,20.550119876861572
stim_66_harmonic.wav,10.000000074505806,20.000000596046448,23.61832022666931,28.705193996429443
stim_66_harmonic.wav,0.0,40.000001192092896,23.449711203575134,33.19654583930969
stim_66_harmonic.wav,64.9999988079071,30.0,53.0565619468689,24.58237051963806
stim_66_harmonic.wav,64.9999988079071,49.999998807907104,55.090545415878296,33.34405303001404
stim_66_harmonic.wav,10.000000074505806,10.000000298023224,8.968030214309692,35.140628814697266
stim_66_harmonic.wav,20.000000149011612,0.0,33.12346279621124,40.88137865066528
stim_66_harmonic.wav,20.000000149011612,20.000000596046448,44.6454119682312,28.26647400856018
stim_66_harmonic.wav,54.99999940395355,0.0,42.234867811203,25.94765067100525
stim_66_harmonic.wav,5.000000037252903,60.0,10.17947405576706,31.252856254577637
stim_66_harmonic.wav,10.000000074505806,0.0,8.47844660282135,36.07003211975098
stim_66_harmonic.wav,35.00000059604645,49.999998807907104,37.06955552101135,31.37261152267456
stim_66_harmonic.wav,35.00000059604645,30.0,42.88841754198074,22.747793197631836
stim_66_harmonic.wav,60.00000178813934,40.000001192092896,57.787935733795166,33.1529974937439
stim_66_harmonic.wav,40.000000298023224,0.0,41.87881797552109,13.010084331035614
stim_66_harmonic.wav,70.0000011920929,40.000001192092896,54.77585256099701,19.960023164749146
stim_66_harmonic.wav,84.99999761581421,49.999998807907104,55.621907114982605,29.051138162612915
stim_66_harmonic.wav,54.99999940395355,49.999998807907104,41.54798895120621,28.22203516960144
stim_66_harmonic.wav,70.0000011920929,10.000000298023224,50.64419388771057,17.57973611354828
stim_66_harmonic.wav,45.0,30.0,44.29939091205597,23.428598642349243
stim_66_harmonic.wav,15.000000447034836,20.000000596046448,23.75144898891449,31.069235801696777
stim_66_harmonic.wav,64.9999988079071,30.0,55.16104459762573,27.48168110847473
stim_66_harmonic.wav,60.00000178813934,10.000000298023224,45.34140229225159,25.481715202331543
stim_66_harmonic.wav,15.000000447034836,60.0,27.05693632364273,28.02958846092224
stim_90_harmonic.wav,25.000001192092896,10.000000298023224,40.556993186473846,26.181213855743408
stim_90_harmonic.wav,35.00000059604645,0.0,47.89196848869324,25.066287517547607
stim_90_harmonic.wav,10.000000074505806,10.000000298023224,40.675412714481354,26.149426102638245
stim_90_harmonic.wav,54.99999940395355,49.999998807907104,40.65107434988022,26.14787757396698
stim_90_harmonic.wav,45.0,40.000001192092896,46.071789264678955,30.0140118598938
stim_90_harmonic.wav,20.000000149011612,40.000001192092896,28.070937395095825,29.77736234664917
stim_90_harmonic.wav,5.000000037252903,10.000000298023224,39.58445101976395,26.213507652282715
stim_90_harmonic.wav,15.000000447034836,49.999998807907104,40.71674019098282,26.126641631126404
stim_90_harmonic.wav,35.00000059604645,60.0,31.11904263496399,30.805238485336304
stim_90_harmonic.wav,0.0,60.0,35.765647888183594,30.960177183151245
stim_90_harmonic.wav,70.0000011920929,49.999998807907104,54.01127815246582,33.081536293029785
stim_90_harmonic.wav,64.9999988079071,60.0,40.751303136348724,26.325597167015076
stim_90_harmonic.wav,54.99999940395355,30.0,41.018110513687134,27.605477571487427
stim_90_harmonic.wav,30.00000089406967,49.999998807907104,40.91672033071518,26.13681435585022
stim_90_harmonic.wav,60.00000178813934,30.0,59.687578082084656,36.623536348342896
stim_90_harmonic.wav,80.00000059604645,60.0,40.86781024932861,26.139400005340576
stim_90_harmonic.wav,35.00000059604645,10.000000298023224,40.85265040397644,26.18005335330963
stim_90_harmonic.wav,45.0,30.0,41.92644864320755,25.20654022693634
stim_90_harmonic.wav,80.00000059604645,49.999998807907104,40.49941152334213,26.39186382293701
stim_90_harmonic.wav,74.99999821186066,10.000000298023224,42.949582636356354,27.671821117401123
stim_90_harmonic.wav,40.000000298023224,49.999998807907104,40.80850392580032,27.179510593414307
stim_90_harmonic.wav,5.000000037252903,40.000001192092896,27.115411162376404,29.14877951145172
stim_90_harmonic.wav,70.0000011920929,10.000000298023224,43.367556631565094,32.4489426612854
stim_90_harmonic.wav,40.000000298023224,0.0,41.89305245876312,27.073933482170105
stim_90_harmonic.wav,74.99999821186066,40.000001192092896,41.33274435997009,26.17067277431488
stim_90_harmonic.wav,50.00000238418579,10.000000298023224,56.270363330841064,31.481287479400635
stim_90_harmonic.wav,40.000000298023224,30.0,41.441682279109955,26.31066083908081
stim_90_harmonic.wav,15.000000447034836,30.0,40.613754093647,26.4987051486969
stim_90_harmonic.wav,50.00000238418579,40.000001192092896,51.461833119392395,30.110092163085938
stim_90_harmonic.wav,54.99999940395355,49.999998807907104,40.63528686761856,26.337634921073914
stim_90_harmonic.wav,64.9999988079071,40.000001192092896,41.28420174121857,25.836326479911804
stim_90_harmonic.wav,54.99999940395355,10.000000298023224,55.7446825504303,34.31957244873047
stim_90_harmonic.wav,80.00000059604645,60.0,40.71384608745575,26.133477687835693
stim_90_harmonic.wav,84.99999761581421,0.0,40.874982476234436,26.156585812568665
stim_90_harmonic.wav,10.000000074505806,10.000000298023224,29.144545197486877,30.89356541633606
stim_90_harmonic.wav,45.0,0.0,53.692578077316284,32.89909601211548
stim_90_harmonic.wav,84.99999761581421,0.0,43.06583225727081,31.952158212661743
stim_90_harmonic.wav,15.000000447034836,10.000000298023224,40.90679079294205,26.43096148967743
stim_90_harmonic.wav,30.00000089406967,30.0,41.04704886674881,26.978538036346436
stim_90_harmonic.wav,35.00000059604645,20.000000596046448,40.85411757230759,26.22882306575775
stim_90_harmonic.wav,74.99999821186066,10.000000298023224,41.571128368377686,26.14068031311035
stim_90_harmonic.wav,0.0,10.000000298023224,41.11003249883652,26.287434697151184
stim_90_harmonic.wav,10.000000074505806,60.0,27.666154503822327,31.886436939239502
stim_90_harmonic.wav,40.000000298023224,30.0,40.96156686544418,26.669522523880005
stim_90_harmonic.wav,25.000001192092896,0.0,34.226690232753754,31.577904224395752
stim_90_harmonic.wav,20.000000149011612,10.000000298023224,40.864878594875336,26.126017570495605
stim_90_harmonic.wav,30.00000089406967,30.0,40.63647776842117,26.188003420829773
stim_90_harmonic.wav,45.0,30.0,40.57754427194595,27.004154920578003
stim_90_harmonic.wav,80.00000059604645,20.000000596046448,40.78046143054962,26.167820692062378
stim_90_harmonic.wav,74.99999821186066,30.0,40.7406359910965,26.116143465042114
stim_90_harmonic.wav,64.9999988079071,40.000001192092896,40.44833958148956,26.152571439743042
stim_90_harmonic.wav,35.00000059604645,40.000001192092896,33.516548573970795,32.8616201877594
stim_90_harmonic.wav,30.00000089406967,40.000001192092896,34.342355132102966,35.25900363922119
stim_90_harmonic.wav,15.000000447034836,60.0,22.212094366550446,33.26648712158203
stim_90_harmonic.wav,60.00000178813934,60.0,37.04441785812378,35.3948450088501
stim_90_harmonic.wav,20.000000149011612,10.000000298023224,40.78578561544418,26.10014498233795
stim_90_harmonic.wav,15.000000447034836,49.999998807907104,27.66909956932068,29.499807357788086
stim_90_harmonic.wav,64.9999988079071,0.0,40.78583121299744,26.175983548164368
stim_90_harmonic.wav,45.0,10.000000298023224,40.64408987760544,26.260099411010742
stim_90_harmonic.wav,54.99999940395355,60.0,37.1444508433342,29.23332989215851
stim_90_harmonic.wav,74.99999821186066,10.000000298023224,49.43443179130554,33.92523407936096
stim_90_harmonic.wav,40.000000298023224,60.0,30.117092728614807,30.48328399658203
stim_90_harmonic.wav,70.0000011920929,30.0,40.78316509723663,27.00374186038971
stim_90_harmonic.wav,0.0,40.000001192092896,40.7918044924736,26.211299300193787
stim_90_harmonic.wav,35.00000059604645,10.000000298023224,42.62513995170593,27.116541266441345
stim_90_harmonic.wav,45.0,60.0,32.455753684043884,29.132999181747437
stim_90_harmonic.wav,70.0000011920929,10.000000298023224,40.53884536027908,26.208819150924683
stim_90_harmonic.wav,35.00000059604645,30.0,40.397109389305115,28.243008255958557
stim_90_harmonic.wav,25.000001192092896,30.0,40.681482553482056,27.113946676254272
stim_90_harmonic.wav,45.0,0.0,50.350438356399536,30.510345697402954
stim_90_harmonic.wav,54.99999940395355,60.0,40.79222559928894,26.087182760238647
stim_90_harmonic.wav,80.00000059604645,49.999998807907104,40.632789731025696,26.668877005577087
stim_90_harmonic.wav,0.0,30.0,40.249534249305725,26.785467267036438
stim_90_harmonic.wav,64.9999988079071,20.000000596046448,55.28846025466919,27.58574366569519
stim_90_harmonic.wav,60.00000178813934,49.999998807907104,48.11217784881592,32.639111280441284
stim_90_harmonic.wav,50.00000238418579,60.0,41.02425277233124,25.95209777355194
stim_90_harmonic.wav,10.000000074505806,20.000000596046448,40.60466676950455,26.164321303367615
stim_90_harmonic.wav,60.00000178813934,60.0,40.73527157306671,26.111639142036438
stim_90_harmonic.wav,45.0,0.0,40.53737550973892,26.25425398349762
stim_90_harmonic.wav,5.000000037252903,40.000001192092896,32.158256471157074,27.340670228004456
stim_90_harmonic.wav,5.000000037252903,49.999998807907104,35.38141876459122,26.833280324935913
stim_90_harmonic.wav,0.0,49.999998807907104,40.63046157360077,26.18553400039673
stim_90_harmonic.wav,25.000001192092896,0.0,40.71690917015076,26.239598393440247
stim_90_harmonic.wav,25.000001192092896,49.999998807907104,40.702720284461975,26.14974081516266
stim_90_harmonic.wav,45.0,10.000000298023224,42.456394135951996,26.333014369010925
stim_90_harmonic.wav,25.000001192092896,10.000000298023224,33.826292753219604,30.733541250228882
stim_90_harmonic.wav,80.00000059604645,60.0,40.82591414451599,26.100475788116455
stim_90_harmonic.wav,5.000000037252903,10.000000298023224,41.47295951843262,26.169623136520386
stim_90_harmonic.wav,80.00000059604645,0.0,40.48126369714737,26.294336915016174
stim_90_harmonic.wav,25.000001192092896,20.000000596046448,40.630831718444824,27.023695707321167
stim_90_harmonic.wav,90.0,0.0,47.3902827501297,25.233643054962158
stim_90_harmonic.wav,80.00000059604645,49.999998807907104,58.229389786720276,37.08043098449707
stim_90_harmonic.wav,70.0000011920929,20.000000596046448,41.90673440694809,26.262672543525696
stim_90_harmonic.wav,40.000000298023224,60.0,40.823044180870056,26.07192814350128
stim_90_harmonic.wav,50.00000238418579,30.0,40.71577727794647,26.138693690299988
stim_90_harmonic.wav,40.000000298023224,40.000001192092896,40.13878047466278,33.15434217453003
stim_90_harmonic.wav,15.000000447034836,40.000001192092896,40.79680144786835,26.12584412097931
stim_90_harmonic.wav,64.9999988079071,49.999998807907104,40.63386529684067,26.153976917266846
stim_90_harmonic.wav,20.000000149011612,49.999998807907104,40.74444741010666,26.2014502286911
stim_90_harmonic.wav,70.0000011920929,40.000001192092896,58.07172954082489,28.907833099365234
stim_90_harmonic.wav,15.000000447034836,10.000000298023224,40.57356655597687,26.175341606140137
stim_90_harmonic.wav,40.000000298023224,49.999998807907104,39.17176365852356,31.020684242248535
stim_90_harmonic.wav,10.000000074505806,40.000001192092896,40.67757725715637,26.138488054275513
stim_90_harmonic.wav,64.9999988079071,0.0,47.74855077266693,26.402379870414734
stim_90_harmonic.wav,64.9999988079071,60.0,40.71606695652008,26.12943470478058
stim_90_harmonic.wav,15.000000447034836,30.0,22.55109339952469,29.485954642295837
stim_90_harmonic.wav,60.00000178813934,0.0,40.681651532649994,26.137043237686157
stim_90_harmonic.wav,25.000001192092896,10.000000298023224,40.634549260139465,26.153733730316162
stim_90_harmonic.wav,20.000000149011612,10.000000298023224,40.83200544118881,27.317692637443542
stim_90_harmonic.wav,35.00000059604645,30.0,40.55558234453201,26.266196966171265
stim_90_harmonic.wav,5.000000037252903,49.999998807907104,40.80249309539795,26.114160418510437
stim_90_harmonic.wav,64.9999988079071,20.000000596046448,50.05103945732117,32.974820137023926
stim_90_harmonic.wav,15.000000447034836,60.0,40.97520589828491,26.09704613685608
stim_90_harmonic.wav,84.99999761581421,0.0,40.90551674365997,27.844988107681274
stim_90_harmonic.wav,30.00000089406967,60.0,33.17797601222992,26.443031430244446
stim_90_harmonic.wav,45.0,40.000001192092896,46.02480232715607,30.91259479522705
stim_90_harmonic.wav,54.99999940395355,40.000001192092896,40.59991657733917,26.167126893997192
stim_90_harmonic.wav,60.00000178813934,49.999998807907104,40.7825830578804,27.253233790397644
stim_90_harmonic.wav,50.00000238418579,0.0,54.94455814361572,33.948869705200195
stim_90_harmonic.wav,54.99999940395355,20.000000596046448,51.78850471973419,30.551565885543823
stim_90_harmonic.wav,70.0000011920929,49.999998807907104,40.61865717172623,26.26449465751648
stim_90_harmonic.wav,40.000000298023224,40.000001192092896,40.70711374282837,26.128022074699402
stim_90_harmonic.wav,5.000000037252903,10.000000298023224,41.308059990406036,26.438729166984558
stim_90_harmonic.wav,45.0,49.999998807907104,40.676153004169464,26.13798201084137
stim_90_harmonic.wav,40.000000298023224,0.0,43.060427606105804,29.246941208839417
stim_90_harmonic.wav,40.000000298023224,49.999998807907104,41.91880702972412,26.174495816230774
stim_90_harmonic.wav,50.00000238418579,40.000001192092896,40.779855251312256,26.137914061546326
stim_90_harmonic.wav,20.000000149011612,0.0,40.6096288561821,26.16256356239319
stim_90_harmonic.wav,60.00000178813934,10.000000298023224,41.63690149784088,25.670742988586426
stim_90_harmonic.wav,70.0000011920929,40.000001192092896,55.33268451690674,33.29983949661255
stim_90_harmonic.wav,50.00000238418579,49.999998807907104,40.65947502851486,26.144902110099792
stim_90_harmonic.wav,35.00000059604645,60.0,40.55230736732483,26.026997566223145
stim_90_harmonic.wav,50.00000238418579,20.000000596046448,58.52797865867615,37.697049379348755
stim_90_harmonic.wav,74.99999821186066,10.000000298023224,41.51125341653824,26.139147877693176
stim_90_harmonic.wav,54.99999940395355,10.000000298023224,40.739450454711914,26.15157902240753
stim_90_harmonic.wav,54.99999940395355,30.0,49.69342589378357,32.814295291900635
stim_90_harmonic.wav,50.00000238418579,0.0,40.413688123226166,26.96012556552887
stim_76_harmonic.wav,45.0,30.0,46.046335101127625,32.01030492782593
stim_76_harmonic.wav,50.00000238418579,30.0,45.310524702072144,29.18965458869934
stim_76_harmonic.wav,84.99999761581421,10.000000298023224,70.08105218410492,16.45455837249756
stim_76_harmonic.wav,60.00000178813934,30.0,37.21938371658325,27.02844500541687
stim_76_harmonic.wav,0.0,60.0,6.929704248905182,26.164158582687378
stim_76_harmonic.wav,15.000000447034836,60.0,44.03807669878006,27.21595823764801
stim_76_harmonic.wav,35.00000059604645,60.0,27.45060682296753,30.982307195663452
stim_76_harmonic.wav,0.0,0.0,20.21330952644348,25.24609386920929
stim_76_harmonic.wav,15.000000447034836,10.000000298023224,22.91297435760498,24.40049171447754
stim_76_harmonic.wav,40.000000298023224,30.0,54.67279672622681,26.609137058258057
stim_76_harmonic.wav,50.00000238418579,40.000001192092896,56.71968698501587,19.88961696624756
stim_76_harmonic.wav,70.0000011920929,40.000001192092896,59.91643488407135,29.799352884292603
stim_76_harmonic.wav,40.000000298023224,20.000000596046448,44.48165774345398,24.706653356552124
stim_76_harmonic.wav,25.000001192092896,30.0,29.109995663166046,31.680171489715576
stim_76_harmonic.wav,35.00000059604645,40.000001192092896,42.35821187496185,33.51904034614563
stim_76_harmonic.wav,80.00000059604645,20.000000596046448,59.75746035575867,21.75050139427185
stim_76_harmonic.wav,64.9999988079071,40.000001192092896,39.384398460388184,29.161176681518555
stim_76_harmonic.wav,25.000001192092896,30.0,41.45657390356064,29.81856107711792
stim_76_harmonic.wav,10.000000074505806,40.000001192092896,41.29657745361328,25.334880352020264
stim_76_harmonic.wav,80.00000059604645,30.0,40.60716927051544,27.933987379074097
stim_76_harmonic.wav,15.000000447034836,20.000000596046448,46.63863658905029,30.31399369239807
stim_76_harmonic.wav,30.00000089406967,30.0,41.87311291694641,31.65607452392578
stim_76_harmonic.wav,84.99999761581421,10.000000298023224,55.724061727523804,15.385490655899048
stim_76_harmonic.wav,90.0,60.0,43.71041536331177,25.432117581367493
stim_76_harmonic.wav,84.99999761581421,49.999998807907104,65.65153419971466,35.708760023117065
stim_76_harmonic.wav,25.000001192092896,0.0,40.19757717847824,28.21544051170349
stim_76_harmonic.wav,10.000000074505806,20.000000596046448,16.21760129928589,26.202333569526672
stim_76_harmonic.wav,5.000000037252903,10.000000298023224,33.24629992246628,28.566412925720215
stim_76_harmonic.wav,5.000000037252903,49.999998807907104,34.81914460659027,27.669891715049744
stim_76_harmonic.wav,80.00000059604645,60.0,41.66634947061539,27.488486766815186
stim_76_harmonic.wav,70.0000011920929,20.000000596046448,50.77509105205536,24.866657853126526
stim_76_harmonic.wav,64.9999988079071,0.0,60.36571025848389,9.417466521263123
stim_76_harmonic.wav,40.000000298023224,0.0,46.55854046344757,24.42153811454773
stim_76_harmonic.wav,15.000000447034836,10.000000298023224,39.56184804439545,27.103580832481384
stim_76_harmonic.wav,0.0,20.000000596046448,24.145269691944122,26.64182424545288
stim_76_harmonic.wav,20.000000149011612,0.0,26.082092821598053,20.54303526878357
stim_76_harmonic.wav,10.000000074505806,10.000000298023224,44.79876458644867,26.938785910606384
stim_76_harmonic.wav,0.0,40.000001192092896,7.150329351425171,26.40817701816559
stim_76_harmonic.wav,70.0000011920929,30.0,46.09809637069702,23.71267318725586
stim_76_harmonic.wav,54.99999940395355,40.000001192092896,49.358959794044495,24.95438039302826
stim_76_harmonic.wav,10.000000074505806,30.0,16.261093318462372,27.826706171035767
stim_76_harmonic.wav,25.000001192092896,40.000001192092896,30.27972310781479,27.056313157081604
stim_76_harmonic.wav,30.00000089406967,60.0,43.52029502391815,26.24138116836548
stim_76_harmonic.wav,35.00000059604645,0.0,50.657803416252136,32.44530916213989
stim_76_harmonic.wav,74.99999821186066,30.0,43.408760726451874,30.40166974067688
stim_76_harmonic.wav,50.00000238418579,60.0,41.95373207330704,26.52413249015808
stim_76_harmonic.wav,0.0,60.0,6.140584945678711,31.052716970443726
stim_76_harmonic.wav,0.0,30.0,8.832165598869324,23.338866233825684
stim_76_harmonic.wav,15.000000447034836,40.000001192092896,40.79721987247467,28.682252168655396
stim_76_harmonic.wav,54.99999940395355,20.000000596046448,42.37646967172623,25.626567006111145
stim_76_harmonic.wav,60.00000178813934,0.0,44.1240119934082,25.566787719726562
stim_76_harmonic.wav,80.00000059604645,40.000001192092896,66.50016903877258,32.38688349723816
stim_76_harmonic.wav,60.00000178813934,40.000001192092896,51.96929097175598,30.854344367980957
stim_76_harmonic.wav,60.00000178813934,49.999998807907104,45.115490555763245,27.596606612205505
stim_76_harmonic.wav,54.99999940395355,10.000000298023224,58.88253450393677,22.180230617523193
stim_76_harmonic.wav,84.99999761581421,20.000000596046448,70.12602746486664,20.9945547580719
stim_76_harmonic.wav,25.000001192092896,0.0,28.631519079208374,30.087647438049316
stim_76_harmonic.wav,0.0,30.0,25.653714537620544,27.09275186061859
stim_76_harmonic.wav,64.9999988079071,10.000000298023224,41.66854351758957,26.5997314453125
stim_76_harmonic.wav,40.000000298023224,40.000001192092896,36.76888257265091,37.155858278274536
stim_76_harmonic.wav,10.000000074505806,30.0,43.1243634223938,25.87963879108429
stim_76_harmonic.wav,10.000000074505806,40.000001192092896,46.64640426635742,33.23535203933716
stim_76_harmonic.wav,80.00000059604645,40.000001192092896,44.46837544441223,24.00305986404419
stim_76_harmonic.wav,45.0,49.999998807907104,44.870046973228455,42.2243070602417
stim_76_harmonic.wav,15.000000447034836,60.0,37.3330020904541,26.314462423324585
stim_76_harmonic.wav,20.000000149011612,49.999998807907104,31.473389267921448,36.758902072906494
stim_76_harmonic.wav,30.00000089406967,20.000000596046448,38.01064610481262,33.1961989402771
stim_76_harmonic.wav,84.99999761581421,40.000001192092896,59.614933133125305,25.379873514175415
stim_76_harmonic.wav,80.00000059604645,30.0,43.2582351565361,25.389068126678467
stim_76_harmonic.wav,10.000000074505806,20.000000596046448,34.92071717977524,28.98766279220581
stim_76_harmonic.wav,0.0,40.000001192092896,30.591049790382385,26.034632921218872
stim_76_harmonic.wav,70.0000011920929,0.0,44.260694682598114,27.051663994789124
stim_76_harmonic.wav,30.00000089406967,20.000000596046448,40.61617076396942,27.960509061813354
stim_76_harmonic.wav,10.000000074505806,40.000001192092896,13.767170011997223,26.354933381080627
stim_76_harmonic.wav,54.99999940395355,10.000000298023224,41.176014840602875,31.40440821647644
stim_76_harmonic.wav,74.99999821186066,0.0,58.718061447143555,14.174990952014923
stim_76_harmonic.wav,74.99999821186066,40.000001192092896,45.07271468639374,25.075496435165405
stim_76_harmonic.wav,0.0,0.0,19.014536440372467,25.776443481445312
stim_76_harmonic.wav,0.0,0.0,8.632421493530273,27.298584580421448
stim_76_harmonic.wav,80.00000059604645,60.0,46.99854612350464,32.49698996543884
stim_76_harmonic.wav,15.000000447034836,40.000001192092896,38.37896704673767,30.397228002548218
stim_76_harmonic.wav,64.9999988079071,20.000000596046448,43.6544269323349,26.036794781684875
stim_76_harmonic.wav,60.00000178813934,20.000000596046448,58.62423777580261,21.64745271205902
stim_76_harmonic.wav,35.00000059604645,20.000000596046448,41.05411648750305,19.82552468776703
stim_76_harmonic.wav,25.000001192092896,30.0,29.82912540435791,22.292892336845398
stim_76_harmonic.wav,0.0,20.000000596046448,11.441831588745117,25.64965009689331
stim_76_harmonic.wav,25.000001192092896,30.0,29.93191570043564,26.897109746932983
stim_76_harmonic.wav,30.00000089406967,0.0,24.13432091474533,27.169722318649292
stim_76_harmonic.wav,40.000000298023224,40.000001192092896,24.513236582279205,23.81928563117981
stim_76_harmonic.wav,64.9999988079071,30.0,60.85418879985809,26.07106626033783
stim_76_harmonic.wav,54.99999940395355,40.000001192092896,47.662843465805054,21.850744485855103
stim_76_harmonic.wav,40.000000298023224,60.0,30.92434912919998,37.35051870346069
stim_76_harmonic.wav,70.0000011920929,10.000000298023224,60.60639023780823,12.717488408088684
stim_76_harmonic.wav,20.000000149011612,30.0,25.845959186553955,32.604711055755615
stim_76_harmonic.wav,20.000000149011612,0.0,38.33834767341614,29.72728729248047
stim_76_harmonic.wav,45.0,30.0,51.41768932342529,27.14233696460724
stim_76_harmonic.wav,20.000000149011612,40.000001192092896,45.79155743122101,25.30267059803009
stim_76_harmonic.wav,45.0,10.000000298023224,47.171940207481384,26.142607927322388
stim_76_harmonic.wav,54.99999940395355,20.000000596046448,55.28777897357941,22.642073035240173
stim_76_harmonic.wav,54.99999940395355,49.999998807907104,39.97569411993027,28.822200894355774
stim_76_harmonic.wav,25.000001192092896,0.0,32.82894015312195,33.75485301017761
stim_76_harmonic.wav,74.99999821186066,30.0,41.94887727499008,25.562528371810913
stim_76_harmonic.wav,35.00000059604645,49.999998807907104,32.42763876914978,39.06040906906128
stim_76_harmonic.wav,74.99999821186066,30.0,57.95193672180176,25.2964586019516
stim_76_harmonic.wav,60.00000178813934,30.0,37.74203360080719,27.14118719100952
stim_76_harmonic.wav,40.000000298023224,49.999998807907104,43.62402945756912,33.5583758354187
stim_76_harmonic.wav,84.99999761581421,40.000001192092896,62.79693424701691,29.963897466659546
stim_76_harmonic.wav,84.99999761581421,60.0,43.95928144454956,29.909836649894714
stim_76_harmonic.wav,80.00000059604645,0.0,62.30597734451294,9.867517948150635
stim_76_harmonic.wav,0.0,49.999998807907104,6.808986067771912,27.997841835021973
stim_76_harmonic.wav,60.00000178813934,20.000000596046448,51.843608021736145,25.319049954414368
stim_76_harmonic.wav,30.00000089406967,10.000000298023224,44.73399460315704,29.407898783683777
stim_76_harmonic.wav,25.000001192092896,30.0,41.101578176021576,29.28277552127838
stim_76_harmonic.wav,40.000000298023224,0.0,42.43364095687866,26.04968011379242
stim_76_harmonic.wav,35.00000059604645,60.0,31.48534119129181,37.46196269989014
stim_76_harmonic.wav,60.00000178813934,0.0,44.93263363838196,25.266730785369873
stim_76_harmonic.wav,50.00000238418579,20.000000596046448,45.17770707607269,26.799761652946472
stim_76_harmonic.wav,20.000000149011612,10.000000298023224,42.34108865261078,24.675825834274292
stim_76_harmonic.wav,25.000001192092896,0.0,32.4132165312767,29.2265385389328
stim_76_harmonic.wav,60.00000178813934,0.0,57.226876616477966,12.49732106924057
stim_76_harmonic.wav,30.00000089406967,0.0,45.961443185806274,28.466777801513672
stim_76_harmonic.wav,40.000000298023224,0.0,46.56904399394989,26.037245392799377
stim_76_harmonic.wav,70.0000011920929,10.000000298023224,40.81574589014053,25.898764729499817
stim_76_harmonic.wav,84.99999761581421,49.999998807907104,46.80905342102051,26.870723962783813
stim_76_harmonic.wav,15.000000447034836,20.000000596046448,21.815411746501923,24.24550473690033
stim_76_harmonic.wav,50.00000238418579,0.0,40.835427939891815,29.506890177726746
stim_76_harmonic.wav,64.9999988079071,60.0,39.223892390728,28.499364852905273
stim_76_harmonic.wav,80.00000059604645,10.000000298023224,65.74668288230896,15.21915078163147
stim_76_harmonic.wav,84.99999761581421,40.000001192092896,46.12337350845337,26.89240872859955
stim_76_harmonic.wav,54.99999940395355,60.0,40.38511723279953,26.475090980529785
stim_76_harmonic.wav,45.0,40.000001192092896,43.495342433452606,28.388893604278564
stim_76_harmonic.wav,50.00000238418579,40.000001192092896,48.79226803779602,30.429790019989014
stim_76_harmonic.wav,74.99999821186066,20.000000596046448,50.03099262714386,21.181883811950684
stim_76_harmonic.wav,40.000000298023224,49.999998807907104,41.54597461223602,31.847147941589355
stim_76_harmonic.wav,20.000000149011612,0.0,43.33976089954376,26.56350016593933
stim_87_harmonic.wav,50.00000238418579,20.000000596046448,40.13122737407684,26.587032079696655
stim_87_harmonic.wav,70.0000011920929,49.999998807907104,54.8707115650177,37.11205244064331
stim_87_harmonic.wav,0.0,10.000000298023224,41.20765954256058,27.001753449440002
stim_87_harmonic.wav,40.000000298023224,49.999998807907104,41.679494976997375,26.89852774143219
stim_87_harmonic.wav,10.000000074505806,30.0,39.91486430168152,26.31922423839569
stim_87_harmonic.wav,80.00000059604645,49.999998807907104,42.34771102666855,27.065895795822144
stim_87_harmonic.wav,74.99999821186066,10.000000298023224,57.63833284378052,20.27559220790863
stim_87_harmonic.wav,70.0000011920929,20.000000596046448,58.8203501701355,27.52375066280365
stim_87_harmonic.wav,5.000000037252903,40.000001192092896,39.9418768286705,26.51698350906372
stim_87_harmonic.wav,45.0,0.0,40.88123470544815,26.130155324935913
stim_87_harmonic.wav,60.00000178813934,10.000000298023224,41.07093393802643,25.984121561050415
stim_87_harmonic.wav,70.0000011920929,40.000001192092896,42.187392711639404,30.932210683822632
stim_87_harmonic.wav,25.000001192092896,49.999998807907104,39.67346549034119,28.947545886039734
stim_87_harmonic.wav,0.0,60.0,39.81942057609558,26.6640704870224
stim_87_harmonic.wav,5.000000037252903,40.000001192092896,27.767893373966217,29.442204236984253
stim_87_harmonic.wav,25.000001192092896,60.0,37.8610834479332,33.80250334739685
stim_87_harmonic.wav,35.00000059604645,49.999998807907104,41.049698889255524,26.850321292877197
stim_87_harmonic.wav,64.9999988079071,49.999998807907104,52.98775255680084,37.092483043670654
stim_87_harmonic.wav,70.0000011920929,40.000001192092896,54.796183705329895,33.45993161201477
stim_87_harmonic.wav,30.00000089406967,10.000000298023224,40.17933011054993,26.526553630828857
stim_87_harmonic.wav,40.000000298023224,60.0,39.5791831612587,29.03788983821869
stim_87_harmonic.wav,70.0000011920929,40.000001192092896,41.567998230457306,26.013949513435364
stim_87_harmonic.wav,64.9999988079071,60.0,40.4972979426384,26.945754289627075
stim_87_harmonic.wav,5.000000037252903,20.000000596046448,22.808207273483276,30.13804793357849
stim_87_harmonic.wav,5.000000037252903,30.0,39.72098350524902,26.522621512413025
stim_87_harmonic.wav,40.000000298023224,30.0,42.35414296388626,28.746837973594666
stim_87_harmonic.wav,30.00000089406967,10.000000298023224,40.69087564945221,26.175658106803894
stim_87_harmonic.wav,25.000001192092896,40.000001192092896,40.80520212650299,26.283055543899536
stim_87_harmonic.wav,90.0,49.999998807907104,40.143310725688934,26.73884689807892
stim_87_harmonic.wav,50.00000238418579,20.000000596046448,40.81973969936371,26.230199933052063
stim_87_harmonic.wav,20.000000149011612,30.0,39.97507721185684,26.384541392326355
stim_87_harmonic.wav,45.0,49.999998807907104,41.92309856414795,26.06143355369568
stim_87_harmonic.wav,10.000000074505806,0.0,40.583257377147675,26.286649703979492
stim_87_harmonic.wav,10.000000074505806,60.0,40.5206760764122,26.416704654693604
stim_87_harmonic.wav,15.000000447034836,20.000000596046448,39.73473787307739,26.86398983001709
stim_87_harmonic.wav,80.00000059604645,0.0,41.17632329463959,26.219980716705322
stim_87_harmonic.wav,74.99999821186066,30.0,41.37981176376343,27.183483839035034
stim_87_harmonic.wav,50.00000238418579,30.0,41.31801635026932,26.45239770412445
stim_87_harmonic.wav,10.000000074505806,30.0,40.19329369068146,26.43414795398712
stim_87_harmonic.wav,70.0000011920929,20.000000596046448,42.50932216644287,27.532652020454407
stim_87_harmonic.wav,25.000001192092896,10.000000298023224,39.995451271533966,28.717408776283264
stim_87_harmonic.wav,70.0000011920929,40.000001192092896,40.16445189714432,28.737135529518127
stim_87_harmonic.wav,64.9999988079071,60.0,40.97790151834488,26.318196058273315
stim_87_harmonic.wav,60.00000178813934,20.000000596046448,56.96957767009735,29.045398235321045
stim_87_harmonic.wav,40.000000298023224,0.0,43.606849908828735,26.5500408411026
stim_87_harmonic.wav,5.000000037252903,49.999998807907104,22.969461679458618,29.18495535850525
stim_87_harmonic.wav,0.0,30.0,23.50909262895584,26.903371810913086
stim_87_harmonic.wav,10.000000074505806,10.000000298023224,29.607859253883362,24.8876953125
stim_87_harmonic.wav,84.99999761581421,60.0,40.30676990747452,26.585161685943604
stim_87_harmonic.wav,74.99999821186066,49.999998807907104,41.943056881427765,26.99813425540924
stim_87_harmonic.wav,30.00000089406967,0.0,37.36747920513153,27.563703060150146
stim_87_harmonic.wav,45.0,30.0,42.342569231987,27.979795932769775
stim_87_harmonic.wav,0.0,30.0,41.19688779115677,26.005123257637024
stim_87_harmonic.wav,60.00000178813934,0.0,64.98505353927612,23.600192070007324
stim_87_harmonic.wav,80.00000059604645,40.000001192092896,39.57465022802353,28.732688426971436
stim_87_harmonic.wav,25.000001192092896,30.0,41.43449932336807,26.739370822906494
stim_87_harmonic.wav,20.000000149011612,40.000001192092896,33.482696413993835,36.437305212020874
stim_87_harmonic.wav,64.9999988079071,10.000000298023224,41.02854162454605,26.36091113090515
stim_87_harmonic.wav,74.99999821186066,20.000000596046448,54.917231798172,26.239206790924072
stim_87_harmonic.wav,84.99999761581421,30.0,55.300771594047546,30.319744348526
stim_87_harmonic.wav,0.0,30.0,15.219575464725494,27.16146469116211
stim_87_harmonic.wav,10.000000074505806,60.0,20.835290998220444,28.368186950683594
stim_87_harmonic.wav,30.00000089406967,60.0,31.537966132164,34.57121729850769
stim_87_harmonic.wav,10.000000074505806,20.000000596046448,30.613328218460083,28.224071860313416
stim_87_harmonic.wav,54.99999940395355,49.999998807907104,46.677024364471436,33.935508728027344
stim_87_harmonic.wav,20.000000149011612,0.0,31.839626133441925,30.674926042556763
stim_87_harmonic.wav,20.000000149011612,10.000000298023224,40.518578588962555,26.25404119491577
stim_87_harmonic.wav,40.000000298023224,30.0,41.4194655418396,25.913044810295105
stim_87_harmonic.wav,5.000000037252903,0.0,40.72960406541824,26.366631388664246
stim_87_harmonic.wav,54.99999940395355,40.000001192092896,51.94791376590729,34.60967302322388
stim_87_harmonic.wav,54.99999940395355,60.0,42.76449143886566,48.47597122192383
stim_87_harmonic.wav,25.000001192092896,60.0,28.969474732875824,29.85192060470581
stim_87_harmonic.wav,40.000000298023224,10.000000298023224,40.74074327945709,26.79619789123535
stim_87_harmonic.wav,70.0000011920929,30.0,57.93162703514099,30.990943908691406
stim_87_harmonic.wav,74.99999821186066,10.000000298023224,41.233923733234406,28.126037120819092
stim_87_harmonic.wav,20.000000149011612,20.000000596046448,34.213072657585144,36.631704568862915
stim_87_harmonic.wav,40.000000298023224,30.0,48.497021198272705,33.981220722198486
stim_87_harmonic.wav,15.000000447034836,10.000000298023224,41.522792279720306,26.585506796836853
stim_87_harmonic.wav,45.0,49.999998807907104,40.66417694091797,26.222614645957947
stim_87_harmonic.wav,0.0,20.000000596046448,21.39721781015396,27.08036184310913
stim_87_harmonic.wav,15.000000447034836,49.999998807907104,40.24047374725342,26.220345497131348
stim_87_harmonic.wav,35.00000059604645,0.0,43.83512198925018,33.40996742248535
stim_87_harmonic.wav,35.00000059604645,60.0,35.83433121442795,45.881266593933105
stim_87_harmonic.wav,80.00000059604645,60.0,40.132045447826385,27.33305275440216
stim_87_harmonic.wav,10.000000074505806,30.0,40.64345955848694,26.292078495025635
stim_87_harmonic.wav,60.00000178813934,10.000000298023224,40.64050376415253,26.78544580936432
stim_87_harmonic.wav,35.00000059604645,20.000000596046448,42.356787621974945,32.70385265350342
stim_87_harmonic.wav,30.00000089406967,40.000001192092896,43.10578912496567,52.036471366882324
stim_87_harmonic.wav,54.99999940395355,49.999998807907104,41.39974057674408,26.532992720603943
stim_87_harmonic.wav,80.00000059604645,30.0,41.732913851737976,28.605512380599976
stim_87_harmonic.wav,90.0,40.000001192092896,56.5396785736084,29.993074536323547
stim_87_harmonic.wav,64.9999988079071,20.000000596046448,40.86949735879898,28.32151472568512
stim_87_harmonic.wav,50.00000238418579,40.000001192092896,40.76357424259186,26.220179200172424
stim_87_harmonic.wav,0.0,0.0,41.834937036037445,27.896949648857117
stim_87_harmonic.wav,20.000000149011612,10.000000298023224,39.58719491958618,26.673322319984436
stim_87_harmonic.wav,40.000000298023224,40.000001192092896,40.66081345081329,26.1845862865448
stim_87_harmonic.wav,90.0,20.000000596046448,42.61821985244751,26.912044286727905
stim_87_harmonic.wav,30.00000089406967,40.000001192092896,51.94561243057251,53.804311752319336
stim_87_harmonic.wav,15.000000447034836,0.0,40.3256955742836,26.130995750427246
stim_87_harmonic.wav,20.000000149011612,49.999998807907104,40.84798604249954,28.009119629859924
stim_87_harmonic.wav,35.00000059604645,60.0,39.73023980855942,26.24615728855133
stim_87_harmonic.wav,45.0,60.0,40.86028665304184,28.250872492790222
stim_87_harmonic.wav,15.000000447034836,20.000000596046448,27.156183421611786,28.856855034828186
stim_87_harmonic.wav,0.0,0.0,40.26785910129547,26.59174919128418
stim_87_harmonic.wav,74.99999821186066,20.000000596046448,56.13040566444397,27.03814387321472
stim_87_harmonic.wav,20.000000149011612,60.0,41.07546150684357,26.238727569580078
stim_87_harmonic.wav,10.000000074505806,0.0,40.54318517446518,26.186106204986572
stim_87_harmonic.wav,54.99999940395355,30.0,46.814112067222595,26.21276557445526
stim_87_harmonic.wav,20.000000149011612,60.0,29.970957934856415,31.820390224456787
stim_87_harmonic.wav,35.00000059604645,10.000000298023224,40.408200323581696,26.30055069923401
stim_87_harmonic.wav,40.000000298023224,20.000000596046448,40.446757078170776,26.316468715667725
stim_87_harmonic.wav,25.000001192092896,0.0,40.83579272031784,26.15646779537201
stim_87_harmonic.wav,70.0000011920929,49.999998807907104,59.89724636077881,43.49623203277588
stim_73_harmonic.wav,70.0000011920929,60.0,56.27138793468475,46.164647340774536
stim_73_harmonic.wav,30.00000089406967,60.0,31.087566912174225,45.96847057342529
stim_73_harmonic.wav,25.000001192092896,49.999998807907104,34.476197361946106,58.81194591522217
stim_73_harmonic.wav,50.00000238418579,60.0,49.92145121097565,20.675042867660522
stim_73_harmonic.wav,20.000000149011612,40.000001192092896,38.738782703876495,29.751030206680298
stim_73_harmonic.wav,0.0,10.000000298023224,31.108356714248657,28.29511821269989
stim_73_harmonic.wav,10.000000074505806,10.000000298023224,10.624970197677612,33.97906422615051
stim_73_harmonic.wav,10.000000074505806,49.999998807907104,7.489162087440491,46.20804190635681
stim_73_harmonic.wav,64.9999988079071,40.000001192092896,54.91493582725525,21.579601764678955
stim_73_harmonic.wav,15.000000447034836,20.000000596046448,19.038956612348557,28.63056778907776
stim_73_harmonic.wav,30.00000089406967,20.000000596046448,45.54455816745758,27.603912949562073
stim_73_harmonic.wav,80.00000059604645,60.0,41.33773058652878,41.922701597213745
stim_73_harmonic.wav,30.00000089406967,0.0,38.09682011604309,37.10248947143555
stim_73_harmonic.wav,15.000000447034836,40.000001192092896,32.04772800207138,36.65438175201416
stim_73_harmonic.wav,30.00000089406967,30.0,36.15327000617981,43.94152522087097
stim_73_harmonic.wav,45.0,10.000000298023224,52.11296081542969,24.501702189445496
stim_73_harmonic.wav,20.000000149011612,49.999998807907104,33.03338348865509,52.31220602989197
stim_73_harmonic.wav,50.00000238418579,30.0,43.79426658153534,25.289264917373657
stim_73_harmonic.wav,74.99999821186066,60.0,51.808165311813354,31.639262437820435
stim_73_harmonic.wav,35.00000059604645,40.000001192092896,45.22228538990021,50.68337917327881
stim_73_harmonic.wav,15.000000447034836,10.000000298023224,35.964356660842896,25.967196822166443
stim_73_harmonic.wav,54.99999940395355,30.0,59.926283955574036,29.51571822166443
stim_73_harmonic.wav,10.000000074505806,30.0,37.532046139240265,27.771679759025574
stim_73_harmonic.wav,64.9999988079071,49.999998807907104,44.67233598232269,27.744582295417786
stim_73_harmonic.wav,40.000000298023224,60.0,33.972870111465454,54.8047935962677
stim_73_harmonic.wav,5.000000037252903,20.000000596046448,26.848182678222656,31.257054805755615
stim_73_harmonic.wav,80.00000059604645,0.0,69.76858019828796,8.873863220214844
stim_73_harmonic.wav,64.9999988079071,40.000001192092896,47.619139552116394,18.060901165008545
stim_73_harmonic.wav,45.0,49.999998807907104,44.4904500246048,30.66436529159546
stim_73_harmonic.wav,50.00000238418579,10.000000298023224,52.065078020095825,6.7115092277526855
stim_73_harmonic.wav,64.9999988079071,20.000000596046448,53.01780939102173,20.857819318771362
stim_73_harmonic.wav,54.99999940395355,0.0,53.31332981586456,8.984488248825073
stim_73_harmonic.wav,54.99999940395355,49.999998807907104,52.02481806278229,51.0904598236084
stim_73_harmonic.wav,15.000000447034836,40.000001192092896,28.320782482624054,35.168362855911255
stim_73_harmonic.wav,84.99999761581421,40.000001192092896,72.53450632095337,34.15769577026367
stim_73_harmonic.wav,84.99999761581421,10.000000298023224,42.37634629011154,25.6152606010437
stim_73_harmonic.wav,45.0,20.000000596046448,44.94275629520416,19.29111957550049
stim_73_harmonic.wav,0.0,49.999998807907104,24.701380133628845,32.156245708465576
stim_73_harmonic.wav,74.99999821186066,60.0,44.9545419216156,28.912460803985596
stim_73_harmonic.wav,25.000001192092896,60.0,45.19349992275238,40.62290668487549
stim_73_harmonic.wav,5.000000037252903,0.0,25.147613883018494,32.283833026885986
stim_73_harmonic.wav,64.9999988079071,49.999998807907104,45.51286518573761,27.047395706176758
stim_73_harmonic.wav,84.99999761581421,40.000001192092896,73.70649218559265,36.29558801651001
stim_73_harmonic.wav,35.00000059604645,10.000000298023224,46.938228607177734,19.162543416023254
stim_73_harmonic.wav,70.0000011920929,30.0,70.60377717018127,29.19788360595703
stim_73_harmonic.wav,10.000000074505806,0.0,28.23560357093811,33.3317756652832
stim_73_harmonic.wav,35.00000059604645,60.0,38.12837898731232,43.04400086402893
stim_73_harmonic.wav,30.00000089406967,10.000000298023224,43.02081137895584,26.90660297870636
stim_73_harmonic.wav,84.99999761581421,0.0,42.81151592731476,24.5341694355011
stim_73_harmonic.wav,50.00000238418579,30.0,54.60624575614929,31.087231636047363
stim_73_harmonic.wav,40.000000298023224,0.0,42.80395746231079,30.52233338356018
stim_73_harmonic.wav,64.9999988079071,20.000000596046448,46.95849001407623,25.938658118247986
stim_73_harmonic.wav,74.99999821186066,40.000001192092896,56.47292375564575,20.279749631881714
stim_73_harmonic.wav,15.000000447034836,40.000001192092896,38.39370846748352,29.013903737068176
stim_73_harmonic.wav,54.99999940395355,60.0,38.71013134717941,33.27505946159363
stim_73_harmonic.wav,25.000001192092896,60.0,35.970622301101685,32.26246476173401
stim_73_harmonic.wav,10.000000074505806,0.0,29.83374685049057,32.765926122665405
stim_73_harmonic.wav,64.9999988079071,30.0,44.26004558801651,25.26016116142273
stim_73_harmonic.wav,25.000001192092896,0.0,37.318437695503235,38.527668714523315
stim_73_harmonic.wav,80.00000059604645,60.0,42.59273886680603,28.305607438087463
stim_73_harmonic.wav,70.0000011920929,49.999998807907104,47.31740713119507,15.542873740196228
stim_73_harmonic.wav,84.99999761581421,40.000001192092896,48.499242067337036,30.60060739517212
stim_73_harmonic.wav,80.00000059604645,60.0,47.879523038864136,22.336281538009644
stim_73_harmonic.wav,35.00000059604645,30.0,42.24013835191727,37.2387421131134
stim_73_harmonic.wav,35.00000059604645,60.0,40.346311032772064,34.44993495941162
stim_73_harmonic.wav,64.9999988079071,0.0,54.29239511489868,16.863198280334473
stim_73_harmonic.wav,0.0,60.0,23.991380631923676,27.94167459011078
stim_73_harmonic.wav,74.99999821186066,60.0,41.98109328746796,35.06936073303223
stim_73_harmonic.wav,80.00000059604645,0.0,55.41207790374756,17.36743927001953
stim_73_harmonic.wav,20.000000149011612,30.0,27.141417860984802,37.260353565216064
stim_73_harmonic.wav,20.000000149011612,49.999998807907104,38.985328674316406,31.512587070465088
stim_73_harmonic.wav,5.000000037252903,49.999998807907104,21.538063287734985,34.132747650146484
stim_73_harmonic.wav,15.000000447034836,20.000000596046448,15.109747052192688,19.569609761238098
stim_73_harmonic.wav,74.99999821186066,60.0,61.25406861305237,54.16185736656189
stim_73_harmonic.wav,40.000000298023224,60.0,44.299508929252625,26.56749129295349
stim_73_harmonic.wav,25.000001192092896,10.000000298023224,42.81117260456085,21.878004670143127
stim_73_harmonic.wav,40.000000298023224,40.000001192092896,51.5731018781662,55.65454959869385
stim_73_harmonic.wav,50.00000238418579,30.0,47.34927713871002,30.879578590393066
stim_73_harmonic.wav,64.9999988079071,0.0,55.89297652244568,10.495462417602539
stim_73_harmonic.wav,50.00000238418579,10.000000298023224,45.3326690196991,27.803117036819458
stim_73_harmonic.wav,50.00000238418579,20.000000596046448,48.24264049530029,17.042972445487976
stim_73_harmonic.wav,54.99999940395355,40.000001192092896,38.612544536590576,27.47839093208313
stim_73_harmonic.wav,40.000000298023224,0.0,46.52809739112854,24.508854746818542
stim_73_harmonic.wav,80.00000059604645,20.000000596046448,72.78027713298798,16.712903380393982
stim_73_harmonic.wav,80.00000059604645,20.000000596046448,42.798520624637604,28.620883226394653
stim_73_harmonic.wav,20.000000149011612,20.000000596046448,45.36029577255249,30.35398006439209
stim_73_harmonic.wav,30.00000089406967,60.0,33.553141951560974,32.72960186004639
stim_73_harmonic.wav,64.9999988079071,60.0,42.8707230091095,28.862709403038025
stim_73_harmonic.wav,54.99999940395355,0.0,56.63982152938843,14.906050264835358
stim_73_harmonic.wav,70.0000011920929,0.0,55.29869019985199,14.381464719772339
stim_73_harmonic.wav,64.9999988079071,20.000000596046448,45.358917117118835,26.293094158172607
stim_73_harmonic.wav,64.9999988079071,30.0,47.5464141368866,22.85504937171936
stim_73_harmonic.wav,60.00000178813934,60.0,54.65246558189392,55.53747296333313
stim_73_harmonic.wav,64.9999988079071,10.000000298023224,50.46943187713623,21.858279705047607
stim_73_harmonic.wav,60.00000178813934,40.000001192092896,48.21181654930115,22.67599582672119
stim_73_harmonic.wav,80.00000059604645,30.0,46.44836604595184,25.97425103187561
stim_73_harmonic.wav,84.99999761581421,49.999998807907104,46.12701058387756,22.19296932220459
stim_73_harmonic.wav,74.99999821186066,49.999998807907104,40.141205191612244,30.157413482666016
stim_73_harmonic.wav,15.000000447034836,30.0,29.48384463787079,29.003875851631165
stim_73_harmonic.wav,15.000000447034836,60.0,19.687443673610687,42.19236373901367
stim_73_harmonic.wav,25.000001192092896,30.0,41.29844695329666,30.943880081176758
stim_73_harmonic.wav,25.000001192092896,40.000001192092896,48.84714603424072,28.25498878955841
stim_73_harmonic.wav,45.0,40.000001192092896,41.96448504924774,36.50727868080139
stim_73_harmonic.wav,74.99999821186066,60.0,45.15335261821747,35.68567514419556
stim_73_harmonic.wav,35.00000059604645,40.000001192092896,49.81867969036102,30.422590970993042
stim_73_harmonic.wav,10.000000074505806,30.0,14.813832342624664,39.058356285095215
stim_73_harmonic.wav,5.000000037252903,20.000000596046448,25.39491891860962,33.29040884971619
stim_73_harmonic.wav,20.000000149011612,49.999998807907104,49.228384494781494,28.816384077072144
stim_73_harmonic.wav,74.99999821186066,20.000000596046448,76.32831931114197,19.180887937545776
stim_73_harmonic.wav,54.99999940395355,0.0,50.06226181983948,28.316080570220947
stim_73_harmonic.wav,74.99999821186066,30.0,48.20095896720886,22.38857388496399
stim_73_harmonic.wav,40.000000298023224,60.0,55.67723572254181,20.80435037612915
stim_73_harmonic.wav,64.9999988079071,30.0,60.479612946510315,14.69224601984024
stim_73_harmonic.wav,15.000000447034836,60.0,26.600292921066284,35.16279101371765
stim_73_harmonic.wav,0.0,0.0,36.94781005382538,26.868461966514587
stim_73_harmonic.wav,25.000001192092896,30.0,46.96903645992279,26.49298667907715
stim_73_harmonic.wav,45.0,49.999998807907104,45.54713845252991,37.95273542404175
stim_73_harmonic.wav,84.99999761581421,20.000000596046448,54.51190710067749,21.424060463905334
stim_79_harmonic.wav,54.99999940395355,40.000001192092896,40.98405450582504,27.762932181358337
stim_79_harmonic.wav,5.000000037252903,49.999998807907104,37.23632454872131,27.25149929523468
stim_79_harmonic.wav,84.99999761581421,10.000000298023224,41.16665929555893,26.349774599075317
stim_79_harmonic.wav,5.000000037252903,40.000001192092896,30.363005697727203,27.80968487262726
stim_79_harmonic.wav,25.000001192092896,49.999998807907104,27.431807219982147,26.915405988693237
stim_79_harmonic.wav,40.000000298023224,30.0,44.24191117286682,28.56177270412445
stim_79_harmonic.wav,60.00000178813934,49.999998807907104,44.72915858030319,23.901867270469666
stim_79_harmonic.wav,64.9999988079071,49.999998807907104,43.9927339553833,22.630648612976074
stim_79_harmonic.wav,80.00000059604645,40.000001192092896,43.253790736198425,28.003159761428833
stim_79_harmonic.wav,74.99999821186066,40.000001192092896,48.604663610458374,26.595042943954468
stim_79_harmonic.wav,40.000000298023224,0.0,44.81877386569977,27.255433201789856
stim_79_harmonic.wav,50.00000238418579,20.000000596046448,41.13898158073425,24.938519597053528
stim_79_harmonic.wav,40.000000298023224,49.999998807907104,39.17897343635559,31.591047048568726
stim_79_harmonic.wav,64.9999988079071,40.000001192092896,61.323333978652954,30.300596952438354
stim_79_harmonic.wav,40.000000298023224,10.000000298023224,42.01918601989746,25.988084077835083
stim_79_harmonic.wav,80.00000059604645,30.0,67.49166905879974,28.942009806632996
stim_79_harmonic.wav,10.000000074505806,60.0,11.638416051864624,36.40386343002319
stim_79_harmonic.wav,90.0,20.000000596046448,32.69334375858307,28.593753576278687
stim_79_harmonic.wav,60.00000178813934,49.999998807907104,46.035102009773254,28.623459935188293
stim_79_harmonic.wav,10.000000074505806,30.0,37.105228900909424,26.80633842945099
stim_79_harmonic.wav,0.0,60.0,30.42192041873932,31.44895076751709
stim_79_harmonic.wav,5.000000037252903,0.0,6.298427581787109,40.46151280403137
stim_79_harmonic.wav,74.99999821186066,20.000000596046448,58.16365420818329,23.06596040725708
stim_79_harmonic.wav,84.99999761581421,20.000000596046448,39.995078444480896,26.943921446800232
stim_79_harmonic.wav,10.000000074505806,30.0,36.16831988096237,24.840694069862366
stim_79_harmonic.wav,35.00000059604645,40.000001192092896,42.62852489948273,28.295198678970337
stim_79_harmonic.wav,80.00000059604645,49.999998807907104,40.6298553943634,27.264291644096375
stim_79_harmonic.wav,25.000001192092896,10.000000298023224,41.16936832666397,26.116928458213806
stim_79_harmonic.wav,0.0,0.0,23.00985038280487,29.340139031410217
stim_79_harmonic.wav,0.0,30.0,31.697718501091003,28.50015699863434
stim_79_harmonic.wav,45.0,10.000000298023224,50.16502261161804,22.958836555480957
stim_79_harmonic.wav,80.00000059604645,49.999998807907104,55.29012858867645,32.37079381942749
stim_79_harmonic.wav,20.000000149011612,0.0,40.619231164455414,26.738871932029724
stim_79_harmonic.wav,45.0,0.0,46.08637511730194,16.586322784423828
stim_79_harmonic.wav,0.0,30.0,5.344880819320679,32.28003144264221
stim_79_harmonic.wav,0.0,20.000000596046448,7.274649739265442,31.588890552520752
stim_79_harmonic.wav,50.00000238418579,60.0,35.609210729599,33.262832164764404
stim_79_harmonic.wav,54.99999940395355,0.0,57.67414033412933,10.980103611946106
stim_79_harmonic.wav,54.99999940395355,20.000000596046448,46.897501945495605,27.316187024116516
stim_79_harmonic.wav,60.00000178813934,30.0,50.74801683425903,20.876471400260925
stim_79_harmonic.wav,64.9999988079071,60.0,30.189726948738098,27.86457359790802
stim_79_harmonic.wav,35.00000059604645,40.000001192092896,42.55908519029617,33.895418643951416
stim_79_harmonic.wav,80.00000059604645,49.999998807907104,38.374270498752594,27.384232878684998
stim_79_harmonic.wav,84.99999761581421,0.0,70.07736682891846,8.108466267585754
stim_79_harmonic.wav,84.99999761581421,60.0,48.90209913253784,37.403011322021484
stim_79_harmonic.wav,15.000000447034836,30.0,41.452437937259674,26.38300895690918
stim_79_harmonic.wav,35.00000059604645,0.0,38.03286820650101,15.608707666397095
stim_79_harmonic.wav,25.000001192092896,20.000000596046448,33.18303734064102,25.735965371131897
stim_79_harmonic.wav,84.99999761581421,60.0,36.34657949209213,27.582297921180725
stim_79_harmonic.wav,30.00000089406967,30.0,36.15951955318451,21.6787326335907
stim_79_harmonic.wav,15.000000447034836,40.000001192092896,18.058154582977295,27.06903576850891
stim_79_harmonic.wav,45.0,60.0,39.68200296163559,29.559720754623413
stim_79_harmonic.wav,74.99999821186066,0.0,54.84824001789093,13.809642791748047
stim_79_harmonic.wav,70.0000011920929,60.0,48.92263948917389,35.60089588165283
stim_79_harmonic.wav,40.000000298023224,20.000000596046448,40.974033772945404,21.22279465198517
stim_79_harmonic.wav,30.00000089406967,10.000000298023224,41.45812153816223,27.81977355480194
stim_79_harmonic.wav,64.9999988079071,60.0,40.04456788301468,34.20048236846924
stim_79_harmonic.wav,15.000000447034836,60.0,14.729983806610107,37.442142963409424
stim_79_harmonic.wav,45.0,30.0,43.4342497587204,25.572431087493896
stim_79_harmonic.wav,35.00000059604645,10.000000298023224,41.215690076351166,26.124290227890015
stim_79_harmonic.wav,60.00000178813934,10.000000298023224,56.91791832447052,9.192243218421936
stim_79_harmonic.wav,35.00000059604645,0.0,33.14355254173279,27.504394054412842
stim_79_harmonic.wav,15.000000447034836,40.000001192092896,39.83104795217514,28.80728244781494
stim_79_harmonic.wav,60.00000178813934,40.000001192092896,43.99071156978607,29.217647910118103
stim_79_harmonic.wav,90.0,0.0,40.55172801017761,27.011255621910095
stim_79_harmonic.wav,20.000000149011612,60.0,18.096531629562378,28.210321068763733
stim_79_harmonic.wav,40.000000298023224,10.000000298023224,41.49883210659027,27.203657627105713
stim_79_harmonic.wav,64.9999988079071,60.0,38.51125091314316,29.03760552406311
stim_79_harmonic.wav,64.9999988079071,10.000000298023224,58.04617881774902,13.224530518054962
stim_79_harmonic.wav,64.9999988079071,30.0,38.97259086370468,27.0048987865448
stim_79_harmonic.wav,54.99999940395355,20.000000596046448,41.17874264717102,26.37826144695282
stim_79_harmonic.wav,80.00000059604645,10.000000298023224,70.87027609348297,10.232881307601929
stim_79_harmonic.wav,84.99999761581421,0.0,42.694354355335236,28.912471532821655
stim_79_harmonic.wav,50.00000238418579,30.0,43.59357565641403,25.07947862148285
stim_79_harmonic.wav,60.00000178813934,0.0,55.21977961063385,13.328651189804077
stim_79_harmonic.wav,70.0000011920929,30.0,41.60402297973633,27.934972643852234
stim_79_harmonic.wav,80.00000059604645,20.000000596046448,43.517484068870544,26.393503546714783
stim_79_harmonic.wav,80.00000059604645,49.999998807907104,59.07223105430603,33.542325496673584
stim_79_harmonic.wav,70.0000011920929,60.0,44.86872732639313,23.48138988018036
stim_79_harmonic.wav,25.000001192092896,49.999998807907104,43.39226245880127,28.684296011924744
stim_79_harmonic.wav,30.00000089406967,0.0,45.53227365016937,37.71902561187744
stim_79_harmonic.wav,74.99999821186066,49.999998807907104,53.2877254486084,32.796181440353394
stim_79_harmonic.wav,54.99999940395355,0.0,52.34911859035492,11.967363953590393
stim_79_harmonic.wav,35.00000059604645,30.0,40.01500457525253,15.656358003616333
stim_79_harmonic.wav,5.000000037252903,49.999998807907104,33.970343470573425,30.00553250312805
stim_79_harmonic.wav,25.000001192092896,30.0,42.97509044408798,27.6391464471817
stim_79_harmonic.wav,30.00000089406967,60.0,32.30149984359741,27.874930500984192
stim_79_harmonic.wav,35.00000059604645,30.0,42.41638362407684,31.627049446105957
stim_79_harmonic.wav,60.00000178813934,10.000000298023224,44.459320306777954,26.37450098991394
stim_79_harmonic.wav,70.0000011920929,30.0,56.08247995376587,26.849986910820007
stim_79_harmonic.wav,50.00000238418579,49.999998807907104,40.49182087182999,28.160106539726257
stim_79_harmonic.wav,10.000000074505806,20.000000596046448,46.240194439888,29.29200768470764
stim_79_harmonic.wav,84.99999761581421,0.0,41.36713296175003,26.744958758354187
stim_79_harmonic.wav,54.99999940395355,30.0,53.11595678329468,20.253639221191406
stim_79_harmonic.wav,45.0,30.0,47.643316984176636,21.868438124656677
stim_79_harmonic.wav,40.000000298023224,0.0,40.32632052898407,26.370543837547302
stim_79_harmonic.wav,15.000000447034836,20.000000596046448,27.887173891067505,26.032748222351074
stim_79_harmonic.wav,84.99999761581421,20.000000596046448,41.17751955986023,26.653953194618225
stim_79_harmonic.wav,80.00000059604645,60.0,44.8391854763031,31.935203075408936
stim_79_harmonic.wav,20.000000149011612,10.000000298023224,29.32336002588272,26.46520435810089
stim_79_harmonic.wav,10.000000074505806,0.0,29.094004333019257,26.211276054382324
stim_79_harmonic.wav,5.000000037252903,30.0,40.748765766620636,33.448601961135864
stim_79_harmonic.wav,10.000000074505806,30.0,38.85766088962555,25.741190314292908
stim_79_harmonic.wav,50.00000238418579,10.000000298023224,41.12593799829483,26.285337209701538
stim_79_harmonic.wav,74.99999821186066,0.0,64.29049551486969,6.695954203605652
stim_79_harmonic.wav,70.0000011920929,30.0,41.350015103816986,26.857599020004272
stim_79_harmonic.wav,60.00000178813934,0.0,55.559020042419434,9.159076809883118
stim_79_harmonic.wav,35.00000059604645,30.0,40.39909154176712,26.494710445404053
stim_79_harmonic.wav,15.000000447034836,10.000000298023224,40.140542685985565,28.292670249938965
stim_79_harmonic.wav,60.00000178813934,20.000000596046448,45.473812222480774,29.506067633628845
stim_79_harmonic.wav,90.0,40.000001192092896,43.764067590236664,25.54688036441803
stim_79_harmonic.wav,20.000000149011612,60.0,47.309242486953735,33.03963661193848
stim_79_harmonic.wav,64.9999988079071,20.000000596046448,48.16826820373535,25.048754811286926
stim_79_harmonic.wav,80.00000059604645,40.000001192092896,43.18446636199951,26.381367444992065
stim_79_harmonic.wav,90.0,40.000001192092896,60.57229399681091,29.348124861717224
stim_79_harmonic.wav,5.000000037252903,49.999998807907104,28.049541413784027,29.55225169658661
stim_79_harmonic.wav,50.00000238418579,60.0,40.438560247421265,26.67282521724701
stim_79_harmonic.wav,70.0000011920929,49.999998807907104,54.801199436187744,30.259501934051514
stim_79_harmonic.wav,84.99999761581421,10.000000298023224,41.61284476518631,27.97494649887085
stim_79_harmonic.wav,15.000000447034836,49.999998807907104,41.02392554283142,30.642868280410767
stim_79_harmonic.wav,70.0000011920929,60.0,49.52506899833679,25.616655349731445
stim_79_harmonic.wav,74.99999821186066,30.0,48.16485643386841,24.06620979309082
stim_79_harmonic.wav,70.0000011920929,40.000001192092896,51.045827865600586,24.35594379901886
stim_105_harmonic.wav,64.9999988079071,60.0,44.44260746240616,27.461902499198914
stim_105_harmonic.wav,45.0,40.000001192092896,42.55183517932892,26.662344932556152
stim_105_harmonic.wav,50.00000238418579,60.0,43.09080362319946,26.476271152496338
stim_105_harmonic.wav,25.000001192092896,60.0,41.70610785484314,26.3332200050354
stim_105_harmonic.wav,25.000001192092896,20.000000596046448,45.5076938867569,25.207425355911255
stim_105_harmonic.wav,54.99999940395355,10.000000298023224,41.14002764225006,26.1179780960083
stim_105_harmonic.wav,64.9999988079071,49.999998807907104,43.363654017448425,31.35715126991272
stim_105_harmonic.wav,25.000001192092896,10.000000298023224,43.46838355064392,25.454485416412354
stim_105_harmonic.wav,70.0000011920929,20.000000596046448,41.67653650045395,26.048702001571655
stim_105_harmonic.wav,15.000000447034836,60.0,41.187736093997955,26.091163158416748
stim_105_harmonic.wav,84.99999761581421,10.000000298023224,41.37700080871582,26.597349643707275
stim_105_harmonic.wav,20.000000149011612,49.999998807907104,44.08518970012665,26.9596928358078
stim_105_harmonic.wav,30.00000089406967,0.0,42.186252772808075,30.37826657295227
stim_105_harmonic.wav,70.0000011920929,49.999998807907104,43.23995590209961,35.831226110458374
stim_105_harmonic.wav,30.00000089406967,20.000000596046448,41.10241770744324,26.12579047679901
stim_105_harmonic.wav,25.000001192092896,20.000000596046448,41.181151270866394,26.109772324562073
stim_105_harmonic.wav,80.00000059604645,10.000000298023224,41.15071892738342,26.12385928630829
stim_105_harmonic.wav,5.000000037252903,10.000000298023224,41.27063512802124,26.199134588241577
stim_105_harmonic.wav,54.99999940395355,30.0,41.375412940979004,26.200586557388306
stim_105_harmonic.wav,70.0000011920929,0.0,41.683107912540436,26.214505434036255
stim_105_harmonic.wav,80.00000059604645,20.000000596046448,41.66864812374115,26.072586178779602
stim_105_harmonic.wav,35.00000059604645,0.0,40.677223205566406,26.23655676841736
stim_105_harmonic.wav,15.000000447034836,0.0,42.02863276004791,26.210124492645264
stim_105_harmonic.wav,30.00000089406967,60.0,41.269672214984894,26.166366934776306
stim_105_harmonic.wav,60.00000178813934,0.0,41.805092096328735,26.08146071434021
stim_105_harmonic.wav,64.9999988079071,10.000000298023224,40.95139592885971,26.128535270690918
stim_105_harmonic.wav,80.00000059604645,0.0,40.909969210624695,26.17380917072296
stim_105_harmonic.wav,90.0,20.000000596046448,41.38032674789429,26.009455919265747
stim_105_harmonic.wav,20.000000149011612,20.000000596046448,41.488862335681915,26.200023293495178
stim_105_harmonic.wav,64.9999988079071,10.000000298023224,44.051959812641144,27.626502513885498
stim_105_harmonic.wav,5.000000037252903,0.0,41.39880180358887,26.20565950870514
stim_105_harmonic.wav,40.000000298023224,10.000000298023224,41.29428952932358,26.039113998413086
stim_105_harmonic.wav,64.9999988079071,10.000000298023224,41.57345116138458,25.75527548789978
stim_105_harmonic.wav,84.99999761581421,10.000000298023224,41.33699297904968,26.261574625968933
stim_105_harmonic.wav,5.000000037252903,20.000000596046448,41.36875569820404,26.174041628837585
stim_105_harmonic.wav,70.0000011920929,0.0,44.42161649465561,24.393154978752136
stim_105_harmonic.wav,60.00000178813934,30.0,41.422297954559326,26.15558087825775
stim_105_harmonic.wav,54.99999940395355,10.000000298023224,43.60450565814972,28.935969471931458
stim_105_harmonic.wav,25.000001192092896,30.0,41.08663558959961,26.075870990753174
stim_105_harmonic.wav,60.00000178813934,60.0,42.79782325029373,25.50449252128601
stim_105_harmonic.wav,45.0,0.0,41.364115476608276,26.032764315605164
stim_105_harmonic.wav,0.0,60.0,35.776728093624115,28.749042749404907
stim_105_harmonic.wav,25.000001192092896,20.000000596046448,41.828545331954956,26.13411247730255
stim_105_harmonic.wav,90.0,40.000001192092896,41.814444959163666,25.944035053253174
stim_105_harmonic.wav,15.000000447034836,60.0,40.2190375328064,32.87575364112854
stim_105_harmonic.wav,35.00000059604645,60.0,41.3664248585701,26.056201457977295
stim_105_harmonic.wav,15.000000447034836,0.0,40.48925668001175,27.72477149963379
stim_105_harmonic.wav,15.000000447034836,30.0,41.33165806531906,26.05788230895996
stim_105_harmonic.wav,15.000000447034836,60.0,41.36307746171951,26.115013360977173
stim_105_harmonic.wav,0.0,10.000000298023224,39.750632643699646,26.861477494239807
stim_105_harmonic.wav,74.99999821186066,40.000001192092896,41.939653158187866,28.287482857704163
stim_105_harmonic.wav,20.000000149011612,20.000000596046448,42.065145671367645,26.15024507045746
stim_105_harmonic.wav,0.0,49.999998807907104,41.141277551651,26.38907790184021
stim_105_harmonic.wav,64.9999988079071,20.000000596046448,41.93508803844452,26.15842044353485
stim_105_harmonic.wav,40.000000298023224,0.0,40.91544896364212,26.174726486206055
stim_105_harmonic.wav,5.000000037252903,30.0,41.51400536298752,27.066927552223206
stim_105_harmonic.wav,50.00000238418579,49.999998807907104,41.55639499425888,25.836769938468933
stim_105_harmonic.wav,80.00000059604645,30.0,41.32396012544632,26.206950545310974
stim_105_harmonic.wav,35.00000059604645,20.000000596046448,41.942547261714935,26.266445517539978
stim_105_harmonic.wav,54.99999940395355,40.000001192092896,46.303027868270874,31.30997657775879
stim_105_harmonic.wav,40.000000298023224,10.000000298023224,41.72986954450607,26.288861632347107
stim_105_harmonic.wav,50.00000238418579,0.0,41.4699125289917,25.908522605895996
stim_105_harmonic.wav,54.99999940395355,0.0,41.370386481285095,26.181859374046326
stim_105_harmonic.wav,64.9999988079071,40.000001192092896,41.371389627456665,26.205554008483887
stim_105_harmonic.wav,45.0,40.000001192092896,43.61979693174362,25.540865063667297
stim_105_harmonic.wav,54.99999940395355,49.999998807907104,42.48093634843826,26.307624578475952
stim_105_harmonic.wav,80.00000059604645,20.000000596046448,41.49781554937363,25.848991870880127
stim_105_harmonic.wav,84.99999761581421,60.0,41.618209183216095,27.249900698661804
stim_105_harmonic.wav,60.00000178813934,60.0,44.90183383226395,24.304803013801575
stim_105_harmonic.wav,30.00000089406967,30.0,44.60047960281372,23.712875247001648
stim_105_harmonic.wav,30.00000089406967,49.999998807907104,41.54177963733673,27.292866110801697
stim_105_harmonic.wav,45.0,20.000000596046448,40.73563367128372,26.26321256160736
stim_105_harmonic.wav,54.99999940395355,30.0,41.24286621809006,26.23930335044861
stim_105_harmonic.wav,84.99999761581421,40.000001192092896,41.74598425626755,26.013835072517395
stim_105_harmonic.wav,15.000000447034836,30.0,40.828202068805695,26.243094205856323
stim_105_harmonic.wav,70.0000011920929,10.000000298023224,40.885003209114075,26.139755845069885
stim_105_harmonic.wav,25.000001192092896,40.000001192092896,41.41060084104538,26.18222415447235
stim_105_harmonic.wav,5.000000037252903,60.0,41.412231624126434,26.048070788383484
stim_105_harmonic.wav,50.00000238418579,40.000001192092896,42.439651787281036,26.78270995616913
stim_105_harmonic.wav,15.000000447034836,40.000001192092896,43.14263463020325,29.624821543693542
stim_105_harmonic.wav,54.99999940395355,20.000000596046448,42.248772382736206,27.8790682554245
stim_105_harmonic.wav,25.000001192092896,40.000001192092896,41.19289934635162,26.142761707305908
stim_105_harmonic.wav,40.000000298023224,30.0,41.99665009975433,26.309182047843933
stim_105_harmonic.wav,40.000000298023224,40.000001192092896,41.233424842357635,28.648921251296997
stim_105_harmonic.wav,15.000000447034836,20.000000596046448,40.40853023529053,26.782439947128296
stim_105_harmonic.wav,15.000000447034836,0.0,41.06026142835617,26.096615195274353
stim_105_harmonic.wav,45.0,40.000001192092896,43.660826683044434,26.06715202331543
stim_105_harmonic.wav,15.000000447034836,40.000001192092896,41.47271275520325,25.903669595718384
stim_105_harmonic.wav,74.99999821186066,0.0,42.8243824839592,25.9069687128067
stim_105_harmonic.wav,70.0000011920929,10.000000298023224,41.30189627408981,26.025415062904358
stim_105_harmonic.wav,60.00000178813934,60.0,40.96294820308685,26.40335261821747
stim_105_harmonic.wav,54.99999940395355,30.0,41.02495551109314,26.320374011993408
stim_105_harmonic.wav,25.000001192092896,0.0,41.37081295251846,26.077796816825867
stim_105_harmonic.wav,5.000000037252903,10.000000298023224,40.69055646657944,30.893361568450928
stim_105_harmonic.wav,30.00000089406967,49.999998807907104,41.344806253910065,26.356521248817444
stim_105_harmonic.wav,10.000000074505806,10.000000298023224,41.60810261964798,26.220011115074158
stim_105_harmonic.wav,80.00000059604645,20.000000596046448,41.484729051589966,26.048170924186707
stim_105_harmonic.wav,84.99999761581421,40.000001192092896,41.993718445301056,27.55879282951355
stim_105_harmonic.wav,90.0,40.000001192092896,41.33037865161896,26.107680201530457
stim_105_harmonic.wav,84.99999761581421,30.0,42.48143255710602,29.54301953315735
stim_105_harmonic.wav,70.0000011920929,10.000000298023224,44.21776860952377,29.284141659736633
stim_105_harmonic.wav,35.00000059604645,30.0,41.01392090320587,26.112855076789856
stim_105_harmonic.wav,45.0,20.000000596046448,40.817977488040924,26.164010167121887
stim_105_harmonic.wav,54.99999940395355,10.000000298023224,41.2087807059288,26.061404943466187
stim_105_harmonic.wav,40.000000298023224,49.999998807907104,42.08404719829559,25.96200406551361
stim_105_harmonic.wav,45.0,40.000001192092896,43.696494698524475,25.148624181747437
stim_105_harmonic.wav,60.00000178813934,49.999998807907104,41.51333212852478,26.138362884521484
stim_105_harmonic.wav,20.000000149011612,20.000000596046448,43.55611860752106,29.684325456619263
stim_105_harmonic.wav,0.0,60.0,43.281109035015106,26.499381065368652
stim_105_harmonic.wav,20.000000149011612,40.000001192092896,40.906367003917694,26.995809674263
stim_105_harmonic.wav,80.00000059604645,40.000001192092896,40.83471715450287,26.171409487724304
stim_105_harmonic.wav,84.99999761581421,30.0,41.39552414417267,25.989416241645813
stim_105_harmonic.wav,50.00000238418579,40.000001192092896,42.36040860414505,26.339011788368225
stim_105_harmonic.wav,25.000001192092896,20.000000596046448,44.09309685230255,25.279653668403625
stim_105_harmonic.wav,10.000000074505806,0.0,41.36983394622803,26.295506358146667
stim_105_harmonic.wav,64.9999988079071,30.0,41.40853822231293,26.385238766670227
stim_105_harmonic.wav,80.00000059604645,10.000000298023224,41.624984443187714,26.09999656677246
stim_105_harmonic.wav,35.00000059604645,49.999998807907104,41.45171910524368,26.07035458087921
stim_105_harmonic.wav,15.000000447034836,0.0,41.986591815948486,26.156530380249023
stim_105_harmonic.wav,20.000000149011612,20.000000596046448,41.230410039424896,26.099188327789307
stim_105_harmonic.wav,45.0,49.999998807907104,41.21461182832718,26.227700114250183
stim_105_harmonic.wav,54.99999940395355,49.999998807907104,47.451855540275574,23.92915427684784
stim_105_harmonic.wav,40.000000298023224,20.000000596046448,41.13235920667648,26.25704526901245
stim_105_harmonic.wav,54.99999940395355,0.0,44.383639097213745,27.591095566749573
stim_105_harmonic.wav,64.9999988079071,49.999998807907104,41.42524570226669,26.27140760421753
stim_105_harmonic.wav,35.00000059604645,40.000001192092896,41.34640485048294,26.04947805404663
stim_105_harmonic.wav,25.000001192092896,30.0,40.44749736785889,26.32853329181671
stim_105_harmonic.wav,5.000000037252903,0.0,41.41341984272003,26.11887216567993
stim_105_harmonic.wav,40.000000298023224,30.0,42.049165070056915,26.017173528671265
stim_105_harmonic.wav,45.0,20.000000596046448,42.413572669029236,30.725308656692505
stim_105_harmonic.wav,64.9999988079071,0.0,41.215974390506744,26.028989553451538
stim_105_harmonic.wav,50.00000238418579,40.000001192092896,47.07337975502014,34.35620427131653
stim_105_harmonic.wav,74.99999821186066,20.000000596046448,41.38953745365143,26.079325675964355
stim_105_harmonic.wav,25.000001192092896,30.0,40.936684012413025,26.283352375030518
stim_64_harmonic.wav,70.0000011920929,0.0,52.06037878990173,29.733211398124695
stim_64_harmonic.wav,45.0,10.000000298023224,47.23520278930664,33.050901889801025
stim_64_harmonic.wav,80.00000059604645,49.999998807907104,65.54895043373108,33.89713525772095
stim_64_harmonic.wav,40.000000298023224,30.0,50.42325496673584,30.82060217857361
stim_64_harmonic.wav,30.00000089406967,20.000000596046448,44.62591499090195,24.458218216896057
stim_64_harmonic.wav,60.00000178813934,60.0,43.37552011013031,34.775776863098145
stim_64_harmonic.wav,84.99999761581421,49.999998807907104,65.62220692634583,34.375948905944824
stim_64_harmonic.wav,10.000000074505806,0.0,8.470829129219055,41.05517864227295
stim_64_harmonic.wav,30.00000089406967,0.0,51.630098819732666,37.29902744293213
stim_64_harmonic.wav,45.0,40.000001192092896,52.55428612232208,36.26254320144653
stim_64_harmonic.wav,64.9999988079071,0.0,48.6100172996521,27.616124153137207
stim_64_harmonic.wav,15.000000447034836,30.0,16.023146510124207,41.36500954627991
stim_64_harmonic.wav,0.0,49.999998807907104,32.84038782119751,27.660048007965088
stim_64_harmonic.wav,35.00000059604645,20.000000596046448,45.01817464828491,28.148440718650818
stim_64_harmonic.wav,50.00000238418579,40.000001192092896,49.04243230819702,32.21967816352844
stim_64_harmonic.wav,40.000000298023224,0.0,48.8251519203186,32.24416136741638
stim_64_harmonic.wav,20.000000149011612,60.0,18.23389023542404,37.18250513076782
stim_64_harmonic.wav,15.000000447034836,0.0,29.634574055671692,32.92923331260681
stim_64_harmonic.wav,30.00000089406967,40.000001192092896,45.166168212890625,26.422462463378906
stim_64_harmonic.wav,25.000001192092896,30.0,31.39545500278473,38.28442096710205
stim_64_harmonic.wav,10.000000074505806,10.000000298023224,53.791449666023254,35.50673246383667
stim_64_harmonic.wav,10.000000074505806,49.999998807907104,13.041404485702515,34.008790254592896
stim_64_harmonic.wav,25.000001192092896,49.999998807907104,52.76065528392792,32.4596107006073
stim_64_harmonic.wav,30.00000089406967,30.0,55.09125888347626,32.33667969703674
stim_64_harmonic.wav,25.000001192092896,0.0,37.43168592453003,30.485447645187378
stim_64_harmonic.wav,84.99999761581421,30.0,63.72487664222717,29.342139959335327
stim_64_harmonic.wav,40.000000298023224,60.0,32.59099066257477,39.6860146522522
stim_64_harmonic.wav,64.9999988079071,10.000000298023224,49.03454661369324,22.097296714782715
stim_64_harmonic.wav,70.0000011920929,0.0,62.740071415901184,15.075806379318237
stim_64_harmonic.wav,60.00000178813934,20.000000596046448,61.290326714515686,19.853568077087402
stim_64_harmonic.wav,60.00000178813934,49.999998807907104,44.96091216802597,22.871121168136597
stim_64_harmonic.wav,40.000000298023224,40.000001192092896,37.179091572761536,30.42097806930542
stim_64_harmonic.wav,0.0,60.0,24.772818088531494,28.6969792842865
stim_64_harmonic.wav,35.00000059604645,10.000000298023224,49.83178496360779,33.868911266326904
stim_64_harmonic.wav,40.000000298023224,20.000000596046448,46.5053790807724,24.179415106773376
stim_64_harmonic.wav,54.99999940395355,49.999998807907104,58.08772087097168,40.81207036972046
stim_64_harmonic.wav,54.99999940395355,20.000000596046448,46.929747462272644,29.971336126327515
stim_64_harmonic.wav,10.000000074505806,0.0,40.40286272764206,27.290706038475037
stim_64_harmonic.wav,0.0,0.0,8.47508043050766,29.945926666259766
stim_64_harmonic.wav,15.000000447034836,30.0,50.1121187210083,25.378952622413635
stim_64_harmonic.wav,54.99999940395355,60.0,34.854654371738434,45.837482213974
stim_64_harmonic.wav,70.0000011920929,30.0,48.76661539077759,23.298452496528625
stim_64_harmonic.wav,50.00000238418579,10.000000298023224,56.504530906677246,31.517558097839355
stim_64_harmonic.wav,35.00000059604645,40.000001192092896,46.8346631526947,26.313693523406982
stim_64_harmonic.wav,5.000000037252903,10.000000298023224,8.127688765525818,37.71613597869873
stim_64_harmonic.wav,5.000000037252903,40.000001192092896,20.937281996011734,30.174200534820557
stim_64_harmonic.wav,20.000000149011612,49.999998807907104,40.369785726070404,29.289645552635193
stim_64_harmonic.wav,64.9999988079071,60.0,39.61967647075653,27.546544075012207
stim_64_harmonic.wav,74.99999821186066,60.0,43.410855531692505,24.289991855621338
stim_64_harmonic.wav,70.0000011920929,60.0,56.65854334831238,29.00937795639038
stim_64_harmonic.wav,5.000000037252903,60.0,5.466940104961395,35.06228685379028
stim_64_harmonic.wav,70.0000011920929,20.000000596046448,70.04688620567322,35.431498289108276
stim_64_harmonic.wav,50.00000238418579,10.000000298023224,57.69840359687805,26.429759860038757
stim_64_harmonic.wav,10.000000074505806,20.000000596046448,31.630955636501312,30.09364128112793
stim_64_harmonic.wav,90.0,20.000000596046448,61.99727654457092,29.897108674049377
stim_64_harmonic.wav,30.00000089406967,10.000000298023224,50.12067496776581,27.116557359695435
stim_64_harmonic.wav,15.000000447034836,0.0,28.307899832725525,36.1587131023407
stim_64_harmonic.wav,84.99999761581421,20.000000596046448,70.40893077850342,17.179691791534424
stim_64_harmonic.wav,20.000000149011612,49.999998807907104,28.735999166965485,49.733580350875854
stim_64_harmonic.wav,10.000000074505806,20.000000596046448,14.591689109802246,32.10375666618347
stim_64_harmonic.wav,0.0,40.000001192092896,25.894437432289124,28.926039934158325
stim_64_harmonic.wav,35.00000059604645,40.000001192092896,36.92661255598068,29.52102541923523
stim_64_harmonic.wav,40.000000298023224,0.0,41.19238704442978,30.47061324119568
stim_64_harmonic.wav,20.000000149011612,49.999998807907104,25.90198516845703,48.32953691482544
stim_64_harmonic.wav,45.0,60.0,40.07216513156891,37.11781024932861
stim_64_harmonic.wav,84.99999761581421,0.0,72.71661221981049,8.983624577522278
stim_64_harmonic.wav,5.000000037252903,20.000000596046448,34.54294681549072,26.712217926979065
stim_64_harmonic.wav,15.000000447034836,30.0,38.5830482840538,28.135637640953064
stim_64_harmonic.wav,50.00000238418579,60.0,40.86035639047623,28.015440702438354
stim_64_harmonic.wav,45.0,60.0,26.457130014896393,45.475791692733765
stim_64_harmonic.wav,35.00000059604645,60.0,36.001580357551575,44.539700746536255
stim_64_harmonic.wav,40.000000298023224,49.999998807907104,44.70031678676605,37.30012536048889
stim_64_harmonic.wav,20.000000149011612,0.0,27.267269790172577,38.066890239715576
stim_64_harmonic.wav,70.0000011920929,20.000000596046448,60.599480867385864,29.10581409931183
stim_64_harmonic.wav,64.9999988079071,60.0,48.4186577796936,29.136505722999573
stim_64_harmonic.wav,80.00000059604645,20.000000596046448,52.17884123325348,25.526198744773865
stim_64_harmonic.wav,40.000000298023224,20.000000596046448,45.343971848487854,24.425362944602966
stim_64_harmonic.wav,35.00000059604645,10.000000298023224,43.19794178009033,22.738062143325806
stim_64_harmonic.wav,20.000000149011612,49.999998807907104,22.643758356571198,32.28936195373535
stim_64_harmonic.wav,5.000000037252903,60.0,16.92777782678604,30.446265935897827
stim_64_harmonic.wav,25.000001192092896,30.0,25.306652784347534,21.789193153381348
stim_64_harmonic.wav,70.0000011920929,49.999998807907104,63.26131582260132,34.74075436592102
stim_64_harmonic.wav,20.000000149011612,30.0,30.383411943912506,32.81376242637634
stim_64_harmonic.wav,60.00000178813934,10.000000298023224,64.209503531456,28.149266839027405
stim_64_harmonic.wav,40.000000298023224,20.000000596046448,53.636906147003174,35.527503490448
stim_64_harmonic.wav,20.000000149011612,10.000000298023224,26.601296067237854,36.250247955322266
stim_64_harmonic.wav,35.00000059604645,10.000000298023224,47.22173810005188,34.958388805389404
stim_64_harmonic.wav,25.000001192092896,30.0,32.19623923301697,40.57852864265442
stim_64_harmonic.wav,5.000000037252903,10.000000298023224,36.28005266189575,26.28452181816101
stim_64_harmonic.wav,50.00000238418579,60.0,40.29066860675812,41.86991214752197
stim_64_harmonic.wav,10.000000074505806,60.0,7.514820098876953,33.315099477767944
stim_64_harmonic.wav,20.000000149011612,49.999998807907104,39.217589199543,26.903327107429504
stim_64_harmonic.wav,50.00000238418579,60.0,51.19803249835968,20.038231015205383
stim_64_harmonic.wav,74.99999821186066,10.000000298023224,72.25901663303375,11.417956352233887
stim_64_harmonic.wav,10.000000074505806,20.000000596046448,26.76268458366394,28.774924278259277
stim_64_harmonic.wav,10.000000074505806,0.0,20.249873399734497,32.476197481155396
stim_64_harmonic.wav,35.00000059604645,0.0,49.454108476638794,35.357980728149414
stim_64_harmonic.wav,50.00000238418579,30.0,48.062787652015686,30.80560326576233
stim_64_harmonic.wav,40.000000298023224,60.0,41.05285853147507,31.630189418792725
stim_64_harmonic.wav,15.000000447034836,40.000001192092896,32.23839282989502,26.247662901878357
stim_64_harmonic.wav,64.9999988079071,20.000000596046448,69.62307035923004,25.23513615131378
stim_64_harmonic.wav,70.0000011920929,40.000001192092896,64.86275017261505,27.374956011772156
stim_64_harmonic.wav,90.0,49.999998807907104,48.71192514896393,27.655391693115234
stim_64_harmonic.wav,30.00000089406967,40.000001192092896,47.654807567596436,23.53435456752777
stim_64_harmonic.wav,80.00000059604645,0.0,49.080530405044556,21.83797001838684
stim_64_harmonic.wav,0.0,49.999998807907104,32.33608692884445,26.641990542411804
stim_64_harmonic.wav,60.00000178813934,0.0,59.68864560127258,21.664280891418457
stim_64_harmonic.wav,60.00000178813934,20.000000596046448,43.665268421173096,28.282045125961304
stim_64_harmonic.wav,84.99999761581421,0.0,59.56359565258026,13.29146146774292
stim_64_harmonic.wav,90.0,40.000001192092896,72.42814064025879,31.53140902519226
stim_64_harmonic.wav,45.0,20.000000596046448,50.19412457942963,33.81890058517456
stim_64_harmonic.wav,80.00000059604645,10.000000298023224,52.17386305332184,24.869572520256042
stim_64_harmonic.wav,50.00000238418579,0.0,56.315048933029175,27.451436519622803
stim_64_harmonic.wav,25.000001192092896,30.0,42.490723729133606,31.685432195663452
stim_64_harmonic.wav,64.9999988079071,40.000001192092896,46.659305691719055,23.262893557548523
stim_64_harmonic.wav,45.0,20.000000596046448,46.25994086265564,33.354796171188354
stim_64_harmonic.wav,45.0,20.000000596046448,52.60209918022156,31.333415508270264
stim_64_harmonic.wav,25.000001192092896,20.000000596046448,45.65310716629028,20.35015046596527
stim_64_harmonic.wav,84.99999761581421,49.999998807907104,45.78060328960419,28.058164715766907
stim_64_harmonic.wav,60.00000178813934,10.000000298023224,38.30261528491974,27.54095435142517
stim_64_harmonic.wav,40.000000298023224,49.999998807907104,50.33767640590668,38.61386060714722
stim_64_harmonic.wav,10.000000074505806,40.000001192092896,13.535926043987274,29.335402250289917
stim_64_harmonic.wav,54.99999940395355,60.0,43.451083302497864,28.05443286895752
stim_64_harmonic.wav,70.0000011920929,20.000000596046448,70.41330277919769,25.209683775901794
stim_64_harmonic.wav,50.00000238418579,0.0,36.27263367176056,27.42275834083557
stim_64_harmonic.wav,35.00000059604645,20.000000596046448,47.04289376735687,33.06300401687622
stim_64_harmonic.wav,60.00000178813934,49.999998807907104,60.40761709213257,34.25425887107849
stim_64_harmonic.wav,0.0,10.000000298023224,22.6265949010849,30.22726535797119
stim_64_harmonic.wav,54.99999940395355,30.0,47.997400760650635,30.32821297645569
stim_64_harmonic.wav,84.99999761581421,30.0,50.21094739437103,27.35611617565155
stim_64_harmonic.wav,64.9999988079071,0.0,50.480579137802124,21.608033180236816
stim_64_harmonic.wav,50.00000238418579,20.000000596046448,52.831374406814575,33.98987889289856
stim_64_harmonic.wav,20.000000149011612,49.999998807907104,28.55311006307602,42.24533557891846
stim_80_harmonic.wav,54.99999940395355,10.000000298023224,40.62454730272293,26.157277822494507
stim_80_harmonic.wav,0.0,40.000001192092896,38.7915363907814,28.18393349647522
stim_80_harmonic.wav,90.0,40.000001192092896,63.63656759262085,33.20667386054993
stim_80_harmonic.wav,0.0,60.0,9.623698890209198,31.73142671585083
stim_80_harmonic.wav,5.000000037252903,10.000000298023224,7.462114691734314,39.64865684509277
stim_80_harmonic.wav,20.000000149011612,49.999998807907104,40.74174106121063,26.26839816570282
stim_80_harmonic.wav,35.00000059604645,40.000001192092896,38.12998294830322,36.04678988456726
stim_80_harmonic.wav,74.99999821186066,30.0,40.79066455364227,26.489633917808533
stim_80_harmonic.wav,64.9999988079071,60.0,40.880864560604095,26.386696100234985
stim_80_harmonic.wav,5.000000037252903,40.000001192092896,12.140235900878906,40.48650026321411
stim_80_harmonic.wav,54.99999940395355,20.000000596046448,41.0156911611557,26.273587346076965
stim_80_harmonic.wav,64.9999988079071,0.0,40.6518816947937,26.147591471672058
stim_80_harmonic.wav,60.00000178813934,10.000000298023224,41.44328624010086,26.235024333000183
stim_80_harmonic.wav,60.00000178813934,60.0,42.85299897193909,41.3786244392395
stim_80_harmonic.wav,40.000000298023224,60.0,40.23189336061478,26.546600461006165
stim_80_harmonic.wav,84.99999761581421,0.0,64.89349901676178,11.004030704498291
stim_80_harmonic.wav,84.99999761581421,20.000000596046448,41.29577279090881,26.243664622306824
stim_80_harmonic.wav,45.0,10.000000298023224,40.70754557847977,26.174973249435425
stim_80_harmonic.wav,60.00000178813934,60.0,40.66021531820297,26.163366436958313
stim_80_harmonic.wav,20.000000149011612,40.000001192092896,41.027342677116394,26.331045627593994
stim_80_harmonic.wav,70.0000011920929,49.999998807907104,51.943241357803345,24.98240053653717
stim_80_harmonic.wav,74.99999821186066,20.000000596046448,41.02308064699173,26.127532124519348
stim_80_harmonic.wav,54.99999940395355,10.000000298023224,40.81751883029938,26.18745267391205
stim_80_harmonic.wav,50.00000238418579,20.000000596046448,40.74583947658539,26.202245950698853
stim_80_harmonic.wav,64.9999988079071,49.999998807907104,41.39556705951691,27.203051447868347
stim_80_harmonic.wav,60.00000178813934,40.000001192092896,49.00522470474243,20.989927053451538
stim_80_harmonic.wav,70.0000011920929,10.000000298023224,41.49057894945145,26.499250531196594
stim_80_harmonic.wav,80.00000059604645,30.0,40.70026069879532,26.372496485710144
stim_80_harmonic.wav,0.0,49.999998807907104,40.86806505918503,26.71421527862549
stim_80_harmonic.wav,0.0,60.0,16.063811480998993,30.54689884185791
stim_80_harmonic.wav,40.000000298023224,30.0,41.062616407871246,26.382306218147278
stim_80_harmonic.wav,50.00000238418579,30.0,41.198695600032806,27.17154622077942
stim_80_harmonic.wav,40.000000298023224,60.0,41.662811636924744,26.802608370780945
stim_80_harmonic.wav,30.00000089406967,0.0,40.99291115999222,26.561315059661865
stim_80_harmonic.wav,5.000000037252903,10.000000298023224,8.31851452589035,39.89278793334961
stim_80_harmonic.wav,5.000000037252903,20.000000596046448,13.903520107269287,36.820374727249146
stim_80_harmonic.wav,50.00000238418579,60.0,33.613024950027466,34.20305013656616
stim_80_harmonic.wav,64.9999988079071,30.0,40.607614517211914,26.16327702999115
stim_80_harmonic.wav,70.0000011920929,49.999998807907104,40.98830580711365,26.259162425994873
stim_80_harmonic.wav,25.000001192092896,20.000000596046448,34.528908133506775,29.902256727218628
stim_80_harmonic.wav,90.0,30.0,40.977845191955566,26.022436022758484
stim_80_harmonic.wav,64.9999988079071,49.999998807907104,41.355430483818054,26.156365871429443
stim_80_harmonic.wav,60.00000178813934,40.000001192092896,46.58048629760742,20.038488507270813
stim_80_harmonic.wav,15.000000447034836,20.000000596046448,41.46770507097244,26.152682304382324
stim_80_harmonic.wav,35.00000059604645,40.000001192092896,38.22462201118469,32.3316764831543
stim_80_harmonic.wav,84.99999761581421,40.000001192092896,40.59787541627884,26.166728138923645
stim_80_harmonic.wav,74.99999821186066,20.000000596046448,59.17712688446045,27.590521574020386
stim_80_harmonic.wav,35.00000059604645,30.0,40.598460137844086,26.612139344215393
stim_80_harmonic.wav,40.000000298023224,10.000000298023224,40.82790970802307,26.381714344024658
stim_80_harmonic.wav,84.99999761581421,60.0,40.99763721227646,27.292152643203735
stim_80_harmonic.wav,35.00000059604645,0.0,41.71877056360245,28.012561798095703
stim_80_harmonic.wav,10.000000074505806,30.0,41.14088326692581,26.388133764266968
stim_80_harmonic.wav,15.000000447034836,20.000000596046448,41.24825477600098,26.60153567790985
stim_80_harmonic.wav,64.9999988079071,49.999998807907104,40.92760741710663,26.309335827827454
stim_80_harmonic.wav,60.00000178813934,40.000001192092896,44.893846213817596,19.38347339630127
stim_80_harmonic.wav,40.000000298023224,10.000000298023224,42.709358632564545,12.785380482673645
stim_80_harmonic.wav,74.99999821186066,49.999998807907104,53.133498430252075,25.926870703697205
stim_80_harmonic.wav,10.000000074505806,30.0,41.34038060903549,26.324159502983093
stim_80_harmonic.wav,54.99999940395355,20.000000596046448,48.66934776306152,21.845811009407043
stim_80_harmonic.wav,50.00000238418579,49.999998807907104,41.278147995471954,24.545488357543945
stim_80_harmonic.wav,60.00000178813934,60.0,42.182722985744476,27.637104392051697
stim_80_harmonic.wav,64.9999988079071,40.000001192092896,41.0250198841095,26.21985912322998
stim_80_harmonic.wav,10.000000074505806,0.0,17.84678041934967,25.758610367774963
stim_80_harmonic.wav,45.0,10.000000298023224,40.623978674411774,26.385499835014343
stim_80_harmonic.wav,20.000000149011612,20.000000596046448,28.46054971218109,22.455772161483765
stim_80_harmonic.wav,20.000000149011612,49.999998807907104,35.21965205669403,27.420607209205627
stim_80_harmonic.wav,10.000000074505806,49.999998807907104,41.045570969581604,26.270177364349365
stim_80_harmonic.wav,30.00000089406967,10.000000298023224,41.62301570177078,27.199482321739197
stim_80_harmonic.wav,5.000000037252903,40.000001192092896,30.776851773262024,28.967360258102417
stim_80_harmonic.wav,20.000000149011612,60.0,17.014265656471252,30.082114934921265
stim_80_harmonic.wav,25.000001192092896,10.000000298023224,40.878638327121735,26.361969709396362
stim_80_harmonic.wav,10.000000074505806,60.0,41.15722596645355,26.54051184654236
stim_80_harmonic.wav,15.000000447034836,20.000000596046448,27.183372974395752,27.886204719543457
stim_80_harmonic.wav,80.00000059604645,60.0,40.66750556230545,26.445107460021973
stim_80_harmonic.wav,5.000000037252903,49.999998807907104,40.767109394073486,26.429729461669922
stim_80_harmonic.wav,35.00000059604645,30.0,39.99570071697235,27.140504121780396
stim_80_harmonic.wav,80.00000059604645,60.0,40.41694164276123,27.47639000415802
stim_80_harmonic.wav,54.99999940395355,30.0,49.84743297100067,18.583195209503174
stim_80_harmonic.wav,20.000000149011612,0.0,29.818310737609863,23.422590494155884
stim_80_harmonic.wav,5.000000037252903,0.0,40.8220973610878,26.227669715881348
stim_80_harmonic.wav,84.99999761581421,10.000000298023224,64.86431121826172,12.409180104732513
stim_80_harmonic.wav,15.000000447034836,40.000001192092896,40.64345955848694,26.150575876235962
stim_80_harmonic.wav,74.99999821186066,49.999998807907104,40.672880709171295,26.354094743728638
stim_80_harmonic.wav,84.99999761581421,40.000001192092896,64.90540266036987,31.775561571121216
stim_80_harmonic.wav,84.99999761581421,60.0,40.89507758617401,26.469426155090332
stim_80_harmonic.wav,25.000001192092896,30.0,30.864989161491394,26.99816107749939
stim_80_harmonic.wav,5.000000037252903,0.0,40.69209337234497,26.967709064483643
stim_80_harmonic.wav,74.99999821186066,20.000000596046448,59.9594521522522,26.78649365901947
stim_80_harmonic.wav,5.000000037252903,0.0,13.832318186759949,36.399686336517334
stim_80_harmonic.wav,50.00000238418579,40.000001192092896,40.57763010263443,26.190741062164307
stim_80_harmonic.wav,5.000000037252903,40.000001192092896,15.153582394123077,37.75047183036804
stim_80_harmonic.wav,25.000001192092896,30.0,41.27557575702667,26.32023274898529
stim_80_harmonic.wav,40.000000298023224,49.999998807907104,41.39252543449402,26.961286067962646
stim_80_harmonic.wav,90.0,10.000000298023224,40.594847202301025,26.383740305900574
stim_80_harmonic.wav,30.00000089406967,20.000000596046448,40.93361288309097,26.337137818336487
stim_80_harmonic.wav,40.000000298023224,30.0,40.0749546289444,21.858129501342773
stim_80_harmonic.wav,0.0,0.0,11.011084914207458,30.67095637321472
stim_80_harmonic.wav,50.00000238418579,40.000001192092896,40.66163957118988,26.613214015960693
stim_80_harmonic.wav,80.00000059604645,10.000000298023224,60.608664751052856,15.976234674453735
stim_80_harmonic.wav,30.00000089406967,20.000000596046448,38.63346308469772,23.812050819396973
stim_80_harmonic.wav,60.00000178813934,49.999998807907104,40.48656642436981,26.384705901145935
stim_80_harmonic.wav,84.99999761581421,40.000001192092896,41.31423443555832,26.239576935768127
stim_80_harmonic.wav,70.0000011920929,10.000000298023224,41.75472021102905,26.026108860969543
stim_80_harmonic.wav,45.0,10.000000298023224,40.765492022037506,26.089594960212708
stim_80_harmonic.wav,20.000000149011612,40.000001192092896,28.768247365951538,29.140368103981018
stim_80_harmonic.wav,50.00000238418579,60.0,40.82576930522919,26.18869185447693
stim_80_harmonic.wav,25.000001192092896,49.999998807907104,39.697361290454865,26.841925978660583
stim_80_harmonic.wav,54.99999940395355,40.000001192092896,40.48479080200195,26.265077590942383
stim_80_harmonic.wav,10.000000074505806,10.000000298023224,18.42764362692833,28.54238748550415
stim_80_harmonic.wav,15.000000447034836,49.999998807907104,41.08778357505798,26.384580731391907
stim_80_harmonic.wav,35.00000059604645,10.000000298023224,41.08255863189697,26.356912851333618
stim_80_harmonic.wav,30.00000089406967,40.000001192092896,37.199720442295074,35.98962664604187
stim_80_harmonic.wav,20.000000149011612,49.999998807907104,29.679509103298187,29.839476943016052
stim_80_harmonic.wav,40.000000298023224,60.0,41.93086624145508,26.23242437839508
stim_80_harmonic.wav,25.000001192092896,0.0,40.863371193408966,26.39516294002533
stim_80_harmonic.wav,10.000000074505806,30.0,23.90266388654709,30.742814540863037
stim_80_harmonic.wav,15.000000447034836,20.000000596046448,40.9189572930336,26.361799836158752
stim_80_harmonic.wav,45.0,49.999998807907104,40.72267860174179,26.142538189888
stim_80_harmonic.wav,30.00000089406967,30.0,40.468120872974396,26.25085473060608
stim_95_harmonic.wav,5.000000037252903,0.0,40.75495362281799,26.32801115512848
stim_95_harmonic.wav,74.99999821186066,60.0,40.85246801376343,26.082492470741272
stim_95_harmonic.wav,15.000000447034836,60.0,40.67532151937485,26.417516469955444
stim_95_harmonic.wav,30.00000089406967,10.000000298023224,41.26343876123428,26.55066668987274
stim_95_harmonic.wav,80.00000059604645,60.0,46.76680326461792,27.654801607131958
stim_95_harmonic.wav,50.00000238418579,49.999998807907104,40.92062830924988,26.112130880355835
stim_95_harmonic.wav,40.000000298023224,49.999998807907104,40.74280321598053,26.113892197608948
stim_95_harmonic.wav,30.00000089406967,49.999998807907104,40.87191939353943,26.1515074968338
stim_95_harmonic.wav,80.00000059604645,30.0,40.59753209352493,26.166849732398987
stim_95_harmonic.wav,64.9999988079071,40.000001192092896,51.42818212509155,28.292627334594727
stim_95_harmonic.wav,10.000000074505806,10.000000298023224,40.74130117893219,26.144773364067078
stim_95_harmonic.wav,45.0,40.000001192092896,43.21871817111969,30.840657949447632
stim_95_harmonic.wav,40.000000298023224,60.0,45.73036551475525,25.754923224449158
stim_95_harmonic.wav,20.000000149011612,0.0,41.03748679161072,26.23212218284607
stim_95_harmonic.wav,10.000000074505806,40.000001192092896,41.07382535934448,26.21347725391388
stim_95_harmonic.wav,35.00000059604645,20.000000596046448,34.673819839954376,31.28303289413452
stim_95_harmonic.wav,30.00000089406967,10.000000298023224,42.87269979715347,28.87658715248108
stim_95_harmonic.wav,54.99999940395355,0.0,41.734179854393005,26.545094847679138
stim_95_harmonic.wav,30.00000089406967,40.000001192092896,40.878348648548126,26.323851943016052
stim_95_harmonic.wav,80.00000059604645,0.0,43.71214807033539,28.02644670009613
stim_95_harmonic.wav,74.99999821186066,10.000000298023224,41.01791739463806,26.28931760787964
stim_95_harmonic.wav,84.99999761581421,40.000001192092896,52.671348452568054,33.5184645652771
stim_95_harmonic.wav,25.000001192092896,10.000000298023224,39.25974816083908,32.640817165374756
stim_95_harmonic.wav,70.0000011920929,40.000001192092896,40.564492642879486,26.193893551826477
stim_95_harmonic.wav,5.000000037252903,10.000000298023224,31.62429302930832,32.22666263580322
stim_95_harmonic.wav,45.0,60.0,40.926722288131714,26.207451224327087
stim_95_harmonic.wav,25.000001192092896,20.000000596046448,40.884525775909424,26.70011579990387
stim_95_harmonic.wav,25.000001192092896,40.000001192092896,43.372381925582886,31.90711498260498
stim_95_harmonic.wav,70.0000011920929,20.000000596046448,40.64255028963089,26.150899529457092
stim_95_harmonic.wav,25.000001192092896,10.000000298023224,48.56115281581879,34.43501830101013
stim_95_harmonic.wav,80.00000059604645,30.0,58.155773878097534,30.2833092212677
stim_95_harmonic.wav,90.0,10.000000298023224,43.97783160209656,28.121225237846375
stim_95_harmonic.wav,70.0000011920929,60.0,40.74764996767044,26.11157476902008
stim_95_harmonic.wav,10.000000074505806,10.000000298023224,41.01599961519241,26.638217568397522
stim_95_harmonic.wav,20.000000149011612,10.000000298023224,40.66751629114151,26.247342824935913
stim_95_harmonic.wav,84.99999761581421,40.000001192092896,40.70969134569168,26.150954961776733
stim_95_harmonic.wav,80.00000059604645,49.999998807907104,40.797321796417236,26.191070079803467
stim_95_harmonic.wav,64.9999988079071,30.0,47.779449820518494,28.321643471717834
stim_95_harmonic.wav,15.000000447034836,0.0,41.5099310874939,26.404293179512024
stim_95_harmonic.wav,15.000000447034836,10.000000298023224,41.49426430463791,22.533259391784668
stim_95_harmonic.wav,25.000001192092896,20.000000596046448,43.03561717271805,31.775060892105103
stim_95_harmonic.wav,10.000000074505806,30.0,40.92999458312988,26.110174655914307
stim_95_harmonic.wav,15.000000447034836,20.000000596046448,40.71591943502426,26.11831784248352
stim_95_harmonic.wav,60.00000178813934,20.000000596046448,40.881280303001404,26.242294907569885
stim_95_harmonic.wav,25.000001192092896,0.0,40.76997935771942,26.45375669002533
stim_95_harmonic.wav,35.00000059604645,60.0,42.69442409276962,24.752908945083618
stim_95_harmonic.wav,45.0,0.0,41.33262902498245,27.021766304969788
stim_95_harmonic.wav,54.99999940395355,49.999998807907104,42.992235124111176,27.982000708580017
stim_95_harmonic.wav,50.00000238418579,40.000001192092896,45.3180992603302,29.011831283569336
stim_95_harmonic.wav,45.0,30.0,44.15398836135864,21.178354024887085
stim_95_harmonic.wav,10.000000074505806,60.0,33.9453399181366,28.043240904808044
stim_95_harmonic.wav,70.0000011920929,60.0,41.31166756153107,26.76902711391449
stim_95_harmonic.wav,35.00000059604645,0.0,41.07457906007767,26.284475326538086
stim_95_harmonic.wav,25.000001192092896,20.000000596046448,40.41898816823959,30.201469659805298
stim_95_harmonic.wav,0.0,60.0,27.209124863147736,30.004953145980835
stim_95_harmonic.wav,35.00000059604645,49.999998807907104,40.53899824619293,26.98988914489746
stim_95_harmonic.wav,15.000000447034836,30.0,38.02334368228912,28.12426507472992
stim_95_harmonic.wav,45.0,40.000001192092896,41.036212742328644,26.45147144794464
stim_95_harmonic.wav,30.00000089406967,30.0,40.652300119400024,26.14744484424591
stim_95_harmonic.wav,45.0,49.999998807907104,53.03078055381775,37.552428245544434
stim_95_harmonic.wav,60.00000178813934,40.000001192092896,47.58601427078247,26.496076583862305
stim_95_harmonic.wav,70.0000011920929,30.0,51.035377979278564,29.45097327232361
stim_95_harmonic.wav,10.000000074505806,10.000000298023224,41.63262069225311,26.652057766914368
stim_95_harmonic.wav,25.000001192092896,60.0,40.793110728263855,26.12497329711914
stim_95_harmonic.wav,5.000000037252903,20.000000596046448,30.00992774963379,29.76165533065796
stim_95_harmonic.wav,84.99999761581421,30.0,43.85957032442093,28.745180368423462
stim_95_harmonic.wav,54.99999940395355,10.000000298023224,40.820429027080536,26.315131187438965
stim_95_harmonic.wav,20.000000149011612,0.0,40.66826730966568,26.141785383224487
stim_95_harmonic.wav,54.99999940395355,30.0,41.85646712779999,27.42860734462738
stim_95_harmonic.wav,20.000000149011612,0.0,39.73813354969025,26.448451280593872
stim_95_harmonic.wav,40.000000298023224,60.0,44.190654158592224,24.99013602733612
stim_95_harmonic.wav,74.99999821186066,40.000001192092896,51.855854988098145,30.920108556747437
stim_95_harmonic.wav,84.99999761581421,60.0,40.71728199720383,26.12441897392273
stim_95_harmonic.wav,30.00000089406967,30.0,43.337585628032684,30.636577606201172
stim_95_harmonic.wav,15.000000447034836,0.0,41.19904428720474,26.18748128414154
stim_95_harmonic.wav,10.000000074505806,40.000001192092896,40.96110820770264,26.17098569869995
stim_95_harmonic.wav,0.0,30.0,41.22825622558594,26.32154881954193
stim_95_harmonic.wav,70.0000011920929,20.000000596046448,41.52563005685806,27.018830180168152
stim_95_harmonic.wav,70.0000011920929,0.0,40.84681659936905,26.159425377845764
stim_95_harmonic.wav,84.99999761581421,20.000000596046448,40.99412351846695,26.18474543094635
stim_95_harmonic.wav,45.0,0.0,44.89652305841446,24.288146495819092
stim_95_harmonic.wav,60.00000178813934,40.000001192092896,40.4546320438385,26.238089203834534
stim_95_harmonic.wav,5.000000037252903,20.000000596046448,40.6085479259491,26.20393216609955
stim_95_harmonic.wav,20.000000149011612,0.0,44.30269539356232,35.49119710922241
stim_95_harmonic.wav,50.00000238418579,60.0,40.85940957069397,26.153894662857056
stim_95_harmonic.wav,40.000000298023224,0.0,41.3276669383049,27.270678877830505
stim_95_harmonic.wav,84.99999761581421,10.000000298023224,40.65247178077698,26.147382259368896
stim_95_harmonic.wav,0.0,0.0,23.046057522296906,30.26355743408203
stim_95_harmonic.wav,70.0000011920929,10.000000298023224,46.187644600868225,24.91647183895111
stim_95_harmonic.wav,54.99999940395355,40.000001192092896,48.93958568572998,25.27958035469055
stim_95_harmonic.wav,20.000000149011612,30.0,41.03711932897568,26.249985694885254
stim_95_harmonic.wav,0.0,40.000001192092896,40.997948348522186,26.522927284240723
stim_95_harmonic.wav,20.000000149011612,49.999998807907104,41.89464569091797,27.612444162368774
stim_95_harmonic.wav,35.00000059604645,10.000000298023224,50.419355034828186,29.2562198638916
stim_95_harmonic.wav,84.99999761581421,10.000000298023224,41.33202821016312,26.056387424468994
stim_95_harmonic.wav,10.000000074505806,20.000000596046448,41.25970512628555,26.275686621665955
stim_95_harmonic.wav,70.0000011920929,20.000000596046448,40.902453660964966,26.132941246032715
stim_95_harmonic.wav,90.0,60.0,46.35373771190643,33.228474855422974
stim_95_harmonic.wav,20.000000149011612,0.0,40.706250071525574,27.4685275554657
stim_95_harmonic.wav,40.000000298023224,49.999998807907104,40.919206738471985,26.207149028778076
stim_95_harmonic.wav,74.99999821186066,10.000000298023224,46.94461226463318,24.23313617706299
stim_95_harmonic.wav,35.00000059604645,40.000001192092896,41.29950374364853,26.76451027393341
stim_81_harmonic.wav,50.00000238418579,49.999998807907104,42.07274705171585,29.700082540512085
stim_81_harmonic.wav,5.000000037252903,20.000000596046448,42.089403569698334,27.18798279762268
stim_81_harmonic.wav,10.000000074505806,10.000000298023224,21.690654158592224,28.781368732452393
stim_81_harmonic.wav,80.00000059604645,40.000001192092896,52.266324162483215,31.648921966552734
stim_81_harmonic.wav,5.000000037252903,40.000001192092896,37.756131291389465,30.431106090545654
stim_81_harmonic.wav,20.000000149011612,10.000000298023224,40.987892746925354,26.721823811531067
stim_81_harmonic.wav,70.0000011920929,60.0,43.86823117733002,27.134006023406982
stim_81_harmonic.wav,5.000000037252903,20.000000596046448,39.381335377693176,27.731541395187378
stim_81_harmonic.wav,54.99999940395355,49.999998807907104,42.35113888978958,29.387564063072205
stim_81_harmonic.wav,30.00000089406967,0.0,40.835658609867096,29.709484577178955
stim_81_harmonic.wav,25.000001192092896,30.0,42.87962794303894,29.683356285095215
stim_81_harmonic.wav,40.000000298023224,0.0,43.44544529914856,23.351014852523804
stim_81_harmonic.wav,60.00000178813934,30.0,47.81033277511597,26.176387667655945
stim_81_harmonic.wav,45.0,30.0,41.07779771089554,27.929542064666748
stim_81_harmonic.wav,15.000000447034836,40.000001192092896,22.35004037618637,32.0128870010376
stim_81_harmonic.wav,25.000001192092896,40.000001192092896,40.790731608867645,26.39546513557434
stim_81_harmonic.wav,35.00000059604645,10.000000298023224,42.36785978078842,30.269408226013184
stim_81_harmonic.wav,84.99999761581421,49.999998807907104,41.7707034945488,25.827131867408752
stim_81_harmonic.wav,80.00000059604645,0.0,72.17774033546448,9.750062227249146
stim_81_harmonic.wav,40.000000298023224,40.000001192092896,47.658079862594604,36.34146451950073
stim_81_harmonic.wav,45.0,60.0,45.561692118644714,33.054964542388916
stim_81_harmonic.wav,50.00000238418579,49.999998807907104,48.289783000946045,45.0358521938324
stim_81_harmonic.wav,70.0000011920929,0.0,42.601853013038635,28.329657912254333
stim_81_harmonic.wav,0.0,60.0,40.725784599781036,26.952340006828308
stim_81_harmonic.wav,5.000000037252903,40.000001192092896,16.73090636730194,37.5678813457489
stim_81_harmonic.wav,0.0,49.999998807907104,15.145109295845032,28.414365649223328
stim_81_harmonic.wav,25.000001192092896,0.0,41.192395091056824,27.543545365333557
stim_81_harmonic.wav,90.0,60.0,41.67383283376694,33.63717555999756
stim_81_harmonic.wav,60.00000178813934,30.0,42.268491983413696,27.404817938804626
stim_81_harmonic.wav,0.0,40.000001192092896,33.538043797016144,29.178627133369446
stim_81_harmonic.wav,20.000000149011612,60.0,22.425909340381622,27.78816282749176
stim_81_harmonic.wav,60.00000178813934,20.000000596046448,40.720361173152924,26.28485083580017
stim_81_harmonic.wav,64.9999988079071,60.0,44.00751829147339,31.716184616088867
stim_81_harmonic.wav,50.00000238418579,10.000000298023224,42.71034836769104,25.585062503814697
stim_81_harmonic.wav,45.0,60.0,37.566643953323364,36.54270887374878
stim_81_harmonic.wav,20.000000149011612,40.000001192092896,41.606630086898804,26.18119776248932
stim_81_harmonic.wav,90.0,60.0,41.172122955322266,34.73958492279053
stim_81_harmonic.wav,10.000000074505806,30.0,20.646470189094543,25.848990082740784
stim_81_harmonic.wav,10.000000074505806,60.0,37.76405990123749,29.420839548110962
stim_81_harmonic.wav,15.000000447034836,40.000001192092896,41.079095900058746,26.62160575389862
stim_81_harmonic.wav,30.00000089406967,20.000000596046448,41.005211770534515,27.282623648643494
stim_81_harmonic.wav,90.0,60.0,42.65975922346115,27.720143795013428
stim_81_harmonic.wav,80.00000059604645,20.000000596046448,66.22809112071991,17.998539805412292
stim_81_harmonic.wav,20.000000149011612,40.000001192092896,38.352617025375366,27.332128286361694
stim_81_harmonic.wav,80.00000059604645,20.000000596046448,64.65865552425385,20.038071870803833
stim_81_harmonic.wav,5.000000037252903,60.0,38.2385990023613,26.950106620788574
stim_81_harmonic.wav,40.000000298023224,0.0,41.74080491065979,26.611053943634033
stim_81_harmonic.wav,50.00000238418579,40.000001192092896,48.22530269622803,25.93294322490692
stim_81_harmonic.wav,70.0000011920929,30.0,41.71729266643524,26.387681365013123
stim_81_harmonic.wav,84.99999761581421,60.0,44.56570476293564,33.1616735458374
stim_81_harmonic.wav,70.0000011920929,60.0,41.39419376850128,34.569164514541626
stim_81_harmonic.wav,20.000000149011612,60.0,40.322788059711456,26.28103494644165
stim_81_harmonic.wav,64.9999988079071,0.0,42.51740634441376,25.62014400959015
stim_81_harmonic.wav,40.000000298023224,20.000000596046448,42.66535431146622,26.548866033554077
stim_81_harmonic.wav,20.000000149011612,60.0,40.52202790975571,26.35199725627899
stim_81_harmonic.wav,5.000000037252903,49.999998807907104,40.31506061553955,28.6008220911026
stim_81_harmonic.wav,35.00000059604645,0.0,43.59221577644348,27.060359716415405
stim_81_harmonic.wav,70.0000011920929,60.0,44.24335420131683,36.64298057556152
stim_81_harmonic.wav,20.000000149011612,20.000000596046448,40.947007834911346,26.242622137069702
stim_81_harmonic.wav,15.000000447034836,20.000000596046448,43.37007254362106,26.518889665603638
stim_81_harmonic.wav,45.0,30.0,40.47421216964722,27.014708518981934
stim_81_harmonic.wav,50.00000238418579,10.000000298023224,45.00224769115448,16.47316038608551
stim_81_harmonic.wav,25.000001192092896,49.999998807907104,41.397573351860046,26.438294649124146
stim_81_harmonic.wav,0.0,0.0,35.95743387937546,30.132508277893066
stim_81_harmonic.wav,74.99999821186066,10.000000298023224,58.50243330001831,16.146944761276245
stim_81_harmonic.wav,60.00000178813934,20.000000596046448,48.11903357505798,28.427823185920715
stim_81_harmonic.wav,35.00000059604645,60.0,36.109284460544586,33.31825017929077
stim_81_harmonic.wav,50.00000238418579,30.0,49.35351490974426,23.256720900535583
stim_81_harmonic.wav,84.99999761581421,10.000000298023224,60.463648438453674,15.645309090614319
stim_81_harmonic.wav,84.99999761581421,20.000000596046448,43.82797658443451,27.124555706977844
stim_81_harmonic.wav,70.0000011920929,30.0,42.145043313503265,29.34585928916931
stim_81_harmonic.wav,40.000000298023224,10.000000298023224,41.796600222587585,38.3463978767395
stim_81_harmonic.wav,40.000000298023224,49.999998807907104,43.12499910593033,33.51026773452759
stim_81_harmonic.wav,20.000000149011612,0.0,31.24614715576172,36.538732051849365
stim_81_harmonic.wav,10.000000074505806,49.999998807907104,25.38813829421997,31.783318519592285
stim_81_harmonic.wav,50.00000238418579,10.000000298023224,41.83362275362015,25.669044256210327
stim_81_harmonic.wav,50.00000238418579,60.0,41.94580078125,27.358590960502625
stim_81_harmonic.wav,5.000000037252903,30.0,36.21710658073425,27.71921932697296
stim_81_harmonic.wav,84.99999761581421,40.000001192092896,59.618173241615295,30.862748622894287
stim_81_harmonic.wav,90.0,30.0,55.591206550598145,24.296101927757263
stim_81_harmonic.wav,5.000000037252903,30.0,16.509838700294495,37.91594982147217
stim_81_harmonic.wav,0.0,0.0,27.62808322906494,29.256024956703186
stim_81_harmonic.wav,10.000000074505806,40.000001192092896,41.02699935436249,26.555864810943604
stim_81_harmonic.wav,35.00000059604645,40.000001192092896,41.163521111011505,27.5209379196167
stim_81_harmonic.wav,74.99999821186066,0.0,50.39184093475342,23.915648460388184
stim_81_harmonic.wav,60.00000178813934,20.000000596046448,59.93464708328247,25.24457037448883
stim_81_harmonic.wav,25.000001192092896,10.000000298023224,40.635163486003876,33.017449378967285
stim_81_harmonic.wav,45.0,60.0,42.03900218009949,27.378671765327454
stim_81_harmonic.wav,64.9999988079071,40.000001192092896,44.60713416337967,27.695796489715576
stim_81_harmonic.wav,74.99999821186066,10.000000298023224,40.675128400325775,26.38354182243347
stim_81_harmonic.wav,70.0000011920929,30.0,56.7772901058197,27.48436689376831
stim_81_harmonic.wav,70.0000011920929,49.999998807907104,41.8844211101532,26.901851892471313
stim_81_harmonic.wav,5.000000037252903,49.999998807907104,41.78748071193695,26.730260252952576
stim_81_harmonic.wav,30.00000089406967,20.000000596046448,38.6567285656929,34.37974691390991
stim_81_harmonic.wav,74.99999821186066,20.000000596046448,57.46241211891174,30.20721673965454
stim_81_harmonic.wav,60.00000178813934,49.999998807907104,44.85662519931793,22.72792339324951
stim_81_harmonic.wav,15.000000447034836,0.0,39.6617791056633,27.323521971702576
stim_81_harmonic.wav,64.9999988079071,10.000000298023224,44.62541341781616,26.618835926055908
stim_81_harmonic.wav,35.00000059604645,30.0,40.36436229944229,34.25678014755249
stim_81_harmonic.wav,60.00000178813934,49.999998807907104,47.076287269592285,21.399686336517334
stim_81_harmonic.wav,64.9999988079071,60.0,43.02018642425537,29.15762186050415
stim_81_harmonic.wav,50.00000238418579,40.000001192092896,47.96734392642975,24.772372841835022
stim_81_harmonic.wav,25.000001192092896,0.0,34.18029338121414,33.37280631065369
stim_81_harmonic.wav,35.00000059604645,10.000000298023224,42.349956035614014,29.334270358085632
stim_81_harmonic.wav,30.00000089406967,60.0,33.64819943904877,30.248583555221558
stim_81_harmonic.wav,45.0,10.000000298023224,48.50968658924103,21.57081663608551
stim_81_harmonic.wav,10.000000074505806,60.0,38.25709015130997,30.475738048553467
stim_81_harmonic.wav,40.000000298023224,40.000001192092896,42.62144923210144,38.145060539245605
stim_81_harmonic.wav,60.00000178813934,0.0,41.586489379405975,26.158856749534607
stim_81_harmonic.wav,70.0000011920929,0.0,48.94515931606293,23.38088035583496
stim_81_harmonic.wav,15.000000447034836,49.999998807907104,27.089487612247467,26.888403296470642
stim_81_harmonic.wav,54.99999940395355,60.0,41.99890315532684,27.12689995765686
stim_81_harmonic.wav,90.0,30.0,58.127020597457886,25.649505257606506
stim_81_harmonic.wav,54.99999940395355,10.000000298023224,53.39537858963013,21.631988883018494
stim_81_harmonic.wav,64.9999988079071,10.000000298023224,54.20184910297394,21.29842758178711
stim_81_harmonic.wav,50.00000238418579,10.000000298023224,41.052938997745514,25.970515608787537
stim_81_harmonic.wav,50.00000238418579,49.999998807907104,49.86337065696716,22.60685920715332
stim_81_harmonic.wav,40.000000298023224,40.000001192092896,40.212678015232086,31.17364525794983
stim_81_harmonic.wav,0.0,40.000001192092896,39.692713022232056,28.105934858322144
stim_81_harmonic.wav,40.000000298023224,10.000000298023224,47.9193377494812,25.310842394828796
stim_81_harmonic.wav,70.0000011920929,20.000000596046448,44.93564039468765,26.268845200538635
stim_81_harmonic.wav,30.00000089406967,30.0,32.9164981842041,34.43980693817139
stim_81_harmonic.wav,45.0,30.0,46.81943893432617,25.81612765789032
stim_81_harmonic.wav,64.9999988079071,40.000001192092896,47.278767228126526,22.05272376537323
stim_81_harmonic.wav,70.0000011920929,10.000000298023224,40.48630356788635,26.253456473350525
stim_81_harmonic.wav,10.000000074505806,40.000001192092896,41.20979994535446,26.845566630363464
stim_81_harmonic.wav,90.0,49.999998807907104,41.03563070297241,26.957454085350037
stim_81_harmonic.wav,84.99999761581421,40.000001192092896,47.999664545059204,25.139336585998535
stim_81_harmonic.wav,60.00000178813934,30.0,41.15735739469528,27.14909076690674
stim_81_harmonic.wav,40.000000298023224,10.000000298023224,41.36672794818878,29.16558265686035
stim_81_harmonic.wav,5.000000037252903,0.0,42.257800698280334,27.70243227481842
stim_81_harmonic.wav,0.0,30.0,11.376844346523285,25.73884427547455
stim_81_harmonic.wav,40.000000298023224,30.0,50.71569085121155,24.790883660316467
stim_81_harmonic.wav,60.00000178813934,0.0,43.29505920410156,25.366103053092957
stim_81_harmonic.wav,60.00000178813934,20.000000596046448,41.97405785322189,26.41493797302246
stim_81_harmonic.wav,25.000001192092896,60.0,41.28593981266022,26.238636374473572
stim_81_harmonic.wav,5.000000037252903,0.0,35.76632380485535,31.44693374633789
stim_81_harmonic.wav,30.00000089406967,30.0,43.69244188070297,29.878724813461304
stim_81_harmonic.wav,35.00000059604645,10.000000298023224,42.03114867210388,32.85864472389221
stim_81_harmonic.wav,70.0000011920929,10.000000298023224,41.715087890625,28.022173047065735
stim_81_harmonic.wav,45.0,0.0,47.182647585868835,22.836449146270752
stim_81_harmonic.wav,35.00000059604645,0.0,36.91575229167938,26.19489848613739
stim_81_harmonic.wav,45.0,10.000000298023224,41.14980161190033,26.201863288879395
stim_81_harmonic.wav,25.000001192092896,10.000000298023224,42.48332351446152,29.491467475891113
stim_81_harmonic.wav,25.000001192092896,30.0,43.38308930397034,31.206003427505493
stim_81_harmonic.wav,15.000000447034836,40.000001192092896,39.79851812124252,30.489782094955444
stim_91_harmonic.wav,35.00000059604645,49.999998807907104,40.85436165332794,26.16796374320984
stim_91_harmonic.wav,90.0,49.999998807907104,40.88143855333328,26.042622327804565
stim_91_harmonic.wav,30.00000089406967,40.000001192092896,40.38679361343384,26.445334553718567
stim_91_harmonic.wav,74.99999821186066,40.000001192092896,41.183350682258606,26.180952787399292
stim_91_harmonic.wav,64.9999988079071,0.0,40.83516240119934,27.102404236793518
stim_91_harmonic.wav,40.000000298023224,0.0,45.64165413379669,25.14147162437439
stim_91_harmonic.wav,0.0,0.0,44.47441577911377,28.63198220729828
stim_91_harmonic.wav,45.0,20.000000596046448,43.06690514087677,27.269686460494995
stim_91_harmonic.wav,35.00000059604645,20.000000596046448,40.65801054239273,26.263539791107178
stim_91_harmonic.wav,10.000000074505806,0.0,36.15118861198425,27.593261003494263
stim_91_harmonic.wav,35.00000059604645,30.0,40.69164276123047,29.083873629570007
stim_91_harmonic.wav,5.000000037252903,49.999998807907104,40.990250408649445,26.156333684921265
stim_91_harmonic.wav,40.000000298023224,20.000000596046448,40.52752107381821,26.190767884254456
stim_91_harmonic.wav,54.99999940395355,49.999998807907104,40.7350891828537,26.207953691482544
stim_91_harmonic.wav,54.99999940395355,40.000001192092896,42.16433376073837,27.223602533340454
stim_91_harmonic.wav,35.00000059604645,49.999998807907104,41.393472254276276,26.03080987930298
stim_91_harmonic.wav,5.000000037252903,49.999998807907104,40.39308875799179,26.325219869613647
stim_91_harmonic.wav,50.00000238418579,40.000001192092896,40.778621435165405,26.119582056999207
stim_91_harmonic.wav,84.99999761581421,40.000001192092896,62.31125056743622,30.394935607910156
stim_91_harmonic.wav,54.99999940395355,20.000000596046448,53.1682813167572,26.967267394065857
stim_91_harmonic.wav,25.000001192092896,60.0,40.83322316408157,26.0989773273468
stim_91_harmonic.wav,20.000000149011612,49.999998807907104,30.77671229839325,31.61541223526001
stim_91_harmonic.wav,40.000000298023224,60.0,40.64524054527283,26.14994466304779
stim_91_harmonic.wav,60.00000178813934,20.000000596046448,51.67894721031189,29.42090392112732
stim_91_harmonic.wav,84.99999761581421,49.999998807907104,40.729840099811554,26.344653367996216
stim_91_harmonic.wav,74.99999821186066,20.000000596046448,40.755688548088074,26.315508484840393
stim_91_harmonic.wav,70.0000011920929,49.999998807907104,48.45913767814636,28.677552938461304
stim_91_harmonic.wav,20.000000149011612,20.000000596046448,40.71051210165024,26.156845092773438
stim_91_harmonic.wav,40.000000298023224,10.000000298023224,40.378537774086,26.615400910377502
stim_91_harmonic.wav,45.0,60.0,40.704345703125,26.127403378486633
stim_91_harmonic.wav,54.99999940395355,0.0,39.92788642644882,28.16849112510681
stim_91_harmonic.wav,64.9999988079071,49.999998807907104,40.80993354320526,26.26910626888275
stim_91_harmonic.wav,35.00000059604645,30.0,48.66869866847992,28.838446140289307
stim_91_harmonic.wav,20.000000149011612,0.0,40.23463189601898,26.49281680583954
stim_91_harmonic.wav,90.0,20.000000596046448,40.8078333735466,27.09854006767273
stim_91_harmonic.wav,15.000000447034836,30.0,40.69181710481644,26.155107021331787
stim_91_harmonic.wav,15.000000447034836,60.0,28.93351972103119,34.17139291763306
stim_91_harmonic.wav,50.00000238418579,10.000000298023224,41.12408459186554,25.93449354171753
stim_91_harmonic.wav,30.00000089406967,40.000001192092896,40.44622331857681,28.17194402217865
stim_91_harmonic.wav,15.000000447034836,10.000000298023224,28.820566534996033,30.868853330612183
stim_91_harmonic.wav,25.000001192092896,20.000000596046448,31.762928366661072,36.902832984924316
stim_91_harmonic.wav,25.000001192092896,0.0,40.67106485366821,26.14079475402832
stim_91_harmonic.wav,30.00000089406967,0.0,40.10250627994537,26.627281308174133
stim_91_harmonic.wav,40.000000298023224,30.0,40.432042479515076,27.067678570747375
stim_91_harmonic.wav,20.000000149011612,0.0,40.69964379072189,26.13066852092743
stim_91_harmonic.wav,15.000000447034836,0.0,40.766049921512604,26.129497289657593
stim_91_harmonic.wav,25.000001192092896,10.000000298023224,39.360360503196716,28.152199387550354
stim_91_harmonic.wav,54.99999940395355,10.000000298023224,41.2640181183815,25.82958161830902
stim_91_harmonic.wav,30.00000089406967,10.000000298023224,40.83228975534439,26.147995591163635
stim_91_harmonic.wav,5.000000037252903,60.0,40.22367238998413,26.90029799938202
stim_91_harmonic.wav,25.000001192092896,40.000001192092896,40.69643318653107,26.131805777549744
stim_91_harmonic.wav,5.000000037252903,30.0,40.66411256790161,26.146212816238403
stim_91_harmonic.wav,64.9999988079071,60.0,36.12765222787857,30.651079416275024
stim_91_harmonic.wav,74.99999821186066,20.000000596046448,40.691387951374054,26.86363935470581
stim_91_harmonic.wav,35.00000059604645,10.000000298023224,40.638824701309204,26.15628719329834
stim_91_harmonic.wav,35.00000059604645,10.000000298023224,47.71557569503784,26.281810998916626
stim_91_harmonic.wav,35.00000059604645,20.000000596046448,45.91261625289917,25.58607816696167
stim_91_harmonic.wav,5.000000037252903,10.000000298023224,29.10201609134674,33.4776771068573
stim_91_harmonic.wav,60.00000178813934,30.0,52.05039024353027,31.892412900924683
stim_91_harmonic.wav,64.9999988079071,20.000000596046448,40.77334821224213,26.268010139465332
stim_91_harmonic.wav,25.000001192092896,0.0,40.349524319171906,26.371647119522095
stim_91_harmonic.wav,84.99999761581421,30.0,40.63206285238266,26.43982708454132
stim_91_harmonic.wav,70.0000011920929,10.000000298023224,40.45049339532852,26.450554132461548
stim_91_harmonic.wav,0.0,0.0,39.978531897068024,26.423165202140808
stim_91_harmonic.wav,20.000000149011612,60.0,40.601332783699036,26.16550326347351
stim_91_harmonic.wav,30.00000089406967,40.000001192092896,34.47479724884033,39.64001655578613
stim_91_harmonic.wav,25.000001192092896,49.999998807907104,40.8950936794281,26.117021441459656
stim_91_harmonic.wav,90.0,49.999998807907104,40.699254870414734,26.187357902526855
stim_91_harmonic.wav,15.000000447034836,60.0,29.384374916553497,30.257917642593384
stim_91_harmonic.wav,50.00000238418579,40.000001192092896,40.81924617290497,26.234886646270752
stim_91_harmonic.wav,64.9999988079071,40.000001192092896,49.87163722515106,32.48581051826477
stim_91_harmonic.wav,80.00000059604645,30.0,41.19341969490051,26.073836088180542
stim_91_harmonic.wav,80.00000059604645,60.0,40.26726096868515,26.179522275924683
stim_91_harmonic.wav,15.000000447034836,49.999998807907104,24.215025901794434,35.568766593933105
stim_91_harmonic.wav,15.000000447034836,60.0,40.577002465724945,26.298855543136597
stim_91_harmonic.wav,5.000000037252903,10.000000298023224,26.64450913667679,33.6042058467865
stim_91_harmonic.wav,5.000000037252903,30.0,42.02685981988907,25.855706334114075
stim_91_harmonic.wav,74.99999821186066,40.000001192092896,40.84632843732834,26.127682328224182
stim_91_harmonic.wav,20.000000149011612,0.0,40.568537414073944,26.436994671821594
stim_91_harmonic.wav,30.00000089406967,10.000000298023224,41.545169949531555,30.508428812026978
stim_91_harmonic.wav,15.000000447034836,49.999998807907104,38.2788160443306,27.00241506099701
stim_91_harmonic.wav,70.0000011920929,49.999998807907104,48.9078551530838,26.586268544197083
stim_91_harmonic.wav,84.99999761581421,10.000000298023224,39.90167856216431,27.389461398124695
stim_91_harmonic.wav,80.00000059604645,49.999998807907104,40.78555762767792,26.18712544441223
stim_91_harmonic.wav,74.99999821186066,49.999998807907104,41.3089719414711,25.78059732913971
stim_91_harmonic.wav,5.000000037252903,40.000001192092896,40.81246018409729,26.190390586853027
stim_91_harmonic.wav,80.00000059604645,20.000000596046448,52.35412895679474,25.338599681854248
stim_91_harmonic.wav,84.99999761581421,10.000000298023224,40.72936803102493,26.126752495765686
stim_91_harmonic.wav,10.000000074505806,30.0,28.289912939071655,31.836973428726196
stim_91_harmonic.wav,15.000000447034836,40.000001192092896,40.76517552137375,26.123929023742676
stim_91_harmonic.wav,45.0,30.0,40.04723131656647,26.926556825637817
stim_91_harmonic.wav,0.0,10.000000298023224,45.29661476612091,29.875661730766296
stim_91_harmonic.wav,64.9999988079071,60.0,40.70603549480438,26.12840473651886
stim_91_harmonic.wav,0.0,40.000001192092896,40.70588529109955,26.249404549598694
stim_91_harmonic.wav,5.000000037252903,49.999998807907104,19.898927807807922,39.5159375667572
stim_91_harmonic.wav,15.000000447034836,49.999998807907104,40.59704661369324,26.16702139377594
stim_91_harmonic.wav,60.00000178813934,60.0,41.79832220077515,25.908308029174805
stim_91_harmonic.wav,74.99999821186066,20.000000596046448,40.15486568212509,26.508684754371643
stim_91_harmonic.wav,40.000000298023224,49.999998807907104,45.649057030677795,31.42745018005371
stim_91_harmonic.wav,64.9999988079071,49.999998807907104,40.93811631202698,25.96021056175232
stim_91_harmonic.wav,30.00000089406967,10.000000298023224,40.3092160820961,26.35131061077118
stim_91_harmonic.wav,84.99999761581421,10.000000298023224,41.76505744457245,28.167895674705505
stim_91_harmonic.wav,60.00000178813934,10.000000298023224,40.70784330368042,26.13693416118622
stim_91_harmonic.wav,54.99999940395355,60.0,40.03327578306198,26.416826248168945
stim_91_harmonic.wav,5.000000037252903,10.000000298023224,40.4823312163353,26.40909969806671
stim_91_harmonic.wav,25.000001192092896,0.0,39.462389051914215,27.283912897109985
stim_91_harmonic.wav,50.00000238418579,0.0,41.08187735080719,26.44053339958191
stim_91_harmonic.wav,40.000000298023224,20.000000596046448,41.45415186882019,25.947446823120117
stim_91_harmonic.wav,64.9999988079071,40.000001192092896,49.78354811668396,35.6022047996521
stim_91_harmonic.wav,70.0000011920929,40.000001192092896,50.124505162239075,30.516536235809326
stim_91_harmonic.wav,64.9999988079071,60.0,40.89772492647171,26.458539962768555
stim_91_harmonic.wav,15.000000447034836,30.0,40.53919404745102,26.41576588153839
stim_91_harmonic.wav,74.99999821186066,10.000000298023224,40.64537733793259,26.149896383285522
stim_91_harmonic.wav,74.99999821186066,10.000000298023224,40.1094451546669,26.686570644378662
stim_91_harmonic.wav,0.0,60.0,40.94403862953186,26.30103349685669
stim_91_harmonic.wav,15.000000447034836,10.000000298023224,32.639648616313934,28.256267309188843
stim_91_harmonic.wav,64.9999988079071,0.0,48.68963062763214,25.190556049346924
stim_91_harmonic.wav,25.000001192092896,30.0,40.63048034906387,26.15517497062683
stim_91_harmonic.wav,35.00000059604645,30.0,39.93484675884247,26.97913348674774
stim_91_harmonic.wav,50.00000238418579,0.0,40.58194845914841,26.17237150669098
stim_91_harmonic.wav,54.99999940395355,49.999998807907104,40.68803787231445,26.13478124141693
stim_91_harmonic.wav,54.99999940395355,10.000000298023224,56.75267815589905,29.32767391204834
stim_91_harmonic.wav,15.000000447034836,10.000000298023224,40.26977688074112,26.766493320465088
stim_91_harmonic.wav,35.00000059604645,60.0,40.87579518556595,26.128324270248413
stim_91_harmonic.wav,70.0000011920929,0.0,50.202385783195496,30.16704797744751
stim_91_harmonic.wav,64.9999988079071,49.999998807907104,41.18424117565155,26.26519024372101
stim_91_harmonic.wav,15.000000447034836,40.000001192092896,40.694260597229004,26.13257646560669
stim_91_harmonic.wav,0.0,60.0,43.762254416942596,26.868225932121277
stim_91_harmonic.wav,70.0000011920929,20.000000596046448,48.539979457855225,30.004162788391113
stim_91_harmonic.wav,45.0,20.000000596046448,42.82397210597992,26.447516083717346
stim_91_harmonic.wav,35.00000059604645,20.000000596046448,52.492321729660034,32.25359916687012
stim_91_harmonic.wav,45.0,60.0,32.97615319490433,30.932174921035767
stim_91_harmonic.wav,74.99999821186066,30.0,40.327951312065125,26.340821385383606
stim_91_harmonic.wav,60.00000178813934,49.999998807907104,48.04439842700958,31.174743175506592
stim_91_harmonic.wav,50.00000238418579,60.0,40.662487149238586,26.143834590911865
stim_91_harmonic.wav,20.000000149011612,20.000000596046448,40.99643021821976,26.42522156238556
stim_91_harmonic.wav,25.000001192092896,40.000001192092896,40.48392176628113,26.813499927520752
stim_91_harmonic.wav,80.00000059604645,40.000001192092896,52.05076575279236,31.965065002441406
stim_101_harmonic.wav,54.99999940395355,30.0,41.04234427213669,25.97988724708557
stim_101_harmonic.wav,20.000000149011612,0.0,41.20053827762604,26.191815733909607
stim_101_harmonic.wav,20.000000149011612,10.000000298023224,45.19367158412933,30.512348413467407
stim_101_harmonic.wav,20.000000149011612,10.000000298023224,43.586620688438416,28.392473459243774
stim_101_harmonic.wav,64.9999988079071,60.0,40.669608414173126,26.150874495506287
stim_101_harmonic.wav,54.99999940395355,30.0,40.550392270088196,26.172929406166077
stim_101_harmonic.wav,70.0000011920929,10.000000298023224,43.08845937252045,21.38577103614807
stim_101_harmonic.wav,84.99999761581421,60.0,40.74101686477661,26.216488480567932
stim_101_harmonic.wav,40.000000298023224,49.999998807907104,41.36585623025894,31.641862392425537
stim_101_harmonic.wav,10.000000074505806,60.0,40.41653394699097,26.23098313808441
stim_101_harmonic.wav,50.00000238418579,20.000000596046448,40.41367471218109,26.197115778923035
stim_101_harmonic.wav,64.9999988079071,60.0,41.004855036735535,26.300865411758423
stim_101_harmonic.wav,60.00000178813934,20.000000596046448,41.03020191192627,25.956528782844543
stim_101_harmonic.wav,54.99999940395355,30.0,41.42263323068619,26.04765236377716
stim_101_harmonic.wav,15.000000447034836,60.0,40.68842679262161,26.173396110534668
stim_101_harmonic.wav,20.000000149011612,49.999998807907104,44.32720810174942,28.467711210250854
stim_101_harmonic.wav,74.99999821186066,30.0,41.36419862508774,26.427345871925354
stim_101_harmonic.wav,30.00000089406967,30.0,41.0710009932518,26.25955045223236
stim_101_harmonic.wav,84.99999761581421,0.0,41.255907118320465,26.04257047176361
stim_101_harmonic.wav,40.000000298023224,30.0,41.38722002506256,26.198934316635132
stim_101_harmonic.wav,74.99999821186066,0.0,42.091219425201416,26.23058259487152
stim_101_harmonic.wav,0.0,49.999998807907104,39.52370971441269,27.5212562084198
stim_101_harmonic.wav,74.99999821186066,10.000000298023224,44.99480187892914,21.82101845741272
stim_101_harmonic.wav,15.000000447034836,30.0,37.123803198337555,27.877569794654846
stim_101_harmonic.wav,40.000000298023224,60.0,41.000815629959106,26.141245365142822
stim_101_harmonic.wav,50.00000238418579,10.000000298023224,43.958280980587006,23.679054379463196
stim_101_harmonic.wav,45.0,60.0,46.521214842796326,24.210230112075806
stim_101_harmonic.wav,35.00000059604645,30.0,47.55922973155975,27.460089325904846
stim_101_harmonic.wav,40.000000298023224,10.000000298023224,40.76033413410187,26.080607771873474
stim_101_harmonic.wav,54.99999940395355,10.000000298023224,40.94305694103241,26.15134298801422
stim_101_harmonic.wav,64.9999988079071,60.0,40.82035392522812,26.085553765296936
stim_101_harmonic.wav,45.0,49.999998807907104,40.914448499679565,25.9932678937912
stim_101_harmonic.wav,10.000000074505806,0.0,33.22883069515228,29.731922149658203
stim_101_harmonic.wav,90.0,20.000000596046448,41.62686735391617,26.609010100364685
stim_101_harmonic.wav,30.00000089406967,60.0,40.94771593809128,26.241559982299805
stim_101_harmonic.wav,15.000000447034836,40.000001192092896,33.97621214389801,29.999061226844788
stim_101_harmonic.wav,20.000000149011612,20.000000596046448,43.03423583507538,29.42683517932892
stim_101_harmonic.wav,64.9999988079071,10.000000298023224,43.60591650009155,27.162886261940002
stim_101_harmonic.wav,40.000000298023224,60.0,45.543200969696045,28.017151951789856
stim_101_harmonic.wav,5.000000037252903,40.000001192092896,32.69354224205017,30.720584392547607
stim_101_harmonic.wav,45.0,60.0,41.01195216178894,26.25940203666687
stim_101_harmonic.wav,60.00000178813934,10.000000298023224,41.80637687444687,26.479943990707397
stim_101_harmonic.wav,35.00000059604645,60.0,45.8096569776535,30.122984647750854
stim_101_harmonic.wav,10.000000074505806,49.999998807907104,40.81059068441391,26.046974658966064
stim_101_harmonic.wav,15.000000447034836,0.0,41.455755829811096,30.834521055221558
stim_101_harmonic.wav,54.99999940395355,30.0,42.14384973049164,25.470029711723328
stim_101_harmonic.wav,15.000000447034836,0.0,41.366427540779114,28.305058479309082
stim_101_harmonic.wav,54.99999940395355,20.000000596046448,37.44279831647873,27.082611322402954
stim_101_harmonic.wav,10.000000074505806,40.000001192092896,40.94969004392624,26.212629675865173
stim_101_harmonic.wav,5.000000037252903,40.000001192092896,41.052627861499786,26.32412552833557
stim_101_harmonic.wav,15.000000447034836,30.0,40.66938579082489,26.168577075004578
stim_101_harmonic.wav,45.0,10.000000298023224,41.23889118432999,26.32891058921814
stim_101_harmonic.wav,80.00000059604645,30.0,40.758429765701294,26.254080533981323
stim_101_harmonic.wav,40.000000298023224,49.999998807907104,42.1755588054657,31.07590913772583
stim_101_harmonic.wav,25.000001192092896,60.0,40.84247410297394,26.102163791656494
stim_101_harmonic.wav,15.000000447034836,0.0,40.765424966812134,26.11683189868927
stim_101_harmonic.wav,5.000000037252903,40.000001192092896,40.825192630290985,26.25800907611847
stim_101_harmonic.wav,64.9999988079071,30.0,39.67642933130264,27.38021492958069
stim_101_harmonic.wav,40.000000298023224,60.0,41.67345732450485,26.506344079971313
stim_101_harmonic.wav,10.000000074505806,10.000000298023224,35.016769766807556,26.629555821418762
stim_101_harmonic.wav,20.000000149011612,30.0,40.336789190769196,26.976107954978943
stim_101_harmonic.wav,35.00000059604645,0.0,40.66009193658829,26.25212252140045
stim_101_harmonic.wav,50.00000238418579,0.0,40.60676693916321,26.239998936653137
stim_101_harmonic.wav,70.0000011920929,40.000001192092896,40.82601606845856,26.1492258310318
stim_101_harmonic.wav,25.000001192092896,60.0,40.95271021127701,26.0793936252594
stim_101_harmonic.wav,54.99999940395355,60.0,43.877675235271454,23.96525502204895
stim_101_harmonic.wav,50.00000238418579,30.0,40.61255782842636,26.161526441574097
stim_101_harmonic.wav,64.9999988079071,30.0,41.98811799287796,27.170196175575256
stim_101_harmonic.wav,54.99999940395355,30.0,40.8506977558136,26.038915514945984
stim_101_harmonic.wav,5.000000037252903,10.000000298023224,40.71353495121002,26.28050923347473
stim_101_harmonic.wav,90.0,49.999998807907104,40.57550311088562,26.186070442199707
stim_101_harmonic.wav,45.0,20.000000596046448,46.27741813659668,22.314859628677368
stim_101_harmonic.wav,45.0,60.0,41.19256675243378,26.117908358573914
stim_101_harmonic.wav,25.000001192092896,49.999998807907104,40.79502582550049,26.097886562347412
stim_101_harmonic.wav,35.00000059604645,30.0,44.79195713996887,28.361098766326904
stim_101_harmonic.wav,15.000000447034836,30.0,34.54849898815155,27.510530948638916
stim_101_harmonic.wav,35.00000059604645,20.000000596046448,43.93190413713455,28.076664805412292
stim_101_harmonic.wav,30.00000089406967,49.999998807907104,43.680366575717926,27.55179226398468
stim_101_harmonic.wav,45.0,0.0,41.113210916519165,26.11711621284485
stim_101_harmonic.wav,30.00000089406967,40.000001192092896,48.96912753582001,27.624878883361816
stim_101_harmonic.wav,0.0,20.000000596046448,41.27412736415863,26.021103858947754
stim_101_harmonic.wav,40.000000298023224,40.000001192092896,40.869784355163574,26.265928745269775
stim_101_harmonic.wav,5.000000037252903,40.000001192092896,41.14459276199341,26.108234524726868
stim_101_harmonic.wav,40.000000298023224,40.000001192092896,46.42372727394104,28.010623455047607
stim_101_harmonic.wav,35.00000059604645,10.000000298023224,45.96013963222504,25.250996947288513
stim_101_harmonic.wav,50.00000238418579,30.0,44.324069917201996,22.151613235473633
stim_101_harmonic.wav,70.0000011920929,40.000001192092896,40.789838433265686,26.085721850395203
stim_101_harmonic.wav,60.00000178813934,0.0,41.42089784145355,25.72762370109558
stim_101_harmonic.wav,35.00000059604645,49.999998807907104,40.77155649662018,26.147062182426453
stim_101_harmonic.wav,84.99999761581421,20.000000596046448,41.01415157318115,26.24058723449707
stim_101_harmonic.wav,20.000000149011612,60.0,40.574980080127716,26.27556324005127
stim_101_harmonic.wav,5.000000037252903,20.000000596046448,37.410413324832916,28.073716163635254
stim_101_harmonic.wav,30.00000089406967,10.000000298023224,42.167919874191284,28.58200192451477
stim_101_harmonic.wav,54.99999940395355,60.0,45.701027512550354,25.141637921333313
stim_101_harmonic.wav,60.00000178813934,10.000000298023224,42.40441828966141,24.8227196931839
stim_101_harmonic.wav,50.00000238418579,60.0,41.05746924877167,26.12107515335083
stim_101_harmonic.wav,10.000000074505806,60.0,40.84350943565369,26.20810568332672
stim_101_harmonic.wav,54.99999940395355,30.0,41.31793588399887,26.176013946533203
stim_101_harmonic.wav,64.9999988079071,0.0,42.03309863805771,26.266581416130066
stim_101_harmonic.wav,20.000000149011612,0.0,43.226351737976074,28.275057077407837
stim_101_harmonic.wav,45.0,10.000000298023224,41.0371407866478,26.002095937728882
stim_101_harmonic.wav,80.00000059604645,40.000001192092896,40.55405080318451,26.18225634098053
stim_101_harmonic.wav,90.0,20.000000596046448,40.83059459924698,26.08048439025879
stim_101_harmonic.wav,84.99999761581421,20.000000596046448,43.605637550354004,29.417118430137634
stim_101_harmonic.wav,74.99999821186066,49.999998807907104,40.82289397716522,26.23114764690399
stim_101_harmonic.wav,35.00000059604645,40.000001192092896,45.69130718708038,26.997379660606384
stim_101_harmonic.wav,25.000001192092896,30.0,40.91300547122955,26.213166117668152
stim_101_harmonic.wav,0.0,0.0,41.01541221141815,26.048460602760315
stim_101_harmonic.wav,64.9999988079071,60.0,46.807342171669006,24.64165985584259
stim_101_harmonic.wav,54.99999940395355,49.999998807907104,40.95405399799347,25.98423957824707
stim_101_harmonic.wav,25.000001192092896,30.0,40.698219537734985,26.159387826919556
stim_101_harmonic.wav,40.000000298023224,60.0,44.98906999826431,25.75610876083374
stim_101_harmonic.wav,90.0,60.0,42.18248963356018,29.294947385787964
stim_101_harmonic.wav,30.00000089406967,20.000000596046448,47.90533661842346,25.248441696166992
stim_101_harmonic.wav,54.99999940395355,10.000000298023224,41.23076945543289,26.063783168792725
stim_101_harmonic.wav,64.9999988079071,60.0,40.80740690231323,26.139485836029053
stim_101_harmonic.wav,74.99999821186066,49.999998807907104,47.50334858894348,22.156773805618286
stim_101_harmonic.wav,54.99999940395355,49.999998807907104,47.63448715209961,24.72770869731903
stim_101_harmonic.wav,84.99999761581421,20.000000596046448,40.61961203813553,26.176847219467163
stim_106_harmonic.wav,60.00000178813934,10.000000298023224,41.03685915470123,26.076484322547913
stim_106_harmonic.wav,84.99999761581421,0.0,43.551550805568695,27.0139217376709
stim_106_harmonic.wav,30.00000089406967,30.0,41.34713441133499,26.060898900032043
stim_106_harmonic.wav,50.00000238418579,30.0,42.427678406238556,26.41149938106537
stim_106_harmonic.wav,70.0000011920929,20.000000596046448,43.91589671373367,25.744274854660034
stim_106_harmonic.wav,10.000000074505806,49.999998807907104,40.91436266899109,26.092911958694458
stim_106_harmonic.wav,25.000001192092896,20.000000596046448,44.21110063791275,25.75886607170105
stim_106_harmonic.wav,35.00000059604645,49.999998807907104,41.12259864807129,26.08124077320099
stim_106_harmonic.wav,45.0,49.999998807907104,42.3448571562767,26.521546840667725
stim_106_harmonic.wav,70.0000011920929,60.0,47.510000467300415,27.75477647781372
stim_106_harmonic.wav,80.00000059604645,60.0,44.72689479589462,27.248148322105408
stim_106_harmonic.wav,74.99999821186066,20.000000596046448,41.4889857172966,25.712238550186157
stim_106_harmonic.wav,60.00000178813934,20.000000596046448,44.75337088108063,27.4172705411911
stim_106_harmonic.wav,50.00000238418579,30.0,45.21370768547058,29.387181401252747
stim_106_harmonic.wav,50.00000238418579,40.000001192092896,41.60818040370941,26.086413860321045
stim_106_harmonic.wav,40.000000298023224,49.999998807907104,47.746431827545166,27.95505702495575
stim_106_harmonic.wav,15.000000447034836,10.000000298023224,44.57994997501373,26.90022647380829
stim_106_harmonic.wav,10.000000074505806,40.000001192092896,42.649827003479004,26.414963006973267
stim_106_harmonic.wav,70.0000011920929,49.999998807907104,41.94086819887161,25.98214030265808
stim_106_harmonic.wav,60.00000178813934,0.0,43.98373782634735,26.355966925621033
stim_106_harmonic.wav,50.00000238418579,0.0,43.11267703771591,27.194940447807312
stim_106_harmonic.wav,60.00000178813934,0.0,41.637802720069885,25.83185076713562
stim_106_harmonic.wav,74.99999821186066,10.000000298023224,42.8067684173584,26.57932698726654
stim_106_harmonic.wav,54.99999940395355,40.000001192092896,41.81442350149155,26.28635287284851
stim_106_harmonic.wav,0.0,30.0,32.32837826013565,27.966864109039307
stim_106_harmonic.wav,50.00000238418579,20.000000596046448,41.84399217367172,26.644969582557678
stim_106_harmonic.wav,80.00000059604645,10.000000298023224,43.5015544295311,26.380162239074707
stim_106_harmonic.wav,45.0,20.000000596046448,44.31337058544159,29.043812155723572
stim_106_harmonic.wav,0.0,0.0,24.345628023147583,28.31205904483795
stim_106_harmonic.wav,64.9999988079071,0.0,42.88154572248459,26.92448616027832
stim_106_harmonic.wav,64.9999988079071,49.999998807907104,48.65675747394562,32.85389184951782
stim_106_harmonic.wav,30.00000089406967,49.999998807907104,42.9639995098114,26.78945481777191
stim_106_harmonic.wav,84.99999761581421,40.000001192092896,46.860562562942505,26.42488718032837
stim_106_harmonic.wav,50.00000238418579,49.999998807907104,43.48854839801788,27.039154171943665
stim_106_harmonic.wav,70.0000011920929,60.0,40.83646059036255,26.18845760822296
stim_106_harmonic.wav,84.99999761581421,40.000001192092896,45.174397230148315,25.856768488883972
stim_106_harmonic.wav,64.9999988079071,30.0,44.11738157272339,26.877014636993408
stim_106_harmonic.wav,54.99999940395355,60.0,43.82879197597504,27.32406198978424
stim_106_harmonic.wav,74.99999821186066,0.0,41.86132192611694,26.017309427261353
stim_106_harmonic.wav,25.000001192092896,10.000000298023224,43.29143553972244,26.81207299232483
stim_106_harmonic.wav,20.000000149011612,0.0,40.45843809843063,27.654858827590942
stim_106_harmonic.wav,70.0000011920929,10.000000298023224,42.45823949575424,26.348029375076294
stim_106_harmonic.wav,40.000000298023224,10.000000298023224,44.443345069885254,27.232291102409363
stim_106_harmonic.wav,15.000000447034836,49.999998807907104,46.32433533668518,31.549183130264282
stim_106_harmonic.wav,0.0,40.000001192092896,32.87454038858414,26.97784423828125
stim_106_harmonic.wav,20.000000149011612,10.000000298023224,39.931944608688354,28.311193585395813
stim_106_harmonic.wav,35.00000059604645,0.0,45.059775710105896,24.62777853012085
stim_106_harmonic.wav,80.00000059604645,20.000000596046448,43.17434370517731,25.50395429134369
stim_106_harmonic.wav,54.99999940395355,0.0,44.034697115421295,27.194918990135193
stim_106_harmonic.wav,35.00000059604645,49.999998807907104,41.86695992946625,26.11188769340515
stim_106_harmonic.wav,90.0,0.0,44.112221002578735,27.957417368888855
stim_106_harmonic.wav,64.9999988079071,30.0,41.562132239341736,26.112399101257324
stim_106_harmonic.wav,54.99999940395355,60.0,42.165261805057526,26.50168240070343
stim_106_harmonic.wav,10.000000074505806,49.999998807907104,45.752660036087036,28.944368362426758
stim_106_harmonic.wav,10.000000074505806,49.999998807907104,41.915990710258484,26.331809163093567
stim_106_harmonic.wav,30.00000089406967,0.0,43.55758845806122,26.085877418518066
stim_106_harmonic.wav,50.00000238418579,30.0,42.420441806316376,26.978259086608887
stim_106_harmonic.wav,70.0000011920929,20.000000596046448,42.876621186733246,27.106488347053528
stim_106_harmonic.wav,84.99999761581421,0.0,44.32553440332413,26.514991521835327
stim_106_harmonic.wav,80.00000059604645,20.000000596046448,44.83677685260773,26.01083815097809
stim_106_harmonic.wav,10.000000074505806,40.000001192092896,49.06970500946045,31.79190158843994
stim_106_harmonic.wav,20.000000149011612,60.0,42.54506528377533,26.395424008369446
stim_106_harmonic.wav,84.99999761581421,60.0,42.265640795230865,26.347321271896362
stim_106_harmonic.wav,84.99999761581421,30.0,41.56271696090698,26.457992792129517
stim_106_harmonic.wav,74.99999821186066,40.000001192092896,41.70587182044983,25.82243263721466
stim_106_harmonic.wav,15.000000447034836,10.000000298023224,41.2355974316597,26.0776287317276
stim_106_harmonic.wav,50.00000238418579,60.0,43.38774025440216,27.48983860015869
stim_106_harmonic.wav,25.000001192092896,10.000000298023224,45.321752429008484,28.068414330482483
stim_106_harmonic.wav,20.000000149011612,30.0,41.154919266700745,26.143920421600342
stim_106_harmonic.wav,20.000000149011612,49.999998807907104,43.014897108078,28.23192536830902
stim_106_harmonic.wav,74.99999821186066,40.000001192092896,41.81119680404663,26.09140455722809
stim_106_harmonic.wav,54.99999940395355,49.999998807907104,42.249292731285095,25.830416679382324
stim_106_harmonic.wav,0.0,60.0,41.46797597408295,26.17580473423004
stim_106_harmonic.wav,10.000000074505806,10.000000298023224,41.84712499380112,26.05168104171753
stim_106_harmonic.wav,64.9999988079071,49.999998807907104,41.18850588798523,26.00455105304718
stim_106_harmonic.wav,10.000000074505806,20.000000596046448,41.46544933319092,26.20865821838379
stim_106_harmonic.wav,64.9999988079071,40.000001192092896,42.02188432216644,26.418732404708862
stim_106_harmonic.wav,35.00000059604645,49.999998807907104,45.61318516731262,27.02392280101776
stim_106_harmonic.wav,25.000001192092896,10.000000298023224,45.14035999774933,27.447359561920166
stim_106_harmonic.wav,40.000000298023224,30.0,41.18163138628006,26.02365016937256
stim_106_harmonic.wav,74.99999821186066,0.0,42.86284804344177,26.979739665985107
stim_106_harmonic.wav,35.00000059604645,20.000000596046448,41.11917346715927,25.93356192111969
stim_106_harmonic.wav,74.99999821186066,10.000000298023224,48.1517618894577,26.897758841514587
stim_106_harmonic.wav,0.0,40.000001192092896,42.65636622905731,26.856940984725952
stim_106_harmonic.wav,64.9999988079071,30.0,41.966306269168854,26.40645682811737
stim_106_harmonic.wav,80.00000059604645,20.000000596046448,41.24095380306244,25.915469527244568
stim_106_harmonic.wav,5.000000037252903,60.0,41.045182049274445,26.194948554039
stim_106_harmonic.wav,40.000000298023224,0.0,47.95361638069153,29.37356472015381
stim_106_harmonic.wav,45.0,0.0,41.393992602825165,26.224443912506104
stim_106_harmonic.wav,40.000000298023224,60.0,41.737189292907715,26.373748183250427
stim_106_harmonic.wav,25.000001192092896,60.0,41.59031420946121,25.9725683927536
stim_106_harmonic.wav,25.000001192092896,30.0,42.37737625837326,25.860754251480103
stim_106_harmonic.wav,84.99999761581421,30.0,42.032350301742554,26.39848530292511
stim_106_harmonic.wav,50.00000238418579,49.999998807907104,41.15249454975128,26.536157727241516
stim_106_harmonic.wav,30.00000089406967,49.999998807907104,43.12514930963516,29.680452346801758
stim_106_harmonic.wav,15.000000447034836,60.0,43.60418647527695,26.500732898712158
stim_106_harmonic.wav,0.0,30.0,41.86631351709366,26.526271104812622
stim_106_harmonic.wav,45.0,49.999998807907104,41.863937079906464,26.265994906425476
stim_106_harmonic.wav,20.000000149011612,0.0,41.36873960494995,27.219167947769165
stim_106_harmonic.wav,20.000000149011612,49.999998807907104,42.665748596191406,26.271105408668518
stim_106_harmonic.wav,35.00000059604645,30.0,41.615561842918396,26.174293756484985
stim_106_harmonic.wav,54.99999940395355,30.0,41.47897571325302,26.079334616661072
stim_106_harmonic.wav,40.000000298023224,60.0,41.573035418987274,26.10057234764099
stim_106_harmonic.wav,20.000000149011612,20.000000596046448,40.12013912200928,28.372501730918884
stim_106_harmonic.wav,35.00000059604645,60.0,42.14561462402344,26.437084078788757
stim_106_harmonic.wav,84.99999761581421,20.000000596046448,50.58153748512268,27.89391338825226
stim_106_harmonic.wav,90.0,10.000000298023224,41.293964982032776,26.109977960586548
stim_106_harmonic.wav,64.9999988079071,30.0,44.26388382911682,26.448771357536316
stim_106_harmonic.wav,40.000000298023224,10.000000298023224,41.69782251119614,26.281778812408447
stim_106_harmonic.wav,45.0,60.0,43.3956903219223,29.79477345943451
stim_106_harmonic.wav,90.0,40.000001192092896,46.29918158054352,25.8760929107666
stim_106_harmonic.wav,90.0,10.000000298023224,43.633548617362976,28.198893070220947
stim_106_harmonic.wav,74.99999821186066,60.0,41.900082528591156,26.53480589389801
stim_106_harmonic.wav,40.000000298023224,10.000000298023224,48.524953722953796,30.323281288146973
stim_106_harmonic.wav,35.00000059604645,49.999998807907104,44.52013939619064,26.98773443698883
stim_106_harmonic.wav,5.000000037252903,30.0,44.154071509838104,27.359299063682556
stim_106_harmonic.wav,45.0,10.000000298023224,45.66967785358429,28.379414677619934
stim_106_harmonic.wav,50.00000238418579,60.0,41.68540120124817,26.1409592628479
stim_106_harmonic.wav,35.00000059604645,10.000000298023224,37.50803232192993,27.842137813568115
stim_106_harmonic.wav,35.00000059604645,40.000001192092896,41.17833763360977,26.076337695121765
stim_106_harmonic.wav,40.000000298023224,49.999998807907104,49.8092383146286,28.584980964660645
stim_106_harmonic.wav,54.99999940395355,30.0,44.587385058403015,28.333715200424194
stim_106_harmonic.wav,80.00000059604645,49.999998807907104,43.325810730457306,26.032360196113586
stim_106_harmonic.wav,50.00000238418579,49.999998807907104,41.44095540046692,26.41063928604126
stim_106_harmonic.wav,20.000000149011612,40.000001192092896,41.78190976381302,28.551968336105347
stim_106_harmonic.wav,10.000000074505806,0.0,46.73807144165039,30.89833974838257
stim_106_harmonic.wav,40.000000298023224,60.0,40.83872973918915,28.659027814865112
stim_106_harmonic.wav,74.99999821186066,49.999998807907104,41.032672226428986,26.08698070049286
stim_106_harmonic.wav,90.0,10.000000298023224,47.06243097782135,26.220080852508545
stim_106_harmonic.wav,60.00000178813934,0.0,43.911001682281494,26.17272198200226
stim_106_harmonic.wav,10.000000074505806,30.0,41.57274842262268,26.042840480804443
stim_106_harmonic.wav,54.99999940395355,0.0,41.187510788440704,25.979374051094055
stim_106_harmonic.wav,90.0,49.999998807907104,42.1125403046608,26.008604764938354
stim_106_harmonic.wav,25.000001192092896,60.0,44.97187703847885,30.290111303329468
stim_106_harmonic.wav,50.00000238418579,20.000000596046448,42.93149650096893,26.875517964363098
stim_106_harmonic.wav,60.00000178813934,49.999998807907104,42.67309248447418,26.48196280002594
stim_106_harmonic.wav,80.00000059604645,20.000000596046448,41.92264258861542,25.474743247032166
stim_106_harmonic.wav,10.000000074505806,40.000001192092896,46.02821409702301,29.747316241264343
stim_56_harmonic.wav,64.9999988079071,20.000000596046448,48.253589272499084,28.508187532424927
stim_56_harmonic.wav,30.00000089406967,49.999998807907104,40.66565752029419,26.715440154075623
stim_56_harmonic.wav,84.99999761581421,20.000000596046448,61.459139585494995,19.19072985649109
stim_56_harmonic.wav,60.00000178813934,20.000000596046448,50.406625270843506,28.185487389564514
stim_56_harmonic.wav,64.9999988079071,60.0,38.08956742286682,31.391419172286987
stim_56_harmonic.wav,60.00000178813934,20.000000596046448,58.060115575790405,19.384188652038574
stim_56_harmonic.wav,60.00000178813934,49.999998807907104,58.63460183143616,28.640719056129456
stim_56_harmonic.wav,60.00000178813934,20.000000596046448,58.632187843322754,27.816229462623596
stim_56_harmonic.wav,80.00000059604645,20.000000596046448,69.8081374168396,20.40884256362915
stim_56_harmonic.wav,70.0000011920929,30.0,66.24566495418549,21.157037615776062
stim_56_harmonic.wav,35.00000059604645,49.999998807907104,39.96410429477692,45.57721138000488
stim_56_harmonic.wav,70.0000011920929,0.0,59.44827675819397,22.311599850654602
stim_56_harmonic.wav,50.00000238418579,10.000000298023224,45.62495470046997,22.889497876167297
stim_56_harmonic.wav,20.000000149011612,40.000001192092896,29.283649921417236,47.40063428878784
stim_56_harmonic.wav,80.00000059604645,49.999998807907104,62.13786721229553,28.262128829956055
stim_56_harmonic.wav,74.99999821186066,40.000001192092896,57.72014021873474,28.84596347808838
stim_56_harmonic.wav,50.00000238418579,0.0,50.33538579940796,30.556329488754272
stim_56_harmonic.wav,35.00000059604645,60.0,36.73661291599274,44.89812612533569
stim_56_harmonic.wav,70.0000011920929,0.0,32.57001578807831,28.012869358062744
stim_56_harmonic.wav,74.99999821186066,20.000000596046448,54.20405924320221,24.537220001220703
stim_56_harmonic.wav,90.0,30.0,44.25640046596527,24.47768211364746
stim_56_harmonic.wav,64.9999988079071,10.000000298023224,49.075836539268494,22.929351925849915
stim_56_harmonic.wav,70.0000011920929,20.000000596046448,60.50553381443024,16.703376173973083
stim_56_harmonic.wav,10.000000074505806,60.0,26.11098825931549,29.542171955108643
stim_56_harmonic.wav,35.00000059604645,20.000000596046448,39.45407688617706,26.305142641067505
stim_56_harmonic.wav,50.00000238418579,60.0,38.555123805999756,29.325885772705078
stim_56_harmonic.wav,70.0000011920929,60.0,40.80405950546265,27.24467933177948
stim_56_harmonic.wav,35.00000059604645,30.0,57.55114495754242,35.705859661102295
stim_56_harmonic.wav,60.00000178813934,40.000001192092896,47.99000859260559,32.31356978416443
stim_56_harmonic.wav,25.000001192092896,0.0,38.548292219638824,38.894734382629395
stim_56_harmonic.wav,60.00000178813934,49.999998807907104,53.455331325531006,25.973212122917175
stim_56_harmonic.wav,74.99999821186066,40.000001192092896,60.09652376174927,29.201477766036987
stim_56_harmonic.wav,80.00000059604645,40.000001192092896,59.443674087524414,25.651280879974365
stim_56_harmonic.wav,64.9999988079071,10.000000298023224,46.736724972724915,26.991713047027588
stim_56_harmonic.wav,15.000000447034836,0.0,30.330950617790222,31.65045976638794
stim_56_harmonic.wav,50.00000238418579,20.000000596046448,45.3099399805069,22.426037192344666
stim_56_harmonic.wav,60.00000178813934,10.000000298023224,41.480107605457306,31.45131826400757
stim_56_harmonic.wav,40.000000298023224,20.000000596046448,44.70015048980713,25.0283020734787
stim_56_harmonic.wav,35.00000059604645,20.000000596046448,42.39698052406311,29.898916482925415
stim_56_harmonic.wav,15.000000447034836,20.000000596046448,31.433558464050293,29.57225739955902
stim_56_harmonic.wav,20.000000149011612,30.0,36.118433475494385,29.68037724494934
stim_56_harmonic.wav,45.0,40.000001192092896,53.29162538051605,31.275358200073242
stim_56_harmonic.wav,84.99999761581421,10.000000298023224,36.530546844005585,32.50929594039917
stim_56_harmonic.wav,20.000000149011612,30.0,28.984106183052063,35.598896741867065
stim_56_harmonic.wav,30.00000089406967,0.0,52.70587921142578,29.428635835647583
stim_56_harmonic.wav,10.000000074505806,30.0,41.37829631567001,41.15860104560852
stim_56_harmonic.wav,10.000000074505806,40.000001192092896,14.315904378890991,40.01172065734863
stim_56_harmonic.wav,50.00000238418579,49.999998807907104,40.83415389060974,28.427569270133972
stim_56_harmonic.wav,0.0,10.000000298023224,44.69942629337311,27.680658102035522
stim_56_harmonic.wav,0.0,30.0,47.212135791778564,24.948914051055908
stim_56_harmonic.wav,30.00000089406967,10.000000298023224,53.81521940231323,29.982597827911377
stim_56_harmonic.wav,35.00000059604645,60.0,32.755141854286194,44.99667406082153
stim_56_harmonic.wav,5.000000037252903,0.0,38.69282841682434,28.474597334861755
stim_56_harmonic.wav,80.00000059604645,49.999998807907104,53.01179051399231,20.297638177871704
stim_56_harmonic.wav,60.00000178813934,49.999998807907104,42.12626785039902,27.302337884902954
stim_56_harmonic.wav,70.0000011920929,40.000001192092896,62.065415382385254,23.69973599910736
stim_56_harmonic.wav,60.00000178813934,40.000001192092896,46.463305950164795,19.267691373825073
stim_56_harmonic.wav,90.0,40.000001192092896,61.031455993652344,20.469290614128113
stim_56_harmonic.wav,50.00000238418579,20.000000596046448,50.248337388038635,24.543557167053223
stim_56_harmonic.wav,5.000000037252903,30.0,18.155839294195175,23.90184760093689
stim_56_harmonic.wav,40.000000298023224,30.0,48.713266253471375,31.573952436447144
stim_56_harmonic.wav,84.99999761581421,20.000000596046448,62.995197772979736,23.88038992881775
stim_56_harmonic.wav,20.000000149011612,49.999998807907104,26.807466745376587,28.515177369117737
stim_56_harmonic.wav,35.00000059604645,30.0,50.168697237968445,30.487210750579834
stim_56_harmonic.wav,40.000000298023224,49.999998807907104,47.33903646469116,37.701416015625
stim_56_harmonic.wav,10.000000074505806,0.0,24.20796364545822,25.494353771209717
stim_56_harmonic.wav,70.0000011920929,10.000000298023224,57.78353154659271,18.996416330337524
stim_56_harmonic.wav,90.0,20.000000596046448,41.591982543468475,26.088042855262756
stim_56_harmonic.wav,70.0000011920929,60.0,46.990885734558105,30.828516483306885
stim_56_harmonic.wav,25.000001192092896,0.0,31.394113898277283,22.467920780181885
stim_56_harmonic.wav,80.00000059604645,60.0,49.65644359588623,30.186424255371094
stim_56_harmonic.wav,74.99999821186066,49.999998807907104,63.8380229473114,32.273679971694946
stim_56_harmonic.wav,70.0000011920929,20.000000596046448,51.18927776813507,26.209078431129456
stim_56_harmonic.wav,74.99999821186066,49.999998807907104,53.996204137802124,22.587493658065796
stim_56_harmonic.wav,80.00000059604645,10.000000298023224,39.63317334651947,26.804714798927307
stim_56_harmonic.wav,10.000000074505806,49.999998807907104,15.803398489952087,30.75444459915161
stim_56_harmonic.wav,5.000000037252903,40.000001192092896,26.46917849779129,33.2077431678772
stim_56_harmonic.wav,5.000000037252903,60.0,56.55283212661743,27.28889286518097
stim_56_harmonic.wav,25.000001192092896,60.0,43.555920124053955,44.99645948410034
stim_56_harmonic.wav,30.00000089406967,49.999998807907104,35.62403529882431,30.213325023651123
stim_56_harmonic.wav,64.9999988079071,60.0,55.688302516937256,43.2752251625061
stim_56_harmonic.wav,25.000001192092896,0.0,39.76458817720413,20.940493941307068
stim_56_harmonic.wav,70.0000011920929,10.000000298023224,50.1001238822937,24.612273573875427
stim_56_harmonic.wav,80.00000059604645,40.000001192092896,44.966654777526855,20.320762395858765
stim_56_harmonic.wav,64.9999988079071,20.000000596046448,68.52460384368896,22.61528491973877
stim_56_harmonic.wav,60.00000178813934,49.999998807907104,59.64934587478638,40.57691931724548
stim_56_harmonic.wav,0.0,49.999998807907104,13.823850452899933,33.2555615901947
stim_56_harmonic.wav,0.0,60.0,34.23444718122482,28.737140893936157
stim_56_harmonic.wav,70.0000011920929,20.000000596046448,71.71199083328247,24.096282720565796
stim_56_harmonic.wav,64.9999988079071,30.0,69.64803099632263,22.569812536239624
stim_56_harmonic.wav,54.99999940395355,49.999998807907104,56.476609110832214,28.49183678627014
stim_56_harmonic.wav,20.000000149011612,30.0,30.223233103752136,29.2074716091156
stim_56_harmonic.wav,54.99999940395355,40.000001192092896,43.0113485455513,29.066076278686523
stim_56_harmonic.wav,80.00000059604645,10.000000298023224,59.44693565368652,19.38162088394165
stim_56_harmonic.wav,80.00000059604645,30.0,42.477379739284515,23.66895318031311
stim_56_harmonic.wav,54.99999940395355,30.0,56.263105273246765,23.180036544799805
stim_56_harmonic.wav,5.000000037252903,49.999998807907104,17.930561900138855,42.63123393058777
stim_56_harmonic.wav,80.00000059604645,30.0,83.56998860836029,26.847717761993408
stim_56_harmonic.wav,64.9999988079071,40.000001192092896,60.9511935710907,39.79750156402588
stim_56_harmonic.wav,64.9999988079071,60.0,49.49957191944122,47.86003589630127
stim_56_harmonic.wav,54.99999940395355,10.000000298023224,64.68498945236206,21.94576621055603
stim_56_harmonic.wav,30.00000089406967,49.999998807907104,32.28025674819946,30.79383373260498
stim_56_harmonic.wav,30.00000089406967,0.0,38.52550953626633,27.210922837257385
stim_56_harmonic.wav,84.99999761581421,0.0,63.8836795091629,21.978954076766968
stim_56_harmonic.wav,74.99999821186066,0.0,61.29290163516998,16.744158267974854
stim_56_harmonic.wav,74.99999821186066,40.000001192092896,40.21039009094238,27.330263257026672
stim_56_harmonic.wav,60.00000178813934,20.000000596046448,60.48519194126129,22.09131360054016
stim_56_harmonic.wav,35.00000059604645,10.000000298023224,38.67834448814392,24.853468537330627
stim_56_harmonic.wav,25.000001192092896,10.000000298023224,30.558058619499207,31.986079216003418
stim_56_harmonic.wav,80.00000059604645,40.000001192092896,40.8010259270668,26.084538102149963
stim_56_harmonic.wav,45.0,10.000000298023224,41.44773334264755,26.609382033348083
stim_56_harmonic.wav,5.000000037252903,20.000000596046448,42.25360840559006,25.85839569568634
stim_56_harmonic.wav,0.0,0.0,46.92011833190918,28.094158172607422
stim_56_harmonic.wav,50.00000238418579,20.000000596046448,45.92066287994385,20.74109673500061
stim_56_harmonic.wav,64.9999988079071,49.999998807907104,50.90856313705444,25.945297479629517
stim_56_harmonic.wav,84.99999761581421,49.999998807907104,55.70685267448425,23.016452193260193
stim_56_harmonic.wav,50.00000238418579,49.999998807907104,49.39758360385895,24.38430905342102
stim_56_harmonic.wav,45.0,0.0,54.98300492763519,43.36408853530884
stim_56_harmonic.wav,64.9999988079071,60.0,44.476266503334045,42.22792983055115
stim_56_harmonic.wav,50.00000238418579,60.0,32.99113869667053,34.02518391609192
stim_56_harmonic.wav,40.000000298023224,40.000001192092896,33.357351422309875,33.15176725387573
stim_56_harmonic.wav,30.00000089406967,0.0,61.30418300628662,38.37149262428284
stim_56_harmonic.wav,15.000000447034836,30.0,44.80850100517273,24.527072310447693
stim_56_harmonic.wav,60.00000178813934,30.0,49.29320275783539,28.9151269197464
stim_56_harmonic.wav,90.0,30.0,71.69552206993103,22.060983180999756
stim_56_harmonic.wav,74.99999821186066,40.000001192092896,59.22772943973541,25.57747185230255
stim_56_harmonic.wav,64.9999988079071,40.000001192092896,54.51664924621582,23.471503257751465
stim_56_harmonic.wav,60.00000178813934,0.0,49.00800347328186,29.759032130241394
stim_56_harmonic.wav,54.99999940395355,0.0,41.688885390758514,26.735304594039917
stim_102_harmonic.wav,40.000000298023224,10.000000298023224,40.942681431770325,26.13259255886078
stim_102_harmonic.wav,45.0,49.999998807907104,40.73976695537567,29.23399329185486
stim_102_harmonic.wav,60.00000178813934,20.000000596046448,41.027468740940094,26.3128799200058
stim_102_harmonic.wav,30.00000089406967,40.000001192092896,41.163494288921356,26.11673891544342
stim_102_harmonic.wav,54.99999940395355,10.000000298023224,40.80351501703262,26.369735598564148
stim_102_harmonic.wav,25.000001192092896,60.0,41.28452092409134,28.679001331329346
stim_102_harmonic.wav,5.000000037252903,20.000000596046448,42.263661324977875,26.270737051963806
stim_102_harmonic.wav,70.0000011920929,20.000000596046448,41.15608602762222,26.269506812095642
stim_102_harmonic.wav,74.99999821186066,30.0,40.710565745830536,26.19360387325287
stim_102_harmonic.wav,0.0,10.000000298023224,41.19987577199936,26.07331931591034
stim_102_harmonic.wav,50.00000238418579,49.999998807907104,46.32155120372772,30.39336919784546
stim_102_harmonic.wav,80.00000059604645,40.000001192092896,41.48900717496872,26.394377946853638
stim_102_harmonic.wav,40.000000298023224,20.000000596046448,41.56752347946167,26.145599484443665
stim_102_harmonic.wav,15.000000447034836,10.000000298023224,40.862279534339905,26.156816482543945
stim_102_harmonic.wav,0.0,49.999998807907104,39.880143105983734,28.78451943397522
stim_102_harmonic.wav,20.000000149011612,49.999998807907104,40.97468823194504,26.323152780532837
stim_102_harmonic.wav,20.000000149011612,60.0,40.94874322414398,26.15575611591339
stim_102_harmonic.wav,45.0,40.000001192092896,40.75077474117279,26.282232999801636
stim_102_harmonic.wav,50.00000238418579,49.999998807907104,41.317823231220245,26.10208511352539
stim_102_harmonic.wav,60.00000178813934,30.0,41.13973528146744,26.10379457473755
stim_102_harmonic.wav,60.00000178813934,49.999998807907104,41.43091320991516,26.093854308128357
stim_102_harmonic.wav,25.000001192092896,10.000000298023224,40.994756519794464,26.13969326019287
stim_102_harmonic.wav,74.99999821186066,10.000000298023224,40.38774311542511,26.120594143867493
stim_102_harmonic.wav,15.000000447034836,20.000000596046448,40.99565505981445,26.68834090232849
stim_102_harmonic.wav,25.000001192092896,40.000001192092896,41.04648292064667,26.314939856529236
stim_102_harmonic.wav,20.000000149011612,30.0,43.213815093040466,34.12631034851074
stim_102_harmonic.wav,10.000000074505806,49.999998807907104,40.91482400894165,26.38938009738922
stim_102_harmonic.wav,60.00000178813934,10.000000298023224,41.36496841907501,26.12830638885498
stim_102_harmonic.wav,70.0000011920929,40.000001192092896,40.31349956989288,26.024803519248962
stim_102_harmonic.wav,70.0000011920929,20.000000596046448,41.10629618167877,26.084704399108887
stim_102_harmonic.wav,80.00000059604645,40.000001192092896,40.10479152202606,25.755672454833984
stim_102_harmonic.wav,74.99999821186066,30.0,41.13058090209961,26.177228093147278
stim_102_harmonic.wav,54.99999940395355,0.0,40.591706335544586,26.20489239692688
stim_102_harmonic.wav,45.0,0.0,48.310500383377075,24.647027850151062
stim_102_harmonic.wav,45.0,49.999998807907104,41.09462857246399,32.16000437736511
stim_102_harmonic.wav,60.00000178813934,30.0,40.22398620843887,24.54304039478302
stim_102_harmonic.wav,25.000001192092896,10.000000298023224,41.09701305627823,26.215794682502747
stim_102_harmonic.wav,5.000000037252903,20.000000596046448,39.77156460285187,26.403170228004456
stim_102_harmonic.wav,84.99999761581421,49.999998807907104,41.34148299694061,26.253392100334167
stim_102_harmonic.wav,84.99999761581421,49.999998807907104,43.255823850631714,28.743343949317932
stim_102_harmonic.wav,64.9999988079071,0.0,40.87673395872116,26.03705406188965
stim_102_harmonic.wav,40.000000298023224,0.0,44.76234287023544,24.341007471084595
stim_102_harmonic.wav,84.99999761581421,40.000001192092896,41.03546440601349,26.21806025505066
stim_102_harmonic.wav,84.99999761581421,49.999998807907104,45.389408469200134,28.661513328552246
stim_102_harmonic.wav,54.99999940395355,0.0,41.086858212947845,26.127240657806396
stim_102_harmonic.wav,40.000000298023224,10.000000298023224,46.79629683494568,24.211013317108154
stim_102_harmonic.wav,40.000000298023224,60.0,41.49830639362335,26.114351749420166
stim_102_harmonic.wav,74.99999821186066,49.999998807907104,41.165495216846466,26.104844212532043
stim_102_harmonic.wav,40.000000298023224,30.0,41.85556858778,25.63010036945343
stim_102_harmonic.wav,40.000000298023224,49.999998807907104,44.29915487766266,35.95082759857178
stim_102_harmonic.wav,35.00000059604645,0.0,41.67507737874985,30.515964031219482
stim_102_harmonic.wav,45.0,60.0,42.006244361400604,28.70710015296936
stim_102_harmonic.wav,54.99999940395355,60.0,41.52726888656616,26.18746519088745
stim_102_harmonic.wav,40.000000298023224,49.999998807907104,40.349875688552856,36.17048621177673
stim_102_harmonic.wav,30.00000089406967,40.000001192092896,44.232818484306335,31.866642236709595
stim_102_harmonic.wav,40.000000298023224,49.999998807907104,41.04878693819046,26.39107882976532
stim_102_harmonic.wav,80.00000059604645,20.000000596046448,41.64305180311203,26.31016194820404
stim_102_harmonic.wav,80.00000059604645,40.000001192092896,40.69978594779968,26.186991333961487
stim_102_harmonic.wav,20.000000149011612,60.0,41.37799859046936,26.33998990058899
stim_102_harmonic.wav,45.0,60.0,41.44337207078934,26.21593952178955
stim_102_harmonic.wav,84.99999761581421,20.000000596046448,41.41567826271057,26.14349663257599
stim_102_harmonic.wav,15.000000447034836,30.0,41.33610516786575,26.912532448768616
stim_102_harmonic.wav,80.00000059604645,0.0,45.15236020088196,20.46110451221466
stim_102_harmonic.wav,35.00000059604645,49.999998807907104,41.71973615884781,26.60609722137451
stim_102_harmonic.wav,5.000000037252903,20.000000596046448,36.80238604545593,27.20949411392212
stim_102_harmonic.wav,80.00000059604645,60.0,41.54343992471695,27.107326984405518
stim_102_harmonic.wav,90.0,49.999998807907104,44.86112058162689,26.974679231643677
stim_102_harmonic.wav,60.00000178813934,0.0,40.80827325582504,26.22738540172577
stim_102_harmonic.wav,25.000001192092896,20.000000596046448,42.14185684919357,26.327009797096252
stim_102_harmonic.wav,5.000000037252903,0.0,37.94683367013931,25.90282380580902
stim_102_harmonic.wav,84.99999761581421,20.000000596046448,45.9302544593811,28.923752903938293
stim_102_harmonic.wav,35.00000059604645,0.0,40.68023532629013,26.232808828353882
stim_102_harmonic.wav,5.000000037252903,60.0,41.019070744514465,26.258254051208496
stim_102_harmonic.wav,25.000001192092896,40.000001192092896,42.65974044799805,26.194254755973816
stim_102_harmonic.wav,64.9999988079071,20.000000596046448,41.06742024421692,26.26703917980194
stim_102_harmonic.wav,25.000001192092896,49.999998807907104,42.58529841899872,29.692094922065735
stim_102_harmonic.wav,40.000000298023224,30.0,40.67140281200409,26.188455820083618
stim_102_harmonic.wav,80.00000059604645,0.0,40.782510638237,26.263883113861084
stim_102_harmonic.wav,0.0,49.999998807907104,39.72665637731552,27.79642939567566
stim_102_harmonic.wav,20.000000149011612,0.0,43.016503751277924,27.816079258918762
stim_102_harmonic.wav,60.00000178813934,60.0,41.149530708789825,26.062011122703552
stim_102_harmonic.wav,54.99999940395355,30.0,40.99974274635315,26.242210865020752
stim_102_harmonic.wav,30.00000089406967,10.000000298023224,40.91300278902054,26.154581308364868
stim_102_harmonic.wav,84.99999761581421,20.000000596046448,42.68334120512009,32.963783740997314
stim_102_harmonic.wav,25.000001192092896,40.000001192092896,44.683037996292114,28.119662404060364
stim_102_harmonic.wav,5.000000037252903,0.0,36.29249542951584,26.671804189682007
stim_102_harmonic.wav,60.00000178813934,30.0,41.398850083351135,26.112653017044067
stim_102_harmonic.wav,5.000000037252903,60.0,39.289574325084686,26.698102355003357
stim_102_harmonic.wav,90.0,20.000000596046448,41.661188900470734,26.388208866119385
stim_102_harmonic.wav,64.9999988079071,30.0,40.966802537441254,26.327431797981262
stim_102_harmonic.wav,30.00000089406967,49.999998807907104,40.99865913391113,26.243972182273865
stim_102_harmonic.wav,15.000000447034836,40.000001192092896,40.878748297691345,26.115238666534424
stim_102_harmonic.wav,54.99999940395355,0.0,41.01208359003067,26.119165420532227
stim_102_harmonic.wav,70.0000011920929,30.0,40.74705719947815,26.26529037952423
stim_102_harmonic.wav,25.000001192092896,10.000000298023224,42.57746636867523,27.198484539985657
stim_102_harmonic.wav,80.00000059604645,40.000001192092896,41.51975601911545,31.725482940673828
stim_102_harmonic.wav,74.99999821186066,40.000001192092896,40.76550006866455,26.256038546562195
stim_102_harmonic.wav,50.00000238418579,40.000001192092896,40.580768287181854,26.172789931297302
stim_102_harmonic.wav,50.00000238418579,49.999998807907104,40.332025587558746,26.161576509475708
stim_102_harmonic.wav,30.00000089406967,10.000000298023224,42.64181524515152,31.469693183898926
stim_102_harmonic.wav,20.000000149011612,49.999998807907104,42.11797446012497,26.15351915359497
stim_102_harmonic.wav,64.9999988079071,10.000000298023224,40.34469097852707,24.43832516670227
stim_102_harmonic.wav,74.99999821186066,40.000001192092896,41.91115736961365,28.673293590545654
stim_102_harmonic.wav,25.000001192092896,30.0,42.76245296001434,25.502725839614868
stim_102_harmonic.wav,45.0,20.000000596046448,49.06924366950989,22.6031631231308
stim_102_harmonic.wav,45.0,30.0,43.01249384880066,25.718699097633362
stim_102_harmonic.wav,84.99999761581421,20.000000596046448,41.62672519683838,26.05614423751831
stim_102_harmonic.wav,45.0,20.000000596046448,40.89577227830887,26.262023448944092
stim_102_harmonic.wav,50.00000238418579,40.000001192092896,41.11306071281433,26.208305954933167
stim_102_harmonic.wav,80.00000059604645,20.000000596046448,40.549163818359375,28.445123434066772
stim_102_harmonic.wav,60.00000178813934,0.0,41.14355742931366,26.077224612236023
stim_102_harmonic.wav,40.000000298023224,0.0,43.13176095485687,23.62166404724121
stim_102_harmonic.wav,10.000000074505806,20.000000596046448,40.960153341293335,26.010709404945374
stim_102_harmonic.wav,15.000000447034836,30.0,40.578378438949585,26.24713361263275
stim_102_harmonic.wav,84.99999761581421,20.000000596046448,43.923068940639496,30.07786989212036
stim_102_harmonic.wav,25.000001192092896,0.0,41.04470998048782,26.38111174106598
stim_102_harmonic.wav,50.00000238418579,60.0,43.412067890167236,28.567957878112793
stim_102_harmonic.wav,0.0,60.0,40.539663434028625,26.324331164360046
stim_102_harmonic.wav,15.000000447034836,0.0,41.216698586940765,26.50249421596527
stim_102_harmonic.wav,50.00000238418579,0.0,40.78156113624573,26.217087507247925
stim_102_harmonic.wav,60.00000178813934,40.000001192092896,40.985843539237976,26.27395212650299
stim_102_harmonic.wav,30.00000089406967,40.000001192092896,43.3600115776062,34.658446311950684
stim_102_harmonic.wav,15.000000447034836,49.999998807907104,40.980513989925385,26.339483857154846
stim_102_harmonic.wav,25.000001192092896,49.999998807907104,41.64411395788193,26.10311508178711
stim_102_harmonic.wav,5.000000037252903,60.0,38.88344496488571,26.69946849346161
stim_98_harmonic.wav,30.00000089406967,20.000000596046448,40.51275551319122,26.219816207885742
stim_98_harmonic.wav,80.00000059604645,40.000001192092896,40.62032550573349,26.171257495880127
stim_98_harmonic.wav,45.0,0.0,44.60270047187805,19.906575679779053
stim_98_harmonic.wav,20.000000149011612,49.999998807907104,41.08499139547348,26.41799569129944
stim_98_harmonic.wav,5.000000037252903,49.999998807907104,40.84736913442612,26.239308714866638
stim_98_harmonic.wav,10.000000074505806,10.000000298023224,40.8182430267334,26.300459504127502
stim_98_harmonic.wav,15.000000447034836,49.999998807907104,40.573110580444336,26.23764932155609
stim_98_harmonic.wav,50.00000238418579,20.000000596046448,50.27875363826752,20.937911868095398
stim_98_harmonic.wav,30.00000089406967,60.0,40.51761567592621,26.195651292800903
stim_98_harmonic.wav,0.0,60.0,41.56270354986191,27.047486901283264
stim_98_harmonic.wav,20.000000149011612,0.0,40.42476028203964,26.284040808677673
stim_98_harmonic.wav,80.00000059604645,30.0,41.45877867937088,26.866305470466614
stim_98_harmonic.wav,40.000000298023224,60.0,41.15561932325363,26.09675645828247
stim_98_harmonic.wav,15.000000447034836,49.999998807907104,40.59827774763107,26.166585087776184
stim_98_harmonic.wav,5.000000037252903,30.0,28.234182000160217,29.3286269903183
stim_98_harmonic.wav,45.0,49.999998807907104,40.754548609256744,26.08936607837677
stim_98_harmonic.wav,54.99999940395355,49.999998807907104,40.79401195049286,26.074644327163696
stim_98_harmonic.wav,64.9999988079071,20.000000596046448,41.13500118255615,25.914761424064636
stim_98_harmonic.wav,20.000000149011612,30.0,40.975278317928314,26.275269985198975
stim_98_harmonic.wav,10.000000074505806,10.000000298023224,32.85001963376999,27.337099313735962
stim_98_harmonic.wav,70.0000011920929,0.0,41.145644187927246,26.13023042678833
stim_98_harmonic.wav,40.000000298023224,0.0,40.727578997612,26.08838975429535
stim_98_harmonic.wav,15.000000447034836,30.0,41.72237008810043,26.330289244651794
stim_98_harmonic.wav,50.00000238418579,0.0,49.88583147525787,22.803778052330017
stim_98_harmonic.wav,70.0000011920929,0.0,41.02167785167694,26.20235323905945
stim_98_harmonic.wav,45.0,60.0,41.22040003538132,25.99561035633087
stim_98_harmonic.wav,45.0,60.0,41.916945576667786,30.17001986503601
stim_98_harmonic.wav,15.000000447034836,10.000000298023224,42.089864909648895,27.495582103729248
stim_98_harmonic.wav,25.000001192092896,49.999998807907104,38.5460901260376,32.81728506088257
stim_98_harmonic.wav,35.00000059604645,30.0,41.16587609052658,25.842432975769043
stim_98_harmonic.wav,5.000000037252903,40.000001192092896,40.211822390556335,26.29542589187622
stim_98_harmonic.wav,0.0,0.0,30.442299842834473,29.734314680099487
stim_98_harmonic.wav,80.00000059604645,0.0,52.357438802719116,19.542900323867798
stim_98_harmonic.wav,30.00000089406967,0.0,41.196632981300354,25.821762084960938
stim_98_harmonic.wav,25.000001192092896,49.999998807907104,40.666872560977936,26.164278388023376
stim_98_harmonic.wav,84.99999761581421,60.0,52.90988802909851,17.562636137008667
stim_98_harmonic.wav,54.99999940395355,10.000000298023224,40.85141122341156,26.344034671783447
stim_98_harmonic.wav,30.00000089406967,30.0,51.881829500198364,24.763548374176025
stim_98_harmonic.wav,74.99999821186066,60.0,51.202383041381836,22.333545684814453
stim_98_harmonic.wav,40.000000298023224,30.0,46.556716561317444,23.88449192047119
stim_98_harmonic.wav,40.000000298023224,60.0,40.77765852212906,26.252743005752563
stim_98_harmonic.wav,0.0,60.0,41.37820512056351,27.81307339668274
stim_98_harmonic.wav,35.00000059604645,30.0,52.03057944774628,21.658090353012085
stim_98_harmonic.wav,90.0,30.0,40.54948568344116,26.18387281894684
stim_98_harmonic.wav,5.000000037252903,20.000000596046448,27.856315076351166,31.907061338424683
stim_98_harmonic.wav,0.0,30.0,29.79918658733368,28.088808059692383
stim_98_harmonic.wav,40.000000298023224,10.000000298023224,40.98906755447388,25.95798969268799
stim_98_harmonic.wav,54.99999940395355,40.000001192092896,40.791268050670624,26.110230088233948
stim_98_harmonic.wav,64.9999988079071,40.000001192092896,40.598382353782654,26.166547536849976
stim_98_harmonic.wav,45.0,20.000000596046448,40.79417824745178,26.20111584663391
stim_98_harmonic.wav,0.0,0.0,40.358405113220215,26.675443053245544
stim_98_harmonic.wav,0.0,20.000000596046448,40.27075320482254,26.377079486846924
stim_98_harmonic.wav,35.00000059604645,0.0,40.66952794790268,26.134918928146362
stim_98_harmonic.wav,45.0,0.0,45.852330923080444,21.259987950325012
stim_98_harmonic.wav,80.00000059604645,40.000001192092896,40.61414569616318,26.194869875907898
stim_98_harmonic.wav,84.99999761581421,30.0,39.39913988113403,34.699519872665405
stim_98_harmonic.wav,20.000000149011612,30.0,38.60578805208206,29.50635552406311
stim_98_harmonic.wav,30.00000089406967,40.000001192092896,51.11615002155304,19.21507716178894
stim_98_harmonic.wav,74.99999821186066,0.0,41.18523359298706,24.68677818775177
stim_98_harmonic.wav,60.00000178813934,20.000000596046448,52.36425697803497,21.24430775642395
stim_98_harmonic.wav,20.000000149011612,10.000000298023224,44.23249661922455,35.9811007976532
stim_98_harmonic.wav,20.000000149011612,30.0,41.94798409938812,26.809728741645813
stim_98_harmonic.wav,5.000000037252903,0.0,40.995081067085266,26.26178205013275
stim_98_harmonic.wav,30.00000089406967,40.000001192092896,40.77958434820175,26.08235478401184
stim_98_harmonic.wav,10.000000074505806,20.000000596046448,42.09498792886734,26.85422122478485
stim_98_harmonic.wav,10.000000074505806,30.0,40.480284690856934,26.17310643196106
stim_98_harmonic.wav,70.0000011920929,10.000000298023224,49.57202911376953,19.441600441932678
stim_98_harmonic.wav,10.000000074505806,0.0,41.14611625671387,26.422027945518494
stim_98_harmonic.wav,0.0,49.999998807907104,40.48141658306122,26.684197783470154
stim_98_harmonic.wav,0.0,40.000001192092896,30.67162334918976,28.34778606891632
stim_98_harmonic.wav,45.0,20.000000596046448,41.002953350543976,25.97356617450714
stim_98_harmonic.wav,40.000000298023224,30.0,41.076223254203796,25.892667174339294
stim_98_harmonic.wav,20.000000149011612,30.0,35.786059498786926,25.244402289390564
stim_98_harmonic.wav,74.99999821186066,20.000000596046448,40.68573385477066,26.186919808387756
stim_98_harmonic.wav,10.000000074505806,0.0,41.04256421327591,26.380194425582886
stim_98_harmonic.wav,10.000000074505806,60.0,29.585258960723877,31.231695413589478
stim_98_harmonic.wav,50.00000238418579,20.000000596046448,40.94039887189865,26.865833401679993
stim_98_harmonic.wav,64.9999988079071,60.0,52.255622148513794,17.174828052520752
stim_98_harmonic.wav,30.00000089406967,30.0,51.26471221446991,25.03939926624298
stim_98_harmonic.wav,30.00000089406967,40.000001192092896,49.7557657957077,21.00450575351715
stim_98_harmonic.wav,60.00000178813934,49.999998807907104,41.02989345788956,25.975463390350342
stim_98_harmonic.wav,20.000000149011612,10.000000298023224,41.27415955066681,26.05037212371826
stim_98_harmonic.wav,25.000001192092896,60.0,43.997883796691895,32.156946659088135
stim_98_harmonic.wav,5.000000037252903,20.000000596046448,41.30333125591278,26.298628449440002
stim_98_harmonic.wav,10.000000074505806,30.0,40.69909930229187,26.22249662876129
stim_98_harmonic.wav,64.9999988079071,60.0,41.29417687654495,26.131718158721924
stim_98_harmonic.wav,84.99999761581421,0.0,40.113050043582916,26.29830300807953
stim_98_harmonic.wav,15.000000447034836,30.0,34.58201318979263,29.174877405166626
stim_98_harmonic.wav,10.000000074505806,30.0,40.56930989027023,26.17685079574585
stim_98_harmonic.wav,15.000000447034836,40.000001192092896,41.79608255624771,27.030145525932312
stim_98_harmonic.wav,60.00000178813934,0.0,50.21330773830414,16.547418236732483
stim_98_harmonic.wav,70.0000011920929,49.999998807907104,47.395904660224915,23.15199851989746
stim_98_harmonic.wav,80.00000059604645,40.000001192092896,52.016374468803406,22.731916308403015
stim_98_harmonic.wav,45.0,30.0,46.55213534832001,20.3760427236557
stim_98_harmonic.wav,15.000000447034836,30.0,40.94901144504547,26.156553626060486
stim_98_harmonic.wav,20.000000149011612,10.000000298023224,41.0482183098793,26.481066942214966
stim_98_harmonic.wav,25.000001192092896,40.000001192092896,39.28956091403961,29.02092754840851
stim_98_harmonic.wav,74.99999821186066,49.999998807907104,49.1498064994812,22.94122874736786
stim_98_harmonic.wav,64.9999988079071,10.000000298023224,50.06869375705719,18.063887357711792
stim_98_harmonic.wav,60.00000178813934,0.0,40.829030871391296,25.990126132965088
stim_98_harmonic.wav,54.99999940395355,49.999998807907104,41.30149394273758,26.03026270866394
stim_98_harmonic.wav,64.9999988079071,10.000000298023224,41.07240378856659,25.920485258102417
stim_98_harmonic.wav,20.000000149011612,30.0,40.5085363984108,26.278077363967896
stim_98_harmonic.wav,54.99999940395355,20.000000596046448,40.571420788764954,26.215919852256775
stim_98_harmonic.wav,84.99999761581421,49.999998807907104,40.69082200527191,26.149569153785706
stim_98_harmonic.wav,15.000000447034836,60.0,40.84671199321747,26.33682668209076
stim_98_harmonic.wav,20.000000149011612,20.000000596046448,41.57013863325119,26.166547536849976
stim_98_harmonic.wav,84.99999761581421,30.0,40.73551833629608,26.66080892086029
stim_98_harmonic.wav,50.00000238418579,0.0,40.8788126707077,26.26539409160614
stim_98_harmonic.wav,0.0,30.0,40.41536182165146,26.212745904922485
stim_98_harmonic.wav,80.00000059604645,60.0,54.66299057006836,16.402151584625244
stim_98_harmonic.wav,45.0,49.999998807907104,53.09965431690216,21.160712242126465
stim_98_harmonic.wav,45.0,60.0,40.62540292739868,26.15687370300293
stim_98_harmonic.wav,15.000000447034836,0.0,41.10274225473404,26.169245839118958
stim_98_harmonic.wav,80.00000059604645,0.0,53.237353563308716,16.843857765197754
stim_98_harmonic.wav,0.0,40.000001192092896,33.116135001182556,27.5795316696167
stim_98_harmonic.wav,25.000001192092896,0.0,40.79004764556885,26.313267946243286
stim_98_harmonic.wav,15.000000447034836,60.0,33.67034375667572,29.73503351211548
stim_98_harmonic.wav,60.00000178813934,10.000000298023224,40.62261611223221,26.157960891723633
stim_98_harmonic.wav,80.00000059604645,40.000001192092896,41.249048709869385,25.854379534721375
stim_98_harmonic.wav,80.00000059604645,49.999998807907104,41.136959195137024,26.13499939441681
stim_98_harmonic.wav,84.99999761581421,30.0,35.282989740371704,31.560165882110596
stim_98_harmonic.wav,54.99999940395355,30.0,41.182851791381836,26.80350959300995
stim_98_harmonic.wav,60.00000178813934,0.0,41.43336206674576,25.871318578720093
stim_98_harmonic.wav,64.9999988079071,40.000001192092896,40.84124028682709,25.978360176086426
stim_98_harmonic.wav,35.00000059604645,10.000000298023224,40.601343512535095,26.165499687194824
stim_98_harmonic.wav,25.000001192092896,60.0,39.60905760526657,27.684406042099
stim_70_harmonic.wav,25.000001192092896,40.000001192092896,29.298176765441895,43.66438865661621
stim_70_harmonic.wav,30.00000089406967,49.999998807907104,36.48933470249176,49.41343903541565
stim_70_harmonic.wav,10.000000074505806,10.000000298023224,21.158483773469925,33.1306529045105
stim_70_harmonic.wav,45.0,49.999998807907104,42.158398032188416,31.198725700378418
stim_70_harmonic.wav,45.0,49.999998807907104,50.20646810531616,26.09699785709381
stim_70_harmonic.wav,40.000000298023224,30.0,44.20605272054672,9.488731026649475
stim_70_harmonic.wav,25.000001192092896,49.999998807907104,41.83706670999527,28.351861238479614
stim_70_harmonic.wav,30.00000089406967,0.0,44.42853927612305,31.974971294403076
stim_70_harmonic.wav,40.000000298023224,30.0,56.72564685344696,27.85596191883087
stim_70_harmonic.wav,60.00000178813934,20.000000596046448,58.79533052444458,17.908605337142944
stim_70_harmonic.wav,35.00000059604645,60.0,34.813587069511414,44.196285009384155
stim_70_harmonic.wav,30.00000089406967,60.0,25.040800273418427,34.573330879211426
stim_70_harmonic.wav,10.000000074505806,0.0,14.60956335067749,34.084274768829346
stim_70_harmonic.wav,15.000000447034836,20.000000596046448,22.953593730926514,27.142794728279114
stim_70_harmonic.wav,5.000000037252903,0.0,28.98804098367691,29.216941595077515
stim_70_harmonic.wav,64.9999988079071,60.0,42.00712949037552,27.125290632247925
stim_70_harmonic.wav,35.00000059604645,49.999998807907104,40.88331073522568,37.271872758865356
stim_70_harmonic.wav,35.00000059604645,40.000001192092896,45.823593735694885,30.855324268341064
stim_70_harmonic.wav,0.0,40.000001192092896,12.58070558309555,33.42731952667236
stim_70_harmonic.wav,5.000000037252903,40.000001192092896,5.7398682832717896,46.58432722091675
stim_70_harmonic.wav,25.000001192092896,10.000000298023224,35.98267614841461,39.30334210395813
stim_70_harmonic.wav,45.0,20.000000596046448,43.756141662597656,8.162240982055664
stim_70_harmonic.wav,84.99999761581421,60.0,47.00973093509674,30.965287685394287
stim_70_harmonic.wav,74.99999821186066,49.999998807907104,51.27398192882538,24.782879948616028
stim_70_harmonic.wav,15.000000447034836,60.0,8.47621500492096,45.06367564201355
stim_70_harmonic.wav,0.0,10.000000298023224,33.69963884353638,28.27240526676178
stim_70_harmonic.wav,70.0000011920929,49.999998807907104,49.33058202266693,24.961953163146973
stim_70_harmonic.wav,80.00000059604645,30.0,75.02780199050903,23.63288104534149
stim_70_harmonic.wav,45.0,60.0,48.023128509521484,29.669421315193176
stim_70_harmonic.wav,35.00000059604645,60.0,46.21129095554352,26.89825415611267
stim_70_harmonic.wav,10.000000074505806,30.0,15.663456916809082,29.960010051727295
stim_70_harmonic.wav,5.000000037252903,20.000000596046448,8.461269736289978,44.434354305267334
stim_70_harmonic.wav,50.00000238418579,40.000001192092896,54.06804442405701,29.097737073898315
stim_70_harmonic.wav,74.99999821186066,60.0,56.07006132602692,32.960572242736816
stim_70_harmonic.wav,54.99999940395355,60.0,46.7733371257782,28.778783082962036
stim_70_harmonic.wav,15.000000447034836,40.000001192092896,14.647843837738037,28.97877037525177
stim_70_harmonic.wav,20.000000149011612,60.0,14.236502945423126,41.542818546295166
stim_70_harmonic.wav,35.00000059604645,30.0,44.067047238349915,33.82944703102112
stim_70_harmonic.wav,80.00000059604645,60.0,45.75082004070282,31.688232421875
stim_70_harmonic.wav,25.000001192092896,49.999998807907104,40.802463591098785,30.052220821380615
stim_70_harmonic.wav,5.000000037252903,10.000000298023224,30.541297495365143,32.57832169532776
stim_70_harmonic.wav,10.000000074505806,0.0,12.08223581314087,32.79632806777954
stim_70_harmonic.wav,35.00000059604645,40.000001192092896,38.58704745769501,41.987457275390625
stim_70_harmonic.wav,84.99999761581421,60.0,58.24729084968567,42.80745506286621
stim_70_harmonic.wav,60.00000178813934,30.0,47.58509159088135,27.885051369667053
stim_70_harmonic.wav,50.00000238418579,60.0,45.445289611816406,28.918341994285583
stim_70_harmonic.wav,50.00000238418579,30.0,47.23651707172394,19.4081050157547
stim_70_harmonic.wav,64.9999988079071,30.0,48.792868852615356,28.259317874908447
stim_70_harmonic.wav,60.00000178813934,30.0,51.1163592338562,24.27235186100006
stim_70_harmonic.wav,35.00000059604645,10.000000298023224,41.628822684288025,25.944195985794067
stim_70_harmonic.wav,84.99999761581421,40.000001192092896,52.85151779651642,25.523210763931274
stim_70_harmonic.wav,35.00000059604645,10.000000298023224,48.53655695915222,35.60666799545288
stim_70_harmonic.wav,54.99999940395355,0.0,55.83931088447571,7.599944472312927
stim_70_harmonic.wav,30.00000089406967,49.999998807907104,39.40785437822342,29.539268016815186
stim_70_harmonic.wav,0.0,30.0,11.650582551956177,32.549039125442505
stim_70_harmonic.wav,20.000000149011612,60.0,31.52336686849594,36.23825669288635
stim_70_harmonic.wav,90.0,60.0,46.725459694862366,30.55718421936035
stim_70_harmonic.wav,45.0,20.000000596046448,36.83835983276367,28.330315947532654
stim_70_harmonic.wav,35.00000059604645,49.999998807907104,46.29041075706482,36.68332099914551
stim_70_harmonic.wav,0.0,20.000000596046448,29.849676489830017,28.069351315498352
stim_70_harmonic.wav,0.0,60.0,13.637324273586273,35.85336685180664
stim_70_harmonic.wav,80.00000059604645,40.000001192092896,56.92921042442322,30.23851990699768
stim_70_harmonic.wav,10.000000074505806,49.999998807907104,17.025514841079712,41.9383978843689
stim_70_harmonic.wav,50.00000238418579,40.000001192092896,48.19958567619324,34.242188930511475
stim_70_harmonic.wav,45.0,0.0,46.67643427848816,30.49548625946045
stim_70_harmonic.wav,70.0000011920929,49.999998807907104,46.73537313938141,26.700169444084167
stim_70_harmonic.wav,54.99999940395355,20.000000596046448,45.537734627723694,28.93775761127472
stim_70_harmonic.wav,10.000000074505806,60.0,5.7962241768836975,51.347748041152954
stim_70_harmonic.wav,84.99999761581421,20.000000596046448,69.19341266155243,18.444798588752747
stim_70_harmonic.wav,90.0,60.0,59.32669222354889,43.20386052131653
stim_70_harmonic.wav,20.000000149011612,20.000000596046448,31.048192083835602,24.91731584072113
stim_70_harmonic.wav,20.000000149011612,10.000000298023224,44.21117037534714,28.573150634765625
stim_70_harmonic.wav,64.9999988079071,10.000000298023224,44.982613921165466,29.47804033756256
stim_70_harmonic.wav,54.99999940395355,40.000001192092896,45.98020255565643,18.993796706199646
stim_70_harmonic.wav,15.000000447034836,60.0,34.676115810871124,29.64513659477234
stim_70_harmonic.wav,20.000000149011612,49.999998807907104,37.564144134521484,31.944268941879272
stim_70_harmonic.wav,10.000000074505806,49.999998807907104,18.916810154914856,43.81979942321777
stim_70_harmonic.wav,40.000000298023224,20.000000596046448,43.955067694187164,30.646923780441284
stim_70_harmonic.wav,35.00000059604645,10.000000298023224,43.9702570438385,31.289920806884766
stim_70_harmonic.wav,10.000000074505806,40.000001192092896,24.0491983294487,30.902295112609863
stim_70_harmonic.wav,45.0,20.000000596046448,44.673111140728,8.215835094451904
stim_70_harmonic.wav,84.99999761581421,30.0,47.75775611400604,31.495059728622437
stim_70_harmonic.wav,70.0000011920929,60.0,52.303537130355835,40.90294003486633
stim_70_harmonic.wav,50.00000238418579,60.0,41.03486895561218,46.128602027893066
stim_70_harmonic.wav,45.0,0.0,43.843654096126556,26.282710433006287
stim_70_harmonic.wav,64.9999988079071,10.000000298023224,48.44340920448303,22.2384774684906
stim_70_harmonic.wav,74.99999821186066,40.000001192092896,64.73515748977661,15.465055704116821
stim_70_harmonic.wav,84.99999761581421,49.999998807907104,53.390405774116516,23.60100030899048
stim_70_harmonic.wav,80.00000059604645,40.000001192092896,74.22545671463013,29.465317726135254
stim_70_harmonic.wav,50.00000238418579,40.000001192092896,44.87176090478897,25.910804271697998
stim_70_harmonic.wav,60.00000178813934,40.000001192092896,55.56458830833435,23.212037086486816
stim_70_harmonic.wav,64.9999988079071,0.0,55.15165150165558,26.89652681350708
stim_70_harmonic.wav,80.00000059604645,10.000000298023224,80.11733651161194,2.479493021965027
stim_70_harmonic.wav,0.0,40.000001192092896,23.220307230949402,30.75032114982605
stim_70_harmonic.wav,30.00000089406967,60.0,42.594836354255676,26.78426742553711
stim_70_harmonic.wav,50.00000238418579,49.999998807907104,45.14115929603577,30.758832693099976
stim_70_harmonic.wav,15.000000447034836,60.0,5.640564858913422,40.53064942359924
stim_70_harmonic.wav,70.0000011920929,40.000001192092896,50.905306935310364,26.46547794342041
stim_70_harmonic.wav,60.00000178813934,0.0,45.91934323310852,26.427183151245117
stim_70_harmonic.wav,25.000001192092896,0.0,45.21702289581299,31.28549337387085
stim_70_harmonic.wav,25.000001192092896,60.0,42.590378522872925,29.8058420419693
stim_70_harmonic.wav,74.99999821186066,20.000000596046448,50.3812301158905,30.248547792434692
stim_70_harmonic.wav,74.99999821186066,30.0,53.08815836906433,26.092432737350464
stim_70_harmonic.wav,15.000000447034836,60.0,6.733186841011047,49.38030123710632
stim_70_harmonic.wav,30.00000089406967,20.000000596046448,37.55709797143936,30.785129070281982
stim_70_harmonic.wav,15.000000447034836,60.0,30.40845036506653,27.601840496063232
stim_70_harmonic.wav,5.000000037252903,20.000000596046448,27.05396443605423,30.154155492782593
stim_70_harmonic.wav,30.00000089406967,60.0,39.29036021232605,29.54824984073639
stim_70_harmonic.wav,90.0,40.000001192092896,72.78742790222168,37.01147675514221
stim_70_harmonic.wav,64.9999988079071,10.000000298023224,53.637109994888306,24.256482124328613
stim_70_harmonic.wav,25.000001192092896,60.0,28.597787618637085,31.470043659210205
stim_70_harmonic.wav,70.0000011920929,49.999998807907104,48.15812945365906,23.754408359527588
stim_70_harmonic.wav,20.000000149011612,30.0,37.25592881441116,30.079540014266968
stim_70_harmonic.wav,35.00000059604645,10.000000298023224,40.382357239723206,28.367067575454712
stim_70_harmonic.wav,30.00000089406967,60.0,39.113473892211914,29.702813029289246
stim_70_harmonic.wav,84.99999761581421,40.000001192092896,71.98374152183533,34.09576892852783
stim_70_harmonic.wav,5.000000037252903,20.000000596046448,34.06283140182495,28.551709055900574
stim_70_harmonic.wav,54.99999940395355,40.000001192092896,48.77356767654419,18.171590566635132
stim_70_harmonic.wav,10.000000074505806,20.000000596046448,10.671965181827545,35.69440841674805
stim_70_harmonic.wav,54.99999940395355,10.000000298023224,66.3427609205246,27.560153603553772
stim_62_harmonic.wav,10.000000074505806,60.0,12.776262760162354,33.9307165145874
stim_62_harmonic.wav,15.000000447034836,10.000000298023224,41.54841810464859,28.59462797641754
stim_62_harmonic.wav,70.0000011920929,30.0,68.1648176908493,28.074451088905334
stim_62_harmonic.wav,0.0,0.0,30.020468831062317,24.773274064064026
stim_62_harmonic.wav,64.9999988079071,60.0,38.54547053575516,19.729127883911133
stim_62_harmonic.wav,90.0,20.000000596046448,42.198647260665894,32.590599060058594
stim_62_harmonic.wav,54.99999940395355,10.000000298023224,55.28086960315704,24.612629413604736
stim_62_harmonic.wav,90.0,20.000000596046448,45.986613035202026,28.842766284942627
stim_62_harmonic.wav,80.00000059604645,10.000000298023224,70.10565340518951,8.280617594718933
stim_62_harmonic.wav,10.000000074505806,10.000000298023224,13.810163140296936,34.48115587234497
stim_62_harmonic.wav,0.0,20.000000596046448,39.96780574321747,26.712963581085205
stim_62_harmonic.wav,74.99999821186066,49.999998807907104,55.29971480369568,37.97996520996094
stim_62_harmonic.wav,45.0,30.0,46.99123442173004,28.410953879356384
stim_62_harmonic.wav,45.0,49.999998807907104,55.93690037727356,53.895442485809326
stim_62_harmonic.wav,80.00000059604645,30.0,64.71583485603333,29.04125690460205
stim_62_harmonic.wav,84.99999761581421,30.0,76.41283571720123,33.26110124588013
stim_62_harmonic.wav,45.0,60.0,33.01602691411972,47.6663875579834
stim_62_harmonic.wav,35.00000059604645,10.000000298023224,49.723750948905945,33.20749282836914
stim_62_harmonic.wav,40.000000298023224,49.999998807907104,35.795044898986816,25.77981412410736
stim_62_harmonic.wav,84.99999761581421,49.999998807907104,39.83468234539032,27.868067622184753
stim_62_harmonic.wav,70.0000011920929,20.000000596046448,70.42644023895264,39.37571167945862
stim_62_harmonic.wav,84.99999761581421,20.000000596046448,64.0339207649231,24.75096344947815
stim_62_harmonic.wav,30.00000089406967,10.000000298023224,49.27112817764282,31.465673446655273
stim_62_harmonic.wav,30.00000089406967,49.999998807907104,42.71392911672592,32.46998190879822
stim_62_harmonic.wav,74.99999821186066,40.000001192092896,50.831873416900635,34.827961921691895
stim_62_harmonic.wav,54.99999940395355,0.0,51.390899419784546,17.639123797416687
stim_62_harmonic.wav,50.00000238418579,30.0,51.995887756347656,29.799656867980957
stim_62_harmonic.wav,64.9999988079071,0.0,56.405428647994995,16.229018568992615
stim_62_harmonic.wav,64.9999988079071,10.000000298023224,67.820765376091,15.637003183364868
stim_62_harmonic.wav,30.00000089406967,49.999998807907104,34.67354357242584,29.072336554527283
stim_62_harmonic.wav,20.000000149011612,60.0,17.316137552261353,33.376758098602295
stim_62_harmonic.wav,30.00000089406967,49.999998807907104,30.996739268302917,48.26382637023926
stim_62_harmonic.wav,45.0,10.000000298023224,44.310599863529205,23.93152892589569
stim_62_harmonic.wav,90.0,60.0,60.037193298339844,49.64366555213928
stim_62_harmonic.wav,60.00000178813934,40.000001192092896,54.74616587162018,35.41653871536255
stim_62_harmonic.wav,74.99999821186066,49.999998807907104,42.63638108968735,32.706706523895264
stim_62_harmonic.wav,60.00000178813934,30.0,51.73468351364136,24.36297297477722
stim_62_harmonic.wav,10.000000074505806,20.000000596046448,25.144395232200623,27.187896966934204
stim_62_harmonic.wav,0.0,49.999998807907104,25.237078964710236,37.46634364128113
stim_62_harmonic.wav,10.000000074505806,0.0,19.714064598083496,37.75275707244873
stim_62_harmonic.wav,80.00000059604645,60.0,39.411810636520386,32.27653741836548
stim_62_harmonic.wav,90.0,60.0,43.537099063396454,37.58671045303345
stim_62_harmonic.wav,74.99999821186066,30.0,80.91271340847015,25.196120738983154
stim_62_harmonic.wav,50.00000238418579,40.000001192092896,59.697861671447754,41.655038595199585
stim_62_harmonic.wav,40.000000298023224,40.000001192092896,47.9872190952301,43.44219088554382
stim_62_harmonic.wav,0.0,10.000000298023224,37.539628744125366,38.896071910858154
stim_62_harmonic.wav,35.00000059604645,40.000001192092896,41.8002587556839,26.122121214866638
stim_62_harmonic.wav,74.99999821186066,0.0,41.44834220409393,23.635332584381104
stim_62_harmonic.wav,5.000000037252903,40.000001192092896,22.29752004146576,31.802387237548828
stim_62_harmonic.wav,60.00000178813934,60.0,37.258238196372986,29.70469057559967
stim_62_harmonic.wav,80.00000059604645,30.0,54.7424590587616,29.51699674129486
stim_62_harmonic.wav,30.00000089406967,20.000000596046448,44.694727063179016,37.08751559257507
stim_62_harmonic.wav,80.00000059604645,60.0,41.50114417076111,29.33132529258728
stim_62_harmonic.wav,30.00000089406967,40.000001192092896,47.96987593173981,30.955621004104614
stim_62_harmonic.wav,25.000001192092896,60.0,24.686424136161804,48.87030601501465
stim_62_harmonic.wav,60.00000178813934,60.0,55.94405651092529,49.136173725128174
stim_62_harmonic.wav,64.9999988079071,20.000000596046448,87.80146837234497,35.80379247665405
stim_62_harmonic.wav,35.00000059604645,30.0,48.65841507911682,38.488701581954956
stim_62_harmonic.wav,25.000001192092896,49.999998807907104,33.50459396839142,27.156150341033936
stim_62_harmonic.wav,35.00000059604645,0.0,47.60676920413971,25.10534942150116
stim_62_harmonic.wav,70.0000011920929,20.000000596046448,55.18907904624939,20.917044281959534
stim_62_harmonic.wav,20.000000149011612,0.0,31.242188215255737,36.203269958496094
stim_62_harmonic.wav,0.0,30.0,10.972879528999329,38.357155323028564
stim_62_harmonic.wav,84.99999761581421,49.999998807907104,69.64578866958618,33.23972225189209
stim_62_harmonic.wav,70.0000011920929,30.0,59.965749979019165,18.197370171546936
stim_62_harmonic.wav,84.99999761581421,10.000000298023224,47.13078439235687,21.915560960769653
stim_62_harmonic.wav,74.99999821186066,60.0,57.91274964809418,48.918185234069824
stim_62_harmonic.wav,10.000000074505806,20.000000596046448,19.392226338386536,32.540262937545776
stim_62_harmonic.wav,60.00000178813934,20.000000596046448,48.981385231018066,44.99957084655762
stim_62_harmonic.wav,50.00000238418579,49.999998807907104,57.50312805175781,47.55249738693237
stim_62_harmonic.wav,64.9999988079071,49.999998807907104,32.43489682674408,30.224933624267578
stim_62_harmonic.wav,80.00000059604645,40.000001192092896,70.37406742572784,31.188915967941284
stim_62_harmonic.wav,0.0,40.000001192092896,20.788839161396027,29.232999086380005
stim_62_harmonic.wav,25.000001192092896,0.0,29.75101411342621,35.50688982009888
stim_62_harmonic.wav,45.0,0.0,38.01608294248581,31.576688289642334
stim_62_harmonic.wav,74.99999821186066,0.0,70.38172245025635,13.123047351837158
stim_62_harmonic.wav,35.00000059604645,20.000000596046448,45.532241463661194,33.972777128219604
stim_62_harmonic.wav,80.00000059604645,10.000000298023224,66.37805342674255,12.6559317111969
stim_62_harmonic.wav,84.99999761581421,30.0,52.73164987564087,22.571480870246887
stim_62_harmonic.wav,30.00000089406967,30.0,40.26670306921005,24.184691905975342
stim_62_harmonic.wav,5.000000037252903,10.000000298023224,13.538471460342407,30.563764572143555
stim_62_harmonic.wav,80.00000059604645,49.999998807907104,74.68456506729126,43.551682233810425
stim_62_harmonic.wav,25.000001192092896,60.0,27.59791374206543,50.373523235321045
stim_62_harmonic.wav,20.000000149011612,40.000001192092896,31.644350588321686,38.66544842720032
stim_62_harmonic.wav,45.0,40.000001192092896,59.34369206428528,41.583309173583984
stim_62_harmonic.wav,70.0000011920929,20.000000596046448,42.85471558570862,25.762844681739807
stim_62_harmonic.wav,74.99999821186066,60.0,40.01213192939758,27.84717321395874
stim_62_harmonic.wav,5.000000037252903,40.000001192092896,32.80093789100647,34.864933490753174
stim_62_harmonic.wav,45.0,49.999998807907104,44.578010737895966,26.30875289440155
stim_62_harmonic.wav,25.000001192092896,20.000000596046448,32.32584893703461,26.300439834594727
stim_62_harmonic.wav,25.000001192092896,49.999998807907104,27.14820921421051,49.679070711135864
stim_62_harmonic.wav,50.00000238418579,40.000001192092896,50.25526821613312,27.278233766555786
stim_62_harmonic.wav,74.99999821186066,60.0,52.70744562149048,38.173588514328
stim_62_harmonic.wav,84.99999761581421,49.999998807907104,60.72825908660889,28.599332571029663
stim_62_harmonic.wav,50.00000238418579,10.000000298023224,47.440059185028076,21.291759610176086
stim_62_harmonic.wav,74.99999821186066,49.999998807907104,65.90339362621307,43.95938158035278
stim_62_harmonic.wav,70.0000011920929,40.000001192092896,72.75778949260712,34.746326208114624
stim_62_harmonic.wav,5.000000037252903,10.000000298023224,13.822887539863586,29.915446043014526
stim_62_harmonic.wav,30.00000089406967,0.0,44.496852457523346,30.05445957183838
stim_62_harmonic.wav,35.00000059604645,0.0,41.574762761592865,23.361856341362
stim_62_harmonic.wav,25.000001192092896,60.0,27.399247884750366,38.267884254455566
stim_62_harmonic.wav,54.99999940395355,20.000000596046448,48.94684910774231,23.15263867378235
stim_62_harmonic.wav,74.99999821186066,0.0,44.466200172901154,26.148220896720886
stim_62_harmonic.wav,20.000000149011612,20.000000596046448,27.570587396621704,27.21950054168701
stim_62_harmonic.wav,64.9999988079071,49.999998807907104,62.545799016952515,33.94755721092224
stim_62_harmonic.wav,5.000000037252903,10.000000298023224,40.60626804828644,26.01108491420746
stim_62_harmonic.wav,15.000000447034836,49.999998807907104,27.009571194648743,35.01341700553894
stim_62_harmonic.wav,30.00000089406967,20.000000596046448,37.58676320314407,32.497336864471436
stim_62_harmonic.wav,40.000000298023224,0.0,47.266815304756165,26.562758088111877
stim_62_harmonic.wav,20.000000149011612,40.000001192092896,36.50550037622452,44.749077558517456
stim_62_harmonic.wav,0.0,60.0,12.216064631938934,33.15211772918701
stim_62_harmonic.wav,20.000000149011612,0.0,39.79557305574417,23.297653198242188
stim_62_harmonic.wav,40.000000298023224,0.0,46.38261437416077,29.591107964515686
stim_62_harmonic.wav,80.00000059604645,49.999998807907104,58.19032073020935,29.890583753585815
stim_62_harmonic.wav,30.00000089406967,10.000000298023224,50.51336109638214,39.0498948097229
stim_62_harmonic.wav,80.00000059604645,30.0,86.85823738574982,29.04271960258484
stim_62_harmonic.wav,50.00000238418579,20.000000596046448,61.31123185157776,29.308215379714966
stim_62_harmonic.wav,20.000000149011612,20.000000596046448,27.638694047927856,29.229896664619446
stim_62_harmonic.wav,10.000000074505806,30.0,26.631135642528534,29.93545174598694
stim_62_harmonic.wav,80.00000059604645,60.0,40.48517167568207,32.045931816101074
stim_62_harmonic.wav,74.99999821186066,10.000000298023224,56.20399475097656,23.891165256500244
stim_99_harmonic.wav,60.00000178813934,49.999998807907104,41.194725930690765,25.81795334815979
stim_99_harmonic.wav,74.99999821186066,49.999998807907104,41.1756956577301,26.108797788619995
stim_99_harmonic.wav,50.00000238418579,20.000000596046448,40.796766579151154,26.251174807548523
stim_99_harmonic.wav,54.99999940395355,0.0,48.21751356124878,22.726049423217773
stim_99_harmonic.wav,60.00000178813934,10.000000298023224,52.54012942314148,19.025620222091675
stim_99_harmonic.wav,10.000000074505806,0.0,40.59854865074158,26.26914381980896
stim_99_harmonic.wav,20.000000149011612,10.000000298023224,48.773460388183594,28.588796854019165
stim_99_harmonic.wav,30.00000089406967,20.000000596046448,55.2403199672699,16.81753098964691
stim_99_harmonic.wav,54.99999940395355,30.0,43.93329083919525,18.781304955482483
stim_99_harmonic.wav,15.000000447034836,40.000001192092896,41.07507526874542,26.10050618648529
stim_99_harmonic.wav,5.000000037252903,30.0,41.485370099544525,26.038654446601868
stim_99_harmonic.wav,15.000000447034836,10.000000298023224,42.90391534566879,30.57744026184082
stim_99_harmonic.wav,50.00000238418579,0.0,47.78003990650177,20.169492959976196
stim_99_harmonic.wav,35.00000059604645,20.000000596046448,41.15969628095627,26.226369738578796
stim_99_harmonic.wav,50.00000238418579,40.000001192092896,41.03193461894989,26.110836267471313
stim_99_harmonic.wav,54.99999940395355,20.000000596046448,44.87399250268936,21.277416944503784
stim_99_harmonic.wav,40.000000298023224,10.000000298023224,40.71887522935867,26.114373207092285
stim_99_harmonic.wav,5.000000037252903,10.000000298023224,41.55272841453552,26.27486765384674
stim_99_harmonic.wav,10.000000074505806,60.0,41.22574836015701,26.058683395385742
stim_99_harmonic.wav,50.00000238418579,60.0,52.93455898761749,22.582198977470398
stim_99_harmonic.wav,74.99999821186066,40.000001192092896,40.86297154426575,26.015864610671997
stim_99_harmonic.wav,5.000000037252903,40.000001192092896,41.76335692405701,26.32876753807068
stim_99_harmonic.wav,84.99999761581421,49.999998807907104,49.49898719787598,21.77370250225067
stim_99_harmonic.wav,10.000000074505806,49.999998807907104,35.069459080696106,27.420650124549866
stim_99_harmonic.wav,84.99999761581421,49.999998807907104,45.67862570285797,21.36818826198578
stim_99_harmonic.wav,50.00000238418579,60.0,49.11664366722107,21.817234754562378
stim_99_harmonic.wav,20.000000149011612,20.000000596046448,47.828840017318726,26.577401161193848
stim_99_harmonic.wav,15.000000447034836,30.0,40.80052703619003,26.25420391559601
stim_99_harmonic.wav,80.00000059604645,30.0,40.64495891332626,26.15084946155548
stim_99_harmonic.wav,70.0000011920929,40.000001192092896,40.67392945289612,26.131067276000977
stim_99_harmonic.wav,54.99999940395355,20.000000596046448,45.645790100097656,23.68596374988556
stim_99_harmonic.wav,74.99999821186066,30.0,40.70821076631546,26.192965507507324
stim_99_harmonic.wav,0.0,40.000001192092896,34.061584174633026,27.020228505134583
stim_99_harmonic.wav,74.99999821186066,30.0,45.055532455444336,29.611798524856567
stim_99_harmonic.wav,35.00000059604645,20.000000596046448,43.046026825904846,20.586944818496704
stim_99_harmonic.wav,5.000000037252903,0.0,40.605581402778625,26.16221845149994
stim_99_harmonic.wav,74.99999821186066,49.999998807907104,41.46127313375473,25.714906454086304
stim_99_harmonic.wav,5.000000037252903,40.000001192092896,41.47796183824539,26.099807024002075
stim_99_harmonic.wav,20.000000149011612,49.999998807907104,39.93840605020523,27.803991436958313
stim_99_harmonic.wav,40.000000298023224,30.0,41.242673099040985,26.042479276657104
stim_99_harmonic.wav,70.0000011920929,10.000000298023224,40.64109921455383,26.160199642181396
stim_99_harmonic.wav,70.0000011920929,40.000001192092896,41.893234848976135,26.034822463989258
stim_99_harmonic.wav,0.0,49.999998807907104,33.73513251543045,27.61543035507202
stim_99_harmonic.wav,15.000000447034836,40.000001192092896,40.62038719654083,26.161669492721558
stim_99_harmonic.wav,45.0,10.000000298023224,45.06336987018585,19.719618558883667
stim_99_harmonic.wav,64.9999988079071,60.0,51.65119707584381,16.563445329666138
stim_99_harmonic.wav,50.00000238418579,10.000000298023224,41.14920616149902,26.08499050140381
stim_99_harmonic.wav,45.0,60.0,41.10443204641342,25.81474542617798
stim_99_harmonic.wav,40.000000298023224,60.0,41.67240858078003,25.797536373138428
stim_99_harmonic.wav,74.99999821186066,60.0,41.13638788461685,26.122382283210754
stim_99_harmonic.wav,84.99999761581421,20.000000596046448,48.58375310897827,23.49146604537964
stim_99_harmonic.wav,84.99999761581421,40.000001192092896,40.78103542327881,26.234893798828125
stim_99_harmonic.wav,35.00000059604645,20.000000596046448,42.167410254478455,22.5396591424942
stim_99_harmonic.wav,30.00000089406967,0.0,41.24559670686722,25.876539945602417
stim_99_harmonic.wav,64.9999988079071,20.000000596046448,50.7560795545578,28.770382404327393
stim_99_harmonic.wav,20.000000149011612,10.000000298023224,40.86332827806473,26.267277002334595
stim_99_harmonic.wav,20.000000149011612,40.000001192092896,40.97794443368912,26.19181752204895
stim_99_harmonic.wav,54.99999940395355,20.000000596046448,48.26544463634491,19.469529390335083
stim_99_harmonic.wav,70.0000011920929,20.000000596046448,40.87624579668045,26.097925901412964
stim_99_harmonic.wav,5.000000037252903,40.000001192092896,41.83399826288223,26.468079686164856
stim_99_harmonic.wav,10.000000074505806,30.0,36.97790175676346,27.798323035240173
stim_99_harmonic.wav,54.99999940395355,0.0,41.22371792793274,25.83673596382141
stim_99_harmonic.wav,20.000000149011612,30.0,41.32065564393997,25.782635807991028
stim_99_harmonic.wav,45.0,30.0,46.878806948661804,24.095585346221924
stim_99_harmonic.wav,45.0,40.000001192092896,40.90266823768616,26.137593984603882
stim_99_harmonic.wav,70.0000011920929,10.000000298023224,49.334219098091125,23.093955516815186
stim_99_harmonic.wav,35.00000059604645,30.0,41.3003996014595,25.858365297317505
stim_99_harmonic.wav,64.9999988079071,0.0,46.03814899921417,25.104457139968872
stim_99_harmonic.wav,70.0000011920929,10.000000298023224,40.682590305805206,26.15519106388092
stim_99_harmonic.wav,80.00000059604645,49.999998807907104,40.71004539728165,26.127085089683533
stim_99_harmonic.wav,54.99999940395355,60.0,40.832796692848206,26.084396839141846
stim_99_harmonic.wav,0.0,0.0,41.30331516265869,26.08487606048584
stim_99_harmonic.wav,35.00000059604645,60.0,40.947203636169434,25.986660718917847
stim_99_harmonic.wav,10.000000074505806,30.0,41.176481544971466,26.111006140708923
stim_99_harmonic.wav,30.00000089406967,10.000000298023224,57.06174910068512,22.565576434135437
stim_99_harmonic.wav,60.00000178813934,49.999998807907104,41.01466923952103,25.940585732460022
stim_99_harmonic.wav,84.99999761581421,30.0,44.4076743721962,28.6721009016037
stim_99_harmonic.wav,64.9999988079071,30.0,39.19498085975647,28.137300610542297
stim_99_harmonic.wav,5.000000037252903,49.999998807907104,41.21398687362671,26.18039309978485
stim_99_harmonic.wav,0.0,60.0,41.11805498600006,26.12505555152893
stim_99_harmonic.wav,15.000000447034836,40.000001192092896,41.186140179634094,26.321407556533813
stim_99_harmonic.wav,40.000000298023224,60.0,41.706456542015076,25.61598837375641
stim_99_harmonic.wav,84.99999761581421,30.0,42.5311017036438,26.73986256122589
stim_99_harmonic.wav,45.0,49.999998807907104,41.32811486721039,25.81332564353943
stim_99_harmonic.wav,0.0,20.000000596046448,36.6559374332428,27.260853052139282
stim_99_harmonic.wav,74.99999821186066,20.000000596046448,48.03955435752869,26.166536808013916
stim_99_harmonic.wav,25.000001192092896,10.000000298023224,41.19379252195358,26.0696017742157
stim_99_harmonic.wav,70.0000011920929,10.000000298023224,46.825624108314514,22.005195021629333
stim_99_harmonic.wav,70.0000011920929,49.999998807907104,41.23351335525513,26.08081877231598
stim_99_harmonic.wav,30.00000089406967,49.999998807907104,40.78143507242203,26.243966817855835
stim_99_harmonic.wav,80.00000059604645,20.000000596046448,52.90946960449219,27.668972611427307
stim_99_harmonic.wav,80.00000059604645,40.000001192092896,42.47619420289993,27.957719564437866
stim_99_harmonic.wav,25.000001192092896,40.000001192092896,41.02977275848389,26.012837290763855
stim_99_harmonic.wav,80.00000059604645,20.000000596046448,41.81453347206116,25.896635055541992
stim_99_harmonic.wav,60.00000178813934,0.0,42.206050157547,25.731196403503418
stim_99_harmonic.wav,54.99999940395355,40.000001192092896,42.67634868621826,23.23149025440216
stim_99_harmonic.wav,20.000000149011612,49.999998807907104,45.50419092178345,28.95439624786377
stim_99_harmonic.wav,40.000000298023224,30.0,42.27809965610504,24.546234011650085
stim_99_harmonic.wav,20.000000149011612,40.000001192092896,41.98520511388779,26.08600080013275
stim_99_harmonic.wav,10.000000074505806,40.000001192092896,38.26768219470978,27.237850427627563
stim_99_harmonic.wav,15.000000447034836,49.999998807907104,41.60215884447098,26.363877654075623
stim_99_harmonic.wav,84.99999761581421,40.000001192092896,41.10381782054901,26.205108761787415
stim_99_harmonic.wav,5.000000037252903,30.0,41.851142942905426,26.70861303806305
stim_99_harmonic.wav,54.99999940395355,30.0,47.720709443092346,23.71214747428894
stim_99_harmonic.wav,64.9999988079071,20.000000596046448,41.20160847902298,25.920445919036865
stim_99_harmonic.wav,20.000000149011612,0.0,40.87483495473862,26.155391335487366
stim_99_harmonic.wav,20.000000149011612,0.0,41.00690960884094,26.130375266075134
stim_99_harmonic.wav,20.000000149011612,60.0,41.24521315097809,26.069108247756958
stim_99_harmonic.wav,60.00000178813934,40.000001192092896,41.01364195346832,26.16664946079254
stim_99_harmonic.wav,10.000000074505806,30.0,40.77471613883972,26.08912467956543
stim_99_harmonic.wav,0.0,49.999998807907104,41.118940114974976,26.251925826072693
stim_99_harmonic.wav,25.000001192092896,30.0,40.76713353395462,26.124832034111023
stim_99_harmonic.wav,35.00000059604645,60.0,41.697235107421875,25.71893334388733
stim_99_harmonic.wav,20.000000149011612,49.999998807907104,52.412145137786865,30.141520500183105
stim_99_harmonic.wav,64.9999988079071,20.000000596046448,43.85260194540024,31.6582989692688
stim_99_harmonic.wav,60.00000178813934,49.999998807907104,48.560219407081604,17.33513116836548
stim_99_harmonic.wav,54.99999940395355,49.999998807907104,44.83765929937363,19.554576873779297
stim_99_harmonic.wav,30.00000089406967,40.000001192092896,41.73160761594772,25.8748859167099
stim_99_harmonic.wav,30.00000089406967,60.0,46.32630407810211,30.248669385910034
stim_99_harmonic.wav,40.000000298023224,10.000000298023224,45.23638844490051,18.448187112808228
stim_99_harmonic.wav,64.9999988079071,0.0,49.028098583221436,21.008278727531433
stim_99_harmonic.wav,30.00000089406967,40.000001192092896,48.09622943401337,25.300442576408386
stim_99_harmonic.wav,84.99999761581421,30.0,48.79046559333801,30.95008134841919
stim_99_harmonic.wav,45.0,49.999998807907104,40.918235778808594,26.041195392608643
stim_99_harmonic.wav,0.0,20.000000596046448,41.97269797325134,26.521770358085632
stim_99_harmonic.wav,40.000000298023224,40.000001192092896,41.87085717916489,26.10073685646057
stim_99_harmonic.wav,70.0000011920929,0.0,50.20928978919983,25.102978348731995
stim_99_harmonic.wav,35.00000059604645,20.000000596046448,41.69133424758911,26.123587489128113
stim_99_harmonic.wav,10.000000074505806,49.999998807907104,41.114471554756165,26.264628767967224
stim_99_harmonic.wav,10.000000074505806,30.0,42.04528123140335,26.402354836463928
stim_99_harmonic.wav,70.0000011920929,20.000000596046448,41.282984018325806,25.865625143051147
stim_99_harmonic.wav,45.0,10.000000298023224,46.752705574035645,19.347288608551025
stim_77_harmonic.wav,60.00000178813934,30.0,46.384116411209106,22.81650424003601
stim_77_harmonic.wav,10.000000074505806,0.0,31.67305827140808,32.947983741760254
stim_77_harmonic.wav,84.99999761581421,40.000001192092896,42.53879427909851,26.603572368621826
stim_77_harmonic.wav,60.00000178813934,20.000000596046448,54.430877566337585,27.76385486125946
stim_77_harmonic.wav,40.000000298023224,40.000001192092896,46.694008111953735,39.04734492301941
stim_77_harmonic.wav,35.00000059604645,30.0,44.198142886161804,34.70395088195801
stim_77_harmonic.wav,70.0000011920929,30.0,47.31232702732086,26.46482527256012
stim_77_harmonic.wav,70.0000011920929,49.999998807907104,49.78003978729248,28.47678780555725
stim_77_harmonic.wav,45.0,20.000000596046448,46.073023080825806,29.868088960647583
stim_77_harmonic.wav,70.0000011920929,60.0,52.750993967056274,43.0598258972168
stim_77_harmonic.wav,50.00000238418579,10.000000298023224,46.06262683868408,24.478293657302856
stim_77_harmonic.wav,54.99999940395355,20.000000596046448,31.65032923221588,25.733202695846558
stim_77_harmonic.wav,54.99999940395355,49.999998807907104,43.91766965389252,22.0410418510437
stim_77_harmonic.wav,74.99999821186066,60.0,47.88135230541229,34.50068235397339
stim_77_harmonic.wav,0.0,20.000000596046448,10.359780192375183,28.623422384262085
stim_77_harmonic.wav,15.000000447034836,49.999998807907104,34.01193380355835,29.495832324028015
stim_77_harmonic.wav,40.000000298023224,49.999998807907104,40.249676406383514,29.580275416374207
stim_77_harmonic.wav,84.99999761581421,0.0,42.39726483821869,26.287425756454468
stim_77_harmonic.wav,50.00000238418579,30.0,42.1996745467186,28.738396167755127
stim_77_harmonic.wav,30.00000089406967,60.0,38.830546438694,31.311739683151245
stim_77_harmonic.wav,5.000000037252903,49.999998807907104,4.974789619445801,32.703208923339844
stim_77_harmonic.wav,20.000000149011612,40.000001192092896,39.6422016620636,25.487521290779114
stim_77_harmonic.wav,0.0,40.000001192092896,7.429048418998718,27.87981390953064
stim_77_harmonic.wav,80.00000059604645,0.0,48.03916275501251,25.890119075775146
stim_77_harmonic.wav,30.00000089406967,49.999998807907104,44.58556920289993,27.871127128601074
stim_77_harmonic.wav,15.000000447034836,0.0,42.45492696762085,26.39232337474823
stim_77_harmonic.wav,50.00000238418579,20.000000596046448,41.64023011922836,28.41396689414978
stim_77_harmonic.wav,5.000000037252903,49.999998807907104,30.53023874759674,27.574228048324585
stim_77_harmonic.wav,74.99999821186066,30.0,60.52538216114044,26.231895089149475
stim_77_harmonic.wav,10.000000074505806,60.0,30.340697765350342,29.453381896018982
stim_77_harmonic.wav,70.0000011920929,60.0,44.352807104587555,30.177336931228638
stim_77_harmonic.wav,64.9999988079071,49.999998807907104,40.41022002696991,26.36440873146057
stim_77_harmonic.wav,35.00000059604645,10.000000298023224,45.25915503501892,30.1891028881073
stim_77_harmonic.wav,45.0,60.0,42.83423960208893,32.1852171421051
stim_77_harmonic.wav,5.000000037252903,40.000001192092896,5.846191048622131,39.65691089630127
stim_77_harmonic.wav,45.0,10.000000298023224,57.874109745025635,19.99672293663025
stim_77_harmonic.wav,60.00000178813934,20.000000596046448,45.010643005371094,25.644773840904236
stim_77_harmonic.wav,80.00000059604645,10.000000298023224,55.28464078903198,18.226125240325928
stim_77_harmonic.wav,84.99999761581421,0.0,67.1545422077179,6.431676149368286
stim_77_harmonic.wav,90.0,40.000001192092896,46.17282271385193,25.279258489608765
stim_77_harmonic.wav,45.0,60.0,33.93657714128494,36.77844285964966
stim_77_harmonic.wav,45.0,0.0,42.13079810142517,26.91591739654541
stim_77_harmonic.wav,60.00000178813934,40.000001192092896,43.098458647727966,26.989118456840515
stim_77_harmonic.wav,5.000000037252903,49.999998807907104,20.82217901945114,28.683475255966187
stim_77_harmonic.wav,0.0,49.999998807907104,27.311542332172394,26.202816367149353
stim_77_harmonic.wav,30.00000089406967,20.000000596046448,40.70766091346741,27.081297039985657
stim_77_harmonic.wav,80.00000059604645,49.999998807907104,45.14040291309357,29.764181971549988
stim_77_harmonic.wav,20.000000149011612,60.0,33.66445094347,27.447699308395386
stim_77_harmonic.wav,70.0000011920929,60.0,43.06838035583496,24.716514945030212
stim_77_harmonic.wav,80.00000059604645,10.000000298023224,51.18199825286865,23.390527367591858
stim_77_harmonic.wav,70.0000011920929,49.999998807907104,58.65273892879486,31.668527126312256
stim_77_harmonic.wav,54.99999940395355,30.0,52.106502056121826,21.576590538024902
stim_77_harmonic.wav,54.99999940395355,40.000001192092896,50.12265980243683,29.059417247772217
stim_77_harmonic.wav,30.00000089406967,30.0,39.401481449604034,30.383065938949585
stim_77_harmonic.wav,25.000001192092896,60.0,36.537142395973206,31.979248523712158
stim_77_harmonic.wav,5.000000037252903,20.000000596046448,10.42338877916336,31.45835280418396
stim_77_harmonic.wav,10.000000074505806,0.0,28.769084215164185,30.21910786628723
stim_77_harmonic.wav,35.00000059604645,49.999998807907104,53.71931433677673,22.12976574897766
stim_77_harmonic.wav,35.00000059604645,60.0,41.63536727428436,26.26473069190979
stim_77_harmonic.wav,45.0,60.0,43.58991175889969,27.534626126289368
stim_77_harmonic.wav,70.0000011920929,20.000000596046448,45.781402587890625,27.224375009536743
stim_77_harmonic.wav,54.99999940395355,60.0,44.03916299343109,27.093358039855957
stim_77_harmonic.wav,35.00000059604645,60.0,41.604261696338654,26.523460149765015
stim_77_harmonic.wav,0.0,0.0,28.06532084941864,25.63664674758911
stim_77_harmonic.wav,15.000000447034836,20.000000596046448,34.33875024318695,34.62803363800049
stim_77_harmonic.wav,80.00000059604645,0.0,45.14003813266754,25.306484699249268
stim_77_harmonic.wav,64.9999988079071,40.000001192092896,49.89722549915314,26.301915049552917
stim_77_harmonic.wav,50.00000238418579,40.000001192092896,48.444852232933044,27.79790461063385
stim_77_harmonic.wav,80.00000059604645,20.000000596046448,71.11318230628967,21.21486246585846
stim_77_harmonic.wav,84.99999761581421,20.000000596046448,72.05989480018616,19.65739130973816
stim_77_harmonic.wav,35.00000059604645,30.0,38.32607388496399,22.793880701065063
stim_77_harmonic.wav,40.000000298023224,20.000000596046448,41.00682109594345,26.294313669204712
stim_77_harmonic.wav,0.0,30.0,36.84989869594574,27.629295587539673
stim_77_harmonic.wav,54.99999940395355,60.0,40.94346731901169,29.574512243270874
stim_77_harmonic.wav,84.99999761581421,60.0,60.77035903930664,45.025588274002075
stim_77_harmonic.wav,70.0000011920929,40.000001192092896,50.34453749656677,24.76927399635315
stim_77_harmonic.wav,54.99999940395355,0.0,44.54504370689392,25.546733736991882
stim_77_harmonic.wav,0.0,60.0,27.393591105937958,26.884084939956665
stim_77_harmonic.wav,45.0,40.000001192092896,49.37303066253662,33.274712562561035
stim_77_harmonic.wav,60.00000178813934,10.000000298023224,44.81290519237518,28.01111340522766
stim_77_harmonic.wav,80.00000059604645,49.999998807907104,47.03870415687561,26.428493857383728
stim_77_harmonic.wav,20.000000149011612,0.0,22.172545194625854,13.22103202342987
stim_77_harmonic.wav,15.000000447034836,49.999998807907104,31.09958589076996,26.809388995170593
stim_77_harmonic.wav,70.0000011920929,30.0,45.95905601978302,29.758551120758057
stim_77_harmonic.wav,45.0,49.999998807907104,41.7241644859314,35.76315879821777
stim_77_harmonic.wav,54.99999940395355,30.0,42.54083812236786,26.068570017814636
stim_77_harmonic.wav,45.0,20.000000596046448,43.39317440986633,28.61201047897339
stim_77_harmonic.wav,0.0,60.0,9.9425008893013,25.236008763313293
stim_77_harmonic.wav,64.9999988079071,30.0,44.027718007564545,27.439504265785217
stim_77_harmonic.wav,60.00000178813934,0.0,58.96069943904877,17.45602548122406
stim_77_harmonic.wav,25.000001192092896,40.000001192092896,43.46445143222809,27.50747859477997
stim_77_harmonic.wav,20.000000149011612,49.999998807907104,42.065255641937256,27.03225553035736
stim_77_harmonic.wav,10.000000074505806,20.000000596046448,10.579042732715607,25.721063017845154
stim_77_harmonic.wav,64.9999988079071,30.0,42.14502453804016,29.3266099691391
stim_77_harmonic.wav,70.0000011920929,30.0,41.443173587322235,28.28700363636017
stim_77_harmonic.wav,80.00000059604645,0.0,68.13555479049683,5.933892130851746
stim_77_harmonic.wav,25.000001192092896,10.000000298023224,29.30917650461197,18.976723551750183
stim_77_harmonic.wav,70.0000011920929,20.000000596046448,44.776746332645416,30.99530339241028
stim_77_harmonic.wav,40.000000298023224,30.0,45.113972425460815,15.908748507499695
stim_77_harmonic.wav,5.000000037252903,10.000000298023224,3.7793129682540894,34.25205945968628
stim_77_harmonic.wav,5.000000037252903,49.999998807907104,23.35093080997467,32.23694086074829
stim_77_harmonic.wav,25.000001192092896,10.000000298023224,42.158797681331635,28.03839683532715
stim_77_harmonic.wav,50.00000238418579,10.000000298023224,51.481311321258545,18.575828075408936
stim_77_harmonic.wav,25.000001192092896,60.0,39.716928005218506,29.78692352771759
stim_77_harmonic.wav,45.0,49.999998807907104,52.36490607261658,41.59452438354492
stim_77_harmonic.wav,90.0,40.000001192092896,49.07670557498932,28.469508290290833
stim_77_harmonic.wav,84.99999761581421,60.0,47.201905846595764,33.41288208961487
stim_77_harmonic.wav,25.000001192092896,40.000001192092896,31.25538468360901,35.35128593444824
stim_77_harmonic.wav,25.000001192092896,60.0,27.344058752059937,32.930957078933716
stim_77_harmonic.wav,15.000000447034836,20.000000596046448,42.49893665313721,25.543364882469177
stim_77_harmonic.wav,10.000000074505806,10.000000298023224,27.807732224464417,31.059343814849854
stim_77_harmonic.wav,20.000000149011612,20.000000596046448,25.004807710647583,21.57290518283844
stim_77_harmonic.wav,84.99999761581421,20.000000596046448,76.01710796356201,18.535239100456238
stim_77_harmonic.wav,90.0,40.000001192092896,66.2507289648056,28.5205739736557
stim_77_harmonic.wav,60.00000178813934,0.0,58.96121442317963,15.730065107345581
stim_77_harmonic.wav,54.99999940395355,30.0,50.071086287498474,24.858461022377014
stim_77_harmonic.wav,35.00000059604645,30.0,44.98121917247772,26.21437132358551
stim_77_harmonic.wav,0.0,0.0,10.243281126022339,25.79662263393402
stim_77_harmonic.wav,15.000000447034836,20.000000596046448,39.67570245265961,26.8664413690567
stim_77_harmonic.wav,80.00000059604645,10.000000298023224,48.14031958580017,24.748865962028503
stim_77_harmonic.wav,25.000001192092896,60.0,42.51292169094086,28.7242591381073
stim_77_harmonic.wav,50.00000238418579,49.999998807907104,47.23477900028229,34.73578691482544
stim_77_harmonic.wav,25.000001192092896,40.000001192092896,47.171682715415955,21.871858835220337
stim_77_harmonic.wav,30.00000089406967,30.0,41.83599650859833,30.497857332229614
stim_77_harmonic.wav,80.00000059604645,30.0,50.22992670536041,26.12707257270813
stim_77_harmonic.wav,40.000000298023224,30.0,42.1311092376709,18.252915143966675
stim_77_harmonic.wav,30.00000089406967,30.0,33.51606845855713,25.13904869556427
stim_77_harmonic.wav,0.0,60.0,34.14376437664032,28.45614194869995
stim_77_harmonic.wav,10.000000074505806,30.0,15.544106662273407,34.83336925506592
stim_77_harmonic.wav,15.000000447034836,40.000001192092896,34.839261174201965,28.27904462814331
stim_77_harmonic.wav,60.00000178813934,60.0,45.86915910243988,30.580809116363525
stim_77_harmonic.wav,84.99999761581421,10.000000298023224,50.595946311950684,24.174426198005676
stim_77_harmonic.wav,0.0,40.000001192092896,6.9958555698394775,29.385870695114136
stim_77_harmonic.wav,25.000001192092896,0.0,43.42004746198654,31.835174560546875
stim_77_harmonic.wav,84.99999761581421,0.0,64.31957602500916,9.772868156433105
stim_77_harmonic.wav,5.000000037252903,60.0,7.815130949020386,34.44804310798645
stim_77_harmonic.wav,30.00000089406967,60.0,25.56552618741989,23.638139963150024
stim_77_harmonic.wav,45.0,40.000001192092896,47.378137707710266,29.03024733066559
stim_77_harmonic.wav,35.00000059604645,60.0,30.61254769563675,29.652822017669678
stim_77_harmonic.wav,5.000000037252903,20.000000596046448,13.488281965255737,33.03755164146423
stim_77_harmonic.wav,0.0,60.0,25.65609097480774,27.87700116634369
stim_77_harmonic.wav,64.9999988079071,0.0,44.39050018787384,26.160094141960144
stim_77_harmonic.wav,84.99999761581421,10.000000298023224,47.97874331474304,25.197678208351135
stim_77_harmonic.wav,70.0000011920929,30.0,64.29855823516846,31.820722818374634
stim_77_harmonic.wav,60.00000178813934,0.0,53.820390701293945,14.158158302307129
stim_77_harmonic.wav,5.000000037252903,10.000000298023224,9.19004738330841,30.41654348373413
stim_77_harmonic.wav,15.000000447034836,40.000001192092896,9.918723106384277,33.13392877578735
stim_77_harmonic.wav,54.99999940395355,0.0,56.698325872421265,23.740777373313904
stim_77_harmonic.wav,64.9999988079071,10.000000298023224,51.1566299200058,18.89571726322174
stim_77_harmonic.wav,10.000000074505806,40.000001192092896,14.271605014801025,36.852543354034424
stim_107_harmonic.wav,40.000000298023224,10.000000298023224,41.27858519554138,25.934520363807678
stim_107_harmonic.wav,40.000000298023224,60.0,41.714197397232056,26.193512678146362
stim_107_harmonic.wav,50.00000238418579,10.000000298023224,43.66570830345154,25.50171196460724
stim_107_harmonic.wav,80.00000059604645,30.0,45.69910168647766,25.500674843788147
stim_107_harmonic.wav,45.0,30.0,43.22327524423599,25.543956756591797
stim_107_harmonic.wav,25.000001192092896,10.000000298023224,41.25359505414963,26.182143688201904
stim_107_harmonic.wav,54.99999940395355,60.0,41.097766757011414,25.947593450546265
stim_107_harmonic.wav,0.0,0.0,40.982986986637115,26.284183859825134
stim_107_harmonic.wav,20.000000149011612,0.0,41.045533418655396,26.10214412212372
stim_107_harmonic.wav,35.00000059604645,0.0,40.79154968261719,26.15566849708557
stim_107_harmonic.wav,54.99999940395355,60.0,41.748012006282806,26.359108686447144
stim_107_harmonic.wav,0.0,60.0,42.55760997533798,26.711137890815735
stim_107_harmonic.wav,50.00000238418579,40.000001192092896,42.36331343650818,26.12147569656372
stim_107_harmonic.wav,84.99999761581421,20.000000596046448,45.23004233837128,25.925520658493042
stim_107_harmonic.wav,74.99999821186066,30.0,39.96347934007645,26.75388514995575
stim_107_harmonic.wav,15.000000447034836,30.0,41.59842252731323,26.22387707233429
stim_107_harmonic.wav,70.0000011920929,49.999998807907104,44.96146470308304,27.140291333198547
stim_107_harmonic.wav,50.00000238418579,49.999998807907104,39.67232286930084,29.063907265663147
stim_107_harmonic.wav,5.000000037252903,40.000001192092896,43.201967775821686,27.729955315589905
stim_107_harmonic.wav,45.0,40.000001192092896,43.33436697721481,26.59583866596222
stim_107_harmonic.wav,15.000000447034836,60.0,42.65821158885956,27.373441457748413
stim_107_harmonic.wav,80.00000059604645,20.000000596046448,48.95239591598511,23.430420756340027
stim_107_harmonic.wav,25.000001192092896,49.999998807907104,41.91137731075287,26.21964454650879
stim_107_harmonic.wav,70.0000011920929,10.000000298023224,42.461514472961426,26.03296458721161
stim_107_harmonic.wav,70.0000011920929,40.000001192092896,41.869524121284485,25.634397268295288
stim_107_harmonic.wav,54.99999940395355,0.0,48.78701627254486,28.887991905212402
stim_107_harmonic.wav,20.000000149011612,0.0,41.479850113391876,26.04195535182953
stim_107_harmonic.wav,15.000000447034836,60.0,39.68638300895691,29.90699529647827
stim_107_harmonic.wav,54.99999940395355,20.000000596046448,41.743023097515106,26.096713542938232
stim_107_harmonic.wav,60.00000178813934,60.0,41.51540547609329,26.16317331790924
stim_107_harmonic.wav,64.9999988079071,60.0,42.52437472343445,26.386579871177673
stim_107_harmonic.wav,35.00000059604645,0.0,41.57917499542236,26.258232593536377
stim_107_harmonic.wav,25.000001192092896,10.000000298023224,41.47905349731445,26.08907461166382
stim_107_harmonic.wav,10.000000074505806,10.000000298023224,39.34044510126114,29.11771059036255
stim_107_harmonic.wav,25.000001192092896,20.000000596046448,41.772605180740356,26.488675475120544
stim_107_harmonic.wav,84.99999761581421,30.0,41.901632845401764,25.99172294139862
stim_107_harmonic.wav,50.00000238418579,10.000000298023224,48.49235415458679,20.679929852485657
stim_107_harmonic.wav,80.00000059604645,40.000001192092896,41.62625044584274,26.034468412399292
stim_107_harmonic.wav,50.00000238418579,60.0,41.73699080944061,25.852028131484985
stim_107_harmonic.wav,30.00000089406967,20.000000596046448,40.49168139696121,29.141582250595093
stim_107_harmonic.wav,74.99999821186066,0.0,42.0394366979599,26.42340123653412
stim_107_harmonic.wav,64.9999988079071,30.0,44.13003087043762,27.79356837272644
stim_107_harmonic.wav,25.000001192092896,60.0,41.98555111885071,26.33462369441986
stim_107_harmonic.wav,10.000000074505806,30.0,41.511060297489166,26.059346795082092
stim_107_harmonic.wav,35.00000059604645,20.000000596046448,41.83124899864197,26.241456270217896
stim_107_harmonic.wav,25.000001192092896,60.0,41.895833909511566,26.313600540161133
stim_107_harmonic.wav,10.000000074505806,0.0,40.89183211326599,26.120029091835022
stim_107_harmonic.wav,10.000000074505806,60.0,41.220086216926575,29.37214493751526
stim_107_harmonic.wav,5.000000037252903,60.0,42.14372634887695,27.7536803483963
stim_107_harmonic.wav,45.0,49.999998807907104,43.483285903930664,28.847100734710693
stim_107_harmonic.wav,45.0,10.000000298023224,42.1006178855896,26.615570783615112
stim_107_harmonic.wav,35.00000059604645,20.000000596046448,41.31165683269501,26.154654622077942
stim_107_harmonic.wav,10.000000074505806,0.0,40.922605097293854,26.10222637653351
stim_107_harmonic.wav,20.000000149011612,0.0,41.86244308948517,25.701048374176025
stim_107_harmonic.wav,60.00000178813934,30.0,41.25332415103912,26.11478626728058
stim_107_harmonic.wav,0.0,60.0,42.01314300298691,26.209049820899963
stim_107_harmonic.wav,74.99999821186066,0.0,47.352957129478455,23.259658813476562
stim_107_harmonic.wav,30.00000089406967,10.000000298023224,42.76344537734985,27.15995192527771
stim_107_harmonic.wav,15.000000447034836,49.999998807907104,46.128475069999695,28.388006687164307
stim_107_harmonic.wav,15.000000447034836,60.0,42.196142077445984,26.42190992832184
stim_107_harmonic.wav,45.0,49.999998807907104,42.445713579654694,26.602821350097656
stim_107_harmonic.wav,60.00000178813934,30.0,41.62619411945343,26.02658987045288
stim_107_harmonic.wav,15.000000447034836,49.999998807907104,48.55403959751129,28.44737470149994
stim_107_harmonic.wav,84.99999761581421,10.000000298023224,44.532705545425415,24.5736300945282
stim_107_harmonic.wav,84.99999761581421,10.000000298023224,47.311248779296875,28.87246012687683
stim_107_harmonic.wav,70.0000011920929,40.000001192092896,43.2418629527092,26.125640273094177
stim_107_harmonic.wav,64.9999988079071,30.0,41.07681334018707,25.972652435302734
stim_107_harmonic.wav,70.0000011920929,10.000000298023224,43.62264543771744,27.212705612182617
stim_107_harmonic.wav,5.000000037252903,0.0,42.03382819890976,26.471961736679077
stim_107_harmonic.wav,15.000000447034836,30.0,45.67615807056427,27.881484031677246
stim_107_harmonic.wav,20.000000149011612,49.999998807907104,44.32054817676544,24.49678122997284
stim_107_harmonic.wav,54.99999940395355,20.000000596046448,42.86898493766785,25.57113289833069
stim_107_harmonic.wav,20.000000149011612,40.000001192092896,45.61254143714905,25.58095872402191
stim_107_harmonic.wav,54.99999940395355,60.0,40.99943965673447,26.226401925086975
stim_107_harmonic.wav,60.00000178813934,49.999998807907104,43.755154609680176,27.101277709007263
stim_107_harmonic.wav,5.000000037252903,30.0,42.713207602500916,26.80005133152008
stim_107_harmonic.wav,20.000000149011612,40.000001192092896,41.16606384515762,26.082703471183777
stim_107_harmonic.wav,0.0,10.000000298023224,42.29001671075821,26.530998945236206
stim_107_harmonic.wav,0.0,60.0,41.299479603767395,26.060566306114197
stim_107_harmonic.wav,80.00000059604645,20.000000596046448,48.132745027542114,24.128869771957397
stim_107_harmonic.wav,64.9999988079071,10.000000298023224,40.88563621044159,28.279101848602295
stim_107_harmonic.wav,50.00000238418579,30.0,45.91538965702057,24.943447709083557
stim_107_harmonic.wav,15.000000447034836,20.000000596046448,41.396503150463104,26.080055236816406
stim_107_harmonic.wav,15.000000447034836,40.000001192092896,45.89344382286072,30.478988885879517
stim_107_harmonic.wav,64.9999988079071,60.0,42.08021968603134,26.352460384368896
stim_107_harmonic.wav,40.000000298023224,60.0,43.814230263233185,24.526677131652832
stim_107_harmonic.wav,20.000000149011612,20.000000596046448,43.27394217252731,26.69300079345703
stim_107_harmonic.wav,70.0000011920929,10.000000298023224,41.99774444103241,26.28165364265442
stim_107_harmonic.wav,74.99999821186066,30.0,41.161624789237976,26.13320767879486
stim_107_harmonic.wav,10.000000074505806,10.000000298023224,42.23239213228226,26.6859769821167
stim_107_harmonic.wav,84.99999761581421,0.0,46.15561902523041,28.643968105316162
stim_107_harmonic.wav,74.99999821186066,30.0,42.219809889793396,26.222516298294067
stim_107_harmonic.wav,35.00000059604645,10.000000298023224,44.36973184347153,29.903604984283447
stim_107_harmonic.wav,15.000000447034836,10.000000298023224,41.165763437747955,26.142171621322632
stim_107_harmonic.wav,50.00000238418579,40.000001192092896,45.01430153846741,26.005277037620544
stim_107_harmonic.wav,45.0,40.000001192092896,39.707108438014984,25.893577337265015
stim_107_harmonic.wav,5.000000037252903,40.000001192092896,42.13387995958328,26.380172967910767
stim_107_harmonic.wav,10.000000074505806,40.000001192092896,45.23551940917969,28.72662842273712
stim_107_harmonic.wav,20.000000149011612,0.0,40.757053792476654,26.108517050743103
stim_107_harmonic.wav,25.000001192092896,30.0,44.23311084508896,27.665387392044067
stim_107_harmonic.wav,15.000000447034836,20.000000596046448,41.2574627995491,26.155890226364136
stim_107_harmonic.wav,40.000000298023224,49.999998807907104,47.26642370223999,29.221733808517456
stim_107_harmonic.wav,60.00000178813934,49.999998807907104,44.360893964767456,27.4572890996933
stim_107_harmonic.wav,15.000000447034836,0.0,41.32352292537689,26.153733730316162
stim_107_harmonic.wav,40.000000298023224,60.0,41.60741329193115,25.936015248298645
stim_107_harmonic.wav,50.00000238418579,30.0,41.61274015903473,26.115306615829468
stim_107_harmonic.wav,25.000001192092896,40.000001192092896,41.854179203510284,26.07360541820526
stim_107_harmonic.wav,30.00000089406967,40.000001192092896,41.23647183179855,25.961177945137024
stim_107_harmonic.wav,35.00000059604645,40.000001192092896,44.393627643585205,26.650664806365967
stim_107_harmonic.wav,84.99999761581421,30.0,42.190013229846954,26.44277572631836
stim_107_harmonic.wav,35.00000059604645,30.0,41.949547827243805,26.063096523284912
stim_107_harmonic.wav,15.000000447034836,10.000000298023224,40.933580696582794,26.09935462474823
stim_107_harmonic.wav,5.000000037252903,30.0,42.39058881998062,27.73461163043976
stim_107_harmonic.wav,40.000000298023224,0.0,41.199457347393036,26.101972460746765
stim_107_harmonic.wav,0.0,10.000000298023224,40.815649330616,26.10285758972168
stim_107_harmonic.wav,64.9999988079071,30.0,42.22704917192459,26.11777424812317
stim_107_harmonic.wav,64.9999988079071,49.999998807907104,46.83994710445404,28.040345907211304
stim_107_harmonic.wav,35.00000059604645,49.999998807907104,41.27105087041855,26.17651641368866
stim_107_harmonic.wav,84.99999761581421,60.0,42.78107017278671,27.203845381736755
stim_107_harmonic.wav,10.000000074505806,40.000001192092896,44.1239395737648,27.288503050804138
stim_107_harmonic.wav,5.000000037252903,49.999998807907104,42.09828436374664,26.074005961418152
stim_107_harmonic.wav,10.000000074505806,60.0,42.14511573314667,26.17304027080536
stim_107_harmonic.wav,35.00000059604645,20.000000596046448,43.224954307079315,26.942880749702454
stim_107_harmonic.wav,84.99999761581421,49.999998807907104,41.56079113483429,26.090004444122314
stim_107_harmonic.wav,60.00000178813934,49.999998807907104,45.562958121299744,27.884586453437805
stim_107_harmonic.wav,50.00000238418579,40.000001192092896,41.65298402309418,26.269864439964294
stim_107_harmonic.wav,35.00000059604645,30.0,43.95664483308792,26.93429410457611
stim_107_harmonic.wav,54.99999940395355,40.000001192092896,48.74517381191254,23.917497396469116
stim_107_harmonic.wav,84.99999761581421,30.0,41.936944127082825,26.431349515914917
stim_107_harmonic.wav,70.0000011920929,10.000000298023224,43.02987724542618,26.555557250976562
stim_107_harmonic.wav,0.0,10.000000298023224,41.15748882293701,26.168256998062134
stim_107_harmonic.wav,64.9999988079071,40.000001192092896,41.19977116584778,25.882809162139893
stim_107_harmonic.wav,54.99999940395355,40.000001192092896,41.486110389232635,26.032358407974243
stim_107_harmonic.wav,35.00000059604645,20.000000596046448,41.66091799736023,26.137722730636597
stim_107_harmonic.wav,10.000000074505806,49.999998807907104,41.923809349536896,26.244093775749207
stim_60_harmonic.wav,64.9999988079071,20.000000596046448,70.92625916004181,21.281758546829224
stim_60_harmonic.wav,90.0,10.000000298023224,37.995682060718536,26.177959442138672
stim_60_harmonic.wav,35.00000059604645,0.0,41.3957279920578,27.002955079078674
stim_60_harmonic.wav,10.000000074505806,20.000000596046448,35.646415650844574,27.11140215396881
stim_60_harmonic.wav,80.00000059604645,60.0,46.716994643211365,26.386333107948303
stim_60_harmonic.wav,80.00000059604645,0.0,51.71966850757599,17.892698049545288
stim_60_harmonic.wav,64.9999988079071,60.0,48.48066508769989,41.85511350631714
stim_60_harmonic.wav,30.00000089406967,10.000000298023224,48.22541534900665,27.94787585735321
stim_60_harmonic.wav,5.000000037252903,0.0,44.51228320598602,23.04904818534851
stim_60_harmonic.wav,40.000000298023224,0.0,51.624605655670166,25.030608773231506
stim_60_harmonic.wav,0.0,49.999998807907104,15.440117418766022,36.282899379730225
stim_60_harmonic.wav,40.000000298023224,49.999998807907104,37.44481533765793,27.39905297756195
stim_60_harmonic.wav,45.0,49.999998807907104,54.03624415397644,43.351171016693115
stim_60_harmonic.wav,84.99999761581421,10.000000298023224,40.82984358072281,25.91186285018921
stim_60_harmonic.wav,15.000000447034836,20.000000596046448,28.65634560585022,21.359832286834717
stim_60_harmonic.wav,5.000000037252903,10.000000298023224,53.170963525772095,26.842047572135925
stim_60_harmonic.wav,20.000000149011612,30.0,23.88336807489395,13.65381270647049
stim_60_harmonic.wav,25.000001192092896,20.000000596046448,32.83994793891907,23.230011463165283
stim_60_harmonic.wav,54.99999940395355,30.0,47.84476161003113,17.189889550209045
stim_60_harmonic.wav,80.00000059604645,49.999998807907104,58.114274740219116,31.77604079246521
stim_60_harmonic.wav,30.00000089406967,0.0,36.78602188825607,35.12724280357361
stim_60_harmonic.wav,70.0000011920929,49.999998807907104,50.70149123668671,24.87592577934265
stim_60_harmonic.wav,74.99999821186066,20.000000596046448,48.77350866794586,23.68281126022339
stim_60_harmonic.wav,15.000000447034836,10.000000298023224,50.28399467468262,27.398993968963623
stim_60_harmonic.wav,10.000000074505806,20.000000596046448,35.465219020843506,26.239230036735535
stim_60_harmonic.wav,60.00000178813934,49.999998807907104,53.77782940864563,37.32159376144409
stim_60_harmonic.wav,84.99999761581421,0.0,65.506432056427,12.321883141994476
stim_60_harmonic.wav,80.00000059604645,30.0,65.71866452693939,21.362376809120178
stim_60_harmonic.wav,35.00000059604645,30.0,50.73281407356262,40.017603635787964
stim_60_harmonic.wav,25.000001192092896,40.000001192092896,32.99052983522415,29.18253242969513
stim_60_harmonic.wav,20.000000149011612,60.0,14.01993602514267,23.951843976974487
stim_60_harmonic.wav,50.00000238418579,10.000000298023224,52.62495696544647,31.783690452575684
stim_60_harmonic.wav,10.000000074505806,20.000000596046448,16.101163923740387,27.71306812763214
stim_60_harmonic.wav,15.000000447034836,40.000001192092896,14.3855881690979,30.19786834716797
stim_60_harmonic.wav,25.000001192092896,60.0,45.74931263923645,34.63733196258545
stim_60_harmonic.wav,30.00000089406967,60.0,40.51945835351944,34.207026958465576
stim_60_harmonic.wav,70.0000011920929,10.000000298023224,62.90997326374054,22.84861922264099
stim_60_harmonic.wav,15.000000447034836,60.0,11.218583285808563,32.303903102874756
stim_60_harmonic.wav,10.000000074505806,20.000000596046448,19.65539664030075,30.80976963043213
stim_60_harmonic.wav,10.000000074505806,30.0,15.639561116695404,23.36697220802307
stim_60_harmonic.wav,60.00000178813934,20.000000596046448,52.68492579460144,25.669809579849243
stim_60_harmonic.wav,74.99999821186066,10.000000298023224,62.83539175987244,18.974302411079407
stim_60_harmonic.wav,84.99999761581421,49.999998807907104,57.3154753446579,33.604005575180054
stim_60_harmonic.wav,15.000000447034836,60.0,10.105479955673218,37.21477031707764
stim_60_harmonic.wav,54.99999940395355,60.0,35.766892433166504,39.49815630912781
stim_60_harmonic.wav,45.0,60.0,37.05040454864502,47.86887288093567
stim_60_harmonic.wav,45.0,49.999998807907104,43.08419734239578,26.44304931163788
stim_60_harmonic.wav,5.000000037252903,60.0,15.600918531417847,36.36773943901062
stim_60_harmonic.wav,30.00000089406967,30.0,36.97107821702957,24.604291319847107
stim_60_harmonic.wav,45.0,49.999998807907104,40.59886246919632,29.781389236450195
stim_60_harmonic.wav,74.99999821186066,40.000001192092896,64.50859665870667,25.40068030357361
stim_60_harmonic.wav,70.0000011920929,20.000000596046448,52.19401717185974,23.801574110984802
stim_60_harmonic.wav,74.99999821186066,0.0,64.89637970924377,15.963349342346191
stim_60_harmonic.wav,74.99999821186066,40.000001192092896,54.36975538730621,32.01935291290283
stim_60_harmonic.wav,30.00000089406967,10.000000298023224,44.211953580379486,29.23836350440979
stim_60_harmonic.wav,54.99999940395355,40.000001192092896,52.860369086265564,33.95087957382202
stim_60_harmonic.wav,5.000000037252903,20.000000596046448,12.218352556228638,28.270339965820312
stim_60_harmonic.wav,60.00000178813934,30.0,49.921531677246094,27.605872750282288
stim_60_harmonic.wav,30.00000089406967,49.999998807907104,46.81525468826294,36.00938558578491
stim_60_harmonic.wav,90.0,30.0,58.71324419975281,20.886656641960144
stim_60_harmonic.wav,0.0,49.999998807907104,44.53350484371185,26.422065496444702
stim_60_harmonic.wav,25.000001192092896,60.0,45.04591405391693,34.49250340461731
stim_60_harmonic.wav,74.99999821186066,49.999998807907104,53.015406131744385,28.66192638874054
stim_60_harmonic.wav,54.99999940395355,20.000000596046448,47.40167677402496,31.786805391311646
stim_60_harmonic.wav,54.99999940395355,49.999998807907104,44.637086391448975,34.850324392318726
stim_60_harmonic.wav,15.000000447034836,49.999998807907104,29.29157316684723,24.490084648132324
stim_60_harmonic.wav,60.00000178813934,49.999998807907104,57.756280303001404,38.1514835357666
stim_60_harmonic.wav,84.99999761581421,40.000001192092896,65.03477096557617,30.85719108581543
stim_60_harmonic.wav,15.000000447034836,20.000000596046448,22.194712311029434,42.74186611175537
stim_60_harmonic.wav,64.9999988079071,0.0,65.27260780334473,14.985830783843994
stim_60_harmonic.wav,10.000000074505806,20.000000596046448,37.57776975631714,35.18775701522827
stim_60_harmonic.wav,15.000000447034836,40.000001192092896,24.33933824300766,34.75533127784729
stim_60_harmonic.wav,80.00000059604645,30.0,63.81736993789673,18.702460527420044
stim_60_harmonic.wav,64.9999988079071,60.0,50.34461796283722,53.98932695388794
stim_60_harmonic.wav,50.00000238418579,30.0,55.89473605155945,35.32580852508545
stim_60_harmonic.wav,5.000000037252903,10.000000298023224,29.79531079530716,34.21152591705322
stim_60_harmonic.wav,60.00000178813934,10.000000298023224,46.7223858833313,29.5209002494812
stim_60_harmonic.wav,30.00000089406967,0.0,49.50218975543976,37.620781660079956
stim_60_harmonic.wav,64.9999988079071,30.0,56.15185260772705,22.232689261436462
stim_60_harmonic.wav,80.00000059604645,30.0,66.05822145938873,18.331251740455627
stim_60_harmonic.wav,54.99999940395355,30.0,51.91267490386963,25.438783764839172
stim_60_harmonic.wav,10.000000074505806,20.000000596046448,25.32826602458954,32.780810594558716
stim_60_harmonic.wav,10.000000074505806,49.999998807907104,25.22184133529663,27.64533519744873
stim_60_harmonic.wav,35.00000059604645,49.999998807907104,34.278995990753174,41.02028489112854
stim_60_harmonic.wav,45.0,20.000000596046448,49.288755655288696,30.974714756011963
stim_60_harmonic.wav,50.00000238418579,10.000000298023224,50.022881627082825,18.05247187614441
stim_60_harmonic.wav,45.0,49.999998807907104,50.89112877845764,44.97946858406067
stim_60_harmonic.wav,30.00000089406967,30.0,42.05064833164215,35.16868829727173
stim_60_harmonic.wav,45.0,30.0,37.30426758527756,26.31271004676819
stim_60_harmonic.wav,90.0,60.0,42.25907474756241,26.960025429725647
stim_60_harmonic.wav,90.0,49.999998807907104,62.70316958427429,36.59989356994629
stim_60_harmonic.wav,10.000000074505806,20.000000596046448,16.808030605316162,39.76136326789856
stim_60_harmonic.wav,54.99999940395355,40.000001192092896,56.97858452796936,27.483578324317932
stim_60_harmonic.wav,80.00000059604645,30.0,52.17074632644653,26.44681692123413
stim_60_harmonic.wav,20.000000149011612,30.0,60.46928107738495,34.23502206802368
stim_60_harmonic.wav,20.000000149011612,49.999998807907104,35.932878255844116,23.700444102287292
stim_60_harmonic.wav,15.000000447034836,60.0,28.67630660533905,31.504265069961548
stim_60_harmonic.wav,0.0,49.999998807907104,13.394396603107452,29.450306296348572
stim_60_harmonic.wav,35.00000059604645,0.0,42.05516517162323,21.369135975837708
stim_60_harmonic.wav,45.0,0.0,43.705013394355774,26.488466262817383
stim_60_harmonic.wav,45.0,30.0,58.26467156410217,35.65271615982056
stim_60_harmonic.wav,45.0,49.999998807907104,58.68166923522949,54.5830500125885
stim_60_harmonic.wav,20.000000149011612,0.0,35.695974826812744,28.011898398399353
stim_60_harmonic.wav,60.00000178813934,40.000001192092896,51.55381679534912,28.794654607772827
stim_60_harmonic.wav,25.000001192092896,40.000001192092896,28.421732783317566,25.817765593528748
stim_60_harmonic.wav,5.000000037252903,60.0,27.416435480117798,25.82907736301422
stim_60_harmonic.wav,30.00000089406967,20.000000596046448,46.360899209976196,27.218257784843445
stim_60_harmonic.wav,90.0,0.0,44.78969067335129,27.838804721832275
stim_60_harmonic.wav,0.0,20.000000596046448,41.67734384536743,35.066843032836914
stim_60_harmonic.wav,64.9999988079071,40.000001192092896,60.713067054748535,29.584121704101562
stim_60_harmonic.wav,70.0000011920929,20.000000596046448,48.39010834693909,26.358044743537903
stim_60_harmonic.wav,60.00000178813934,40.000001192092896,48.90043616294861,29.912908673286438
stim_60_harmonic.wav,35.00000059604645,10.000000298023224,38.50100219249725,24.03193473815918
stim_60_harmonic.wav,15.000000447034836,40.000001192092896,15.272455215454102,24.554917216300964
stim_60_harmonic.wav,15.000000447034836,30.0,27.345775365829468,30.43035864830017
stim_60_harmonic.wav,35.00000059604645,49.999998807907104,40.56585520505905,31.313856840133667
stim_60_harmonic.wav,30.00000089406967,10.000000298023224,50.85603475570679,34.83796834945679
stim_60_harmonic.wav,5.000000037252903,49.999998807907104,25.873242616653442,23.19079041481018
stim_60_harmonic.wav,20.000000149011612,0.0,32.54148244857788,26.931994557380676
stim_60_harmonic.wav,70.0000011920929,30.0,61.37620568275452,30.964694023132324
stim_60_harmonic.wav,80.00000059604645,30.0,50.898252725601196,30.615216493606567
stim_60_harmonic.wav,74.99999821186066,40.000001192092896,53.777437806129456,33.696720600128174
stim_60_harmonic.wav,35.00000059604645,10.000000298023224,44.79669392108917,28.0826997756958
stim_60_harmonic.wav,70.0000011920929,60.0,45.707003474235535,28.80737543106079
stim_60_harmonic.wav,45.0,10.000000298023224,45.953460931777954,23.754422664642334
stim_60_harmonic.wav,40.000000298023224,60.0,29.417859613895416,42.88679122924805
stim_60_harmonic.wav,45.0,40.000001192092896,39.85310643911362,27.011577486991882
stim_60_harmonic.wav,74.99999821186066,10.000000298023224,68.9537250995636,14.552645087242126
stim_60_harmonic.wav,15.000000447034836,49.999998807907104,24.855022430419922,29.811928868293762
stim_60_harmonic.wav,0.0,60.0,18.465442657470703,29.69059646129608
stim_60_harmonic.wav,25.000001192092896,49.999998807907104,31.168347001075745,45.04458546638489
stim_60_harmonic.wav,54.99999940395355,10.000000298023224,60.05799651145935,24.876294136047363
stim_60_harmonic.wav,25.000001192092896,30.0,43.49981367588043,28.610363602638245
stim_60_harmonic.wav,45.0,30.0,40.79105615615845,27.94168710708618
stim_60_harmonic.wav,40.000000298023224,40.000001192092896,34.64321583509445,31.174453496932983
stim_60_harmonic.wav,84.99999761581421,10.000000298023224,63.621702790260315,27.551790475845337
stim_60_harmonic.wav,45.0,60.0,33.42148035764694,42.3703408241272
stim_60_harmonic.wav,0.0,10.000000298023224,24.583722352981567,24.59333896636963
stim_60_harmonic.wav,35.00000059604645,20.000000596046448,44.133973717689514,33.06339740753174
stim_60_harmonic.wav,60.00000178813934,0.0,40.809118151664734,24.99299168586731
stim_60_harmonic.wav,60.00000178813934,60.0,41.55090183019638,43.05835962295532
stim_60_harmonic.wav,54.99999940395355,30.0,67.86259174346924,33.46227765083313
stim_60_harmonic.wav,84.99999761581421,0.0,66.35926187038422,12.913750112056732
stim_60_harmonic.wav,25.000001192092896,20.000000596046448,37.618171870708466,29.765347838401794
stim_60_harmonic.wav,25.000001192092896,60.0,38.91039311885834,30.86132526397705
stim_60_harmonic.wav,80.00000059604645,49.999998807907104,49.83490169048309,26.204949617385864
stim_60_harmonic.wav,60.00000178813934,30.0,46.847290992736816,33.33942174911499
stim_60_harmonic.wav,54.99999940395355,10.000000298023224,41.464773416519165,26.60495102405548
stim_92_harmonic.wav,50.00000238418579,30.0,40.57257145643234,26.37444019317627
stim_92_harmonic.wav,80.00000059604645,60.0,41.6426146030426,26.168038845062256
stim_92_harmonic.wav,70.0000011920929,60.0,41.29934012889862,31.581544876098633
stim_92_harmonic.wav,64.9999988079071,49.999998807907104,41.53688997030258,27.669373154640198
stim_92_harmonic.wav,30.00000089406967,20.000000596046448,34.32353675365448,33.70841145515442
stim_92_harmonic.wav,30.00000089406967,60.0,30.079646408557892,28.13169300556183
stim_92_harmonic.wav,0.0,60.0,41.63875222206116,26.1268150806427
stim_92_harmonic.wav,30.00000089406967,10.000000298023224,40.66846579313278,26.590704917907715
stim_92_harmonic.wav,84.99999761581421,49.999998807907104,41.25758618116379,26.629135608673096
stim_92_harmonic.wav,20.000000149011612,49.999998807907104,41.390583515167236,25.962857007980347
stim_92_harmonic.wav,74.99999821186066,0.0,43.842798471450806,30.832818746566772
stim_92_harmonic.wav,50.00000238418579,0.0,49.07665193080902,24.077296257019043
stim_92_harmonic.wav,10.000000074505806,10.000000298023224,40.67986249923706,26.239560842514038
stim_92_harmonic.wav,35.00000059604645,49.999998807907104,36.91900044679642,28.01685333251953
stim_92_harmonic.wav,54.99999940395355,49.999998807907104,41.055296659469604,26.611345410346985
stim_92_harmonic.wav,60.00000178813934,20.000000596046448,41.327970027923584,26.265360116958618
stim_92_harmonic.wav,10.000000074505806,20.000000596046448,27.101216912269592,31.967267990112305
stim_92_harmonic.wav,80.00000059604645,0.0,40.806119441986084,27.09383726119995
stim_92_harmonic.wav,40.000000298023224,0.0,41.062884628772736,26.01072907447815
stim_92_harmonic.wav,35.00000059604645,60.0,41.549649238586426,26.299198865890503
stim_92_harmonic.wav,64.9999988079071,30.0,41.00575089454651,26.28421425819397
stim_92_harmonic.wav,80.00000059604645,20.000000596046448,49.24755156040192,27.17343807220459
stim_92_harmonic.wav,70.0000011920929,20.000000596046448,41.27527266740799,26.929698586463928
stim_92_harmonic.wav,15.000000447034836,0.0,35.374450385570526,29.42234694957733
stim_92_harmonic.wav,64.9999988079071,0.0,41.366143226623535,25.86972713470459
stim_92_harmonic.wav,64.9999988079071,49.999998807907104,40.834084153175354,26.18466317653656
stim_92_harmonic.wav,70.0000011920929,20.000000596046448,58.03200602531433,32.75824785232544
stim_92_harmonic.wav,70.0000011920929,30.0,41.20885044336319,25.891565680503845
stim_92_harmonic.wav,45.0,10.000000298023224,40.84389567375183,26.098355054855347
stim_92_harmonic.wav,45.0,30.0,40.93571573495865,26.07608199119568
stim_92_harmonic.wav,84.99999761581421,20.000000596046448,40.98654896020889,26.085307002067566
stim_92_harmonic.wav,54.99999940395355,49.999998807907104,40.49810528755188,26.520609855651855
stim_92_harmonic.wav,40.000000298023224,49.999998807907104,40.85596024990082,26.186957359313965
stim_92_harmonic.wav,10.000000074505806,60.0,41.22002184391022,25.9404319524765
stim_92_harmonic.wav,60.00000178813934,0.0,40.92586666345596,25.99882185459137
stim_92_harmonic.wav,60.00000178813934,10.000000298023224,40.9880992770195,26.03376567363739
stim_92_harmonic.wav,54.99999940395355,20.000000596046448,41.032189428806305,25.95881938934326
stim_92_harmonic.wav,10.000000074505806,30.0,28.094401359558105,29.535495042800903
stim_92_harmonic.wav,0.0,0.0,40.69259226322174,26.2882000207901
stim_92_harmonic.wav,30.00000089406967,20.000000596046448,41.56923204660416,26.11099362373352
stim_92_harmonic.wav,84.99999761581421,49.999998807907104,40.846644937992096,26.15598499774933
stim_92_harmonic.wav,54.99999940395355,30.0,41.451759338378906,26.06918156147003
stim_92_harmonic.wav,30.00000089406967,60.0,41.267539858818054,25.87650954723358
stim_92_harmonic.wav,45.0,40.000001192092896,44.37471002340317,29.24298405647278
stim_92_harmonic.wav,50.00000238418579,10.000000298023224,51.01169943809509,27.995558381080627
stim_92_harmonic.wav,70.0000011920929,0.0,40.96351683139801,25.979268550872803
stim_92_harmonic.wav,70.0000011920929,49.999998807907104,44.807457625865936,31.445281505584717
stim_92_harmonic.wav,25.000001192092896,49.999998807907104,41.21951758861542,25.874510407447815
stim_92_harmonic.wav,54.99999940395355,49.999998807907104,40.60330957174301,26.81551694869995
stim_92_harmonic.wav,70.0000011920929,20.000000596046448,40.95461994409561,26.01620614528656
stim_92_harmonic.wav,20.000000149011612,0.0,35.71472346782684,25.996472239494324
stim_92_harmonic.wav,70.0000011920929,49.999998807907104,40.607193410396576,26.214888095855713
stim_92_harmonic.wav,25.000001192092896,40.000001192092896,36.045624911785126,28.034555912017822
stim_92_harmonic.wav,20.000000149011612,60.0,41.67405813932419,26.015918254852295
stim_92_harmonic.wav,90.0,30.0,41.65291428565979,25.817606449127197
stim_92_harmonic.wav,30.00000089406967,49.999998807907104,40.82565128803253,26.18544101715088
stim_92_harmonic.wav,20.000000149011612,40.000001192092896,40.3179869055748,26.01184844970703
stim_92_harmonic.wav,15.000000447034836,49.999998807907104,40.69456100463867,26.125760078430176
stim_92_harmonic.wav,10.000000074505806,40.000001192092896,41.16506338119507,25.932850241661072
stim_92_harmonic.wav,10.000000074505806,49.999998807907104,22.827020287513733,35.225815773010254
stim_92_harmonic.wav,15.000000447034836,30.0,41.887138187885284,25.955429077148438
stim_92_harmonic.wav,30.00000089406967,20.000000596046448,40.5444672703743,26.45911931991577
stim_92_harmonic.wav,84.99999761581421,0.0,41.20286375284195,26.47961139678955
stim_92_harmonic.wav,84.99999761581421,10.000000298023224,33.02146643400192,38.44715595245361
stim_92_harmonic.wav,25.000001192092896,10.000000298023224,40.92598468065262,26.043477058410645
stim_92_harmonic.wav,64.9999988079071,30.0,41.146454215049744,26.11367404460907
stim_92_harmonic.wav,20.000000149011612,10.000000298023224,41.64516806602478,26.077287197113037
stim_92_harmonic.wav,10.000000074505806,49.999998807907104,42.24622160196304,25.562660694122314
stim_92_harmonic.wav,50.00000238418579,49.999998807907104,41.740571558475494,26.406930685043335
stim_92_harmonic.wav,5.000000037252903,30.0,42.497147619724274,26.157288551330566
stim_92_harmonic.wav,0.0,49.999998807907104,40.44130951166153,26.21908128261566
stim_92_harmonic.wav,10.000000074505806,40.000001192092896,41.22263163328171,25.96493124961853
stim_92_harmonic.wav,10.000000074505806,60.0,23.384096324443817,30.876166820526123
stim_92_harmonic.wav,45.0,49.999998807907104,40.9455943107605,26.327733993530273
stim_92_harmonic.wav,70.0000011920929,20.000000596046448,41.41860455274582,25.811954140663147
stim_92_harmonic.wav,0.0,0.0,40.86795508861542,26.084604263305664
stim_92_harmonic.wav,80.00000059604645,10.000000298023224,41.3873165845871,27.86569118499756
stim_92_harmonic.wav,10.000000074505806,20.000000596046448,41.97410076856613,25.899140238761902
stim_92_harmonic.wav,15.000000447034836,49.999998807907104,25.49576461315155,31.75069570541382
stim_92_harmonic.wav,30.00000089406967,60.0,41.652297377586365,26.617682576179504
stim_92_harmonic.wav,10.000000074505806,60.0,44.31974083185196,26.81847095489502
stim_92_harmonic.wav,50.00000238418579,49.999998807907104,41.122169494628906,26.052074432373047
stim_92_harmonic.wav,80.00000059604645,30.0,41.7297300696373,26.564810872077942
stim_92_harmonic.wav,20.000000149011612,30.0,39.706467390060425,27.08099663257599
stim_92_harmonic.wav,15.000000447034836,20.000000596046448,41.1862313747406,25.978304743766785
stim_92_harmonic.wav,25.000001192092896,30.0,36.748141050338745,28.05078148841858
stim_92_harmonic.wav,54.99999940395355,49.999998807907104,41.1916708946228,26.130157113075256
stim_92_harmonic.wav,5.000000037252903,0.0,41.60677492618561,26.206873655319214
stim_92_harmonic.wav,70.0000011920929,0.0,41.05170249938965,28.553168177604675
stim_92_harmonic.wav,5.000000037252903,20.000000596046448,19.05592828989029,31.90148949623108
stim_92_harmonic.wav,10.000000074505806,49.999998807907104,39.129333794116974,26.302435398101807
stim_92_harmonic.wav,40.000000298023224,40.000001192092896,40.77085107564926,26.220354437828064
stim_92_harmonic.wav,84.99999761581421,0.0,38.69526386260986,27.011990547180176
stim_92_harmonic.wav,10.000000074505806,60.0,21.350449472665787,30.853010416030884
stim_92_harmonic.wav,10.000000074505806,10.000000298023224,23.030624091625214,34.97448205947876
stim_92_harmonic.wav,35.00000059604645,40.000001192092896,38.590735495090485,34.86302733421326
stim_92_harmonic.wav,70.0000011920929,0.0,57.86526918411255,38.27060580253601
stim_92_harmonic.wav,30.00000089406967,40.000001192092896,41.04588747024536,26.01319134235382
stim_92_harmonic.wav,70.0000011920929,49.999998807907104,48.7546581029892,29.59558367729187
stim_92_harmonic.wav,25.000001192092896,10.000000298023224,41.46819859743118,25.954951643943787
stim_92_harmonic.wav,64.9999988079071,20.000000596046448,58.26474130153656,35.74217677116394
stim_92_harmonic.wav,5.000000037252903,10.000000298023224,40.948268473148346,25.99564254283905
stim_92_harmonic.wav,84.99999761581421,30.0,41.034957468509674,25.98131775856018
stim_92_harmonic.wav,35.00000059604645,40.000001192092896,40.92476427555084,26.035737991333008
stim_92_harmonic.wav,45.0,60.0,40.96771448850632,26.010042428970337
stim_92_harmonic.wav,30.00000089406967,30.0,40.93586593866348,26.024839282035828
stim_92_harmonic.wav,15.000000447034836,10.000000298023224,41.14867240190506,25.964659452438354
stim_92_harmonic.wav,30.00000089406967,10.000000298023224,43.96414428949356,38.95323157310486
stim_92_harmonic.wav,90.0,49.999998807907104,43.36607873439789,26.598658561706543
stim_92_harmonic.wav,54.99999940395355,10.000000298023224,46.58351182937622,27.839380502700806
stim_92_harmonic.wav,35.00000059604645,20.000000596046448,40.7560721039772,26.707053780555725
stim_92_harmonic.wav,30.00000089406967,30.0,41.40675723552704,25.961090326309204
stim_92_harmonic.wav,15.000000447034836,30.0,40.52384912967682,26.424363255500793
stim_92_harmonic.wav,50.00000238418579,20.000000596046448,43.11617463827133,19.50948715209961
stim_65_harmonic.wav,5.000000037252903,30.0,26.205592453479767,26.961475610733032
stim_65_harmonic.wav,10.000000074505806,49.999998807907104,24.05172497034073,30.332947969436646
stim_65_harmonic.wav,40.000000298023224,40.000001192092896,49.19170796871185,30.83061933517456
stim_65_harmonic.wav,45.0,49.999998807907104,45.5730003118515,24.522719979286194
stim_65_harmonic.wav,54.99999940395355,20.000000596046448,44.00821030139923,26.606132984161377
stim_65_harmonic.wav,54.99999940395355,40.000001192092896,59.49466288089752,32.466795444488525
stim_65_harmonic.wav,45.0,20.000000596046448,47.557169795036316,23.215681314468384
stim_65_harmonic.wav,5.000000037252903,0.0,6.558977365493774,38.53649854660034
stim_65_harmonic.wav,35.00000059604645,0.0,40.8285266160965,28.169621229171753
stim_65_harmonic.wav,35.00000059604645,20.000000596046448,50.36241173744202,23.49680185317993
stim_65_harmonic.wav,10.000000074505806,30.0,13.577991127967834,32.01079487800598
stim_65_harmonic.wav,74.99999821186066,10.000000298023224,43.49095433950424,26.911513209342957
stim_65_harmonic.wav,5.000000037252903,10.000000298023224,25.77769696712494,26.644558310508728
stim_65_harmonic.wav,10.000000074505806,0.0,23.96569311618805,26.750873923301697
stim_65_harmonic.wav,80.00000059604645,49.999998807907104,66.89305901527405,35.7239556312561
stim_65_harmonic.wav,40.000000298023224,20.000000596046448,43.807613253593445,23.07146430015564
stim_65_harmonic.wav,74.99999821186066,60.0,46.401352286338806,28.513872027397156
stim_65_harmonic.wav,60.00000178813934,49.999998807907104,45.38795471191406,31.147069931030273
stim_65_harmonic.wav,15.000000447034836,49.999998807907104,19.06189888715744,37.5863778591156
stim_65_harmonic.wav,0.0,40.000001192092896,29.555159211158752,27.912248969078064
stim_65_harmonic.wav,64.9999988079071,0.0,76.19060397148132,29.961242079734802
stim_65_harmonic.wav,20.000000149011612,49.999998807907104,23.50003480911255,41.87428951263428
stim_65_harmonic.wav,45.0,10.000000298023224,48.06737422943115,26.964032649993896
stim_65_harmonic.wav,60.00000178813934,49.999998807907104,54.49070692062378,38.98170232772827
stim_65_harmonic.wav,64.9999988079071,20.000000596046448,58.254361152648926,25.8275306224823
stim_65_harmonic.wav,0.0,60.0,30.261476039886475,27.70879626274109
stim_65_harmonic.wav,15.000000447034836,49.999998807907104,30.648942589759827,28.534371256828308
stim_65_harmonic.wav,80.00000059604645,30.0,72.9061210155487,34.01970863342285
stim_65_harmonic.wav,0.0,60.0,24.82856512069702,32.02773571014404
stim_65_harmonic.wav,40.000000298023224,49.999998807907104,43.10468137264252,27.24560558795929
stim_65_harmonic.wav,60.00000178813934,60.0,49.77351665496826,29.372920989990234
stim_65_harmonic.wav,64.9999988079071,49.999998807907104,53.07393193244934,31.814528703689575
stim_65_harmonic.wav,60.00000178813934,30.0,53.16341042518616,33.568865060806274
stim_65_harmonic.wav,54.99999940395355,49.999998807907104,53.09542179107666,32.970314025878906
stim_65_harmonic.wav,45.0,30.0,46.25614821910858,27.901259064674377
stim_65_harmonic.wav,5.000000037252903,0.0,4.995898604393005,33.386192321777344
stim_65_harmonic.wav,60.00000178813934,20.000000596046448,58.48351836204529,27.551121711730957
stim_65_harmonic.wav,10.000000074505806,40.000001192092896,35.06620556116104,28.57487440109253
stim_65_harmonic.wav,80.00000059604645,10.000000298023224,54.98553156852722,19.291189312934875
stim_65_harmonic.wav,64.9999988079071,30.0,61.342002153396606,21.364415287971497
stim_65_harmonic.wav,90.0,60.0,46.79644703865051,19.89801585674286
stim_65_harmonic.wav,10.000000074505806,0.0,13.687006831169128,28.967528343200684
stim_65_harmonic.wav,45.0,49.999998807907104,46.022345423698425,32.601521015167236
stim_65_harmonic.wav,64.9999988079071,30.0,57.10947632789612,19.74408745765686
stim_65_harmonic.wav,45.0,10.000000298023224,47.20628321170807,26.69720470905304
stim_65_harmonic.wav,30.00000089406967,0.0,46.62545621395111,31.56811237335205
stim_65_harmonic.wav,90.0,49.999998807907104,60.60028553009033,28.357715606689453
stim_65_harmonic.wav,20.000000149011612,10.000000298023224,38.80595326423645,33.61207365989685
stim_65_harmonic.wav,64.9999988079071,0.0,65.50421118736267,20.158209800720215
stim_65_harmonic.wav,45.0,49.999998807907104,44.02340769767761,26.981404423713684
stim_65_harmonic.wav,35.00000059604645,60.0,33.8842499256134,40.052207708358765
stim_65_harmonic.wav,80.00000059604645,10.000000298023224,50.667309165000916,20.78977882862091
stim_65_harmonic.wav,5.000000037252903,49.999998807907104,32.063968777656555,26.11683189868927
stim_65_harmonic.wav,80.00000059604645,0.0,70.51933586597443,6.942837238311768
stim_65_harmonic.wav,0.0,20.000000596046448,33.40522348880768,32.01157808303833
stim_65_harmonic.wav,40.000000298023224,10.000000298023224,51.985169649124146,32.04847455024719
stim_65_harmonic.wav,74.99999821186066,49.999998807907104,51.48500740528107,24.333865642547607
stim_65_harmonic.wav,40.000000298023224,0.0,41.984129548072815,29.07915472984314
stim_65_harmonic.wav,15.000000447034836,30.0,37.596808075904846,32.02561855316162
stim_65_harmonic.wav,50.00000238418579,60.0,42.426077127456665,27.027867436408997
stim_65_harmonic.wav,20.000000149011612,40.000001192092896,20.722076296806335,38.76035928726196
stim_65_harmonic.wav,25.000001192092896,0.0,40.44113516807556,25.939505696296692
stim_65_harmonic.wav,80.00000059604645,40.000001192092896,64.27625298500061,36.30274415016174
stim_65_harmonic.wav,30.00000089406967,10.000000298023224,43.97843778133392,27.694113850593567
stim_65_harmonic.wav,45.0,30.0,45.60866296291351,22.90614902973175
stim_65_harmonic.wav,10.000000074505806,60.0,7.873533368110657,32.020829916000366
stim_65_harmonic.wav,84.99999761581421,30.0,81.37957870960236,27.625914216041565
stim_65_harmonic.wav,80.00000059604645,40.000001192092896,56.738998889923096,26.04772388935089
stim_65_harmonic.wav,50.00000238418579,40.000001192092896,49.83074426651001,32.97261357307434
stim_65_harmonic.wav,30.00000089406967,30.0,40.03959238529205,30.780919790267944
stim_65_harmonic.wav,25.000001192092896,30.0,32.72910833358765,31.16584539413452
stim_65_harmonic.wav,0.0,0.0,10.408041179180145,24.92319166660309
stim_65_harmonic.wav,5.000000037252903,60.0,25.642291009426117,26.457121968269348
stim_65_harmonic.wav,54.99999940395355,30.0,67.45849013328552,38.2975172996521
stim_65_harmonic.wav,35.00000059604645,60.0,36.18567109107971,38.06118965148926
stim_65_harmonic.wav,10.000000074505806,0.0,13.524738550186157,35.56103467941284
stim_65_harmonic.wav,60.00000178813934,40.000001192092896,57.75829195976257,31.352959871292114
stim_65_harmonic.wav,20.000000149011612,0.0,27.8974387049675,21.601783633232117
stim_65_harmonic.wav,30.00000089406967,20.000000596046448,49.12709891796112,19.58827257156372
stim_65_harmonic.wav,35.00000059604645,0.0,43.5016992688179,25.88584005832672
stim_65_harmonic.wav,5.000000037252903,49.999998807907104,35.20172417163849,31.51795506477356
stim_65_harmonic.wav,35.00000059604645,30.0,46.40178680419922,30.844295024871826
stim_65_harmonic.wav,90.0,40.000001192092896,56.69176518917084,28.784227967262268
stim_65_harmonic.wav,54.99999940395355,30.0,62.237666845321655,31.123656034469604
stim_65_harmonic.wav,15.000000447034836,30.0,39.87554311752319,34.96376037597656
stim_65_harmonic.wav,25.000001192092896,0.0,39.54599350690842,30.119086503982544
stim_65_harmonic.wav,80.00000059604645,20.000000596046448,70.79700350761414,25.52198588848114
stim_65_harmonic.wav,0.0,49.999998807907104,33.30847889184952,29.93261218070984
stim_65_harmonic.wav,74.99999821186066,60.0,45.901232957839966,32.61042237281799
stim_65_harmonic.wav,30.00000089406967,40.000001192092896,39.19759064912796,27.491067051887512
stim_65_harmonic.wav,10.000000074505806,10.000000298023224,10.504332482814789,27.868232131004333
stim_65_harmonic.wav,54.99999940395355,40.000001192092896,46.504472494125366,33.770445585250854
stim_65_harmonic.wav,15.000000447034836,60.0,10.88419497013092,32.76242136955261
stim_65_harmonic.wav,40.000000298023224,10.000000298023224,51.371710896492004,36.27342224121094
stim_65_harmonic.wav,10.000000074505806,40.000001192092896,13.963719606399536,30.75684428215027
stim_65_harmonic.wav,45.0,30.0,44.62178707122803,28.303234577178955
stim_65_harmonic.wav,60.00000178813934,30.0,55.71596145629883,36.57381534576416
stim_65_harmonic.wav,5.000000037252903,60.0,16.17359161376953,29.887518882751465
stim_65_harmonic.wav,70.0000011920929,30.0,63.22336792945862,26.390696167945862
stim_65_harmonic.wav,40.000000298023224,60.0,33.04827243089676,48.67059946060181
stim_65_harmonic.wav,10.000000074505806,10.000000298023224,37.26567327976227,24.197600483894348
stim_65_harmonic.wav,15.000000447034836,0.0,26.03156805038452,31.622010469436646
stim_65_harmonic.wav,15.000000447034836,10.000000298023224,29.770041704177856,31.367697715759277
stim_65_harmonic.wav,25.000001192092896,20.000000596046448,30.039233565330505,31.63477063179016
stim_65_harmonic.wav,60.00000178813934,49.999998807907104,40.81815451383591,25.12698769569397
stim_65_harmonic.wav,54.99999940395355,30.0,58.23055922985077,24.3643319606781
stim_65_harmonic.wav,10.000000074505806,40.000001192092896,25.769982933998108,34.00800704956055
stim_65_harmonic.wav,64.9999988079071,0.0,64.1060721874237,14.161062240600586
stim_65_harmonic.wav,20.000000149011612,60.0,16.853161454200745,29.96931552886963
stim_65_harmonic.wav,80.00000059604645,20.000000596046448,42.36154854297638,29.81510818004608
stim_65_harmonic.wav,15.000000447034836,60.0,5.262190997600555,32.704925537109375
stim_65_harmonic.wav,54.99999940395355,60.0,31.076103150844574,42.49825716018677
stim_65_harmonic.wav,40.000000298023224,10.000000298023224,49.820852279663086,32.92371869087219
stim_65_harmonic.wav,35.00000059604645,30.0,46.04373872280121,34.38146352767944
stim_65_harmonic.wav,45.0,20.000000596046448,45.22030055522919,20.985292196273804
stim_65_harmonic.wav,50.00000238418579,10.000000298023224,45.03064155578613,28.762446641921997
stim_65_harmonic.wav,60.00000178813934,10.000000298023224,56.01950168609619,31.84365749359131
stim_65_harmonic.wav,74.99999821186066,10.000000298023224,75.98534524440765,10.288923382759094
stim_65_harmonic.wav,80.00000059604645,60.0,57.40925073623657,23.560631275177002
stim_65_harmonic.wav,30.00000089406967,49.999998807907104,44.29307162761688,28.626809120178223
stim_65_harmonic.wav,30.00000089406967,0.0,51.999149322509766,36.020686626434326
stim_55_harmonic.wav,54.99999940395355,10.000000298023224,56.63201093673706,24.441386461257935
stim_55_harmonic.wav,74.99999821186066,30.0,59.52445149421692,25.29658555984497
stim_55_harmonic.wav,60.00000178813934,0.0,36.0628741979599,36.37436628341675
stim_55_harmonic.wav,25.000001192092896,0.0,37.279092371463776,31.56430721282959
stim_55_harmonic.wav,90.0,49.999998807907104,67.99975991249084,26.47835075855255
stim_55_harmonic.wav,40.000000298023224,60.0,33.681989908218384,46.8962037563324
stim_55_harmonic.wav,54.99999940395355,40.000001192092896,42.64023542404175,27.97460675239563
stim_55_harmonic.wav,5.000000037252903,0.0,18.49088877439499,32.322224378585815
stim_55_harmonic.wav,54.99999940395355,30.0,59.94390606880188,32.1539032459259
stim_55_harmonic.wav,20.000000149011612,60.0,22.752645313739777,28.759889602661133
stim_55_harmonic.wav,30.00000089406967,10.000000298023224,57.273589968681335,32.64274835586548
stim_55_harmonic.wav,84.99999761581421,20.000000596046448,53.09098541736603,27.480769157409668
stim_55_harmonic.wav,45.0,20.000000596046448,41.6584450006485,21.733294129371643
stim_55_harmonic.wav,54.99999940395355,0.0,58.82138013839722,28.370436429977417
stim_55_harmonic.wav,45.0,20.000000596046448,54.68125104904175,28.831610083580017
stim_55_harmonic.wav,45.0,30.0,41.54475152492523,33.62258791923523
stim_55_harmonic.wav,84.99999761581421,10.000000298023224,65.19383668899536,23.762070536613464
stim_55_harmonic.wav,60.00000178813934,20.000000596046448,57.203686237335205,25.241553783416748
stim_55_harmonic.wav,80.00000059604645,20.000000596046448,47.10068464279175,31.80984377861023
stim_55_harmonic.wav,64.9999988079071,30.0,50.19755244255066,33.83668899536133
stim_55_harmonic.wav,70.0000011920929,0.0,61.94869637489319,22.717283964157104
stim_55_harmonic.wav,60.00000178813934,0.0,67.88156032562256,24.378824830055237
stim_55_harmonic.wav,5.000000037252903,10.000000298023224,20.20477205514908,28.525071144104004
stim_55_harmonic.wav,20.000000149011612,20.000000596046448,35.61985909938812,32.6626718044281
stim_55_harmonic.wav,10.000000074505806,10.000000298023224,28.91798973083496,26.71974778175354
stim_55_harmonic.wav,5.000000037252903,49.999998807907104,13.778652548789978,32.28442668914795
stim_55_harmonic.wav,40.000000298023224,20.000000596046448,53.35532248020172,34.24751043319702
stim_55_harmonic.wav,54.99999940395355,20.000000596046448,54.73780274391174,28.70589852333069
stim_55_harmonic.wav,10.000000074505806,40.000001192092896,35.73722183704376,31.039037704467773
stim_55_harmonic.wav,20.000000149011612,20.000000596046448,39.79216665029526,34.03693199157715
stim_55_harmonic.wav,84.99999761581421,20.000000596046448,68.25756311416626,16.29086673259735
stim_55_harmonic.wav,15.000000447034836,40.000001192092896,40.381238758563995,28.961119651794434
stim_55_harmonic.wav,25.000001192092896,60.0,28.274814784526825,33.90056133270264
stim_55_harmonic.wav,20.000000149011612,10.000000298023224,27.807807326316833,25.807424783706665
stim_55_harmonic.wav,0.0,40.000001192092896,45.3809380531311,34.19654846191406
stim_55_harmonic.wav,25.000001192092896,60.0,37.67674595117569,36.01667404174805
stim_55_harmonic.wav,64.9999988079071,60.0,43.97041529417038,23.7192964553833
stim_55_harmonic.wav,5.000000037252903,0.0,22.60166108608246,28.825777173042297
stim_55_harmonic.wav,54.99999940395355,20.000000596046448,46.53582215309143,38.76559495925903
stim_55_harmonic.wav,84.99999761581421,30.0,40.72463393211365,26.108815670013428
stim_55_harmonic.wav,54.99999940395355,40.000001192092896,53.962998390197754,19.9876070022583
stim_55_harmonic.wav,64.9999988079071,0.0,49.003926515579224,34.78154182434082
stim_55_harmonic.wav,80.00000059604645,49.999998807907104,67.9093211889267,28.262304067611694
stim_55_harmonic.wav,50.00000238418579,40.000001192092896,56.64371609687805,19.409374594688416
stim_55_harmonic.wav,80.00000059604645,20.000000596046448,61.339035630226135,15.75215220451355
stim_55_harmonic.wav,60.00000178813934,49.999998807907104,62.03298211097717,31.299583911895752
stim_55_harmonic.wav,54.99999940395355,20.000000596046448,61.08945071697235,32.313315868377686
stim_55_harmonic.wav,40.000000298023224,40.000001192092896,48.677319288253784,35.76768636703491
stim_55_harmonic.wav,5.000000037252903,49.999998807907104,25.32644748687744,31.285085678100586
stim_55_harmonic.wav,25.000001192092896,0.0,43.15667062997818,28.961015939712524
stim_55_harmonic.wav,0.0,60.0,32.902148365974426,39.63212728500366
stim_55_harmonic.wav,20.000000149011612,0.0,24.61540460586548,37.13895320892334
stim_55_harmonic.wav,70.0000011920929,10.000000298023224,49.159204959869385,31.400034427642822
stim_55_harmonic.wav,5.000000037252903,10.000000298023224,9.380725622177124,36.49266958236694
stim_55_harmonic.wav,30.00000089406967,49.999998807907104,49.18609142303467,43.122392892837524
stim_55_harmonic.wav,80.00000059604645,0.0,64.08889532089233,15.94939112663269
stim_55_harmonic.wav,74.99999821186066,10.000000298023224,60.03323435783386,23.36057960987091
stim_55_harmonic.wav,70.0000011920929,10.000000298023224,65.10286688804626,15.800228118896484
stim_55_harmonic.wav,70.0000011920929,49.999998807907104,56.80984675884247,34.2492413520813
stim_55_harmonic.wav,64.9999988079071,60.0,42.94752538204193,53.431456089019775
stim_55_harmonic.wav,40.000000298023224,30.0,50.036094188690186,29.45536494255066
stim_55_harmonic.wav,64.9999988079071,60.0,48.35939168930054,25.94654381275177
stim_55_harmonic.wav,50.00000238418579,49.999998807907104,51.89126014709473,31.461024284362793
stim_55_harmonic.wav,0.0,40.000001192092896,37.517200112342834,31.662286520004272
stim_55_harmonic.wav,80.00000059604645,40.000001192092896,45.795366168022156,25.244237780570984
stim_55_harmonic.wav,80.00000059604645,0.0,56.47341191768646,25.737056136131287
stim_55_harmonic.wav,70.0000011920929,10.000000298023224,71.46301746368408,14.743396639823914
stim_55_harmonic.wav,30.00000089406967,30.0,39.246307611465454,34.63246822357178
stim_55_harmonic.wav,20.000000149011612,10.000000298023224,34.45227473974228,25.808520913124084
stim_55_harmonic.wav,20.000000149011612,49.999998807907104,26.97319507598877,38.40022802352905
stim_55_harmonic.wav,50.00000238418579,0.0,51.77054464817047,26.26709818840027
stim_55_harmonic.wav,54.99999940395355,0.0,57.239901423454285,26.37968122959137
stim_55_harmonic.wav,84.99999761581421,30.0,66.30139589309692,22.825158834457397
stim_55_harmonic.wav,45.0,40.000001192092896,58.22785019874573,41.13014459609985
stim_55_harmonic.wav,54.99999940395355,0.0,52.80728816986084,23.75610888004303
stim_55_harmonic.wav,5.000000037252903,30.0,52.75683045387268,32.554521560668945
stim_55_harmonic.wav,0.0,0.0,31.172139644622803,25.067249536514282
stim_55_harmonic.wav,60.00000178813934,0.0,65.14824986457825,23.054791688919067
stim_55_harmonic.wav,70.0000011920929,60.0,54.058388471603394,27.219638228416443
stim_55_harmonic.wav,0.0,20.000000596046448,14.194679260253906,29.78643536567688
stim_55_harmonic.wav,0.0,10.000000298023224,34.77376163005829,30.65290331840515
stim_55_harmonic.wav,40.000000298023224,49.999998807907104,47.191150188446045,34.40106153488159
stim_55_harmonic.wav,60.00000178813934,0.0,57.52294421195984,19.866047501564026
stim_55_harmonic.wav,60.00000178813934,60.0,58.183990716934204,47.48637914657593
stim_55_harmonic.wav,5.000000037252903,10.000000298023224,33.59282523393631,31.83961272239685
stim_55_harmonic.wav,60.00000178813934,0.0,65.58090627193451,20.905033349990845
stim_55_harmonic.wav,15.000000447034836,20.000000596046448,19.378431737422943,23.225517868995667
stim_55_harmonic.wav,60.00000178813934,60.0,60.34174203872681,20.27726948261261
stim_55_harmonic.wav,80.00000059604645,20.000000596046448,48.37538301944733,22.828078866004944
stim_55_harmonic.wav,50.00000238418579,0.0,56.57111406326294,23.261112570762634
stim_55_harmonic.wav,84.99999761581421,10.000000298023224,43.82799535989761,27.104578614234924
stim_55_harmonic.wav,84.99999761581421,20.000000596046448,41.60863637924194,28.089571595191956
stim_55_harmonic.wav,35.00000059604645,10.000000298023224,49.9859744310379,31.63278579711914
stim_55_harmonic.wav,15.000000447034836,20.000000596046448,29.86497312784195,30.355675220489502
stim_55_harmonic.wav,5.000000037252903,0.0,14.20680820941925,35.82094073295593
stim_55_harmonic.wav,20.000000149011612,40.000001192092896,32.21498787403107,31.03512167930603
stim_55_harmonic.wav,74.99999821186066,40.000001192092896,57.444865107536316,22.342218160629272
stim_55_harmonic.wav,90.0,20.000000596046448,47.863086462020874,28.71606945991516
stim_55_harmonic.wav,74.99999821186066,49.999998807907104,69.40576314926147,26.218008399009705
stim_55_harmonic.wav,64.9999988079071,40.000001192092896,56.33464515209198,36.695594787597656
stim_55_harmonic.wav,84.99999761581421,20.000000596046448,57.744988203048706,27.64478087425232
stim_55_harmonic.wav,45.0,20.000000596046448,54.26991820335388,26.780514121055603
stim_55_harmonic.wav,10.000000074505806,20.000000596046448,37.238309383392334,28.81868004798889
stim_55_harmonic.wav,10.000000074505806,20.000000596046448,31.009292006492615,33.82906436920166
stim_55_harmonic.wav,30.00000089406967,60.0,31.16051495075226,13.587051630020142
stim_55_harmonic.wav,70.0000011920929,60.0,41.760559380054474,28.479115962982178
stim_55_harmonic.wav,20.000000149011612,30.0,20.327876061201096,32.677870988845825
stim_55_harmonic.wav,45.0,49.999998807907104,64.25115823745728,41.27338171005249
stim_55_harmonic.wav,54.99999940395355,49.999998807907104,46.10684037208557,29.036293029785156
stim_55_harmonic.wav,35.00000059604645,10.000000298023224,38.389226496219635,29.725770950317383
stim_55_harmonic.wav,30.00000089406967,10.000000298023224,48.72880697250366,32.08068609237671
stim_55_harmonic.wav,30.00000089406967,40.000001192092896,37.498494386672974,32.495713233947754
stim_55_harmonic.wav,0.0,49.999998807907104,43.89969885349274,25.710840225219727
stim_55_harmonic.wav,20.000000149011612,20.000000596046448,42.72750645875931,29.68034863471985
stim_55_harmonic.wav,10.000000074505806,49.999998807907104,16.11531525850296,31.648346185684204
stim_55_harmonic.wav,74.99999821186066,49.999998807907104,45.75705349445343,33.432984352111816
stim_55_harmonic.wav,15.000000447034836,0.0,34.11527395248413,39.08486723899841
stim_55_harmonic.wav,40.000000298023224,30.0,53.759965896606445,24.730653762817383
stim_55_harmonic.wav,90.0,49.999998807907104,65.82115173339844,27.120362520217896
stim_84_harmonic.wav,60.00000178813934,49.999998807907104,39.70014810562134,26.995725631713867
stim_84_harmonic.wav,70.0000011920929,49.999998807907104,52.18124985694885,32.794976234436035
stim_84_harmonic.wav,45.0,30.0,41.901758909225464,26.85844659805298
stim_84_harmonic.wav,30.00000089406967,60.0,27.003361880779266,47.153388261795044
stim_84_harmonic.wav,0.0,40.000001192092896,39.88453388214111,26.36859118938446
stim_84_harmonic.wav,64.9999988079071,20.000000596046448,63.29996109008789,29.211702346801758
stim_84_harmonic.wav,70.0000011920929,20.000000596046448,63.17283511161804,30.195482969284058
stim_84_harmonic.wav,35.00000059604645,40.000001192092896,40.30578017234802,26.33485972881317
stim_84_harmonic.wav,60.00000178813934,40.000001192092896,45.63789904117584,26.75221860408783
stim_84_harmonic.wav,60.00000178813934,60.0,40.68716078996658,26.257013082504272
stim_84_harmonic.wav,0.0,20.000000596046448,39.94788497686386,26.35915517807007
stim_84_harmonic.wav,0.0,49.999998807907104,40.09482443332672,26.180734634399414
stim_84_harmonic.wav,50.00000238418579,60.0,37.04622566699982,45.14545440673828
stim_84_harmonic.wav,30.00000089406967,40.000001192092896,40.70269614458084,26.17173135280609
stim_84_harmonic.wav,70.0000011920929,60.0,56.181212067604065,50.363556146621704
stim_84_harmonic.wav,10.000000074505806,30.0,21.683447062969208,23.92577826976776
stim_84_harmonic.wav,15.000000447034836,30.0,40.655540227890015,26.146295070648193
stim_84_harmonic.wav,30.00000089406967,20.000000596046448,40.106553733348846,35.60001611709595
stim_84_harmonic.wav,74.99999821186066,60.0,57.8596955537796,47.99794793128967
stim_84_harmonic.wav,20.000000149011612,60.0,40.606825947761536,26.1635559797287
stim_84_harmonic.wav,54.99999940395355,60.0,40.60052543878555,26.165789365768433
stim_84_harmonic.wav,80.00000059604645,30.0,60.36096811294556,30.7139253616333
stim_84_harmonic.wav,10.000000074505806,49.999998807907104,40.640184581279755,26.15173637866974
stim_84_harmonic.wav,80.00000059604645,20.000000596046448,58.813939690589905,25.66048800945282
stim_84_harmonic.wav,5.000000037252903,0.0,40.48218637704849,26.198759078979492
stim_84_harmonic.wav,64.9999988079071,0.0,42.05612540245056,26.007943153381348
stim_84_harmonic.wav,74.99999821186066,49.999998807907104,50.57437062263489,32.92198061943054
stim_84_harmonic.wav,84.99999761581421,49.999998807907104,41.516564190387726,26.289925575256348
stim_84_harmonic.wav,35.00000059604645,30.0,52.20529854297638,45.35834312438965
stim_84_harmonic.wav,20.000000149011612,30.0,26.731509268283844,35.216946601867676
stim_84_harmonic.wav,60.00000178813934,0.0,42.44192361831665,25.930044651031494
stim_84_harmonic.wav,60.00000178813934,49.999998807907104,47.241092920303345,29.0781033039093
stim_84_harmonic.wav,74.99999821186066,40.000001192092896,52.281843423843384,27.0785254240036
stim_84_harmonic.wav,90.0,60.0,59.90020751953125,50.15786647796631
stim_84_harmonic.wav,60.00000178813934,60.0,40.83975434303284,26.2015163898468
stim_84_harmonic.wav,15.000000447034836,20.000000596046448,40.55535435676575,26.184884905815125
stim_84_harmonic.wav,15.000000447034836,40.000001192092896,21.23158872127533,35.5325710773468
stim_84_harmonic.wav,74.99999821186066,0.0,43.35219830274582,25.533834099769592
stim_84_harmonic.wav,74.99999821186066,49.999998807907104,40.69619446992874,26.45732045173645
stim_84_harmonic.wav,84.99999761581421,0.0,42.07107603549957,26.12170100212097
stim_84_harmonic.wav,25.000001192092896,10.000000298023224,34.72122251987457,41.975576877593994
stim_84_harmonic.wav,5.000000037252903,60.0,41.160675287246704,26.345397233963013
stim_84_harmonic.wav,0.0,0.0,40.46731352806091,26.39158844947815
stim_84_harmonic.wav,35.00000059604645,40.000001192092896,37.149404883384705,46.89739465713501
stim_84_harmonic.wav,80.00000059604645,40.000001192092896,41.37733340263367,26.12998902797699
stim_84_harmonic.wav,50.00000238418579,49.999998807907104,40.90290695428848,26.166036128997803
stim_84_harmonic.wav,35.00000059604645,40.000001192092896,40.61938941478729,26.15910530090332
stim_84_harmonic.wav,10.000000074505806,30.0,40.59052884578705,26.1713844537735
stim_84_harmonic.wav,20.000000149011612,60.0,40.64559191465378,26.149821281433105
stim_84_harmonic.wav,45.0,10.000000298023224,45.39573848247528,20.977013111114502
stim_84_harmonic.wav,80.00000059604645,40.000001192092896,40.560265481472015,26.187220215797424
stim_84_harmonic.wav,45.0,40.000001192092896,40.55962175130844,26.134366393089294
stim_84_harmonic.wav,5.000000037252903,40.000001192092896,40.60603201389313,26.163838505744934
stim_84_harmonic.wav,60.00000178813934,60.0,39.709932804107666,26.54700994491577
stim_84_harmonic.wav,35.00000059604645,30.0,41.012180149555206,26.26879334449768
stim_84_harmonic.wav,15.000000447034836,10.000000298023224,25.148611664772034,28.38691771030426
stim_84_harmonic.wav,35.00000059604645,30.0,38.559393882751465,29.29931402206421
stim_84_harmonic.wav,60.00000178813934,0.0,40.30441761016846,26.321058869361877
stim_84_harmonic.wav,50.00000238418579,10.000000298023224,47.389172315597534,17.68096089363098
stim_84_harmonic.wav,20.000000149011612,49.999998807907104,40.53214520215988,26.27175271511078
stim_84_harmonic.wav,84.99999761581421,49.999998807907104,48.027613162994385,31.597477197647095
stim_84_harmonic.wav,50.00000238418579,49.999998807907104,47.165690660476685,33.46940875053406
stim_84_harmonic.wav,5.000000037252903,60.0,20.255432277917862,34.2865777015686
stim_84_harmonic.wav,20.000000149011612,40.000001192092896,29.491247534751892,46.1190390586853
stim_84_harmonic.wav,74.99999821186066,0.0,59.84425663948059,17.29017734527588
stim_84_harmonic.wav,74.99999821186066,20.000000596046448,40.750568211078644,26.107848286628723
stim_84_harmonic.wav,60.00000178813934,10.000000298023224,40.39361447095871,26.302467584609985
stim_84_harmonic.wav,40.000000298023224,0.0,42.997996509075165,17.734090089797974
stim_84_harmonic.wav,40.000000298023224,10.000000298023224,42.234288454055786,23.275843262672424
stim_84_harmonic.wav,50.00000238418579,49.999998807907104,54.13592576980591,43.83747339248657
stim_84_harmonic.wav,25.000001192092896,30.0,40.608124136924744,26.17509663105011
stim_84_harmonic.wav,30.00000089406967,20.000000596046448,40.71214020252228,26.16125464439392
stim_84_harmonic.wav,54.99999940395355,40.000001192092896,44.87111449241638,23.582603931427002
stim_84_harmonic.wav,20.000000149011612,30.0,24.366428554058075,36.38005256652832
stim_84_harmonic.wav,20.000000149011612,40.000001192092896,30.300853550434113,37.517945766448975
stim_84_harmonic.wav,60.00000178813934,60.0,50.53583264350891,54.750330448150635
stim_84_harmonic.wav,64.9999988079071,40.000001192092896,48.48841667175293,30.118120908737183
stim_84_harmonic.wav,84.99999761581421,60.0,39.75095719099045,26.367791891098022
stim_84_harmonic.wav,60.00000178813934,30.0,40.46314001083374,26.30013942718506
stim_84_harmonic.wav,60.00000178813934,49.999998807907104,40.379489958286285,26.37717068195343
stim_84_harmonic.wav,54.99999940395355,10.000000298023224,52.02003836631775,21.73289179801941
stim_84_harmonic.wav,15.000000447034836,20.000000596046448,25.746014714241028,29.932982325553894
stim_84_harmonic.wav,64.9999988079071,30.0,50.07490575313568,26.277161836624146
stim_84_harmonic.wav,80.00000059604645,60.0,60.38916349411011,49.31603193283081
stim_84_harmonic.wav,54.99999940395355,30.0,40.904690623283386,26.55352771282196
stim_84_harmonic.wav,5.000000037252903,30.0,40.79856097698212,26.07602298259735
stim_84_harmonic.wav,50.00000238418579,10.000000298023224,41.43561512231827,26.1361563205719
stim_84_harmonic.wav,0.0,10.000000298023224,40.25174707174301,26.372507214546204
stim_84_harmonic.wav,40.000000298023224,40.000001192092896,40.6484591960907,26.278581619262695
stim_84_harmonic.wav,40.000000298023224,60.0,39.54122990369797,27.02300727367401
stim_84_harmonic.wav,80.00000059604645,30.0,40.5332288146019,26.22365176677704
stim_84_harmonic.wav,84.99999761581421,20.000000596046448,41.856558322906494,26.03053629398346
stim_84_harmonic.wav,15.000000447034836,49.999998807907104,40.2772119641304,26.327281594276428
stim_84_harmonic.wav,60.00000178813934,30.0,40.1498606801033,26.418423056602478
stim_84_harmonic.wav,20.000000149011612,0.0,40.636150538921356,26.153166890144348
stim_84_harmonic.wav,15.000000447034836,40.000001192092896,40.619056820869446,26.183744072914124
stim_84_harmonic.wav,84.99999761581421,60.0,52.954208850860596,42.29201316833496
stim_84_harmonic.wav,0.0,10.000000298023224,40.13805627822876,26.42386794090271
stim_84_harmonic.wav,0.0,30.0,40.31151741743088,26.37818992137909
stim_84_harmonic.wav,40.000000298023224,60.0,35.471017956733704,45.48899173736572
stim_84_harmonic.wav,50.00000238418579,30.0,40.81913888454437,26.173449754714966
stim_84_harmonic.wav,60.00000178813934,60.0,41.51787042617798,26.53968036174774
stim_84_harmonic.wav,80.00000059604645,10.000000298023224,42.2269070148468,25.839407444000244
stim_84_harmonic.wav,64.9999988079071,0.0,52.74569392204285,19.868112802505493
stim_84_harmonic.wav,60.00000178813934,0.0,40.818795561790466,26.18146777153015
stim_84_harmonic.wav,30.00000089406967,20.000000596046448,45.91408610343933,51.5488064289093
stim_84_harmonic.wav,0.0,40.000001192092896,40.308451652526855,26.462847590446472
stim_84_harmonic.wav,40.000000298023224,60.0,32.711936831474304,42.83665180206299
stim_84_harmonic.wav,25.000001192092896,49.999998807907104,29.21139121055603,41.53948187828064
stim_84_harmonic.wav,60.00000178813934,40.000001192092896,40.43667197227478,26.29061222076416
stim_84_harmonic.wav,35.00000059604645,49.999998807907104,40.62425762414932,26.157379746437073
stim_84_harmonic.wav,30.00000089406967,0.0,41.07783257961273,26.033138036727905
stim_84_harmonic.wav,30.00000089406967,49.999998807907104,38.00753206014633,31.60860300064087
stim_84_harmonic.wav,15.000000447034836,0.0,32.74325966835022,29.730700850486755
stim_84_harmonic.wav,74.99999821186066,10.000000298023224,40.90312421321869,26.135979294776917
stim_84_harmonic.wav,5.000000037252903,0.0,40.18147051334381,26.340683698654175
stim_84_harmonic.wav,64.9999988079071,40.000001192092896,41.07785940170288,26.23759388923645
stim_84_harmonic.wav,64.9999988079071,10.000000298023224,41.7291533946991,26.135539412498474
stim_84_harmonic.wav,50.00000238418579,30.0,43.313743472099304,28.31221103668213
stim_84_harmonic.wav,40.000000298023224,49.999998807907104,39.81211155653,26.955905556678772
stim_84_harmonic.wav,70.0000011920929,0.0,40.77745199203491,26.144519448280334
stim_84_harmonic.wav,45.0,10.000000298023224,45.14084815979004,26.925042271614075
stim_84_harmonic.wav,40.000000298023224,10.000000298023224,40.332320630550385,26.328574419021606
stim_84_harmonic.wav,10.000000074505806,10.000000298023224,41.05660289525986,26.365529894828796
stim_84_harmonic.wav,30.00000089406967,60.0,40.60438245534897,26.16442322731018
stim_84_harmonic.wav,30.00000089406967,20.000000596046448,35.36486953496933,38.90753746032715
stim_84_harmonic.wav,20.000000149011612,0.0,40.42823642492294,26.2166690826416
stim_84_harmonic.wav,40.000000298023224,20.000000596046448,41.43091320991516,21.48495376110077
stim_84_harmonic.wav,40.000000298023224,0.0,40.819090604782104,26.296972632408142
stim_84_harmonic.wav,30.00000089406967,60.0,30.619314908981323,41.07404708862305
stim_84_harmonic.wav,20.000000149011612,0.0,40.54775029420853,26.204352378845215
stim_84_harmonic.wav,0.0,49.999998807907104,38.808565735816956,26.457624435424805
stim_84_harmonic.wav,74.99999821186066,60.0,52.359230518341064,41.868388652801514
stim_84_harmonic.wav,74.99999821186066,20.000000596046448,41.77224576473236,25.780929923057556
stim_84_harmonic.wav,15.000000447034836,20.000000596046448,40.35931706428528,26.28097951412201
stim_84_harmonic.wav,45.0,49.999998807907104,40.72905957698822,26.27925217151642
stim_84_harmonic.wav,84.99999761581421,0.0,48.26062202453613,25.326871275901794
stim_84_harmonic.wav,60.00000178813934,0.0,42.683483362197876,25.957598090171814
stim_84_harmonic.wav,60.00000178813934,40.000001192092896,40.452282428741455,27.087895274162292
stim_84_harmonic.wav,45.0,30.0,40.486496686935425,26.84849739074707
stim_84_harmonic.wav,25.000001192092896,10.000000298023224,41.214960515499115,26.017048358917236
stim_84_harmonic.wav,60.00000178813934,10.000000298023224,40.655770897865295,26.147237420082092
stim_84_harmonic.wav,64.9999988079071,49.999998807907104,45.30035376548767,24.581860899925232
stim_63_harmonic.wav,35.00000059604645,20.000000596046448,40.31787157058716,22.147704362869263
stim_63_harmonic.wav,80.00000059604645,0.0,43.860329389572144,24.02081072330475
stim_63_harmonic.wav,35.00000059604645,10.000000298023224,35.35146921873093,10.386350154876709
stim_63_harmonic.wav,35.00000059604645,40.000001192092896,41.13834321498871,38.356311321258545
stim_63_harmonic.wav,70.0000011920929,60.0,38.21450471878052,33.80816459655762
stim_63_harmonic.wav,50.00000238418579,0.0,53.294312953948975,32.97855019569397
stim_63_harmonic.wav,40.000000298023224,30.0,51.98879063129425,32.29580640792847
stim_63_harmonic.wav,25.000001192092896,49.999998807907104,39.42859321832657,28.475165963172913
stim_63_harmonic.wav,90.0,30.0,43.631705939769745,28.072407245635986
stim_63_harmonic.wav,80.00000059604645,60.0,36.36586993932724,30.070738792419434
stim_63_harmonic.wav,20.000000149011612,40.000001192092896,38.716053664684296,28.182045221328735
stim_63_harmonic.wav,64.9999988079071,20.000000596046448,44.61873471736908,23.167685866355896
stim_63_harmonic.wav,74.99999821186066,10.000000298023224,71.47446513175964,16.604304313659668
stim_63_harmonic.wav,60.00000178813934,49.999998807907104,47.6091992855072,32.348899841308594
stim_63_harmonic.wav,64.9999988079071,10.000000298023224,53.115286231040955,25.189642310142517
stim_63_harmonic.wav,80.00000059604645,10.000000298023224,69.12921667098999,11.234756112098694
stim_63_harmonic.wav,84.99999761581421,20.000000596046448,38.65976482629776,27.12126910686493
stim_63_harmonic.wav,64.9999988079071,20.000000596046448,44.20066952705383,25.051921606063843
stim_63_harmonic.wav,64.9999988079071,30.0,65.23725092411041,22.989184856414795
stim_63_harmonic.wav,60.00000178813934,49.999998807907104,44.57261145114899,22.140743136405945
stim_63_harmonic.wav,20.000000149011612,30.0,26.845084726810455,41.88217520713806
stim_63_harmonic.wav,64.9999988079071,0.0,68.43868732452393,15.698364973068237
stim_63_harmonic.wav,84.99999761581421,0.0,45.51539182662964,25.043052434921265
stim_63_harmonic.wav,64.9999988079071,10.000000298023224,43.93387824296951,24.351600408554077
stim_63_harmonic.wav,10.000000074505806,49.999998807907104,16.62431001663208,37.07390785217285
stim_63_harmonic.wav,30.00000089406967,40.000001192092896,43.77460598945618,46.81279420852661
stim_63_harmonic.wav,80.00000059604645,40.000001192092896,49.08309459686279,23.338682055473328
stim_63_harmonic.wav,40.000000298023224,0.0,40.471481680870056,23.966079354286194
stim_63_harmonic.wav,30.00000089406967,49.999998807907104,37.94049561023712,27.63066530227661
stim_63_harmonic.wav,45.0,60.0,30.963697135448456,48.08122515678406
stim_63_harmonic.wav,15.000000447034836,60.0,41.46312117576599,33.15614461898804
stim_63_harmonic.wav,45.0,20.000000596046448,50.392688512802124,30.22113561630249
stim_63_harmonic.wav,45.0,49.999998807907104,47.34952390193939,31.185128688812256
stim_63_harmonic.wav,35.00000059604645,30.0,49.40745413303375,29.154456853866577
stim_63_harmonic.wav,54.99999940395355,49.999998807907104,46.1681342124939,25.071884393692017
stim_63_harmonic.wav,74.99999821186066,10.000000298023224,39.94799494743347,28.4325510263443
stim_63_harmonic.wav,45.0,20.000000596046448,54.18814301490784,27.02966809272766
stim_63_harmonic.wav,40.000000298023224,0.0,44.19119328260422,21.320078372955322
stim_63_harmonic.wav,15.000000447034836,49.999998807907104,14.984562993049622,41.32807374000549
stim_63_harmonic.wav,64.9999988079071,30.0,60.20727217197418,18.336462378501892
stim_63_harmonic.wav,70.0000011920929,10.000000298023224,65.56321978569031,14.292705953121185
stim_63_harmonic.wav,64.9999988079071,10.000000298023224,52.637085914611816,25.334156155586243
stim_63_harmonic.wav,45.0,49.999998807907104,47.736239433288574,42.81115651130676
stim_63_harmonic.wav,0.0,10.000000298023224,7.993580996990204,33.02626132965088
stim_63_harmonic.wav,20.000000149011612,20.000000596046448,26.69514387845993,27.592926621437073
stim_63_harmonic.wav,35.00000059604645,30.0,42.089250683784485,19.29639458656311
stim_63_harmonic.wav,35.00000059604645,20.000000596046448,42.4624639749527,25.799070596694946
stim_63_harmonic.wav,54.99999940395355,10.000000298023224,55.10064125061035,27.092435359954834
stim_63_harmonic.wav,74.99999821186066,30.0,86.01874351501465,30.652130842208862
stim_63_harmonic.wav,25.000001192092896,49.999998807907104,31.100433468818665,48.74852657318115
stim_63_harmonic.wav,30.00000089406967,49.999998807907104,32.94850766658783,41.01746320724487
stim_63_harmonic.wav,35.00000059604645,40.000001192092896,34.88444298505783,27.31709897518158
stim_63_harmonic.wav,35.00000059604645,20.000000596046448,44.4955113530159,31.974012851715088
stim_63_harmonic.wav,54.99999940395355,20.000000596046448,59.027384519577026,22.591334581375122
stim_63_harmonic.wav,0.0,10.000000298023224,4.9421122670173645,31.752634048461914
stim_63_harmonic.wav,74.99999821186066,10.000000298023224,68.24462950229645,12.30233609676361
stim_63_harmonic.wav,70.0000011920929,20.000000596046448,71.7960512638092,20.500429272651672
stim_63_harmonic.wav,0.0,30.0,31.20370924472809,29.892078638076782
stim_63_harmonic.wav,54.99999940395355,30.0,45.445568561553955,28.218469619750977
stim_63_harmonic.wav,80.00000059604645,40.000001192092896,49.717286825180054,31.238704919815063
stim_63_harmonic.wav,5.000000037252903,40.000001192092896,27.5226429104805,27.55549907684326
stim_63_harmonic.wav,70.0000011920929,10.000000298023224,62.17159330844879,17.8791743516922
stim_63_harmonic.wav,30.00000089406967,40.000001192092896,30.802590250968933,27.94969618320465
stim_63_harmonic.wav,40.000000298023224,30.0,47.415645718574524,32.729995250701904
stim_63_harmonic.wav,74.99999821186066,49.999998807907104,44.34386730194092,29.99889850616455
stim_63_harmonic.wav,54.99999940395355,40.000001192092896,47.56109654903412,23.59362244606018
stim_63_harmonic.wav,15.000000447034836,10.000000298023224,22.66628086566925,27.33951687812805
stim_63_harmonic.wav,74.99999821186066,0.0,43.896879851818085,24.206326603889465
stim_63_harmonic.wav,74.99999821186066,40.000001192092896,61.60216569900513,27.371413707733154
stim_63_harmonic.wav,35.00000059604645,10.000000298023224,43.489830493927,23.40139925479889
stim_63_harmonic.wav,15.000000447034836,30.0,23.24607253074646,35.038604736328125
stim_63_harmonic.wav,84.99999761581421,40.000001192092896,74.0164965391159,32.270686626434326
stim_63_harmonic.wav,10.000000074505806,20.000000596046448,32.42273300886154,30.29987096786499
stim_63_harmonic.wav,64.9999988079071,49.999998807907104,54.3486088514328,28.67910146713257
stim_63_harmonic.wav,90.0,0.0,44.06982868909836,25.7485431432724
stim_63_harmonic.wav,15.000000447034836,0.0,36.908834874629974,31.270580291748047
stim_63_harmonic.wav,20.000000149011612,40.000001192092896,26.369032859802246,26.888601779937744
stim_63_harmonic.wav,64.9999988079071,49.999998807907104,50.13227820396423,33.330044746398926
stim_63_harmonic.wav,64.9999988079071,49.999998807907104,55.22350788116455,33.89509677886963
stim_63_harmonic.wav,74.99999821186066,20.000000596046448,51.40197157859802,24.407765865325928
stim_63_harmonic.wav,64.9999988079071,40.000001192092896,65.56858420372009,31.683590412139893
stim_63_harmonic.wav,35.00000059604645,49.999998807907104,40.606206357479095,26.532087922096252
stim_63_harmonic.wav,84.99999761581421,10.000000298023224,71.58448398113251,10.396835803985596
stim_63_harmonic.wav,84.99999761581421,30.0,57.47399926185608,31.77578330039978
stim_63_harmonic.wav,84.99999761581421,20.000000596046448,48.62468898296356,24.600834846496582
stim_63_harmonic.wav,40.000000298023224,20.000000596046448,45.92613995075226,26.238327026367188
stim_63_harmonic.wav,74.99999821186066,10.000000298023224,71.9446349143982,12.860126495361328
stim_63_harmonic.wav,80.00000059604645,20.000000596046448,75.9893149137497,20.693103075027466
stim_63_harmonic.wav,84.99999761581421,0.0,71.84106409549713,6.727191209793091
stim_63_harmonic.wav,74.99999821186066,0.0,68.81929814815521,10.077245235443115
stim_63_harmonic.wav,25.000001192092896,0.0,41.41252934932709,33.24616312980652
stim_63_harmonic.wav,45.0,0.0,49.058332443237305,21.818016171455383
stim_63_harmonic.wav,5.000000037252903,40.000001192092896,7.862437069416046,41.28827691078186
stim_63_harmonic.wav,10.000000074505806,10.000000298023224,19.62329864501953,31.910691261291504
stim_63_harmonic.wav,15.000000447034836,60.0,10.798718333244324,32.04549193382263
stim_63_harmonic.wav,20.000000149011612,10.000000298023224,30.63402682542801,36.85455322265625
stim_63_harmonic.wav,40.000000298023224,40.000001192092896,35.61138600111008,27.51796245574951
stim_63_harmonic.wav,35.00000059604645,10.000000298023224,32.11532771587372,22.79057800769806
stim_63_harmonic.wav,40.000000298023224,49.999998807907104,40.82012057304382,26.787906289100647
stim_63_harmonic.wav,64.9999988079071,30.0,43.78646403551102,25.427919030189514
stim_63_harmonic.wav,60.00000178813934,49.999998807907104,58.36219668388367,34.90254521369934
stim_63_harmonic.wav,45.0,20.000000596046448,46.1899995803833,28.267228603363037
stim_63_harmonic.wav,54.99999940395355,0.0,45.01505792140961,28.7931489944458
stim_63_harmonic.wav,70.0000011920929,10.000000298023224,69.87919449806213,13.408548831939697
stim_63_harmonic.wav,60.00000178813934,10.000000298023224,53.088823556900024,19.697012901306152
stim_58_harmonic.wav,80.00000059604645,49.999998807907104,55.25394558906555,29.890244007110596
stim_58_harmonic.wav,74.99999821186066,49.999998807907104,48.96748065948486,23.701953291893005
stim_58_harmonic.wav,10.000000074505806,0.0,12.370326519012451,47.08705186843872
stim_58_harmonic.wav,30.00000089406967,60.0,36.322152614593506,30.089439153671265
stim_58_harmonic.wav,54.99999940395355,0.0,48.915510177612305,34.78315830230713
stim_58_harmonic.wav,74.99999821186066,20.000000596046448,61.45403802394867,15.677785277366638
stim_58_harmonic.wav,84.99999761581421,49.999998807907104,54.663119316101074,34.591054916381836
stim_58_harmonic.wav,0.0,0.0,36.37545883655548,32.14441180229187
stim_58_harmonic.wav,45.0,40.000001192092896,41.085246205329895,24.1085547208786
stim_58_harmonic.wav,84.99999761581421,20.000000596046448,64.1892796754837,15.988891124725342
stim_58_harmonic.wav,15.000000447034836,10.000000298023224,25.34796953201294,29.188127517700195
stim_58_harmonic.wav,35.00000059604645,20.000000596046448,39.57733511924744,31.556779146194458
stim_58_harmonic.wav,35.00000059604645,40.000001192092896,38.68432581424713,40.84792613983154
stim_58_harmonic.wav,45.0,30.0,47.50238835811615,25.984715223312378
stim_58_harmonic.wav,60.00000178813934,0.0,50.92633008956909,26.577284932136536
stim_58_harmonic.wav,25.000001192092896,60.0,28.038061559200287,35.22169589996338
stim_58_harmonic.wav,70.0000011920929,60.0,35.808152854442596,33.04422855377197
stim_58_harmonic.wav,80.00000059604645,60.0,47.05173432826996,36.56591176986694
stim_58_harmonic.wav,64.9999988079071,40.000001192092896,54.26364183425903,37.84391641616821
stim_58_harmonic.wav,25.000001192092896,40.000001192092896,34.00301814079285,27.164779901504517
stim_58_harmonic.wav,20.000000149011612,20.000000596046448,37.33243077993393,33.54820489883423
stim_58_harmonic.wav,64.9999988079071,60.0,42.94510066509247,42.96740412712097
stim_58_harmonic.wav,84.99999761581421,0.0,53.62107038497925,24.72768545150757
stim_58_harmonic.wav,10.000000074505806,40.000001192092896,24.958987534046173,35.010480880737305
stim_58_harmonic.wav,35.00000059604645,30.0,34.038908779621124,33.289504051208496
stim_58_harmonic.wav,84.99999761581421,60.0,48.698776960372925,38.933072090148926
stim_58_harmonic.wav,90.0,49.999998807907104,46.666032671928406,24.06377077102661
stim_58_harmonic.wav,60.00000178813934,60.0,48.78128170967102,22.875105142593384
stim_58_harmonic.wav,15.000000447034836,49.999998807907104,26.501847803592682,31.38084053993225
stim_58_harmonic.wav,10.000000074505806,0.0,18.712758421897888,28.792272806167603
stim_58_harmonic.wav,0.0,0.0,41.60030275583267,28.382835388183594
stim_58_harmonic.wav,74.99999821186066,49.999998807907104,52.081578969955444,41.26854658126831
stim_58_harmonic.wav,60.00000178813934,10.000000298023224,50.01906752586365,27.080386877059937
stim_58_harmonic.wav,35.00000059604645,10.000000298023224,41.86495363712311,25.7473486661911
stim_58_harmonic.wav,15.000000447034836,0.0,25.436152517795563,36.636672019958496
stim_58_harmonic.wav,20.000000149011612,40.000001192092896,34.67451453208923,22.44586944580078
stim_58_harmonic.wav,80.00000059604645,40.000001192092896,54.093343019485474,23.734683394432068
stim_58_harmonic.wav,15.000000447034836,0.0,36.51577591896057,22.89897859096527
stim_58_harmonic.wav,5.000000037252903,60.0,28.22039544582367,36.46980285644531
stim_58_harmonic.wav,74.99999821186066,60.0,36.56607002019882,29.864307045936584
stim_58_harmonic.wav,5.000000037252903,0.0,32.302516400814056,26.287423968315125
stim_58_harmonic.wav,20.000000149011612,10.000000298023224,45.51683485507965,27.893368005752563
stim_58_harmonic.wav,50.00000238418579,20.000000596046448,55.28542399406433,26.369821429252625
stim_58_harmonic.wav,60.00000178813934,49.999998807907104,50.09563386440277,42.0605206489563
stim_58_harmonic.wav,30.00000089406967,0.0,31.35499119758606,30.37241220474243
stim_58_harmonic.wav,45.0,0.0,49.127023816108704,25.393075346946716
stim_58_harmonic.wav,74.99999821186066,10.000000298023224,55.82024574279785,21.679088473320007
stim_58_harmonic.wav,70.0000011920929,49.999998807907104,42.15074568986893,18.23842227458954
stim_58_harmonic.wav,74.99999821186066,20.000000596046448,63.42931866645813,17.03338623046875
stim_58_harmonic.wav,45.0,10.000000298023224,47.509989738464355,17.829301357269287
stim_58_harmonic.wav,84.99999761581421,30.0,54.25044536590576,37.65944838523865
stim_58_harmonic.wav,25.000001192092896,40.000001192092896,43.51475089788437,26.179922819137573
stim_58_harmonic.wav,5.000000037252903,60.0,18.015359938144684,33.89591932296753
stim_58_harmonic.wav,54.99999940395355,49.999998807907104,43.073524832725525,35.02737522125244
stim_58_harmonic.wav,5.000000037252903,10.000000298023224,14.432070851325989,35.9366512298584
stim_58_harmonic.wav,10.000000074505806,60.0,36.189104318618774,24.01484191417694
stim_58_harmonic.wav,35.00000059604645,20.000000596046448,39.63161498308182,27.952457070350647
stim_58_harmonic.wav,45.0,40.000001192092896,35.24247497320175,26.45740270614624
stim_58_harmonic.wav,64.9999988079071,10.000000298023224,50.083810687065125,24.917975664138794
stim_58_harmonic.wav,30.00000089406967,20.000000596046448,33.39402258396149,38.47243309020996
stim_58_harmonic.wav,0.0,0.0,37.09900081157684,26.915997862815857
stim_58_harmonic.wav,64.9999988079071,49.999998807907104,45.5018949508667,35.1371169090271
stim_58_harmonic.wav,64.9999988079071,20.000000596046448,51.48946523666382,24.757935404777527
stim_58_harmonic.wav,45.0,49.999998807907104,37.903049290180206,31.812057495117188
stim_58_harmonic.wav,84.99999761581421,60.0,35.303192138671875,28.395983576774597
stim_58_harmonic.wav,0.0,20.000000596046448,33.40553730726242,30.87532639503479
stim_58_harmonic.wav,84.99999761581421,40.000001192092896,62.318819761276245,23.628458976745605
stim_58_harmonic.wav,90.0,10.000000298023224,59.52809393405914,25.86956262588501
stim_58_harmonic.wav,15.000000447034836,30.0,13.940110802650452,44.12504196166992
stim_58_harmonic.wav,35.00000059604645,20.000000596046448,42.163880467414856,16.42072856426239
stim_58_harmonic.wav,25.000001192092896,10.000000298023224,32.852117121219635,26.656410098075867
stim_58_harmonic.wav,5.000000037252903,40.000001192092896,14.245818257331848,39.936039447784424
stim_58_harmonic.wav,74.99999821186066,40.000001192092896,64.73912715911865,24.728801250457764
stim_58_harmonic.wav,25.000001192092896,40.000001192092896,30.221017599105835,38.12712907791138
stim_58_harmonic.wav,74.99999821186066,20.000000596046448,63.83512079715729,19.45500075817108
stim_58_harmonic.wav,80.00000059604645,60.0,40.42061358690262,30.33687472343445
stim_58_harmonic.wav,40.000000298023224,20.000000596046448,45.249032378196716,29.87918972969055
stim_58_harmonic.wav,35.00000059604645,60.0,38.21553200483322,40.28549551963806
stim_58_harmonic.wav,30.00000089406967,0.0,41.17364376783371,35.69593906402588
stim_58_harmonic.wav,25.000001192092896,10.000000298023224,44.79321777820587,23.707923889160156
stim_58_harmonic.wav,40.000000298023224,49.999998807907104,38.11522275209427,28.372596502304077
stim_58_harmonic.wav,20.000000149011612,60.0,13.55536937713623,38.903106451034546
stim_58_harmonic.wav,50.00000238418579,40.000001192092896,52.751712799072266,32.56714940071106
stim_58_harmonic.wav,25.000001192092896,20.000000596046448,42.45449513196945,33.19494009017944
stim_58_harmonic.wav,45.0,10.000000298023224,44.55245465040207,19.396210312843323
stim_58_harmonic.wav,20.000000149011612,60.0,27.76843249797821,24.188348650932312
stim_58_harmonic.wav,5.000000037252903,20.000000596046448,39.40369427204132,28.39874267578125
stim_58_harmonic.wav,30.00000089406967,49.999998807907104,37.7408829331398,35.68894386291504
stim_58_harmonic.wav,50.00000238418579,60.0,44.22800660133362,46.750874519348145
stim_58_harmonic.wav,90.0,30.0,48.62299919128418,28.475621938705444
stim_58_harmonic.wav,25.000001192092896,40.000001192092896,30.46219378709793,29.493016004562378
stim_58_harmonic.wav,35.00000059604645,20.000000596046448,48.02352011203766,27.725760340690613
stim_58_harmonic.wav,90.0,60.0,42.14986324310303,27.708048820495605
stim_58_harmonic.wav,80.00000059604645,30.0,61.1194109916687,26.075273752212524
stim_58_harmonic.wav,0.0,10.000000298023224,31.028829216957092,30.083506107330322
stim_58_harmonic.wav,40.000000298023224,40.000001192092896,41.9874233007431,39.365869760513306
stim_58_harmonic.wav,74.99999821186066,10.000000298023224,52.64328181743622,25.07122278213501
stim_58_harmonic.wav,60.00000178813934,49.999998807907104,45.565656423568726,38.40145468711853
stim_58_harmonic.wav,60.00000178813934,60.0,50.713550448417664,42.94595003128052
stim_58_harmonic.wav,60.00000178813934,30.0,50.98374545574188,33.51189136505127
stim_58_harmonic.wav,50.00000238418579,20.000000596046448,39.975594878196716,30.74916958808899
stim_58_harmonic.wav,70.0000011920929,10.000000298023224,32.83834666013718,31.9284725189209
stim_58_harmonic.wav,70.0000011920929,60.0,33.1872484087944,32.273032665252686
stim_58_harmonic.wav,84.99999761581421,60.0,46.85570776462555,32.87120461463928
stim_58_harmonic.wav,50.00000238418579,40.000001192092896,53.00724148750305,32.13486671447754
stim_58_harmonic.wav,40.000000298023224,10.000000298023224,48.94227862358093,26.94258749485016
stim_58_harmonic.wav,5.000000037252903,20.000000596046448,8.828469514846802,41.430584192276
stim_58_harmonic.wav,30.00000089406967,49.999998807907104,26.81435465812683,36.25933885574341
stim_58_harmonic.wav,0.0,20.000000596046448,48.586387038230896,31.333043575286865
stim_58_harmonic.wav,10.000000074505806,20.000000596046448,25.02708613872528,34.471668004989624
stim_58_harmonic.wav,35.00000059604645,20.000000596046448,27.68782138824463,26.37372314929962
stim_58_harmonic.wav,40.000000298023224,10.000000298023224,46.078017354011536,21.368502974510193
stim_58_harmonic.wav,5.000000037252903,40.000001192092896,14.413842558860779,39.43592548370361
stim_96_harmonic.wav,80.00000059604645,49.999998807907104,48.59025478363037,30.250296592712402
stim_96_harmonic.wav,54.99999940395355,0.0,41.751388907432556,27.232961654663086
stim_96_harmonic.wav,0.0,49.999998807907104,40.794129967689514,26.221314668655396
stim_96_harmonic.wav,50.00000238418579,60.0,41.82324528694153,25.82668662071228
stim_96_harmonic.wav,64.9999988079071,30.0,45.810467004776,28.8363915681839
stim_96_harmonic.wav,74.99999821186066,0.0,40.799360275268555,26.104259490966797
stim_96_harmonic.wav,84.99999761581421,49.999998807907104,46.476266384124756,27.01578140258789
stim_96_harmonic.wav,25.000001192092896,0.0,41.331057250499725,26.20801270008087
stim_96_harmonic.wav,45.0,30.0,42.95414239168167,23.84750247001648
stim_96_harmonic.wav,25.000001192092896,10.000000298023224,40.995118618011475,26.315091848373413
stim_96_harmonic.wav,60.00000178813934,40.000001192092896,40.850064754486084,26.276383996009827
stim_96_harmonic.wav,74.99999821186066,10.000000298023224,40.754374265670776,26.68643295764923
stim_96_harmonic.wav,40.000000298023224,49.999998807907104,45.13282299041748,25.88433086872101
stim_96_harmonic.wav,15.000000447034836,0.0,32.67367243766785,24.397721886634827
stim_96_harmonic.wav,84.99999761581421,40.000001192092896,40.683242082595825,26.36768639087677
stim_96_harmonic.wav,84.99999761581421,49.999998807907104,40.41803061962128,26.213396787643433
stim_96_harmonic.wav,45.0,20.000000596046448,41.10869139432907,26.182880401611328
stim_96_harmonic.wav,15.000000447034836,0.0,40.28518348932266,26.303277611732483
stim_96_harmonic.wav,84.99999761581421,0.0,40.71786671876907,26.12421154975891
stim_96_harmonic.wav,74.99999821186066,40.000001192092896,40.42772948741913,26.180920600891113
stim_96_harmonic.wav,35.00000059604645,20.000000596046448,42.15770602226257,26.23663365840912
stim_96_harmonic.wav,50.00000238418579,49.999998807907104,40.828926265239716,26.217121481895447
stim_96_harmonic.wav,54.99999940395355,0.0,41.771907806396484,27.08528459072113
stim_96_harmonic.wav,35.00000059604645,10.000000298023224,40.93692809343338,26.168577075004578
stim_96_harmonic.wav,35.00000059604645,20.000000596046448,40.743315517902374,26.201593279838562
stim_96_harmonic.wav,25.000001192092896,10.000000298023224,42.52638906240463,28.38325560092926
stim_96_harmonic.wav,25.000001192092896,60.0,36.079855263233185,22.03507661819458
stim_96_harmonic.wav,90.0,30.0,41.56410366296768,26.567351818084717
stim_96_harmonic.wav,20.000000149011612,30.0,41.44709229469299,26.23215079307556
stim_96_harmonic.wav,0.0,40.000001192092896,40.54323613643646,26.405920386314392
stim_96_harmonic.wav,74.99999821186066,40.000001192092896,39.99652951955795,26.257871389389038
stim_96_harmonic.wav,35.00000059604645,10.000000298023224,41.50671511888504,25.783209800720215
stim_96_harmonic.wav,5.000000037252903,10.000000298023224,40.622801184654236,26.134666800498962
stim_96_harmonic.wav,10.000000074505806,20.000000596046448,33.55692923069,27.27652609348297
stim_96_harmonic.wav,40.000000298023224,40.000001192092896,42.96994060277939,27.98296093940735
stim_96_harmonic.wav,50.00000238418579,0.0,40.843300223350525,26.252764463424683
stim_96_harmonic.wav,50.00000238418579,20.000000596046448,41.078108847141266,26.375205516815186
stim_96_harmonic.wav,40.000000298023224,10.000000298023224,41.25427633523941,26.159725785255432
stim_96_harmonic.wav,45.0,10.000000298023224,41.265780329704285,26.271255612373352
stim_96_harmonic.wav,50.00000238418579,0.0,46.942482590675354,31.060831546783447
stim_96_harmonic.wav,10.000000074505806,60.0,40.74949532747269,26.3081556558609
stim_96_harmonic.wav,40.000000298023224,40.000001192092896,42.960526049137115,29.666975140571594
stim_96_harmonic.wav,30.00000089406967,60.0,37.83225506544113,26.974178552627563
stim_96_harmonic.wav,10.000000074505806,49.999998807907104,41.01102411746979,26.55114233493805
stim_96_harmonic.wav,15.000000447034836,49.999998807907104,41.53118222951889,26.788567900657654
stim_96_harmonic.wav,10.000000074505806,0.0,31.257849633693695,25.107804536819458
stim_96_harmonic.wav,25.000001192092896,49.999998807907104,41.02752238512039,26.449046730995178
stim_96_harmonic.wav,54.99999940395355,60.0,40.70754557847977,26.16320013999939
stim_96_harmonic.wav,80.00000059604645,10.000000298023224,42.49389410018921,34.719446897506714
stim_96_harmonic.wav,15.000000447034836,60.0,39.59051817655563,26.35475993156433
stim_96_harmonic.wav,5.000000037252903,60.0,32.68348664045334,28.45242440700531
stim_96_harmonic.wav,15.000000447034836,40.000001192092896,40.65511375665665,26.654557585716248
stim_96_harmonic.wav,25.000001192092896,40.000001192092896,40.9270253777504,26.147080063819885
stim_96_harmonic.wav,5.000000037252903,49.999998807907104,32.10988014936447,27.388163208961487
stim_96_harmonic.wav,70.0000011920929,30.0,46.789162158966064,29.191371202468872
stim_96_harmonic.wav,60.00000178813934,40.000001192092896,40.81009179353714,26.165213584899902
stim_96_harmonic.wav,84.99999761581421,60.0,42.886352241039276,28.940572142601013
stim_96_harmonic.wav,5.000000037252903,30.0,40.78022539615631,26.39071226119995
stim_96_harmonic.wav,45.0,60.0,41.2383896112442,26.308382749557495
stim_96_harmonic.wav,15.000000447034836,49.999998807907104,33.095801174640656,27.13344097137451
stim_96_harmonic.wav,0.0,30.0,30.044753551483154,28.51382553577423
stim_96_harmonic.wav,45.0,49.999998807907104,45.519500970840454,31.142138242721558
stim_96_harmonic.wav,54.99999940395355,60.0,41.22214078903198,26.24666690826416
stim_96_harmonic.wav,60.00000178813934,30.0,41.02686792612076,26.384031772613525
stim_96_harmonic.wav,64.9999988079071,40.000001192092896,41.22849762439728,26.758423447608948
stim_96_harmonic.wav,70.0000011920929,0.0,44.7706013917923,28.76493215560913
stim_96_harmonic.wav,15.000000447034836,30.0,41.61447286605835,26.742698550224304
stim_96_harmonic.wav,0.0,0.0,40.64901441335678,26.48331642150879
stim_96_harmonic.wav,30.00000089406967,60.0,35.87931990623474,23.485516905784607
stim_96_harmonic.wav,60.00000178813934,0.0,41.06057524681091,26.195443868637085
stim_96_harmonic.wav,80.00000059604645,20.000000596046448,41.93349212408066,27.915202975273132
stim_96_harmonic.wav,54.99999940395355,30.0,41.16963654756546,26.27034902572632
stim_96_harmonic.wav,5.000000037252903,40.000001192092896,41.55084818601608,26.42769992351532
stim_96_harmonic.wav,30.00000089406967,20.000000596046448,40.85040807723999,26.142008900642395
stim_96_harmonic.wav,30.00000089406967,49.999998807907104,41.11703842878342,26.09927773475647
stim_96_harmonic.wav,64.9999988079071,60.0,40.999235808849335,26.215968132019043
stim_96_harmonic.wav,25.000001192092896,30.0,40.87443262338638,26.09390616416931
stim_96_harmonic.wav,70.0000011920929,0.0,40.459545850753784,26.098920106887817
stim_96_harmonic.wav,5.000000037252903,0.0,33.19304198026657,27.174274921417236
stim_96_harmonic.wav,25.000001192092896,10.000000298023224,40.69113850593567,26.386964321136475
stim_96_harmonic.wav,45.0,20.000000596046448,41.06831610202789,26.161680221557617
stim_96_harmonic.wav,70.0000011920929,40.000001192092896,40.71973353624344,26.20535373687744
stim_96_harmonic.wav,54.99999940395355,40.000001192092896,40.96631169319153,26.370161175727844
stim_96_harmonic.wav,10.000000074505806,30.0,40.64837604761124,26.315385103225708
stim_96_harmonic.wav,90.0,0.0,43.44509661197662,25.12891709804535
stim_96_harmonic.wav,54.99999940395355,40.000001192092896,43.77503514289856,28.06244730949402
stim_96_harmonic.wav,0.0,0.0,40.43102592229843,26.193147897720337
stim_96_harmonic.wav,5.000000037252903,40.000001192092896,40.79220950603485,26.220059394836426
stim_96_harmonic.wav,30.00000089406967,0.0,40.70489019155502,26.128808856010437
stim_96_harmonic.wav,50.00000238418579,40.000001192092896,41.873799562454224,27.74430513381958
stim_96_harmonic.wav,5.000000037252903,60.0,34.375576972961426,27.23360002040863
stim_96_harmonic.wav,15.000000447034836,10.000000298023224,36.963114738464355,26.41970157623291
stim_96_harmonic.wav,60.00000178813934,20.000000596046448,41.20282620191574,26.913337111473083
stim_96_harmonic.wav,74.99999821186066,30.0,40.23119330406189,31.411138772964478
stim_96_harmonic.wav,25.000001192092896,30.0,43.590365052223206,27.236498594284058
stim_96_harmonic.wav,84.99999761581421,10.000000298023224,42.14754581451416,29.560498595237732
stim_96_harmonic.wav,54.99999940395355,20.000000596046448,49.286309480667114,27.74102747440338
stim_96_harmonic.wav,50.00000238418579,60.0,41.158752143383026,26.128891110420227
stim_96_harmonic.wav,20.000000149011612,20.000000596046448,41.085471510887146,26.18321657180786
stim_96_harmonic.wav,80.00000059604645,30.0,41.63068950176239,26.28583252429962
stim_96_harmonic.wav,10.000000074505806,0.0,34.8495876789093,26.77977740764618
stim_96_harmonic.wav,30.00000089406967,60.0,39.4137579202652,27.256967425346375
stim_96_harmonic.wav,10.000000074505806,49.999998807907104,32.971486151218414,27.025689482688904
stim_96_harmonic.wav,30.00000089406967,30.0,40.99330008029938,28.086699843406677
stim_96_harmonic.wav,50.00000238418579,40.000001192092896,40.876758098602295,26.704713106155396
stim_96_harmonic.wav,84.99999761581421,60.0,43.0399489402771,29.46640133857727
stim_96_harmonic.wav,84.99999761581421,10.000000298023224,41.25142514705658,26.28171980381012
stim_96_harmonic.wav,80.00000059604645,30.0,41.025183498859406,26.759174466133118
stim_96_harmonic.wav,50.00000238418579,0.0,40.52360236644745,26.193044185638428
stim_96_harmonic.wav,45.0,0.0,40.657388269901276,26.163581013679504
stim_96_harmonic.wav,5.000000037252903,0.0,34.79639410972595,26.886786818504333
stim_96_harmonic.wav,15.000000447034836,10.000000298023224,40.83447843790054,26.56555473804474
stim_96_harmonic.wav,90.0,40.000001192092896,40.58711439371109,26.142480969429016
stim_96_harmonic.wav,45.0,40.000001192092896,41.2703937292099,24.970205426216125
stim_96_harmonic.wav,45.0,10.000000298023224,41.141417026519775,26.357595920562744
stim_96_harmonic.wav,0.0,40.000001192092896,40.61276167631149,26.19812786579132
stim_96_harmonic.wav,10.000000074505806,0.0,41.45917296409607,26.612725853919983
stim_96_harmonic.wav,15.000000447034836,20.000000596046448,38.467742800712585,23.82161021232605
stim_96_harmonic.wav,64.9999988079071,49.999998807907104,44.31674212217331,28.92874002456665
stim_96_harmonic.wav,80.00000059604645,10.000000298023224,40.9390926361084,26.75918161869049
stim_96_harmonic.wav,60.00000178813934,20.000000596046448,40.72517305612564,26.171141266822815
stim_96_harmonic.wav,0.0,20.000000596046448,40.64289629459381,26.339033246040344
stim_96_harmonic.wav,84.99999761581421,0.0,40.78746736049652,26.136147379875183
stim_96_harmonic.wav,84.99999761581421,49.999998807907104,44.29454684257507,25.267621278762817
stim_96_harmonic.wav,30.00000089406967,30.0,40.9499716758728,26.131560802459717
stim_96_harmonic.wav,45.0,40.000001192092896,41.151767671108246,26.404491662979126
stim_96_harmonic.wav,10.000000074505806,60.0,40.982750952243805,26.271148324012756
stim_96_harmonic.wav,40.000000298023224,20.000000596046448,40.80418825149536,26.35769248008728
stim_96_harmonic.wav,50.00000238418579,40.000001192092896,40.687123239040375,26.13510489463806
stim_96_harmonic.wav,40.000000298023224,49.999998807907104,40.63323765993118,26.15419864654541
stim_100_harmonic.wav,20.000000149011612,40.000001192092896,37.33965128660202,28.812984824180603
stim_100_harmonic.wav,64.9999988079071,60.0,47.09982633590698,27.20220386981964
stim_100_harmonic.wav,64.9999988079071,40.000001192092896,41.218431293964386,25.481967329978943
stim_100_harmonic.wav,0.0,20.000000596046448,38.28523725271225,27.387658953666687
stim_100_harmonic.wav,54.99999940395355,10.000000298023224,41.108683347702026,24.036278128623962
stim_100_harmonic.wav,30.00000089406967,30.0,41.01970911026001,25.394791960716248
stim_100_harmonic.wav,15.000000447034836,60.0,35.46553283929825,28.451326489448547
stim_100_harmonic.wav,64.9999988079071,30.0,37.81859189271927,25.629369020462036
stim_100_harmonic.wav,25.000001192092896,0.0,40.836457908153534,26.129788756370544
stim_100_harmonic.wav,15.000000447034836,0.0,35.433416068553925,28.60827326774597
stim_100_harmonic.wav,0.0,0.0,38.33699315786362,26.746623516082764
stim_100_harmonic.wav,10.000000074505806,20.000000596046448,40.7914263010025,26.04054629802704
stim_100_harmonic.wav,50.00000238418579,0.0,40.800572633743286,24.588459134101868
stim_100_harmonic.wav,25.000001192092896,60.0,36.53530240058899,27.863152027130127
stim_100_harmonic.wav,15.000000447034836,40.000001192092896,41.06134504079819,25.915578603744507
stim_100_harmonic.wav,0.0,20.000000596046448,38.81069004535675,25.215167999267578
stim_100_harmonic.wav,25.000001192092896,0.0,41.066250801086426,26.234323382377625
stim_100_harmonic.wav,50.00000238418579,40.000001192092896,43.53369265794754,25.845004320144653
stim_100_harmonic.wav,20.000000149011612,40.000001192092896,40.66614031791687,26.140397787094116
stim_100_harmonic.wav,30.00000089406967,40.000001192092896,40.89243561029434,26.14384174346924
stim_100_harmonic.wav,50.00000238418579,40.000001192092896,42.18905031681061,27.30713188648224
stim_100_harmonic.wav,90.0,20.000000596046448,41.377097368240356,25.182634592056274
stim_100_harmonic.wav,25.000001192092896,0.0,43.96820515394211,24.209852814674377
stim_100_harmonic.wav,10.000000074505806,49.999998807907104,35.01280277967453,27.325186729431152
stim_100_harmonic.wav,5.000000037252903,40.000001192092896,38.07108163833618,26.63463592529297
stim_100_harmonic.wav,0.0,10.000000298023224,41.756876707077026,25.996440052986145
stim_100_harmonic.wav,10.000000074505806,0.0,40.724550783634186,26.27258062362671
stim_100_harmonic.wav,30.00000089406967,20.000000596046448,41.23313784599304,26.120388507843018
stim_100_harmonic.wav,80.00000059604645,40.000001192092896,40.9462970495224,26.194885969161987
stim_100_harmonic.wav,60.00000178813934,20.000000596046448,36.96193993091583,26.353089809417725
stim_100_harmonic.wav,15.000000447034836,20.000000596046448,40.77342331409454,26.122897267341614
stim_100_harmonic.wav,40.000000298023224,10.000000298023224,40.767798721790314,25.860766768455505
stim_100_harmonic.wav,74.99999821186066,40.000001192092896,40.44313609600067,24.636953473091125
stim_100_harmonic.wav,30.00000089406967,30.0,40.73501944541931,26.108375787734985
stim_100_harmonic.wav,74.99999821186066,60.0,41.03166103363037,26.127655506134033
stim_100_harmonic.wav,64.9999988079071,10.000000298023224,47.68499314785004,16.910401582717896
stim_100_harmonic.wav,54.99999940395355,0.0,40.84571689367294,24.78225588798523
stim_100_harmonic.wav,60.00000178813934,0.0,44.67512547969818,20.531381964683533
stim_100_harmonic.wav,54.99999940395355,10.000000298023224,44.1152223944664,22.158318758010864
stim_100_harmonic.wav,30.00000089406967,40.000001192092896,50.286076068878174,20.912843942642212
stim_100_harmonic.wav,15.000000447034836,40.000001192092896,36.37266397476196,26.952255964279175
stim_100_harmonic.wav,64.9999988079071,40.000001192092896,40.820235908031464,26.005813479423523
stim_100_harmonic.wav,80.00000059604645,0.0,40.66093146800995,26.221418380737305
stim_100_harmonic.wav,64.9999988079071,30.0,37.951527535915375,26.042259335517883
stim_100_harmonic.wav,45.0,49.999998807907104,40.79959899187088,26.084039211273193
stim_100_harmonic.wav,35.00000059604645,49.999998807907104,46.33253216743469,25.77488422393799
stim_100_harmonic.wav,74.99999821186066,20.000000596046448,47.367945313453674,23.06045114994049
stim_100_harmonic.wav,70.0000011920929,0.0,40.25371581315994,26.026716828346252
stim_100_harmonic.wav,45.0,49.999998807907104,44.38769727945328,26.840847730636597
stim_100_harmonic.wav,15.000000447034836,0.0,38.212294578552246,25.747865438461304
stim_100_harmonic.wav,5.000000037252903,20.000000596046448,42.42510885000229,25.749317407608032
stim_100_harmonic.wav,74.99999821186066,10.000000298023224,41.18772268295288,24.65279996395111
stim_100_harmonic.wav,5.000000037252903,49.999998807907104,41.47758901119232,26.003074049949646
stim_100_harmonic.wav,10.000000074505806,60.0,32.45724767446518,28.344297409057617
stim_100_harmonic.wav,15.000000447034836,0.0,38.58735591173172,26.666226983070374
stim_100_harmonic.wav,35.00000059604645,40.000001192092896,48.300994634628296,20.99650740623474
stim_100_harmonic.wav,80.00000059604645,30.0,41.48055285215378,25.18520951271057
stim_100_harmonic.wav,84.99999761581421,0.0,40.439541935920715,26.22283101081848
stim_100_harmonic.wav,74.99999821186066,30.0,40.86009085178375,26.02407217025757
stim_100_harmonic.wav,40.000000298023224,20.000000596046448,40.531402230262756,26.19028151035309
stim_100_harmonic.wav,40.000000298023224,30.0,43.96244376897812,27.432895302772522
stim_100_harmonic.wav,74.99999821186066,30.0,41.94226831197739,22.82662332057953
stim_100_harmonic.wav,0.0,0.0,41.26039445400238,26.011948585510254
stim_100_harmonic.wav,5.000000037252903,30.0,32.732128500938416,28.294401168823242
stim_100_harmonic.wav,5.000000037252903,60.0,42.18677580356598,26.63355052471161
stim_100_harmonic.wav,90.0,30.0,44.827839732170105,24.19905424118042
stim_100_harmonic.wav,84.99999761581421,49.999998807907104,47.71516263484955,17.59496569633484
stim_100_harmonic.wav,5.000000037252903,60.0,41.53508484363556,26.40264630317688
stim_100_harmonic.wav,20.000000149011612,20.000000596046448,40.91466307640076,26.227049231529236
stim_100_harmonic.wav,35.00000059604645,49.999998807907104,40.74982523918152,26.09993577003479
stim_100_harmonic.wav,45.0,20.000000596046448,43.832222521305084,21.57185733318329
stim_100_harmonic.wav,74.99999821186066,30.0,41.01291239261627,26.180586218833923
stim_100_harmonic.wav,0.0,20.000000596046448,40.88413417339325,26.0059654712677
stim_100_harmonic.wav,15.000000447034836,10.000000298023224,40.57930648326874,25.945245623588562
stim_100_harmonic.wav,30.00000089406967,60.0,39.427077770233154,28.742330074310303
stim_100_harmonic.wav,35.00000059604645,49.999998807907104,40.74727714061737,26.095354557037354
stim_100_harmonic.wav,70.0000011920929,20.000000596046448,40.70899397134781,26.213557720184326
stim_100_harmonic.wav,60.00000178813934,49.999998807907104,41.397884488105774,26.03671431541443
stim_100_harmonic.wav,0.0,10.000000298023224,41.22489273548126,26.13854706287384
stim_100_harmonic.wav,20.000000149011612,10.000000298023224,40.87378352880478,26.24730885028839
stim_100_harmonic.wav,25.000001192092896,10.000000298023224,40.80422580242157,26.06910467147827
stim_100_harmonic.wav,30.00000089406967,60.0,40.80675780773163,26.05682373046875
stim_100_harmonic.wav,64.9999988079071,10.000000298023224,40.791740119457245,25.85884988307953
stim_100_harmonic.wav,45.0,20.000000596046448,41.327728629112244,26.221051812171936
stim_100_harmonic.wav,0.0,0.0,39.01497781276703,26.429532766342163
stim_100_harmonic.wav,80.00000059604645,49.999998807907104,45.57635307312012,19.730007648468018
stim_100_harmonic.wav,20.000000149011612,30.0,34.13294970989227,27.035749554634094
stim_100_harmonic.wav,70.0000011920929,40.000001192092896,41.13216072320938,25.890212059020996
stim_100_harmonic.wav,60.00000178813934,60.0,46.10204458236694,20.185292959213257
stim_100_harmonic.wav,25.000001192092896,10.000000298023224,40.73721617460251,26.105700731277466
stim_100_harmonic.wav,45.0,60.0,40.50070971250534,26.175423860549927
stim_100_harmonic.wav,70.0000011920929,20.000000596046448,41.72290116548538,25.947631001472473
stim_100_harmonic.wav,50.00000238418579,49.999998807907104,40.93535363674164,26.271779537200928
stim_100_harmonic.wav,10.000000074505806,60.0,39.080965518951416,26.305026412010193
stim_100_harmonic.wav,60.00000178813934,60.0,48.0141806602478,18.545697927474976
stim_100_harmonic.wav,84.99999761581421,0.0,40.46884775161743,26.212445497512817
stim_100_harmonic.wav,40.000000298023224,49.999998807907104,43.650400936603546,28.116268515586853
stim_100_harmonic.wav,0.0,49.999998807907104,40.87776392698288,26.068162322044373
stim_100_harmonic.wav,50.00000238418579,20.000000596046448,40.688745975494385,26.193745136260986
stim_100_harmonic.wav,10.000000074505806,10.000000298023224,40.890649259090424,26.085575222969055
stim_100_harmonic.wav,54.99999940395355,60.0,40.58679521083832,26.177642941474915
stim_100_harmonic.wav,54.99999940395355,30.0,40.765797793865204,26.103200912475586
stim_100_harmonic.wav,45.0,49.999998807907104,41.27608001232147,25.194745659828186
stim_100_harmonic.wav,30.00000089406967,30.0,40.64836800098419,26.14883780479431
stim_100_harmonic.wav,5.000000037252903,49.999998807907104,40.67148596048355,26.122003197669983
stim_100_harmonic.wav,15.000000447034836,10.000000298023224,41.054644882678986,26.062180995941162
stim_100_harmonic.wav,80.00000059604645,10.000000298023224,42.91014611721039,24.924956560134888
stim_100_harmonic.wav,5.000000037252903,10.000000298023224,40.444289445877075,26.226890087127686
stim_100_harmonic.wav,30.00000089406967,49.999998807907104,40.60005873441696,26.165953874588013
stim_100_harmonic.wav,25.000001192092896,40.000001192092896,40.987777411937714,25.984087586402893
stim_100_harmonic.wav,20.000000149011612,0.0,40.661894381046295,26.21536910533905
stim_100_harmonic.wav,15.000000447034836,0.0,40.80850660800934,26.21565878391266
stim_100_harmonic.wav,20.000000149011612,20.000000596046448,41.25735819339752,26.448703408241272
stim_100_harmonic.wav,70.0000011920929,60.0,40.95362216234207,26.141785383224487
stim_100_harmonic.wav,15.000000447034836,20.000000596046448,33.26900750398636,28.444363474845886
stim_100_harmonic.wav,80.00000059604645,30.0,40.37754535675049,26.22499644756317
stim_100_harmonic.wav,0.0,30.0,40.89351922273636,26.093047857284546
stim_100_harmonic.wav,15.000000447034836,10.000000298023224,41.33813560009003,26.002487540245056
stim_100_harmonic.wav,30.00000089406967,20.000000596046448,40.953876972198486,26.109164357185364
stim_100_harmonic.wav,40.000000298023224,30.0,40.886400640010834,25.83121955394745
stim_100_harmonic.wav,0.0,40.000001192092896,40.726546347141266,26.152648329734802
stim_100_harmonic.wav,50.00000238418579,0.0,37.78158277273178,25.87210178375244
stim_100_harmonic.wav,84.99999761581421,30.0,41.82071328163147,26.220880150794983
stim_100_harmonic.wav,80.00000059604645,0.0,47.24718689918518,18.592352271080017
stim_100_harmonic.wav,20.000000149011612,10.000000298023224,40.88533312082291,26.173710823059082
stim_100_harmonic.wav,5.000000037252903,49.999998807907104,32.203781604766846,29.71386194229126
stim_100_harmonic.wav,70.0000011920929,30.0,40.82196056842804,26.228946447372437
stim_100_harmonic.wav,64.9999988079071,20.000000596046448,39.71291810274124,27.968865036964417
stim_100_harmonic.wav,15.000000447034836,10.000000298023224,39.96773064136505,26.083788871765137
stim_100_harmonic.wav,45.0,10.000000298023224,41.564159989356995,25.93466877937317
stim_100_harmonic.wav,45.0,20.000000596046448,40.732938051223755,26.30658209323883
stim_100_harmonic.wav,40.000000298023224,40.000001192092896,41.30112648010254,26.143956184387207
stim_100_harmonic.wav,70.0000011920929,0.0,41.25147879123688,25.94336450099945
stim_100_harmonic.wav,84.99999761581421,49.999998807907104,41.54704213142395,24.808026552200317
stim_100_harmonic.wav,54.99999940395355,20.000000596046448,41.581511199474335,25.23508608341217
stim_100_harmonic.wav,45.0,0.0,43.404884934425354,24.19826567173004
stim_100_harmonic.wav,20.000000149011612,20.000000596046448,40.818422734737396,25.873369574546814
stim_100_harmonic.wav,5.000000037252903,0.0,40.81365376710892,26.14261507987976
stim_100_harmonic.wav,50.00000238418579,40.000001192092896,42.53623813390732,25.1788991689682
stim_100_harmonic.wav,64.9999988079071,49.999998807907104,40.89269042015076,26.178953647613525
stim_100_harmonic.wav,45.0,30.0,40.61154931783676,26.161882281303406
stim_100_harmonic.wav,15.000000447034836,10.000000298023224,36.90089821815491,26.551671624183655
stim_100_harmonic.wav,0.0,20.000000596046448,41.69046252965927,26.01222038269043
stim_100_harmonic.wav,25.000001192092896,10.000000298023224,40.96997559070587,26.17032766342163
stim_100_harmonic.wav,84.99999761581421,49.999998807907104,40.73640614748001,25.99681556224823
stim_100_harmonic.wav,30.00000089406967,40.000001192092896,48.03378224372864,24.004061222076416
stim_100_harmonic.wav,10.000000074505806,30.0,41.11196368932724,25.578498244285583
