filename,true_azim,true_elev,pred_azim,pred_elev
stim_92_viola_complex.wav,25.000001192092896,40.000001192092896,35.2603679895401,27.938620448112488
stim_92_viola_complex.wav,64.9999988079071,40.000001192092896,41.07830733060837,28.36102545261383
stim_92_viola_complex.wav,84.99999761581421,60.0,38.28683316707611,28.6642849445343
stim_92_viola_complex.wav,74.99999821186066,60.0,54.06305015087128,30.411064624786377
stim_92_viola_complex.wav,30.00000089406967,30.0,40.32826781272888,29.323761463165283
stim_92_viola_complex.wav,20.000000149011612,30.0,40.85161775350571,28.389962911605835
stim_92_viola_complex.wav,0.0,10.000000298023224,40.73835343122482,28.500131964683533
stim_92_viola_complex.wav,50.00000238418579,49.999998807907104,41.09219580888748,28.35992932319641
stim_92_viola_complex.wav,70.0000011920929,40.000001192092896,40.759416818618774,28.396770358085632
stim_92_viola_complex.wav,35.00000059604645,49.999998807907104,38.8619390130043,26.938859224319458
stim_92_viola_complex.wav,15.000000447034836,20.000000596046448,40.684151351451874,28.408666849136353
stim_92_viola_complex.wav,84.99999761581421,10.000000298023224,42.9870879650116,28.51492702960968
stim_92_viola_complex.wav,84.99999761581421,60.0,40.932797491550446,28.365089893341064
stim_92_viola_complex.wav,10.000000074505806,0.0,36.864489912986755,28.624210953712463
stim_92_viola_complex.wav,10.000000074505806,49.999998807907104,35.113189816474915,28.465198874473572
stim_92_viola_complex.wav,50.00000238418579,10.000000298023224,42.41481989622116,27.559030652046204
stim_92_viola_complex.wav,25.000001192092896,49.999998807907104,33.63870710134506,22.580564618110657
stim_92_viola_complex.wav,15.000000447034836,49.999998807907104,42.45944917201996,28.818554878234863
stim_92_viola_complex.wav,15.000000447034836,30.0,27.50527560710907,24.53817129135132
stim_92_viola_complex.wav,84.99999761581421,60.0,39.137694239616394,28.51814031600952
stim_92_viola_complex.wav,74.99999821186066,0.0,37.411657869815826,29.241185188293457
stim_92_viola_complex.wav,35.00000059604645,20.000000596046448,40.62325984239578,28.4008526802063
stim_92_viola_complex.wav,20.000000149011612,10.000000298023224,40.38952946662903,28.427762389183044
stim_92_viola_complex.wav,20.000000149011612,60.0,32.657251954078674,25.46371042728424
stim_92_viola_complex.wav,30.00000089406967,0.0,41.09347254037857,28.371697068214417
stim_92_viola_complex.wav,74.99999821186066,10.000000298023224,40.92813313007355,28.371469974517822
stim_92_viola_complex.wav,45.0,0.0,38.8651978969574,28.638145923614502
stim_92_viola_complex.wav,40.000000298023224,0.0,40.71993201971054,28.40091347694397
stim_92_viola_complex.wav,45.0,10.000000298023224,41.07820808887482,28.375142812728882
stim_92_viola_complex.wav,90.0,60.0,39.545065462589264,28.546326756477356
stim_92_viola_complex.wav,20.000000149011612,10.000000298023224,42.26037561893463,28.609169125556946
stim_92_viola_complex.wav,74.99999821186066,20.000000596046448,44.32375878095627,27.916449308395386
stim_92_viola_complex.wav,54.99999940395355,40.000001192092896,33.14672827720642,26.879020929336548
stim_92_viola_complex.wav,30.00000089406967,30.0,41.14881992340088,28.355621695518494
stim_92_viola_complex.wav,60.00000178813934,10.000000298023224,40.90082287788391,28.374398946762085
stim_92_viola_complex.wav,45.0,49.999998807907104,41.036456823349,28.377426266670227
stim_92_viola_complex.wav,54.99999940395355,40.000001192092896,31.979264616966248,25.56503713130951
stim_92_viola_complex.wav,25.000001192092896,30.0,40.7613480091095,28.406057953834534
stim_92_viola_complex.wav,70.0000011920929,30.0,41.07367247343063,28.357513546943665
stim_92_viola_complex.wav,50.00000238418579,0.0,41.45563244819641,28.339242339134216
stim_92_viola_complex.wav,5.000000037252903,40.000001192092896,41.07631981372833,28.481755256652832
stim_92_viola_complex.wav,45.0,0.0,40.069000124931335,28.453046679496765
stim_92_viola_complex.wav,50.00000238418579,60.0,41.09694868326187,28.36793303489685
stim_92_viola_complex.wav,64.9999988079071,60.0,45.091227293014526,29.720887541770935
stim_92_viola_complex.wav,20.000000149011612,60.0,40.7903453707695,28.389514088630676
stim_92_viola_complex.wav,15.000000447034836,30.0,40.689507722854614,28.392078280448914
stim_92_viola_complex.wav,0.0,0.0,40.911822617053986,28.613977432250977
stim_92_viola_complex.wav,35.00000059604645,60.0,38.89705717563629,28.751783967018127
stim_92_viola_complex.wav,70.0000011920929,30.0,52.943007946014404,30.12462615966797
stim_92_viola_complex.wav,50.00000238418579,40.000001192092896,32.00169861316681,27.058104872703552
stim_92_viola_complex.wav,74.99999821186066,60.0,38.867646753787994,28.870005011558533
stim_92_viola_complex.wav,64.9999988079071,30.0,40.93082070350647,28.38186800479889
stim_92_viola_complex.wav,25.000001192092896,40.000001192092896,40.42584389448166,28.42403769493103
stim_92_viola_complex.wav,45.0,20.000000596046448,40.841146409511566,28.391400575637817
stim_92_viola_complex.wav,74.99999821186066,30.0,40.97714513540268,28.38452696800232
stim_92_viola_complex.wav,50.00000238418579,0.0,45.77536225318909,27.47565507888794
stim_92_viola_complex.wav,60.00000178813934,60.0,40.565117597579956,28.42585802078247
stim_92_viola_complex.wav,54.99999940395355,40.000001192092896,40.91939181089401,28.381564021110535
stim_92_viola_complex.wav,30.00000089406967,40.000001192092896,37.33162075281143,20.167540311813354
stim_92_viola_complex.wav,40.000000298023224,20.000000596046448,40.99918752908707,28.634178042411804
stim_92_viola_complex.wav,0.0,49.999998807907104,41.054392755031586,28.581197261810303
stim_92_viola_complex.wav,60.00000178813934,60.0,40.76382905244827,28.395520448684692
stim_92_viola_complex.wav,90.0,20.000000596046448,28.56093943119049,29.191548228263855
stim_92_viola_complex.wav,80.00000059604645,10.000000298023224,40.89189916849136,28.38520109653473
stim_92_viola_complex.wav,20.000000149011612,0.0,35.91911047697067,28.069649934768677
stim_92_viola_complex.wav,0.0,30.0,38.86992126703262,29.244375228881836
stim_92_viola_complex.wav,40.000000298023224,60.0,36.18571937084198,30.07196545600891
stim_92_viola_complex.wav,90.0,0.0,40.622449815273285,28.40064525604248
stim_92_viola_complex.wav,80.00000059604645,0.0,34.51787352561951,29.29115653038025
stim_92_viola_complex.wav,54.99999940395355,60.0,40.94434440135956,28.382522463798523
stim_92_viola_complex.wav,10.000000074505806,0.0,41.24214470386505,28.42550218105316
stim_92_viola_complex.wav,35.00000059604645,10.000000298023224,40.95621317625046,28.455939888954163
stim_92_viola_complex.wav,25.000001192092896,49.999998807907104,44.95159149169922,22.74385929107666
stim_92_viola_complex.wav,35.00000059604645,40.000001192092896,36.08112931251526,24.906013011932373
stim_92_viola_complex.wav,80.00000059604645,10.000000298023224,40.719100534915924,28.397957682609558
stim_92_viola_complex.wav,0.0,20.000000596046448,40.4707869887352,28.447460532188416
stim_92_viola_complex.wav,40.000000298023224,49.999998807907104,40.99035233259201,28.372092247009277
stim_92_viola_complex.wav,60.00000178813934,0.0,42.23170816898346,30.560370683670044
stim_92_viola_complex.wav,70.0000011920929,0.0,45.43895959854126,26.729679107666016
stim_92_viola_complex.wav,45.0,0.0,38.227824568748474,28.907824158668518
stim_92_viola_complex.wav,80.00000059604645,0.0,41.145308911800385,28.411458134651184
stim_92_viola_complex.wav,74.99999821186066,20.000000596046448,40.17143100500107,28.46628427505493
stim_92_viola_complex.wav,64.9999988079071,49.999998807907104,40.95486670732498,28.387949466705322
stim_92_viola_complex.wav,5.000000037252903,30.0,40.21764546632767,28.41816008090973
stim_92_viola_complex.wav,74.99999821186066,40.000001192092896,46.89821541309357,28.015068769454956
stim_92_viola_complex.wav,64.9999988079071,10.000000298023224,40.750766694545746,28.39551329612732
stim_92_viola_complex.wav,0.0,60.0,40.21515637636185,28.427290320396423
stim_92_viola_complex.wav,30.00000089406967,0.0,40.74012368917465,28.42025578022003
stim_92_viola_complex.wav,60.00000178813934,10.000000298023224,49.22254264354706,33.510518074035645
stim_92_viola_complex.wav,25.000001192092896,0.0,40.80233484506607,28.36794912815094
stim_92_viola_complex.wav,40.000000298023224,0.0,41.2127611041069,29.036985039711
stim_92_viola_complex.wav,30.00000089406967,20.000000596046448,41.411585211753845,28.344174027442932
stim_92_viola_complex.wav,80.00000059604645,40.000001192092896,40.68281829357147,28.398894667625427
stim_92_viola_complex.wav,30.00000089406967,0.0,41.07209265232086,28.162009119987488
stim_92_viola_complex.wav,25.000001192092896,40.000001192092896,40.8072754740715,28.394755125045776
stim_92_viola_complex.wav,54.99999940395355,49.999998807907104,41.062297224998474,28.364439010620117
stim_92_viola_complex.wav,30.00000089406967,10.000000298023224,40.88763177394867,28.37467610836029
stim_92_viola_complex.wav,74.99999821186066,30.0,41.03949308395386,28.491942286491394
stim_92_viola_complex.wav,10.000000074505806,20.000000596046448,40.50498515367508,28.40692162513733
stim_92_viola_complex.wav,10.000000074505806,40.000001192092896,38.43366265296936,28.535810708999634
stim_92_viola_complex.wav,15.000000447034836,10.000000298023224,39.55020993947983,28.526517748832703
stim_92_viola_complex.wav,64.9999988079071,10.000000298023224,40.8099228143692,28.434244394302368
stim_92_viola_complex.wav,54.99999940395355,40.000001192092896,37.5859397649765,27.39974319934845
stim_92_viola_complex.wav,60.00000178813934,10.000000298023224,48.38736176490784,31.97480320930481
stim_92_viola_complex.wav,30.00000089406967,20.000000596046448,42.66461938619614,28.41663122177124
stim_92_viola_complex.wav,30.00000089406967,49.999998807907104,40.82549571990967,28.391026854515076
stim_92_viola_complex.wav,60.00000178813934,20.000000596046448,40.79582780599594,28.383883237838745
stim_92_viola_complex.wav,60.00000178813934,30.0,40.8297336101532,28.38315188884735
stim_92_viola_complex.wav,64.9999988079071,40.000001192092896,39.84822481870651,28.42203676700592
stim_92_viola_complex.wav,80.00000059604645,0.0,36.21435463428497,29.232569932937622
stim_92_viola_complex.wav,25.000001192092896,0.0,36.579124331474304,19.942692518234253
stim_92_viola_complex.wav,25.000001192092896,0.0,41.091101467609406,28.360678553581238
stim_92_viola_complex.wav,74.99999821186066,20.000000596046448,40.770003497600555,28.379715085029602
stim_92_viola_complex.wav,30.00000089406967,0.0,40.70556342601776,25.89327335357666
stim_92_viola_complex.wav,20.000000149011612,10.000000298023224,35.61497747898102,24.875090718269348
stim_92_viola_complex.wav,25.000001192092896,10.000000298023224,38.058491349220276,25.54921567440033
stim_92_viola_complex.wav,45.0,30.0,41.01281851530075,28.367756009101868
stim_92_viola_complex.wav,40.000000298023224,40.000001192092896,41.22515022754669,28.35585057735443
stim_92_viola_complex.wav,30.00000089406967,40.000001192092896,36.22924625873566,21.61482810974121
stim_92_viola_complex.wav,50.00000238418579,40.000001192092896,40.93209207057953,28.370034098625183
stim_92_viola_complex.wav,5.000000037252903,10.000000298023224,39.957047402858734,28.451812863349915
stim_92_viola_complex.wav,84.99999761581421,20.000000596046448,40.64515471458435,28.392850756645203
stim_92_viola_complex.wav,20.000000149011612,49.999998807907104,35.47514855861664,26.915992498397827
stim_92_viola_complex.wav,5.000000037252903,20.000000596046448,38.523945808410645,28.719143271446228
stim_92_viola_complex.wav,74.99999821186066,30.0,47.4036830663681,29.064493775367737
stim_92_viola_complex.wav,10.000000074505806,60.0,41.02982372045517,28.4283185005188
stim_92_viola_complex.wav,0.0,20.000000596046448,34.95448350906372,28.168423175811768
stim_58_viola_complex.wav,54.99999940395355,20.000000596046448,58.715776205062866,30.157324075698853
stim_58_viola_complex.wav,45.0,10.000000298023224,47.4243038892746,28.529233932495117
stim_58_viola_complex.wav,0.0,0.0,12.246845662593842,25.99272072315216
stim_58_viola_complex.wav,15.000000447034836,40.000001192092896,20.161074846982956,30.436813831329346
stim_58_viola_complex.wav,30.00000089406967,49.999998807907104,34.1810417175293,31.284488439559937
stim_58_viola_complex.wav,80.00000059604645,20.000000596046448,47.94691622257233,30.24320125579834
stim_58_viola_complex.wav,64.9999988079071,49.999998807907104,66.17541790008545,35.75146436691284
stim_58_viola_complex.wav,10.000000074505806,0.0,16.614147126674652,31.809024810791016
stim_58_viola_complex.wav,40.000000298023224,49.999998807907104,47.82067000865936,31.11061692237854
stim_58_viola_complex.wav,84.99999761581421,10.000000298023224,59.594982862472534,26.321135759353638
stim_58_viola_complex.wav,15.000000447034836,0.0,33.6410728096962,26.459993720054626
stim_58_viola_complex.wav,60.00000178813934,40.000001192092896,59.04126763343811,38.33284020423889
stim_58_viola_complex.wav,90.0,0.0,53.72193217277527,27.11835265159607
stim_58_viola_complex.wav,30.00000089406967,30.0,38.923543989658356,28.616445064544678
stim_58_viola_complex.wav,40.000000298023224,30.0,49.25000309944153,35.07268667221069
stim_58_viola_complex.wav,50.00000238418579,60.0,59.41608488559723,37.088234424591064
stim_58_viola_complex.wav,64.9999988079071,10.000000298023224,57.5644326210022,36.23863220214844
stim_58_viola_complex.wav,15.000000447034836,30.0,17.823887765407562,37.60262489318848
stim_58_viola_complex.wav,54.99999940395355,10.000000298023224,67.76343584060669,36.35140657424927
stim_58_viola_complex.wav,74.99999821186066,60.0,42.42912411689758,33.42299938201904
stim_58_viola_complex.wav,64.9999988079071,49.999998807907104,54.84466195106506,34.40460920333862
stim_58_viola_complex.wav,64.9999988079071,60.0,42.67527312040329,31.71710729598999
stim_58_viola_complex.wav,70.0000011920929,0.0,64.6982878446579,11.039401888847351
stim_58_viola_complex.wav,70.0000011920929,30.0,67.52719759941101,35.7905387878418
stim_58_viola_complex.wav,10.000000074505806,40.000001192092896,21.29872441291809,31.479220390319824
stim_58_viola_complex.wav,0.0,49.999998807907104,38.20828199386597,32.40028381347656
stim_58_viola_complex.wav,50.00000238418579,0.0,66.85753583908081,32.63673663139343
stim_58_viola_complex.wav,54.99999940395355,60.0,58.37258219718933,26.969525814056396
stim_58_viola_complex.wav,70.0000011920929,0.0,61.93499028682709,15.361922979354858
stim_58_viola_complex.wav,64.9999988079071,0.0,58.09453904628754,22.906374335289
stim_58_viola_complex.wav,64.9999988079071,20.000000596046448,43.24762165546417,29.27361309528351
stim_58_viola_complex.wav,90.0,49.999998807907104,70.90097665786743,37.56351113319397
stim_58_viola_complex.wav,15.000000447034836,40.000001192092896,13.768344819545746,40.418193340301514
stim_58_viola_complex.wav,54.99999940395355,10.000000298023224,63.6917245388031,37.33960747718811
stim_58_viola_complex.wav,15.000000447034836,60.0,20.94528168439865,36.25139594078064
stim_58_viola_complex.wav,60.00000178813934,20.000000596046448,49.67334687709808,35.419979095458984
stim_58_viola_complex.wav,64.9999988079071,40.000001192092896,55.66742420196533,33.75349760055542
stim_58_viola_complex.wav,84.99999761581421,0.0,59.81927990913391,34.493916034698486
stim_58_viola_complex.wav,74.99999821186066,60.0,63.416985869407654,26.644291877746582
stim_58_viola_complex.wav,60.00000178813934,49.999998807907104,51.53339982032776,28.580199480056763
stim_58_viola_complex.wav,50.00000238418579,40.000001192092896,44.59631681442261,43.60968589782715
stim_58_viola_complex.wav,84.99999761581421,49.999998807907104,67.49608397483826,35.034356117248535
stim_58_viola_complex.wav,64.9999988079071,49.999998807907104,52.31019973754883,26.66984796524048
stim_58_viola_complex.wav,64.9999988079071,30.0,49.76102828979492,32.2502338886261
stim_58_viola_complex.wav,20.000000149011612,0.0,32.87627041339874,23.604533672332764
stim_58_viola_complex.wav,30.00000089406967,0.0,29.36845600605011,14.425508379936218
stim_58_viola_complex.wav,74.99999821186066,0.0,64.07498002052307,10.168211460113525
stim_58_viola_complex.wav,40.000000298023224,60.0,55.61095833778381,30.80625057220459
stim_58_viola_complex.wav,15.000000447034836,40.000001192092896,17.70485669374466,34.734370708465576
stim_58_viola_complex.wav,5.000000037252903,49.999998807907104,11.080878674983978,32.4635910987854
stim_58_viola_complex.wav,10.000000074505806,10.000000298023224,16.978793442249298,36.12367630004883
stim_58_viola_complex.wav,20.000000149011612,20.000000596046448,29.37466263771057,24.194658994674683
stim_58_viola_complex.wav,60.00000178813934,30.0,63.45850110054016,34.15271043777466
stim_58_viola_complex.wav,15.000000447034836,60.0,15.922405421733856,26.168975830078125
stim_58_viola_complex.wav,0.0,0.0,5.1326993107795715,28.988521099090576
stim_58_viola_complex.wav,90.0,0.0,48.755226731300354,30.57616353034973
stim_58_viola_complex.wav,64.9999988079071,49.999998807907104,58.971750140190125,36.99473261833191
stim_58_viola_complex.wav,25.000001192092896,10.000000298023224,32.009383141994476,26.219451427459717
stim_58_viola_complex.wav,20.000000149011612,60.0,39.58720564842224,28.5330730676651
stim_58_viola_complex.wav,5.000000037252903,10.000000298023224,13.75825971364975,23.482276797294617
stim_58_viola_complex.wav,84.99999761581421,20.000000596046448,52.045111656188965,30.28090238571167
stim_58_viola_complex.wav,74.99999821186066,40.000001192092896,68.93476724624634,38.117430210113525
stim_58_viola_complex.wav,70.0000011920929,40.000001192092896,55.82973003387451,36.38125419616699
stim_58_viola_complex.wav,45.0,30.0,57.392444014549255,36.70315861701965
stim_58_viola_complex.wav,74.99999821186066,49.999998807907104,69.03178811073303,38.50677967071533
stim_58_viola_complex.wav,20.000000149011612,30.0,24.395313262939453,26.036653518676758
stim_58_viola_complex.wav,20.000000149011612,20.000000596046448,31.404990255832672,28.347784280776978
stim_58_viola_complex.wav,25.000001192092896,30.0,28.27904462814331,34.35130476951599
stim_58_viola_complex.wav,35.00000059604645,40.000001192092896,32.11457669734955,36.31949186325073
stim_58_viola_complex.wav,70.0000011920929,30.0,49.003658294677734,27.942193150520325
stim_58_viola_complex.wav,60.00000178813934,40.000001192092896,51.917293667793274,32.99671769142151
stim_58_viola_complex.wav,20.000000149011612,0.0,28.32421839237213,32.46310114860535
stim_58_viola_complex.wav,84.99999761581421,60.0,53.12919616699219,30.856128931045532
stim_58_viola_complex.wav,60.00000178813934,60.0,61.99382722377777,37.0258355140686
stim_58_viola_complex.wav,0.0,0.0,15.834120512008667,27.486754059791565
stim_58_viola_complex.wav,0.0,10.000000298023224,18.40035617351532,28.041568994522095
stim_58_viola_complex.wav,10.000000074505806,10.000000298023224,15.932930409908295,30.80064296722412
stim_58_viola_complex.wav,5.000000037252903,40.000001192092896,10.910418927669525,29.067789316177368
stim_58_viola_complex.wav,54.99999940395355,49.999998807907104,54.45432007312775,33.848243951797485
stim_58_viola_complex.wav,74.99999821186066,0.0,39.81397569179535,27.714802622795105
stim_58_viola_complex.wav,74.99999821186066,40.000001192092896,58.5192346572876,32.04470872879028
stim_58_viola_complex.wav,80.00000059604645,10.000000298023224,59.31616187095642,21.989339590072632
stim_58_viola_complex.wav,54.99999940395355,20.000000596046448,64.58266854286194,35.54509878158569
stim_58_viola_complex.wav,84.99999761581421,0.0,61.19736135005951,17.582473754882812
stim_58_viola_complex.wav,25.000001192092896,20.000000596046448,36.32313430309296,32.79526948928833
stim_58_viola_complex.wav,15.000000447034836,20.000000596046448,25.57845175266266,38.58339071273804
stim_58_viola_complex.wav,20.000000149011612,30.0,30.570026636123657,34.438501596450806
stim_58_viola_complex.wav,84.99999761581421,60.0,56.905757188797,25.860010385513306
stim_58_viola_complex.wav,20.000000149011612,49.999998807907104,24.558375477790833,30.618903636932373
stim_58_viola_complex.wav,25.000001192092896,49.999998807907104,34.15033042430878,38.28812599182129
stim_58_viola_complex.wav,50.00000238418579,60.0,68.95420789718628,39.8584771156311
stim_58_viola_complex.wav,60.00000178813934,10.000000298023224,61.38438105583191,35.017826557159424
stim_58_viola_complex.wav,64.9999988079071,0.0,53.65278482437134,32.16266870498657
stim_58_viola_complex.wav,74.99999821186066,10.000000298023224,53.16450476646423,22.09522783756256
stim_58_viola_complex.wav,0.0,30.0,3.0203524231910706,28.003787398338318
stim_58_viola_complex.wav,5.000000037252903,60.0,12.005114257335663,37.51525640487671
stim_58_viola_complex.wav,35.00000059604645,40.000001192092896,34.98901963233948,28.128485083580017
stim_58_viola_complex.wav,64.9999988079071,49.999998807907104,68.97887349128723,36.32089376449585
stim_58_viola_complex.wav,74.99999821186066,0.0,44.07722890377045,23.124722242355347
stim_58_viola_complex.wav,74.99999821186066,40.000001192092896,60.96142888069153,33.831725120544434
stim_58_viola_complex.wav,50.00000238418579,30.0,38.53364199399948,30.47913908958435
stim_58_viola_complex.wav,35.00000059604645,10.000000298023224,47.46736407279968,27.7957284450531
stim_58_viola_complex.wav,25.000001192092896,30.0,28.61341953277588,28.174642324447632
stim_58_viola_complex.wav,64.9999988079071,49.999998807907104,53.20823550224304,37.447861433029175
stim_58_viola_complex.wav,70.0000011920929,49.999998807907104,49.63149905204773,33.22232007980347
stim_58_viola_complex.wav,74.99999821186066,10.000000298023224,48.280228972435,32.14584946632385
stim_58_viola_complex.wav,40.000000298023224,0.0,43.41404736042023,30.318557024002075
stim_58_viola_complex.wav,30.00000089406967,10.000000298023224,34.37889754772186,15.174434781074524
stim_58_viola_complex.wav,74.99999821186066,40.000001192092896,72.49934792518616,38.769482374191284
stim_58_viola_complex.wav,45.0,60.0,35.50935208797455,30.384804010391235
stim_58_viola_complex.wav,20.000000149011612,10.000000298023224,37.53100007772446,34.46066379547119
stim_58_viola_complex.wav,80.00000059604645,20.000000596046448,38.31063777208328,17.5600004196167
stim_58_viola_complex.wav,80.00000059604645,30.0,63.84947061538696,30.85896134376526
stim_58_viola_complex.wav,84.99999761581421,30.0,61.49293541908264,34.803571701049805
stim_58_viola_complex.wav,35.00000059604645,20.000000596046448,39.510341584682465,24.749563336372375
stim_58_viola_complex.wav,15.000000447034836,0.0,22.64821082353592,22.931697964668274
stim_58_viola_complex.wav,35.00000059604645,0.0,53.19827914237976,36.944485902786255
stim_58_viola_complex.wav,64.9999988079071,10.000000298023224,54.598649740219116,31.930307149887085
stim_58_viola_complex.wav,20.000000149011612,40.000001192092896,43.79617363214493,30.713438987731934
stim_58_viola_complex.wav,0.0,60.0,20.985801815986633,29.427677392959595
stim_58_viola_complex.wav,15.000000447034836,49.999998807907104,15.53440511226654,37.187490463256836
stim_58_viola_complex.wav,64.9999988079071,30.0,70.98398566246033,41.58717155456543
stim_58_viola_complex.wav,50.00000238418579,30.0,40.419170558452606,37.988154888153076
stim_58_viola_complex.wav,64.9999988079071,40.000001192092896,57.97603368759155,36.63258075714111
stim_58_viola_complex.wav,84.99999761581421,49.999998807907104,54.97201859951019,34.458818435668945
stim_58_viola_complex.wav,80.00000059604645,10.000000298023224,69.51886653900146,15.058836936950684
stim_58_viola_complex.wav,60.00000178813934,60.0,68.16922187805176,34.72610950469971
stim_58_viola_complex.wav,74.99999821186066,60.0,66.53039753437042,32.06887364387512
stim_58_viola_complex.wav,30.00000089406967,40.000001192092896,38.289872109889984,38.224310874938965
stim_58_viola_complex.wav,15.000000447034836,60.0,34.222009778022766,27.178500294685364
stim_58_viola_complex.wav,64.9999988079071,0.0,52.77753174304962,30.527526140213013
stim_58_viola_complex.wav,84.99999761581421,20.000000596046448,17.23197251558304,30.872329473495483
stim_58_viola_complex.wav,40.000000298023224,10.000000298023224,44.60351049900055,33.29005479812622
stim_58_viola_complex.wav,30.00000089406967,60.0,51.486573815345764,31.458756923675537
stim_86_viola_complex.wav,20.000000149011612,49.999998807907104,38.22144627571106,28.572809100151062
stim_86_viola_complex.wav,84.99999761581421,20.000000596046448,44.85299080610275,30.985007286071777
stim_86_viola_complex.wav,64.9999988079071,49.999998807907104,39.359542429447174,28.622167110443115
stim_86_viola_complex.wav,0.0,0.0,39.58294361829758,28.602848052978516
stim_86_viola_complex.wav,5.000000037252903,49.999998807907104,40.03234505653381,28.451533913612366
stim_86_viola_complex.wav,15.000000447034836,20.000000596046448,40.41460543870926,28.55112612247467
stim_86_viola_complex.wav,0.0,40.000001192092896,37.35592156648636,28.661288022994995
stim_86_viola_complex.wav,0.0,49.999998807907104,38.58126997947693,28.684608936309814
stim_86_viola_complex.wav,30.00000089406967,20.000000596046448,40.554251968860626,28.41185688972473
stim_86_viola_complex.wav,64.9999988079071,20.000000596046448,59.30013298988342,31.9644033908844
stim_86_viola_complex.wav,50.00000238418579,0.0,50.22371470928192,28.467897176742554
stim_86_viola_complex.wav,35.00000059604645,30.0,42.04143226146698,29.55897331237793
stim_86_viola_complex.wav,15.000000447034836,30.0,27.759076952934265,33.09204339981079
stim_86_viola_complex.wav,54.99999940395355,30.0,41.352359354496,28.351017236709595
stim_86_viola_complex.wav,84.99999761581421,10.000000298023224,41.426189839839935,28.3430278301239
stim_86_viola_complex.wav,54.99999940395355,40.000001192092896,43.945282995700836,32.831246852874756
stim_86_viola_complex.wav,64.9999988079071,40.000001192092896,47.95307457447052,28.515917658805847
stim_86_viola_complex.wav,0.0,20.000000596046448,38.49213749170303,29.026445746421814
stim_86_viola_complex.wav,40.000000298023224,0.0,43.93788814544678,30.32563090324402
stim_86_viola_complex.wav,45.0,40.000001192092896,47.52535343170166,31.907740831375122
stim_86_viola_complex.wav,54.99999940395355,60.0,44.83670711517334,29.049716591835022
stim_86_viola_complex.wav,84.99999761581421,40.000001192092896,54.45702910423279,28.847660422325134
stim_86_viola_complex.wav,40.000000298023224,60.0,37.61400371789932,32.470046281814575
stim_86_viola_complex.wav,25.000001192092896,0.0,38.122209906578064,24.38448965549469
stim_86_viola_complex.wav,25.000001192092896,10.000000298023224,36.51679515838623,21.515629291534424
stim_86_viola_complex.wav,20.000000149011612,0.0,40.35858750343323,28.432651162147522
stim_86_viola_complex.wav,20.000000149011612,10.000000298023224,29.381791949272156,36.20808005332947
stim_86_viola_complex.wav,35.00000059604645,10.000000298023224,47.26315677165985,41.6737174987793
stim_86_viola_complex.wav,45.0,40.000001192092896,45.53485929965973,30.12913942337036
stim_86_viola_complex.wav,74.99999821186066,60.0,40.07416605949402,28.819865584373474
stim_86_viola_complex.wav,0.0,20.000000596046448,20.384052246809006,25.2426677942276
stim_86_viola_complex.wav,60.00000178813934,10.000000298023224,41.05344593524933,28.3892422914505
stim_86_viola_complex.wav,64.9999988079071,40.000001192092896,47.83520221710205,28.47383737564087
stim_86_viola_complex.wav,5.000000037252903,20.000000596046448,20.971704125404358,25.99373996257782
stim_86_viola_complex.wav,40.000000298023224,49.999998807907104,35.19266366958618,34.42293405532837
stim_86_viola_complex.wav,30.00000089406967,10.000000298023224,39.53054666519165,28.82672131061554
stim_86_viola_complex.wav,15.000000447034836,30.0,24.13349747657776,36.91787123680115
stim_86_viola_complex.wav,40.000000298023224,0.0,40.52457332611084,28.420926332473755
stim_86_viola_complex.wav,64.9999988079071,30.0,41.91957414150238,28.442634344100952
stim_86_viola_complex.wav,84.99999761581421,40.000001192092896,38.854123055934906,28.71508777141571
stim_86_viola_complex.wav,0.0,30.0,39.45635676383972,29.086269736289978
stim_86_viola_complex.wav,70.0000011920929,0.0,40.46718746423721,28.585583567619324
stim_86_viola_complex.wav,80.00000059604645,40.000001192092896,53.4175443649292,26.66863203048706
stim_86_viola_complex.wav,30.00000089406967,40.000001192092896,40.02588093280792,28.454142808914185
stim_86_viola_complex.wav,80.00000059604645,40.000001192092896,40.9999144077301,28.38978409767151
stim_86_viola_complex.wav,80.00000059604645,0.0,57.183483839035034,22.073734402656555
stim_86_viola_complex.wav,50.00000238418579,40.000001192092896,41.4111989736557,31.24606490135193
stim_86_viola_complex.wav,64.9999988079071,20.000000596046448,53.49736154079437,31.40148639678955
stim_86_viola_complex.wav,20.000000149011612,10.000000298023224,30.117564797401428,35.277085304260254
stim_86_viola_complex.wav,84.99999761581421,40.000001192092896,40.18201231956482,28.44196915626526
stim_86_viola_complex.wav,74.99999821186066,0.0,39.660016894340515,28.45679461956024
stim_86_viola_complex.wav,25.000001192092896,30.0,40.450884997844696,28.430344462394714
stim_86_viola_complex.wav,0.0,49.999998807907104,23.032061755657196,27.858198881149292
stim_86_viola_complex.wav,15.000000447034836,20.000000596046448,40.74856996536255,28.398122191429138
stim_86_viola_complex.wav,35.00000059604645,0.0,43.571254312992096,31.734784841537476
stim_86_viola_complex.wav,35.00000059604645,49.999998807907104,36.163848638534546,36.151052713394165
stim_86_viola_complex.wav,84.99999761581421,10.000000298023224,49.24673080444336,25.822718739509583
stim_86_viola_complex.wav,70.0000011920929,30.0,54.67541456222534,30.988962650299072
stim_86_viola_complex.wav,30.00000089406967,49.999998807907104,30.533704161643982,37.24092364311218
stim_86_viola_complex.wav,10.000000074505806,60.0,23.43492418527603,32.55887031555176
stim_86_viola_complex.wav,54.99999940395355,49.999998807907104,40.563363432884216,28.44431161880493
stim_86_viola_complex.wav,64.9999988079071,60.0,47.21928119659424,25.997278690338135
stim_86_viola_complex.wav,40.000000298023224,60.0,40.215352177619934,28.53746473789215
stim_86_viola_complex.wav,25.000001192092896,49.999998807907104,40.91452360153198,28.387053608894348
stim_86_viola_complex.wav,40.000000298023224,40.000001192092896,40.07936418056488,38.69333624839783
stim_86_viola_complex.wav,80.00000059604645,60.0,43.79230856895447,30.911922454833984
stim_86_viola_complex.wav,25.000001192092896,0.0,38.060661256313324,22.097196578979492
stim_86_viola_complex.wav,15.000000447034836,60.0,40.66593110561371,28.413979411125183
stim_86_viola_complex.wav,60.00000178813934,49.999998807907104,47.03118860721588,44.456984996795654
stim_86_viola_complex.wav,64.9999988079071,40.000001192092896,38.01537752151489,28.73093605041504
stim_86_viola_complex.wav,80.00000059604645,30.0,49.12705600261688,32.48036742210388
stim_86_viola_complex.wav,84.99999761581421,10.000000298023224,39.61991786956787,28.483927845954895
stim_86_viola_complex.wav,84.99999761581421,40.000001192092896,40.3388249874115,28.432202339172363
stim_86_viola_complex.wav,5.000000037252903,10.000000298023224,22.60338306427002,25.13041913509369
stim_86_viola_complex.wav,0.0,20.000000596046448,13.166339099407196,25.828510522842407
stim_86_viola_complex.wav,70.0000011920929,0.0,50.59574246406555,30.296133756637573
stim_86_viola_complex.wav,30.00000089406967,40.000001192092896,39.78840619325638,28.460907340049744
stim_86_viola_complex.wav,15.000000447034836,30.0,31.137619614601135,30.908907651901245
stim_86_viola_complex.wav,30.00000089406967,0.0,40.27994781732559,28.42987060546875
stim_86_viola_complex.wav,35.00000059604645,0.0,41.275227069854736,28.347855806350708
stim_86_viola_complex.wav,54.99999940395355,40.000001192092896,41.419714987277985,29.230291843414307
stim_86_viola_complex.wav,80.00000059604645,10.000000298023224,51.17334544658661,26.071043014526367
stim_86_viola_complex.wav,80.00000059604645,60.0,40.61978101730347,28.4964519739151
stim_86_viola_complex.wav,5.000000037252903,20.000000596046448,18.35903137922287,23.528738021850586
stim_86_viola_complex.wav,60.00000178813934,20.000000596046448,40.774866342544556,28.4126079082489
stim_86_viola_complex.wav,0.0,0.0,16.170450747013092,27.16782510280609
stim_86_viola_complex.wav,70.0000011920929,20.000000596046448,41.50768339633942,28.523186445236206
stim_86_viola_complex.wav,74.99999821186066,40.000001192092896,40.62512934207916,28.549166321754456
stim_86_viola_complex.wav,64.9999988079071,0.0,40.689338743686676,28.40969681739807
stim_86_viola_complex.wav,45.0,0.0,48.018633127212524,32.31586217880249
stim_86_viola_complex.wav,54.99999940395355,0.0,40.75681775808334,28.41802954673767
stim_86_viola_complex.wav,40.000000298023224,30.0,41.240047216415405,28.545679450035095
stim_86_viola_complex.wav,84.99999761581421,30.0,37.949384450912476,27.769455313682556
stim_86_viola_complex.wav,70.0000011920929,30.0,41.3875338435173,28.367287516593933
stim_86_viola_complex.wav,54.99999940395355,0.0,47.07811117172241,26.179325580596924
stim_86_viola_complex.wav,20.000000149011612,0.0,40.85355430841446,28.39760720729828
stim_86_viola_complex.wav,74.99999821186066,0.0,39.98896300792694,28.451008200645447
stim_86_viola_complex.wav,45.0,0.0,40.796970427036285,28.409757614135742
stim_86_viola_complex.wav,54.99999940395355,49.999998807907104,40.162888169288635,32.88821339607239
stim_86_viola_complex.wav,30.00000089406967,60.0,39.976547062397,29.000236988067627
stim_86_viola_complex.wav,80.00000059604645,60.0,42.89929658174515,29.028655886650085
stim_86_viola_complex.wav,0.0,60.0,37.621181309223175,28.841201663017273
stim_86_viola_complex.wav,70.0000011920929,30.0,40.75458079576492,28.40942680835724
stim_86_viola_complex.wav,20.000000149011612,20.000000596046448,32.10690826177597,33.60142707824707
stim_86_viola_complex.wav,74.99999821186066,10.000000298023224,41.45647197961807,28.53317141532898
stim_86_viola_complex.wav,74.99999821186066,10.000000298023224,40.419859886169434,28.425697088241577
stim_86_viola_complex.wav,60.00000178813934,30.0,40.66296190023422,28.44068706035614
stim_86_viola_complex.wav,80.00000059604645,60.0,40.60450851917267,28.713730573654175
stim_86_viola_complex.wav,10.000000074505806,40.000001192092896,40.530163049697876,28.414227962493896
stim_73_viola_complex.wav,80.00000059604645,0.0,43.528738617897034,29.196306467056274
stim_73_viola_complex.wav,0.0,49.999998807907104,4.209064543247223,26.242888569831848
stim_73_viola_complex.wav,64.9999988079071,10.000000298023224,41.74547731876373,27.079519629478455
stim_73_viola_complex.wav,70.0000011920929,40.000001192092896,55.57531714439392,32.13611841201782
stim_73_viola_complex.wav,5.000000037252903,30.0,28.550658524036407,27.566569447517395
stim_73_viola_complex.wav,20.000000149011612,40.000001192092896,32.08999961614609,28.311638832092285
stim_73_viola_complex.wav,60.00000178813934,40.000001192092896,47.964157462120056,32.380439043045044
stim_73_viola_complex.wav,70.0000011920929,49.999998807907104,51.900047063827515,28.16279411315918
stim_73_viola_complex.wav,60.00000178813934,20.000000596046448,47.12956666946411,28.650673627853394
stim_73_viola_complex.wav,50.00000238418579,40.000001192092896,41.110370457172394,30.084800720214844
stim_73_viola_complex.wav,15.000000447034836,49.999998807907104,16.29697322845459,28.187736868858337
stim_73_viola_complex.wav,64.9999988079071,60.0,59.29895281791687,38.31926107406616
stim_73_viola_complex.wav,74.99999821186066,49.999998807907104,40.949057042598724,28.364612460136414
stim_73_viola_complex.wav,40.000000298023224,30.0,39.5146518945694,32.55112409591675
stim_73_viola_complex.wav,25.000001192092896,49.999998807907104,39.67880308628082,29.8360276222229
stim_73_viola_complex.wav,74.99999821186066,40.000001192092896,63.873358368873596,34.4285523891449
stim_73_viola_complex.wav,90.0,40.000001192092896,30.2333664894104,25.065019726753235
stim_73_viola_complex.wav,0.0,49.999998807907104,7.764957547187805,40.62691926956177
stim_73_viola_complex.wav,10.000000074505806,30.0,29.972628951072693,37.4143123626709
stim_73_viola_complex.wav,45.0,49.999998807907104,41.65381282567978,29.460001587867737
stim_73_viola_complex.wav,0.0,20.000000596046448,2.0879870653152466,26.344767808914185
stim_73_viola_complex.wav,64.9999988079071,0.0,40.55605173110962,27.08438515663147
stim_73_viola_complex.wav,64.9999988079071,60.0,40.957538187503815,28.776354789733887
stim_73_viola_complex.wav,5.000000037252903,49.999998807907104,7.23712831735611,26.929056644439697
stim_73_viola_complex.wav,74.99999821186066,60.0,43.667285442352295,28.949990272521973
stim_73_viola_complex.wav,20.000000149011612,30.0,20.192452669143677,20.715723037719727
stim_73_viola_complex.wav,35.00000059604645,20.000000596046448,36.53752863407135,27.547545433044434
stim_73_viola_complex.wav,30.00000089406967,20.000000596046448,35.80015182495117,26.30176305770874
stim_73_viola_complex.wav,40.000000298023224,30.0,42.425425350666046,27.8870952129364
stim_73_viola_complex.wav,60.00000178813934,10.000000298023224,39.83401983976364,28.75178575515747
stim_73_viola_complex.wav,80.00000059604645,60.0,42.124215960502625,28.953750729560852
stim_73_viola_complex.wav,54.99999940395355,10.000000298023224,41.91652715206146,28.07404339313507
stim_73_viola_complex.wav,50.00000238418579,40.000001192092896,44.03936415910721,32.61726379394531
stim_73_viola_complex.wav,70.0000011920929,49.999998807907104,41.32601737976074,28.636212944984436
stim_73_viola_complex.wav,64.9999988079071,20.000000596046448,55.78456163406372,30.711092948913574
stim_73_viola_complex.wav,30.00000089406967,20.000000596046448,35.06406784057617,32.89451479911804
stim_73_viola_complex.wav,84.99999761581421,20.000000596046448,54.643399715423584,30.711336135864258
stim_73_viola_complex.wav,64.9999988079071,60.0,43.33589047193527,28.906086087226868
stim_73_viola_complex.wav,50.00000238418579,10.000000298023224,48.00284564495087,27.37422287464142
stim_73_viola_complex.wav,45.0,10.000000298023224,43.552317917346954,28.81948471069336
stim_73_viola_complex.wav,64.9999988079071,60.0,53.91645669937134,31.470898389816284
stim_73_viola_complex.wav,0.0,49.999998807907104,3.0335810780525208,27.725579738616943
stim_73_viola_complex.wav,74.99999821186066,10.000000298023224,50.57528793811798,25.928844809532166
stim_73_viola_complex.wav,90.0,20.000000596046448,40.83027809858322,26.07685089111328
stim_73_viola_complex.wav,35.00000059604645,20.000000596046448,40.06360352039337,30.630029439926147
stim_73_viola_complex.wav,60.00000178813934,40.000001192092896,46.430073380470276,34.55165147781372
stim_73_viola_complex.wav,64.9999988079071,0.0,36.10698044300079,29.686256647109985
stim_73_viola_complex.wav,45.0,60.0,44.08793896436691,34.66691493988037
stim_73_viola_complex.wav,60.00000178813934,20.000000596046448,37.637786865234375,28.612178564071655
stim_73_viola_complex.wav,5.000000037252903,60.0,16.6666379570961,33.09919238090515
stim_73_viola_complex.wav,45.0,20.000000596046448,45.95672249794006,26.71075165271759
stim_73_viola_complex.wav,50.00000238418579,40.000001192092896,44.96823191642761,33.345805406570435
stim_73_viola_complex.wav,40.000000298023224,30.0,44.218817353248596,29.693509340286255
stim_73_viola_complex.wav,50.00000238418579,60.0,45.020572543144226,29.968310594558716
stim_73_viola_complex.wav,54.99999940395355,30.0,40.55722922086716,28.550360798835754
stim_73_viola_complex.wav,84.99999761581421,0.0,46.19678556919098,23.825143575668335
stim_73_viola_complex.wav,90.0,49.999998807907104,40.389258563518524,28.56156885623932
stim_73_viola_complex.wav,64.9999988079071,60.0,54.42683279514313,30.214658975601196
stim_73_viola_complex.wav,50.00000238418579,30.0,47.59649634361267,26.999613046646118
stim_73_viola_complex.wav,50.00000238418579,60.0,43.65110635757446,28.61579954624176
stim_73_viola_complex.wav,5.000000037252903,0.0,23.330830335617065,27.21205472946167
stim_73_viola_complex.wav,84.99999761581421,30.0,64.22871351242065,19.805590510368347
stim_73_viola_complex.wav,64.9999988079071,40.000001192092896,53.23583543300629,35.54572820663452
stim_73_viola_complex.wav,70.0000011920929,60.0,61.7121148109436,33.26153039932251
stim_73_viola_complex.wav,74.99999821186066,20.000000596046448,41.64630800485611,28.184309005737305
stim_73_viola_complex.wav,25.000001192092896,40.000001192092896,28.935711085796356,30.39477825164795
stim_73_viola_complex.wav,40.000000298023224,20.000000596046448,46.42340004444122,31.770272254943848
stim_73_viola_complex.wav,80.00000059604645,10.000000298023224,67.79092311859131,17.972549200057983
stim_73_viola_complex.wav,84.99999761581421,20.000000596046448,39.09830331802368,29.017773270606995
stim_73_viola_complex.wav,80.00000059604645,40.000001192092896,56.09645962715149,25.240713357925415
stim_73_viola_complex.wav,45.0,40.000001192092896,46.96574807167053,27.846001982688904
stim_73_viola_complex.wav,40.000000298023224,10.000000298023224,37.28081971406937,29.297844171524048
stim_73_viola_complex.wav,10.000000074505806,60.0,26.37118399143219,30.882232189178467
stim_73_viola_complex.wav,35.00000059604645,30.0,39.66665267944336,28.48858416080475
stim_73_viola_complex.wav,45.0,49.999998807907104,42.901361882686615,34.36667203903198
stim_73_viola_complex.wav,0.0,0.0,34.81399476528168,29.67725694179535
stim_73_viola_complex.wav,64.9999988079071,60.0,52.242828011512756,29.45309579372406
stim_73_viola_complex.wav,15.000000447034836,10.000000298023224,17.262606024742126,17.110819816589355
stim_73_viola_complex.wav,45.0,20.000000596046448,46.53913199901581,29.236695170402527
stim_73_viola_complex.wav,64.9999988079071,60.0,48.23973298072815,32.21667766571045
stim_73_viola_complex.wav,0.0,60.0,20.817707777023315,30.17631769180298
stim_73_viola_complex.wav,10.000000074505806,10.000000298023224,16.956128776073456,21.9126033782959
stim_73_viola_complex.wav,64.9999988079071,30.0,50.90298414230347,26.888185143470764
stim_73_viola_complex.wav,30.00000089406967,49.999998807907104,27.20103532075882,36.410311460494995
stim_73_viola_complex.wav,64.9999988079071,30.0,56.035916805267334,26.37821853160858
stim_73_viola_complex.wav,74.99999821186066,49.999998807907104,45.55881142616272,32.414714097976685
stim_73_viola_complex.wav,15.000000447034836,10.000000298023224,34.45541828870773,29.246878623962402
stim_73_viola_complex.wav,10.000000074505806,60.0,29.167317152023315,35.5912184715271
stim_73_viola_complex.wav,60.00000178813934,49.999998807907104,43.48748356103897,31.026084423065186
stim_73_viola_complex.wav,70.0000011920929,20.000000596046448,66.0513710975647,22.301273345947266
stim_73_viola_complex.wav,54.99999940395355,30.0,41.6694501042366,29.45925772190094
stim_73_viola_complex.wav,20.000000149011612,20.000000596046448,24.582032561302185,34.06832456588745
stim_73_viola_complex.wav,20.000000149011612,0.0,27.878330647945404,30.43911337852478
stim_73_viola_complex.wav,90.0,49.999998807907104,41.215097308158875,28.351274728775024
stim_73_viola_complex.wav,0.0,60.0,22.241766303777695,32.80418157577515
stim_73_viola_complex.wav,50.00000238418579,30.0,41.50005251169205,29.83882248401642
stim_73_viola_complex.wav,74.99999821186066,60.0,57.89087891578674,32.56670951843262
stim_73_viola_complex.wav,60.00000178813934,49.999998807907104,37.869843542575836,26.781699657440186
stim_73_viola_complex.wav,45.0,20.000000596046448,40.45736521482468,28.445613384246826
stim_73_viola_complex.wav,20.000000149011612,20.000000596046448,22.310367822647095,23.76865804195404
stim_73_viola_complex.wav,70.0000011920929,60.0,48.5999321937561,22.254159450531006
stim_73_viola_complex.wav,35.00000059604645,10.000000298023224,40.50429046154022,29.942888617515564
stim_73_viola_complex.wav,35.00000059604645,30.0,35.54185777902603,31.22604489326477
stim_73_viola_complex.wav,5.000000037252903,60.0,38.34806799888611,29.24006938934326
stim_73_viola_complex.wav,30.00000089406967,0.0,26.473939418792725,21.592621207237244
stim_73_viola_complex.wav,84.99999761581421,60.0,70.36281824111938,31.810473203659058
stim_73_viola_complex.wav,45.0,49.999998807907104,37.5524765253067,36.99894905090332
stim_73_viola_complex.wav,10.000000074505806,0.0,35.91325253248215,28.972721099853516
stim_73_viola_complex.wav,50.00000238418579,49.999998807907104,55.26753902435303,30.626996755599976
stim_73_viola_complex.wav,84.99999761581421,20.000000596046448,73.80149602890015,39.20452952384949
stim_73_viola_complex.wav,0.0,20.000000596046448,17.190213203430176,27.90683090686798
stim_73_viola_complex.wav,90.0,30.0,65.54966926574707,15.369576215744019
stim_73_viola_complex.wav,60.00000178813934,0.0,45.4211550951004,35.21286964416504
stim_73_viola_complex.wav,54.99999940395355,49.999998807907104,41.90802991390228,27.831403613090515
stim_73_viola_complex.wav,74.99999821186066,20.000000596046448,41.51598483324051,28.78826379776001
stim_73_viola_complex.wav,74.99999821186066,49.999998807907104,65.07532596588135,32.95530080795288
stim_73_viola_complex.wav,80.00000059604645,0.0,41.22309297323227,29.077017903327942
stim_73_viola_complex.wav,80.00000059604645,60.0,70.48579216003418,32.708580493927
stim_73_viola_complex.wav,74.99999821186066,40.000001192092896,46.07944965362549,27.73313283920288
stim_73_viola_complex.wav,60.00000178813934,49.999998807907104,45.83565831184387,31.086437702178955
stim_73_viola_complex.wav,10.000000074505806,0.0,27.022048830986023,34.23216104507446
stim_73_viola_complex.wav,5.000000037252903,0.0,28.254507780075073,28.51572811603546
stim_73_viola_complex.wav,20.000000149011612,20.000000596046448,27.046105563640594,29.078205227851868
stim_73_viola_complex.wav,40.000000298023224,30.0,42.85539150238037,28.852195143699646
stim_73_viola_complex.wav,84.99999761581421,0.0,66.46328866481781,11.6084486246109
stim_73_viola_complex.wav,5.000000037252903,40.000001192092896,9.27133172750473,23.10433030128479
stim_73_viola_complex.wav,10.000000074505806,40.000001192092896,14.441592693328857,37.34261512756348
stim_73_viola_complex.wav,80.00000059604645,30.0,47.14066028594971,28.784708976745605
stim_73_viola_complex.wav,50.00000238418579,49.999998807907104,36.736792623996735,23.49177896976471
stim_73_viola_complex.wav,45.0,60.0,42.442677319049835,39.39944386482239
stim_73_viola_complex.wav,80.00000059604645,30.0,37.0500773191452,28.746378421783447
stim_73_viola_complex.wav,80.00000059604645,20.000000596046448,60.864375829696655,17.355270981788635
stim_73_viola_complex.wav,15.000000447034836,0.0,12.137068212032318,8.346590995788574
stim_73_viola_complex.wav,15.000000447034836,30.0,17.466504871845245,20.566715598106384
stim_73_viola_complex.wav,45.0,10.000000298023224,43.34328532218933,29.17781352996826
stim_75_viola_complex.wav,74.99999821186066,40.000001192092896,44.90686297416687,29.39150333404541
stim_75_viola_complex.wav,30.00000089406967,40.000001192092896,35.59525787830353,29.375338554382324
stim_75_viola_complex.wav,20.000000149011612,49.999998807907104,12.14190423488617,27.41543412208557
stim_75_viola_complex.wav,84.99999761581421,0.0,66.08950138092041,18.074578642845154
stim_75_viola_complex.wav,54.99999940395355,0.0,48.181947469711304,21.888363361358643
stim_75_viola_complex.wav,35.00000059604645,40.000001192092896,40.23111552000046,28.472442626953125
stim_75_viola_complex.wav,80.00000059604645,30.0,60.5421781539917,32.00021982192993
stim_75_viola_complex.wav,90.0,20.000000596046448,59.410945773124695,21.5394526720047
stim_75_viola_complex.wav,64.9999988079071,0.0,55.34639060497284,28.755301237106323
stim_75_viola_complex.wav,15.000000447034836,60.0,38.62153261899948,32.72016763687134
stim_75_viola_complex.wav,84.99999761581421,0.0,56.81353747844696,22.003403306007385
stim_75_viola_complex.wav,84.99999761581421,0.0,49.976951479911804,26.786819100379944
stim_75_viola_complex.wav,54.99999940395355,10.000000298023224,43.782421946525574,22.08255887031555
stim_75_viola_complex.wav,90.0,30.0,54.430673718452454,26.18316650390625
stim_75_viola_complex.wav,74.99999821186066,40.000001192092896,45.850549936294556,27.60737121105194
stim_75_viola_complex.wav,10.000000074505806,60.0,29.2779341340065,34.68670606613159
stim_75_viola_complex.wav,54.99999940395355,0.0,57.909085750579834,26.269630193710327
stim_75_viola_complex.wav,50.00000238418579,60.0,48.61981809139252,39.64878559112549
stim_75_viola_complex.wav,0.0,0.0,13.554296493530273,27.67712652683258
stim_75_viola_complex.wav,0.0,20.000000596046448,14.594132602214813,30.378756523132324
stim_75_viola_complex.wav,50.00000238418579,10.000000298023224,49.79547321796417,21.053988933563232
stim_75_viola_complex.wav,35.00000059604645,10.000000298023224,36.814447939395905,29.624969959259033
stim_75_viola_complex.wav,30.00000089406967,10.000000298023224,41.44436717033386,29.146050810813904
stim_75_viola_complex.wav,35.00000059604645,40.000001192092896,36.35730564594269,28.65661382675171
stim_75_viola_complex.wav,80.00000059604645,0.0,65.38468658924103,15.384403467178345
stim_75_viola_complex.wav,54.99999940395355,40.000001192092896,46.93380296230316,31.80028796195984
stim_75_viola_complex.wav,74.99999821186066,30.0,66.81952357292175,28.172762989997864
stim_75_viola_complex.wav,10.000000074505806,60.0,31.31864458322525,28.30415904521942
stim_75_viola_complex.wav,45.0,49.999998807907104,47.20775842666626,29.896259307861328
stim_75_viola_complex.wav,74.99999821186066,0.0,44.61617588996887,28.548744320869446
stim_75_viola_complex.wav,60.00000178813934,0.0,37.166109681129456,31.60911798477173
stim_75_viola_complex.wav,15.000000447034836,49.999998807907104,15.888102650642395,31.14004611968994
stim_75_viola_complex.wav,54.99999940395355,30.0,46.33606195449829,19.124046564102173
stim_75_viola_complex.wav,5.000000037252903,49.999998807907104,11.290369927883148,39.066689014434814
stim_75_viola_complex.wav,45.0,10.000000298023224,41.52503192424774,29.353784322738647
stim_75_viola_complex.wav,80.00000059604645,60.0,39.58282828330994,29.634270071983337
stim_75_viola_complex.wav,35.00000059604645,0.0,31.944449543952942,27.791937589645386
stim_75_viola_complex.wav,5.000000037252903,30.0,9.207956492900848,22.85882592201233
stim_75_viola_complex.wav,5.000000037252903,30.0,30.968275666236877,30.799967050552368
stim_75_viola_complex.wav,5.000000037252903,60.0,30.127188563346863,33.37437629699707
stim_75_viola_complex.wav,20.000000149011612,49.999998807907104,17.882735431194305,37.20500349998474
stim_75_viola_complex.wav,45.0,49.999998807907104,43.66363763809204,28.181133270263672
stim_75_viola_complex.wav,30.00000089406967,10.000000298023224,32.334794104099274,35.872063636779785
stim_75_viola_complex.wav,60.00000178813934,10.000000298023224,42.053502202034,28.35583984851837
stim_75_viola_complex.wav,70.0000011920929,20.000000596046448,43.92116993665695,29.021299481391907
stim_75_viola_complex.wav,74.99999821186066,10.000000298023224,38.23139727115631,29.528737664222717
stim_75_viola_complex.wav,90.0,30.0,36.52715653181076,29.206690192222595
stim_75_viola_complex.wav,90.0,60.0,67.56259202957153,22.905128002166748
stim_75_viola_complex.wav,80.00000059604645,20.000000596046448,47.14003801345825,24.939932227134705
stim_75_viola_complex.wav,20.000000149011612,60.0,32.2867476940155,26.44102156162262
stim_75_viola_complex.wav,50.00000238418579,20.000000596046448,39.375869035720825,29.50517177581787
stim_75_viola_complex.wav,35.00000059604645,0.0,39.77854907512665,30.600954294204712
stim_75_viola_complex.wav,25.000001192092896,30.0,38.27628135681152,28.501805663108826
stim_75_viola_complex.wav,70.0000011920929,49.999998807907104,42.27361500263214,30.295751094818115
stim_75_viola_complex.wav,74.99999821186066,49.999998807907104,44.79494780302048,31.420637369155884
stim_75_viola_complex.wav,25.000001192092896,30.0,33.62669885158539,27.934316396713257
stim_75_viola_complex.wav,60.00000178813934,0.0,39.00714576244354,22.06610083580017
stim_75_viola_complex.wav,54.99999940395355,10.000000298023224,35.234291553497314,30.63728928565979
stim_75_viola_complex.wav,10.000000074505806,60.0,30.523871183395386,28.221266269683838
stim_75_viola_complex.wav,70.0000011920929,40.000001192092896,40.57797610759735,31.107680797576904
stim_75_viola_complex.wav,30.00000089406967,40.000001192092896,31.35013908147812,33.9856481552124
stim_75_viola_complex.wav,0.0,20.000000596046448,36.076577603816986,30.055707693099976
stim_75_viola_complex.wav,5.000000037252903,40.000001192092896,21.580297350883484,29.312649965286255
stim_75_viola_complex.wav,50.00000238418579,49.999998807907104,42.02324420213699,29.48504626750946
stim_75_viola_complex.wav,54.99999940395355,0.0,48.344714641571045,25.116738080978394
stim_75_viola_complex.wav,84.99999761581421,60.0,70.08029043674469,36.768765449523926
stim_75_viola_complex.wav,80.00000059604645,30.0,64.88236784934998,29.85247313976288
stim_75_viola_complex.wav,35.00000059604645,10.000000298023224,37.90576100349426,33.810131549835205
stim_75_viola_complex.wav,25.000001192092896,49.999998807907104,40.92351704835892,30.39350152015686
stim_75_viola_complex.wav,35.00000059604645,60.0,46.1283677816391,44.14221525192261
stim_75_viola_complex.wav,30.00000089406967,30.0,37.3639976978302,34.13775444030762
stim_75_viola_complex.wav,5.000000037252903,10.000000298023224,17.035095691680908,25.33187985420227
stim_75_viola_complex.wav,80.00000059604645,20.000000596046448,68.96356344223022,19.229625463485718
stim_75_viola_complex.wav,64.9999988079071,0.0,56.405187249183655,24.921573400497437
stim_75_viola_complex.wav,45.0,49.999998807907104,38.833783864974976,31.10621452331543
stim_75_viola_complex.wav,45.0,49.999998807907104,35.33671438694,28.585621118545532
stim_75_viola_complex.wav,80.00000059604645,49.999998807907104,45.020856857299805,30.800950527191162
stim_75_viola_complex.wav,5.000000037252903,10.000000298023224,13.901309967041016,23.47633123397827
stim_75_viola_complex.wav,90.0,60.0,42.27734059095383,28.665618896484375
stim_75_viola_complex.wav,70.0000011920929,0.0,54.32373404502869,20.11683940887451
stim_75_viola_complex.wav,64.9999988079071,20.000000596046448,52.9269415140152,28.089264035224915
stim_75_viola_complex.wav,0.0,60.0,26.865767240524292,29.195351600646973
stim_75_viola_complex.wav,20.000000149011612,0.0,22.167903631925583,30.381417274475098
stim_75_viola_complex.wav,25.000001192092896,0.0,42.749082148075104,27.833207845687866
stim_75_viola_complex.wav,10.000000074505806,49.999998807907104,15.757090151309967,40.90487837791443
stim_75_viola_complex.wav,40.000000298023224,30.0,40.82788825035095,30.27277708053589
stim_75_viola_complex.wav,70.0000011920929,0.0,44.173018634319305,29.702446460723877
stim_75_viola_complex.wav,80.00000059604645,20.000000596046448,50.44296383857727,30.694355964660645
stim_75_viola_complex.wav,5.000000037252903,10.000000298023224,35.06865978240967,30.043684244155884
stim_75_viola_complex.wav,35.00000059604645,40.000001192092896,48.43165040016174,27.308830618858337
stim_75_viola_complex.wav,64.9999988079071,0.0,41.35566920042038,29.094361066818237
stim_75_viola_complex.wav,0.0,60.0,5.434817969799042,27.747514843940735
stim_75_viola_complex.wav,5.000000037252903,49.999998807907104,15.539093613624573,38.30278515815735
stim_75_viola_complex.wav,15.000000447034836,60.0,23.135340213775635,27.990809082984924
stim_75_viola_complex.wav,84.99999761581421,10.000000298023224,52.460585832595825,24.10735845565796
stim_75_viola_complex.wav,20.000000149011612,20.000000596046448,37.890713810920715,28.46713364124298
stim_75_viola_complex.wav,5.000000037252903,40.000001192092896,26.220151484012604,28.948461413383484
stim_75_viola_complex.wav,90.0,10.000000298023224,72.7947610616684,16.800838708877563
stim_75_viola_complex.wav,80.00000059604645,0.0,39.07535433769226,29.831167459487915
stim_75_viola_complex.wav,0.0,30.0,29.434014558792114,29.340915083885193
stim_75_viola_complex.wav,60.00000178813934,30.0,36.84231340885162,28.867610692977905
stim_75_viola_complex.wav,64.9999988079071,30.0,48.83938372135162,27.064619064331055
stim_75_viola_complex.wav,64.9999988079071,0.0,59.18688476085663,22.07468032836914
stim_75_viola_complex.wav,64.9999988079071,60.0,51.71614944934845,23.451361656188965
stim_75_viola_complex.wav,0.0,20.000000596046448,40.872378051280975,29.422069787979126
stim_75_viola_complex.wav,20.000000149011612,40.000001192092896,25.481666922569275,27.29881525039673
stim_75_viola_complex.wav,50.00000238418579,49.999998807907104,45.38520812988281,25.43868899345398
stim_75_viola_complex.wav,54.99999940395355,10.000000298023224,43.40815722942352,28.962807655334473
stim_75_viola_complex.wav,15.000000447034836,30.0,23.78139853477478,26.00393235683441
stim_75_viola_complex.wav,84.99999761581421,20.000000596046448,43.228363394737244,29.147136211395264
stim_75_viola_complex.wav,70.0000011920929,60.0,41.05866551399231,29.452444911003113
stim_75_viola_complex.wav,15.000000447034836,30.0,12.095923125743866,29.777546525001526
stim_75_viola_complex.wav,50.00000238418579,20.000000596046448,36.39768898487091,30.71826696395874
stim_75_viola_complex.wav,70.0000011920929,40.000001192092896,48.32010269165039,25.626996159553528
stim_75_viola_complex.wav,70.0000011920929,20.000000596046448,43.89671891927719,29.639795422554016
stim_75_viola_complex.wav,84.99999761581421,0.0,62.58841395378113,20.181548595428467
stim_75_viola_complex.wav,10.000000074505806,10.000000298023224,33.220263719558716,31.218788623809814
stim_75_viola_complex.wav,30.00000089406967,20.000000596046448,39.37011569738388,29.29145872592926
stim_75_viola_complex.wav,35.00000059604645,0.0,40.47068774700165,28.721226453781128
stim_75_viola_complex.wav,35.00000059604645,10.000000298023224,39.55870985984802,35.27593731880188
stim_75_viola_complex.wav,5.000000037252903,49.999998807907104,35.13496935367584,30.02008080482483
stim_66_viola_complex.wav,25.000001192092896,49.999998807907104,44.4753035902977,28.363106846809387
stim_66_viola_complex.wav,84.99999761581421,20.000000596046448,54.18111562728882,30.460764169692993
stim_66_viola_complex.wav,50.00000238418579,30.0,48.304524421691895,27.064461708068848
stim_66_viola_complex.wav,60.00000178813934,40.000001192092896,55.90215504169464,39.686518907547
stim_66_viola_complex.wav,5.000000037252903,0.0,2.405933439731598,18.732755184173584
stim_66_viola_complex.wav,60.00000178813934,60.0,52.2144877910614,36.13985538482666
stim_66_viola_complex.wav,5.000000037252903,60.0,12.684493660926819,14.793797135353088
stim_66_viola_complex.wav,15.000000447034836,10.000000298023224,21.377857625484467,21.28107190132141
stim_66_viola_complex.wav,60.00000178813934,10.000000298023224,47.653305530548096,32.52719163894653
stim_66_viola_complex.wav,5.000000037252903,20.000000596046448,17.26288765668869,27.719351649284363
stim_66_viola_complex.wav,5.000000037252903,60.0,40.99889785051346,25.643078684806824
stim_66_viola_complex.wav,50.00000238418579,30.0,44.807479083538055,25.568822622299194
stim_66_viola_complex.wav,30.00000089406967,49.999998807907104,30.493248403072357,23.35114359855652
stim_66_viola_complex.wav,25.000001192092896,0.0,38.53376001119614,18.976061940193176
stim_66_viola_complex.wav,60.00000178813934,49.999998807907104,56.403175592422485,37.29780435562134
stim_66_viola_complex.wav,30.00000089406967,49.999998807907104,40.241788029670715,29.26512837409973
stim_66_viola_complex.wav,0.0,49.999998807907104,25.649262070655823,31.908098459243774
stim_66_viola_complex.wav,74.99999821186066,49.999998807907104,60.57963788509369,42.38106966018677
stim_66_viola_complex.wav,25.000001192092896,20.000000596046448,32.4888601899147,26.472333669662476
stim_66_viola_complex.wav,50.00000238418579,30.0,47.50316083431244,32.22652316093445
stim_66_viola_complex.wav,84.99999761581421,10.000000298023224,72.80119836330414,18.305994272232056
stim_66_viola_complex.wav,54.99999940395355,20.000000596046448,39.90207016468048,31.660172939300537
stim_66_viola_complex.wav,5.000000037252903,0.0,14.390134513378143,27.38970637321472
stim_66_viola_complex.wav,30.00000089406967,0.0,32.40626960992813,26.420592069625854
stim_66_viola_complex.wav,45.0,40.000001192092896,53.50121319293976,34.687288999557495
stim_66_viola_complex.wav,84.99999761581421,0.0,47.15084195137024,27.194924354553223
stim_66_viola_complex.wav,64.9999988079071,49.999998807907104,58.72861862182617,34.623119831085205
stim_66_viola_complex.wav,10.000000074505806,40.000001192092896,13.842121660709381,29.692540168762207
stim_66_viola_complex.wav,20.000000149011612,10.000000298023224,32.79496729373932,26.942376494407654
stim_66_viola_complex.wav,35.00000059604645,30.0,38.9724862575531,34.01732683181763
stim_66_viola_complex.wav,60.00000178813934,60.0,56.33940875530243,33.34301948547363
stim_66_viola_complex.wav,40.000000298023224,20.000000596046448,50.87787866592407,31.346755027770996
stim_66_viola_complex.wav,40.000000298023224,60.0,43.89255881309509,42.10741639137268
stim_66_viola_complex.wav,0.0,40.000001192092896,-1.1090397834777832,26.93880021572113
stim_66_viola_complex.wav,30.00000089406967,49.999998807907104,36.22863471508026,29.634851217269897
stim_66_viola_complex.wav,0.0,49.999998807907104,16.525993645191193,28.743034601211548
stim_66_viola_complex.wav,25.000001192092896,40.000001192092896,24.859748482704163,31.731398105621338
stim_66_viola_complex.wav,64.9999988079071,30.0,36.585062742233276,32.27779269218445
stim_66_viola_complex.wav,90.0,60.0,59.15944576263428,31.591923236846924
stim_66_viola_complex.wav,84.99999761581421,60.0,43.91719490289688,25.86679458618164
stim_66_viola_complex.wav,45.0,40.000001192092896,48.79757881164551,30.682135820388794
stim_66_viola_complex.wav,15.000000447034836,49.999998807907104,13.673842549324036,30.176889896392822
stim_66_viola_complex.wav,45.0,40.000001192092896,46.6242116689682,26.72439694404602
stim_66_viola_complex.wav,60.00000178813934,49.999998807907104,61.36082053184509,33.2143235206604
stim_66_viola_complex.wav,35.00000059604645,60.0,43.92171174287796,35.238436460494995
stim_66_viola_complex.wav,25.000001192092896,40.000001192092896,30.337940454483032,28.15931797027588
stim_66_viola_complex.wav,60.00000178813934,49.999998807907104,64.7378396987915,35.92883348464966
stim_66_viola_complex.wav,20.000000149011612,40.000001192092896,27.3874568939209,29.759754538536072
stim_66_viola_complex.wav,35.00000059604645,20.000000596046448,43.44756692647934,33.66592526435852
stim_66_viola_complex.wav,20.000000149011612,30.0,16.86265915632248,13.04753065109253
stim_66_viola_complex.wav,45.0,10.000000298023224,52.1779990196228,30.841190814971924
stim_66_viola_complex.wav,60.00000178813934,0.0,47.01949417591095,39.606982469558716
stim_66_viola_complex.wav,30.00000089406967,30.0,42.53714203834534,28.872386813163757
stim_66_viola_complex.wav,54.99999940395355,30.0,37.6472470164299,29.273223280906677
stim_66_viola_complex.wav,50.00000238418579,60.0,47.33138680458069,22.844417095184326
stim_66_viola_complex.wav,80.00000059604645,60.0,36.657367050647736,33.10721755027771
stim_66_viola_complex.wav,70.0000011920929,20.000000596046448,64.53269362449646,15.054556131362915
stim_66_viola_complex.wav,5.000000037252903,40.000001192092896,27.928415536880493,29.54276204109192
stim_66_viola_complex.wav,84.99999761581421,20.000000596046448,69.94652330875397,39.92864370346069
stim_66_viola_complex.wav,50.00000238418579,10.000000298023224,51.13529562950134,23.19352626800537
stim_66_viola_complex.wav,15.000000447034836,30.0,38.6606901884079,32.25236177444458
stim_66_viola_complex.wav,50.00000238418579,20.000000596046448,41.72792762517929,28.007217049598694
stim_66_viola_complex.wav,45.0,0.0,51.84181094169617,30.959805250167847
stim_66_viola_complex.wav,15.000000447034836,30.0,18.651483356952667,28.702520728111267
stim_66_viola_complex.wav,30.00000089406967,10.000000298023224,41.654392182826996,30.061172246932983
stim_66_viola_complex.wav,45.0,30.0,48.946698904037476,28.134135603904724
stim_66_viola_complex.wav,35.00000059604645,49.999998807907104,33.004670441150665,41.168843507766724
stim_66_viola_complex.wav,80.00000059604645,30.0,64.29094612598419,35.79941511154175
stim_66_viola_complex.wav,64.9999988079071,40.000001192092896,42.84447759389877,28.549994230270386
stim_66_viola_complex.wav,10.000000074505806,49.999998807907104,21.03990465402603,28.28554630279541
stim_66_viola_complex.wav,60.00000178813934,60.0,67.96549201011658,39.01989698410034
stim_66_viola_complex.wav,0.0,40.000001192092896,10.72103887796402,27.96183943748474
stim_66_viola_complex.wav,45.0,0.0,54.77038621902466,28.0470871925354
stim_66_viola_complex.wav,35.00000059604645,30.0,37.14189738035202,37.25737810134888
stim_66_viola_complex.wav,84.99999761581421,40.000001192092896,52.00321018695831,27.33918070793152
stim_66_viola_complex.wav,74.99999821186066,20.000000596046448,50.39757549762726,29.84001338481903
stim_66_viola_complex.wav,70.0000011920929,10.000000298023224,59.40334975719452,13.51707011461258
stim_66_viola_complex.wav,45.0,40.000001192092896,47.042089104652405,37.22192645072937
stim_66_viola_complex.wav,80.00000059604645,40.000001192092896,39.41891312599182,32.70821571350098
stim_66_viola_complex.wav,60.00000178813934,10.000000298023224,43.29478293657303,28.698758482933044
stim_66_viola_complex.wav,74.99999821186066,10.000000298023224,60.55196285247803,14.295687675476074
stim_66_viola_complex.wav,84.99999761581421,10.000000298023224,53.62273335456848,24.713922142982483
stim_66_viola_complex.wav,90.0,0.0,69.07659709453583,24.27060306072235
stim_66_viola_complex.wav,15.000000447034836,49.999998807907104,21.230698227882385,35.689183473587036
stim_66_viola_complex.wav,0.0,20.000000596046448,31.284878253936768,29.111427068710327
stim_66_viola_complex.wav,20.000000149011612,0.0,31.06485664844513,28.636037707328796
stim_66_viola_complex.wav,0.0,60.0,6.328771412372589,27.40202486515045
stim_66_viola_complex.wav,35.00000059604645,0.0,41.693480014801025,29.010014533996582
stim_66_viola_complex.wav,40.000000298023224,30.0,40.16372501850128,34.09955620765686
stim_66_viola_complex.wav,50.00000238418579,60.0,46.87137722969055,21.574003100395203
stim_66_viola_complex.wav,35.00000059604645,40.000001192092896,39.12916749715805,27.143931984901428
stim_66_viola_complex.wav,84.99999761581421,10.000000298023224,50.69733381271362,21.15878462791443
stim_66_viola_complex.wav,0.0,40.000001192092896,-0.19253164529800415,26.289210319519043
stim_66_viola_complex.wav,10.000000074505806,0.0,19.732350558042526,36.63404703140259
stim_66_viola_complex.wav,20.000000149011612,60.0,38.4855392575264,28.878790140151978
stim_66_viola_complex.wav,54.99999940395355,49.999998807907104,50.50070643424988,36.78834915161133
stim_66_viola_complex.wav,15.000000447034836,0.0,17.0082950592041,13.36362898349762
stim_66_viola_complex.wav,10.000000074505806,40.000001192092896,13.885026276111603,29.717223644256592
stim_66_viola_complex.wav,35.00000059604645,0.0,43.46532851457596,28.71621072292328
stim_66_viola_complex.wav,40.000000298023224,30.0,40.07596582174301,26.361072063446045
stim_66_viola_complex.wav,64.9999988079071,0.0,37.648926079273224,29.37223792076111
stim_66_viola_complex.wav,40.000000298023224,0.0,46.03489279747009,31.079174280166626
stim_66_viola_complex.wav,10.000000074505806,40.000001192092896,14.252585470676422,21.872026920318604
stim_90_viola_complex.wav,5.000000037252903,0.0,39.773766696453094,28.456878662109375
stim_90_viola_complex.wav,54.99999940395355,20.000000596046448,50.669540762901306,29.423598647117615
stim_90_viola_complex.wav,70.0000011920929,49.999998807907104,46.7897629737854,28.57113540172577
stim_90_viola_complex.wav,15.000000447034836,60.0,42.202979028224945,28.42475116252899
stim_90_viola_complex.wav,64.9999988079071,40.000001192092896,45.38693010807037,26.358232498168945
stim_90_viola_complex.wav,84.99999761581421,40.000001192092896,40.901498794555664,28.372431993484497
stim_90_viola_complex.wav,84.99999761581421,49.999998807907104,42.12600767612457,28.555850386619568
stim_90_viola_complex.wav,40.000000298023224,0.0,41.070488691329956,28.37059736251831
stim_90_viola_complex.wav,40.000000298023224,20.000000596046448,40.36799132823944,28.410086631774902
stim_90_viola_complex.wav,25.000001192092896,30.0,35.5581870675087,25.272291898727417
stim_90_viola_complex.wav,50.00000238418579,40.000001192092896,41.44633591175079,28.698488473892212
stim_90_viola_complex.wav,84.99999761581421,20.000000596046448,41.76527738571167,28.45864713191986
stim_90_viola_complex.wav,90.0,49.999998807907104,45.31793832778931,28.860248923301697
stim_90_viola_complex.wav,10.000000074505806,40.000001192092896,24.484625458717346,28.68971049785614
stim_90_viola_complex.wav,20.000000149011612,0.0,41.449948847293854,28.603761792182922
stim_90_viola_complex.wav,0.0,30.0,40.03984183073044,28.457881808280945
stim_90_viola_complex.wav,45.0,49.999998807907104,43.07024449110031,29.215702414512634
stim_90_viola_complex.wav,80.00000059604645,10.000000298023224,39.162244498729706,28.71966540813446
stim_90_viola_complex.wav,74.99999821186066,40.000001192092896,48.06592047214508,27.01101779937744
stim_90_viola_complex.wav,50.00000238418579,10.000000298023224,41.480375826358795,28.343299627304077
stim_90_viola_complex.wav,70.0000011920929,40.000001192092896,43.33633840084076,24.03832733631134
stim_90_viola_complex.wav,84.99999761581421,40.000001192092896,41.71203285455704,28.537191152572632
stim_90_viola_complex.wav,84.99999761581421,20.000000596046448,41.39198362827301,28.439517617225647
stim_90_viola_complex.wav,80.00000059604645,10.000000298023224,39.80206936597824,28.493632078170776
stim_90_viola_complex.wav,20.000000149011612,40.000001192092896,40.53485155105591,28.462302088737488
stim_90_viola_complex.wav,10.000000074505806,49.999998807907104,39.96671676635742,28.46133291721344
stim_90_viola_complex.wav,0.0,10.000000298023224,40.281884372234344,28.44521462917328
stim_90_viola_complex.wav,0.0,10.000000298023224,43.89482796192169,26.650822162628174
stim_90_viola_complex.wav,70.0000011920929,30.0,39.939790070056915,28.45640480518341
stim_90_viola_complex.wav,50.00000238418579,0.0,40.03087520599365,28.479652404785156
stim_90_viola_complex.wav,0.0,60.0,38.921427726745605,28.538217544555664
stim_90_viola_complex.wav,15.000000447034836,60.0,39.193859696388245,28.5683012008667
stim_90_viola_complex.wav,84.99999761581421,0.0,36.20195746421814,28.711838722229004
stim_90_viola_complex.wav,50.00000238418579,40.000001192092896,39.22355979681015,28.190186619758606
stim_90_viola_complex.wav,25.000001192092896,49.999998807907104,40.68768918514252,28.451741337776184
stim_90_viola_complex.wav,50.00000238418579,10.000000298023224,44.9140003323555,26.235862970352173
stim_90_viola_complex.wav,40.000000298023224,10.000000298023224,40.22022306919098,28.487151861190796
stim_90_viola_complex.wav,50.00000238418579,49.999998807907104,40.82718551158905,28.405823707580566
stim_90_viola_complex.wav,0.0,60.0,40.29548853635788,28.422399759292603
stim_90_viola_complex.wav,35.00000059604645,40.000001192092896,41.7775297164917,28.50119411945343
stim_90_viola_complex.wav,64.9999988079071,20.000000596046448,40.76907277107239,28.50083827972412
stim_90_viola_complex.wav,35.00000059604645,30.0,42.8153595328331,28.67339015007019
stim_90_viola_complex.wav,15.000000447034836,20.000000596046448,40.42051702737808,28.438031673431396
stim_90_viola_complex.wav,70.0000011920929,0.0,42.24691092967987,27.195380330085754
stim_90_viola_complex.wav,30.00000089406967,0.0,42.16982424259186,28.477676510810852
stim_90_viola_complex.wav,35.00000059604645,30.0,40.64985394477844,28.40147316455841
stim_90_viola_complex.wav,54.99999940395355,49.999998807907104,43.77058535814285,30.3274405002594
stim_90_viola_complex.wav,64.9999988079071,60.0,48.54284942150116,31.413320302963257
stim_90_viola_complex.wav,50.00000238418579,49.999998807907104,42.596896290779114,31.426334381103516
stim_90_viola_complex.wav,64.9999988079071,60.0,46.74603223800659,28.736305832862854
stim_90_viola_complex.wav,60.00000178813934,60.0,41.376657485961914,28.67435574531555
stim_90_viola_complex.wav,5.000000037252903,49.999998807907104,36.50079309940338,29.335976243019104
stim_90_viola_complex.wav,80.00000059604645,49.999998807907104,41.26520901918411,28.539342284202576
stim_90_viola_complex.wav,40.000000298023224,49.999998807907104,37.43157595396042,26.10007882118225
stim_90_viola_complex.wav,10.000000074505806,40.000001192092896,38.553181886672974,28.56013298034668
stim_90_viola_complex.wav,20.000000149011612,60.0,39.99654829502106,28.462563157081604
stim_90_viola_complex.wav,5.000000037252903,20.000000596046448,41.28093212842941,28.36694061756134
stim_90_viola_complex.wav,20.000000149011612,49.999998807907104,41.158274710178375,28.438106775283813
stim_90_viola_complex.wav,40.000000298023224,0.0,38.0440154671669,25.789053440093994
stim_90_viola_complex.wav,74.99999821186066,60.0,41.93530261516571,28.56279730796814
stim_90_viola_complex.wav,50.00000238418579,20.000000596046448,43.41401249170303,28.754281997680664
stim_90_viola_complex.wav,40.000000298023224,60.0,41.05685234069824,28.38391900062561
stim_90_viola_complex.wav,10.000000074505806,60.0,41.66781932115555,28.546993732452393
stim_90_viola_complex.wav,15.000000447034836,60.0,26.29224121570587,28.070141673088074
stim_90_viola_complex.wav,40.000000298023224,49.999998807907104,43.70503216981888,30.96559166908264
stim_90_viola_complex.wav,50.00000238418579,10.000000298023224,47.85343050956726,25.415343046188354
stim_90_viola_complex.wav,25.000001192092896,49.999998807907104,41.56781315803528,28.49272906780243
stim_90_viola_complex.wav,35.00000059604645,49.999998807907104,35.46691417694092,28.98255944252014
stim_90_viola_complex.wav,80.00000059604645,10.000000298023224,43.874934017658234,26.464489102363586
stim_90_viola_complex.wav,70.0000011920929,60.0,40.83968460559845,28.465996384620667
stim_90_viola_complex.wav,30.00000089406967,0.0,41.55722916126251,28.38117241859436
stim_90_viola_complex.wav,10.000000074505806,0.0,40.76145261526108,28.405898809432983
stim_90_viola_complex.wav,54.99999940395355,60.0,41.28347486257553,28.357638716697693
stim_90_viola_complex.wav,50.00000238418579,20.000000596046448,41.668787598609924,28.46851408481598
stim_90_viola_complex.wav,30.00000089406967,0.0,40.93101918697357,28.39469075202942
stim_90_viola_complex.wav,10.000000074505806,10.000000298023224,41.59598171710968,28.32621395587921
stim_90_viola_complex.wav,54.99999940395355,40.000001192092896,41.92791044712067,28.296183943748474
stim_90_viola_complex.wav,40.000000298023224,0.0,43.1931808590889,29.108296036720276
stim_90_viola_complex.wav,25.000001192092896,49.999998807907104,38.99299442768097,26.713074445724487
stim_90_viola_complex.wav,74.99999821186066,0.0,41.115364730358124,28.617020845413208
stim_90_viola_complex.wav,64.9999988079071,30.0,40.19753158092499,28.44769835472107
stim_90_viola_complex.wav,45.0,49.999998807907104,38.763040602207184,29.49562668800354
stim_90_viola_complex.wav,5.000000037252903,49.999998807907104,40.820351243019104,28.433770537376404
stim_90_viola_complex.wav,70.0000011920929,0.0,41.18504852056503,28.495513200759888
stim_90_viola_complex.wav,80.00000059604645,30.0,40.54224103689194,28.545504212379456
stim_90_viola_complex.wav,25.000001192092896,10.000000298023224,39.70625281333923,28.45347225666046
stim_90_viola_complex.wav,30.00000089406967,40.000001192092896,41.93611800670624,28.50596845149994
stim_90_viola_complex.wav,84.99999761581421,20.000000596046448,42.66504317522049,28.31846594810486
stim_90_viola_complex.wav,45.0,0.0,40.50116032361984,28.42789113521576
stim_90_viola_complex.wav,40.000000298023224,20.000000596046448,40.68619787693024,28.409353494644165
stim_90_viola_complex.wav,54.99999940395355,60.0,42.70232319831848,27.88569152355194
stim_90_viola_complex.wav,70.0000011920929,0.0,40.07544815540314,28.47171664237976
stim_90_viola_complex.wav,84.99999761581421,40.000001192092896,42.284756898880005,28.25778365135193
stim_90_viola_complex.wav,25.000001192092896,20.000000596046448,42.04004555940628,28.368871808052063
stim_90_viola_complex.wav,5.000000037252903,20.000000596046448,39.95031774044037,28.456156253814697
stim_90_viola_complex.wav,90.0,0.0,39.9649840593338,28.474713563919067
stim_90_viola_complex.wav,54.99999940395355,60.0,41.483653485774994,28.350711464881897
stim_90_viola_complex.wav,45.0,20.000000596046448,43.67436647415161,31.219836473464966
stim_90_viola_complex.wav,10.000000074505806,10.000000298023224,40.02829760313034,28.466010689735413
stim_90_viola_complex.wav,0.0,60.0,41.57306224107742,26.707162857055664
stim_90_viola_complex.wav,45.0,10.000000298023224,40.72595626115799,28.467712998390198
stim_90_viola_complex.wav,84.99999761581421,49.999998807907104,40.74889987707138,28.42129111289978
stim_90_viola_complex.wav,5.000000037252903,10.000000298023224,40.157301127910614,28.451210260391235
stim_90_viola_complex.wav,5.000000037252903,0.0,39.661540389060974,28.494586944580078
stim_90_viola_complex.wav,5.000000037252903,60.0,41.33516103029251,28.349332809448242
stim_90_viola_complex.wav,84.99999761581421,0.0,29.144030213356018,26.659621596336365
stim_90_viola_complex.wav,54.99999940395355,60.0,42.01453238725662,28.58617901802063
stim_90_viola_complex.wav,35.00000059604645,20.000000596046448,38.518726229667664,29.479225873947144
stim_90_viola_complex.wav,90.0,20.000000596046448,37.23273038864136,28.34659695625305
stim_90_viola_complex.wav,90.0,60.0,47.670788168907166,27.914251685142517
stim_90_viola_complex.wav,0.0,60.0,38.58621597290039,28.27181339263916
stim_90_viola_complex.wav,10.000000074505806,20.000000596046448,40.5957967042923,28.431462049484253
stim_90_viola_complex.wav,45.0,40.000001192092896,40.33014535903931,27.289515137672424
stim_90_viola_complex.wav,60.00000178813934,10.000000298023224,40.63222646713257,28.430914878845215
stim_90_viola_complex.wav,70.0000011920929,60.0,54.823408126831055,27.7889084815979
stim_90_viola_complex.wav,20.000000149011612,20.000000596046448,39.77417171001434,28.47583293914795
stim_90_viola_complex.wav,15.000000447034836,60.0,28.172735273838043,27.975558042526245
stim_90_viola_complex.wav,10.000000074505806,0.0,40.565149784088135,28.426426649093628
stim_90_viola_complex.wav,70.0000011920929,49.999998807907104,40.6756728887558,28.49141299724579
stim_90_viola_complex.wav,35.00000059604645,60.0,40.15446335077286,28.155158758163452
stim_90_viola_complex.wav,10.000000074505806,20.000000596046448,39.84409421682358,28.471373319625854
stim_90_viola_complex.wav,64.9999988079071,40.000001192092896,43.57125699520111,28.72132658958435
stim_90_viola_complex.wav,20.000000149011612,0.0,38.13353419303894,28.45331847667694
stim_90_viola_complex.wav,10.000000074505806,10.000000298023224,40.1306077837944,28.457717299461365
stim_90_viola_complex.wav,10.000000074505806,20.000000596046448,39.68960165977478,28.508477210998535
stim_90_viola_complex.wav,10.000000074505806,60.0,27.691335082054138,28.47199022769928
stim_90_viola_complex.wav,80.00000059604645,0.0,42.88745999336243,28.509555459022522
stim_90_viola_complex.wav,70.0000011920929,0.0,40.223224461078644,28.457838892936707
stim_90_viola_complex.wav,35.00000059604645,10.000000298023224,40.84674686193466,28.372739553451538
stim_90_viola_complex.wav,5.000000037252903,0.0,41.00909024477005,28.38577151298523
stim_90_viola_complex.wav,54.99999940395355,30.0,40.97882956266403,28.38819980621338
stim_90_viola_complex.wav,54.99999940395355,0.0,41.10324114561081,28.381975293159485
stim_90_viola_complex.wav,10.000000074505806,20.000000596046448,39.55459266901016,28.503398895263672
stim_90_viola_complex.wav,60.00000178813934,49.999998807907104,40.79681217670441,28.482341766357422
stim_90_viola_complex.wav,80.00000059604645,20.000000596046448,41.040708124637604,28.382293581962585
stim_90_viola_complex.wav,25.000001192092896,0.0,35.66283345222473,20.960994958877563
stim_90_viola_complex.wav,10.000000074505806,40.000001192092896,32.09837883710861,28.15050959587097
stim_90_viola_complex.wav,10.000000074505806,49.999998807907104,40.331532061100006,28.436908721923828
stim_90_viola_complex.wav,0.0,30.0,40.01550078392029,28.445311188697815
stim_90_viola_complex.wav,20.000000149011612,20.000000596046448,40.25170147418976,28.411372303962708
stim_90_viola_complex.wav,35.00000059604645,40.000001192092896,42.210553586483,28.59776794910431
stim_90_viola_complex.wav,45.0,30.0,42.00586348772049,28.463274836540222
stim_81_viola_complex.wav,40.000000298023224,10.000000298023224,44.55400764942169,31.15265965461731
stim_81_viola_complex.wav,74.99999821186066,30.0,41.67948693037033,28.951526284217834
stim_81_viola_complex.wav,45.0,0.0,40.844177305698395,28.408049941062927
stim_81_viola_complex.wav,84.99999761581421,20.000000596046448,43.53930115699768,29.73903715610504
stim_81_viola_complex.wav,50.00000238418579,20.000000596046448,39.83419954776764,28.443410396575928
stim_81_viola_complex.wav,30.00000089406967,49.999998807907104,39.47096675634384,28.50862205028534
stim_81_viola_complex.wav,35.00000059604645,40.000001192092896,37.79002904891968,28.56179416179657
stim_81_viola_complex.wav,90.0,10.000000298023224,47.494738698005676,25.41003942489624
stim_81_viola_complex.wav,70.0000011920929,0.0,41.23794436454773,28.33660662174225
stim_81_viola_complex.wav,54.99999940395355,49.999998807907104,39.23411965370178,35.57872653007507
stim_81_viola_complex.wav,30.00000089406967,49.999998807907104,39.87303525209427,28.44490885734558
stim_81_viola_complex.wav,20.000000149011612,40.000001192092896,18.398583233356476,21.937692761421204
stim_81_viola_complex.wav,10.000000074505806,49.999998807907104,18.502151370048523,40.0330924987793
stim_81_viola_complex.wav,35.00000059604645,10.000000298023224,39.15307134389877,28.59658420085907
stim_81_viola_complex.wav,80.00000059604645,10.000000298023224,41.44823491573334,28.354028463363647
stim_81_viola_complex.wav,90.0,49.999998807907104,53.20729672908783,36.99600577354431
stim_81_viola_complex.wav,60.00000178813934,60.0,52.082276344299316,26.30945920944214
stim_81_viola_complex.wav,54.99999940395355,40.000001192092896,47.57334887981415,36.55417442321777
stim_81_viola_complex.wav,20.000000149011612,49.999998807907104,37.72611737251282,28.605265617370605
stim_81_viola_complex.wav,60.00000178813934,30.0,40.077618062496185,28.454296588897705
stim_81_viola_complex.wav,30.00000089406967,20.000000596046448,39.65023219585419,28.45051109790802
stim_81_viola_complex.wav,10.000000074505806,20.000000596046448,37.20664322376251,28.64695966243744
stim_81_viola_complex.wav,35.00000059604645,40.000001192092896,38.486223220825195,28.676206469535828
stim_81_viola_complex.wav,74.99999821186066,40.000001192092896,39.22956794500351,28.498324155807495
stim_81_viola_complex.wav,64.9999988079071,40.000001192092896,50.76104164123535,35.64703702926636
stim_81_viola_complex.wav,25.000001192092896,49.999998807907104,27.16011017560959,27.021766304969788
stim_81_viola_complex.wav,15.000000447034836,60.0,18.862760961055756,33.9589262008667
stim_81_viola_complex.wav,54.99999940395355,10.000000298023224,45.268059968948364,26.4918851852417
stim_81_viola_complex.wav,45.0,40.000001192092896,40.78280031681061,28.403937220573425
stim_81_viola_complex.wav,0.0,60.0,39.805937111377716,28.46597671508789
stim_81_viola_complex.wav,45.0,10.000000298023224,48.96525979042053,34.0261173248291
stim_81_viola_complex.wav,84.99999761581421,0.0,40.75984597206116,28.39763045310974
stim_81_viola_complex.wav,80.00000059604645,40.000001192092896,45.17505168914795,28.9932918548584
stim_81_viola_complex.wav,5.000000037252903,0.0,15.452560186386108,30.757945775985718
stim_81_viola_complex.wav,15.000000447034836,30.0,18.427239954471588,29.864230155944824
stim_81_viola_complex.wav,15.000000447034836,0.0,40.597693026065826,28.424089550971985
stim_81_viola_complex.wav,74.99999821186066,49.999998807907104,50.76635777950287,33.762534856796265
stim_81_viola_complex.wav,50.00000238418579,49.999998807907104,33.263999819755554,32.13569641113281
stim_81_viola_complex.wav,10.000000074505806,49.999998807907104,38.09860110282898,28.575262427330017
stim_81_viola_complex.wav,45.0,49.999998807907104,49.24939155578613,35.22643804550171
stim_81_viola_complex.wav,45.0,20.000000596046448,38.037017583847046,28.910951614379883
stim_81_viola_complex.wav,15.000000447034836,0.0,39.21977788209915,28.495951294898987
stim_81_viola_complex.wav,25.000001192092896,20.000000596046448,40.394335985183716,28.38959276676178
stim_81_viola_complex.wav,74.99999821186066,40.000001192092896,51.28062844276428,27.693368196487427
stim_81_viola_complex.wav,70.0000011920929,60.0,63.439961671829224,32.070744037628174
stim_81_viola_complex.wav,35.00000059604645,0.0,35.66527962684631,28.49748194217682
stim_81_viola_complex.wav,35.00000059604645,10.000000298023224,41.22179478406906,28.355002999305725
stim_81_viola_complex.wav,40.000000298023224,10.000000298023224,41.20775610208511,28.36405098438263
stim_81_viola_complex.wav,60.00000178813934,0.0,38.6298394203186,28.537890315055847
stim_81_viola_complex.wav,84.99999761581421,60.0,41.24727576971054,28.37083876132965
stim_81_viola_complex.wav,60.00000178813934,10.000000298023224,41.016981303691864,28.362278938293457
stim_81_viola_complex.wav,50.00000238418579,20.000000596046448,50.45853137969971,29.36530888080597
stim_81_viola_complex.wav,20.000000149011612,0.0,25.661020874977112,21.352254152297974
stim_81_viola_complex.wav,70.0000011920929,0.0,52.230602502822876,27.841084599494934
stim_81_viola_complex.wav,45.0,20.000000596046448,40.251787304878235,28.439819812774658
stim_81_viola_complex.wav,35.00000059604645,30.0,28.00666630268097,24.320147037506104
stim_81_viola_complex.wav,10.000000074505806,0.0,39.00251090526581,28.51394534111023
stim_81_viola_complex.wav,35.00000059604645,20.000000596046448,39.582466185092926,28.47353160381317
stim_81_viola_complex.wav,70.0000011920929,30.0,61.611687541007996,30.62884211540222
stim_81_viola_complex.wav,80.00000059604645,10.000000298023224,39.438436925411224,28.473787307739258
stim_81_viola_complex.wav,0.0,0.0,15.23829460144043,27.999544143676758
stim_81_viola_complex.wav,60.00000178813934,20.000000596046448,41.581610441207886,28.334838151931763
stim_81_viola_complex.wav,5.000000037252903,49.999998807907104,34.219037890434265,30.286552906036377
stim_81_viola_complex.wav,5.000000037252903,30.0,17.931492626667023,41.042282581329346
stim_81_viola_complex.wav,74.99999821186066,30.0,39.45946276187897,29.38945770263672
stim_81_viola_complex.wav,50.00000238418579,30.0,40.6633186340332,28.785570859909058
stim_81_viola_complex.wav,45.0,0.0,40.69156497716904,28.41219663619995
stim_81_viola_complex.wav,45.0,30.0,40.7573863863945,28.40105652809143
stim_81_viola_complex.wav,45.0,40.000001192092896,50.0844544172287,37.77195453643799
stim_81_viola_complex.wav,64.9999988079071,49.999998807907104,39.157665967941284,28.50107967853546
stim_81_viola_complex.wav,25.000001192092896,10.000000298023224,39.33733642101288,28.487330675125122
stim_81_viola_complex.wav,20.000000149011612,30.0,39.57308113574982,28.46799373626709
stim_81_viola_complex.wav,84.99999761581421,49.999998807907104,43.11711609363556,28.341867327690125
stim_81_viola_complex.wav,54.99999940395355,60.0,46.65197253227234,36.74317002296448
stim_81_viola_complex.wav,35.00000059604645,20.000000596046448,35.53877055644989,28.732017874717712
stim_81_viola_complex.wav,0.0,49.999998807907104,13.784663379192352,29.944369196891785
stim_81_viola_complex.wav,50.00000238418579,10.000000298023224,47.738186717033386,29.521265029907227
stim_81_viola_complex.wav,0.0,60.0,37.0122367143631,28.597530126571655
stim_81_viola_complex.wav,45.0,30.0,40.93576669692993,28.38869333267212
stim_81_viola_complex.wav,70.0000011920929,0.0,51.67371153831482,28.31578016281128
stim_81_viola_complex.wav,25.000001192092896,49.999998807907104,39.599750339984894,28.442954421043396
stim_81_viola_complex.wav,5.000000037252903,30.0,20.97437560558319,36.98423624038696
stim_81_viola_complex.wav,10.000000074505806,40.000001192092896,17.759890258312225,31.145743131637573
stim_81_viola_complex.wav,54.99999940395355,40.000001192092896,40.15010476112366,28.44824731349945
stim_81_viola_complex.wav,70.0000011920929,0.0,41.11950606107712,28.36396336555481
stim_81_viola_complex.wav,40.000000298023224,20.000000596046448,36.48405879735947,28.776272535324097
stim_81_viola_complex.wav,45.0,49.999998807907104,41.401256024837494,28.345792293548584
stim_81_viola_complex.wav,15.000000447034836,30.0,18.52831095457077,32.24717617034912
stim_81_viola_complex.wav,80.00000059604645,0.0,60.568013191223145,20.551457405090332
stim_81_viola_complex.wav,20.000000149011612,20.000000596046448,38.645919263362885,28.50985050201416
stim_81_viola_complex.wav,20.000000149011612,60.0,25.578618049621582,29.18772518634796
stim_81_viola_complex.wav,25.000001192092896,0.0,40.591381788253784,28.404834866523743
stim_81_viola_complex.wav,30.00000089406967,60.0,40.574355125427246,28.427045345306396
stim_81_viola_complex.wav,5.000000037252903,40.000001192092896,18.155693113803864,40.398108959198
stim_81_viola_complex.wav,10.000000074505806,49.999998807907104,38.868912756443024,28.549094796180725
stim_81_viola_complex.wav,25.000001192092896,10.000000298023224,39.24957185983658,28.48257601261139
stim_81_viola_complex.wav,35.00000059604645,30.0,39.41531091928482,28.483487963676453
stim_81_viola_complex.wav,35.00000059604645,60.0,40.2190563082695,32.31566548347473
stim_81_viola_complex.wav,50.00000238418579,40.000001192092896,42.79889076948166,34.595314264297485
stim_81_viola_complex.wav,50.00000238418579,0.0,61.85758709907532,37.84954905509949
stim_81_viola_complex.wav,40.000000298023224,40.000001192092896,41.657149493694305,28.605154752731323
stim_81_viola_complex.wav,10.000000074505806,49.999998807907104,38.11740070581436,28.713621497154236
stim_81_viola_complex.wav,10.000000074505806,49.999998807907104,38.605487644672394,28.527259826660156
stim_81_viola_complex.wav,60.00000178813934,60.0,55.79158902168274,28.46116840839386
stim_81_viola_complex.wav,0.0,20.000000596046448,13.107276856899261,32.090206146240234
stim_81_viola_complex.wav,15.000000447034836,0.0,40.42451351881027,28.430696725845337
stim_81_viola_complex.wav,25.000001192092896,40.000001192092896,25.38403183221817,29.389870762825012
stim_81_viola_complex.wav,60.00000178813934,40.000001192092896,49.79146599769592,36.65695309638977
stim_81_viola_complex.wav,74.99999821186066,20.000000596046448,48.64049792289734,29.034038186073303
stim_81_viola_complex.wav,60.00000178813934,0.0,40.16631066799164,28.44446897506714
stim_81_viola_complex.wav,54.99999940395355,0.0,40.039160549640656,28.454394936561584
stim_81_viola_complex.wav,20.000000149011612,0.0,26.871989965438843,24.264235496520996
stim_81_viola_complex.wav,40.000000298023224,20.000000596046448,47.967419028282166,35.56326985359192
stim_81_viola_complex.wav,60.00000178813934,30.0,42.03854352235794,28.348258137702942
stim_81_viola_complex.wav,54.99999940395355,20.000000596046448,40.91382622718811,28.396003246307373
stim_81_viola_complex.wav,35.00000059604645,10.000000298023224,31.842946708202362,23.786410689353943
stim_81_viola_complex.wav,80.00000059604645,40.000001192092896,51.65430307388306,27.88557529449463
stim_81_viola_complex.wav,64.9999988079071,30.0,40.52565157413483,28.440154194831848
stim_81_viola_complex.wav,54.99999940395355,0.0,45.763903856277466,26.479403972625732
stim_81_viola_complex.wav,45.0,0.0,40.84111154079437,28.398436903953552
stim_81_viola_complex.wav,40.000000298023224,49.999998807907104,38.31286936998367,28.548606634140015
stim_81_viola_complex.wav,45.0,30.0,47.64692187309265,34.88353729248047
stim_81_viola_complex.wav,54.99999940395355,10.000000298023224,41.076349318027496,28.37366759777069
stim_81_viola_complex.wav,40.000000298023224,49.999998807907104,40.54092675447464,28.43820333480835
stim_81_viola_complex.wav,50.00000238418579,10.000000298023224,48.89558672904968,23.993879556655884
stim_81_viola_complex.wav,50.00000238418579,20.000000596046448,46.24575197696686,29.42026913166046
stim_81_viola_complex.wav,35.00000059604645,40.000001192092896,36.56231492757797,21.051560640335083
stim_81_viola_complex.wav,74.99999821186066,40.000001192092896,54.12644147872925,27.189838886260986
stim_81_viola_complex.wav,74.99999821186066,49.999998807907104,40.75097858905792,28.398767709732056
stim_81_viola_complex.wav,70.0000011920929,20.000000596046448,41.41527593135834,28.29862117767334
stim_81_viola_complex.wav,84.99999761581421,60.0,51.122973561286926,31.067748069763184
stim_81_viola_complex.wav,5.000000037252903,60.0,34.55932170152664,30.020617246627808
stim_81_viola_complex.wav,84.99999761581421,40.000001192092896,52.68860042095184,27.981407046318054
stim_81_viola_complex.wav,35.00000059604645,20.000000596046448,40.52212983369827,28.444814085960388
stim_81_viola_complex.wav,5.000000037252903,60.0,39.09629702568054,28.522900342941284
stim_81_viola_complex.wav,84.99999761581421,60.0,56.61213040351868,33.756548166275024
stim_81_viola_complex.wav,25.000001192092896,20.000000596046448,40.51186501979828,23.219034075737
stim_81_viola_complex.wav,45.0,10.000000298023224,41.04797691106796,28.372002840042114
stim_81_viola_complex.wav,60.00000178813934,40.000001192092896,35.86698442697525,25.077195167541504
stim_81_viola_complex.wav,80.00000059604645,40.000001192092896,61.4228492975235,28.88291358947754
stim_81_viola_complex.wav,15.000000447034836,10.000000298023224,38.25156211853027,28.57389986515045
stim_107_viola_complex.wav,50.00000238418579,20.000000596046448,41.98727309703827,27.64362931251526
stim_107_viola_complex.wav,70.0000011920929,0.0,41.86128705739975,28.553014397621155
stim_107_viola_complex.wav,50.00000238418579,0.0,40.80489367246628,28.40519428253174
stim_107_viola_complex.wav,0.0,20.000000596046448,41.63021743297577,28.520938754081726
stim_107_viola_complex.wav,15.000000447034836,49.999998807907104,41.24438434839249,28.41664731502533
stim_107_viola_complex.wav,30.00000089406967,60.0,41.38017654418945,28.41520607471466
stim_107_viola_complex.wav,50.00000238418579,40.000001192092896,43.91867011785507,26.784238815307617
stim_107_viola_complex.wav,60.00000178813934,20.000000596046448,43.07130664587021,25.88230848312378
stim_107_viola_complex.wav,60.00000178813934,60.0,41.34037792682648,27.136711478233337
stim_107_viola_complex.wav,90.0,60.0,41.58351480960846,28.41805100440979
stim_107_viola_complex.wav,50.00000238418579,20.000000596046448,41.52102470397949,28.393548130989075
stim_107_viola_complex.wav,0.0,60.0,41.52388393878937,28.49362313747406
stim_107_viola_complex.wav,45.0,20.000000596046448,43.99458199739456,26.841226816177368
stim_107_viola_complex.wav,30.00000089406967,40.000001192092896,41.155817806720734,28.356857299804688
stim_107_viola_complex.wav,25.000001192092896,10.000000298023224,40.86808115243912,28.410204648971558
stim_107_viola_complex.wav,84.99999761581421,40.000001192092896,43.494234681129456,28.3123379945755
stim_107_viola_complex.wav,84.99999761581421,30.0,45.71852087974548,29.27200198173523
stim_107_viola_complex.wav,60.00000178813934,40.000001192092896,44.358064234256744,26.7436283826828
stim_107_viola_complex.wav,10.000000074505806,30.0,43.350704312324524,26.565822958946228
stim_107_viola_complex.wav,0.0,49.999998807907104,41.43337815999985,27.75360882282257
stim_107_viola_complex.wav,25.000001192092896,60.0,40.10404050350189,28.582497239112854
stim_107_viola_complex.wav,50.00000238418579,30.0,40.57457506656647,28.42660903930664
stim_107_viola_complex.wav,80.00000059604645,30.0,44.950574934482574,26.58942997455597
stim_107_viola_complex.wav,15.000000447034836,10.000000298023224,41.547066271305084,28.328211307525635
stim_107_viola_complex.wav,15.000000447034836,49.999998807907104,40.22252172231674,28.518388867378235
stim_107_viola_complex.wav,90.0,30.0,40.80431431531906,28.50442349910736
stim_107_viola_complex.wav,25.000001192092896,20.000000596046448,40.331338942050934,28.433125019073486
stim_107_viola_complex.wav,54.99999940395355,20.000000596046448,43.77973169088364,27.201486825942993
stim_107_viola_complex.wav,84.99999761581421,60.0,43.31047922372818,28.57478678226471
stim_107_viola_complex.wav,0.0,49.999998807907104,41.758931279182434,28.568036556243896
stim_107_viola_complex.wav,25.000001192092896,10.000000298023224,43.813731372356415,28.618662357330322
stim_107_viola_complex.wav,54.99999940395355,60.0,42.774514853954315,28.15369427204132
stim_107_viola_complex.wav,25.000001192092896,0.0,41.460256576538086,28.3382910490036
stim_107_viola_complex.wav,84.99999761581421,60.0,43.27475756406784,27.705307602882385
stim_107_viola_complex.wav,80.00000059604645,40.000001192092896,41.33002460002899,28.496645092964172
stim_107_viola_complex.wav,45.0,40.000001192092896,40.66811442375183,28.420543670654297
stim_107_viola_complex.wav,70.0000011920929,40.000001192092896,41.39160543680191,28.330700397491455
stim_107_viola_complex.wav,70.0000011920929,60.0,41.56633257865906,28.32754611968994
stim_107_viola_complex.wav,50.00000238418579,30.0,40.671252608299255,28.41409921646118
stim_107_viola_complex.wav,54.99999940395355,20.000000596046448,41.1509844660759,28.354716897010803
stim_107_viola_complex.wav,35.00000059604645,10.000000298023224,40.0034898519516,28.47153604030609
stim_107_viola_complex.wav,45.0,10.000000298023224,41.24940276145935,28.35401952266693
stim_107_viola_complex.wav,70.0000011920929,49.999998807907104,43.49668085575104,28.09052288532257
stim_107_viola_complex.wav,45.0,60.0,41.84005469083786,27.726861834526062
stim_107_viola_complex.wav,25.000001192092896,0.0,46.09809637069702,28.903298377990723
stim_107_viola_complex.wav,20.000000149011612,60.0,40.977021753787994,29.27090585231781
stim_107_viola_complex.wav,0.0,60.0,40.805687606334686,28.528992533683777
stim_107_viola_complex.wav,5.000000037252903,60.0,41.73474043607712,28.456891179084778
stim_107_viola_complex.wav,35.00000059604645,10.000000298023224,40.573247373104095,28.428288102149963
stim_107_viola_complex.wav,60.00000178813934,49.999998807907104,41.6284042596817,28.371228575706482
stim_107_viola_complex.wav,70.0000011920929,49.999998807907104,47.37973630428314,26.784532070159912
stim_107_viola_complex.wav,84.99999761581421,40.000001192092896,42.937198877334595,28.08173418045044
stim_107_viola_complex.wav,35.00000059604645,40.000001192092896,40.363125801086426,28.585955500602722
stim_107_viola_complex.wav,25.000001192092896,40.000001192092896,40.30608057975769,28.436205983161926
stim_107_viola_complex.wav,60.00000178813934,20.000000596046448,44.02704477310181,26.820139288902283
stim_107_viola_complex.wav,70.0000011920929,60.0,42.55784869194031,28.648143410682678
stim_107_viola_complex.wav,60.00000178813934,10.000000298023224,41.38923704624176,28.340851664543152
stim_107_viola_complex.wav,20.000000149011612,60.0,41.75547122955322,28.711268305778503
stim_107_viola_complex.wav,74.99999821186066,40.000001192092896,45.96538603305817,28.16065549850464
stim_107_viola_complex.wav,80.00000059604645,0.0,45.6908243894577,26.502556800842285
stim_107_viola_complex.wav,84.99999761581421,30.0,41.27220422029495,28.350432515144348
stim_107_viola_complex.wav,64.9999988079071,30.0,44.42368447780609,27.9138046503067
stim_107_viola_complex.wav,5.000000037252903,0.0,41.29828602075577,28.34557592868805
stim_107_viola_complex.wav,15.000000447034836,40.000001192092896,40.91723531484604,28.3856338262558
stim_107_viola_complex.wav,15.000000447034836,49.999998807907104,41.01656824350357,28.55287492275238
stim_107_viola_complex.wav,0.0,0.0,40.00935584306717,28.734394311904907
stim_107_viola_complex.wav,60.00000178813934,60.0,40.81883043050766,28.394388556480408
stim_107_viola_complex.wav,50.00000238418579,30.0,41.15000545978546,28.43482732772827
stim_107_viola_complex.wav,0.0,60.0,39.63226944208145,28.70533525943756
stim_107_viola_complex.wav,45.0,49.999998807907104,41.139673590660095,28.537663221359253
stim_107_viola_complex.wav,84.99999761581421,30.0,43.9502477645874,27.955591678619385
stim_107_viola_complex.wav,54.99999940395355,10.000000298023224,41.76614373922348,28.40829849243164
stim_107_viola_complex.wav,64.9999988079071,49.999998807907104,41.418848633766174,28.495978116989136
stim_107_viola_complex.wav,45.0,30.0,41.407248079776764,28.476526737213135
stim_107_viola_complex.wav,40.000000298023224,60.0,45.21391153335571,28.98039221763611
stim_107_viola_complex.wav,25.000001192092896,30.0,40.18750548362732,28.498241901397705
stim_107_viola_complex.wav,45.0,20.000000596046448,44.586156606674194,26.4019775390625
stim_107_viola_complex.wav,54.99999940395355,20.000000596046448,42.9501673579216,28.31132411956787
stim_107_viola_complex.wav,54.99999940395355,0.0,41.08707547187805,28.416835069656372
stim_107_viola_complex.wav,25.000001192092896,40.000001192092896,43.58309894800186,27.76632070541382
stim_107_viola_complex.wav,74.99999821186066,10.000000298023224,41.19227170944214,28.367246389389038
stim_107_viola_complex.wav,30.00000089406967,49.999998807907104,42.998594641685486,28.736450672149658
stim_107_viola_complex.wav,0.0,30.0,40.09675830602646,28.778716921806335
stim_107_viola_complex.wav,30.00000089406967,30.0,41.48542106151581,28.63720178604126
stim_107_viola_complex.wav,40.000000298023224,60.0,41.14961385726929,28.401605486869812
stim_107_viola_complex.wav,50.00000238418579,20.000000596046448,40.97153663635254,28.377832174301147
stim_107_viola_complex.wav,50.00000238418579,30.0,47.52319693565369,27.502203583717346
stim_107_viola_complex.wav,74.99999821186066,49.999998807907104,42.739418148994446,28.684133291244507
stim_107_viola_complex.wav,50.00000238418579,30.0,41.242026686668396,29.225526452064514
stim_107_viola_complex.wav,20.000000149011612,40.000001192092896,40.4390886425972,28.53516161441803
stim_107_viola_complex.wav,45.0,49.999998807907104,41.193875670433044,28.37460458278656
stim_107_viola_complex.wav,64.9999988079071,0.0,41.524326503276825,28.44743013381958
stim_107_viola_complex.wav,70.0000011920929,0.0,46.54715180397034,26.815803050994873
stim_107_viola_complex.wav,40.000000298023224,0.0,41.50301367044449,28.474220037460327
stim_107_viola_complex.wav,60.00000178813934,30.0,42.29495465755463,28.727779984474182
stim_107_viola_complex.wav,0.0,60.0,41.58601999282837,28.783915042877197
stim_107_viola_complex.wav,10.000000074505806,60.0,41.02685987949371,28.367616534233093
stim_107_viola_complex.wav,74.99999821186066,49.999998807907104,41.29629582166672,28.47838819026947
stim_107_viola_complex.wav,0.0,10.000000298023224,41.29336953163147,28.698041439056396
stim_107_viola_complex.wav,35.00000059604645,30.0,41.31464213132858,28.44712257385254
stim_107_viola_complex.wav,10.000000074505806,20.000000596046448,46.377877593040466,26.91977083683014
stim_107_viola_complex.wav,54.99999940395355,20.000000596046448,41.54324680566788,28.46817970275879
stim_107_viola_complex.wav,84.99999761581421,0.0,40.64105361700058,28.675069212913513
stim_107_viola_complex.wav,50.00000238418579,60.0,40.23172974586487,28.47589373588562
stim_107_viola_complex.wav,45.0,30.0,41.43461734056473,28.510285019874573
stim_107_viola_complex.wav,5.000000037252903,0.0,40.80774486064911,28.714252710342407
stim_107_viola_complex.wav,80.00000059604645,0.0,46.77561163902283,27.36831843852997
stim_107_viola_complex.wav,54.99999940395355,40.000001192092896,42.591349482536316,28.170002102851868
stim_107_viola_complex.wav,0.0,30.0,41.90627038478851,28.684873580932617
stim_107_viola_complex.wav,20.000000149011612,49.999998807907104,40.70177614688873,28.461005687713623
stim_107_viola_complex.wav,64.9999988079071,10.000000298023224,41.6447389125824,28.333105444908142
stim_107_viola_complex.wav,80.00000059604645,30.0,42.86902517080307,28.430582284927368
stim_107_viola_complex.wav,45.0,49.999998807907104,41.85701698064804,28.502354621887207
stim_107_viola_complex.wav,15.000000447034836,0.0,41.065400540828705,28.36695671081543
stim_107_viola_complex.wav,64.9999988079071,30.0,45.4235315322876,28.278180956840515
stim_107_viola_complex.wav,60.00000178813934,40.000001192092896,45.508477091789246,27.772130370140076
stim_107_viola_complex.wav,0.0,40.000001192092896,40.82204908132553,28.67066502571106
stim_107_viola_complex.wav,5.000000037252903,49.999998807907104,41.062506437301636,28.12567412853241
stim_107_viola_complex.wav,54.99999940395355,30.0,45.69190263748169,27.95100510120392
stim_107_viola_complex.wav,74.99999821186066,20.000000596046448,47.87465214729309,28.45230281352997
stim_107_viola_complex.wav,20.000000149011612,10.000000298023224,40.106349885463715,28.455584049224854
stim_107_viola_complex.wav,60.00000178813934,60.0,41.59017741680145,28.473220467567444
stim_107_viola_complex.wav,70.0000011920929,10.000000298023224,41.2492498755455,28.353967666625977
stim_107_viola_complex.wav,40.000000298023224,30.0,43.48516881465912,27.50544011592865
stim_107_viola_complex.wav,70.0000011920929,0.0,44.20670986175537,28.562470078468323
stim_107_viola_complex.wav,54.99999940395355,40.000001192092896,45.719212889671326,28.400827646255493
stim_107_viola_complex.wav,74.99999821186066,30.0,46.72214448451996,26.4370197057724
stim_107_viola_complex.wav,15.000000447034836,30.0,41.35730266571045,28.398261666297913
stim_107_viola_complex.wav,0.0,30.0,40.50755739212036,28.441296815872192
stim_107_viola_complex.wav,10.000000074505806,30.0,40.44574588537216,28.440574407577515
stim_107_viola_complex.wav,35.00000059604645,20.000000596046448,40.827829241752625,28.544445633888245
stim_107_viola_complex.wav,64.9999988079071,40.000001192092896,41.5859180688858,28.354554176330566
stim_107_viola_complex.wav,90.0,60.0,43.442097902297974,26.780641078948975
stim_107_viola_complex.wav,80.00000059604645,30.0,45.92468619346619,27.27534770965576
stim_107_viola_complex.wav,50.00000238418579,60.0,40.97587913274765,28.475441336631775
stim_107_viola_complex.wav,20.000000149011612,49.999998807907104,40.63736021518707,28.058236241340637
stim_107_viola_complex.wav,35.00000059604645,0.0,44.558642506599426,26.12839937210083
stim_107_viola_complex.wav,50.00000238418579,10.000000298023224,42.455554604530334,27.963151931762695
stim_107_viola_complex.wav,64.9999988079071,0.0,39.249279499053955,27.853610515594482
stim_107_viola_complex.wav,35.00000059604645,60.0,43.93777817487717,28.565644025802612
stim_107_viola_complex.wav,5.000000037252903,10.000000298023224,40.54552674293518,28.492103219032288
stim_107_viola_complex.wav,60.00000178813934,0.0,40.321921706199646,28.443381786346436
stim_107_viola_complex.wav,84.99999761581421,10.000000298023224,41.908837258815765,27.865623235702515
stim_107_viola_complex.wav,25.000001192092896,60.0,41.1174675822258,28.385862708091736
stim_107_viola_complex.wav,20.000000149011612,30.0,41.61475718021393,29.579397439956665
stim_84_viola_complex.wav,15.000000447034836,20.000000596046448,40.446311831474304,28.54440987110138
stim_84_viola_complex.wav,90.0,30.0,49.169944524765015,29.673442840576172
stim_84_viola_complex.wav,50.00000238418579,30.0,40.862620174884796,28.40749740600586
stim_84_viola_complex.wav,0.0,49.999998807907104,40.406435430049896,28.513442873954773
stim_84_viola_complex.wav,90.0,10.000000298023224,40.82446038722992,28.445164561271667
stim_84_viola_complex.wav,80.00000059604645,10.000000298023224,41.03237181901932,28.392139077186584
stim_84_viola_complex.wav,60.00000178813934,0.0,41.04485750198364,28.40459704399109
stim_84_viola_complex.wav,40.000000298023224,0.0,40.05374103784561,28.522784113883972
stim_84_viola_complex.wav,35.00000059604645,40.000001192092896,30.128089785575867,34.38961744308472
stim_84_viola_complex.wav,5.000000037252903,0.0,41.081469655036926,28.5274475812912
stim_84_viola_complex.wav,30.00000089406967,40.000001192092896,39.508729577064514,28.661434650421143
stim_84_viola_complex.wav,84.99999761581421,0.0,52.09984481334686,25.365493297576904
stim_84_viola_complex.wav,10.000000074505806,30.0,40.43448597192764,28.500652313232422
stim_84_viola_complex.wav,20.000000149011612,30.0,29.705582857131958,29.967307448387146
stim_84_viola_complex.wav,40.000000298023224,60.0,39.85447973012924,28.503280878067017
stim_84_viola_complex.wav,74.99999821186066,30.0,49.67941403388977,28.877357840538025
stim_84_viola_complex.wav,25.000001192092896,49.999998807907104,33.80235940217972,31.837148666381836
stim_84_viola_complex.wav,25.000001192092896,49.999998807907104,34.67515826225281,26.035419702529907
stim_84_viola_complex.wav,35.00000059604645,0.0,40.931080877780914,28.39746594429016
stim_84_viola_complex.wav,80.00000059604645,10.000000298023224,40.95048397779465,28.459646701812744
stim_84_viola_complex.wav,35.00000059604645,20.000000596046448,40.959769785404205,28.478134274482727
stim_84_viola_complex.wav,45.0,20.000000596046448,43.162775337696075,24.979487657546997
stim_84_viola_complex.wav,70.0000011920929,40.000001192092896,40.718464851379395,28.40900480747223
stim_84_viola_complex.wav,54.99999940395355,10.000000298023224,40.30068129301071,28.434877395629883
stim_84_viola_complex.wav,30.00000089406967,60.0,40.07099837064743,29.772133827209473
stim_84_viola_complex.wav,15.000000447034836,49.999998807907104,24.484351873397827,31.69386863708496
stim_84_viola_complex.wav,45.0,60.0,41.078272461891174,28.34595501422882
stim_84_viola_complex.wav,64.9999988079071,0.0,48.5611367225647,26.917483806610107
stim_84_viola_complex.wav,74.99999821186066,40.000001192092896,40.23743748664856,28.46003293991089
stim_84_viola_complex.wav,54.99999940395355,60.0,40.11212199926376,28.45463454723358
stim_84_viola_complex.wav,50.00000238418579,10.000000298023224,47.64588117599487,23.12834322452545
stim_84_viola_complex.wav,54.99999940395355,20.000000596046448,40.52612900733948,28.45916748046875
stim_84_viola_complex.wav,0.0,30.0,35.3319051861763,30.09788990020752
stim_84_viola_complex.wav,15.000000447034836,10.000000298023224,40.12546867132187,28.49141836166382
stim_84_viola_complex.wav,30.00000089406967,20.000000596046448,40.16158998012543,32.07593321800232
stim_84_viola_complex.wav,84.99999761581421,30.0,51.13905608654022,23.584882020950317
stim_84_viola_complex.wav,80.00000059604645,40.000001192092896,40.243783593177795,28.515114784240723
stim_84_viola_complex.wav,15.000000447034836,10.000000298023224,40.32836437225342,28.550700545310974
stim_84_viola_complex.wav,35.00000059604645,20.000000596046448,40.84287106990814,28.41998040676117
stim_84_viola_complex.wav,70.0000011920929,0.0,40.725816786289215,28.47566843032837
stim_84_viola_complex.wav,45.0,0.0,52.89819359779358,30.88278293609619
stim_84_viola_complex.wav,45.0,10.000000298023224,45.188661217689514,23.484436869621277
stim_84_viola_complex.wav,84.99999761581421,30.0,40.743200182914734,28.436615467071533
stim_84_viola_complex.wav,20.000000149011612,40.000001192092896,22.810165286064148,33.637425899505615
stim_84_viola_complex.wav,35.00000059604645,30.0,40.70310115814209,28.408674001693726
stim_84_viola_complex.wav,50.00000238418579,0.0,40.96088021993637,28.414780497550964
stim_84_viola_complex.wav,70.0000011920929,49.999998807907104,41.42374634742737,28.451167345046997
stim_84_viola_complex.wav,20.000000149011612,20.000000596046448,40.75097054243088,28.470391631126404
stim_84_viola_complex.wav,64.9999988079071,30.0,40.83513826131821,28.417736291885376
stim_84_viola_complex.wav,0.0,40.000001192092896,28.1879460811615,31.10934019088745
stim_84_viola_complex.wav,0.0,60.0,41.459548473358154,28.440492153167725
stim_84_viola_complex.wav,0.0,30.0,32.35377073287964,30.230283737182617
stim_84_viola_complex.wav,5.000000037252903,30.0,40.17382353544235,28.51252555847168
stim_84_viola_complex.wav,35.00000059604645,20.000000596046448,40.56300938129425,28.469234704971313
stim_84_viola_complex.wav,10.000000074505806,40.000001192092896,40.964039862155914,28.516257405281067
stim_84_viola_complex.wav,84.99999761581421,20.000000596046448,40.89249461889267,28.408636450767517
stim_84_viola_complex.wav,74.99999821186066,10.000000298023224,46.77825093269348,26.573764085769653
stim_84_viola_complex.wav,64.9999988079071,60.0,40.76673120260239,28.407647609710693
stim_84_viola_complex.wav,15.000000447034836,30.0,40.057592689991,28.651873469352722
stim_84_viola_complex.wav,35.00000059604645,10.000000298023224,40.6579864025116,28.438750505447388
stim_84_viola_complex.wav,40.000000298023224,0.0,41.21953368186951,28.383788466453552
stim_84_viola_complex.wav,84.99999761581421,10.000000298023224,41.04537516832352,28.37825059890747
stim_84_viola_complex.wav,64.9999988079071,40.000001192092896,41.30539119243622,28.37978482246399
stim_84_viola_complex.wav,54.99999940395355,0.0,41.767055690288544,26.337477564811707
stim_84_viola_complex.wav,20.000000149011612,49.999998807907104,39.21464145183563,28.579357266426086
stim_84_viola_complex.wav,45.0,40.000001192092896,40.74290245771408,28.41862142086029
stim_84_viola_complex.wav,74.99999821186066,49.999998807907104,44.533078372478485,25.11038303375244
stim_84_viola_complex.wav,5.000000037252903,20.000000596046448,24.044442772865295,28.70060384273529
stim_84_viola_complex.wav,70.0000011920929,20.000000596046448,40.96205234527588,28.394501209259033
stim_84_viola_complex.wav,60.00000178813934,10.000000298023224,42.61388808488846,24.50575590133667
stim_84_viola_complex.wav,50.00000238418579,10.000000298023224,44.7919437289238,19.75994110107422
stim_84_viola_complex.wav,35.00000059604645,20.000000596046448,40.38794964551926,28.432311415672302
stim_84_viola_complex.wav,5.000000037252903,49.999998807907104,26.536145210266113,31.3295316696167
stim_84_viola_complex.wav,35.00000059604645,40.000001192092896,39.78382498025894,28.67723286151886
stim_84_viola_complex.wav,60.00000178813934,40.000001192092896,41.66416883468628,28.370003700256348
stim_84_viola_complex.wav,10.000000074505806,0.0,40.37250280380249,28.459197878837585
stim_84_viola_complex.wav,70.0000011920929,30.0,48.19760084152222,29.323546886444092
stim_84_viola_complex.wav,40.000000298023224,0.0,47.15460240840912,35.65088868141174
stim_84_viola_complex.wav,80.00000059604645,20.000000596046448,40.56584715843201,28.442793488502502
stim_84_viola_complex.wav,80.00000059604645,40.000001192092896,46.31756544113159,27.401302456855774
stim_84_viola_complex.wav,10.000000074505806,10.000000298023224,39.68444377183914,28.51121485233307
stim_84_viola_complex.wav,64.9999988079071,60.0,40.6545826792717,28.437269926071167
stim_84_viola_complex.wav,60.00000178813934,20.000000596046448,40.004222095012665,28.467267751693726
stim_84_viola_complex.wav,35.00000059604645,40.000001192092896,40.77978551387787,28.41534197330475
stim_84_viola_complex.wav,90.0,10.000000298023224,57.07065939903259,20.69380760192871
stim_84_viola_complex.wav,40.000000298023224,20.000000596046448,45.426358580589294,35.187392234802246
stim_84_viola_complex.wav,90.0,49.999998807907104,40.39050579071045,28.7115079164505
stim_84_viola_complex.wav,15.000000447034836,60.0,40.649757385253906,28.440157771110535
stim_84_viola_complex.wav,54.99999940395355,60.0,40.541664361953735,28.48564624786377
stim_84_viola_complex.wav,90.0,49.999998807907104,39.065647423267365,28.8905131816864
stim_84_viola_complex.wav,84.99999761581421,30.0,40.974905490875244,28.388966917991638
stim_84_viola_complex.wav,5.000000037252903,30.0,40.99622905254364,28.68134379386902
stim_84_viola_complex.wav,5.000000037252903,40.000001192092896,40.25501400232315,28.486018180847168
stim_84_viola_complex.wav,60.00000178813934,40.000001192092896,49.87225413322449,34.08042311668396
stim_84_viola_complex.wav,84.99999761581421,40.000001192092896,48.2107275724411,29.030984044075012
stim_84_viola_complex.wav,25.000001192092896,40.000001192092896,40.07053166627884,28.461204171180725
stim_84_viola_complex.wav,45.0,10.000000298023224,44.40939635038376,22.645028829574585
stim_84_viola_complex.wav,64.9999988079071,0.0,51.1959832906723,25.956807732582092
stim_84_viola_complex.wav,25.000001192092896,10.000000298023224,32.94541776180267,35.8074152469635
stim_84_viola_complex.wav,64.9999988079071,30.0,40.56951642036438,28.579933047294617
stim_84_viola_complex.wav,74.99999821186066,40.000001192092896,40.119699239730835,28.575668334960938
stim_84_viola_complex.wav,40.000000298023224,10.000000298023224,46.19967699050903,28.54967951774597
stim_84_viola_complex.wav,25.000001192092896,10.000000298023224,40.313740968704224,28.502225875854492
stim_84_viola_complex.wav,45.0,60.0,40.687984228134155,28.519765734672546
stim_84_viola_complex.wav,60.00000178813934,0.0,41.92025005817413,24.286519289016724
stim_84_viola_complex.wav,25.000001192092896,0.0,40.090736746788025,28.457645773887634
stim_84_viola_complex.wav,15.000000447034836,20.000000596046448,40.84812819957733,28.450639843940735
stim_84_viola_complex.wav,20.000000149011612,0.0,29.501423835754395,32.855565547943115
stim_84_viola_complex.wav,25.000001192092896,20.000000596046448,35.0884222984314,31.221789121627808
stim_84_viola_complex.wav,74.99999821186066,30.0,43.20485919713974,28.52053999900818
stim_84_viola_complex.wav,0.0,20.000000596046448,40.85412293672562,28.407551050186157
stim_84_viola_complex.wav,35.00000059604645,49.999998807907104,40.29944747686386,28.431977033615112
stim_84_viola_complex.wav,30.00000089406967,30.0,40.79148530960083,28.512040972709656
stim_84_viola_complex.wav,50.00000238418579,40.000001192092896,41.162029802799225,28.573631644248962
stim_84_viola_complex.wav,45.0,40.000001192092896,45.830374360084534,35.47395586967468
stim_84_viola_complex.wav,20.000000149011612,40.000001192092896,36.86393201351166,29.050405025482178
stim_84_viola_complex.wav,84.99999761581421,0.0,41.21247947216034,28.42128574848175
stim_84_viola_complex.wav,90.0,10.000000298023224,40.44350892305374,28.42319369316101
stim_84_viola_complex.wav,15.000000447034836,60.0,37.33561456203461,28.788270950317383
stim_84_viola_complex.wav,60.00000178813934,60.0,48.79182815551758,33.32311391830444
stim_84_viola_complex.wav,70.0000011920929,30.0,40.597577691078186,28.452794551849365
stim_84_viola_complex.wav,84.99999761581421,40.000001192092896,50.044119358062744,29.76170003414154
stim_84_viola_complex.wav,84.99999761581421,30.0,41.18917107582092,28.375192880630493
stim_84_viola_complex.wav,15.000000447034836,20.000000596046448,39.896322190761566,28.502243757247925
stim_84_viola_complex.wav,5.000000037252903,0.0,19.245764315128326,30.6751549243927
stim_84_viola_complex.wav,84.99999761581421,10.000000298023224,63.17918121814728,23.82041037082672
stim_84_viola_complex.wav,10.000000074505806,49.999998807907104,39.50394183397293,28.70938003063202
stim_84_viola_complex.wav,25.000001192092896,40.000001192092896,35.54072588682175,28.815279006958008
stim_84_viola_complex.wav,54.99999940395355,60.0,44.340297281742096,24.085546731948853
stim_84_viola_complex.wav,80.00000059604645,49.999998807907104,52.535494565963745,28.85858952999115
stim_60_viola_complex.wav,90.0,60.0,53.02794277667999,27.974597811698914
stim_60_viola_complex.wav,0.0,40.000001192092896,18.33903282880783,26.076486110687256
stim_60_viola_complex.wav,40.000000298023224,40.000001192092896,40.25658845901489,29.03545081615448
stim_60_viola_complex.wav,5.000000037252903,30.0,17.86692649126053,25.629669427871704
stim_60_viola_complex.wav,10.000000074505806,40.000001192092896,35.41948199272156,27.147037982940674
stim_60_viola_complex.wav,60.00000178813934,40.000001192092896,43.50628316402435,28.84680926799774
stim_60_viola_complex.wav,60.00000178813934,30.0,58.52009296417236,35.73355793952942
stim_60_viola_complex.wav,5.000000037252903,30.0,30.354859828948975,29.482828974723816
stim_60_viola_complex.wav,10.000000074505806,30.0,29.723827242851257,27.956255078315735
stim_60_viola_complex.wav,25.000001192092896,10.000000298023224,23.36490511894226,12.804034352302551
stim_60_viola_complex.wav,80.00000059604645,30.0,47.084505558013916,29.741402864456177
stim_60_viola_complex.wav,80.00000059604645,30.0,43.03968608379364,28.864837288856506
stim_60_viola_complex.wav,30.00000089406967,40.000001192092896,36.95818215608597,28.39401662349701
stim_60_viola_complex.wav,40.000000298023224,10.000000298023224,54.331507086753845,34.5965051651001
stim_60_viola_complex.wav,20.000000149011612,10.000000298023224,20.268061459064484,14.576477408409119
stim_60_viola_complex.wav,15.000000447034836,40.000001192092896,34.645667374134064,29.890335202217102
stim_60_viola_complex.wav,74.99999821186066,0.0,66.28851592540741,7.14528501033783
stim_60_viola_complex.wav,90.0,60.0,40.92777103185654,28.431880474090576
stim_60_viola_complex.wav,74.99999821186066,30.0,62.55039095878601,32.740187644958496
stim_60_viola_complex.wav,50.00000238418579,40.000001192092896,44.744680523872375,29.529563784599304
stim_60_viola_complex.wav,35.00000059604645,10.000000298023224,32.35294461250305,22.454697489738464
stim_60_viola_complex.wav,74.99999821186066,49.999998807907104,54.86868917942047,34.45915460586548
stim_60_viola_complex.wav,0.0,60.0,40.75574487447739,29.00694966316223
stim_60_viola_complex.wav,5.000000037252903,49.999998807907104,16.280035078525543,40.5511736869812
stim_60_viola_complex.wav,64.9999988079071,40.000001192092896,49.67884004116058,28.876964449882507
stim_60_viola_complex.wav,70.0000011920929,20.000000596046448,57.63444900512695,34.48472499847412
stim_60_viola_complex.wav,84.99999761581421,40.000001192092896,64.54959690570831,36.33073925971985
stim_60_viola_complex.wav,90.0,20.000000596046448,55.15452682971954,10.947192907333374
stim_60_viola_complex.wav,30.00000089406967,0.0,21.49398386478424,19.00365114212036
stim_60_viola_complex.wav,10.000000074505806,10.000000298023224,16.01173371076584,31.575121879577637
stim_60_viola_complex.wav,5.000000037252903,49.999998807907104,17.734216153621674,28.39312255382538
stim_60_viola_complex.wav,54.99999940395355,20.000000596046448,65.03457248210907,35.981197357177734
stim_60_viola_complex.wav,74.99999821186066,10.000000298023224,41.42311602830887,28.825934529304504
stim_60_viola_complex.wav,25.000001192092896,20.000000596046448,40.0972706079483,26.959058046340942
stim_60_viola_complex.wav,20.000000149011612,0.0,28.297779858112335,18.53006422519684
stim_60_viola_complex.wav,45.0,60.0,52.44922399520874,32.22727060317993
stim_60_viola_complex.wav,84.99999761581421,0.0,66.84210777282715,13.806126415729523
stim_60_viola_complex.wav,74.99999821186066,0.0,50.34588396549225,31.109755039215088
stim_60_viola_complex.wav,45.0,30.0,44.544316828250885,30.726016759872437
stim_60_viola_complex.wav,45.0,60.0,51.06841206550598,33.39367389678955
stim_60_viola_complex.wav,10.000000074505806,49.999998807907104,34.51149523258209,28.78225028514862
stim_60_viola_complex.wav,35.00000059604645,20.000000596046448,33.16301465034485,24.38061833381653
stim_60_viola_complex.wav,64.9999988079071,40.000001192092896,41.63727968931198,28.073090314865112
stim_60_viola_complex.wav,64.9999988079071,49.999998807907104,65.80860435962677,39.91886258125305
stim_60_viola_complex.wav,20.000000149011612,10.000000298023224,37.533773481845856,25.990018844604492
stim_60_viola_complex.wav,35.00000059604645,0.0,42.914311587810516,30.084643363952637
stim_60_viola_complex.wav,70.0000011920929,20.000000596046448,35.17123281955719,28.919187784194946
stim_60_viola_complex.wav,70.0000011920929,0.0,46.335203647613525,28.803119659423828
stim_60_viola_complex.wav,80.00000059604645,40.000001192092896,52.83865928649902,34.236438274383545
stim_60_viola_complex.wav,84.99999761581421,40.000001192092896,60.21275997161865,34.421796798706055
stim_60_viola_complex.wav,40.000000298023224,60.0,44.95163440704346,32.80791163444519
stim_60_viola_complex.wav,30.00000089406967,30.0,33.65330636501312,22.17266321182251
stim_60_viola_complex.wav,50.00000238418579,20.000000596046448,43.378373980522156,30.014519691467285
stim_60_viola_complex.wav,60.00000178813934,10.000000298023224,42.38420516252518,28.216904997825623
stim_60_viola_complex.wav,64.9999988079071,10.000000298023224,64.84720945358276,29.63400363922119
stim_60_viola_complex.wav,15.000000447034836,20.000000596046448,18.927506804466248,19.635121822357178
stim_60_viola_complex.wav,45.0,0.0,33.6045116186142,30.13689637184143
stim_60_viola_complex.wav,30.00000089406967,30.0,27.068882882595062,14.310425519943237
stim_60_viola_complex.wav,15.000000447034836,30.0,29.97490882873535,30.499520301818848
stim_60_viola_complex.wav,45.0,0.0,34.96729373931885,22.40141451358795
stim_60_viola_complex.wav,90.0,10.000000298023224,42.68131345510483,25.312662720680237
stim_60_viola_complex.wav,35.00000059604645,60.0,37.481950521469116,29.416986107826233
stim_60_viola_complex.wav,15.000000447034836,30.0,34.108302891254425,30.108836889266968
stim_60_viola_complex.wav,0.0,40.000001192092896,38.52746218442917,28.443832397460938
stim_60_viola_complex.wav,54.99999940395355,49.999998807907104,56.40796601772308,43.72669458389282
stim_60_viola_complex.wav,90.0,20.000000596046448,66.80972814559937,4.7912174463272095
stim_60_viola_complex.wav,84.99999761581421,10.000000298023224,55.86022138595581,24.627426266670227
stim_60_viola_complex.wav,84.99999761581421,30.0,65.7112991809845,26.433441638946533
stim_60_viola_complex.wav,74.99999821186066,49.999998807907104,67.60256767272949,41.648290157318115
stim_60_viola_complex.wav,25.000001192092896,40.000001192092896,38.05344879627228,26.634889841079712
stim_60_viola_complex.wav,35.00000059604645,0.0,41.04020118713379,28.645888566970825
stim_60_viola_complex.wav,60.00000178813934,49.999998807907104,45.96958100795746,31.927932500839233
stim_60_viola_complex.wav,64.9999988079071,10.000000298023224,42.01808899641037,28.81415605545044
stim_60_viola_complex.wav,84.99999761581421,49.999998807907104,66.29721701145172,39.46176052093506
stim_60_viola_complex.wav,80.00000059604645,60.0,64.39671635627747,32.31382369995117
stim_60_viola_complex.wav,74.99999821186066,60.0,41.472613513469696,28.81145417690277
stim_60_viola_complex.wav,20.000000149011612,0.0,21.313693821430206,20.763561129570007
stim_60_viola_complex.wav,15.000000447034836,60.0,34.81847405433655,28.963040113449097
stim_60_viola_complex.wav,74.99999821186066,30.0,49.488548040390015,31.81011199951172
stim_60_viola_complex.wav,10.000000074505806,49.999998807907104,15.432231724262238,36.97574973106384
stim_60_viola_complex.wav,90.0,60.0,47.104504108428955,30.750410556793213
stim_60_viola_complex.wav,15.000000447034836,10.000000298023224,20.210046619176865,17.7903950214386
stim_60_viola_complex.wav,45.0,30.0,59.787957072257996,38.10450196266174
stim_60_viola_complex.wav,45.0,49.999998807907104,54.917757511138916,35.97142696380615
stim_60_viola_complex.wav,54.99999940395355,0.0,42.5042125582695,28.81756067276001
stim_60_viola_complex.wav,45.0,40.000001192092896,33.175993859767914,31.07495427131653
stim_60_viola_complex.wav,15.000000447034836,49.999998807907104,26.277242302894592,28.172303438186646
stim_60_viola_complex.wav,60.00000178813934,30.0,45.96958637237549,29.617334604263306
stim_60_viola_complex.wav,5.000000037252903,49.999998807907104,14.640561640262604,24.518287181854248
stim_60_viola_complex.wav,35.00000059604645,30.0,39.70173329114914,28.814921379089355
stim_60_viola_complex.wav,10.000000074505806,49.999998807907104,34.96288150548935,28.93730342388153
stim_60_viola_complex.wav,80.00000059604645,10.000000298023224,66.52324676513672,7.31605589389801
stim_60_viola_complex.wav,74.99999821186066,10.000000298023224,64.98118042945862,17.108641862869263
stim_60_viola_complex.wav,70.0000011920929,60.0,64.377361536026,32.94009447097778
stim_60_viola_complex.wav,15.000000447034836,40.000001192092896,15.699650645256042,27.895288467407227
stim_60_viola_complex.wav,5.000000037252903,10.000000298023224,36.84786021709442,29.260345101356506
stim_60_viola_complex.wav,80.00000059604645,60.0,61.290380358695984,30.75595736503601
stim_60_viola_complex.wav,64.9999988079071,49.999998807907104,72.04058825969696,42.1635103225708
stim_60_viola_complex.wav,45.0,49.999998807907104,44.02501434087753,29.3421471118927
stim_60_viola_complex.wav,10.000000074505806,10.000000298023224,17.53126949071884,27.7034729719162
stim_60_viola_complex.wav,5.000000037252903,0.0,39.45959955453873,28.940134048461914
stim_60_viola_complex.wav,90.0,40.000001192092896,62.46174395084381,31.297985315322876
stim_60_viola_complex.wav,30.00000089406967,20.000000596046448,32.468944787979126,20.51290512084961
stim_60_viola_complex.wav,80.00000059604645,0.0,38.17795157432556,27.112573385238647
stim_60_viola_complex.wav,0.0,49.999998807907104,8.752182126045227,23.996644020080566
stim_60_viola_complex.wav,10.000000074505806,10.000000298023224,34.98203784227371,30.233302116394043
stim_60_viola_complex.wav,5.000000037252903,40.000001192092896,16.79850071668625,24.926666021347046
stim_60_viola_complex.wav,90.0,10.000000298023224,62.52264618873596,15.027955770492554
stim_60_viola_complex.wav,60.00000178813934,40.000001192092896,43.33880066871643,26.10023260116577
stim_60_viola_complex.wav,25.000001192092896,60.0,28.104405999183655,18.560006618499756
stim_60_viola_complex.wav,50.00000238418579,10.000000298023224,45.59321343898773,29.228332042694092
stim_60_viola_complex.wav,54.99999940395355,20.000000596046448,63.70123028755188,38.227622509002686
stim_60_viola_complex.wav,60.00000178813934,0.0,47.12256073951721,30.77502965927124
stim_60_viola_complex.wav,60.00000178813934,49.999998807907104,63.3294814825058,34.44565773010254
stim_60_viola_complex.wav,50.00000238418579,20.000000596046448,55.631380677223206,37.31609344482422
stim_60_viola_complex.wav,74.99999821186066,10.000000298023224,66.88592433929443,11.09551191329956
stim_60_viola_complex.wav,54.99999940395355,0.0,58.20710062980652,36.03929400444031
stim_60_viola_complex.wav,15.000000447034836,40.000001192092896,19.389517307281494,32.43326783180237
stim_60_viola_complex.wav,45.0,40.000001192092896,36.750635504722595,29.409608244895935
stim_60_viola_complex.wav,60.00000178813934,10.000000298023224,40.50786316394806,29.005306363105774
stim_60_viola_complex.wav,45.0,49.999998807907104,46.863802671432495,37.10158824920654
stim_60_viola_complex.wav,10.000000074505806,30.0,31.625682413578033,28.998827934265137
stim_60_viola_complex.wav,45.0,20.000000596046448,37.26586639881134,23.967686891555786
stim_60_viola_complex.wav,0.0,10.000000298023224,33.840476274490356,29.490619897842407
stim_60_viola_complex.wav,0.0,60.0,19.74293053150177,28.545203804969788
stim_60_viola_complex.wav,64.9999988079071,30.0,55.99426209926605,32.05707907676697
stim_60_viola_complex.wav,64.9999988079071,40.000001192092896,42.364555299282074,29.21405553817749
stim_60_viola_complex.wav,80.00000059604645,40.000001192092896,47.994670271873474,31.151808500289917
stim_60_viola_complex.wav,0.0,0.0,13.429815173149109,22.414308786392212
stim_60_viola_complex.wav,60.00000178813934,0.0,49.61293816566467,34.57980394363403
stim_60_viola_complex.wav,5.000000037252903,30.0,22.967661917209625,31.602541208267212
stim_60_viola_complex.wav,50.00000238418579,10.000000298023224,51.30320727825165,29.493377208709717
stim_60_viola_complex.wav,60.00000178813934,30.0,67.55433082580566,28.039841651916504
stim_60_viola_complex.wav,20.000000149011612,30.0,33.95256847143173,26.93518102169037
stim_60_viola_complex.wav,40.000000298023224,10.000000298023224,46.38896584510803,30.83211064338684
stim_60_viola_complex.wav,40.000000298023224,40.000001192092896,35.61037480831146,25.83067238330841
stim_60_viola_complex.wav,90.0,10.000000298023224,38.147280514240265,27.05803871154785
stim_60_viola_complex.wav,45.0,60.0,37.203049063682556,26.994706392288208
stim_60_viola_complex.wav,35.00000059604645,10.000000298023224,31.368396878242493,26.36026918888092
stim_60_viola_complex.wav,20.000000149011612,60.0,27.63763189315796,30.994287729263306
stim_72_viola_complex.wav,74.99999821186066,60.0,51.06943666934967,30.630369186401367
stim_72_viola_complex.wav,50.00000238418579,20.000000596046448,41.485150158405304,29.61383879184723
stim_72_viola_complex.wav,70.0000011920929,49.999998807907104,49.95061755180359,30.4409658908844
stim_72_viola_complex.wav,64.9999988079071,0.0,38.51597160100937,28.757550716400146
stim_72_viola_complex.wav,90.0,0.0,67.91342496871948,18.279839158058167
stim_72_viola_complex.wav,40.000000298023224,20.000000596046448,37.473989725112915,28.446990251541138
stim_72_viola_complex.wav,10.000000074505806,10.000000298023224,32.93676495552063,30.759122371673584
stim_72_viola_complex.wav,35.00000059604645,30.0,43.17006289958954,27.725197076797485
stim_72_viola_complex.wav,50.00000238418579,0.0,38.496737480163574,29.590044021606445
stim_72_viola_complex.wav,10.000000074505806,40.000001192092896,16.924886405467987,37.21884369850159
stim_72_viola_complex.wav,74.99999821186066,49.999998807907104,38.47728610038757,29.526241421699524
stim_72_viola_complex.wav,40.000000298023224,30.0,40.123465061187744,31.145142316818237
stim_72_viola_complex.wav,0.0,10.000000298023224,33.83957505226135,29.17872726917267
stim_72_viola_complex.wav,54.99999940395355,10.000000298023224,51.372730135917664,26.43482208251953
stim_72_viola_complex.wav,64.9999988079071,49.999998807907104,40.795342326164246,28.935409784317017
stim_72_viola_complex.wav,35.00000059604645,20.000000596046448,41.46270543336868,28.362956643104553
stim_72_viola_complex.wav,80.00000059604645,20.000000596046448,42.44736313819885,26.199177503585815
stim_72_viola_complex.wav,60.00000178813934,49.999998807907104,40.90794950723648,28.585147261619568
stim_72_viola_complex.wav,45.0,0.0,39.14790004491806,28.98331582546234
stim_72_viola_complex.wav,54.99999940395355,30.0,39.95474874973297,29.368069767951965
stim_72_viola_complex.wav,90.0,60.0,46.732460260391235,29.596034288406372
stim_72_viola_complex.wav,10.000000074505806,60.0,33.55253309011459,29.666612148284912
stim_72_viola_complex.wav,35.00000059604645,60.0,43.46043348312378,29.079063534736633
stim_72_viola_complex.wav,80.00000059604645,60.0,67.08693981170654,35.68862557411194
stim_72_viola_complex.wav,74.99999821186066,0.0,39.21956866979599,28.493240475654602
stim_72_viola_complex.wav,0.0,20.000000596046448,33.19204419851303,29.076640605926514
stim_72_viola_complex.wav,15.000000447034836,40.000001192092896,34.22873675823212,30.19359827041626
stim_72_viola_complex.wav,45.0,30.0,40.104217529296875,28.793687224388123
stim_72_viola_complex.wav,25.000001192092896,10.000000298023224,32.14457988739014,34.810298681259155
stim_72_viola_complex.wav,74.99999821186066,49.999998807907104,49.5350307226181,20.13148069381714
stim_72_viola_complex.wav,10.000000074505806,0.0,34.48454439640045,28.942553400993347
stim_72_viola_complex.wav,20.000000149011612,30.0,40.16423463821411,28.52630853652954
stim_72_viola_complex.wav,45.0,40.000001192092896,44.09663200378418,34.0052855014801
stim_72_viola_complex.wav,40.000000298023224,10.000000298023224,41.299484968185425,33.58619570732117
stim_72_viola_complex.wav,15.000000447034836,0.0,38.4004220366478,28.529167771339417
stim_72_viola_complex.wav,30.00000089406967,40.000001192092896,29.054412245750427,28.50255846977234
stim_72_viola_complex.wav,84.99999761581421,60.0,46.2158989906311,30.03275156021118
stim_72_viola_complex.wav,5.000000037252903,30.0,28.544073700904846,33.37912559509277
stim_72_viola_complex.wav,80.00000059604645,30.0,61.12639009952545,28.771288990974426
stim_72_viola_complex.wav,80.00000059604645,60.0,62.75914192199707,28.21755051612854
stim_72_viola_complex.wav,20.000000149011612,30.0,40.1485812664032,28.6150985956192
stim_72_viola_complex.wav,60.00000178813934,10.000000298023224,53.965959548950195,23.914271593093872
stim_72_viola_complex.wav,60.00000178813934,49.999998807907104,45.94708263874054,32.782477140426636
stim_72_viola_complex.wav,70.0000011920929,60.0,45.59474766254425,28.849393129348755
stim_72_viola_complex.wav,54.99999940395355,49.999998807907104,39.953917264938354,30.02747654914856
stim_72_viola_complex.wav,50.00000238418579,10.000000298023224,45.65540313720703,16.367509961128235
stim_72_viola_complex.wav,80.00000059604645,60.0,66.05359196662903,35.75002670288086
stim_72_viola_complex.wav,84.99999761581421,60.0,69.76643443107605,31.08582615852356
stim_72_viola_complex.wav,74.99999821186066,0.0,43.88971567153931,27.758227586746216
stim_72_viola_complex.wav,35.00000059604645,49.999998807907104,40.55274724960327,28.77134621143341
stim_72_viola_complex.wav,15.000000447034836,10.000000298023224,14.633335769176483,18.145238757133484
stim_72_viola_complex.wav,45.0,20.000000596046448,39.61481899023056,28.709422945976257
stim_72_viola_complex.wav,60.00000178813934,20.000000596046448,57.34438955783844,32.505176067352295
stim_72_viola_complex.wav,0.0,20.000000596046448,29.18720841407776,30.636152029037476
stim_72_viola_complex.wav,0.0,60.0,39.92933213710785,29.148618578910828
stim_72_viola_complex.wav,74.99999821186066,0.0,43.283777832984924,28.069952130317688
stim_72_viola_complex.wav,74.99999821186066,49.999998807907104,48.12391519546509,22.257936000823975
stim_72_viola_complex.wav,84.99999761581421,20.000000596046448,69.82159674167633,34.445765018463135
stim_72_viola_complex.wav,80.00000059604645,0.0,40.328345596790314,28.059480786323547
stim_72_viola_complex.wav,64.9999988079071,0.0,50.38309693336487,24.30904269218445
stim_72_viola_complex.wav,54.99999940395355,30.0,41.259777545928955,28.700015544891357
stim_72_viola_complex.wav,50.00000238418579,49.999998807907104,40.353772938251495,31.656242609024048
stim_72_viola_complex.wav,40.000000298023224,0.0,43.66488754749298,29.482585787773132
stim_72_viola_complex.wav,30.00000089406967,40.000001192092896,40.675254464149475,28.5540372133255
stim_72_viola_complex.wav,20.000000149011612,20.000000596046448,37.541372179985046,28.39570641517639
stim_72_viola_complex.wav,84.99999761581421,0.0,49.82016563415527,27.064740657806396
stim_72_viola_complex.wav,90.0,30.0,44.26295846700668,29.18218195438385
stim_72_viola_complex.wav,50.00000238418579,30.0,45.276530385017395,31.65300965309143
stim_72_viola_complex.wav,5.000000037252903,10.000000298023224,37.27205693721771,29.459034204483032
stim_72_viola_complex.wav,30.00000089406967,10.000000298023224,32.058344185352325,28.14026713371277
stim_72_viola_complex.wav,30.00000089406967,20.000000596046448,36.70258641242981,27.987858653068542
stim_72_viola_complex.wav,40.000000298023224,60.0,39.038270115852356,30.52016258239746
stim_72_viola_complex.wav,80.00000059604645,0.0,41.37045085430145,28.363181948661804
stim_72_viola_complex.wav,64.9999988079071,40.000001192092896,40.494374334812164,28.440579771995544
stim_72_viola_complex.wav,90.0,20.000000596046448,69.15415048599243,22.14213252067566
stim_72_viola_complex.wav,74.99999821186066,20.000000596046448,62.21474468708038,25.705259442329407
stim_72_viola_complex.wav,74.99999821186066,49.999998807907104,44.4800940155983,20.95571994781494
stim_72_viola_complex.wav,50.00000238418579,10.000000298023224,46.67215347290039,17.216931581497192
stim_72_viola_complex.wav,5.000000037252903,30.0,13.990981578826904,38.18972110748291
stim_72_viola_complex.wav,45.0,0.0,41.3251993060112,28.702892661094666
stim_72_viola_complex.wav,80.00000059604645,60.0,67.85178780555725,35.39716601371765
stim_72_viola_complex.wav,30.00000089406967,0.0,38.263009786605835,28.6473548412323
stim_72_viola_complex.wav,25.000001192092896,10.000000298023224,38.65447014570236,28.591087460517883
stim_72_viola_complex.wav,74.99999821186066,20.000000596046448,46.40324056148529,28.78044605255127
stim_72_viola_complex.wav,70.0000011920929,20.000000596046448,41.892725229263306,27.867459654808044
stim_72_viola_complex.wav,60.00000178813934,30.0,59.84370946884155,31.926133632659912
stim_72_viola_complex.wav,80.00000059604645,49.999998807907104,46.992661356925964,27.989455461502075
stim_72_viola_complex.wav,30.00000089406967,40.000001192092896,30.450239181518555,29.291730523109436
stim_72_viola_complex.wav,64.9999988079071,49.999998807907104,48.755720257759094,34.687145948410034
stim_72_viola_complex.wav,40.000000298023224,20.000000596046448,40.05735129117966,34.436291456222534
stim_72_viola_complex.wav,84.99999761581421,10.000000298023224,49.172959327697754,24.704827666282654
stim_72_viola_complex.wav,5.000000037252903,20.000000596046448,39.84155148267746,28.802592158317566
stim_72_viola_complex.wav,5.000000037252903,60.0,37.56915181875229,28.35617244243622
stim_72_viola_complex.wav,5.000000037252903,10.000000298023224,38.134041130542755,28.803952932357788
stim_72_viola_complex.wav,90.0,49.999998807907104,49.18736815452576,23.407816886901855
stim_72_viola_complex.wav,50.00000238418579,49.999998807907104,44.83776122331619,38.893303871154785
stim_72_viola_complex.wav,40.000000298023224,40.000001192092896,36.62188410758972,29.525939226150513
stim_72_viola_complex.wav,40.000000298023224,49.999998807907104,39.06155705451965,28.294710516929626
stim_72_viola_complex.wav,84.99999761581421,30.0,40.94758719205856,28.559231758117676
stim_72_viola_complex.wav,84.99999761581421,40.000001192092896,45.38828730583191,26.896228194236755
stim_72_viola_complex.wav,80.00000059604645,0.0,43.51879298686981,28.136487007141113
stim_72_viola_complex.wav,40.000000298023224,0.0,46.16349935531616,27.873584032058716
stim_72_viola_complex.wav,35.00000059604645,60.0,41.23086601495743,28.393499851226807
stim_72_viola_complex.wav,54.99999940395355,0.0,57.80957579612732,26.14751636981964
stim_72_viola_complex.wav,54.99999940395355,20.000000596046448,43.274677097797394,27.84063220024109
stim_72_viola_complex.wav,10.000000074505806,0.0,36.084618866443634,29.205329418182373
stim_72_viola_complex.wav,10.000000074505806,49.999998807907104,37.39036113023758,29.595125913619995
stim_72_viola_complex.wav,40.000000298023224,49.999998807907104,39.4119393825531,36.85040473937988
stim_72_viola_complex.wav,5.000000037252903,20.000000596046448,38.32050025463104,29.5381361246109
stim_72_viola_complex.wav,30.00000089406967,40.000001192092896,31.325747072696686,19.708821773529053
stim_72_viola_complex.wav,70.0000011920929,10.000000298023224,52.160747051239014,19.338814616203308
stim_72_viola_complex.wav,84.99999761581421,40.000001192092896,52.62200653553009,27.777884602546692
stim_72_viola_complex.wav,54.99999940395355,49.999998807907104,42.613804936409,39.23916935920715
stim_72_viola_complex.wav,25.000001192092896,60.0,40.383360385894775,28.409491181373596
stim_72_viola_complex.wav,40.000000298023224,10.000000298023224,41.60918891429901,28.50322186946869
stim_72_viola_complex.wav,90.0,30.0,55.495816469192505,26.568161845207214
stim_72_viola_complex.wav,80.00000059604645,0.0,52.70423769950867,23.477774262428284
stim_72_viola_complex.wav,60.00000178813934,10.000000298023224,36.94106698036194,28.459678888320923
stim_72_viola_complex.wav,30.00000089406967,20.000000596046448,33.98646354675293,28.6880099773407
stim_72_viola_complex.wav,84.99999761581421,20.000000596046448,45.42397677898407,28.630977272987366
stim_72_viola_complex.wav,84.99999761581421,0.0,72.94310331344604,12.118123769760132
stim_72_viola_complex.wav,5.000000037252903,49.999998807907104,13.668824136257172,25.404197573661804
stim_59_viola_complex.wav,90.0,0.0,41.538048684597015,29.856373071670532
stim_59_viola_complex.wav,50.00000238418579,60.0,51.61543250083923,33.6074423789978
stim_59_viola_complex.wav,0.0,49.999998807907104,33.25251191854477,28.91889989376068
stim_59_viola_complex.wav,40.000000298023224,60.0,40.207337737083435,28.458280563354492
stim_59_viola_complex.wav,64.9999988079071,30.0,64.37820374965668,34.91546630859375
stim_59_viola_complex.wav,80.00000059604645,0.0,60.18379747867584,14.825180768966675
stim_59_viola_complex.wav,10.000000074505806,10.000000298023224,15.673748552799225,30.276954174041748
stim_59_viola_complex.wav,10.000000074505806,49.999998807907104,16.48614138364792,36.83368921279907
stim_59_viola_complex.wav,0.0,30.0,38.0861234664917,29.68187928199768
stim_59_viola_complex.wav,0.0,30.0,6.420403718948364,25.62031388282776
stim_59_viola_complex.wav,25.000001192092896,60.0,29.52900230884552,17.215036153793335
stim_59_viola_complex.wav,15.000000447034836,0.0,21.524940580129623,20.22540807723999
stim_59_viola_complex.wav,10.000000074505806,20.000000596046448,22.279787957668304,30.789488554000854
stim_59_viola_complex.wav,35.00000059604645,10.000000298023224,37.666470408439636,28.597079515457153
stim_59_viola_complex.wav,45.0,0.0,42.178286612033844,29.32612180709839
stim_59_viola_complex.wav,10.000000074505806,60.0,38.31872999668121,30.54587960243225
stim_59_viola_complex.wav,25.000001192092896,20.000000596046448,24.637205600738525,17.712475061416626
stim_59_viola_complex.wav,84.99999761581421,0.0,69.76129531860352,11.774230599403381
stim_59_viola_complex.wav,45.0,0.0,42.49752581119537,28.56832981109619
stim_59_viola_complex.wav,25.000001192092896,0.0,42.05108553171158,28.912335634231567
stim_59_viola_complex.wav,84.99999761581421,20.000000596046448,46.278818249702454,28.71221423149109
stim_59_viola_complex.wav,30.00000089406967,10.000000298023224,39.74799871444702,28.40376913547516
stim_59_viola_complex.wav,80.00000059604645,49.999998807907104,37.85907983779907,28.925723433494568
stim_59_viola_complex.wav,90.0,0.0,69.4667512178421,22.81217873096466
stim_59_viola_complex.wav,15.000000447034836,20.000000596046448,20.640004724264145,34.7324538230896
stim_59_viola_complex.wav,64.9999988079071,30.0,64.2104959487915,34.547317028045654
stim_59_viola_complex.wav,70.0000011920929,10.000000298023224,41.854793429374695,28.1328284740448
stim_59_viola_complex.wav,54.99999940395355,20.000000596046448,50.484044551849365,20.885748267173767
stim_59_viola_complex.wav,30.00000089406967,49.999998807907104,37.93670028448105,22.361472845077515
stim_59_viola_complex.wav,54.99999940395355,10.000000298023224,57.22262799739838,34.179532527923584
stim_59_viola_complex.wav,54.99999940395355,60.0,50.76137959957123,33.13980460166931
stim_59_viola_complex.wav,80.00000059604645,20.000000596046448,32.0859494805336,19.48742687702179
stim_59_viola_complex.wav,54.99999940395355,60.0,44.48092818260193,28.778037428855896
stim_59_viola_complex.wav,0.0,0.0,8.933078348636627,27.471150755882263
stim_59_viola_complex.wav,90.0,60.0,64.77914571762085,33.4279990196228
stim_59_viola_complex.wav,25.000001192092896,20.000000596046448,31.70963019132614,23.99725914001465
stim_59_viola_complex.wav,5.000000037252903,0.0,12.801885902881622,25.952335596084595
stim_59_viola_complex.wav,15.000000447034836,49.999998807907104,33.638894855976105,30.03928542137146
stim_59_viola_complex.wav,0.0,20.000000596046448,10.803755521774292,26.76929533481598
stim_59_viola_complex.wav,10.000000074505806,0.0,15.17423540353775,32.50970005989075
stim_59_viola_complex.wav,80.00000059604645,30.0,53.15615773200989,33.80492448806763
stim_59_viola_complex.wav,60.00000178813934,40.000001192092896,49.35229182243347,32.07024335861206
stim_59_viola_complex.wav,35.00000059604645,0.0,36.967851519584656,26.56901478767395
stim_59_viola_complex.wav,15.000000447034836,30.0,34.1711550951004,29.447962045669556
stim_59_viola_complex.wav,70.0000011920929,40.000001192092896,55.54008901119232,29.911707043647766
stim_59_viola_complex.wav,74.99999821186066,49.999998807907104,52.00345158576965,33.49748969078064
stim_59_viola_complex.wav,10.000000074505806,49.999998807907104,26.874425411224365,28.433673977851868
stim_59_viola_complex.wav,80.00000059604645,20.000000596046448,51.5503191947937,28.85383665561676
stim_59_viola_complex.wav,64.9999988079071,49.999998807907104,56.57403230667114,35.99540591239929
stim_59_viola_complex.wav,25.000001192092896,40.000001192092896,25.66297620534897,28.386987447738647
stim_59_viola_complex.wav,80.00000059604645,10.000000298023224,46.501972675323486,25.79754889011383
stim_59_viola_complex.wav,25.000001192092896,10.000000298023224,34.77838307619095,23.639413118362427
stim_59_viola_complex.wav,20.000000149011612,40.000001192092896,19.585348069667816,25.381261110305786
stim_59_viola_complex.wav,64.9999988079071,40.000001192092896,52.438119649887085,32.61940956115723
stim_59_viola_complex.wav,5.000000037252903,60.0,33.157459795475006,27.201311588287354
stim_59_viola_complex.wav,35.00000059604645,30.0,37.721707820892334,25.41541278362274
stim_59_viola_complex.wav,60.00000178813934,10.000000298023224,56.77454352378845,33.44805121421814
stim_59_viola_complex.wav,90.0,20.000000596046448,50.129510164260864,28.61033320426941
stim_59_viola_complex.wav,10.000000074505806,49.999998807907104,17.035071551799774,29.715469479560852
stim_59_viola_complex.wav,20.000000149011612,30.0,18.716768324375153,29.679084420204163
stim_59_viola_complex.wav,35.00000059604645,20.000000596046448,40.63446342945099,28.868601322174072
stim_59_viola_complex.wav,80.00000059604645,49.999998807907104,48.039329051971436,27.01439917087555
stim_59_viola_complex.wav,64.9999988079071,20.000000596046448,66.33321762084961,32.74500846862793
stim_59_viola_complex.wav,45.0,60.0,38.71744304895401,29.64690864086151
stim_59_viola_complex.wav,35.00000059604645,60.0,36.18973195552826,21.971408128738403
stim_59_viola_complex.wav,10.000000074505806,0.0,33.24399322271347,28.552486896514893
stim_59_viola_complex.wav,54.99999940395355,0.0,63.24552297592163,32.40118861198425
stim_59_viola_complex.wav,54.99999940395355,30.0,62.09491968154907,38.76794099807739
stim_59_viola_complex.wav,35.00000059604645,30.0,28.413573503494263,10.19408404827118
stim_59_viola_complex.wav,50.00000238418579,10.000000298023224,57.47466444969177,33.58827352523804
stim_59_viola_complex.wav,25.000001192092896,30.0,45.20629942417145,28.784857392311096
stim_59_viola_complex.wav,25.000001192092896,30.0,29.541093707084656,23.84349524974823
stim_59_viola_complex.wav,30.00000089406967,30.0,40.055513978004456,28.233561515808105
stim_59_viola_complex.wav,40.000000298023224,40.000001192092896,38.612040281295776,27.426865696907043
stim_59_viola_complex.wav,50.00000238418579,60.0,43.69911789894104,29.801716804504395
stim_59_viola_complex.wav,25.000001192092896,20.000000596046448,30.565418601036072,27.0157527923584
stim_59_viola_complex.wav,90.0,40.000001192092896,32.78974503278732,29.34488296508789
stim_59_viola_complex.wav,35.00000059604645,60.0,33.882978558540344,21.523550748825073
stim_59_viola_complex.wav,10.000000074505806,40.000001192092896,41.34247541427612,28.575936555862427
stim_59_viola_complex.wav,80.00000059604645,20.000000596046448,54.22279179096222,20.458436608314514
stim_59_viola_complex.wav,50.00000238418579,10.000000298023224,52.74937927722931,27.4894380569458
stim_59_viola_complex.wav,20.000000149011612,20.000000596046448,23.632884621620178,25.77860713005066
stim_59_viola_complex.wav,10.000000074505806,0.0,12.958717346191406,29.485419988632202
stim_59_viola_complex.wav,54.99999940395355,0.0,59.94859457015991,33.015793561935425
stim_59_viola_complex.wav,84.99999761581421,30.0,41.17142289876938,29.820241928100586
stim_59_viola_complex.wav,15.000000447034836,10.000000298023224,24.81039047241211,18.72940421104431
stim_59_viola_complex.wav,40.000000298023224,0.0,44.7036212682724,29.897085428237915
stim_59_viola_complex.wav,80.00000059604645,40.000001192092896,66.14627301692963,34.04454231262207
stim_59_viola_complex.wav,25.000001192092896,20.000000596046448,38.65122199058533,30.665212869644165
stim_59_viola_complex.wav,20.000000149011612,30.0,30.646139681339264,27.010774612426758
stim_59_viola_complex.wav,15.000000447034836,20.000000596046448,33.05343568325043,28.87394428253174
stim_59_viola_complex.wav,10.000000074505806,10.000000298023224,35.70504069328308,29.20782208442688
stim_59_viola_complex.wav,84.99999761581421,0.0,41.246653497219086,26.234806180000305
stim_59_viola_complex.wav,15.000000447034836,10.000000298023224,36.734445691108704,28.019421100616455
stim_59_viola_complex.wav,25.000001192092896,40.000001192092896,31.22239351272583,17.451778650283813
stim_59_viola_complex.wav,54.99999940395355,10.000000298023224,59.56239402294159,35.707658529281616
stim_59_viola_complex.wav,60.00000178813934,0.0,54.39238250255585,35.28244972229004
stim_59_viola_complex.wav,70.0000011920929,60.0,68.48558843135834,30.935533046722412
stim_59_viola_complex.wav,80.00000059604645,0.0,44.650441110134125,27.76178777217865
stim_59_viola_complex.wav,35.00000059604645,40.000001192092896,27.058400809764862,19.654598236083984
stim_59_viola_complex.wav,25.000001192092896,60.0,38.839419186115265,28.757944107055664
stim_59_viola_complex.wav,30.00000089406967,49.999998807907104,30.89414745569229,29.167145490646362
stim_59_viola_complex.wav,54.99999940395355,0.0,40.59498131275177,27.92589247226715
stim_59_viola_complex.wav,80.00000059604645,60.0,68.12690198421478,27.249024510383606
stim_59_viola_complex.wav,45.0,49.999998807907104,49.72340762615204,32.992039918899536
stim_59_viola_complex.wav,80.00000059604645,40.000001192092896,53.10043215751648,32.30209708213806
stim_59_viola_complex.wav,90.0,0.0,51.014419198036194,30.731985569000244
stim_59_viola_complex.wav,30.00000089406967,30.0,36.66962206363678,22.649561762809753
stim_59_viola_complex.wav,20.000000149011612,49.999998807907104,26.644085347652435,23.592615723609924
stim_59_viola_complex.wav,5.000000037252903,40.000001192092896,41.12186372280121,28.5138076543808
stim_59_viola_complex.wav,74.99999821186066,0.0,58.96612823009491,30.54979920387268
stim_59_viola_complex.wav,90.0,60.0,62.3766964673996,27.47489333152771
stim_59_viola_complex.wav,20.000000149011612,60.0,33.47504675388336,31.9124436378479
stim_59_viola_complex.wav,64.9999988079071,30.0,56.15389108657837,30.4874324798584
stim_59_viola_complex.wav,74.99999821186066,30.0,69.63131010532379,34.6843421459198
stim_59_viola_complex.wav,64.9999988079071,0.0,59.66571807861328,18.675236105918884
stim_59_viola_complex.wav,35.00000059604645,30.0,31.21574431657791,23.374385833740234
stim_59_viola_complex.wav,60.00000178813934,20.000000596046448,63.24379563331604,30.730233192443848
stim_59_viola_complex.wav,60.00000178813934,30.0,50.704280734062195,29.518266320228577
stim_59_viola_complex.wav,20.000000149011612,0.0,39.70200687646866,26.14965319633484
stim_59_viola_complex.wav,80.00000059604645,60.0,61.83701455593109,22.85959482192993
stim_59_viola_complex.wav,74.99999821186066,60.0,59.59927976131439,27.843090891838074
stim_59_viola_complex.wav,50.00000238418579,60.0,43.57751727104187,29.162383675575256
stim_59_viola_complex.wav,35.00000059604645,60.0,41.072658598423004,29.617406129837036
stim_59_viola_complex.wav,10.000000074505806,30.0,27.92903244495392,24.428628087043762
stim_59_viola_complex.wav,74.99999821186066,10.000000298023224,51.28685653209686,20.821523666381836
stim_59_viola_complex.wav,74.99999821186066,20.000000596046448,62.69704341888428,19.396809339523315
stim_59_viola_complex.wav,40.000000298023224,60.0,33.520692586898804,22.80296802520752
stim_59_viola_complex.wav,84.99999761581421,49.999998807907104,48.582701683044434,31.656067371368408
stim_59_viola_complex.wav,40.000000298023224,0.0,38.92613768577576,27.28009343147278
stim_100_viola_complex.wav,15.000000447034836,30.0,41.13263010978699,28.523908853530884
stim_100_viola_complex.wav,25.000001192092896,0.0,40.94267338514328,28.372660875320435
stim_100_viola_complex.wav,90.0,20.000000596046448,40.67950040102005,28.413594961166382
stim_100_viola_complex.wav,5.000000037252903,30.0,41.53233289718628,27.40480363368988
stim_100_viola_complex.wav,84.99999761581421,30.0,41.823709309101105,28.559154868125916
stim_100_viola_complex.wav,50.00000238418579,30.0,52.15243220329285,30.90898633003235
stim_100_viola_complex.wav,5.000000037252903,40.000001192092896,41.114986538887024,28.467430472373962
stim_100_viola_complex.wav,54.99999940395355,60.0,41.366400718688965,28.390880227088928
stim_100_viola_complex.wav,84.99999761581421,20.000000596046448,41.02124869823456,28.428273797035217
stim_100_viola_complex.wav,15.000000447034836,20.000000596046448,41.054682433605194,28.582162857055664
stim_100_viola_complex.wav,5.000000037252903,60.0,41.0206612944603,28.573560118675232
stim_100_viola_complex.wav,10.000000074505806,0.0,41.34296089410782,28.6118084192276
stim_100_viola_complex.wav,40.000000298023224,20.000000596046448,41.336418986320496,28.39991569519043
stim_100_viola_complex.wav,25.000001192092896,49.999998807907104,40.885464549064636,28.53593945503235
stim_100_viola_complex.wav,60.00000178813934,40.000001192092896,48.1978315114975,31.700034141540527
stim_100_viola_complex.wav,5.000000037252903,10.000000298023224,41.43900007009506,28.468989729881287
stim_100_viola_complex.wav,10.000000074505806,20.000000596046448,32.724173069000244,32.339773178100586
stim_100_viola_complex.wav,25.000001192092896,0.0,40.797453224658966,28.260703682899475
stim_100_viola_complex.wav,64.9999988079071,30.0,42.20340818166733,27.894551753997803
stim_100_viola_complex.wav,30.00000089406967,49.999998807907104,41.131417751312256,28.374937176704407
stim_100_viola_complex.wav,70.0000011920929,20.000000596046448,41.28855228424072,28.42342436313629
stim_100_viola_complex.wav,10.000000074505806,49.999998807907104,36.82790994644165,29.918053150177002
stim_100_viola_complex.wav,64.9999988079071,10.000000298023224,41.21715188026428,28.514070510864258
stim_100_viola_complex.wav,64.9999988079071,60.0,41.20790362358093,28.546993732452393
stim_100_viola_complex.wav,54.99999940395355,40.000001192092896,41.88060164451599,28.31885039806366
stim_100_viola_complex.wav,20.000000149011612,49.999998807907104,41.03428691625595,28.713406920433044
stim_100_viola_complex.wav,15.000000447034836,20.000000596046448,41.1391881108284,28.494458198547363
stim_100_viola_complex.wav,45.0,40.000001192092896,46.96404755115509,29.07305359840393
stim_100_viola_complex.wav,15.000000447034836,60.0,35.82486033439636,31.42778992652893
stim_100_viola_complex.wav,74.99999821186066,60.0,41.38634830713272,28.34929347038269
stim_100_viola_complex.wav,20.000000149011612,40.000001192092896,40.846014618873596,28.818258047103882
stim_100_viola_complex.wav,40.000000298023224,40.000001192092896,41.87804013490677,28.84986162185669
stim_100_viola_complex.wav,70.0000011920929,0.0,41.0345122218132,28.54796826839447
stim_100_viola_complex.wav,60.00000178813934,30.0,41.70467287302017,28.21423888206482
stim_100_viola_complex.wav,64.9999988079071,60.0,41.15957289934158,28.366498947143555
stim_100_viola_complex.wav,80.00000059604645,40.000001192092896,37.13180422782898,28.87281060218811
stim_100_viola_complex.wav,64.9999988079071,20.000000596046448,45.676533579826355,25.551976561546326
stim_100_viola_complex.wav,70.0000011920929,49.999998807907104,47.3664915561676,31.47505760192871
stim_100_viola_complex.wav,60.00000178813934,60.0,39.96817588806152,28.608807921409607
stim_100_viola_complex.wav,35.00000059604645,20.000000596046448,43.30528646707535,29.010765552520752
stim_100_viola_complex.wav,25.000001192092896,20.000000596046448,40.08268743753433,28.90488624572754
stim_100_viola_complex.wav,20.000000149011612,40.000001192092896,41.19031637907028,28.555548191070557
stim_100_viola_complex.wav,90.0,49.999998807907104,42.05386698246002,28.311413526535034
stim_100_viola_complex.wav,60.00000178813934,20.000000596046448,41.017826199531555,28.455421328544617
stim_100_viola_complex.wav,54.99999940395355,49.999998807907104,45.6432580947876,29.04469907283783
stim_100_viola_complex.wav,10.000000074505806,10.000000298023224,41.13790601491928,28.537577390670776
stim_100_viola_complex.wav,64.9999988079071,49.999998807907104,41.58366233110428,28.342591524124146
stim_100_viola_complex.wav,25.000001192092896,0.0,41.25747621059418,28.631404638290405
stim_100_viola_complex.wav,0.0,60.0,41.579483449459076,28.33477556705475
stim_100_viola_complex.wav,84.99999761581421,30.0,41.37264758348465,28.494222164154053
stim_100_viola_complex.wav,30.00000089406967,0.0,41.48513674736023,28.359312415122986
stim_100_viola_complex.wav,40.000000298023224,20.000000596046448,41.404244005680084,28.295438289642334
stim_100_viola_complex.wav,84.99999761581421,40.000001192092896,39.007926285266876,28.16989839076996
stim_100_viola_complex.wav,80.00000059604645,60.0,41.94872438907623,28.108261227607727
stim_100_viola_complex.wav,45.0,10.000000298023224,41.23760908842087,28.466445207595825
stim_100_viola_complex.wav,35.00000059604645,30.0,44.48025494813919,28.729460835456848
stim_100_viola_complex.wav,35.00000059604645,49.999998807907104,43.70093643665314,29.304195642471313
stim_100_viola_complex.wav,0.0,49.999998807907104,44.526230692863464,29.389981627464294
stim_100_viola_complex.wav,15.000000447034836,40.000001192092896,41.56804919242859,28.624414801597595
stim_100_viola_complex.wav,25.000001192092896,0.0,41.03478580713272,28.368549942970276
stim_100_viola_complex.wav,25.000001192092896,49.999998807907104,43.03214102983475,29.32428002357483
stim_100_viola_complex.wav,64.9999988079071,60.0,43.07576447725296,28.983365893363953
stim_100_viola_complex.wav,70.0000011920929,60.0,41.56918376684189,28.460769653320312
stim_100_viola_complex.wav,30.00000089406967,20.000000596046448,41.28477841615677,28.42550754547119
stim_100_viola_complex.wav,45.0,20.000000596046448,48.254088163375854,31.35892152786255
stim_100_viola_complex.wav,54.99999940395355,60.0,41.158180832862854,28.36005449295044
stim_100_viola_complex.wav,80.00000059604645,0.0,46.44302308559418,28.689520955085754
stim_100_viola_complex.wav,70.0000011920929,49.999998807907104,47.503724098205566,31.718144416809082
stim_100_viola_complex.wav,50.00000238418579,40.000001192092896,46.38475477695465,29.580422043800354
stim_100_viola_complex.wav,0.0,10.000000298023224,44.96121257543564,28.821603655815125
stim_100_viola_complex.wav,0.0,10.000000298023224,41.9569131731987,28.290706872940063
stim_100_viola_complex.wav,64.9999988079071,10.000000298023224,41.4422670006752,28.635841012001038
stim_100_viola_complex.wav,5.000000037252903,49.999998807907104,41.5878626704216,28.701369166374207
stim_100_viola_complex.wav,45.0,40.000001192092896,47.84563064575195,30.167241096496582
stim_100_viola_complex.wav,74.99999821186066,20.000000596046448,42.11962133646011,28.5280841588974
stim_100_viola_complex.wav,5.000000037252903,20.000000596046448,35.956095457077026,29.52855885028839
stim_100_viola_complex.wav,35.00000059604645,30.0,40.68997174501419,28.48966956138611
stim_100_viola_complex.wav,45.0,40.000001192092896,45.04427254199982,27.252659797668457
stim_100_viola_complex.wav,70.0000011920929,0.0,41.09568536281586,28.41385066509247
stim_100_viola_complex.wav,54.99999940395355,60.0,43.29976111650467,27.839051485061646
stim_100_viola_complex.wav,90.0,40.000001192092896,50.438838601112366,28.74642312526703
stim_100_viola_complex.wav,80.00000059604645,10.000000298023224,41.6862890124321,28.593342304229736
stim_100_viola_complex.wav,0.0,20.000000596046448,42.412963807582855,28.659167289733887
stim_100_viola_complex.wav,5.000000037252903,10.000000298023224,41.64562940597534,28.42984914779663
stim_100_viola_complex.wav,90.0,60.0,41.30937963724136,28.355695009231567
stim_100_viola_complex.wav,10.000000074505806,0.0,29.008457958698273,34.202327728271484
stim_100_viola_complex.wav,5.000000037252903,60.0,40.94064563512802,28.81291687488556
stim_100_viola_complex.wav,20.000000149011612,10.000000298023224,40.909250378608704,28.63133132457733
stim_100_viola_complex.wav,54.99999940395355,20.000000596046448,36.6619348526001,29.603816270828247
stim_100_viola_complex.wav,64.9999988079071,0.0,41.19440138339996,28.475046157836914
stim_100_viola_complex.wav,10.000000074505806,20.000000596046448,34.69285011291504,31.041884422302246
stim_100_viola_complex.wav,15.000000447034836,60.0,41.317466497421265,28.621312379837036
stim_100_viola_complex.wav,40.000000298023224,20.000000596046448,41.936713457107544,28.632407784461975
stim_100_viola_complex.wav,15.000000447034836,40.000001192092896,40.946514308452606,28.514031171798706
stim_100_viola_complex.wav,54.99999940395355,30.0,41.471548676490784,28.373758792877197
stim_100_viola_complex.wav,60.00000178813934,49.999998807907104,41.19263380765915,28.42663586139679
stim_100_viola_complex.wav,5.000000037252903,60.0,37.96419560909271,30.287976264953613
stim_100_viola_complex.wav,50.00000238418579,0.0,42.89837658405304,27.15440332889557
stim_100_viola_complex.wav,35.00000059604645,20.000000596046448,40.92236369848251,28.41341257095337
stim_100_viola_complex.wav,30.00000089406967,60.0,40.67485749721527,28.38180363178253
stim_100_viola_complex.wav,45.0,40.000001192092896,51.07091724872589,31.709800958633423
stim_100_viola_complex.wav,5.000000037252903,20.000000596046448,41.30354046821594,28.396883010864258
stim_100_viola_complex.wav,60.00000178813934,30.0,41.66771471500397,28.339539170265198
stim_100_viola_complex.wav,10.000000074505806,30.0,41.615068316459656,28.56358230113983
stim_100_viola_complex.wav,54.99999940395355,0.0,40.690116584300995,28.534535765647888
stim_100_viola_complex.wav,64.9999988079071,10.000000298023224,33.70273143053055,30.638433694839478
stim_100_viola_complex.wav,30.00000089406967,30.0,41.190372705459595,28.428356051445007
stim_100_viola_complex.wav,0.0,40.000001192092896,41.08056038618088,28.569368720054626
stim_100_viola_complex.wav,10.000000074505806,60.0,34.63062286376953,31.246336698532104
stim_100_viola_complex.wav,70.0000011920929,40.000001192092896,41.56300663948059,28.335798382759094
stim_100_viola_complex.wav,80.00000059604645,30.0,41.12786918878555,28.360440731048584
stim_100_viola_complex.wav,80.00000059604645,40.000001192092896,41.25909090042114,28.419193625450134
stim_100_viola_complex.wav,35.00000059604645,40.000001192092896,41.180384159088135,28.472866415977478
stim_100_viola_complex.wav,64.9999988079071,0.0,44.95204210281372,27.64433205127716
stim_100_viola_complex.wav,40.000000298023224,40.000001192092896,41.026959121227264,28.37347984313965
stim_100_viola_complex.wav,30.00000089406967,30.0,42.91056990623474,29.952144026756287
stim_100_viola_complex.wav,20.000000149011612,49.999998807907104,41.051504015922546,28.621827363967896
stim_100_viola_complex.wav,10.000000074505806,0.0,41.14444524049759,28.504849076271057
stim_100_viola_complex.wav,90.0,0.0,41.78481996059418,29.494028091430664
stim_100_viola_complex.wav,5.000000037252903,40.000001192092896,37.059760093688965,29.792758226394653
stim_100_viola_complex.wav,15.000000447034836,0.0,40.31405746936798,29.545401334762573
stim_100_viola_complex.wav,90.0,0.0,41.99069023132324,29.024691581726074
stim_105_viola_complex.wav,74.99999821186066,60.0,40.734649300575256,28.42453122138977
stim_105_viola_complex.wav,70.0000011920929,10.000000298023224,40.21466016769409,28.460739254951477
stim_105_viola_complex.wav,35.00000059604645,40.000001192092896,38.780332803726196,26.172303557395935
stim_105_viola_complex.wav,50.00000238418579,30.0,41.02224916219711,28.378191590309143
stim_105_viola_complex.wav,0.0,49.999998807907104,39.661003947257996,28.781179189682007
stim_105_viola_complex.wav,20.000000149011612,60.0,40.82428604364395,28.44584047794342
stim_105_viola_complex.wav,84.99999761581421,60.0,38.64004522562027,27.576749324798584
stim_105_viola_complex.wav,35.00000059604645,60.0,38.975839018821716,28.092180490493774
stim_105_viola_complex.wav,35.00000059604645,10.000000298023224,37.78622031211853,27.940122485160828
stim_105_viola_complex.wav,64.9999988079071,0.0,41.06546491384506,28.566232323646545
stim_105_viola_complex.wav,40.000000298023224,30.0,40.71357786655426,28.43316078186035
stim_105_viola_complex.wav,0.0,40.000001192092896,30.533425211906433,28.383307456970215
stim_105_viola_complex.wav,10.000000074505806,0.0,37.633927166461945,29.481516480445862
stim_105_viola_complex.wav,20.000000149011612,49.999998807907104,39.13487792015076,28.613911271095276
stim_105_viola_complex.wav,54.99999940395355,20.000000596046448,40.77380686998367,28.442083597183228
stim_105_viola_complex.wav,60.00000178813934,10.000000298023224,40.890260338783264,28.405144214630127
stim_105_viola_complex.wav,54.99999940395355,0.0,40.60256391763687,28.590368628501892
stim_105_viola_complex.wav,20.000000149011612,40.000001192092896,40.96120744943619,28.469867706298828
stim_105_viola_complex.wav,20.000000149011612,60.0,36.449876725673676,29.651942253112793
stim_105_viola_complex.wav,35.00000059604645,49.999998807907104,40.55074632167816,28.418235182762146
stim_105_viola_complex.wav,60.00000178813934,60.0,40.8668714761734,28.40966284275055
stim_105_viola_complex.wav,50.00000238418579,10.000000298023224,40.76586753129959,28.422147631645203
stim_105_viola_complex.wav,25.000001192092896,20.000000596046448,41.274671852588654,28.494721055030823
stim_105_viola_complex.wav,25.000001192092896,60.0,36.67530566453934,30.33429980278015
stim_105_viola_complex.wav,64.9999988079071,60.0,41.67020112276077,29.810492992401123
stim_105_viola_complex.wav,30.00000089406967,40.000001192092896,40.6834352016449,28.501684069633484
stim_105_viola_complex.wav,80.00000059604645,0.0,40.69702059030533,28.450841903686523
stim_105_viola_complex.wav,45.0,30.0,40.85857808589935,28.41327667236328
stim_105_viola_complex.wav,70.0000011920929,20.000000596046448,43.69309365749359,28.695983290672302
stim_105_viola_complex.wav,15.000000447034836,0.0,40.75352132320404,28.423109650611877
stim_105_viola_complex.wav,50.00000238418579,20.000000596046448,40.99500596523285,28.42896044254303
stim_105_viola_complex.wav,84.99999761581421,30.0,41.15371227264404,28.465577960014343
stim_105_viola_complex.wav,10.000000074505806,10.000000298023224,36.801734268665314,29.702863097190857
stim_105_viola_complex.wav,35.00000059604645,49.999998807907104,40.82362622022629,28.430031538009644
stim_105_viola_complex.wav,40.000000298023224,0.0,40.856544971466064,28.335936069488525
stim_105_viola_complex.wav,40.000000298023224,10.000000298023224,42.01826870441437,29.25863206386566
stim_105_viola_complex.wav,74.99999821186066,30.0,45.96537530422211,30.747721195220947
stim_105_viola_complex.wav,45.0,20.000000596046448,40.68836510181427,28.420667052268982
stim_105_viola_complex.wav,25.000001192092896,49.999998807907104,40.954051315784454,28.43730926513672
stim_105_viola_complex.wav,30.00000089406967,49.999998807907104,37.57688730955124,28.207349181175232
stim_105_viola_complex.wav,70.0000011920929,60.0,45.544971227645874,29.967461228370667
stim_105_viola_complex.wav,5.000000037252903,40.000001192092896,41.8723726272583,28.640109300613403
stim_105_viola_complex.wav,15.000000447034836,30.0,40.971901416778564,28.41127038002014
stim_105_viola_complex.wav,50.00000238418579,60.0,40.242029428482056,28.432735204696655
stim_105_viola_complex.wav,84.99999761581421,49.999998807907104,40.978617668151855,28.487479090690613
stim_105_viola_complex.wav,45.0,10.000000298023224,40.61763525009155,31.61960005760193
stim_105_viola_complex.wav,25.000001192092896,10.000000298023224,40.32980740070343,28.39699387550354
stim_105_viola_complex.wav,74.99999821186066,30.0,45.6762170791626,31.25614643096924
stim_105_viola_complex.wav,35.00000059604645,20.000000596046448,35.80939739942551,29.989072680473328
stim_105_viola_complex.wav,10.000000074505806,60.0,38.21017026901245,32.42352247238159
stim_105_viola_complex.wav,25.000001192092896,40.000001192092896,40.725065767765045,28.427417278289795
stim_105_viola_complex.wav,84.99999761581421,30.0,40.95869958400726,28.404802680015564
stim_105_viola_complex.wav,70.0000011920929,20.000000596046448,43.17597180604935,28.23004961013794
stim_105_viola_complex.wav,45.0,10.000000298023224,44.06685411930084,28.351855874061584
stim_105_viola_complex.wav,45.0,30.0,41.032782196998596,31.188161373138428
stim_105_viola_complex.wav,40.000000298023224,0.0,36.305930614471436,26.430559158325195
stim_105_viola_complex.wav,10.000000074505806,0.0,37.536820471286774,29.867010712623596
stim_105_viola_complex.wav,40.000000298023224,60.0,41.7540442943573,29.117789268493652
stim_105_viola_complex.wav,64.9999988079071,30.0,38.92626374959946,28.068333864212036
stim_105_viola_complex.wav,15.000000447034836,49.999998807907104,40.14694780111313,28.66534173488617
stim_105_viola_complex.wav,54.99999940395355,30.0,40.843914449214935,28.432393670082092
stim_105_viola_complex.wav,64.9999988079071,49.999998807907104,40.97480356693268,29.230669140815735
stim_105_viola_complex.wav,74.99999821186066,40.000001192092896,41.67276531457901,28.328052163124084
stim_105_viola_complex.wav,0.0,49.999998807907104,40.36170154809952,28.545677661895752
stim_105_viola_complex.wav,0.0,40.000001192092896,41.682761907577515,28.718724846839905
stim_105_viola_complex.wav,15.000000447034836,60.0,41.11732542514801,28.392430543899536
stim_105_viola_complex.wav,70.0000011920929,30.0,39.9544832110405,28.490447402000427
stim_105_viola_complex.wav,84.99999761581421,10.000000298023224,47.84870445728302,31.396121978759766
stim_105_viola_complex.wav,80.00000059604645,30.0,43.08670252561569,30.145028829574585
stim_105_viola_complex.wav,45.0,40.000001192092896,41.70724779367447,29.238102436065674
stim_105_viola_complex.wav,70.0000011920929,30.0,41.06509208679199,28.45085084438324
stim_105_viola_complex.wav,74.99999821186066,60.0,40.56812971830368,29.511396288871765
stim_105_viola_complex.wav,70.0000011920929,30.0,47.944196462631226,28.825401663780212
stim_105_viola_complex.wav,50.00000238418579,10.000000298023224,40.85295885801315,28.41608226299286
stim_105_viola_complex.wav,20.000000149011612,30.0,40.434947311878204,29.091678857803345
stim_105_viola_complex.wav,25.000001192092896,20.000000596046448,40.99832385778427,28.501843214035034
stim_105_viola_complex.wav,5.000000037252903,10.000000298023224,40.587369203567505,28.513834476470947
stim_105_viola_complex.wav,15.000000447034836,10.000000298023224,40.30053645372391,28.60546052455902
stim_105_viola_complex.wav,54.99999940395355,30.0,41.36547535657883,28.629655838012695
stim_105_viola_complex.wav,64.9999988079071,49.999998807907104,40.88128298521042,28.42312216758728
stim_105_viola_complex.wav,84.99999761581421,60.0,40.051796436309814,27.942922711372375
stim_105_viola_complex.wav,30.00000089406967,10.000000298023224,41.174118518829346,28.370550870895386
stim_105_viola_complex.wav,45.0,49.999998807907104,41.01617395877838,28.435821533203125
stim_105_viola_complex.wav,80.00000059604645,40.000001192092896,41.26377671957016,28.625720143318176
stim_105_viola_complex.wav,74.99999821186066,0.0,43.773930072784424,28.86062979698181
stim_105_viola_complex.wav,40.000000298023224,40.000001192092896,42.91884183883667,30.23737907409668
stim_105_viola_complex.wav,50.00000238418579,49.999998807907104,40.83021104335785,28.4155136346817
stim_105_viola_complex.wav,80.00000059604645,60.0,40.96895635128021,28.40739369392395
stim_105_viola_complex.wav,70.0000011920929,10.000000298023224,42.5192865729332,28.02907168865204
stim_105_viola_complex.wav,70.0000011920929,10.000000298023224,42.02064245939255,29.682211875915527
stim_105_viola_complex.wav,40.000000298023224,30.0,41.10365152359009,28.538498282432556
stim_105_viola_complex.wav,64.9999988079071,40.000001192092896,46.740732192993164,30.369597673416138
stim_105_viola_complex.wav,74.99999821186066,0.0,41.05433911085129,28.379459381103516
stim_105_viola_complex.wav,5.000000037252903,30.0,40.964495837688446,28.472090363502502
stim_105_viola_complex.wav,10.000000074505806,30.0,40.77084302902222,28.42171847820282
stim_105_viola_complex.wav,15.000000447034836,10.000000298023224,40.900868475437164,28.405526876449585
stim_105_viola_complex.wav,84.99999761581421,10.000000298023224,41.94961220026016,28.521847128868103
stim_105_viola_complex.wav,5.000000037252903,20.000000596046448,39.434062242507935,28.828216195106506
stim_105_viola_complex.wav,25.000001192092896,20.000000596046448,40.57259559631348,28.56691002845764
stim_105_viola_complex.wav,30.00000089406967,40.000001192092896,40.913477540016174,28.401381969451904
stim_105_viola_complex.wav,5.000000037252903,30.0,40.81701457500458,28.52083146572113
stim_105_viola_complex.wav,35.00000059604645,0.0,41.08999103307724,28.4451824426651
stim_105_viola_complex.wav,5.000000037252903,60.0,40.509829223155975,28.6600524187088
stim_105_viola_complex.wav,80.00000059604645,60.0,40.895217061042786,28.476895093917847
stim_105_viola_complex.wav,45.0,30.0,41.0867965221405,28.430387377738953
stim_105_viola_complex.wav,5.000000037252903,0.0,39.10446971654892,28.719822764396667
stim_105_viola_complex.wav,84.99999761581421,49.999998807907104,40.843316316604614,28.549633026123047
stim_105_viola_complex.wav,10.000000074505806,10.000000298023224,40.589254796504974,28.484110236167908
stim_105_viola_complex.wav,84.99999761581421,49.999998807907104,45.78983545303345,30.99536418914795
stim_105_viola_complex.wav,84.99999761581421,49.999998807907104,40.97093850374222,28.431918025016785
stim_105_viola_complex.wav,25.000001192092896,0.0,41.12423747777939,27.008321285247803
stim_105_viola_complex.wav,35.00000059604645,20.000000596046448,41.13661050796509,28.370030522346497
stim_105_viola_complex.wav,84.99999761581421,10.000000298023224,41.39092415571213,28.343424797058105
stim_105_viola_complex.wav,54.99999940395355,60.0,40.97169488668442,30.37521243095398
stim_105_viola_complex.wav,60.00000178813934,60.0,45.85344672203064,28.556857109069824
stim_105_viola_complex.wav,50.00000238418579,30.0,40.89521437883377,28.45751702785492
stim_105_viola_complex.wav,45.0,49.999998807907104,40.91149002313614,28.41888964176178
stim_105_viola_complex.wav,70.0000011920929,60.0,41.08858287334442,28.63592505455017
stim_105_viola_complex.wav,20.000000149011612,60.0,39.49156075716019,28.644978404045105
stim_105_viola_complex.wav,20.000000149011612,30.0,41.175258457660675,28.357322216033936
stim_105_viola_complex.wav,54.99999940395355,10.000000298023224,37.43065595626831,28.277276158332825
stim_105_viola_complex.wav,54.99999940395355,49.999998807907104,39.12934184074402,28.106489181518555
stim_105_viola_complex.wav,54.99999940395355,0.0,41.33451193571091,28.459618091583252
stim_105_viola_complex.wav,64.9999988079071,20.000000596046448,46.072266697883606,29.926421642303467
stim_105_viola_complex.wav,80.00000059604645,30.0,41.372355222702026,28.44104826450348
stim_105_viola_complex.wav,84.99999761581421,49.999998807907104,37.55633890628815,29.547502398490906
stim_105_viola_complex.wav,50.00000238418579,30.0,40.780507028102875,28.42811644077301
stim_105_viola_complex.wav,35.00000059604645,0.0,34.46729779243469,29.92414891719818
stim_105_viola_complex.wav,5.000000037252903,40.000001192092896,38.78140300512314,28.37650716304779
stim_105_viola_complex.wav,84.99999761581421,0.0,38.019561767578125,28.23052167892456
stim_105_viola_complex.wav,15.000000447034836,30.0,40.52528142929077,28.44119668006897
stim_105_viola_complex.wav,5.000000037252903,20.000000596046448,40.871227383613586,28.41542422771454
stim_105_viola_complex.wav,10.000000074505806,20.000000596046448,41.177852153778076,28.378828167915344
stim_105_viola_complex.wav,50.00000238418579,60.0,39.7847181558609,29.827242493629456
stim_105_viola_complex.wav,45.0,0.0,40.49149364233017,28.427900075912476
stim_105_viola_complex.wav,70.0000011920929,30.0,40.745793879032135,28.409850597381592
stim_105_viola_complex.wav,84.99999761581421,10.000000298023224,41.24768078327179,28.451855778694153
stim_105_viola_complex.wav,80.00000059604645,49.999998807907104,41.35636389255524,30.47418236732483
stim_105_viola_complex.wav,45.0,40.000001192092896,39.95135575532913,28.718658685684204
stim_76_viola_complex.wav,5.000000037252903,40.000001192092896,20.88660165667534,33.49554777145386
stim_76_viola_complex.wav,40.000000298023224,49.999998807907104,39.67979282140732,29.647475481033325
stim_76_viola_complex.wav,80.00000059604645,30.0,52.443612813949585,27.041786313056946
stim_76_viola_complex.wav,70.0000011920929,40.000001192092896,46.81543171405792,28.796889781951904
stim_76_viola_complex.wav,60.00000178813934,10.000000298023224,44.23951059579849,27.07062005996704
stim_76_viola_complex.wav,74.99999821186066,0.0,57.24484205245972,12.982960939407349
stim_76_viola_complex.wav,30.00000089406967,0.0,30.591484308242798,15.106927156448364
stim_76_viola_complex.wav,84.99999761581421,60.0,66.54666781425476,31.089788675308228
stim_76_viola_complex.wav,5.000000037252903,40.000001192092896,20.456703901290894,29.295161962509155
stim_76_viola_complex.wav,90.0,40.000001192092896,49.57563400268555,25.104276537895203
stim_76_viola_complex.wav,70.0000011920929,49.999998807907104,55.23447275161743,37.5167977809906
stim_76_viola_complex.wav,10.000000074505806,60.0,30.213813185691833,36.430556774139404
stim_76_viola_complex.wav,60.00000178813934,60.0,54.49592649936676,32.257654666900635
stim_76_viola_complex.wav,54.99999940395355,60.0,42.370525896549225,27.65614092350006
stim_76_viola_complex.wav,45.0,20.000000596046448,40.143431425094604,29.97891068458557
stim_76_viola_complex.wav,90.0,10.000000298023224,53.13762903213501,24.44661855697632
stim_76_viola_complex.wav,45.0,0.0,42.188106179237366,28.6789870262146
stim_76_viola_complex.wav,60.00000178813934,60.0,45.2509742975235,27.29435920715332
stim_76_viola_complex.wav,60.00000178813934,49.999998807907104,39.35911864042282,28.86945605278015
stim_76_viola_complex.wav,74.99999821186066,30.0,37.655022740364075,29.198927879333496
stim_76_viola_complex.wav,80.00000059604645,10.000000298023224,60.066874623298645,15.421335697174072
stim_76_viola_complex.wav,35.00000059604645,20.000000596046448,38.836766481399536,29.219019412994385
stim_76_viola_complex.wav,35.00000059604645,10.000000298023224,37.624815702438354,29.123366475105286
stim_76_viola_complex.wav,50.00000238418579,60.0,51.52314305305481,25.958159565925598
stim_76_viola_complex.wav,54.99999940395355,60.0,47.870537638664246,37.407649755477905
stim_76_viola_complex.wav,30.00000089406967,30.0,35.000338554382324,24.563975930213928
stim_76_viola_complex.wav,0.0,49.999998807907104,6.754505038261414,29.525610208511353
stim_76_viola_complex.wav,90.0,20.000000596046448,63.62627327442169,15.743869543075562
stim_76_viola_complex.wav,64.9999988079071,30.0,48.487499356269836,23.733043670654297
stim_76_viola_complex.wav,40.000000298023224,20.000000596046448,38.40651333332062,28.68497908115387
stim_76_viola_complex.wav,35.00000059604645,60.0,39.39301908016205,29.049164056777954
stim_76_viola_complex.wav,84.99999761581421,10.000000298023224,57.97538995742798,20.789726972579956
stim_76_viola_complex.wav,54.99999940395355,49.999998807907104,40.56933671236038,47.179073095321655
stim_76_viola_complex.wav,25.000001192092896,10.000000298023224,25.641419291496277,21.701828241348267
stim_76_viola_complex.wav,10.000000074505806,0.0,17.462717592716217,29.57174241542816
stim_76_viola_complex.wav,5.000000037252903,20.000000596046448,7.115964889526367,23.509034514427185
stim_76_viola_complex.wav,80.00000059604645,20.000000596046448,46.703524589538574,25.295459032058716
stim_76_viola_complex.wav,30.00000089406967,0.0,36.09699189662933,28.30530345439911
stim_76_viola_complex.wav,25.000001192092896,10.000000298023224,35.71274936199188,28.41002583503723
stim_76_viola_complex.wav,74.99999821186066,0.0,58.941650390625,17.499361038208008
stim_76_viola_complex.wav,80.00000059604645,30.0,48.30556511878967,29.058948755264282
stim_76_viola_complex.wav,35.00000059604645,30.0,35.481242537498474,27.488413453102112
stim_76_viola_complex.wav,20.000000149011612,0.0,40.192360281944275,28.523114919662476
stim_76_viola_complex.wav,45.0,10.000000298023224,39.94579553604126,28.89314889907837
stim_76_viola_complex.wav,64.9999988079071,0.0,43.322246074676514,25.99457859992981
stim_76_viola_complex.wav,35.00000059604645,20.000000596046448,38.15622568130493,28.634743094444275
stim_76_viola_complex.wav,10.000000074505806,49.999998807907104,14.85840529203415,43.23270320892334
stim_76_viola_complex.wav,0.0,0.0,9.073685109615326,27.366782426834106
stim_76_viola_complex.wav,30.00000089406967,0.0,34.26573783159256,29.084753394126892
stim_76_viola_complex.wav,5.000000037252903,40.000001192092896,38.377878069877625,29.159191846847534
stim_76_viola_complex.wav,80.00000059604645,0.0,33.38050156831741,30.75488805770874
stim_76_viola_complex.wav,60.00000178813934,0.0,49.231131076812744,22.416772842407227
stim_76_viola_complex.wav,84.99999761581421,40.000001192092896,55.95511794090271,26.472773551940918
stim_76_viola_complex.wav,40.000000298023224,20.000000596046448,45.246564745903015,32.47806787490845
stim_76_viola_complex.wav,45.0,30.0,38.43295454978943,29.124780893325806
stim_76_viola_complex.wav,84.99999761581421,60.0,27.665215730667114,28.082528114318848
stim_76_viola_complex.wav,70.0000011920929,30.0,57.16393053531647,31.09602928161621
stim_76_viola_complex.wav,25.000001192092896,10.000000298023224,43.06423097848892,28.6987441778183
stim_76_viola_complex.wav,0.0,60.0,25.73942720890045,30.733426809310913
stim_76_viola_complex.wav,60.00000178813934,30.0,37.7886638045311,29.202902913093567
stim_76_viola_complex.wav,64.9999988079071,30.0,44.89557087421417,28.822011351585388
stim_76_viola_complex.wav,54.99999940395355,10.000000298023224,43.23439568281174,30.78952431678772
stim_76_viola_complex.wav,60.00000178813934,49.999998807907104,39.6520721912384,29.100857377052307
stim_76_viola_complex.wav,70.0000011920929,49.999998807907104,53.47218632698059,40.94949245452881
stim_76_viola_complex.wav,5.000000037252903,60.0,16.812263131141663,37.9525887966156
stim_76_viola_complex.wav,10.000000074505806,20.000000596046448,17.226280868053436,35.125941038131714
stim_76_viola_complex.wav,84.99999761581421,30.0,63.011741638183594,22.16895818710327
stim_76_viola_complex.wav,70.0000011920929,60.0,62.20579147338867,30.2457332611084
stim_76_viola_complex.wav,64.9999988079071,49.999998807907104,41.60883754491806,28.421221375465393
stim_76_viola_complex.wav,15.000000447034836,49.999998807907104,29.91850197315216,31.29185199737549
stim_76_viola_complex.wav,10.000000074505806,10.000000298023224,15.358084738254547,28.22751760482788
stim_76_viola_complex.wav,74.99999821186066,40.000001192092896,55.2763956785202,29.0030837059021
stim_76_viola_complex.wav,90.0,49.999998807907104,56.62355124950409,37.19369173049927
stim_76_viola_complex.wav,30.00000089406967,0.0,34.85248178243637,28.845630884170532
stim_76_viola_complex.wav,0.0,49.999998807907104,11.738328337669373,27.98755645751953
stim_76_viola_complex.wav,5.000000037252903,20.000000596046448,21.485442370176315,24.681261777877808
stim_76_viola_complex.wav,70.0000011920929,30.0,65.16364574432373,35.49941539764404
stim_76_viola_complex.wav,35.00000059604645,40.000001192092896,31.66560173034668,21.297503113746643
stim_76_viola_complex.wav,45.0,40.000001192092896,41.950698494911194,29.02520477771759
stim_76_viola_complex.wav,0.0,30.0,30.19393265247345,28.336068391799927
stim_76_viola_complex.wav,5.000000037252903,30.0,13.608265221118927,30.983794927597046
stim_76_viola_complex.wav,30.00000089406967,60.0,37.231577038764954,30.879371166229248
stim_76_viola_complex.wav,64.9999988079071,60.0,66.26665592193604,34.49816823005676
stim_76_viola_complex.wav,74.99999821186066,60.0,52.81829595565796,30.3153133392334
stim_76_viola_complex.wav,80.00000059604645,40.000001192092896,53.29095482826233,26.071906685829163
stim_76_viola_complex.wav,64.9999988079071,49.999998807907104,48.61074149608612,33.5800838470459
stim_76_viola_complex.wav,35.00000059604645,40.000001192092896,30.047709345817566,33.35233211517334
stim_76_viola_complex.wav,5.000000037252903,60.0,28.47331702709198,37.36518859863281
stim_76_viola_complex.wav,84.99999761581421,30.0,45.614628195762634,28.136900067329407
stim_76_viola_complex.wav,0.0,20.000000596046448,2.0399996638298035,28.88643443584442
stim_76_viola_complex.wav,84.99999761581421,10.000000298023224,63.21359932422638,20.713891983032227
stim_76_viola_complex.wav,54.99999940395355,49.999998807907104,46.76456093788147,39.21932101249695
stim_76_viola_complex.wav,74.99999821186066,60.0,68.30997347831726,33.2351016998291
stim_76_viola_complex.wav,70.0000011920929,20.000000596046448,56.956000328063965,14.611532986164093
stim_76_viola_complex.wav,64.9999988079071,10.000000298023224,35.067270398139954,27.41942524909973
stim_76_viola_complex.wav,5.000000037252903,49.999998807907104,23.625991344451904,34.77055549621582
stim_76_viola_complex.wav,20.000000149011612,60.0,24.43073183298111,22.249735593795776
stim_76_viola_complex.wav,64.9999988079071,0.0,41.64797633886337,28.933886289596558
stim_76_viola_complex.wav,90.0,30.0,36.17200255393982,28.324032425880432
stim_76_viola_complex.wav,15.000000447034836,20.000000596046448,19.672145694494247,17.266069650650024
stim_76_viola_complex.wav,15.000000447034836,60.0,24.81914520263672,34.49558973312378
stim_76_viola_complex.wav,35.00000059604645,40.000001192092896,38.52411210536957,28.743363618850708
stim_76_viola_complex.wav,90.0,40.000001192092896,50.83826780319214,26.959542632102966
stim_76_viola_complex.wav,30.00000089406967,10.000000298023224,37.338441610336304,27.8647381067276
stim_76_viola_complex.wav,25.000001192092896,49.999998807907104,26.059972643852234,28.872883915901184
stim_76_viola_complex.wav,10.000000074505806,20.000000596046448,18.1648126244545,29.045941829681396
stim_76_viola_complex.wav,40.000000298023224,0.0,33.128639459609985,28.977572321891785
stim_76_viola_complex.wav,80.00000059604645,60.0,36.40139847993851,28.861107230186462
stim_76_viola_complex.wav,35.00000059604645,20.000000596046448,39.88165318965912,28.538101315498352
stim_76_viola_complex.wav,5.000000037252903,10.000000298023224,22.11646020412445,30.658421516418457
stim_76_viola_complex.wav,45.0,0.0,41.51540815830231,29.51599895954132
stim_76_viola_complex.wav,80.00000059604645,10.000000298023224,37.236155569553375,28.835636973381042
stim_76_viola_complex.wav,64.9999988079071,10.000000298023224,56.31347179412842,29.27207350730896
stim_76_viola_complex.wav,40.000000298023224,20.000000596046448,40.92305839061737,28.4712553024292
stim_76_viola_complex.wav,35.00000059604645,40.000001192092896,28.30041915178299,26.164366006851196
stim_76_viola_complex.wav,0.0,30.0,22.888834476470947,30.71616768836975
stim_76_viola_complex.wav,5.000000037252903,30.0,12.559800446033478,40.23926138877869
stim_76_viola_complex.wav,64.9999988079071,40.000001192092896,51.27093493938446,35.479549169540405
stim_76_viola_complex.wav,84.99999761581421,10.000000298023224,38.49792838096619,28.90616476535797
stim_76_viola_complex.wav,5.000000037252903,49.999998807907104,43.028098940849304,32.346893548965454
stim_76_viola_complex.wav,50.00000238418579,20.000000596046448,45.59751033782959,27.812612056732178
stim_76_viola_complex.wav,84.99999761581421,10.000000298023224,33.94472301006317,27.754088044166565
stim_76_viola_complex.wav,25.000001192092896,0.0,33.65842938423157,23.18333387374878
stim_76_viola_complex.wav,0.0,10.000000298023224,21.237110048532486,32.6060950756073
stim_76_viola_complex.wav,15.000000447034836,49.999998807907104,31.8391352891922,34.167444705963135
stim_76_viola_complex.wav,54.99999940395355,20.000000596046448,42.88718372583389,25.593575835227966
stim_76_viola_complex.wav,74.99999821186066,49.999998807907104,61.749064922332764,35.56318402290344
stim_76_viola_complex.wav,84.99999761581421,30.0,52.47452795505524,27.814847230911255
stim_76_viola_complex.wav,80.00000059604645,60.0,41.858999133110046,29.4662207365036
stim_76_viola_complex.wav,70.0000011920929,40.000001192092896,39.12382185459137,29.083389043807983
stim_76_viola_complex.wav,0.0,49.999998807907104,31.619395315647125,30.005156993865967
stim_82_viola_complex.wav,20.000000149011612,20.000000596046448,40.87972193956375,28.391684889793396
stim_82_viola_complex.wav,74.99999821186066,49.999998807907104,45.641552209854126,27.317451238632202
stim_82_viola_complex.wav,15.000000447034836,40.000001192092896,21.6805636882782,31.083215475082397
stim_82_viola_complex.wav,50.00000238418579,60.0,45.31889319419861,25.162121057510376
stim_82_viola_complex.wav,64.9999988079071,10.000000298023224,59.18485164642334,31.788368225097656
stim_82_viola_complex.wav,25.000001192092896,40.000001192092896,28.686633110046387,25.55840313434601
stim_82_viola_complex.wav,50.00000238418579,49.999998807907104,41.31286919116974,28.353543877601624
stim_82_viola_complex.wav,25.000001192092896,40.000001192092896,24.960875809192657,24.809128046035767
stim_82_viola_complex.wav,15.000000447034836,20.000000596046448,20.112241208553314,26.232930421829224
stim_82_viola_complex.wav,74.99999821186066,40.000001192092896,55.423654317855835,28.85151743888855
stim_82_viola_complex.wav,84.99999761581421,20.000000596046448,54.71638798713684,31.603739261627197
stim_82_viola_complex.wav,5.000000037252903,0.0,39.70462739467621,28.472465872764587
stim_82_viola_complex.wav,30.00000089406967,49.999998807907104,34.41847622394562,27.84458577632904
stim_82_viola_complex.wav,40.000000298023224,20.000000596046448,40.536790788173676,17.550573348999023
stim_82_viola_complex.wav,15.000000447034836,40.000001192092896,19.36513602733612,34.97356295585632
stim_82_viola_complex.wav,0.0,0.0,11.590788066387177,30.060389041900635
stim_82_viola_complex.wav,70.0000011920929,0.0,41.89879775047302,28.316057324409485
stim_82_viola_complex.wav,64.9999988079071,0.0,39.89378213882446,28.431891202926636
stim_82_viola_complex.wav,84.99999761581421,60.0,40.78216999769211,28.400625586509705
stim_82_viola_complex.wav,90.0,49.999998807907104,41.22359722852707,28.358765244483948
stim_82_viola_complex.wav,50.00000238418579,49.999998807907104,32.830750644207,26.37152910232544
stim_82_viola_complex.wav,15.000000447034836,40.000001192092896,39.609186351299286,28.475024700164795
stim_82_viola_complex.wav,45.0,10.000000298023224,40.750058591365814,28.40885102748871
stim_82_viola_complex.wav,80.00000059604645,0.0,52.419617772102356,26.249738931655884
stim_82_viola_complex.wav,84.99999761581421,10.000000298023224,49.603888392448425,24.955369234085083
stim_82_viola_complex.wav,80.00000059604645,0.0,44.76011127233505,25.64475417137146
stim_82_viola_complex.wav,54.99999940395355,10.000000298023224,41.206321120262146,28.391504287719727
stim_82_viola_complex.wav,64.9999988079071,0.0,40.67357271909714,28.390032649040222
stim_82_viola_complex.wav,35.00000059604645,60.0,40.67979007959366,28.399879932403564
stim_82_viola_complex.wav,15.000000447034836,49.999998807907104,39.551797807216644,28.4811669588089
stim_82_viola_complex.wav,0.0,30.0,39.69802647829056,28.46599280834198
stim_82_viola_complex.wav,54.99999940395355,0.0,51.20173931121826,26.261533498764038
stim_82_viola_complex.wav,50.00000238418579,0.0,41.46831393241882,28.339179754257202
stim_82_viola_complex.wav,50.00000238418579,49.999998807907104,40.89372843503952,28.392988443374634
stim_82_viola_complex.wav,25.000001192092896,40.000001192092896,39.94471997022629,28.450618386268616
stim_82_viola_complex.wav,25.000001192092896,40.000001192092896,27.756429612636566,25.943743586540222
stim_82_viola_complex.wav,50.00000238418579,20.000000596046448,48.77211928367615,21.2481290102005
stim_82_viola_complex.wav,84.99999761581421,49.999998807907104,59.90211725234985,34.978147745132446
stim_82_viola_complex.wav,5.000000037252903,30.0,12.723439335823059,25.751822590827942
stim_82_viola_complex.wav,74.99999821186066,0.0,40.79865485429764,28.412670493125916
stim_82_viola_complex.wav,64.9999988079071,20.000000596046448,40.006842613220215,28.42546820640564
stim_82_viola_complex.wav,30.00000089406967,49.999998807907104,30.53495943546295,22.86952257156372
stim_82_viola_complex.wav,35.00000059604645,30.0,37.13943511247635,27.981868386268616
stim_82_viola_complex.wav,40.000000298023224,49.999998807907104,39.99445080757141,28.463966846466064
stim_82_viola_complex.wav,54.99999940395355,10.000000298023224,41.86829298734665,28.321659564971924
stim_82_viola_complex.wav,45.0,10.000000298023224,40.799134969711304,28.402780294418335
stim_82_viola_complex.wav,80.00000059604645,40.000001192092896,41.1761274933815,28.388115763664246
stim_82_viola_complex.wav,50.00000238418579,40.000001192092896,40.57815581560135,28.40534806251526
stim_82_viola_complex.wav,10.000000074505806,40.000001192092896,18.560594022274017,37.58270502090454
stim_82_viola_complex.wav,35.00000059604645,30.0,39.852004051208496,28.43788504600525
stim_82_viola_complex.wav,45.0,60.0,41.0787096619606,28.380830883979797
stim_82_viola_complex.wav,80.00000059604645,20.000000596046448,59.52818512916565,20.815216898918152
stim_82_viola_complex.wav,60.00000178813934,10.000000298023224,44.62476968765259,25.186522006988525
stim_82_viola_complex.wav,64.9999988079071,10.000000298023224,40.901109874248505,28.382304310798645
stim_82_viola_complex.wav,5.000000037252903,49.999998807907104,40.186620354652405,28.437657952308655
stim_82_viola_complex.wav,80.00000059604645,10.000000298023224,40.36763995885849,28.445112705230713
stim_82_viola_complex.wav,64.9999988079071,49.999998807907104,39.87866520881653,28.454648852348328
stim_82_viola_complex.wav,10.000000074505806,30.0,17.66224443912506,33.18217992782593
stim_82_viola_complex.wav,15.000000447034836,30.0,39.411579966545105,28.491384387016296
stim_82_viola_complex.wav,40.000000298023224,40.000001192092896,38.34148854017258,20.03660559654236
stim_82_viola_complex.wav,45.0,40.000001192092896,40.66409379243851,28.417714834213257
stim_82_viola_complex.wav,90.0,20.000000596046448,54.73855912685394,21.154155135154724
stim_82_viola_complex.wav,50.00000238418579,10.000000298023224,44.07121002674103,28.187143206596375
stim_82_viola_complex.wav,40.000000298023224,49.999998807907104,34.93474781513214,19.391300082206726
stim_82_viola_complex.wav,80.00000059604645,0.0,52.84803628921509,26.810635328292847
stim_82_viola_complex.wav,5.000000037252903,40.000001192092896,39.62040603160858,28.4711891412735
stim_82_viola_complex.wav,5.000000037252903,60.0,39.72087353467941,28.489805459976196
stim_82_viola_complex.wav,64.9999988079071,40.000001192092896,41.0073521733284,28.394517302513123
stim_82_viola_complex.wav,54.99999940395355,60.0,44.26008850336075,32.74490475654602
stim_82_viola_complex.wav,20.000000149011612,60.0,23.970864415168762,29.31299328804016
stim_82_viola_complex.wav,15.000000447034836,20.000000596046448,21.371182948350906,23.355188369750977
stim_82_viola_complex.wav,60.00000178813934,60.0,41.25311225652695,28.35264265537262
stim_82_viola_complex.wav,30.00000089406967,40.000001192092896,38.30504268407822,28.583959937095642
stim_82_viola_complex.wav,60.00000178813934,20.000000596046448,41.375359296798706,28.349851369857788
stim_82_viola_complex.wav,10.000000074505806,49.999998807907104,18.780637085437775,40.437211990356445
stim_82_viola_complex.wav,30.00000089406967,10.000000298023224,41.098826229572296,28.361796140670776
stim_82_viola_complex.wav,54.99999940395355,0.0,41.16483271121979,28.31824779510498
stim_82_viola_complex.wav,45.0,30.0,40.81753224134445,28.40549647808075
stim_82_viola_complex.wav,45.0,49.999998807907104,40.466739535331726,28.420581221580505
stim_82_viola_complex.wav,50.00000238418579,60.0,40.55373162031174,28.403931856155396
stim_82_viola_complex.wav,30.00000089406967,20.000000596046448,40.41557103395462,28.416990637779236
stim_82_viola_complex.wav,64.9999988079071,10.000000298023224,53.1790691614151,25.005247592926025
stim_82_viola_complex.wav,64.9999988079071,20.000000596046448,51.970460414886475,29.885968565940857
stim_82_viola_complex.wav,35.00000059604645,0.0,40.88636040687561,28.379321694374084
stim_82_viola_complex.wav,64.9999988079071,20.000000596046448,41.2257644534111,28.366624116897583
stim_82_viola_complex.wav,70.0000011920929,49.999998807907104,56.68065547943115,31.85057044029236
stim_82_viola_complex.wav,50.00000238418579,0.0,46.73133909702301,24.759616255760193
stim_82_viola_complex.wav,80.00000059604645,10.000000298023224,55.63522160053253,21.170071363449097
stim_82_viola_complex.wav,50.00000238418579,30.0,40.51503539085388,28.41438353061676
stim_82_viola_complex.wav,20.000000149011612,60.0,25.483547151088715,28.466516733169556
stim_82_viola_complex.wav,54.99999940395355,40.000001192092896,46.07586085796356,30.42135000228882
stim_82_viola_complex.wav,45.0,60.0,37.164245545864105,35.63496708869934
stim_82_viola_complex.wav,5.000000037252903,60.0,39.87574964761734,28.466421961784363
stim_82_viola_complex.wav,54.99999940395355,40.000001192092896,44.53839182853699,29.524124264717102
stim_82_viola_complex.wav,25.000001192092896,30.0,40.85099279880524,28.393399715423584
stim_82_viola_complex.wav,10.000000074505806,10.000000298023224,39.22535955905914,28.499157428741455
stim_82_viola_complex.wav,30.00000089406967,10.000000298023224,36.78846538066864,19.3849378824234
stim_82_viola_complex.wav,20.000000149011612,10.000000298023224,40.9075927734375,28.407869338989258
stim_82_viola_complex.wav,74.99999821186066,20.000000596046448,41.063372790813446,28.375736474990845
stim_82_viola_complex.wav,25.000001192092896,10.000000298023224,40.845767855644226,28.38985025882721
stim_82_viola_complex.wav,5.000000037252903,10.000000298023224,38.2388699054718,28.57588291168213
stim_82_viola_complex.wav,0.0,0.0,17.62841910123825,32.168076038360596
stim_82_viola_complex.wav,45.0,49.999998807907104,40.85586369037628,28.37457239627838
stim_82_viola_complex.wav,40.000000298023224,20.000000596046448,40.52952200174332,28.415082693099976
stim_82_viola_complex.wav,0.0,30.0,37.839553356170654,28.58254909515381
stim_82_viola_complex.wav,64.9999988079071,20.000000596046448,57.26599931716919,32.401782274246216
stim_82_viola_complex.wav,84.99999761581421,10.000000298023224,40.8001971244812,28.42369258403778
stim_82_viola_complex.wav,20.000000149011612,60.0,23.276848196983337,24.0149188041687
stim_82_viola_complex.wav,15.000000447034836,49.999998807907104,39.67270642518997,28.475546836853027
stim_82_viola_complex.wav,5.000000037252903,49.999998807907104,16.582682132720947,27.75838315486908
stim_82_viola_complex.wav,54.99999940395355,60.0,45.502485036849976,31.74887180328369
stim_82_viola_complex.wav,35.00000059604645,30.0,29.40956085920334,24.92578089237213
stim_82_viola_complex.wav,54.99999940395355,0.0,48.20897340774536,25.03586232662201
stim_82_viola_complex.wav,30.00000089406967,40.000001192092896,31.219834685325623,25.978558659553528
stim_82_viola_complex.wav,25.000001192092896,40.000001192092896,25.66253900527954,25.53798258304596
stim_82_viola_complex.wav,35.00000059604645,10.000000298023224,40.27367413043976,28.42792510986328
stim_82_viola_complex.wav,60.00000178813934,40.000001192092896,39.99978303909302,28.43292474746704
stim_82_viola_complex.wav,84.99999761581421,30.0,39.66326504945755,28.46506655216217
stim_82_viola_complex.wav,0.0,49.999998807907104,14.335841238498688,31.593546867370605
stim_82_viola_complex.wav,54.99999940395355,0.0,41.263505816459656,28.36018681526184
stim_82_viola_complex.wav,60.00000178813934,10.000000298023224,40.84258943796158,28.454423546791077
stim_82_viola_complex.wav,60.00000178813934,20.000000596046448,40.78273057937622,28.391504287719727
stim_82_viola_complex.wav,60.00000178813934,40.000001192092896,41.064802408218384,28.36439073085785
stim_82_viola_complex.wav,0.0,49.999998807907104,11.041790843009949,30.265953540802002
stim_82_viola_complex.wav,15.000000447034836,0.0,25.433912873268127,30.067827701568604
stim_82_viola_complex.wav,10.000000074505806,0.0,39.25869673490524,28.50616157054901
stim_93_viola_complex.wav,60.00000178813934,10.000000298023224,40.925287306308746,28.39417576789856
stim_93_viola_complex.wav,60.00000178813934,0.0,38.90574485063553,30.26592493057251
stim_93_viola_complex.wav,84.99999761581421,10.000000298023224,47.065536975860596,27.508220672607422
stim_93_viola_complex.wav,64.9999988079071,10.000000298023224,42.26585805416107,28.527449369430542
stim_93_viola_complex.wav,0.0,10.000000298023224,32.27050960063934,29.71831440925598
stim_93_viola_complex.wav,20.000000149011612,49.999998807907104,40.91216862201691,28.386624455451965
stim_93_viola_complex.wav,10.000000074505806,20.000000596046448,40.717850625514984,28.41078221797943
stim_93_viola_complex.wav,15.000000447034836,60.0,40.76722472906113,28.413729071617126
stim_93_viola_complex.wav,70.0000011920929,60.0,57.70934700965881,31.606242656707764
stim_93_viola_complex.wav,0.0,10.000000298023224,40.330078303813934,28.429502248764038
stim_93_viola_complex.wav,64.9999988079071,0.0,40.735212564468384,28.3957439661026
stim_93_viola_complex.wav,84.99999761581421,20.000000596046448,47.27994740009308,31.190632581710815
stim_93_viola_complex.wav,70.0000011920929,40.000001192092896,41.08025461435318,28.382188081741333
stim_93_viola_complex.wav,60.00000178813934,60.0,44.29458439350128,26.651800274848938
stim_93_viola_complex.wav,5.000000037252903,40.000001192092896,39.048306941986084,27.912967801094055
stim_93_viola_complex.wav,30.00000089406967,30.0,41.14760756492615,28.34831714630127
stim_93_viola_complex.wav,35.00000059604645,30.0,40.747510492801666,28.404176831245422
stim_93_viola_complex.wav,64.9999988079071,60.0,40.63882201910019,28.412205576896667
stim_93_viola_complex.wav,70.0000011920929,10.000000298023224,37.34880834817886,28.673912286758423
stim_93_viola_complex.wav,50.00000238418579,0.0,40.51360309123993,27.06171154975891
stim_93_viola_complex.wav,80.00000059604645,40.000001192092896,40.967001020908356,28.377830386161804
stim_93_viola_complex.wav,45.0,60.0,38.43787103891373,28.414533734321594
stim_93_viola_complex.wav,40.000000298023224,10.000000298023224,40.63808709383011,28.41414213180542
stim_93_viola_complex.wav,40.000000298023224,0.0,40.97027599811554,28.377873301506042
stim_93_viola_complex.wav,0.0,30.0,26.668941378593445,28.387117981910706
stim_93_viola_complex.wav,70.0000011920929,30.0,40.9284844994545,28.41335356235504
stim_93_viola_complex.wav,54.99999940395355,20.000000596046448,40.85915207862854,28.375368118286133
stim_93_viola_complex.wav,30.00000089406967,0.0,38.731583654880524,26.08695924282074
stim_93_viola_complex.wav,50.00000238418579,49.999998807907104,40.78853756189346,28.395515084266663
stim_93_viola_complex.wav,54.99999940395355,0.0,46.614330410957336,29.00154411792755
stim_93_viola_complex.wav,5.000000037252903,0.0,41.03020191192627,28.444864153862
stim_93_viola_complex.wav,15.000000447034836,49.999998807907104,34.21614110469818,25.99858582019806
stim_93_viola_complex.wav,40.000000298023224,60.0,40.180019438266754,28.424007296562195
stim_93_viola_complex.wav,15.000000447034836,49.999998807907104,41.43656462430954,28.560038208961487
stim_93_viola_complex.wav,30.00000089406967,40.000001192092896,40.79514920711517,28.404003381729126
stim_93_viola_complex.wav,84.99999761581421,60.0,44.26088511943817,28.919527530670166
stim_93_viola_complex.wav,25.000001192092896,10.000000298023224,37.71085023880005,25.282217860221863
stim_93_viola_complex.wav,70.0000011920929,40.000001192092896,49.686044454574585,29.997369647026062
stim_93_viola_complex.wav,35.00000059604645,30.0,40.86514949798584,28.37254822254181
stim_93_viola_complex.wav,5.000000037252903,20.000000596046448,40.794628858566284,28.40380311012268
stim_93_viola_complex.wav,25.000001192092896,40.000001192092896,40.894087851047516,28.39010775089264
stim_93_viola_complex.wav,80.00000059604645,60.0,41.53230607509613,28.388725519180298
stim_93_viola_complex.wav,74.99999821186066,30.0,40.728069841861725,28.440082669258118
stim_93_viola_complex.wav,40.000000298023224,60.0,40.0762340426445,28.46598207950592
stim_93_viola_complex.wav,5.000000037252903,60.0,41.10554784536362,28.363845348358154
stim_93_viola_complex.wav,54.99999940395355,10.000000298023224,40.12125760316849,28.4347003698349
stim_93_viola_complex.wav,30.00000089406967,60.0,40.924310982227325,28.442636132240295
stim_93_viola_complex.wav,0.0,49.999998807907104,41.02677673101425,28.467541337013245
stim_93_viola_complex.wav,15.000000447034836,20.000000596046448,33.69989097118378,27.123976349830627
stim_93_viola_complex.wav,84.99999761581421,30.0,40.672644674777985,28.398723006248474
stim_93_viola_complex.wav,80.00000059604645,60.0,42.26819962263107,28.613204956054688
stim_93_viola_complex.wav,40.000000298023224,40.000001192092896,41.10964626073837,28.364043831825256
stim_93_viola_complex.wav,60.00000178813934,40.000001192092896,41.102460622787476,28.372398018836975
stim_93_viola_complex.wav,35.00000059604645,40.000001192092896,40.844292640686035,28.39482307434082
stim_93_viola_complex.wav,25.000001192092896,40.000001192092896,40.97705394029617,28.38193953037262
stim_93_viola_complex.wav,64.9999988079071,49.999998807907104,41.10615670681,28.360796570777893
stim_93_viola_complex.wav,35.00000059604645,10.000000298023224,29.2413192987442,27.688701152801514
stim_93_viola_complex.wav,74.99999821186066,10.000000298023224,40.97071588039398,28.389907479286194
stim_93_viola_complex.wav,64.9999988079071,10.000000298023224,41.19214564561844,28.348791003227234
stim_93_viola_complex.wav,60.00000178813934,0.0,35.37173867225647,26.289557218551636
stim_93_viola_complex.wav,40.000000298023224,60.0,38.718585669994354,28.210507035255432
stim_93_viola_complex.wav,10.000000074505806,0.0,36.53520584106445,28.682822585105896
stim_93_viola_complex.wav,35.00000059604645,60.0,27.131426632404327,29.13758397102356
stim_93_viola_complex.wav,5.000000037252903,0.0,41.53187960386276,28.462327122688293
stim_93_viola_complex.wav,25.000001192092896,49.999998807907104,40.88971585035324,28.389426469802856
stim_93_viola_complex.wav,45.0,0.0,40.57161659002304,28.415492177009583
stim_93_viola_complex.wav,84.99999761581421,30.0,42.341820895671844,31.691004037857056
stim_93_viola_complex.wav,84.99999761581421,0.0,40.83868145942688,28.404715061187744
stim_93_viola_complex.wav,70.0000011920929,30.0,40.75502872467041,28.4018611907959
stim_93_viola_complex.wav,35.00000059604645,0.0,40.72175592184067,28.39216411113739
stim_93_viola_complex.wav,30.00000089406967,0.0,41.1629256606102,28.357951641082764
stim_93_viola_complex.wav,0.0,40.000001192092896,41.575739085674286,28.728679418563843
stim_93_viola_complex.wav,40.000000298023224,60.0,40.75364738702774,28.394399285316467
stim_93_viola_complex.wav,50.00000238418579,10.000000298023224,45.69563090801239,29.094146490097046
stim_93_viola_complex.wav,40.000000298023224,10.000000298023224,41.34068101644516,28.342650532722473
stim_93_viola_complex.wav,10.000000074505806,10.000000298023224,28.76199245452881,27.654930353164673
stim_93_viola_complex.wav,80.00000059604645,60.0,41.355178356170654,28.384421467781067
stim_93_viola_complex.wav,15.000000447034836,10.000000298023224,40.78406363725662,28.40719699859619
stim_93_viola_complex.wav,0.0,20.000000596046448,36.91339194774628,28.06556224822998
stim_93_viola_complex.wav,10.000000074505806,20.000000596046448,40.81482321023941,28.386493921279907
stim_93_viola_complex.wav,40.000000298023224,20.000000596046448,41.956773698329926,30.949974060058594
stim_93_viola_complex.wav,74.99999821186066,30.0,58.58586609363556,32.98765182495117
stim_93_viola_complex.wav,20.000000149011612,30.0,40.80887943506241,28.40929090976715
stim_93_viola_complex.wav,64.9999988079071,30.0,51.72335386276245,30.168843269348145
stim_93_viola_complex.wav,90.0,40.000001192092896,40.92773079872131,28.395357728004456
stim_93_viola_complex.wav,90.0,60.0,41.34412229061127,28.430417776107788
stim_93_viola_complex.wav,10.000000074505806,60.0,31.266100108623505,30.147264003753662
stim_93_viola_complex.wav,84.99999761581421,60.0,44.35886889696121,31.28066897392273
stim_93_viola_complex.wav,25.000001192092896,0.0,35.358102321624756,24.53899919986725
stim_93_viola_complex.wav,80.00000059604645,49.999998807907104,40.80199420452118,28.398866057395935
stim_93_viola_complex.wav,10.000000074505806,0.0,40.597904920578,28.419134616851807
stim_93_viola_complex.wav,54.99999940395355,40.000001192092896,42.8896164894104,31.575336456298828
stim_93_viola_complex.wav,60.00000178813934,20.000000596046448,41.038669645786285,28.368018865585327
stim_93_viola_complex.wav,35.00000059604645,40.000001192092896,40.765009224414825,28.40920329093933
stim_93_viola_complex.wav,50.00000238418579,0.0,41.75814539194107,28.332502841949463
stim_93_viola_complex.wav,10.000000074505806,60.0,41.060741543769836,28.37619423866272
stim_93_viola_complex.wav,10.000000074505806,30.0,40.647394359111786,28.42391788959503
stim_93_viola_complex.wav,74.99999821186066,20.000000596046448,40.81814110279083,28.400352001190186
stim_93_viola_complex.wav,15.000000447034836,20.000000596046448,40.55369675159454,28.4255450963974
stim_93_viola_complex.wav,60.00000178813934,20.000000596046448,40.85940420627594,28.39167058467865
stim_93_viola_complex.wav,70.0000011920929,40.000001192092896,41.34585499763489,28.345343470573425
stim_93_viola_complex.wav,25.000001192092896,40.000001192092896,33.26056391000748,28.04880917072296
stim_93_viola_complex.wav,54.99999940395355,0.0,41.18820011615753,28.449854850769043
stim_93_viola_complex.wav,50.00000238418579,30.0,30.86880326271057,26.14993929862976
stim_93_viola_complex.wav,15.000000447034836,30.0,34.174494445323944,27.925325632095337
stim_93_viola_complex.wav,50.00000238418579,30.0,39.71987307071686,30.495525598526
stim_93_viola_complex.wav,64.9999988079071,10.000000298023224,41.33828043937683,28.34378957748413
stim_93_viola_complex.wav,50.00000238418579,40.000001192092896,40.95499277114868,28.389932513237
stim_93_viola_complex.wav,50.00000238418579,30.0,36.15457355976105,30.388412475585938
stim_93_viola_complex.wav,64.9999988079071,49.999998807907104,42.51339644193649,28.567176461219788
stim_93_viola_complex.wav,30.00000089406967,20.000000596046448,40.60198724269867,28.418959379196167
stim_93_viola_complex.wav,20.000000149011612,30.0,36.641566157341,28.55496883392334
stim_93_viola_complex.wav,10.000000074505806,10.000000298023224,40.78506678342819,28.406574726104736
stim_93_viola_complex.wav,30.00000089406967,60.0,30.104832351207733,27.175179719924927
stim_93_viola_complex.wav,90.0,0.0,51.403387784957886,32.189515829086304
stim_93_viola_complex.wav,5.000000037252903,0.0,32.840774059295654,23.568331003189087
stim_93_viola_complex.wav,30.00000089406967,0.0,38.5755380988121,26.35981857776642
stim_93_viola_complex.wav,35.00000059604645,40.000001192092896,41.234323382377625,28.354724049568176
stim_93_viola_complex.wav,60.00000178813934,30.0,41.07346326112747,28.375105261802673
stim_93_viola_complex.wav,54.99999940395355,0.0,41.598452031612396,28.650308847427368
stim_93_viola_complex.wav,20.000000149011612,40.000001192092896,40.71694403886795,28.403154015541077
stim_93_viola_complex.wav,50.00000238418579,0.0,41.4483717083931,28.33605945110321
stim_93_viola_complex.wav,64.9999988079071,10.000000298023224,41.37746214866638,28.34433138370514
stim_93_viola_complex.wav,64.9999988079071,60.0,52.84631431102753,31.26877784729004
stim_93_viola_complex.wav,35.00000059604645,20.000000596046448,40.82960218191147,28.39460849761963
stim_83_viola_complex.wav,54.99999940395355,20.000000596046448,53.86228144168854,29.27172303199768
stim_83_viola_complex.wav,54.99999940395355,40.000001192092896,40.683016777038574,28.419055938720703
stim_83_viola_complex.wav,40.000000298023224,0.0,41.140802800655365,28.375874161720276
stim_83_viola_complex.wav,25.000001192092896,10.000000298023224,41.20224416255951,28.34935426712036
stim_83_viola_complex.wav,40.000000298023224,40.000001192092896,36.23522490262985,26.089816689491272
stim_83_viola_complex.wav,15.000000447034836,40.000001192092896,39.91925239562988,28.737768530845642
stim_83_viola_complex.wav,30.00000089406967,10.000000298023224,41.194637417793274,28.351582288742065
stim_83_viola_complex.wav,0.0,0.0,39.40572202205658,28.671634197235107
stim_83_viola_complex.wav,25.000001192092896,20.000000596046448,40.90186357498169,28.38688015937805
stim_83_viola_complex.wav,30.00000089406967,60.0,40.75780212879181,28.38707685470581
stim_83_viola_complex.wav,54.99999940395355,20.000000596046448,41.12434208393097,28.378291726112366
stim_83_viola_complex.wav,74.99999821186066,49.999998807907104,41.37050986289978,28.337684869766235
stim_83_viola_complex.wav,20.000000149011612,10.000000298023224,28.079944252967834,23.06693136692047
stim_83_viola_complex.wav,45.0,10.000000298023224,41.35772377252579,28.339818120002747
stim_83_viola_complex.wav,84.99999761581421,20.000000596046448,41.08130872249603,28.3713161945343
stim_83_viola_complex.wav,70.0000011920929,0.0,59.08568501472473,20.710651874542236
stim_83_viola_complex.wav,84.99999761581421,20.000000596046448,57.01709032058716,26.825074553489685
stim_83_viola_complex.wav,15.000000447034836,0.0,38.78094702959061,28.55862557888031
stim_83_viola_complex.wav,0.0,60.0,38.37283551692963,28.5925555229187
stim_83_viola_complex.wav,5.000000037252903,10.000000298023224,40.35590797662735,28.718440532684326
stim_83_viola_complex.wav,0.0,40.000001192092896,19.41592365503311,27.0297110080719
stim_83_viola_complex.wav,25.000001192092896,10.000000298023224,35.359132289886475,25.060633420944214
stim_83_viola_complex.wav,30.00000089406967,10.000000298023224,38.759620785713196,28.52861523628235
stim_83_viola_complex.wav,5.000000037252903,60.0,18.754346072673798,29.222490191459656
stim_83_viola_complex.wav,10.000000074505806,40.000001192092896,40.26357561349869,28.765166401863098
stim_83_viola_complex.wav,84.99999761581421,49.999998807907104,41.38014703989029,28.401172757148743
stim_83_viola_complex.wav,60.00000178813934,40.000001192092896,40.6732776761055,28.413975834846497
stim_83_viola_complex.wav,60.00000178813934,60.0,52.409130334854126,28.666403889656067
stim_83_viola_complex.wav,35.00000059604645,49.999998807907104,40.95149517059326,28.369447588920593
stim_83_viola_complex.wav,0.0,0.0,37.48144894838333,28.791291117668152
stim_83_viola_complex.wav,20.000000149011612,0.0,28.189523220062256,26.05492115020752
stim_83_viola_complex.wav,50.00000238418579,10.000000298023224,48.563974499702454,27.286967039108276
stim_83_viola_complex.wav,90.0,40.000001192092896,40.9744656085968,28.378202319145203
stim_83_viola_complex.wav,54.99999940395355,20.000000596046448,45.13935148715973,27.05088973045349
stim_83_viola_complex.wav,15.000000447034836,10.000000298023224,20.62424272298813,22.46552288532257
stim_83_viola_complex.wav,35.00000059604645,49.999998807907104,34.01555210351944,22.32840657234192
stim_83_viola_complex.wav,20.000000149011612,10.000000298023224,33.231008648872375,29.465991854667664
stim_83_viola_complex.wav,10.000000074505806,40.000001192092896,21.375105679035187,33.88784408569336
stim_83_viola_complex.wav,64.9999988079071,20.000000596046448,41.227006316185,28.275087475776672
stim_83_viola_complex.wav,90.0,40.000001192092896,41.48265302181244,28.461318612098694
stim_83_viola_complex.wav,84.99999761581421,0.0,46.71565353870392,23.762412071228027
stim_83_viola_complex.wav,15.000000447034836,60.0,24.506378173828125,31.031280755996704
stim_83_viola_complex.wav,50.00000238418579,40.000001192092896,41.44721567630768,28.33166241645813
stim_83_viola_complex.wav,74.99999821186066,10.000000298023224,40.77065795660019,28.403903245925903
stim_83_viola_complex.wav,60.00000178813934,10.000000298023224,54.65976119041443,27.132697105407715
stim_83_viola_complex.wav,15.000000447034836,49.999998807907104,39.66797232627869,28.497315645217896
stim_83_viola_complex.wav,20.000000149011612,20.000000596046448,40.955904722213745,28.386263251304626
stim_83_viola_complex.wav,74.99999821186066,49.999998807907104,53.78160059452057,30.057320594787598
stim_83_viola_complex.wav,50.00000238418579,20.000000596046448,45.74436664581299,27.252845764160156
stim_83_viola_complex.wav,45.0,10.000000298023224,40.92905580997467,28.3673357963562
stim_83_viola_complex.wav,54.99999940395355,60.0,40.70178687572479,28.419123888015747
stim_83_viola_complex.wav,74.99999821186066,30.0,41.018681824207306,28.395729660987854
stim_83_viola_complex.wav,80.00000059604645,20.000000596046448,53.59284818172455,21.567755341529846
stim_83_viola_complex.wav,80.00000059604645,49.999998807907104,41.26260995864868,28.356093764305115
stim_83_viola_complex.wav,50.00000238418579,49.999998807907104,37.14893281459808,29.907168745994568
stim_83_viola_complex.wav,20.000000149011612,40.000001192092896,39.60964769124985,28.40571641921997
stim_83_viola_complex.wav,15.000000447034836,0.0,21.49795487523079,19.79298233985901
stim_83_viola_complex.wav,40.000000298023224,49.999998807907104,41.33644312620163,28.3490788936615
stim_83_viola_complex.wav,10.000000074505806,20.000000596046448,30.028394758701324,32.02424168586731
stim_83_viola_complex.wav,54.99999940395355,40.000001192092896,41.734777987003326,28.531717658042908
stim_83_viola_complex.wav,5.000000037252903,0.0,41.4865905046463,28.554632663726807
stim_83_viola_complex.wav,50.00000238418579,60.0,41.28279626369476,28.34568500518799
stim_83_viola_complex.wav,15.000000447034836,20.000000596046448,41.568046510219574,28.664960861206055
stim_83_viola_complex.wav,50.00000238418579,49.999998807907104,42.08618223667145,31.845388412475586
stim_83_viola_complex.wav,35.00000059604645,0.0,40.865739583969116,28.390982151031494
stim_83_viola_complex.wav,54.99999940395355,60.0,41.06268882751465,28.359532356262207
stim_83_viola_complex.wav,80.00000059604645,0.0,41.247415244579315,28.367443084716797
stim_83_viola_complex.wav,54.99999940395355,0.0,41.937075555324554,28.470506072044373
stim_83_viola_complex.wav,40.000000298023224,20.000000596046448,40.72125971317291,28.414374589920044
stim_83_viola_complex.wav,10.000000074505806,49.999998807907104,40.17162948846817,28.837814927101135
stim_83_viola_complex.wav,30.00000089406967,49.999998807907104,32.81196981668472,22.89177417755127
stim_83_viola_complex.wav,25.000001192092896,20.000000596046448,40.618557929992676,28.40808928012848
stim_83_viola_complex.wav,0.0,60.0,38.94922077655792,28.551764488220215
stim_83_viola_complex.wav,25.000001192092896,30.0,39.19672966003418,28.516239523887634
stim_83_viola_complex.wav,50.00000238418579,0.0,41.33088558912277,28.349420428276062
stim_83_viola_complex.wav,35.00000059604645,20.000000596046448,40.77458471059799,28.40446650981903
stim_83_viola_complex.wav,40.000000298023224,10.000000298023224,41.05344861745834,28.377951979637146
stim_83_viola_complex.wav,64.9999988079071,60.0,41.067742109298706,28.502513766288757
stim_83_viola_complex.wav,35.00000059604645,40.000001192092896,41.34262830018997,28.339333534240723
stim_83_viola_complex.wav,74.99999821186066,20.000000596046448,41.86522990465164,28.473823070526123
stim_83_viola_complex.wav,70.0000011920929,0.0,41.316710114479065,28.398086428642273
stim_83_viola_complex.wav,80.00000059604645,60.0,39.77823793888092,28.48245084285736
stim_83_viola_complex.wav,30.00000089406967,30.0,41.472667157649994,28.330782651901245
stim_83_viola_complex.wav,50.00000238418579,10.000000298023224,44.93970662355423,28.17968487739563
stim_83_viola_complex.wav,15.000000447034836,60.0,39.32673633098602,28.695584535598755
stim_83_viola_complex.wav,5.000000037252903,10.000000298023224,41.82074815034866,28.53707492351532
stim_83_viola_complex.wav,84.99999761581421,0.0,50.341238379478455,22.499313354492188
stim_83_viola_complex.wav,70.0000011920929,10.000000298023224,37.7891680598259,28.62042009830475
stim_83_viola_complex.wav,64.9999988079071,0.0,41.202378273010254,28.349894285202026
stim_83_viola_complex.wav,35.00000059604645,10.000000298023224,40.83950757980347,28.388646841049194
stim_83_viola_complex.wav,70.0000011920929,10.000000298023224,41.24918282032013,28.35220456123352
stim_83_viola_complex.wav,80.00000059604645,10.000000298023224,49.37105119228363,25.02983808517456
stim_83_viola_complex.wav,20.000000149011612,40.000001192092896,40.101108849048615,28.380605578422546
stim_83_viola_complex.wav,64.9999988079071,0.0,48.94291162490845,25.661575198173523
stim_83_viola_complex.wav,20.000000149011612,10.000000298023224,29.329424500465393,26.892882585525513
stim_83_viola_complex.wav,15.000000447034836,20.000000596046448,18.420754373073578,24.709981083869934
stim_83_viola_complex.wav,60.00000178813934,0.0,40.463679134845734,28.457683324813843
stim_83_viola_complex.wav,80.00000059604645,10.000000298023224,40.43286591768265,28.40480089187622
stim_83_viola_complex.wav,80.00000059604645,10.000000298023224,51.93818271160126,23.419114351272583
stim_83_viola_complex.wav,74.99999821186066,30.0,40.79037755727768,28.400174975395203
stim_83_viola_complex.wav,40.000000298023224,0.0,41.42982691526413,21.352754831314087
stim_83_viola_complex.wav,60.00000178813934,20.000000596046448,40.932698249816895,28.380922079086304
stim_83_viola_complex.wav,25.000001192092896,20.000000596046448,40.61729460954666,28.432636857032776
stim_83_viola_complex.wav,64.9999988079071,49.999998807907104,42.71236002445221,27.527579069137573
stim_83_viola_complex.wav,90.0,60.0,40.30228525400162,28.47781777381897
stim_83_viola_complex.wav,10.000000074505806,10.000000298023224,20.646301209926605,29.935943484306335
stim_83_viola_complex.wav,0.0,30.0,38.67542088031769,28.581937551498413
stim_83_viola_complex.wav,5.000000037252903,60.0,38.84110361337662,28.553425669670105
stim_83_viola_complex.wav,54.99999940395355,40.000001192092896,40.37832856178284,28.402313590049744
stim_83_viola_complex.wav,10.000000074505806,60.0,38.8617941737175,28.59334945678711
stim_83_viola_complex.wav,60.00000178813934,30.0,50.27800798416138,26.590070128440857
stim_83_viola_complex.wav,60.00000178813934,40.000001192092896,42.8629070520401,28.668479919433594
stim_83_viola_complex.wav,0.0,10.000000298023224,20.97188249230385,26.97555720806122
stim_83_viola_complex.wav,70.0000011920929,10.000000298023224,39.50132668018341,27.146617770195007
stim_83_viola_complex.wav,40.000000298023224,30.0,41.16095423698425,28.357624411582947
stim_83_viola_complex.wav,74.99999821186066,20.000000596046448,40.83911597728729,28.39760184288025
stim_67_viola_complex.wav,0.0,20.000000596046448,30.474164485931396,31.520826816558838
stim_67_viola_complex.wav,35.00000059604645,0.0,40.36395192146301,30.96883535385132
stim_67_viola_complex.wav,60.00000178813934,30.0,60.74171304702759,33.857502937316895
stim_67_viola_complex.wav,64.9999988079071,30.0,66.23141169548035,35.910773277282715
stim_67_viola_complex.wav,84.99999761581421,40.000001192092896,56.82486176490784,30.593115091323853
stim_67_viola_complex.wav,45.0,49.999998807907104,49.39131796360016,36.56370162963867
stim_67_viola_complex.wav,60.00000178813934,40.000001192092896,47.400351762771606,30.13077735900879
stim_67_viola_complex.wav,70.0000011920929,40.000001192092896,50.520485043525696,32.09159731864929
stim_67_viola_complex.wav,84.99999761581421,60.0,48.91834795475006,28.950360417366028
stim_67_viola_complex.wav,70.0000011920929,30.0,68.26514840126038,39.81220006942749
stim_67_viola_complex.wav,30.00000089406967,30.0,32.143893241882324,21.979211568832397
stim_67_viola_complex.wav,74.99999821186066,30.0,60.81765174865723,26.828818917274475
stim_67_viola_complex.wav,70.0000011920929,20.000000596046448,44.88561451435089,29.609885215759277
stim_67_viola_complex.wav,54.99999940395355,0.0,46.14152669906616,26.05593502521515
stim_67_viola_complex.wav,25.000001192092896,49.999998807907104,29.309715628623962,33.46011400222778
stim_67_viola_complex.wav,80.00000059604645,40.000001192092896,57.82328188419342,32.3369300365448
stim_67_viola_complex.wav,84.99999761581421,60.0,73.09354305267334,40.974369049072266
stim_67_viola_complex.wav,15.000000447034836,20.000000596046448,40.70269614458084,27.6040917634964
stim_67_viola_complex.wav,5.000000037252903,20.000000596046448,25.801531076431274,28.283459544181824
stim_67_viola_complex.wav,5.000000037252903,49.999998807907104,21.320300102233887,24.512275457382202
stim_67_viola_complex.wav,80.00000059604645,30.0,67.4035370349884,34.23382759094238
stim_67_viola_complex.wav,54.99999940395355,60.0,46.90136432647705,29.106717109680176
stim_67_viola_complex.wav,45.0,10.000000298023224,36.016289591789246,19.246453642845154
stim_67_viola_complex.wav,84.99999761581421,49.999998807907104,38.20973843336105,28.48807990550995
stim_67_viola_complex.wav,25.000001192092896,40.000001192092896,19.5256769657135,24.51167106628418
stim_67_viola_complex.wav,84.99999761581421,60.0,44.39945340156555,32.95303702354431
stim_67_viola_complex.wav,74.99999821186066,40.000001192092896,65.02021193504333,31.102477312088013
stim_67_viola_complex.wav,40.000000298023224,60.0,46.34760081768036,34.04874086380005
stim_67_viola_complex.wav,5.000000037252903,20.000000596046448,7.18717485666275,18.468961715698242
stim_67_viola_complex.wav,10.000000074505806,10.000000298023224,13.841555714607239,31.148722171783447
stim_67_viola_complex.wav,50.00000238418579,60.0,41.46735101938248,29.159923195838928
stim_67_viola_complex.wav,70.0000011920929,49.999998807907104,63.102850914001465,35.63173770904541
stim_67_viola_complex.wav,84.99999761581421,20.000000596046448,69.59733188152313,39.01517629623413
stim_67_viola_complex.wav,74.99999821186066,0.0,54.79264855384827,23.298177123069763
stim_67_viola_complex.wav,30.00000089406967,60.0,32.854501605033875,19.894723892211914
stim_67_viola_complex.wav,25.000001192092896,30.0,31.59568727016449,24.477227926254272
stim_67_viola_complex.wav,50.00000238418579,10.000000298023224,52.25396990776062,16.564725637435913
stim_67_viola_complex.wav,60.00000178813934,0.0,50.7783579826355,34.235297441482544
stim_67_viola_complex.wav,64.9999988079071,60.0,67.05534338951111,35.31787633895874
stim_67_viola_complex.wav,70.0000011920929,0.0,60.359991788864136,26.069796681404114
stim_67_viola_complex.wav,70.0000011920929,49.999998807907104,40.4965415596962,28.416139483451843
stim_67_viola_complex.wav,35.00000059604645,60.0,45.29665768146515,29.727412462234497
stim_67_viola_complex.wav,80.00000059604645,10.000000298023224,39.878152906894684,30.0193190574646
stim_67_viola_complex.wav,60.00000178813934,0.0,41.79102122783661,25.010175704956055
stim_67_viola_complex.wav,60.00000178813934,60.0,46.14801228046417,29.570215344429016
stim_67_viola_complex.wav,54.99999940395355,49.999998807907104,46.37125253677368,34.98188853263855
stim_67_viola_complex.wav,54.99999940395355,10.000000298023224,47.04744815826416,24.880324602127075
stim_67_viola_complex.wav,64.9999988079071,49.999998807907104,43.78530263900757,32.90639877319336
stim_67_viola_complex.wav,35.00000059604645,0.0,35.328678488731384,27.69116520881653
stim_67_viola_complex.wav,0.0,0.0,17.9644837975502,29.309409856796265
stim_67_viola_complex.wav,45.0,20.000000596046448,51.13039791584015,26.075060963630676
stim_67_viola_complex.wav,25.000001192092896,0.0,29.263300001621246,27.739081978797913
stim_67_viola_complex.wav,5.000000037252903,20.000000596046448,7.288004457950592,20.234280824661255
stim_67_viola_complex.wav,5.000000037252903,0.0,3.879227936267853,22.133494019508362
stim_67_viola_complex.wav,15.000000447034836,60.0,26.077763736248016,38.786083459854126
stim_67_viola_complex.wav,25.000001192092896,40.000001192092896,33.56419801712036,26.196463108062744
stim_67_viola_complex.wav,40.000000298023224,10.000000298023224,41.48508578538895,26.011548042297363
stim_67_viola_complex.wav,25.000001192092896,40.000001192092896,31.716236472129822,27.509002089500427
stim_67_viola_complex.wav,10.000000074505806,0.0,15.095676183700562,27.542227506637573
stim_67_viola_complex.wav,45.0,60.0,45.31566381454468,25.707099437713623
stim_67_viola_complex.wav,0.0,40.000001192092896,24.273538291454315,29.89511489868164
stim_67_viola_complex.wav,0.0,40.000001192092896,32.595083713531494,27.642037868499756
stim_67_viola_complex.wav,64.9999988079071,60.0,62.082871198654175,30.971492528915405
stim_67_viola_complex.wav,70.0000011920929,30.0,59.54037308692932,31.2552809715271
stim_67_viola_complex.wav,84.99999761581421,60.0,58.20501923561096,32.184122800827026
stim_67_viola_complex.wav,80.00000059604645,20.000000596046448,52.20959544181824,31.64003849029541
stim_67_viola_complex.wav,54.99999940395355,20.000000596046448,36.000797152519226,31.498829126358032
stim_67_viola_complex.wav,54.99999940395355,30.0,43.045275807380676,30.162431001663208
stim_67_viola_complex.wav,30.00000089406967,30.0,40.673988461494446,29.187759160995483
stim_67_viola_complex.wav,80.00000059604645,60.0,52.176593542099,30.232093334197998
stim_67_viola_complex.wav,10.000000074505806,49.999998807907104,13.462854623794556,32.68248796463013
stim_67_viola_complex.wav,74.99999821186066,60.0,66.1586594581604,32.67008185386658
stim_67_viola_complex.wav,5.000000037252903,60.0,19.703912436962128,38.4559965133667
stim_67_viola_complex.wav,84.99999761581421,30.0,56.105782985687256,32.74938941001892
stim_67_viola_complex.wav,64.9999988079071,10.000000298023224,59.660804271698,32.58714437484741
stim_67_viola_complex.wav,40.000000298023224,10.000000298023224,37.078607976436615,27.18149721622467
stim_67_viola_complex.wav,30.00000089406967,0.0,46.63313269615173,31.38550043106079
stim_67_viola_complex.wav,30.00000089406967,10.000000298023224,41.98458015918732,24.03316855430603
stim_67_viola_complex.wav,50.00000238418579,49.999998807907104,41.59611850976944,27.77452826499939
stim_67_viola_complex.wav,45.0,40.000001192092896,38.85329157114029,29.120952486991882
stim_67_viola_complex.wav,25.000001192092896,40.000001192092896,31.13851010799408,28.662317991256714
stim_67_viola_complex.wav,70.0000011920929,49.999998807907104,61.409969329833984,35.7570219039917
stim_67_viola_complex.wav,50.00000238418579,60.0,47.974660992622375,32.7050256729126
stim_67_viola_complex.wav,25.000001192092896,40.000001192092896,29.407216608524323,23.078395128250122
stim_67_viola_complex.wav,20.000000149011612,20.000000596046448,29.69152271747589,21.115812063217163
stim_67_viola_complex.wav,70.0000011920929,40.000001192092896,41.68004482984543,23.85593354701996
stim_67_viola_complex.wav,15.000000447034836,40.000001192092896,24.598648846149445,33.04647445678711
stim_67_viola_complex.wav,0.0,60.0,5.95346063375473,26.017820835113525
stim_67_viola_complex.wav,10.000000074505806,60.0,14.760660231113434,34.37852382659912
stim_67_viola_complex.wav,20.000000149011612,0.0,30.56697428226471,35.37843704223633
stim_67_viola_complex.wav,64.9999988079071,30.0,52.50923573970795,29.761574864387512
stim_67_viola_complex.wav,50.00000238418579,60.0,45.62069535255432,27.437875270843506
stim_67_viola_complex.wav,70.0000011920929,60.0,40.37167936563492,29.74107027053833
stim_67_viola_complex.wav,54.99999940395355,49.999998807907104,44.8252272605896,35.84918975830078
stim_67_viola_complex.wav,25.000001192092896,20.000000596046448,27.322649359703064,26.317214369773865
stim_67_viola_complex.wav,0.0,10.000000298023224,4.097066223621368,25.35392940044403
stim_67_viola_complex.wav,15.000000447034836,40.000001192092896,25.198795795440674,39.36750411987305
stim_67_viola_complex.wav,45.0,10.000000298023224,46.997891664505005,21.114531755447388
stim_67_viola_complex.wav,45.0,40.000001192092896,42.50816613435745,28.216797709465027
stim_67_viola_complex.wav,10.000000074505806,30.0,22.84910023212433,30.943855047225952
stim_67_viola_complex.wav,45.0,30.0,43.146185874938965,29.633957147598267
stim_67_viola_complex.wav,45.0,20.000000596046448,47.84118354320526,35.599071979522705
stim_67_viola_complex.wav,40.000000298023224,10.000000298023224,32.765843868255615,29.016398191452026
stim_67_viola_complex.wav,70.0000011920929,60.0,74.29516196250916,40.07394790649414
stim_67_viola_complex.wav,90.0,40.000001192092896,48.76799941062927,30.706440210342407
stim_67_viola_complex.wav,5.000000037252903,30.0,12.4678435921669,32.88029193878174
stim_67_viola_complex.wav,90.0,0.0,71.15190267562866,25.26282012462616
stim_67_viola_complex.wav,90.0,10.000000298023224,58.07476043701172,28.661862015724182
stim_67_viola_complex.wav,84.99999761581421,10.000000298023224,68.14586520195007,21.6048663854599
stim_67_viola_complex.wav,30.00000089406967,0.0,38.50887715816498,25.803852081298828
stim_67_viola_complex.wav,40.000000298023224,40.000001192092896,41.804477870464325,28.80894899368286
stim_67_viola_complex.wav,64.9999988079071,40.000001192092896,51.149237751960754,32.56971001625061
stim_67_viola_complex.wav,60.00000178813934,10.000000298023224,47.31756806373596,25.98400890827179
stim_67_viola_complex.wav,60.00000178813934,40.000001192092896,41.01738631725311,31.855040788650513
stim_67_viola_complex.wav,5.000000037252903,40.000001192092896,8.70901733636856,23.110976815223694
stim_67_viola_complex.wav,0.0,30.0,0.9872594475746155,28.197380304336548
stim_67_viola_complex.wav,5.000000037252903,40.000001192092896,12.641597092151642,25.583612322807312
stim_67_viola_complex.wav,40.000000298023224,60.0,47.385637164115906,28.491032123565674
stim_67_viola_complex.wav,54.99999940395355,49.999998807907104,43.574379086494446,25.014962553977966
stim_67_viola_complex.wav,20.000000149011612,40.000001192092896,20.5984103679657,31.636841297149658
stim_67_viola_complex.wav,0.0,40.000001192092896,33.53930175304413,30.8396315574646
stim_67_viola_complex.wav,25.000001192092896,0.0,37.08856165409088,25.89194118976593
stim_67_viola_complex.wav,25.000001192092896,20.000000596046448,48.430389761924744,34.008697271347046
stim_67_viola_complex.wav,84.99999761581421,10.000000298023224,60.69800913333893,24.603495597839355
stim_67_viola_complex.wav,20.000000149011612,0.0,30.860914885997772,24.258170127868652
stim_67_viola_complex.wav,15.000000447034836,0.0,27.26306676864624,21.37886881828308
stim_67_viola_complex.wav,20.000000149011612,0.0,33.42207580804825,21.772640347480774
stim_67_viola_complex.wav,90.0,10.000000298023224,75.76783418655396,20.50825595855713
stim_67_viola_complex.wav,74.99999821186066,0.0,65.99023282527924,14.039258658885956
stim_67_viola_complex.wav,10.000000074505806,0.0,25.93200981616974,26.322898864746094
stim_67_viola_complex.wav,50.00000238418579,30.0,45.64402520656586,29.379465579986572
stim_67_viola_complex.wav,35.00000059604645,60.0,30.523442029953003,21.840698719024658
stim_67_viola_complex.wav,40.000000298023224,30.0,44.74979817867279,29.804105758666992
stim_67_viola_complex.wav,50.00000238418579,49.999998807907104,42.93347328901291,22.077584266662598
stim_67_viola_complex.wav,74.99999821186066,0.0,40.87554842233658,26.159226894378662
stim_67_viola_complex.wav,70.0000011920929,40.000001192092896,45.14636814594269,27.576009035110474
stim_67_viola_complex.wav,50.00000238418579,60.0,43.75532627105713,21.09252154827118
stim_67_viola_complex.wav,25.000001192092896,49.999998807907104,25.009697377681732,37.463539838790894
stim_67_viola_complex.wav,10.000000074505806,0.0,11.696628034114838,28.714202642440796
stim_67_viola_complex.wav,74.99999821186066,0.0,60.208463072776794,22.46093451976776
stim_67_viola_complex.wav,45.0,0.0,44.17508661746979,20.024871826171875
stim_67_viola_complex.wav,0.0,0.0,40.04665195941925,31.399962902069092
stim_67_viola_complex.wav,70.0000011920929,10.000000298023224,45.97233295440674,28.661824464797974
stim_67_viola_complex.wav,74.99999821186066,49.999998807907104,55.40982484817505,20.384684801101685
stim_67_viola_complex.wav,20.000000149011612,30.0,34.050876796245575,28.214188814163208
stim_67_viola_complex.wav,40.000000298023224,40.000001192092896,37.425428330898285,18.035709857940674
stim_67_viola_complex.wav,45.0,10.000000298023224,46.73009991645813,29.63869571685791
stim_67_viola_complex.wav,80.00000059604645,0.0,71.85313940048218,15.154663324356079
stim_67_viola_complex.wav,74.99999821186066,40.000001192092896,57.68693447113037,27.36976146697998
stim_68_viola_complex.wav,40.000000298023224,60.0,42.44874984025955,34.74658727645874
stim_68_viola_complex.wav,64.9999988079071,0.0,53.432124853134155,15.743780136108398
stim_68_viola_complex.wav,80.00000059604645,0.0,41.7184916138649,29.337362051010132
stim_68_viola_complex.wav,35.00000059604645,20.000000596046448,41.52068942785263,28.26309621334076
stim_68_viola_complex.wav,64.9999988079071,40.000001192092896,49.417378306388855,27.02887773513794
stim_68_viola_complex.wav,15.000000447034836,60.0,19.927552342414856,29.307491183280945
stim_68_viola_complex.wav,60.00000178813934,0.0,38.80812048912048,30.09013295173645
stim_68_viola_complex.wav,70.0000011920929,60.0,47.12442755699158,31.525930166244507
stim_68_viola_complex.wav,0.0,0.0,4.311648309230804,27.39748477935791
stim_68_viola_complex.wav,35.00000059604645,49.999998807907104,34.74623680114746,30.80023169517517
stim_68_viola_complex.wav,20.000000149011612,20.000000596046448,29.475843608379364,29.893729090690613
stim_68_viola_complex.wav,80.00000059604645,10.000000298023224,41.35164588689804,28.4609717130661
stim_68_viola_complex.wav,54.99999940395355,10.000000298023224,50.4442298412323,31.6587495803833
stim_68_viola_complex.wav,20.000000149011612,40.000001192092896,15.668502151966095,22.714930772781372
stim_68_viola_complex.wav,70.0000011920929,0.0,40.2713942527771,28.48141372203827
stim_68_viola_complex.wav,54.99999940395355,20.000000596046448,31.34920835494995,24.793542623519897
stim_68_viola_complex.wav,45.0,0.0,44.663570523262024,30.057374238967896
stim_68_viola_complex.wav,80.00000059604645,49.999998807907104,68.91619563102722,33.53052377700806
stim_68_viola_complex.wav,0.0,30.0,6.884500980377197,25.198450684547424
stim_68_viola_complex.wav,25.000001192092896,49.999998807907104,30.382261276245117,38.03872346878052
stim_68_viola_complex.wav,45.0,30.0,38.76661330461502,31.254326105117798
stim_68_viola_complex.wav,0.0,40.000001192092896,32.62414276599884,29.090301990509033
stim_68_viola_complex.wav,0.0,30.0,12.711141407489777,27.996137738227844
stim_68_viola_complex.wav,60.00000178813934,10.000000298023224,57.84407436847687,32.35676050186157
stim_68_viola_complex.wav,0.0,30.0,3.757503926753998,26.768258213996887
stim_68_viola_complex.wav,50.00000238418579,30.0,36.12272769212723,29.62852656841278
stim_68_viola_complex.wav,70.0000011920929,10.000000298023224,58.30743670463562,18.451804518699646
stim_68_viola_complex.wav,90.0,20.000000596046448,44.86678272485733,28.870117664337158
stim_68_viola_complex.wav,45.0,0.0,47.27145552635193,18.880485892295837
stim_68_viola_complex.wav,5.000000037252903,20.000000596046448,26.823484897613525,30.544849634170532
stim_68_viola_complex.wav,80.00000059604645,0.0,65.81598043441772,24.973127245903015
stim_68_viola_complex.wav,60.00000178813934,10.000000298023224,40.407712161540985,28.505460619926453
stim_68_viola_complex.wav,54.99999940395355,10.000000298023224,50.06326496601105,23.293105959892273
stim_68_viola_complex.wav,80.00000059604645,20.000000596046448,57.568262815475464,23.875973224639893
stim_68_viola_complex.wav,64.9999988079071,0.0,63.04386913776398,16.301214694976807
stim_68_viola_complex.wav,0.0,60.0,32.1378368139267,32.69123554229736
stim_68_viola_complex.wav,25.000001192092896,49.999998807907104,30.505833327770233,32.820589542388916
stim_68_viola_complex.wav,30.00000089406967,10.000000298023224,41.66395157575607,28.873913884162903
stim_68_viola_complex.wav,60.00000178813934,49.999998807907104,39.83434438705444,33.50113034248352
stim_68_viola_complex.wav,74.99999821186066,0.0,40.829304456710815,29.45047616958618
stim_68_viola_complex.wav,60.00000178813934,0.0,39.77728307247162,22.94723153114319
stim_68_viola_complex.wav,20.000000149011612,40.000001192092896,27.901217937469482,25.57139754295349
stim_68_viola_complex.wav,15.000000447034836,10.000000298023224,21.101409047842026,21.450024247169495
stim_68_viola_complex.wav,64.9999988079071,10.000000298023224,63.17680478096008,23.85402023792267
stim_68_viola_complex.wav,25.000001192092896,40.000001192092896,35.87581157684326,26.82758331298828
stim_68_viola_complex.wav,0.0,20.000000596046448,34.168947637081146,32.381465435028076
stim_68_viola_complex.wav,54.99999940395355,0.0,54.05214965343475,35.645034313201904
stim_68_viola_complex.wav,40.000000298023224,0.0,42.04360216856003,29.146572947502136
stim_68_viola_complex.wav,20.000000149011612,20.000000596046448,35.062616765499115,26.775670051574707
stim_68_viola_complex.wav,0.0,49.999998807907104,4.554238021373749,33.37854981422424
stim_68_viola_complex.wav,45.0,0.0,41.60007745027542,28.5354083776474
stim_68_viola_complex.wav,74.99999821186066,20.000000596046448,65.46507775783539,17.221938371658325
stim_68_viola_complex.wav,84.99999761581421,60.0,38.428523540496826,29.085089564323425
stim_68_viola_complex.wav,54.99999940395355,30.0,44.70998078584671,24.64875340461731
stim_68_viola_complex.wav,70.0000011920929,0.0,42.53487020730972,28.67605984210968
stim_68_viola_complex.wav,84.99999761581421,20.000000596046448,62.67898142337799,32.967485189437866
stim_68_viola_complex.wav,80.00000059604645,0.0,38.78390550613403,30.83574414253235
stim_68_viola_complex.wav,25.000001192092896,49.999998807907104,31.65611207485199,28.764792680740356
stim_68_viola_complex.wav,54.99999940395355,40.000001192092896,47.74838984012604,33.014928102493286
stim_68_viola_complex.wav,84.99999761581421,30.0,45.83489120006561,30.90243101119995
stim_68_viola_complex.wav,60.00000178813934,49.999998807907104,52.295029163360596,32.88652181625366
stim_68_viola_complex.wav,35.00000059604645,30.0,42.09252029657364,28.91532003879547
stim_68_viola_complex.wav,10.000000074505806,49.999998807907104,3.8076934218406677,33.45793962478638
stim_68_viola_complex.wav,20.000000149011612,40.000001192092896,22.576901614665985,24.744749665260315
stim_68_viola_complex.wav,35.00000059604645,49.999998807907104,38.178632855415344,31.397008895874023
stim_68_viola_complex.wav,5.000000037252903,20.000000596046448,3.1072506308555603,19.594085812568665
stim_68_viola_complex.wav,15.000000447034836,40.000001192092896,13.245045840740204,34.045186042785645
stim_68_viola_complex.wav,20.000000149011612,60.0,28.9697402715683,41.87007665634155
stim_68_viola_complex.wav,74.99999821186066,40.000001192092896,61.9664204120636,30.56017756462097
stim_68_viola_complex.wav,35.00000059604645,20.000000596046448,43.44674617052078,30.475094318389893
stim_68_viola_complex.wav,74.99999821186066,20.000000596046448,69.17220711708069,23.103439807891846
stim_68_viola_complex.wav,35.00000059604645,60.0,40.23204356431961,31.678587198257446
stim_68_viola_complex.wav,54.99999940395355,49.999998807907104,33.23600560426712,28.457919359207153
stim_68_viola_complex.wav,90.0,30.0,42.515732645988464,29.6902334690094
stim_68_viola_complex.wav,74.99999821186066,60.0,38.77532780170441,29.08120572566986
stim_68_viola_complex.wav,50.00000238418579,10.000000298023224,53.22529435157776,23.006295561790466
stim_68_viola_complex.wav,60.00000178813934,30.0,38.761643171310425,29.267045259475708
stim_68_viola_complex.wav,54.99999940395355,20.000000596046448,49.17257308959961,21.10786736011505
stim_68_viola_complex.wav,45.0,49.999998807907104,39.890220165252686,28.520472049713135
stim_68_viola_complex.wav,25.000001192092896,60.0,32.56179213523865,27.620843052864075
stim_68_viola_complex.wav,15.000000447034836,60.0,13.919211030006409,34.812397956848145
stim_68_viola_complex.wav,0.0,10.000000298023224,9.634036123752594,28.78341794013977
stim_68_viola_complex.wav,40.000000298023224,30.0,41.99532240629196,36.33841395378113
stim_68_viola_complex.wav,54.99999940395355,20.000000596046448,38.985575437545776,30.39095163345337
stim_68_viola_complex.wav,70.0000011920929,60.0,53.42806935310364,30.60572862625122
stim_68_viola_complex.wav,25.000001192092896,20.000000596046448,30.811087489128113,35.16788363456726
stim_68_viola_complex.wav,20.000000149011612,30.0,32.84436821937561,29.941665530204773
stim_68_viola_complex.wav,15.000000447034836,10.000000298023224,36.16873025894165,28.8776832818985
stim_68_viola_complex.wav,15.000000447034836,30.0,12.71778255701065,25.626132488250732
stim_68_viola_complex.wav,10.000000074505806,20.000000596046448,14.05600905418396,30.97839117050171
stim_68_viola_complex.wav,45.0,60.0,43.168678879737854,17.868168354034424
stim_68_viola_complex.wav,50.00000238418579,49.999998807907104,41.74349516630173,29.441344141960144
stim_68_viola_complex.wav,60.00000178813934,40.000001192092896,47.08990752696991,31.302462816238403
stim_68_viola_complex.wav,60.00000178813934,40.000001192092896,48.37449789047241,33.14132809638977
stim_68_viola_complex.wav,25.000001192092896,10.000000298023224,31.996476352214813,30.610792636871338
stim_68_viola_complex.wav,0.0,60.0,35.91281533241272,31.442545652389526
stim_68_viola_complex.wav,20.000000149011612,10.000000298023224,30.906354188919067,28.793261647224426
stim_68_viola_complex.wav,54.99999940395355,40.000001192092896,49.04323160648346,33.92229437828064
stim_68_viola_complex.wav,60.00000178813934,0.0,60.05809307098389,34.17981505393982
stim_68_viola_complex.wav,15.000000447034836,49.999998807907104,17.548961341381073,31.86422824859619
stim_68_viola_complex.wav,25.000001192092896,20.000000596046448,39.03248459100723,28.82999539375305
stim_68_viola_complex.wav,30.00000089406967,10.000000298023224,42.041791677474976,26.706900000572205
stim_68_viola_complex.wav,70.0000011920929,40.000001192092896,64.26090002059937,42.14414834976196
stim_68_viola_complex.wav,50.00000238418579,60.0,39.58791375160217,27.57488787174225
stim_68_viola_complex.wav,50.00000238418579,40.000001192092896,37.910422682762146,28.27382504940033
stim_68_viola_complex.wav,25.000001192092896,10.000000298023224,34.99541401863098,27.965510487556458
stim_68_viola_complex.wav,15.000000447034836,30.0,25.50979256629944,32.25595235824585
stim_68_viola_complex.wav,30.00000089406967,10.000000298023224,37.644918859004974,32.457969188690186
stim_68_viola_complex.wav,15.000000447034836,60.0,9.697105586528778,36.42686605453491
stim_68_viola_complex.wav,5.000000037252903,40.000001192092896,6.168600618839264,19.419329166412354
stim_68_viola_complex.wav,45.0,40.000001192092896,40.93973100185394,20.682987570762634
stim_68_viola_complex.wav,40.000000298023224,10.000000298023224,42.45449513196945,30.221142768859863
stim_89_viola_complex.wav,70.0000011920929,30.0,36.51547014713287,26.614181399345398
stim_89_viola_complex.wav,70.0000011920929,60.0,40.87965488433838,28.406605124473572
stim_89_viola_complex.wav,35.00000059604645,40.000001192092896,40.579529106616974,28.431687355041504
stim_89_viola_complex.wav,30.00000089406967,30.0,41.109834015369415,28.599513173103333
stim_89_viola_complex.wav,5.000000037252903,30.0,40.878863632678986,28.590204119682312
stim_89_viola_complex.wav,45.0,60.0,47.21456050872803,29.182809591293335
stim_89_viola_complex.wav,30.00000089406967,40.000001192092896,41.68717682361603,28.337838649749756
stim_89_viola_complex.wav,64.9999988079071,30.0,41.597754657268524,28.331691026687622
stim_89_viola_complex.wav,90.0,0.0,44.02951508760452,29.358901977539062
stim_89_viola_complex.wav,64.9999988079071,60.0,47.433090806007385,28.432912230491638
stim_89_viola_complex.wav,45.0,49.999998807907104,42.15597599744797,31.066882610321045
stim_89_viola_complex.wav,40.000000298023224,60.0,42.63795554637909,29.243119955062866
stim_89_viola_complex.wav,20.000000149011612,49.999998807907104,38.96236091852188,28.49088728427887
stim_89_viola_complex.wav,10.000000074505806,60.0,40.442567467689514,28.47110152244568
stim_89_viola_complex.wav,74.99999821186066,10.000000298023224,49.69748675823212,26.15700602531433
stim_89_viola_complex.wav,80.00000059604645,20.000000596046448,41.02236181497574,28.3881676197052
stim_89_viola_complex.wav,50.00000238418579,60.0,40.94905972480774,28.412373661994934
stim_89_viola_complex.wav,30.00000089406967,20.000000596046448,34.669466614723206,26.88331425189972
stim_89_viola_complex.wav,25.000001192092896,20.000000596046448,36.31866306066513,22.705528736114502
stim_89_viola_complex.wav,35.00000059604645,40.000001192092896,38.52359712123871,27.465555667877197
stim_89_viola_complex.wav,40.000000298023224,60.0,46.20273470878601,32.396156787872314
stim_89_viola_complex.wav,64.9999988079071,30.0,40.629434287548065,28.46105396747589
stim_89_viola_complex.wav,54.99999940395355,49.999998807907104,42.23101884126663,28.458083868026733
stim_89_viola_complex.wav,5.000000037252903,60.0,22.1931391954422,31.77304744720459
stim_89_viola_complex.wav,15.000000447034836,10.000000298023224,40.53462624549866,28.556576371192932
stim_89_viola_complex.wav,40.000000298023224,49.999998807907104,37.69887149333954,28.44355881214142
stim_89_viola_complex.wav,45.0,20.000000596046448,41.69067710638046,28.386513590812683
stim_89_viola_complex.wav,15.000000447034836,20.000000596046448,41.4669406414032,28.433457612991333
stim_89_viola_complex.wav,74.99999821186066,49.999998807907104,41.399512588977814,28.413296341896057
stim_89_viola_complex.wav,80.00000059604645,30.0,49.38397407531738,31.028870344161987
stim_89_viola_complex.wav,80.00000059604645,0.0,38.067881762981415,28.390411734580994
stim_89_viola_complex.wav,60.00000178813934,30.0,42.34568864107132,28.665030598640442
stim_89_viola_complex.wav,90.0,60.0,36.5906685590744,28.628357648849487
stim_89_viola_complex.wav,50.00000238418579,49.999998807907104,40.85827499628067,28.45604181289673
stim_89_viola_complex.wav,0.0,40.000001192092896,28.377489745616913,24.38472032546997
stim_89_viola_complex.wav,15.000000447034836,40.000001192092896,39.15683716535568,28.53206992149353
stim_89_viola_complex.wav,40.000000298023224,40.000001192092896,41.24512732028961,28.48513126373291
stim_89_viola_complex.wav,64.9999988079071,10.000000298023224,40.6622377038002,28.42564880847931
stim_89_viola_complex.wav,35.00000059604645,49.999998807907104,38.415579199790955,28.53141725063324
stim_89_viola_complex.wav,25.000001192092896,40.000001192092896,31.161287426948547,20.99313497543335
stim_89_viola_complex.wav,80.00000059604645,0.0,34.78785127401352,26.74873173236847
stim_89_viola_complex.wav,74.99999821186066,10.000000298023224,44.686661660671234,27.17972159385681
stim_89_viola_complex.wav,70.0000011920929,20.000000596046448,41.15722596645355,28.361138105392456
stim_89_viola_complex.wav,25.000001192092896,20.000000596046448,40.10228902101517,28.555272817611694
stim_89_viola_complex.wav,0.0,0.0,39.64869260787964,29.72409188747406
stim_89_viola_complex.wav,50.00000238418579,30.0,41.23627066612244,28.367133736610413
stim_89_viola_complex.wav,25.000001192092896,30.0,37.422418892383575,28.69388222694397
stim_89_viola_complex.wav,20.000000149011612,30.0,39.96325671672821,28.51909339427948
stim_89_viola_complex.wav,80.00000059604645,20.000000596046448,56.477805376052856,24.68571960926056
stim_89_viola_complex.wav,15.000000447034836,60.0,31.318714320659637,28.906139731407166
stim_89_viola_complex.wav,5.000000037252903,0.0,29.371041655540466,24.946791529655457
stim_89_viola_complex.wav,84.99999761581421,30.0,50.047080516815186,32.05950736999512
stim_89_viola_complex.wav,84.99999761581421,49.999998807907104,41.29105746746063,28.44885528087616
stim_89_viola_complex.wav,64.9999988079071,49.999998807907104,49.46842610836029,37.54794359207153
stim_89_viola_complex.wav,10.000000074505806,10.000000298023224,40.62108188867569,28.42424511909485
stim_89_viola_complex.wav,15.000000447034836,60.0,41.128225922584534,28.543773293495178
stim_89_viola_complex.wav,60.00000178813934,10.000000298023224,36.546522080898285,29.245267510414124
stim_89_viola_complex.wav,90.0,60.0,38.14819246530533,27.503485679626465
stim_89_viola_complex.wav,74.99999821186066,30.0,38.95239919424057,28.519266843795776
stim_89_viola_complex.wav,70.0000011920929,40.000001192092896,40.739155411720276,28.419299125671387
stim_89_viola_complex.wav,50.00000238418579,20.000000596046448,45.14488220214844,27.98942506313324
stim_89_viola_complex.wav,64.9999988079071,40.000001192092896,40.963777005672455,28.411125540733337
stim_89_viola_complex.wav,5.000000037252903,49.999998807907104,39.111084043979645,28.541972637176514
stim_89_viola_complex.wav,74.99999821186066,30.0,41.6346538066864,28.330180048942566
stim_89_viola_complex.wav,40.000000298023224,0.0,48.681524991989136,32.834233045578
stim_89_viola_complex.wav,45.0,20.000000596046448,41.15825593471527,28.422115445137024
stim_89_viola_complex.wav,70.0000011920929,40.000001192092896,53.8055419921875,33.41909408569336
stim_89_viola_complex.wav,35.00000059604645,20.000000596046448,41.31896048784256,28.461230993270874
stim_89_viola_complex.wav,74.99999821186066,30.0,41.83268129825592,28.499026894569397
stim_89_viola_complex.wav,64.9999988079071,10.000000298023224,41.015425622463226,28.390166759490967
stim_89_viola_complex.wav,74.99999821186066,60.0,43.57511669397354,28.73414933681488
stim_89_viola_complex.wav,35.00000059604645,40.000001192092896,42.54193514585495,27.81831979751587
stim_89_viola_complex.wav,84.99999761581421,40.000001192092896,40.729840099811554,28.41253101825714
stim_89_viola_complex.wav,54.99999940395355,49.999998807907104,41.54560714960098,28.659440875053406
stim_89_viola_complex.wav,5.000000037252903,20.000000596046448,37.98849105834961,28.758476972579956
stim_89_viola_complex.wav,25.000001192092896,30.0,38.601568937301636,29.15123999118805
stim_89_viola_complex.wav,35.00000059604645,40.000001192092896,39.12212133407593,28.478323817253113
stim_89_viola_complex.wav,20.000000149011612,10.000000298023224,36.73572778701782,26.60226881504059
stim_89_viola_complex.wav,20.000000149011612,30.0,40.798593163490295,28.492457270622253
stim_89_viola_complex.wav,80.00000059604645,10.000000298023224,41.38492941856384,27.52470552921295
stim_89_viola_complex.wav,74.99999821186066,20.000000596046448,48.269070982933044,27.9354465007782
stim_89_viola_complex.wav,54.99999940395355,49.999998807907104,51.44352972507477,34.139896631240845
stim_89_viola_complex.wav,30.00000089406967,20.000000596046448,42.03936159610748,28.487359285354614
stim_89_viola_complex.wav,35.00000059604645,40.000001192092896,41.366647481918335,28.47715973854065
stim_89_viola_complex.wav,40.000000298023224,30.0,41.92621797323227,28.315109610557556
stim_89_viola_complex.wav,25.000001192092896,10.000000298023224,38.9446422457695,28.50777268409729
stim_89_viola_complex.wav,25.000001192092896,20.000000596046448,41.41210287809372,28.438169360160828
stim_89_viola_complex.wav,60.00000178813934,20.000000596046448,40.51600903272629,28.43410849571228
stim_89_viola_complex.wav,80.00000059604645,10.000000298023224,40.37966698408127,28.464910984039307
stim_89_viola_complex.wav,80.00000059604645,20.000000596046448,41.427182257175446,28.543267250061035
stim_89_viola_complex.wav,15.000000447034836,40.000001192092896,24.20598953962326,34.2328405380249
stim_89_viola_complex.wav,0.0,49.999998807907104,36.72138065099716,28.551226258277893
stim_89_viola_complex.wav,60.00000178813934,10.000000298023224,38.7598192691803,31.20046377182007
stim_89_viola_complex.wav,5.000000037252903,0.0,30.3068670630455,26.826345920562744
stim_89_viola_complex.wav,0.0,0.0,31.918641328811646,27.299975752830505
stim_89_viola_complex.wav,50.00000238418579,40.000001192092896,41.91501975059509,28.315497636795044
stim_89_viola_complex.wav,70.0000011920929,60.0,41.43245279788971,28.342301845550537
stim_89_viola_complex.wav,84.99999761581421,40.000001192092896,51.525975465774536,30.906779766082764
stim_89_viola_complex.wav,70.0000011920929,49.999998807907104,40.545041263103485,28.447988033294678
stim_89_viola_complex.wav,70.0000011920929,60.0,43.571554720401764,29.437179565429688
stim_89_viola_complex.wav,60.00000178813934,0.0,40.923696756362915,28.38425874710083
stim_89_viola_complex.wav,35.00000059604645,60.0,38.76638263463974,36.517274379730225
stim_89_viola_complex.wav,54.99999940395355,60.0,51.925238370895386,30.89733123779297
stim_89_viola_complex.wav,74.99999821186066,40.000001192092896,42.004112005233765,28.33145499229431
stim_89_viola_complex.wav,70.0000011920929,40.000001192092896,42.51942068338394,28.3127099275589
stim_89_viola_complex.wav,50.00000238418579,40.000001192092896,41.55011057853699,28.404791951179504
stim_89_viola_complex.wav,40.000000298023224,49.999998807907104,41.696237325668335,28.466772437095642
stim_89_viola_complex.wav,40.000000298023224,49.999998807907104,50.130019783973694,34.06064987182617
stim_89_viola_complex.wav,84.99999761581421,30.0,41.31689518690109,28.354300260543823
stim_89_viola_complex.wav,80.00000059604645,40.000001192092896,41.413932144641876,28.344783782958984
stim_89_viola_complex.wav,70.0000011920929,30.0,39.718346893787384,28.57915699481964
stim_89_viola_complex.wav,74.99999821186066,49.999998807907104,51.43048882484436,29.9234801530838
stim_89_viola_complex.wav,25.000001192092896,30.0,41.2095183134079,28.557686805725098
stim_89_viola_complex.wav,35.00000059604645,10.000000298023224,41.87188982963562,28.43354880809784
stim_89_viola_complex.wav,70.0000011920929,60.0,39.68958020210266,28.464033007621765
stim_89_viola_complex.wav,74.99999821186066,0.0,39.93383288383484,28.458500504493713
stim_89_viola_complex.wav,74.99999821186066,20.000000596046448,41.03426277637482,28.385045528411865
stim_89_viola_complex.wav,20.000000149011612,0.0,37.180263698101044,28.604430556297302
stim_89_viola_complex.wav,40.000000298023224,60.0,47.59602963924408,36.21079444885254
stim_89_viola_complex.wav,45.0,20.000000596046448,43.94404649734497,34.097256660461426
stim_89_viola_complex.wav,40.000000298023224,40.000001192092896,41.848307847976685,28.31780254840851
stim_89_viola_complex.wav,64.9999988079071,20.000000596046448,45.72491526603699,29.36824679374695
stim_89_viola_complex.wav,60.00000178813934,49.999998807907104,41.120452880859375,28.465266823768616
stim_89_viola_complex.wav,50.00000238418579,10.000000298023224,46.07972860336304,28.01662802696228
stim_89_viola_complex.wav,50.00000238418579,40.000001192092896,49.55990016460419,30.435140132904053
stim_89_viola_complex.wav,0.0,0.0,36.8629315495491,28.580058217048645
stim_89_viola_complex.wav,80.00000059604645,10.000000298023224,37.678124606609344,28.247382044792175
stim_89_viola_complex.wav,74.99999821186066,40.000001192092896,45.1015967130661,29.617141485214233
stim_89_viola_complex.wav,5.000000037252903,10.000000298023224,33.88067185878754,24.789052605628967
stim_89_viola_complex.wav,60.00000178813934,0.0,41.704603135585785,28.786877989768982
stim_89_viola_complex.wav,74.99999821186066,60.0,42.35765665769577,28.028841018676758
stim_89_viola_complex.wav,30.00000089406967,49.999998807907104,41.217197477817535,28.433690071105957
stim_89_viola_complex.wav,64.9999988079071,30.0,42.73597151041031,28.868985772132874
stim_89_viola_complex.wav,80.00000059604645,30.0,49.72839653491974,31.33143424987793
stim_89_viola_complex.wav,30.00000089406967,10.000000298023224,41.400352120399475,32.024770975112915
stim_89_viola_complex.wav,25.000001192092896,0.0,40.784618854522705,28.54490339756012
stim_89_viola_complex.wav,15.000000447034836,10.000000298023224,33.1442391872406,27.2690212726593
stim_80_viola_complex.wav,40.000000298023224,40.000001192092896,40.35496383905411,29.130876660346985
stim_80_viola_complex.wav,74.99999821186066,30.0,40.298079550266266,28.435404896736145
stim_80_viola_complex.wav,45.0,49.999998807907104,40.563274919986725,28.780832290649414
stim_80_viola_complex.wav,50.00000238418579,40.000001192092896,41.20534211397171,32.51716375350952
stim_80_viola_complex.wav,5.000000037252903,40.000001192092896,37.31251537799835,28.796610832214355
stim_80_viola_complex.wav,5.000000037252903,10.000000298023224,19.636977910995483,24.026609659194946
stim_80_viola_complex.wav,54.99999940395355,10.000000298023224,41.01000487804413,28.39701533317566
stim_80_viola_complex.wav,45.0,49.999998807907104,42.198494374752045,22.22377896308899
stim_80_viola_complex.wav,54.99999940395355,10.000000298023224,40.41913568973541,28.436238169670105
stim_80_viola_complex.wav,54.99999940395355,10.000000298023224,38.10143619775772,28.739048838615417
stim_80_viola_complex.wav,70.0000011920929,60.0,61.79107904434204,36.07050061225891
stim_80_viola_complex.wav,90.0,10.000000298023224,50.52087664604187,30.995811223983765
stim_80_viola_complex.wav,25.000001192092896,49.999998807907104,40.55085361003876,28.42308282852173
stim_80_viola_complex.wav,84.99999761581421,10.000000298023224,39.187824726104736,28.573177456855774
stim_80_viola_complex.wav,50.00000238418579,40.000001192092896,41.58232122659683,34.264819622039795
stim_80_viola_complex.wav,84.99999761581421,30.0,61.53947710990906,25.57230234146118
stim_80_viola_complex.wav,35.00000059604645,10.000000298023224,40.245202481746674,28.448157906532288
stim_80_viola_complex.wav,25.000001192092896,20.000000596046448,40.72575241327286,28.399397134780884
stim_80_viola_complex.wav,54.99999940395355,30.0,39.01725769042969,28.52855622768402
stim_80_viola_complex.wav,0.0,20.000000596046448,12.755727767944336,29.411149621009827
stim_80_viola_complex.wav,35.00000059604645,40.000001192092896,28.08192640542984,18.669503331184387
stim_80_viola_complex.wav,64.9999988079071,49.999998807907104,38.37756425142288,28.545602560043335
stim_80_viola_complex.wav,10.000000074505806,20.000000596046448,16.24217838048935,24.631118774414062
stim_80_viola_complex.wav,40.000000298023224,0.0,35.8726304769516,20.95218300819397
stim_80_viola_complex.wav,0.0,10.000000298023224,24.55747425556183,29.524442553520203
stim_80_viola_complex.wav,10.000000074505806,30.0,38.93061429262161,28.504777550697327
stim_80_viola_complex.wav,50.00000238418579,0.0,39.55176293849945,28.47749412059784
stim_80_viola_complex.wav,70.0000011920929,49.999998807907104,59.18462097644806,34.728219509124756
stim_80_viola_complex.wav,15.000000447034836,0.0,40.002567172050476,28.458616733551025
stim_80_viola_complex.wav,45.0,40.000001192092896,41.089100539684296,19.68714952468872
stim_80_viola_complex.wav,74.99999821186066,30.0,40.732460618019104,28.409655690193176
stim_80_viola_complex.wav,70.0000011920929,30.0,40.61864644289017,28.41316044330597
stim_80_viola_complex.wav,0.0,0.0,15.40158748626709,29.363890886306763
stim_80_viola_complex.wav,0.0,10.000000298023224,12.432492077350616,30.35362958908081
stim_80_viola_complex.wav,25.000001192092896,40.000001192092896,38.22968065738678,28.604891896247864
stim_80_viola_complex.wav,70.0000011920929,0.0,38.635327219963074,28.521806001663208
stim_80_viola_complex.wav,84.99999761581421,49.999998807907104,46.51016414165497,29.204662442207336
stim_80_viola_complex.wav,84.99999761581421,40.000001192092896,57.03230381011963,31.694934368133545
stim_80_viola_complex.wav,54.99999940395355,10.000000298023224,40.74935048818588,28.408285975456238
stim_80_viola_complex.wav,50.00000238418579,10.000000298023224,40.83170771598816,28.412806391716003
stim_80_viola_complex.wav,45.0,60.0,40.73227018117905,28.431045413017273
stim_80_viola_complex.wav,40.000000298023224,0.0,40.2016407251358,28.653030395507812
stim_80_viola_complex.wav,5.000000037252903,60.0,16.352347433567047,23.929229378700256
stim_80_viola_complex.wav,0.0,10.000000298023224,20.069940090179443,29.60767686367035
stim_80_viola_complex.wav,50.00000238418579,49.999998807907104,40.24838089942932,28.443737626075745
stim_80_viola_complex.wav,74.99999821186066,10.000000298023224,40.894015431404114,28.397061824798584
stim_80_viola_complex.wav,10.000000074505806,20.000000596046448,38.911970257759094,28.50882053375244
stim_80_viola_complex.wav,20.000000149011612,49.999998807907104,38.374096155166626,28.609301447868347
stim_80_viola_complex.wav,35.00000059604645,49.999998807907104,39.19184535741806,28.503438234329224
stim_80_viola_complex.wav,35.00000059604645,60.0,41.150517761707306,28.372129797935486
stim_80_viola_complex.wav,54.99999940395355,10.000000298023224,38.588750660419464,28.537988662719727
stim_80_viola_complex.wav,35.00000059604645,0.0,41.20805382728577,28.370277285575867
stim_80_viola_complex.wav,70.0000011920929,40.000001192092896,41.130331456661224,28.434725403785706
stim_80_viola_complex.wav,54.99999940395355,10.000000298023224,40.15880584716797,28.463573455810547
stim_80_viola_complex.wav,35.00000059604645,30.0,40.75273275375366,28.543848395347595
stim_80_viola_complex.wav,15.000000447034836,40.000001192092896,37.936319410800934,28.570348620414734
stim_80_viola_complex.wav,64.9999988079071,10.000000298023224,40.629785656929016,28.43176782131195
stim_80_viola_complex.wav,64.9999988079071,20.000000596046448,41.83587580919266,28.52125883102417
stim_80_viola_complex.wav,50.00000238418579,30.0,39.138077795505524,28.49393606185913
stim_80_viola_complex.wav,15.000000447034836,30.0,39.286361038684845,28.509585857391357
stim_80_viola_complex.wav,45.0,49.999998807907104,40.93961834907532,28.497633934020996
stim_80_viola_complex.wav,60.00000178813934,20.000000596046448,38.28989893198013,28.559616208076477
stim_80_viola_complex.wav,84.99999761581421,40.000001192092896,39.68841880559921,28.521990180015564
stim_80_viola_complex.wav,60.00000178813934,49.999998807907104,43.33151310682297,24.385172724723816
stim_80_viola_complex.wav,80.00000059604645,60.0,39.778524935245514,28.842692971229553
stim_80_viola_complex.wav,15.000000447034836,49.999998807907104,19.594690203666687,22.387787103652954
stim_80_viola_complex.wav,30.00000089406967,0.0,33.78490090370178,26.380977630615234
stim_80_viola_complex.wav,5.000000037252903,0.0,39.19317573308945,28.671156764030457
stim_80_viola_complex.wav,64.9999988079071,60.0,53.9789092540741,29.003924131393433
stim_80_viola_complex.wav,50.00000238418579,10.000000298023224,41.00863695144653,28.36844265460968
stim_80_viola_complex.wav,45.0,20.000000596046448,40.61025112867355,28.414231538772583
stim_80_viola_complex.wav,15.000000447034836,60.0,17.517654597759247,23.370952606201172
stim_80_viola_complex.wav,84.99999761581421,10.000000298023224,43.96200120449066,28.782629370689392
stim_80_viola_complex.wav,74.99999821186066,30.0,63.8126277923584,32.52087593078613
stim_80_viola_complex.wav,70.0000011920929,20.000000596046448,53.94185721874237,22.442203760147095
stim_80_viola_complex.wav,60.00000178813934,30.0,38.66529017686844,28.549264669418335
stim_80_viola_complex.wav,84.99999761581421,40.000001192092896,55.14055788516998,32.32606530189514
stim_80_viola_complex.wav,45.0,49.999998807907104,43.94261419773102,27.88093328475952
stim_80_viola_complex.wav,30.00000089406967,10.000000298023224,38.89178931713104,28.520708084106445
stim_80_viola_complex.wav,30.00000089406967,30.0,39.790256917476654,28.472328186035156
stim_80_viola_complex.wav,10.000000074505806,49.999998807907104,20.174625366926193,23.219305872917175
stim_80_viola_complex.wav,25.000001192092896,0.0,39.181524217128754,28.487330675125122
stim_80_viola_complex.wav,25.000001192092896,10.000000298023224,28.81385028362274,15.818828344345093
stim_80_viola_complex.wav,80.00000059604645,60.0,39.03398394584656,28.784247636795044
stim_80_viola_complex.wav,90.0,0.0,40.726205706596375,28.439345955848694
stim_80_viola_complex.wav,0.0,30.0,40.485651791095734,28.60206127166748
stim_80_viola_complex.wav,20.000000149011612,30.0,22.785175144672394,26.390787363052368
stim_80_viola_complex.wav,45.0,60.0,41.04699522256851,28.379750847816467
stim_80_viola_complex.wav,64.9999988079071,40.000001192092896,39.82557624578476,28.58638823032379
stim_80_viola_complex.wav,15.000000447034836,0.0,40.29049962759018,28.4272563457489
stim_80_viola_complex.wav,15.000000447034836,20.000000596046448,40.28237521648407,28.43363106250763
stim_80_viola_complex.wav,74.99999821186066,30.0,58.04578721523285,29.4868665933609
stim_80_viola_complex.wav,10.000000074505806,49.999998807907104,37.70516127347946,28.640297055244446
stim_80_viola_complex.wav,64.9999988079071,20.000000596046448,62.88248598575592,35.81246852874756
stim_80_viola_complex.wav,74.99999821186066,20.000000596046448,53.63543629646301,20.490853786468506
stim_80_viola_complex.wav,25.000001192092896,30.0,37.75170028209686,28.625165820121765
stim_80_viola_complex.wav,20.000000149011612,40.000001192092896,38.246541023254395,28.55740785598755
stim_80_viola_complex.wav,60.00000178813934,30.0,40.084366500377655,28.462842106819153
stim_80_viola_complex.wav,84.99999761581421,0.0,52.11866319179535,29.88495111465454
stim_80_viola_complex.wav,74.99999821186066,60.0,62.10995614528656,34.874374866485596
stim_80_viola_complex.wav,35.00000059604645,49.999998807907104,40.400381684303284,28.42432737350464
stim_80_viola_complex.wav,54.99999940395355,10.000000298023224,40.811706483364105,28.41224491596222
stim_80_viola_complex.wav,5.000000037252903,40.000001192092896,38.785117864608765,28.625841736793518
stim_80_viola_complex.wav,70.0000011920929,40.000001192092896,40.97452998161316,28.387693762779236
stim_80_viola_complex.wav,25.000001192092896,40.000001192092896,27.57364511489868,26.960642337799072
stim_80_viola_complex.wav,70.0000011920929,20.000000596046448,52.4722695350647,21.567671298980713
stim_80_viola_complex.wav,0.0,60.0,40.177860260009766,28.613796830177307
stim_80_viola_complex.wav,80.00000059604645,49.999998807907104,58.360533714294434,25.147034525871277
stim_80_viola_complex.wav,80.00000059604645,30.0,39.98868405818939,28.43115985393524
stim_80_viola_complex.wav,80.00000059604645,60.0,40.686865746974945,28.41728389263153
stim_80_viola_complex.wav,74.99999821186066,10.000000298023224,42.89540737867355,28.46006691455841
stim_80_viola_complex.wav,60.00000178813934,30.0,40.78327775001526,28.407381176948547
stim_80_viola_complex.wav,84.99999761581421,20.000000596046448,41.36406987905502,28.346373438835144
stim_80_viola_complex.wav,10.000000074505806,30.0,37.945750057697296,28.589648008346558
stim_80_viola_complex.wav,54.99999940395355,49.999998807907104,42.472801208496094,29.430770874023438
stim_80_viola_complex.wav,70.0000011920929,60.0,41.080592572689056,28.37751030921936
stim_80_viola_complex.wav,64.9999988079071,30.0,39.62375342845917,28.502249121665955
stim_80_viola_complex.wav,50.00000238418579,49.999998807907104,43.661019802093506,25.156610012054443
stim_80_viola_complex.wav,70.0000011920929,0.0,40.09942710399628,28.446457386016846
stim_80_viola_complex.wav,30.00000089406967,20.000000596046448,38.439630568027496,28.53190004825592
stim_80_viola_complex.wav,20.000000149011612,49.999998807907104,38.420090675354004,28.503971099853516
stim_80_viola_complex.wav,10.000000074505806,60.0,39.47429001331329,28.61284911632538
stim_99_viola_complex.wav,10.000000074505806,60.0,31.699756979942322,31.61808729171753
stim_99_viola_complex.wav,74.99999821186066,49.999998807907104,41.14423602819443,28.506102561950684
stim_99_viola_complex.wav,84.99999761581421,40.000001192092896,41.3116192817688,28.532808423042297
stim_99_viola_complex.wav,70.0000011920929,49.999998807907104,40.79106956720352,28.413646817207336
stim_99_viola_complex.wav,35.00000059604645,49.999998807907104,43.90024334192276,30.98300814628601
stim_99_viola_complex.wav,30.00000089406967,49.999998807907104,40.35559147596359,28.581106066703796
stim_99_viola_complex.wav,50.00000238418579,10.000000298023224,41.26887559890747,28.470683097839355
stim_99_viola_complex.wav,10.000000074505806,40.000001192092896,40.888337194919586,29.244253635406494
stim_99_viola_complex.wav,50.00000238418579,60.0,40.68600744009018,28.413469791412354
stim_99_viola_complex.wav,74.99999821186066,10.000000298023224,45.531726479530334,28.98697793483734
stim_99_viola_complex.wav,70.0000011920929,0.0,40.639197528362274,28.41540277004242
stim_99_viola_complex.wav,54.99999940395355,0.0,40.85539698600769,28.71900737285614
stim_99_viola_complex.wav,10.000000074505806,0.0,40.98062664270401,28.45125675201416
stim_99_viola_complex.wav,30.00000089406967,10.000000298023224,40.88616997003555,28.515062928199768
stim_99_viola_complex.wav,70.0000011920929,49.999998807907104,41.12655758857727,28.3608341217041
stim_99_viola_complex.wav,25.000001192092896,10.000000298023224,40.603701174259186,28.652583360671997
stim_99_viola_complex.wav,40.000000298023224,10.000000298023224,41.972030103206635,28.523794412612915
stim_99_viola_complex.wav,5.000000037252903,30.0,35.657090842723846,28.74223530292511
stim_99_viola_complex.wav,15.000000447034836,40.000001192092896,36.984116435050964,29.13834571838379
stim_99_viola_complex.wav,84.99999761581421,49.999998807907104,40.70987641811371,29.326164722442627
stim_99_viola_complex.wav,90.0,60.0,41.34781301021576,28.371641635894775
stim_99_viola_complex.wav,64.9999988079071,10.000000298023224,41.10156208276749,28.521169424057007
stim_99_viola_complex.wav,60.00000178813934,0.0,41.189264953136444,28.457184433937073
stim_99_viola_complex.wav,30.00000089406967,0.0,41.24212056398392,28.742156624794006
stim_99_viola_complex.wav,15.000000447034836,60.0,41.1316055059433,28.37975263595581
stim_99_viola_complex.wav,70.0000011920929,60.0,39.77557718753815,28.490735292434692
stim_99_viola_complex.wav,74.99999821186066,60.0,40.72753608226776,28.49312424659729
stim_99_viola_complex.wav,20.000000149011612,30.0,39.875988364219666,28.63610565662384
stim_99_viola_complex.wav,30.00000089406967,10.000000298023224,40.82968533039093,28.396364450454712
stim_99_viola_complex.wav,84.99999761581421,20.000000596046448,40.89649111032486,28.391219973564148
stim_99_viola_complex.wav,84.99999761581421,10.000000298023224,40.997827649116516,28.552483320236206
stim_99_viola_complex.wav,50.00000238418579,20.000000596046448,41.014728248119354,28.417516350746155
stim_99_viola_complex.wav,30.00000089406967,40.000001192092896,42.87279099225998,30.201551914215088
stim_99_viola_complex.wav,50.00000238418579,20.000000596046448,41.18818938732147,28.760905265808105
stim_99_viola_complex.wav,30.00000089406967,40.000001192092896,40.78170329332352,28.551034927368164
stim_99_viola_complex.wav,15.000000447034836,49.999998807907104,40.4717230796814,28.4181547164917
stim_99_viola_complex.wav,20.000000149011612,10.000000298023224,40.0802680850029,28.80627751350403
stim_99_viola_complex.wav,60.00000178813934,40.000001192092896,41.102482080459595,28.43421220779419
stim_99_viola_complex.wav,80.00000059604645,0.0,45.497227907180786,31.397838592529297
stim_99_viola_complex.wav,25.000001192092896,60.0,38.55545908212662,28.42023253440857
stim_99_viola_complex.wav,54.99999940395355,60.0,37.70289480686188,29.540412425994873
stim_99_viola_complex.wav,30.00000089406967,0.0,40.91079264879227,29.141682386398315
stim_99_viola_complex.wav,20.000000149011612,10.000000298023224,42.8704708814621,29.57966387271881
stim_99_viola_complex.wav,25.000001192092896,30.0,39.518098533153534,28.6989426612854
stim_99_viola_complex.wav,40.000000298023224,10.000000298023224,41.787636280059814,28.705928921699524
stim_99_viola_complex.wav,74.99999821186066,49.999998807907104,41.05335474014282,28.53611469268799
stim_99_viola_complex.wav,5.000000037252903,49.999998807907104,40.28084635734558,28.656224012374878
stim_99_viola_complex.wav,74.99999821186066,49.999998807907104,43.60603451728821,26.464426517486572
stim_99_viola_complex.wav,25.000001192092896,0.0,40.487204790115356,28.443852066993713
stim_99_viola_complex.wav,0.0,20.000000596046448,40.54184138774872,28.538376688957214
stim_99_viola_complex.wav,10.000000074505806,40.000001192092896,33.95036369562149,30.25879740715027
stim_99_viola_complex.wav,64.9999988079071,10.000000298023224,41.13701552152634,28.55894923210144
stim_99_viola_complex.wav,90.0,40.000001192092896,43.31942439079285,29.451218247413635
stim_99_viola_complex.wav,0.0,40.000001192092896,41.841548681259155,28.75609517097473
stim_99_viola_complex.wav,5.000000037252903,60.0,33.101541101932526,31.86895251274109
stim_99_viola_complex.wav,54.99999940395355,0.0,40.902622640132904,28.389739394187927
stim_99_viola_complex.wav,80.00000059604645,49.999998807907104,40.92999994754791,28.389821648597717
stim_99_viola_complex.wav,54.99999940395355,49.999998807907104,40.94683349132538,28.400099873542786
stim_99_viola_complex.wav,54.99999940395355,30.0,40.85512071847916,28.536053895950317
stim_99_viola_complex.wav,45.0,60.0,40.181373953819275,28.774023056030273
stim_99_viola_complex.wav,0.0,0.0,40.805856585502625,28.547767996788025
stim_99_viola_complex.wav,54.99999940395355,0.0,41.12440913915634,28.46411883831024
stim_99_viola_complex.wav,54.99999940395355,40.000001192092896,40.49728184938431,28.525773882865906
stim_99_viola_complex.wav,74.99999821186066,49.999998807907104,40.87208300828934,28.52647304534912
stim_99_viola_complex.wav,25.000001192092896,49.999998807907104,41.042928993701935,29.234222173690796
stim_99_viola_complex.wav,10.000000074505806,0.0,36.8072435259819,29.34313952922821
stim_99_viola_complex.wav,40.000000298023224,40.000001192092896,40.31684160232544,28.431095480918884
stim_99_viola_complex.wav,5.000000037252903,30.0,38.807841539382935,28.695732951164246
stim_99_viola_complex.wav,30.00000089406967,60.0,41.028345823287964,28.413761258125305
stim_99_viola_complex.wav,15.000000447034836,20.000000596046448,40.201503932476044,28.50619912147522
stim_99_viola_complex.wav,74.99999821186066,40.000001192092896,39.198070764541626,28.900700211524963
stim_99_viola_complex.wav,40.000000298023224,30.0,40.555129051208496,28.534780740737915
stim_99_viola_complex.wav,54.99999940395355,0.0,40.474365055561066,28.4292072057724
stim_99_viola_complex.wav,50.00000238418579,49.999998807907104,45.77021777629852,30.998733043670654
stim_99_viola_complex.wav,60.00000178813934,40.000001192092896,40.96633851528168,28.38066279888153
stim_99_viola_complex.wav,80.00000059604645,60.0,42.86151498556137,28.116196990013123
stim_99_viola_complex.wav,54.99999940395355,60.0,41.23405784368515,28.42373013496399
stim_99_viola_complex.wav,35.00000059604645,10.000000298023224,40.946535766124725,28.537983298301697
stim_99_viola_complex.wav,0.0,10.000000298023224,40.83873242139816,28.510987758636475
stim_99_viola_complex.wav,64.9999988079071,30.0,41.2284842133522,28.45847725868225
stim_99_viola_complex.wav,90.0,20.000000596046448,41.24131590127945,28.35398018360138
stim_99_viola_complex.wav,54.99999940395355,60.0,40.05473077297211,28.81022572517395
stim_99_viola_complex.wav,10.000000074505806,0.0,40.156743228435516,28.849750757217407
stim_99_viola_complex.wav,5.000000037252903,40.000001192092896,40.1246103644371,28.54585111141205
stim_99_viola_complex.wav,25.000001192092896,30.0,39.88808512687683,29.056143164634705
stim_99_viola_complex.wav,30.00000089406967,49.999998807907104,40.75660318136215,28.455875515937805
stim_99_viola_complex.wav,70.0000011920929,30.0,40.94845622777939,28.58854115009308
stim_99_viola_complex.wav,64.9999988079071,49.999998807907104,40.86176186800003,28.396049737930298
stim_99_viola_complex.wav,50.00000238418579,0.0,40.949759781360626,28.4653902053833
stim_99_viola_complex.wav,45.0,0.0,42.02414810657501,27.910131812095642
stim_99_viola_complex.wav,50.00000238418579,20.000000596046448,42.37934231758118,26.686626076698303
stim_99_viola_complex.wav,50.00000238418579,30.0,40.83773195743561,29.113179445266724
stim_99_viola_complex.wav,0.0,40.000001192092896,40.532826483249664,28.881633281707764
stim_99_viola_complex.wav,0.0,0.0,39.39730256795883,28.48781168460846
stim_99_viola_complex.wav,50.00000238418579,0.0,39.17196750640869,28.843224048614502
stim_99_viola_complex.wav,15.000000447034836,20.000000596046448,41.08921319246292,28.475886583328247
stim_99_viola_complex.wav,20.000000149011612,40.000001192092896,37.866104543209076,28.30219030380249
stim_99_viola_complex.wav,35.00000059604645,0.0,40.70964843034744,28.4092515707016
stim_99_viola_complex.wav,40.000000298023224,20.000000596046448,40.91774493455887,28.54652166366577
stim_99_viola_complex.wav,60.00000178813934,10.000000298023224,37.784374952316284,29.657431840896606
stim_99_viola_complex.wav,0.0,0.0,40.11911988258362,29.08768057823181
stim_99_viola_complex.wav,80.00000059604645,60.0,40.76918810606003,28.500214219093323
stim_99_viola_complex.wav,0.0,20.000000596046448,40.59427320957184,28.726664185523987
stim_99_viola_complex.wav,0.0,60.0,40.8270326256752,28.401458859443665
stim_99_viola_complex.wav,5.000000037252903,0.0,42.57963627576828,31.178641319274902
stim_99_viola_complex.wav,74.99999821186066,10.000000298023224,42.44446903467178,30.29525399208069
stim_99_viola_complex.wav,64.9999988079071,0.0,40.16517609357834,29.0092670917511
stim_99_viola_complex.wav,50.00000238418579,0.0,40.85458695888519,28.39147925376892
stim_99_viola_complex.wav,74.99999821186066,60.0,42.09414303302765,27.8923898935318
stim_99_viola_complex.wav,80.00000059604645,20.000000596046448,46.66000843048096,29.73366916179657
stim_99_viola_complex.wav,64.9999988079071,30.0,41.02356344461441,28.55083465576172
stim_99_viola_complex.wav,60.00000178813934,60.0,41.93997770547867,29.88066852092743
stim_99_viola_complex.wav,20.000000149011612,49.999998807907104,40.644328594207764,28.416924476623535
stim_99_viola_complex.wav,35.00000059604645,20.000000596046448,40.889471769332886,28.41993749141693
stim_99_viola_complex.wav,70.0000011920929,40.000001192092896,42.06402987241745,29.056736826896667
stim_99_viola_complex.wav,54.99999940395355,0.0,41.145308911800385,28.45245659351349
stim_99_viola_complex.wav,20.000000149011612,60.0,40.702347457408905,28.408749103546143
stim_99_viola_complex.wav,80.00000059604645,10.000000298023224,46.08484625816345,31.03907346725464
stim_99_viola_complex.wav,30.00000089406967,20.000000596046448,41.35023236274719,28.419488668441772
stim_99_viola_complex.wav,70.0000011920929,60.0,40.85133880376816,28.41548502445221
stim_99_viola_complex.wav,80.00000059604645,10.000000298023224,40.259490609169006,28.512078523635864
stim_99_viola_complex.wav,45.0,60.0,41.06806129217148,28.373377919197083
stim_99_viola_complex.wav,25.000001192092896,40.000001192092896,40.554064214229584,28.415586948394775
stim_99_viola_complex.wav,50.00000238418579,49.999998807907104,41.37121796607971,27.676343321800232
stim_99_viola_complex.wav,74.99999821186066,30.0,41.842331886291504,28.462405800819397
stim_99_viola_complex.wav,25.000001192092896,49.999998807907104,40.387136936187744,28.451653718948364
stim_99_viola_complex.wav,70.0000011920929,10.000000298023224,46.46268367767334,28.15179169178009
stim_99_viola_complex.wav,35.00000059604645,20.000000596046448,40.75113147497177,28.422417640686035
stim_99_viola_complex.wav,64.9999988079071,20.000000596046448,40.5131658911705,28.53230059146881
stim_99_viola_complex.wav,84.99999761581421,30.0,39.86999362707138,29.184876680374146
stim_99_viola_complex.wav,84.99999761581421,49.999998807907104,41.246548891067505,28.527597784996033
stim_99_viola_complex.wav,70.0000011920929,40.000001192092896,41.24248266220093,28.389312028884888
stim_99_viola_complex.wav,20.000000149011612,40.000001192092896,40.90230345726013,28.441320061683655
stim_99_viola_complex.wav,35.00000059604645,49.999998807907104,40.41211098432541,28.680896759033203
stim_99_viola_complex.wav,54.99999940395355,60.0,40.98491013050079,28.490499258041382
stim_99_viola_complex.wav,50.00000238418579,0.0,42.24493682384491,27.606791853904724
stim_99_viola_complex.wav,25.000001192092896,20.000000596046448,41.067264676094055,29.27886128425598
stim_99_viola_complex.wav,15.000000447034836,30.0,39.44995701313019,29.539816975593567
stim_99_viola_complex.wav,20.000000149011612,40.000001192092896,40.965547263622284,28.41884136199951
stim_99_viola_complex.wav,45.0,49.999998807907104,42.47097194194794,29.05256152153015
stim_99_viola_complex.wav,64.9999988079071,40.000001192092896,41.19306564331055,28.39803636074066
stim_99_viola_complex.wav,45.0,0.0,44.245086908340454,27.533007860183716
stim_99_viola_complex.wav,5.000000037252903,30.0,38.87695133686066,28.57604205608368
stim_99_viola_complex.wav,80.00000059604645,60.0,42.56578803062439,28.35563063621521
stim_99_viola_complex.wav,90.0,20.000000596046448,40.70775747299194,28.413164019584656
stim_99_viola_complex.wav,84.99999761581421,30.0,38.39674472808838,28.357720971107483
stim_99_viola_complex.wav,30.00000089406967,60.0,44.23150956630707,31.89783811569214
stim_99_viola_complex.wav,10.000000074505806,40.000001192092896,35.94944894313812,29.27261173725128
stim_99_viola_complex.wav,74.99999821186066,30.0,39.76729989051819,28.557568788528442
stim_99_viola_complex.wav,30.00000089406967,49.999998807907104,40.495077073574066,28.612260818481445
stim_104_viola_complex.wav,20.000000149011612,40.000001192092896,40.46289324760437,28.482887148857117
stim_104_viola_complex.wav,45.0,49.999998807907104,40.8335155248642,28.41234862804413
stim_104_viola_complex.wav,20.000000149011612,40.000001192092896,40.85388958454132,28.40713083744049
stim_104_viola_complex.wav,60.00000178813934,0.0,40.76867312192917,29.707142114639282
stim_104_viola_complex.wav,30.00000089406967,0.0,48.085543513298035,29.404256343841553
stim_104_viola_complex.wav,30.00000089406967,30.0,40.8049339056015,28.41223955154419
stim_104_viola_complex.wav,40.000000298023224,60.0,40.71052014827728,28.418537378311157
stim_104_viola_complex.wav,84.99999761581421,60.0,41.31377041339874,29.637767672538757
stim_104_viola_complex.wav,0.0,30.0,39.41453576087952,28.70441436767578
stim_104_viola_complex.wav,5.000000037252903,20.000000596046448,40.16206204891205,30.067942142486572
stim_104_viola_complex.wav,74.99999821186066,0.0,40.54074704647064,28.425527215003967
stim_104_viola_complex.wav,74.99999821186066,10.000000298023224,40.378398299217224,28.410494327545166
stim_104_viola_complex.wav,15.000000447034836,30.0,40.80773949623108,28.408074975013733
stim_104_viola_complex.wav,15.000000447034836,60.0,40.93285918235779,30.159595012664795
stim_104_viola_complex.wav,15.000000447034836,0.0,39.28079277276993,28.28482210636139
stim_104_viola_complex.wav,45.0,30.0,41.667647659778595,32.88865685462952
stim_104_viola_complex.wav,60.00000178813934,30.0,42.02437609434128,27.16823101043701
stim_104_viola_complex.wav,64.9999988079071,20.000000596046448,40.8986422419548,28.391454219818115
stim_104_viola_complex.wav,70.0000011920929,0.0,41.07593894004822,28.376201391220093
stim_104_viola_complex.wav,10.000000074505806,0.0,41.1630517244339,29.650495648384094
stim_104_viola_complex.wav,25.000001192092896,40.000001192092896,40.712314546108246,28.418102860450745
stim_104_viola_complex.wav,25.000001192092896,60.0,41.46480828523636,28.656349182128906
stim_104_viola_complex.wav,90.0,40.000001192092896,40.72225481271744,28.416906595230103
stim_104_viola_complex.wav,74.99999821186066,49.999998807907104,40.90714484453201,28.400246500968933
stim_104_viola_complex.wav,64.9999988079071,49.999998807907104,40.54546505212784,28.434507250785828
stim_104_viola_complex.wav,0.0,40.000001192092896,40.65856575965881,28.45323085784912
stim_104_viola_complex.wav,25.000001192092896,40.000001192092896,40.56549847126007,28.431356549263
stim_104_viola_complex.wav,40.000000298023224,30.0,40.51862686872482,28.500198125839233
stim_104_viola_complex.wav,0.0,10.000000298023224,41.43098831176758,28.77478301525116
stim_104_viola_complex.wav,15.000000447034836,60.0,40.64907342195511,31.46665334701538
stim_104_viola_complex.wav,20.000000149011612,30.0,39.61762189865112,28.526734113693237
stim_104_viola_complex.wav,84.99999761581421,30.0,41.11285150051117,28.412484526634216
stim_104_viola_complex.wav,20.000000149011612,40.000001192092896,40.20130276679993,28.97860586643219
stim_104_viola_complex.wav,35.00000059604645,40.000001192092896,40.8817121386528,28.389059901237488
stim_104_viola_complex.wav,54.99999940395355,60.0,40.63620150089264,28.456449508666992
stim_104_viola_complex.wav,30.00000089406967,40.000001192092896,39.58217114210129,28.316951394081116
stim_104_viola_complex.wav,54.99999940395355,30.0,40.77434062957764,28.414020538330078
stim_104_viola_complex.wav,30.00000089406967,10.000000298023224,40.603937208652496,28.425389528274536
stim_104_viola_complex.wav,80.00000059604645,20.000000596046448,40.800757706165314,28.411985635757446
stim_104_viola_complex.wav,74.99999821186066,0.0,40.921601951122284,28.46875548362732
stim_104_viola_complex.wav,90.0,0.0,43.38759809732437,29.113653302192688
stim_104_viola_complex.wav,25.000001192092896,60.0,40.81415802240372,28.41077148914337
stim_104_viola_complex.wav,30.00000089406967,20.000000596046448,40.61726778745651,28.452624678611755
stim_104_viola_complex.wav,90.0,49.999998807907104,42.46589720249176,31.740199327468872
stim_104_viola_complex.wav,60.00000178813934,10.000000298023224,40.92000335454941,28.403432965278625
stim_104_viola_complex.wav,50.00000238418579,30.0,43.432565331459045,31.17342710494995
stim_104_viola_complex.wav,60.00000178813934,10.000000298023224,41.281755566596985,28.360973596572876
stim_104_viola_complex.wav,80.00000059604645,40.000001192092896,40.88547259569168,28.39304745197296
stim_104_viola_complex.wav,10.000000074505806,10.000000298023224,40.62985271215439,31.42258644104004
stim_104_viola_complex.wav,10.000000074505806,10.000000298023224,40.979274809360504,28.393821716308594
stim_104_viola_complex.wav,45.0,40.000001192092896,42.31026202440262,32.63741970062256
stim_104_viola_complex.wav,60.00000178813934,20.000000596046448,40.80189228057861,28.364492654800415
stim_104_viola_complex.wav,20.000000149011612,40.000001192092896,40.40078669786453,28.42733323574066
stim_104_viola_complex.wav,0.0,30.0,35.574840903282166,30.403776168823242
stim_104_viola_complex.wav,45.0,10.000000298023224,40.76331943273544,28.419751524925232
stim_104_viola_complex.wav,60.00000178813934,60.0,41.331030428409576,28.345731496810913
stim_104_viola_complex.wav,40.000000298023224,40.000001192092896,40.50098866224289,28.44888925552368
stim_104_viola_complex.wav,5.000000037252903,60.0,41.182468235492706,29.48729395866394
stim_104_viola_complex.wav,15.000000447034836,0.0,41.26193940639496,28.6183762550354
stim_104_viola_complex.wav,35.00000059604645,49.999998807907104,39.84527438879013,28.483153581619263
stim_104_viola_complex.wav,54.99999940395355,49.999998807907104,40.055377185344696,28.557634949684143
stim_104_viola_complex.wav,15.000000447034836,10.000000298023224,40.64860135316849,28.43164622783661
stim_104_viola_complex.wav,84.99999761581421,20.000000596046448,41.126198172569275,28.364272713661194
stim_104_viola_complex.wav,60.00000178813934,0.0,40.64612567424774,28.68171751499176
stim_104_viola_complex.wav,30.00000089406967,0.0,40.81488221883774,28.40886354446411
stim_104_viola_complex.wav,0.0,10.000000298023224,40.671620070934296,28.429309129714966
stim_104_viola_complex.wav,0.0,30.0,41.16186082363129,28.68454098701477
stim_104_viola_complex.wav,50.00000238418579,0.0,41.90528869628906,29.037827253341675
stim_104_viola_complex.wav,74.99999821186066,30.0,40.88295936584473,28.405065536499023
stim_104_viola_complex.wav,84.99999761581421,40.000001192092896,40.783095359802246,28.4142404794693
stim_104_viola_complex.wav,50.00000238418579,30.0,39.02959585189819,30.322362184524536
stim_104_viola_complex.wav,70.0000011920929,40.000001192092896,40.957768857479095,28.396384119987488
stim_104_viola_complex.wav,84.99999761581421,10.000000298023224,40.82967460155487,28.40699315071106
stim_104_viola_complex.wav,5.000000037252903,30.0,40.87883681058884,28.56248438358307
stim_104_viola_complex.wav,35.00000059604645,30.0,38.52600574493408,29.508655071258545
stim_104_viola_complex.wav,40.000000298023224,60.0,40.58602809906006,28.418694734573364
stim_104_viola_complex.wav,15.000000447034836,30.0,40.749280750751495,28.42158794403076
stim_104_viola_complex.wav,74.99999821186066,49.999998807907104,41.19205176830292,31.78607940673828
stim_104_viola_complex.wav,15.000000447034836,10.000000298023224,40.94822019338608,28.3940452337265
stim_104_viola_complex.wav,30.00000089406967,0.0,40.88443726301193,28.420838713645935
stim_104_viola_complex.wav,45.0,20.000000596046448,40.85909575223923,28.413485884666443
stim_104_viola_complex.wav,74.99999821186066,0.0,40.64659237861633,28.423381447792053
stim_104_viola_complex.wav,64.9999988079071,0.0,40.53360968828201,28.426796793937683
stim_104_viola_complex.wav,64.9999988079071,30.0,40.841288566589355,28.404972553253174
stim_104_viola_complex.wav,45.0,20.000000596046448,41.31441414356232,30.423810482025146
stim_104_viola_complex.wav,60.00000178813934,0.0,40.89218616485596,28.406519293785095
stim_104_viola_complex.wav,90.0,40.000001192092896,41.11232578754425,28.37937355041504
stim_104_viola_complex.wav,84.99999761581421,60.0,40.70295363664627,28.41526508331299
stim_104_viola_complex.wav,70.0000011920929,40.000001192092896,40.98850965499878,28.389018774032593
stim_104_viola_complex.wav,60.00000178813934,0.0,40.52288085222244,28.424583077430725
stim_104_viola_complex.wav,15.000000447034836,10.000000298023224,41.11921638250351,28.388333916664124
stim_104_viola_complex.wav,15.000000447034836,49.999998807907104,38.71253192424774,29.72841739654541
stim_104_viola_complex.wav,70.0000011920929,30.0,40.68135380744934,28.4293931722641
stim_104_viola_complex.wav,40.000000298023224,60.0,40.43609261512756,28.437817096710205
stim_104_viola_complex.wav,54.99999940395355,0.0,41.50591313838959,28.429518342018127
stim_104_viola_complex.wav,5.000000037252903,60.0,40.48182964324951,30.40970206260681
stim_104_viola_complex.wav,0.0,30.0,40.26033282279968,28.71774137020111
stim_104_viola_complex.wav,80.00000059604645,49.999998807907104,40.70800691843033,28.421523571014404
stim_104_viola_complex.wav,54.99999940395355,60.0,40.779004991054535,28.431338667869568
stim_104_viola_complex.wav,5.000000037252903,10.000000298023224,40.6844088435173,28.56495201587677
stim_104_viola_complex.wav,40.000000298023224,20.000000596046448,46.106738448143005,32.908809185028076
stim_104_viola_complex.wav,70.0000011920929,20.000000596046448,45.51480710506439,28.115467429161072
stim_104_viola_complex.wav,35.00000059604645,49.999998807907104,41.12557053565979,28.372530341148376
stim_104_viola_complex.wav,20.000000149011612,20.000000596046448,39.30751293897629,28.948588371276855
stim_104_viola_complex.wav,25.000001192092896,40.000001192092896,41.614826917648315,28.53642761707306
stim_104_viola_complex.wav,84.99999761581421,40.000001192092896,40.87379425764084,28.403733372688293
stim_104_viola_complex.wav,90.0,0.0,46.09883666038513,29.876350164413452
stim_104_viola_complex.wav,74.99999821186066,40.000001192092896,40.70104390382767,28.424060940742493
stim_104_viola_complex.wav,70.0000011920929,10.000000298023224,41.269996762275696,28.33812117576599
stim_104_viola_complex.wav,60.00000178813934,60.0,40.76494216918945,28.413235545158386
stim_104_viola_complex.wav,15.000000447034836,40.000001192092896,40.37310630083084,29.070122838020325
stim_104_viola_complex.wav,90.0,49.999998807907104,40.401505529880524,28.5136878490448
stim_104_viola_complex.wav,5.000000037252903,20.000000596046448,40.36784917116165,28.545734882354736
stim_104_viola_complex.wav,45.0,49.999998807907104,40.54687052965164,28.423410058021545
stim_104_viola_complex.wav,64.9999988079071,0.0,41.18366986513138,28.42375159263611
stim_104_viola_complex.wav,40.000000298023224,0.0,38.289467096328735,30.71059226989746
stim_104_viola_complex.wav,10.000000074505806,40.000001192092896,39.50420469045639,30.48407793045044
stim_104_viola_complex.wav,40.000000298023224,20.000000596046448,44.284105002880096,30.07327437400818
stim_104_viola_complex.wav,40.000000298023224,60.0,40.631341338157654,28.428359627723694
stim_104_viola_complex.wav,20.000000149011612,10.000000298023224,41.17668002843857,28.68874490261078
stim_104_viola_complex.wav,5.000000037252903,0.0,39.99992251396179,28.46282422542572
stim_104_viola_complex.wav,5.000000037252903,20.000000596046448,39.87956643104553,28.477599620819092
stim_104_viola_complex.wav,45.0,60.0,40.81498146057129,28.41914176940918
stim_104_viola_complex.wav,25.000001192092896,49.999998807907104,40.752384066581726,28.401038646697998
stim_104_viola_complex.wav,20.000000149011612,10.000000298023224,40.88340997695923,28.406240344047546
stim_104_viola_complex.wav,25.000001192092896,10.000000298023224,40.70302337408066,28.415252566337585
stim_104_viola_complex.wav,40.000000298023224,0.0,40.91292232275009,30.33378839492798
stim_104_viola_complex.wav,0.0,49.999998807907104,34.81395721435547,30.075294971466064
stim_104_viola_complex.wav,35.00000059604645,10.000000298023224,35.32831907272339,30.35617232322693
stim_104_viola_complex.wav,80.00000059604645,40.000001192092896,40.79464226961136,28.41334640979767
stim_104_viola_complex.wav,60.00000178813934,30.0,41.131533086299896,28.37076187133789
stim_104_viola_complex.wav,74.99999821186066,30.0,40.524712800979614,28.437706232070923
stim_104_viola_complex.wav,70.0000011920929,0.0,40.728480219841,28.411722779273987
stim_104_viola_complex.wav,35.00000059604645,30.0,40.913104712963104,28.525952696800232
stim_104_viola_complex.wav,20.000000149011612,30.0,40.8100488781929,28.407050371170044
stim_104_viola_complex.wav,90.0,0.0,40.445791482925415,28.422991633415222
stim_104_viola_complex.wav,64.9999988079071,49.999998807907104,43.40128809213638,32.707786560058594
stim_91_viola_complex.wav,5.000000037252903,60.0,40.89872807264328,28.391992449760437
stim_91_viola_complex.wav,10.000000074505806,30.0,39.33873385190964,28.482942581176758
stim_91_viola_complex.wav,45.0,10.000000298023224,41.070730090141296,28.365156054496765
stim_91_viola_complex.wav,10.000000074505806,0.0,40.68058401346207,28.4275084733963
stim_91_viola_complex.wav,60.00000178813934,49.999998807907104,41.667028069496155,28.324066400527954
stim_91_viola_complex.wav,84.99999761581421,20.000000596046448,41.7286491394043,28.32193672657013
stim_91_viola_complex.wav,90.0,49.999998807907104,41.10274761915207,28.378264904022217
stim_91_viola_complex.wav,25.000001192092896,40.000001192092896,41.16207808256149,28.513087034225464
stim_91_viola_complex.wav,5.000000037252903,30.0,40.59791296720505,28.40778350830078
stim_91_viola_complex.wav,50.00000238418579,49.999998807907104,41.00201994180679,28.535038232803345
stim_91_viola_complex.wav,50.00000238418579,60.0,41.19782656431198,27.977247834205627
stim_91_viola_complex.wav,35.00000059604645,20.000000596046448,40.72702378034592,28.405473232269287
stim_91_viola_complex.wav,10.000000074505806,40.000001192092896,40.43063700199127,28.40500295162201
stim_91_viola_complex.wav,10.000000074505806,60.0,28.752765655517578,26.397324800491333
stim_91_viola_complex.wav,20.000000149011612,40.000001192092896,40.71753680706024,28.415295481681824
stim_91_viola_complex.wav,35.00000059604645,0.0,41.50634765625,28.494184613227844
stim_91_viola_complex.wav,74.99999821186066,10.000000298023224,41.38854503631592,28.342936635017395
stim_91_viola_complex.wav,84.99999761581421,0.0,38.678736090660095,31.906439065933228
stim_91_viola_complex.wav,74.99999821186066,30.0,41.137710213661194,28.369397521018982
stim_91_viola_complex.wav,64.9999988079071,20.000000596046448,43.28893303871155,25.42340397834778
stim_91_viola_complex.wav,20.000000149011612,10.000000298023224,33.85906130075455,20.366501212120056
stim_91_viola_complex.wav,54.99999940395355,40.000001192092896,46.52660608291626,33.63061308860779
stim_91_viola_complex.wav,50.00000238418579,20.000000596046448,37.52950072288513,27.996904850006104
stim_91_viola_complex.wav,0.0,10.000000298023224,41.09805375337601,28.360261917114258
stim_91_viola_complex.wav,90.0,40.000001192092896,41.43812835216522,28.339245915412903
stim_91_viola_complex.wav,60.00000178813934,30.0,41.00044548511505,28.38495433330536
stim_91_viola_complex.wav,45.0,49.999998807907104,41.42963647842407,29.970020055770874
stim_91_viola_complex.wav,70.0000011920929,10.000000298023224,41.00558191537857,28.37817370891571
stim_91_viola_complex.wav,0.0,20.000000596046448,41.578638553619385,28.631794452667236
stim_91_viola_complex.wav,45.0,20.000000596046448,40.125071704387665,28.474935293197632
stim_91_viola_complex.wav,60.00000178813934,49.999998807907104,41.481411159038544,28.336856961250305
stim_91_viola_complex.wav,25.000001192092896,30.0,40.744889974594116,28.399683237075806
stim_91_viola_complex.wav,35.00000059604645,40.000001192092896,38.85859966278076,28.11627209186554
stim_91_viola_complex.wav,80.00000059604645,10.000000298023224,49.5738959312439,31.342867612838745
stim_91_viola_complex.wav,50.00000238418579,20.000000596046448,40.041072964668274,27.589058876037598
stim_91_viola_complex.wav,30.00000089406967,49.999998807907104,38.60656589269638,27.712193727493286
stim_91_viola_complex.wav,60.00000178813934,40.000001192092896,41.36865109205246,28.344016671180725
stim_91_viola_complex.wav,80.00000059604645,0.0,41.38379484415054,28.34751069545746
stim_91_viola_complex.wav,25.000001192092896,60.0,39.622095823287964,30.03488302230835
stim_91_viola_complex.wav,10.000000074505806,20.000000596046448,30.14589697122574,29.06839907169342
stim_91_viola_complex.wav,0.0,10.000000298023224,40.70107877254486,28.40722382068634
stim_91_viola_complex.wav,30.00000089406967,30.0,38.11579942703247,27.75548815727234
stim_91_viola_complex.wav,90.0,0.0,40.920577347278595,28.391770720481873
stim_91_viola_complex.wav,60.00000178813934,60.0,41.22861832380295,28.359262347221375
stim_91_viola_complex.wav,20.000000149011612,30.0,40.75623840093613,28.42034339904785
stim_91_viola_complex.wav,0.0,0.0,41.12072914838791,28.393603563308716
stim_91_viola_complex.wav,25.000001192092896,30.0,32.2312206029892,22.10483193397522
stim_91_viola_complex.wav,80.00000059604645,10.000000298023224,40.691771507263184,28.401339054107666
stim_91_viola_complex.wav,84.99999761581421,0.0,41.234779357910156,28.351335525512695
stim_91_viola_complex.wav,54.99999940395355,30.0,40.51404297351837,28.392675518989563
stim_91_viola_complex.wav,45.0,60.0,43.01483005285263,26.625604033470154
stim_91_viola_complex.wav,50.00000238418579,0.0,41.301606595516205,28.346380591392517
stim_91_viola_complex.wav,60.00000178813934,10.000000298023224,42.226716578006744,27.91724145412445
stim_91_viola_complex.wav,70.0000011920929,0.0,47.47446119785309,26.41433537006378
stim_91_viola_complex.wav,10.000000074505806,10.000000298023224,40.94988316297531,28.407093286514282
stim_91_viola_complex.wav,15.000000447034836,20.000000596046448,30.052923560142517,21.737877130508423
stim_91_viola_complex.wav,30.00000089406967,30.0,41.120793521404266,28.360528349876404
stim_91_viola_complex.wav,40.000000298023224,10.000000298023224,40.83210736513138,28.53473961353302
stim_91_viola_complex.wav,80.00000059604645,10.000000298023224,46.60408437252045,31.63467764854431
stim_91_viola_complex.wav,50.00000238418579,60.0,42.575248181819916,27.710886597633362
stim_91_viola_complex.wav,60.00000178813934,20.000000596046448,40.96806854009628,28.38920295238495
stim_91_viola_complex.wav,45.0,49.999998807907104,41.24419391155243,28.353127241134644
stim_91_viola_complex.wav,30.00000089406967,60.0,41.04949772357941,28.53965699672699
stim_91_viola_complex.wav,15.000000447034836,40.000001192092896,40.823915898799896,28.40419113636017
stim_91_viola_complex.wav,80.00000059604645,40.000001192092896,41.265796422958374,28.354607820510864
stim_91_viola_complex.wav,74.99999821186066,30.0,40.98232716321945,28.3855140209198
stim_91_viola_complex.wav,90.0,40.000001192092896,41.644178330898285,28.324854969978333
stim_91_viola_complex.wav,25.000001192092896,0.0,40.889981389045715,28.374261260032654
stim_91_viola_complex.wav,54.99999940395355,0.0,41.04826658964157,28.383933305740356
stim_91_viola_complex.wav,90.0,20.000000596046448,40.94261974096298,28.39288830757141
stim_91_viola_complex.wav,90.0,49.999998807907104,42.618321776390076,28.320205807685852
stim_91_viola_complex.wav,30.00000089406967,49.999998807907104,40.765918493270874,28.40441644191742
stim_91_viola_complex.wav,20.000000149011612,10.000000298023224,41.05083614587784,28.379167914390564
stim_91_viola_complex.wav,15.000000447034836,10.000000298023224,29.961951076984406,21.058226823806763
stim_91_viola_complex.wav,35.00000059604645,20.000000596046448,40.39865434169769,30.314862728118896
stim_91_viola_complex.wav,30.00000089406967,0.0,40.93742161989212,28.390381336212158
stim_91_viola_complex.wav,15.000000447034836,10.000000298023224,40.79407900571823,28.377692699432373
stim_91_viola_complex.wav,54.99999940395355,20.000000596046448,45.23454308509827,26.90808355808258
stim_91_viola_complex.wav,54.99999940395355,60.0,45.695979595184326,28.026203513145447
stim_91_viola_complex.wav,15.000000447034836,0.0,40.95974028110504,28.400185704231262
stim_91_viola_complex.wav,15.000000447034836,60.0,40.6605988740921,28.41776669025421
stim_91_viola_complex.wav,84.99999761581421,30.0,41.04365050792694,28.412051796913147
stim_91_viola_complex.wav,0.0,40.000001192092896,42.35047101974487,28.161717653274536
stim_91_viola_complex.wav,40.000000298023224,10.000000298023224,44.98772084712982,33.872365951538086
stim_91_viola_complex.wav,70.0000011920929,20.000000596046448,51.708768010139465,26.80725932121277
stim_91_viola_complex.wav,50.00000238418579,49.999998807907104,43.15599471330643,30.78884482383728
stim_91_viola_complex.wav,84.99999761581421,40.000001192092896,45.93685805797577,28.298277854919434
stim_91_viola_complex.wav,60.00000178813934,49.999998807907104,41.22355431318283,28.356428146362305
stim_91_viola_complex.wav,40.000000298023224,0.0,44.22052323818207,32.34341382980347
stim_91_viola_complex.wav,80.00000059604645,40.000001192092896,41.14347159862518,28.36156725883484
stim_91_viola_complex.wav,70.0000011920929,0.0,41.75205409526825,28.033148646354675
stim_91_viola_complex.wav,50.00000238418579,0.0,41.11311435699463,28.366717100143433
stim_91_viola_complex.wav,35.00000059604645,0.0,40.89600831270218,28.382978439331055
stim_91_viola_complex.wav,84.99999761581421,40.000001192092896,41.252640187740326,28.352397680282593
stim_91_viola_complex.wav,25.000001192092896,49.999998807907104,40.59510737657547,28.400539755821228
stim_91_viola_complex.wav,20.000000149011612,20.000000596046448,39.85296159982681,28.45992922782898
stim_91_viola_complex.wav,84.99999761581421,10.000000298023224,41.018220484256744,28.405473232269287
stim_91_viola_complex.wav,84.99999761581421,60.0,41.0097661614418,28.378188014030457
stim_91_viola_complex.wav,64.9999988079071,60.0,43.230442106723785,28.483673930168152
stim_91_viola_complex.wav,50.00000238418579,0.0,40.99969178438187,28.375369906425476
stim_91_viola_complex.wav,5.000000037252903,0.0,37.37994074821472,30.481910705566406
stim_91_viola_complex.wav,45.0,49.999998807907104,40.76100468635559,28.39495360851288
stim_91_viola_complex.wav,0.0,30.0,41.112612783908844,28.357391953468323
stim_91_viola_complex.wav,50.00000238418579,10.000000298023224,41.1580628156662,28.362520337104797
stim_91_viola_complex.wav,40.000000298023224,0.0,41.412373781204224,28.513469696044922
stim_91_viola_complex.wav,54.99999940395355,0.0,41.04952722787857,28.380358815193176
stim_91_viola_complex.wav,20.000000149011612,30.0,41.21653228998184,28.366114497184753
stim_91_viola_complex.wav,74.99999821186066,40.000001192092896,41.23967170715332,28.357912302017212
stim_91_viola_complex.wav,20.000000149011612,49.999998807907104,33.09475511312485,23.06784152984619
stim_91_viola_complex.wav,50.00000238418579,20.000000596046448,40.878107249736786,28.40007483959198
stim_91_viola_complex.wav,70.0000011920929,60.0,41.49411141872406,28.33689272403717
stim_91_viola_complex.wav,84.99999761581421,49.999998807907104,43.85119378566742,29.08105731010437
stim_91_viola_complex.wav,45.0,30.0,41.036926209926605,28.371570110321045
stim_91_viola_complex.wav,35.00000059604645,30.0,41.255928575992584,28.351446390151978
stim_91_viola_complex.wav,25.000001192092896,0.0,41.32320374250412,28.659417629241943
stim_91_viola_complex.wav,64.9999988079071,10.000000298023224,41.19668126106262,28.356927037239075
stim_91_viola_complex.wav,84.99999761581421,0.0,36.16847813129425,29.701990485191345
stim_91_viola_complex.wav,84.99999761581421,40.000001192092896,49.17052924633026,27.549389004707336
stim_78_viola_complex.wav,35.00000059604645,20.000000596046448,38.53211045265198,28.49952220916748
stim_78_viola_complex.wav,40.000000298023224,30.0,39.018939435482025,28.488269448280334
stim_78_viola_complex.wav,30.00000089406967,40.000001192092896,38.35073411464691,27.74200737476349
stim_78_viola_complex.wav,60.00000178813934,20.000000596046448,34.91728127002716,27.96473801136017
stim_78_viola_complex.wav,30.00000089406967,10.000000298023224,38.04034620523453,19.324711561203003
stim_78_viola_complex.wav,5.000000037252903,10.000000298023224,14.716838300228119,22.376396656036377
stim_78_viola_complex.wav,74.99999821186066,30.0,41.6427943110466,28.331018686294556
stim_78_viola_complex.wav,40.000000298023224,60.0,40.13351261615753,28.45934271812439
stim_78_viola_complex.wav,54.99999940395355,49.999998807907104,41.25398129224777,28.354970812797546
stim_78_viola_complex.wav,35.00000059604645,60.0,40.38819640874863,34.704633951187134
stim_78_viola_complex.wav,25.000001192092896,49.999998807907104,28.071283400058746,32.312883138656616
stim_78_viola_complex.wav,15.000000447034836,40.000001192092896,22.265113592147827,30.135362148284912
stim_78_viola_complex.wav,74.99999821186066,40.000001192092896,43.06873440742493,26.485864520072937
stim_78_viola_complex.wav,0.0,30.0,34.94277834892273,28.00624966621399
stim_78_viola_complex.wav,50.00000238418579,20.000000596046448,49.66612637042999,30.401047468185425
stim_78_viola_complex.wav,40.000000298023224,30.0,36.290870010852814,34.05118703842163
stim_78_viola_complex.wav,25.000001192092896,40.000001192092896,39.31097835302353,28.23673725128174
stim_78_viola_complex.wav,60.00000178813934,30.0,53.62078607082367,29.100939631462097
stim_78_viola_complex.wav,50.00000238418579,10.000000298023224,40.858309864997864,28.458058834075928
stim_78_viola_complex.wav,40.000000298023224,40.000001192092896,36.13458573818207,27.963706254959106
stim_78_viola_complex.wav,80.00000059604645,49.999998807907104,40.78454375267029,28.540581464767456
stim_78_viola_complex.wav,50.00000238418579,10.000000298023224,38.33548307418823,28.554164171218872
stim_78_viola_complex.wav,45.0,40.000001192092896,51.374436020851135,33.05474638938904
stim_78_viola_complex.wav,54.99999940395355,20.000000596046448,50.36111354827881,24.826396107673645
stim_78_viola_complex.wav,80.00000059604645,49.999998807907104,60.569751262664795,24.37431514263153
stim_78_viola_complex.wav,50.00000238418579,40.000001192092896,49.68624293804169,31.09384775161743
stim_78_viola_complex.wav,45.0,60.0,41.78158521652222,28.223508596420288
stim_78_viola_complex.wav,45.0,20.000000596046448,53.2028603553772,28.037157654762268
stim_78_viola_complex.wav,60.00000178813934,10.000000298023224,37.25983947515488,25.899674892425537
stim_78_viola_complex.wav,30.00000089406967,0.0,32.719425559043884,18.744159936904907
stim_78_viola_complex.wav,35.00000059604645,10.000000298023224,45.83518087863922,34.57080602645874
stim_78_viola_complex.wav,40.000000298023224,40.000001192092896,31.37849271297455,15.985525846481323
stim_78_viola_complex.wav,5.000000037252903,0.0,39.21239912509918,28.47945749759674
stim_78_viola_complex.wav,15.000000447034836,49.999998807907104,38.956623673439026,28.49566340446472
stim_78_viola_complex.wav,15.000000447034836,10.000000298023224,19.90962713956833,16.054987907409668
stim_78_viola_complex.wav,60.00000178813934,0.0,41.57956123352051,28.331719636917114
stim_78_viola_complex.wav,15.000000447034836,30.0,40.062031745910645,28.452513813972473
stim_78_viola_complex.wav,10.000000074505806,49.999998807907104,36.612292528152466,28.689177632331848
stim_78_viola_complex.wav,74.99999821186066,20.000000596046448,47.2235244512558,21.594436168670654
stim_78_viola_complex.wav,35.00000059604645,30.0,38.69217932224274,27.629089951515198
stim_78_viola_complex.wav,25.000001192092896,40.000001192092896,38.20878624916077,28.53676736354828
stim_78_viola_complex.wav,15.000000447034836,49.999998807907104,15.069471001625061,19.062733054161072
stim_78_viola_complex.wav,50.00000238418579,10.000000298023224,39.01588708162308,27.74610936641693
stim_78_viola_complex.wav,64.9999988079071,0.0,49.197158217430115,27.254029512405396
stim_78_viola_complex.wav,5.000000037252903,0.0,39.27615523338318,28.497930765151978
stim_78_viola_complex.wav,80.00000059604645,40.000001192092896,54.65279281139374,28.250150084495544
stim_78_viola_complex.wav,10.000000074505806,10.000000298023224,20.312972366809845,25.001338720321655
stim_78_viola_complex.wav,54.99999940395355,30.0,40.42148798704147,28.793445825576782
stim_78_viola_complex.wav,25.000001192092896,40.000001192092896,30.397340655326843,28.645586371421814
stim_78_viola_complex.wav,15.000000447034836,20.000000596046448,22.994223833084106,25.916563868522644
stim_78_viola_complex.wav,25.000001192092896,30.0,38.350138664245605,28.160478472709656
stim_78_viola_complex.wav,54.99999940395355,10.000000298023224,55.830121636390686,28.358636498451233
stim_78_viola_complex.wav,20.000000149011612,60.0,24.66419667005539,29.922407269477844
stim_78_viola_complex.wav,40.000000298023224,0.0,41.37857258319855,28.3436518907547
stim_78_viola_complex.wav,40.000000298023224,30.0,43.43819260597229,28.455567955970764
stim_78_viola_complex.wav,50.00000238418579,10.000000298023224,42.08089292049408,28.296167850494385
stim_78_viola_complex.wav,50.00000238418579,30.0,50.22600531578064,29.638572335243225
stim_78_viola_complex.wav,60.00000178813934,40.000001192092896,48.00324261188507,33.040573596954346
stim_78_viola_complex.wav,10.000000074505806,0.0,23.470589518547058,28.012279272079468
stim_78_viola_complex.wav,15.000000447034836,20.000000596046448,37.84665584564209,28.564921617507935
stim_78_viola_complex.wav,74.99999821186066,40.000001192092896,52.88360774517059,29.95813250541687
stim_78_viola_complex.wav,25.000001192092896,20.000000596046448,31.223085522651672,27.14522659778595
stim_78_viola_complex.wav,25.000001192092896,0.0,39.18360024690628,28.501809239387512
stim_78_viola_complex.wav,25.000001192092896,60.0,40.01565098762512,26.655503511428833
stim_78_viola_complex.wav,60.00000178813934,30.0,52.55992412567139,27.474945187568665
stim_78_viola_complex.wav,5.000000037252903,30.0,39.38019007444382,28.483482599258423
stim_78_viola_complex.wav,60.00000178813934,30.0,58.6664879322052,26.14103078842163
stim_78_viola_complex.wav,84.99999761581421,10.000000298023224,48.96279215812683,22.956629991531372
stim_78_viola_complex.wav,64.9999988079071,0.0,47.345929741859436,26.51063561439514
stim_78_viola_complex.wav,90.0,0.0,48.54188919067383,27.7047336101532
stim_78_viola_complex.wav,84.99999761581421,0.0,58.04919362068176,21.639479398727417
stim_78_viola_complex.wav,15.000000447034836,0.0,19.17490303516388,17.39100694656372
stim_78_viola_complex.wav,80.00000059604645,10.000000298023224,55.27700185775757,23.257094621658325
stim_78_viola_complex.wav,0.0,20.000000596046448,25.43139159679413,28.094828724861145
stim_78_viola_complex.wav,70.0000011920929,30.0,35.000826716423035,26.697372794151306
stim_78_viola_complex.wav,20.000000149011612,40.000001192092896,40.698093473911285,28.411656618118286
stim_78_viola_complex.wav,84.99999761581421,60.0,38.8086998462677,28.493056297302246
stim_78_viola_complex.wav,40.000000298023224,40.000001192092896,40.1201069355011,28.429666757583618
stim_78_viola_complex.wav,0.0,10.000000298023224,39.083081781864166,28.539705276489258
stim_78_viola_complex.wav,84.99999761581421,30.0,54.70974147319794,30.079450607299805
stim_78_viola_complex.wav,90.0,10.000000298023224,50.779210925102234,28.57150912284851
stim_78_viola_complex.wav,30.00000089406967,60.0,35.29177129268646,24.905608892440796
stim_78_viola_complex.wav,0.0,10.000000298023224,9.631251990795135,32.49656796455383
stim_78_viola_complex.wav,60.00000178813934,10.000000298023224,39.083612859249115,28.503000140190125
stim_78_viola_complex.wav,60.00000178813934,60.0,40.007939636707306,27.67711043357849
stim_78_viola_complex.wav,30.00000089406967,0.0,40.744286477565765,26.229904890060425
stim_78_viola_complex.wav,90.0,49.999998807907104,61.41160011291504,35.21564841270447
stim_78_viola_complex.wav,45.0,49.999998807907104,39.713457226753235,28.470783233642578
stim_78_viola_complex.wav,50.00000238418579,49.999998807907104,40.043508410453796,28.426945209503174
stim_78_viola_complex.wav,45.0,10.000000298023224,39.8455211520195,28.561534881591797
stim_78_viola_complex.wav,25.000001192092896,20.000000596046448,27.399931848049164,27.844210267066956
stim_78_viola_complex.wav,5.000000037252903,10.000000298023224,38.442004323005676,28.558539748191833
stim_78_viola_complex.wav,5.000000037252903,20.000000596046448,36.06431186199188,28.455512523651123
stim_78_viola_complex.wav,50.00000238418579,20.000000596046448,38.161885142326355,28.570119738578796
stim_78_viola_complex.wav,74.99999821186066,30.0,42.04199820756912,28.445811867713928
stim_78_viola_complex.wav,74.99999821186066,40.000001192092896,41.71488136053085,28.368385434150696
stim_78_viola_complex.wav,0.0,49.999998807907104,17.499522864818573,33.07823896408081
stim_78_viola_complex.wav,35.00000059604645,30.0,41.1556676030159,28.35231363773346
stim_78_viola_complex.wav,45.0,49.999998807907104,51.61925196647644,34.60616111755371
stim_78_viola_complex.wav,10.000000074505806,60.0,17.300167679786682,25.59226155281067
stim_78_viola_complex.wav,5.000000037252903,0.0,17.08277463912964,23.49556803703308
stim_78_viola_complex.wav,15.000000447034836,10.000000298023224,26.257249116897583,25.22379755973816
stim_78_viola_complex.wav,80.00000059604645,0.0,38.401677310466766,28.449862003326416
stim_78_viola_complex.wav,15.000000447034836,10.000000298023224,17.76311695575714,18.530073165893555
stim_78_viola_complex.wav,10.000000074505806,20.000000596046448,16.744084060192108,30.4364812374115
stim_78_viola_complex.wav,5.000000037252903,49.999998807907104,39.099955558776855,28.485310077667236
stim_78_viola_complex.wav,30.00000089406967,10.000000298023224,37.01671600341797,24.732109308242798
stim_78_viola_complex.wav,40.000000298023224,20.000000596046448,51.69669270515442,33.49452495574951
stim_78_viola_complex.wav,80.00000059604645,40.000001192092896,38.38564842939377,28.535426259040833
stim_78_viola_complex.wav,35.00000059604645,49.999998807907104,38.919158577919006,28.524686694145203
stim_78_viola_complex.wav,15.000000447034836,20.000000596046448,25.40983736515045,27.435559630393982
stim_78_viola_complex.wav,40.000000298023224,20.000000596046448,40.656428039073944,28.600439429283142
stim_78_viola_complex.wav,15.000000447034836,60.0,40.17382889986038,28.480364084243774
stim_78_viola_complex.wav,0.0,40.000001192092896,7.9002562165260315,29.72433865070343
stim_78_viola_complex.wav,40.000000298023224,30.0,39.811977446079254,25.233349800109863
stim_78_viola_complex.wav,64.9999988079071,0.0,47.5246399641037,27.54526376724243
stim_78_viola_complex.wav,10.000000074505806,30.0,18.211826384067535,33.17870378494263
stim_78_viola_complex.wav,74.99999821186066,40.000001192092896,37.96012133359909,25.335811972618103
stim_78_viola_complex.wav,54.99999940395355,0.0,48.70283246040344,20.565454959869385
stim_78_viola_complex.wav,45.0,0.0,47.0453667640686,26.939533352851868
stim_78_viola_complex.wav,45.0,30.0,40.49690634012222,28.4349524974823
stim_78_viola_complex.wav,10.000000074505806,30.0,24.938342571258545,26.63279414176941
stim_87_viola_complex.wav,5.000000037252903,0.0,40.308588445186615,28.51433515548706
stim_87_viola_complex.wav,74.99999821186066,40.000001192092896,41.44845485687256,28.61650586128235
stim_87_viola_complex.wav,84.99999761581421,60.0,41.18793994188309,28.351686000823975
stim_87_viola_complex.wav,15.000000447034836,20.000000596046448,39.99756217002869,28.688458800315857
stim_87_viola_complex.wav,0.0,20.000000596046448,39.718440771102905,28.460776805877686
stim_87_viola_complex.wav,15.000000447034836,60.0,21.654738038778305,38.748968839645386
stim_87_viola_complex.wav,30.00000089406967,0.0,40.6564199924469,28.40200424194336
stim_87_viola_complex.wav,30.00000089406967,20.000000596046448,43.546172976493835,28.5200697183609
stim_87_viola_complex.wav,30.00000089406967,30.0,37.98567205667496,30.989999771118164
stim_87_viola_complex.wav,20.000000149011612,40.000001192092896,39.64507430791855,28.604239225387573
stim_87_viola_complex.wav,50.00000238418579,10.000000298023224,49.34632658958435,25.12969136238098
stim_87_viola_complex.wav,50.00000238418579,60.0,49.36307966709137,26.851859092712402
stim_87_viola_complex.wav,10.000000074505806,49.999998807907104,40.40275275707245,28.697926998138428
stim_87_viola_complex.wav,50.00000238418579,0.0,40.94983756542206,28.371537923812866
stim_87_viola_complex.wav,74.99999821186066,60.0,40.037049651145935,28.646941781044006
stim_87_viola_complex.wav,30.00000089406967,0.0,40.98422884941101,28.365259766578674
stim_87_viola_complex.wav,60.00000178813934,40.000001192092896,41.399842500686646,28.34009349346161
stim_87_viola_complex.wav,5.000000037252903,40.000001192092896,40.11202275753021,28.470616936683655
stim_87_viola_complex.wav,35.00000059604645,49.999998807907104,41.241082549095154,28.48433554172516
stim_87_viola_complex.wav,40.000000298023224,40.000001192092896,42.990534603595734,36.64436101913452
stim_87_viola_complex.wav,45.0,60.0,50.168209075927734,31.648342609405518
stim_87_viola_complex.wav,50.00000238418579,10.000000298023224,40.236557722091675,28.469740748405457
stim_87_viola_complex.wav,5.000000037252903,30.0,16.428629457950592,34.65791344642639
stim_87_viola_complex.wav,10.000000074505806,20.000000596046448,23.755989968776703,29.258859157562256
stim_87_viola_complex.wav,45.0,0.0,40.86235463619232,28.26715350151062
stim_87_viola_complex.wav,74.99999821186066,20.000000596046448,40.789755284786224,28.612309098243713
stim_87_viola_complex.wav,45.0,20.000000596046448,47.57387459278107,31.041526794433594
stim_87_viola_complex.wav,50.00000238418579,0.0,40.60006946325302,28.386449217796326
stim_87_viola_complex.wav,64.9999988079071,40.000001192092896,49.95590150356293,31.56010150909424
stim_87_viola_complex.wav,45.0,30.0,41.024038195610046,28.499498963356018
stim_87_viola_complex.wav,5.000000037252903,10.000000298023224,18.64343136548996,24.442731142044067
stim_87_viola_complex.wav,50.00000238418579,0.0,43.250067830085754,26.920461058616638
stim_87_viola_complex.wav,64.9999988079071,30.0,40.71719080209732,28.182238340377808
stim_87_viola_complex.wav,40.000000298023224,30.0,40.85095524787903,28.419676423072815
stim_87_viola_complex.wav,74.99999821186066,60.0,40.604599714279175,28.49765717983246
stim_87_viola_complex.wav,30.00000089406967,0.0,41.182358264923096,26.215649843215942
stim_87_viola_complex.wav,35.00000059604645,60.0,40.370043218135834,28.615581393241882
stim_87_viola_complex.wav,84.99999761581421,40.000001192092896,49.617884159088135,30.320345163345337
stim_87_viola_complex.wav,70.0000011920929,20.000000596046448,39.62070107460022,28.661259412765503
stim_87_viola_complex.wav,0.0,10.000000298023224,40.70291072130203,28.440980315208435
stim_87_viola_complex.wav,70.0000011920929,40.000001192092896,41.69644922018051,28.532309532165527
stim_87_viola_complex.wav,10.000000074505806,0.0,40.30467510223389,28.588988184928894
stim_87_viola_complex.wav,25.000001192092896,40.000001192092896,40.53659498691559,28.404171466827393
stim_87_viola_complex.wav,54.99999940395355,0.0,41.21576517820358,28.356319069862366
stim_87_viola_complex.wav,90.0,10.000000298023224,41.01381629705429,28.663794994354248
stim_87_viola_complex.wav,60.00000178813934,40.000001192092896,52.635380029678345,35.5505633354187
stim_87_viola_complex.wav,50.00000238418579,20.000000596046448,48.21205258369446,27.9826158285141
stim_87_viola_complex.wav,50.00000238418579,10.000000298023224,40.53530216217041,28.42746376991272
stim_87_viola_complex.wav,54.99999940395355,30.0,49.140005707740784,30.322927236557007
stim_87_viola_complex.wav,40.000000298023224,60.0,40.94684422016144,28.573846220970154
stim_87_viola_complex.wav,64.9999988079071,40.000001192092896,47.942442297935486,29.96609330177307
stim_87_viola_complex.wav,84.99999761581421,60.0,41.007716953754425,28.527047038078308
stim_87_viola_complex.wav,54.99999940395355,10.000000298023224,41.17882043123245,28.421443104743958
stim_87_viola_complex.wav,35.00000059604645,20.000000596046448,40.12549012899399,28.764835596084595
stim_87_viola_complex.wav,70.0000011920929,49.999998807907104,40.568483769893646,28.41029942035675
stim_87_viola_complex.wav,74.99999821186066,40.000001192092896,45.63966393470764,27.793638110160828
stim_87_viola_complex.wav,30.00000089406967,49.999998807907104,39.97033774852753,28.44968318939209
stim_87_viola_complex.wav,50.00000238418579,30.0,40.20682007074356,28.46043348312378
stim_87_viola_complex.wav,5.000000037252903,0.0,40.64515471458435,28.61696183681488
stim_87_viola_complex.wav,30.00000089406967,10.000000298023224,40.952007472515106,28.36687445640564
stim_87_viola_complex.wav,70.0000011920929,10.000000298023224,40.12049853801727,28.459237217903137
stim_87_viola_complex.wav,25.000001192092896,20.000000596046448,40.6954488158226,28.401594758033752
stim_87_viola_complex.wav,70.0000011920929,40.000001192092896,48.960957527160645,29.473915100097656
stim_87_viola_complex.wav,84.99999761581421,40.000001192092896,52.447383999824524,27.24613845348358
stim_87_viola_complex.wav,15.000000447034836,10.000000298023224,32.41393268108368,30.558528900146484
stim_87_viola_complex.wav,0.0,60.0,40.61743140220642,28.422871828079224
stim_87_viola_complex.wav,10.000000074505806,30.0,29.41912829875946,32.47162699699402
stim_87_viola_complex.wav,5.000000037252903,40.000001192092896,20.53968608379364,27.135098576545715
stim_87_viola_complex.wav,54.99999940395355,10.000000298023224,40.44011861085892,28.436179161071777
stim_87_viola_complex.wav,54.99999940395355,40.000001192092896,47.53885567188263,32.72897958755493
stim_87_viola_complex.wav,54.99999940395355,20.000000596046448,38.64990234375,28.850101232528687
stim_87_viola_complex.wav,54.99999940395355,40.000001192092896,40.389888882637024,28.562026619911194
stim_87_viola_complex.wav,20.000000149011612,60.0,39.29629325866699,28.41735541820526
stim_87_viola_complex.wav,60.00000178813934,30.0,39.393241703510284,28.457266688346863
stim_87_viola_complex.wav,30.00000089406967,30.0,40.44036269187927,28.77813220024109
stim_87_viola_complex.wav,5.000000037252903,40.000001192092896,20.25718778371811,23.978446125984192
stim_87_viola_complex.wav,5.000000037252903,49.999998807907104,40.4407274723053,28.420093059539795
stim_87_viola_complex.wav,10.000000074505806,20.000000596046448,31.97341740131378,29.24229919910431
stim_87_viola_complex.wav,90.0,20.000000596046448,46.02180898189545,23.99900257587433
stim_87_viola_complex.wav,60.00000178813934,20.000000596046448,41.12638592720032,28.70542287826538
stim_87_viola_complex.wav,15.000000447034836,60.0,23.973820209503174,32.99673557281494
stim_87_viola_complex.wav,0.0,49.999998807907104,40.43919324874878,28.419467210769653
stim_87_viola_complex.wav,40.000000298023224,60.0,47.00395882129669,31.74927592277527
stim_87_viola_complex.wav,74.99999821186066,30.0,39.47889268398285,28.49894642829895
stim_87_viola_complex.wav,40.000000298023224,30.0,41.21814697980881,28.58332872390747
stim_87_viola_complex.wav,50.00000238418579,0.0,40.99091559648514,28.364068865776062
stim_87_viola_complex.wav,90.0,20.000000596046448,40.37731468677521,28.394617438316345
stim_87_viola_complex.wav,10.000000074505806,0.0,23.737286925315857,32.06583380699158
stim_87_viola_complex.wav,35.00000059604645,10.000000298023224,41.54684096574783,28.331834077835083
stim_87_viola_complex.wav,80.00000059604645,60.0,47.45796024799347,30.266525745391846
stim_87_viola_complex.wav,80.00000059604645,30.0,41.10763192176819,28.356955647468567
stim_87_viola_complex.wav,50.00000238418579,30.0,40.42698115110397,28.561994433403015
stim_87_viola_complex.wav,0.0,30.0,30.056158304214478,28.89370322227478
stim_87_viola_complex.wav,50.00000238418579,40.000001192092896,48.22682082653046,36.15779757499695
stim_87_viola_complex.wav,80.00000059604645,10.000000298023224,41.44274711608887,28.684775233268738
stim_87_viola_complex.wav,84.99999761581421,60.0,53.29719364643097,31.69651508331299
stim_87_viola_complex.wav,74.99999821186066,20.000000596046448,45.283005237579346,25.439293384552002
stim_87_viola_complex.wav,60.00000178813934,30.0,40.29830753803253,28.63499879837036
stim_87_viola_complex.wav,60.00000178813934,60.0,52.698578238487244,30.054584741592407
stim_87_viola_complex.wav,15.000000447034836,40.000001192092896,24.728813767433167,33.50631594657898
stim_87_viola_complex.wav,60.00000178813934,0.0,42.56693869829178,27.215901017189026
stim_87_viola_complex.wav,60.00000178813934,20.000000596046448,40.606184899806976,28.39918076992035
stim_87_viola_complex.wav,45.0,0.0,41.11695796251297,28.871957659721375
stim_87_viola_complex.wav,45.0,49.999998807907104,41.56142681837082,28.57484757900238
stim_87_viola_complex.wav,45.0,0.0,41.09739929437637,28.56795608997345
stim_87_viola_complex.wav,54.99999940395355,10.000000298023224,43.586384654045105,27.24522829055786
stim_87_viola_complex.wav,70.0000011920929,30.0,53.90493392944336,30.28417468070984
stim_87_viola_complex.wav,25.000001192092896,30.0,39.40528482198715,28.53699803352356
stim_87_viola_complex.wav,15.000000447034836,10.000000298023224,31.152049899101257,31.0644793510437
stim_87_viola_complex.wav,35.00000059604645,30.0,41.11542910337448,28.46484124660492
stim_87_viola_complex.wav,60.00000178813934,20.000000596046448,56.93010091781616,31.207505464553833
stim_87_viola_complex.wav,50.00000238418579,30.0,49.044309854507446,33.59507918357849
stim_87_viola_complex.wav,20.000000149011612,20.000000596046448,34.78517711162567,27.047653198242188
stim_87_viola_complex.wav,0.0,40.000001192092896,23.12480717897415,28.475414514541626
stim_87_viola_complex.wav,35.00000059604645,60.0,40.23859620094299,28.58688712120056
stim_87_viola_complex.wav,40.000000298023224,20.000000596046448,47.5891900062561,33.79099130630493
stim_87_viola_complex.wav,60.00000178813934,10.000000298023224,43.34400683641434,25.958345532417297
stim_87_viola_complex.wav,60.00000178813934,40.000001192092896,41.29928380250931,28.399139642715454
stim_87_viola_complex.wav,64.9999988079071,20.000000596046448,47.96014487743378,29.694276452064514
stim_87_viola_complex.wav,84.99999761581421,20.000000596046448,63.34313929080963,34.39830422401428
stim_87_viola_complex.wav,25.000001192092896,60.0,41.281760931015015,28.348819613456726
stim_87_viola_complex.wav,5.000000037252903,30.0,18.000344932079315,26.650975942611694
stim_87_viola_complex.wav,74.99999821186066,10.000000298023224,40.94613075256348,28.62251579761505
stim_87_viola_complex.wav,25.000001192092896,60.0,36.986200511455536,32.26161003112793
stim_87_viola_complex.wav,15.000000447034836,60.0,39.727042615413666,28.6440646648407
stim_87_viola_complex.wav,10.000000074505806,49.999998807907104,40.485388934612274,28.51691722869873
stim_87_viola_complex.wav,10.000000074505806,49.999998807907104,27.354615926742554,32.80884504318237
stim_87_viola_complex.wav,0.0,0.0,36.70581042766571,28.64565074443817
stim_87_viola_complex.wav,60.00000178813934,20.000000596046448,47.855072021484375,28.39705467224121
stim_87_viola_complex.wav,70.0000011920929,20.000000596046448,40.47273963689804,28.44009518623352
stim_87_viola_complex.wav,74.99999821186066,0.0,40.70815980434418,28.417709469795227
stim_87_viola_complex.wav,50.00000238418579,30.0,43.617956936359406,31.781448125839233
stim_87_viola_complex.wav,50.00000238418579,49.999998807907104,40.475609600543976,29.251880049705505
stim_87_viola_complex.wav,30.00000089406967,40.000001192092896,40.97333639860153,28.36357891559601
stim_87_viola_complex.wav,0.0,10.000000298023224,40.19976317882538,28.49629282951355
stim_87_viola_complex.wav,25.000001192092896,30.0,41.30254536867142,28.347065448760986
stim_87_viola_complex.wav,15.000000447034836,30.0,27.76502877473831,32.98652172088623
stim_87_viola_complex.wav,20.000000149011612,49.999998807907104,38.46065104007721,28.161093592643738
stim_87_viola_complex.wav,5.000000037252903,30.0,14.014480412006378,24.90350604057312
stim_87_viola_complex.wav,5.000000037252903,60.0,37.21723258495331,28.763625025749207
stim_71_viola_complex.wav,20.000000149011612,30.0,31.781985461711884,29.497464895248413
stim_71_viola_complex.wav,60.00000178813934,49.999998807907104,49.339985847473145,32.13989496231079
stim_71_viola_complex.wav,70.0000011920929,49.999998807907104,61.15542232990265,37.51173377037048
stim_71_viola_complex.wav,84.99999761581421,60.0,36.67635977268219,28.057435154914856
stim_71_viola_complex.wav,64.9999988079071,49.999998807907104,43.46630483865738,28.975932598114014
stim_71_viola_complex.wav,40.000000298023224,20.000000596046448,41.600946485996246,32.06252574920654
stim_71_viola_complex.wav,15.000000447034836,60.0,26.165791153907776,31.819034814834595
stim_71_viola_complex.wav,20.000000149011612,40.000001192092896,19.55079585313797,43.114203214645386
stim_71_viola_complex.wav,50.00000238418579,10.000000298023224,40.451558232307434,30.0401508808136
stim_71_viola_complex.wav,45.0,0.0,39.25887644290924,29.80777859687805
stim_71_viola_complex.wav,40.000000298023224,60.0,41.73871010541916,30.893951654434204
stim_71_viola_complex.wav,0.0,40.000001192092896,28.024422526359558,27.55652368068695
stim_71_viola_complex.wav,80.00000059604645,49.999998807907104,70.39707005023956,18.392550945281982
stim_71_viola_complex.wav,60.00000178813934,40.000001192092896,40.68693280220032,28.198939561843872
stim_71_viola_complex.wav,54.99999940395355,0.0,46.35685980319977,28.878003358840942
stim_71_viola_complex.wav,60.00000178813934,40.000001192092896,42.07833409309387,29.98852550983429
stim_71_viola_complex.wav,74.99999821186066,49.999998807907104,48.352482318878174,31.8465793132782
stim_71_viola_complex.wav,80.00000059604645,0.0,44.39593434333801,31.27791166305542
stim_71_viola_complex.wav,40.000000298023224,40.000001192092896,46.30956709384918,30.871978998184204
stim_71_viola_complex.wav,60.00000178813934,30.0,51.355682015419006,28.44718873500824
stim_71_viola_complex.wav,20.000000149011612,10.000000298023224,26.126035451889038,24.97806429862976
stim_71_viola_complex.wav,25.000001192092896,40.000001192092896,25.035776495933533,36.82728052139282
stim_71_viola_complex.wav,40.000000298023224,30.0,43.10438096523285,26.579718589782715
stim_71_viola_complex.wav,40.000000298023224,20.000000596046448,39.356626868247986,21.553223133087158
stim_71_viola_complex.wav,0.0,10.000000298023224,28.87602388858795,30.105371475219727
stim_71_viola_complex.wav,40.000000298023224,49.999998807907104,37.445279359817505,33.90937685966492
stim_71_viola_complex.wav,10.000000074505806,60.0,16.17516338825226,26.032714247703552
stim_71_viola_complex.wav,15.000000447034836,30.0,46.520227789878845,29.43657159805298
stim_71_viola_complex.wav,50.00000238418579,20.000000596046448,50.28964877128601,26.511082649230957
stim_71_viola_complex.wav,84.99999761581421,10.000000298023224,52.534507513046265,31.848349571228027
stim_71_viola_complex.wav,84.99999761581421,0.0,38.72362554073334,27.44339168071747
stim_71_viola_complex.wav,90.0,20.000000596046448,67.48662650585175,22.474231123924255
stim_71_viola_complex.wav,5.000000037252903,30.0,27.23464071750641,36.5082049369812
stim_71_viola_complex.wav,30.00000089406967,20.000000596046448,34.39966857433319,36.519649028778076
stim_71_viola_complex.wav,20.000000149011612,30.0,21.71199381351471,25.529751777648926
stim_71_viola_complex.wav,45.0,0.0,45.414857268333435,33.88753294944763
stim_71_viola_complex.wav,45.0,30.0,47.808380126953125,31.205949783325195
stim_71_viola_complex.wav,20.000000149011612,0.0,38.1337970495224,28.606615662574768
stim_71_viola_complex.wav,20.000000149011612,10.000000298023224,32.239125072956085,30.842106342315674
stim_71_viola_complex.wav,84.99999761581421,30.0,57.37877011299133,20.059232711791992
stim_71_viola_complex.wav,70.0000011920929,20.000000596046448,45.55664420127869,29.322452545166016
stim_71_viola_complex.wav,54.99999940395355,49.999998807907104,39.6297025680542,29.70697581768036
stim_71_viola_complex.wav,40.000000298023224,60.0,42.10260272026062,29.093021750450134
stim_71_viola_complex.wav,54.99999940395355,30.0,46.26334190368652,27.94140100479126
stim_71_viola_complex.wav,74.99999821186066,49.999998807907104,49.004151821136475,31.660988330841064
stim_71_viola_complex.wav,45.0,0.0,56.97126746177673,35.74375033378601
stim_71_viola_complex.wav,40.000000298023224,0.0,40.59342294931412,28.105711340904236
stim_71_viola_complex.wav,50.00000238418579,60.0,44.45549547672272,28.668052554130554
stim_71_viola_complex.wav,30.00000089406967,20.000000596046448,35.231544971466064,30.439378023147583
stim_71_viola_complex.wav,5.000000037252903,60.0,15.337388813495636,27.904345393180847
stim_71_viola_complex.wav,25.000001192092896,30.0,31.774137318134308,29.760403633117676
stim_71_viola_complex.wav,74.99999821186066,20.000000596046448,50.60145020484924,30.150457620620728
stim_71_viola_complex.wav,20.000000149011612,10.000000298023224,31.2715744972229,26.966089010238647
stim_71_viola_complex.wav,20.000000149011612,60.0,33.82709205150604,28.50761890411377
stim_71_viola_complex.wav,54.99999940395355,40.000001192092896,50.19160866737366,38.06421518325806
stim_71_viola_complex.wav,84.99999761581421,60.0,65.15630722045898,30.612677335739136
stim_71_viola_complex.wav,15.000000447034836,10.000000298023224,28.02089273929596,29.09185230731964
stim_71_viola_complex.wav,50.00000238418579,49.999998807907104,46.230618953704834,30.19505023956299
stim_71_viola_complex.wav,45.0,60.0,42.631824016571045,41.54998540878296
stim_71_viola_complex.wav,40.000000298023224,0.0,41.40499234199524,25.226032733917236
stim_71_viola_complex.wav,40.000000298023224,30.0,42.45188534259796,32.75494694709778
stim_71_viola_complex.wav,20.000000149011612,60.0,50.12828707695007,30.179325342178345
stim_71_viola_complex.wav,15.000000447034836,40.000001192092896,29.415780901908875,29.610782861709595
stim_71_viola_complex.wav,84.99999761581421,0.0,68.85349631309509,14.869532883167267
stim_71_viola_complex.wav,64.9999988079071,20.000000596046448,56.18613660335541,30.123403072357178
stim_71_viola_complex.wav,64.9999988079071,40.000001192092896,38.85523349046707,36.024945974349976
stim_71_viola_complex.wav,50.00000238418579,30.0,43.394156098365784,34.88603711128235
stim_71_viola_complex.wav,5.000000037252903,10.000000298023224,12.875743210315704,22.745500802993774
stim_71_viola_complex.wav,0.0,30.0,15.921976268291473,29.17004942893982
stim_71_viola_complex.wav,30.00000089406967,40.000001192092896,38.89824539422989,29.611963033676147
stim_71_viola_complex.wav,15.000000447034836,30.0,44.32992249727249,29.057090878486633
stim_71_viola_complex.wav,54.99999940395355,0.0,56.53095066547394,26.857123374938965
stim_71_viola_complex.wav,5.000000037252903,0.0,7.5354838371276855,16.30653977394104
stim_71_viola_complex.wav,64.9999988079071,10.000000298023224,56.116023659706116,23.61327052116394
stim_71_viola_complex.wav,54.99999940395355,49.999998807907104,41.7187625169754,28.945332169532776
stim_71_viola_complex.wav,40.000000298023224,0.0,48.710728883743286,29.68693256378174
stim_71_viola_complex.wav,25.000001192092896,10.000000298023224,32.37592577934265,31.323283910751343
stim_71_viola_complex.wav,30.00000089406967,60.0,35.70765048265457,34.460352659225464
stim_71_viola_complex.wav,60.00000178813934,0.0,40.70600867271423,19.650601744651794
stim_71_viola_complex.wav,35.00000059604645,30.0,39.8564538359642,35.65433979034424
stim_71_viola_complex.wav,30.00000089406967,10.000000298023224,33.91085475683212,37.63543367385864
stim_71_viola_complex.wav,84.99999761581421,60.0,32.5725531578064,25.643239617347717
stim_71_viola_complex.wav,0.0,30.0,1.1013498902320862,25.725374221801758
stim_71_viola_complex.wav,35.00000059604645,40.000001192092896,32.35631883144379,30.38232922554016
stim_71_viola_complex.wav,45.0,49.999998807907104,46.39231324195862,33.25816869735718
stim_71_viola_complex.wav,54.99999940395355,40.000001192092896,47.111274003982544,31.97413444519043
stim_71_viola_complex.wav,54.99999940395355,60.0,47.23115801811218,30.391019582748413
stim_71_viola_complex.wav,60.00000178813934,0.0,47.94901371002197,29.60687756538391
stim_71_viola_complex.wav,64.9999988079071,49.999998807907104,45.507012605667114,27.202481031417847
stim_71_viola_complex.wav,74.99999821186066,40.000001192092896,47.90470361709595,31.831380128860474
stim_71_viola_complex.wav,60.00000178813934,40.000001192092896,39.365134835243225,28.94266426563263
stim_71_viola_complex.wav,60.00000178813934,49.999998807907104,49.430145621299744,30.42876362800598
stim_71_viola_complex.wav,64.9999988079071,60.0,57.52664566040039,36.53602838516235
stim_71_viola_complex.wav,74.99999821186066,10.000000298023224,62.22053289413452,17.40482211112976
stim_71_viola_complex.wav,84.99999761581421,40.000001192092896,45.7451605796814,29.758225679397583
stim_71_viola_complex.wav,64.9999988079071,40.000001192092896,46.064048409461975,31.682385206222534
stim_71_viola_complex.wav,30.00000089406967,49.999998807907104,24.90921378135681,43.045839071273804
stim_71_viola_complex.wav,45.0,49.999998807907104,45.475062131881714,34.86370325088501
stim_71_viola_complex.wav,70.0000011920929,30.0,60.80949246883392,35.840277671813965
stim_71_viola_complex.wav,5.000000037252903,49.999998807907104,31.322970986366272,29.56499218940735
stim_71_viola_complex.wav,10.000000074505806,60.0,14.43726360797882,29.0438175201416
stim_71_viola_complex.wav,45.0,20.000000596046448,52.372695207595825,35.37674903869629
stim_71_viola_complex.wav,10.000000074505806,10.000000298023224,15.205424129962921,35.02938508987427
stim_71_viola_complex.wav,64.9999988079071,49.999998807907104,49.52058434486389,38.352699279785156
stim_71_viola_complex.wav,54.99999940395355,40.000001192092896,48.728983998298645,38.69949817657471
stim_71_viola_complex.wav,45.0,40.000001192092896,42.86170810461044,37.22772717475891
stim_71_viola_complex.wav,10.000000074505806,40.000001192092896,34.81633901596069,28.1835275888443
stim_71_viola_complex.wav,5.000000037252903,10.000000298023224,5.656668841838837,14.912510812282562
stim_71_viola_complex.wav,5.000000037252903,49.999998807907104,6.5396735072135925,22.90696620941162
stim_71_viola_complex.wav,20.000000149011612,0.0,33.80974352359772,23.513079285621643
stim_71_viola_complex.wav,64.9999988079071,10.000000298023224,48.41342747211456,23.773008584976196
stim_71_viola_complex.wav,10.000000074505806,60.0,14.578650891780853,41.68398141860962
stim_71_viola_complex.wav,45.0,20.000000596046448,46.46120846271515,28.677674531936646
stim_71_viola_complex.wav,5.000000037252903,49.999998807907104,8.184396028518677,16.747097969055176
stim_108_viola_complex.wav,10.000000074505806,30.0,39.331572353839874,28.466100096702576
stim_108_viola_complex.wav,90.0,40.000001192092896,40.13298958539963,28.43315899372101
stim_108_viola_complex.wav,74.99999821186066,20.000000596046448,39.40958708524704,28.485102653503418
stim_108_viola_complex.wav,45.0,40.000001192092896,39.19858306646347,28.503164649009705
stim_108_viola_complex.wav,80.00000059604645,10.000000298023224,39.204677045345306,28.48233997821808
stim_108_viola_complex.wav,70.0000011920929,10.000000298023224,39.681474566459656,28.45500111579895
stim_108_viola_complex.wav,10.000000074505806,60.0,40.10961413383484,28.436803221702576
stim_108_viola_complex.wav,80.00000059604645,40.000001192092896,39.89693373441696,28.46420109272003
stim_108_viola_complex.wav,35.00000059604645,30.0,39.336692690849304,28.484598398208618
stim_108_viola_complex.wav,54.99999940395355,0.0,40.045793652534485,28.421815037727356
stim_108_viola_complex.wav,54.99999940395355,60.0,39.536678194999695,28.48077356815338
stim_108_viola_complex.wav,50.00000238418579,30.0,39.878236055374146,28.4478896856308
stim_108_viola_complex.wav,60.00000178813934,20.000000596046448,39.540669322013855,28.492591381072998
stim_108_viola_complex.wav,45.0,10.000000298023224,39.33112978935242,28.477876782417297
stim_108_viola_complex.wav,30.00000089406967,49.999998807907104,39.4835489988327,28.472288846969604
stim_108_viola_complex.wav,74.99999821186066,60.0,39.791764318943024,28.45261037349701
stim_108_viola_complex.wav,60.00000178813934,20.000000596046448,39.88266438245773,28.460599780082703
stim_108_viola_complex.wav,54.99999940395355,40.000001192092896,39.557248055934906,28.472962975502014
stim_108_viola_complex.wav,70.0000011920929,30.0,39.32363569736481,28.48972499370575
stim_108_viola_complex.wav,70.0000011920929,30.0,39.60590332746506,28.480392694473267
stim_108_viola_complex.wav,25.000001192092896,40.000001192092896,39.34611797332764,28.47249448299408
stim_108_viola_complex.wav,74.99999821186066,30.0,39.456917345523834,28.493269085884094
stim_108_viola_complex.wav,80.00000059604645,30.0,39.864739179611206,28.460047245025635
stim_108_viola_complex.wav,84.99999761581421,30.0,40.102095901966095,28.60816776752472
stim_108_viola_complex.wav,15.000000447034836,0.0,38.238016963005066,28.473258018493652
stim_108_viola_complex.wav,54.99999940395355,49.999998807907104,39.98679041862488,28.449629545211792
stim_108_viola_complex.wav,15.000000447034836,40.000001192092896,39.328080117702484,28.507502675056458
stim_108_viola_complex.wav,20.000000149011612,40.000001192092896,39.63634639978409,28.467805981636047
stim_108_viola_complex.wav,84.99999761581421,20.000000596046448,39.285746812820435,28.469708561897278
stim_108_viola_complex.wav,45.0,30.0,39.320974946022034,28.480144143104553
stim_108_viola_complex.wav,25.000001192092896,10.000000298023224,40.41817009449005,28.425021171569824
stim_108_viola_complex.wav,35.00000059604645,40.000001192092896,39.517835676670074,28.47688615322113
stim_108_viola_complex.wav,60.00000178813934,20.000000596046448,39.697954058647156,28.458529114723206
stim_108_viola_complex.wav,0.0,49.999998807907104,38.94984304904938,28.502749800682068
stim_108_viola_complex.wav,80.00000059604645,49.999998807907104,39.83274310827255,28.46729815006256
stim_108_viola_complex.wav,64.9999988079071,49.999998807907104,39.701735973358154,28.46173882484436
stim_108_viola_complex.wav,15.000000447034836,20.000000596046448,39.41590905189514,28.459525108337402
stim_108_viola_complex.wav,74.99999821186066,30.0,39.87823337316513,28.455646634101868
stim_108_viola_complex.wav,25.000001192092896,0.0,38.789087533950806,28.48884880542755
stim_108_viola_complex.wav,70.0000011920929,20.000000596046448,39.596829414367676,28.47156286239624
stim_108_viola_complex.wav,70.0000011920929,49.999998807907104,39.35311585664749,28.48322868347168
stim_108_viola_complex.wav,54.99999940395355,49.999998807907104,39.23961818218231,28.483386039733887
stim_108_viola_complex.wav,10.000000074505806,49.999998807907104,39.50488328933716,28.465375900268555
stim_108_viola_complex.wav,45.0,60.0,39.46246683597565,28.48804771900177
stim_108_viola_complex.wav,25.000001192092896,40.000001192092896,38.91894668340683,28.493410348892212
stim_108_viola_complex.wav,50.00000238418579,30.0,39.70579147338867,28.44300627708435
stim_108_viola_complex.wav,54.99999940395355,60.0,39.345688819885254,28.467891812324524
stim_108_viola_complex.wav,54.99999940395355,40.000001192092896,40.05861461162567,28.44573140144348
stim_108_viola_complex.wav,40.000000298023224,40.000001192092896,38.921679854393005,28.504909873008728
stim_108_viola_complex.wav,0.0,20.000000596046448,39.17095631361008,28.47377836704254
stim_108_viola_complex.wav,90.0,20.000000596046448,39.09688979387283,28.497596383094788
stim_108_viola_complex.wav,74.99999821186066,40.000001192092896,39.87540900707245,28.462929725646973
stim_108_viola_complex.wav,84.99999761581421,60.0,39.626081585884094,28.458298444747925
stim_108_viola_complex.wav,50.00000238418579,30.0,39.26365613937378,28.492348194122314
stim_108_viola_complex.wav,60.00000178813934,30.0,39.8969766497612,28.45501184463501
stim_108_viola_complex.wav,50.00000238418579,10.000000298023224,39.84695613384247,28.461504578590393
stim_108_viola_complex.wav,35.00000059604645,10.000000298023224,39.63010221719742,28.463128209114075
stim_108_viola_complex.wav,30.00000089406967,40.000001192092896,39.85992729663849,28.448901772499084
stim_108_viola_complex.wav,84.99999761581421,0.0,39.80564206838608,28.458738327026367
stim_108_viola_complex.wav,15.000000447034836,40.000001192092896,39.82165217399597,28.445647358894348
stim_108_viola_complex.wav,40.000000298023224,60.0,40.130784809589386,28.45728099346161
stim_108_viola_complex.wav,54.99999940395355,60.0,39.70528453588486,28.464329838752747
stim_108_viola_complex.wav,54.99999940395355,40.000001192092896,39.32675510644913,28.48050892353058
stim_108_viola_complex.wav,50.00000238418579,0.0,39.55523103475571,28.46634864807129
stim_108_viola_complex.wav,50.00000238418579,10.000000298023224,39.314341843128204,28.477880358695984
stim_108_viola_complex.wav,90.0,49.999998807907104,39.50471967458725,28.47058653831482
stim_108_viola_complex.wav,60.00000178813934,40.000001192092896,39.29035484790802,28.46680462360382
stim_108_viola_complex.wav,90.0,40.000001192092896,39.77500319480896,28.452188372612
stim_108_viola_complex.wav,80.00000059604645,20.000000596046448,39.738149642944336,28.451979160308838
stim_108_viola_complex.wav,80.00000059604645,60.0,40.06989061832428,28.45656394958496
stim_108_viola_complex.wav,50.00000238418579,20.000000596046448,39.51381504535675,28.458436131477356
stim_108_viola_complex.wav,0.0,60.0,39.46733504533768,28.48417639732361
stim_108_viola_complex.wav,5.000000037252903,40.000001192092896,39.571911692619324,28.467172980308533
stim_108_viola_complex.wav,50.00000238418579,0.0,38.60678046941757,28.63210380077362
stim_108_viola_complex.wav,70.0000011920929,30.0,40.0179523229599,28.446051478385925
stim_108_viola_complex.wav,90.0,60.0,39.36384201049805,28.455618023872375
stim_108_viola_complex.wav,35.00000059604645,20.000000596046448,39.446255564689636,28.473145365715027
stim_108_viola_complex.wav,84.99999761581421,60.0,39.36291128396988,28.479294776916504
stim_108_viola_complex.wav,35.00000059604645,49.999998807907104,39.20263856649399,28.482602834701538
stim_108_viola_complex.wav,74.99999821186066,20.000000596046448,39.29578632116318,28.485133051872253
stim_108_viola_complex.wav,35.00000059604645,0.0,39.458419382572174,28.48751664161682
stim_108_viola_complex.wav,5.000000037252903,10.000000298023224,39.51518565416336,28.46763789653778
stim_108_viola_complex.wav,25.000001192092896,10.000000298023224,39.96113508939743,28.440279364585876
stim_108_viola_complex.wav,5.000000037252903,49.999998807907104,39.36470031738281,28.45355987548828
stim_108_viola_complex.wav,80.00000059604645,30.0,39.457038044929504,28.490359783172607
stim_108_viola_complex.wav,74.99999821186066,49.999998807907104,39.94807541370392,28.450337648391724
stim_108_viola_complex.wav,54.99999940395355,10.000000298023224,39.60088759660721,28.480360507965088
stim_108_viola_complex.wav,25.000001192092896,49.999998807907104,39.31076109409332,28.482767343521118
stim_108_viola_complex.wav,15.000000447034836,10.000000298023224,39.7524619102478,28.47118377685547
stim_108_viola_complex.wav,74.99999821186066,60.0,40.42336285114288,28.489192128181458
stim_108_viola_complex.wav,84.99999761581421,10.000000298023224,39.05467987060547,28.492560982704163
stim_108_viola_complex.wav,64.9999988079071,40.000001192092896,39.91139888763428,28.463369607925415
stim_108_viola_complex.wav,5.000000037252903,60.0,38.29023689031601,28.32363724708557
stim_108_viola_complex.wav,25.000001192092896,10.000000298023224,40.14814406633377,28.439857363700867
stim_108_viola_complex.wav,64.9999988079071,49.999998807907104,40.072108805179596,28.441491723060608
stim_108_viola_complex.wav,74.99999821186066,40.000001192092896,39.47916358709335,28.487287759780884
stim_108_viola_complex.wav,40.000000298023224,20.000000596046448,39.399601221084595,28.468303084373474
stim_108_viola_complex.wav,90.0,0.0,39.2738351225853,28.480435609817505
stim_108_viola_complex.wav,50.00000238418579,0.0,39.787494242191315,28.450586199760437
stim_108_viola_complex.wav,5.000000037252903,49.999998807907104,39.6421292424202,28.46599280834198
stim_108_viola_complex.wav,30.00000089406967,20.000000596046448,39.78501319885254,28.452202677726746
stim_108_viola_complex.wav,50.00000238418579,49.999998807907104,38.84832948446274,28.500949144363403
stim_108_viola_complex.wav,35.00000059604645,60.0,39.6545746922493,28.450908064842224
stim_108_viola_complex.wav,25.000001192092896,49.999998807907104,39.83762741088867,28.448975086212158
stim_108_viola_complex.wav,40.000000298023224,10.000000298023224,39.909851253032684,28.45695197582245
stim_108_viola_complex.wav,80.00000059604645,30.0,40.411577224731445,28.44547927379608
stim_108_viola_complex.wav,45.0,10.000000298023224,39.89006459712982,28.447439074516296
stim_108_viola_complex.wav,70.0000011920929,49.999998807907104,40.146419405937195,28.447272777557373
stim_108_viola_complex.wav,64.9999988079071,0.0,39.596708714962006,28.4702467918396
stim_108_viola_complex.wav,64.9999988079071,10.000000298023224,39.30525720119476,28.480934500694275
stim_108_viola_complex.wav,84.99999761581421,40.000001192092896,39.70721036195755,28.469102382659912
stim_108_viola_complex.wav,30.00000089406967,30.0,40.053046345710754,28.42135727405548
stim_108_viola_complex.wav,45.0,0.0,39.94423717260361,28.453620672225952
stim_108_viola_complex.wav,90.0,40.000001192092896,39.73484247922897,28.459221124649048
stim_108_viola_complex.wav,50.00000238418579,30.0,40.182892084121704,28.51742684841156
stim_108_viola_complex.wav,90.0,20.000000596046448,39.74272549152374,28.465172052383423
stim_108_viola_complex.wav,84.99999761581421,60.0,39.56979811191559,28.463155031204224
stim_108_viola_complex.wav,84.99999761581421,30.0,40.39327383041382,28.43074142932892
stim_108_viola_complex.wav,30.00000089406967,30.0,38.76447021961212,28.4895122051239
stim_108_viola_complex.wav,15.000000447034836,0.0,39.1922664642334,28.47456693649292
stim_108_viola_complex.wav,30.00000089406967,40.000001192092896,40.20954251289368,28.442510962486267
stim_108_viola_complex.wav,60.00000178813934,60.0,40.208308696746826,28.43598246574402
stim_108_viola_complex.wav,64.9999988079071,20.000000596046448,40.09437918663025,28.485063314437866
stim_108_viola_complex.wav,40.000000298023224,49.999998807907104,39.74085062742233,28.447880744934082
stim_108_viola_complex.wav,90.0,40.000001192092896,39.110190868377686,28.487761616706848
stim_108_viola_complex.wav,45.0,10.000000298023224,40.13810992240906,28.45051109790802
stim_108_viola_complex.wav,70.0000011920929,0.0,39.70768243074417,28.44523251056671
stim_108_viola_complex.wav,64.9999988079071,60.0,39.38752591609955,28.472678661346436
stim_108_viola_complex.wav,5.000000037252903,20.000000596046448,41.124170422554016,28.574840426445007
stim_98_viola_complex.wav,15.000000447034836,0.0,40.46916425228119,28.456456661224365
stim_98_viola_complex.wav,25.000001192092896,10.000000298023224,41.22042417526245,28.362350463867188
stim_98_viola_complex.wav,15.000000447034836,30.0,40.854632556438446,29.305036067962646
stim_98_viola_complex.wav,40.000000298023224,20.000000596046448,43.152135014534,29.378151297569275
stim_98_viola_complex.wav,84.99999761581421,20.000000596046448,40.66984981298447,28.49451184272766
stim_98_viola_complex.wav,20.000000149011612,20.000000596046448,40.710691809654236,28.409934639930725
stim_98_viola_complex.wav,54.99999940395355,30.0,42.45494842529297,27.5237238407135
stim_98_viola_complex.wav,5.000000037252903,60.0,40.29754042625427,28.572497963905334
stim_98_viola_complex.wav,54.99999940395355,30.0,40.46685755252838,28.882598876953125
stim_98_viola_complex.wav,80.00000059604645,20.000000596046448,44.2732635140419,29.289361238479614
stim_98_viola_complex.wav,35.00000059604645,0.0,40.8338937163353,28.429285883903503
stim_98_viola_complex.wav,64.9999988079071,49.999998807907104,45.65297842025757,27.760595083236694
stim_98_viola_complex.wav,54.99999940395355,20.000000596046448,40.21189749240875,28.58006715774536
stim_98_viola_complex.wav,0.0,30.0,40.36269664764404,27.24171817302704
stim_98_viola_complex.wav,50.00000238418579,40.000001192092896,43.136213421821594,29.253739714622498
stim_98_viola_complex.wav,40.000000298023224,49.999998807907104,44.188368916511536,27.44942307472229
stim_98_viola_complex.wav,35.00000059604645,40.000001192092896,41.596330404281616,29.60107684135437
stim_98_viola_complex.wav,10.000000074505806,30.0,38.182838559150696,28.759957551956177
stim_98_viola_complex.wav,74.99999821186066,20.000000596046448,40.98020285367966,28.398181200027466
stim_98_viola_complex.wav,54.99999940395355,0.0,48.109790682792664,28.167479038238525
stim_98_viola_complex.wav,70.0000011920929,30.0,39.489948749542236,29.36358332633972
stim_98_viola_complex.wav,74.99999821186066,40.000001192092896,40.7843291759491,28.41706931591034
stim_98_viola_complex.wav,25.000001192092896,0.0,40.08988916873932,28.449731469154358
stim_98_viola_complex.wav,40.000000298023224,0.0,40.90517073869705,28.55576455593109
stim_98_viola_complex.wav,84.99999761581421,20.000000596046448,39.65081423521042,28.331007957458496
stim_98_viola_complex.wav,15.000000447034836,49.999998807907104,34.01242196559906,30.420420169830322
stim_98_viola_complex.wav,40.000000298023224,60.0,41.7475962638855,28.405340909957886
stim_98_viola_complex.wav,64.9999988079071,30.0,46.04791224002838,24.940738677978516
stim_98_viola_complex.wav,90.0,60.0,40.265777707099915,28.432947993278503
stim_98_viola_complex.wav,84.99999761581421,0.0,40.39857119321823,28.581510186195374
stim_98_viola_complex.wav,20.000000149011612,49.999998807907104,40.80547571182251,28.414946794509888
stim_98_viola_complex.wav,80.00000059604645,30.0,40.90090066194534,28.39886963367462
stim_98_viola_complex.wav,40.000000298023224,0.0,43.71538817882538,29.64471995830536
stim_98_viola_complex.wav,54.99999940395355,30.0,40.7395926117897,28.483062386512756
stim_98_viola_complex.wav,20.000000149011612,49.999998807907104,40.80761879682541,28.37855637073517
stim_98_viola_complex.wav,50.00000238418579,60.0,40.87792754173279,28.398136496543884
stim_98_viola_complex.wav,64.9999988079071,40.000001192092896,40.61199724674225,28.458629250526428
stim_98_viola_complex.wav,84.99999761581421,40.000001192092896,40.064856112003326,28.598413467407227
stim_98_viola_complex.wav,0.0,0.0,40.61681181192398,28.614830374717712
stim_98_viola_complex.wav,15.000000447034836,10.000000298023224,38.340286910533905,28.92745077610016
stim_98_viola_complex.wav,35.00000059604645,49.999998807907104,41.37754261493683,30.75333595275879
stim_98_viola_complex.wav,60.00000178813934,10.000000298023224,41.53935492038727,29.52102541923523
stim_98_viola_complex.wav,60.00000178813934,60.0,41.21234267950058,28.37488353252411
stim_98_viola_complex.wav,64.9999988079071,0.0,40.60424029827118,28.5460102558136
stim_98_viola_complex.wav,50.00000238418579,60.0,41.5943107008934,28.472852110862732
stim_98_viola_complex.wav,35.00000059604645,10.000000298023224,46.18769288063049,31.518945693969727
stim_98_viola_complex.wav,60.00000178813934,49.999998807907104,41.12150698900223,28.458110690116882
stim_98_viola_complex.wav,64.9999988079071,20.000000596046448,41.106709241867065,28.376004695892334
stim_98_viola_complex.wav,30.00000089406967,0.0,40.32939970493317,28.601664304733276
stim_98_viola_complex.wav,50.00000238418579,40.000001192092896,40.55290013551712,28.415597677230835
stim_98_viola_complex.wav,35.00000059604645,20.000000596046448,40.234162509441376,28.439937829971313
stim_98_viola_complex.wav,54.99999940395355,60.0,44.60278630256653,26.567932963371277
stim_98_viola_complex.wav,35.00000059604645,20.000000596046448,40.75235456228256,28.444576263427734
stim_98_viola_complex.wav,80.00000059604645,60.0,40.93636751174927,28.444093465805054
stim_98_viola_complex.wav,50.00000238418579,30.0,46.27939224243164,26.530312299728394
stim_98_viola_complex.wav,74.99999821186066,10.000000298023224,46.0306978225708,30.034407377243042
stim_98_viola_complex.wav,70.0000011920929,0.0,40.37483900785446,28.68410289287567
stim_98_viola_complex.wav,15.000000447034836,30.0,40.866890251636505,28.393641114234924
stim_98_viola_complex.wav,54.99999940395355,20.000000596046448,47.2177255153656,28.93081784248352
stim_98_viola_complex.wav,5.000000037252903,30.0,40.73711961507797,28.648146986961365
stim_98_viola_complex.wav,84.99999761581421,30.0,38.99153530597687,30.66643238067627
stim_98_viola_complex.wav,90.0,40.000001192092896,40.567907094955444,28.42324733734131
stim_98_viola_complex.wav,80.00000059604645,60.0,41.09819322824478,28.37230145931244
stim_98_viola_complex.wav,15.000000447034836,40.000001192092896,40.62910705804825,28.40740442276001
stim_98_viola_complex.wav,35.00000059604645,0.0,41.006252467632294,28.390955328941345
stim_98_viola_complex.wav,84.99999761581421,40.000001192092896,40.306225419044495,28.454044461250305
stim_98_viola_complex.wav,40.000000298023224,30.0,48.114479184150696,30.136606693267822
stim_98_viola_complex.wav,30.00000089406967,60.0,40.91897338628769,28.47838282585144
stim_98_viola_complex.wav,10.000000074505806,10.000000298023224,40.8247447013855,28.392094373703003
stim_98_viola_complex.wav,20.000000149011612,60.0,40.45395612716675,28.437860012054443
stim_98_viola_complex.wav,30.00000089406967,40.000001192092896,40.37429720163345,28.628363013267517
stim_98_viola_complex.wav,64.9999988079071,60.0,40.48276573419571,28.420420289039612
stim_98_viola_complex.wav,45.0,0.0,40.82749933004379,28.41031551361084
stim_98_viola_complex.wav,20.000000149011612,40.000001192092896,33.9424592256546,30.901046991348267
stim_98_viola_complex.wav,0.0,60.0,40.68944871425629,28.619216680526733
stim_98_viola_complex.wav,20.000000149011612,0.0,38.585599064826965,28.74131441116333
stim_98_viola_complex.wav,70.0000011920929,49.999998807907104,41.408559679985046,28.385844826698303
stim_98_viola_complex.wav,5.000000037252903,10.000000298023224,40.713985562324524,28.579532504081726
stim_98_viola_complex.wav,60.00000178813934,40.000001192092896,44.20683056116104,28.306964635849
stim_98_viola_complex.wav,15.000000447034836,20.000000596046448,41.785356402397156,29.60364818572998
stim_98_viola_complex.wav,35.00000059604645,40.000001192092896,40.850284695625305,28.42021644115448
stim_98_viola_complex.wav,45.0,30.0,40.81154823303223,28.541677594184875
stim_98_viola_complex.wav,60.00000178813934,49.999998807907104,40.39057284593582,28.465842604637146
stim_98_viola_complex.wav,74.99999821186066,60.0,40.36639541387558,28.43319833278656
stim_98_viola_complex.wav,90.0,49.999998807907104,40.68756848573685,28.40977370738983
stim_98_viola_complex.wav,30.00000089406967,0.0,40.77933490276337,28.416656255722046
stim_98_viola_complex.wav,0.0,40.000001192092896,40.7903990149498,27.672030329704285
stim_98_viola_complex.wav,35.00000059604645,30.0,47.60352909564972,30.61230182647705
stim_98_viola_complex.wav,50.00000238418579,30.0,45.65865933895111,24.78461980819702
stim_98_viola_complex.wav,35.00000059604645,49.999998807907104,44.94031548500061,27.027016282081604
stim_98_viola_complex.wav,90.0,20.000000596046448,40.88136076927185,28.40084195137024
stim_98_viola_complex.wav,80.00000059604645,0.0,46.41217231750488,27.605345249176025
stim_98_viola_complex.wav,40.000000298023224,10.000000298023224,40.98103702068329,28.52485477924347
stim_98_viola_complex.wav,30.00000089406967,30.0,40.91884195804596,28.521957993507385
stim_98_viola_complex.wav,25.000001192092896,40.000001192092896,40.61165124177933,28.47873330116272
stim_98_viola_complex.wav,5.000000037252903,49.999998807907104,40.70130944252014,28.530530333518982
stim_98_viola_complex.wav,15.000000447034836,30.0,41.01987540721893,28.44085156917572
stim_98_viola_complex.wav,5.000000037252903,0.0,40.99360853433609,28.441143035888672
stim_98_viola_complex.wav,30.00000089406967,20.000000596046448,43.82263898849487,28.79596710205078
stim_98_viola_complex.wav,70.0000011920929,0.0,40.63309818506241,28.420017957687378
stim_98_viola_complex.wav,50.00000238418579,60.0,40.83859831094742,28.536182641983032
stim_98_viola_complex.wav,84.99999761581421,40.000001192092896,39.31837856769562,29.005991220474243
stim_98_viola_complex.wav,5.000000037252903,30.0,36.14920914173126,28.658255338668823
stim_98_viola_complex.wav,35.00000059604645,40.000001192092896,40.94830870628357,28.428161144256592
stim_98_viola_complex.wav,5.000000037252903,20.000000596046448,40.50547331571579,28.45278024673462
stim_98_viola_complex.wav,50.00000238418579,20.000000596046448,41.223610639572144,28.644549250602722
stim_98_viola_complex.wav,84.99999761581421,0.0,40.99254101514816,28.434446454048157
stim_98_viola_complex.wav,25.000001192092896,60.0,40.72665095329285,28.39841365814209
stim_98_viola_complex.wav,20.000000149011612,60.0,37.2968727350235,28.84543240070343
stim_98_viola_complex.wav,74.99999821186066,30.0,40.66474825143814,29.795773029327393
stim_98_viola_complex.wav,60.00000178813934,20.000000596046448,41.03422254323959,28.375391364097595
stim_98_viola_complex.wav,64.9999988079071,20.000000596046448,41.36324644088745,27.796919345855713
stim_98_viola_complex.wav,30.00000089406967,40.000001192092896,40.85386008024216,29.059334993362427
stim_98_viola_complex.wav,5.000000037252903,0.0,40.76837807893753,28.396605849266052
stim_98_viola_complex.wav,64.9999988079071,10.000000298023224,41.12332820892334,28.4691059589386
stim_98_viola_complex.wav,20.000000149011612,30.0,40.642322301864624,28.400246500968933
stim_69_viola_complex.wav,30.00000089406967,10.000000298023224,31.448814868927002,37.69695997238159
stim_69_viola_complex.wav,20.000000149011612,30.0,29.98110204935074,28.07283103466034
stim_69_viola_complex.wav,50.00000238418579,30.0,26.630510687828064,30.68560481071472
stim_69_viola_complex.wav,35.00000059604645,30.0,51.99785113334656,29.194723963737488
stim_69_viola_complex.wav,20.000000149011612,10.000000298023224,32.28713124990463,28.49775195121765
stim_69_viola_complex.wav,0.0,0.0,10.611974895000458,30.024272203445435
stim_69_viola_complex.wav,50.00000238418579,30.0,43.47303718328476,27.544192671775818
stim_69_viola_complex.wav,84.99999761581421,20.000000596046448,73.96626949310303,43.943917751312256
stim_69_viola_complex.wav,74.99999821186066,10.000000298023224,46.55388951301575,28.78581404685974
stim_69_viola_complex.wav,54.99999940395355,30.0,53.28917920589447,32.19767689704895
stim_69_viola_complex.wav,90.0,30.0,62.34249293804169,26.219159960746765
stim_69_viola_complex.wav,30.00000089406967,20.000000596046448,33.9889258146286,28.84569525718689
stim_69_viola_complex.wav,30.00000089406967,20.000000596046448,39.46481913328171,26.092527508735657
stim_69_viola_complex.wav,30.00000089406967,20.000000596046448,40.93624413013458,18.494451642036438
stim_69_viola_complex.wav,50.00000238418579,30.0,43.99053454399109,28.58199656009674
stim_69_viola_complex.wav,35.00000059604645,60.0,41.1458158493042,30.60261368751526
stim_69_viola_complex.wav,20.000000149011612,30.0,21.924666166305542,30.439921617507935
stim_69_viola_complex.wav,35.00000059604645,49.999998807907104,35.18301844596863,32.231365442276
stim_69_viola_complex.wav,30.00000089406967,10.000000298023224,42.02728092670441,27.172118425369263
stim_69_viola_complex.wav,60.00000178813934,0.0,45.114262104034424,21.537312269210815
stim_69_viola_complex.wav,5.000000037252903,40.000001192092896,6.323275566101074,23.549038767814636
stim_69_viola_complex.wav,84.99999761581421,20.000000596046448,70.83707571029663,42.61421799659729
stim_69_viola_complex.wav,20.000000149011612,10.000000298023224,34.487489461898804,23.909082412719727
stim_69_viola_complex.wav,0.0,49.999998807907104,26.544840931892395,39.023587703704834
stim_69_viola_complex.wav,84.99999761581421,30.0,69.05752658843994,27.69165337085724
stim_69_viola_complex.wav,80.00000059604645,40.000001192092896,55.668856501579285,26.499415040016174
stim_69_viola_complex.wav,5.000000037252903,30.0,28.46134901046753,26.01056456565857
stim_69_viola_complex.wav,10.000000074505806,0.0,24.710370898246765,24.70070779323578
stim_69_viola_complex.wav,15.000000447034836,40.000001192092896,13.026491403579712,39.49005961418152
stim_69_viola_complex.wav,70.0000011920929,49.999998807907104,47.14561700820923,27.070956230163574
stim_69_viola_complex.wav,64.9999988079071,30.0,45.70812463760376,31.493890285491943
stim_69_viola_complex.wav,45.0,49.999998807907104,44.11600023508072,21.285903453826904
stim_69_viola_complex.wav,54.99999940395355,20.000000596046448,52.927730083465576,24.033814072608948
stim_69_viola_complex.wav,64.9999988079071,20.000000596046448,52.052101492881775,31.294026374816895
stim_69_viola_complex.wav,60.00000178813934,40.000001192092896,41.66347414255142,28.795770406723022
stim_69_viola_complex.wav,40.000000298023224,30.0,49.02801275253296,33.2408344745636
stim_69_viola_complex.wav,0.0,30.0,0.38308918476104736,29.018690586090088
stim_69_viola_complex.wav,90.0,60.0,47.17600643634796,28.983986377716064
stim_69_viola_complex.wav,5.000000037252903,30.0,8.430818617343903,31.793646812438965
stim_69_viola_complex.wav,40.000000298023224,40.000001192092896,32.34373927116394,18.443377017974854
stim_69_viola_complex.wav,60.00000178813934,40.000001192092896,49.000418186187744,32.899203300476074
stim_69_viola_complex.wav,45.0,30.0,42.09838628768921,33.84244680404663
stim_69_viola_complex.wav,80.00000059604645,49.999998807907104,52.75165915489197,27.050408720970154
stim_69_viola_complex.wav,54.99999940395355,20.000000596046448,62.07800567150116,40.258108377456665
stim_69_viola_complex.wav,0.0,40.000001192092896,17.648881673812866,29.58426833152771
stim_69_viola_complex.wav,60.00000178813934,49.999998807907104,49.507752656936646,33.78021955490112
stim_69_viola_complex.wav,25.000001192092896,40.000001192092896,23.462934494018555,42.074782848358154
stim_69_viola_complex.wav,45.0,10.000000298023224,41.30777299404144,28.52893888950348
stim_69_viola_complex.wav,15.000000447034836,40.000001192092896,13.939802348613739,32.23168730735779
stim_69_viola_complex.wav,70.0000011920929,40.000001192092896,41.576632261276245,28.397254943847656
stim_69_viola_complex.wav,20.000000149011612,20.000000596046448,32.27840602397919,27.343692183494568
stim_69_viola_complex.wav,20.000000149011612,20.000000596046448,23.549033403396606,22.821627259254456
stim_69_viola_complex.wav,45.0,30.0,41.04013949632645,33.51788520812988
stim_69_viola_complex.wav,20.000000149011612,20.000000596046448,26.423323452472687,19.404732584953308
stim_69_viola_complex.wav,30.00000089406967,10.000000298023224,34.963640570640564,25.34304141998291
stim_69_viola_complex.wav,35.00000059604645,0.0,33.42960208654404,23.410926461219788
stim_69_viola_complex.wav,30.00000089406967,49.999998807907104,30.229289531707764,31.045249700546265
stim_69_viola_complex.wav,15.000000447034836,0.0,21.18405193090439,20.81226646900177
stim_69_viola_complex.wav,40.000000298023224,0.0,41.713583171367645,20.862607955932617
stim_69_viola_complex.wav,70.0000011920929,60.0,67.39859104156494,39.37263607978821
stim_69_viola_complex.wav,70.0000011920929,49.999998807907104,39.996827244758606,28.106659054756165
stim_69_viola_complex.wav,0.0,40.000001192092896,22.68791288137436,29.11474049091339
stim_69_viola_complex.wav,35.00000059604645,49.999998807907104,30.420300364494324,33.74769687652588
stim_69_viola_complex.wav,64.9999988079071,0.0,57.19011425971985,32.497029304504395
stim_69_viola_complex.wav,45.0,30.0,38.71786952018738,31.570082902908325
stim_69_viola_complex.wav,30.00000089406967,60.0,28.97819995880127,30.516750812530518
stim_69_viola_complex.wav,15.000000447034836,10.000000298023224,37.11814105510712,28.239988088607788
stim_69_viola_complex.wav,70.0000011920929,0.0,51.64744198322296,32.023794651031494
stim_69_viola_complex.wav,80.00000059604645,49.999998807907104,48.003414273262024,27.065752744674683
stim_69_viola_complex.wav,15.000000447034836,49.999998807907104,26.40088677406311,27.190259099006653
stim_69_viola_complex.wav,54.99999940395355,20.000000596046448,52.66887009143829,19.935697317123413
stim_69_viola_complex.wav,30.00000089406967,10.000000298023224,33.080472350120544,32.59267330169678
stim_69_viola_complex.wav,60.00000178813934,60.0,64.1156530380249,39.10987615585327
stim_69_viola_complex.wav,40.000000298023224,60.0,41.15698456764221,20.17303705215454
stim_69_viola_complex.wav,70.0000011920929,49.999998807907104,44.69583749771118,32.752615213394165
stim_69_viola_complex.wav,80.00000059604645,60.0,71.97389245033264,43.6441969871521
stim_69_viola_complex.wav,84.99999761581421,10.000000298023224,57.64831602573395,31.902247667312622
stim_69_viola_complex.wav,54.99999940395355,30.0,56.93246126174927,38.67224335670471
stim_69_viola_complex.wav,20.000000149011612,0.0,26.691938638687134,24.52945590019226
stim_69_viola_complex.wav,80.00000059604645,10.000000298023224,46.66369378566742,24.80818212032318
stim_69_viola_complex.wav,70.0000011920929,60.0,55.58159351348877,30.037847757339478
stim_69_viola_complex.wav,25.000001192092896,60.0,38.138407766819,24.85665500164032
stim_69_viola_complex.wav,15.000000447034836,60.0,14.033030569553375,45.670509338378906
stim_69_viola_complex.wav,60.00000178813934,10.000000298023224,52.09737181663513,24.602891206741333
stim_69_viola_complex.wav,20.000000149011612,10.000000298023224,22.508904933929443,15.8741694688797
stim_69_viola_complex.wav,0.0,20.000000596046448,0.969892144203186,27.222846150398254
stim_69_viola_complex.wav,5.000000037252903,40.000001192092896,28.568693697452545,33.53654623031616
stim_69_viola_complex.wav,20.000000149011612,20.000000596046448,23.428891897201538,31.046297550201416
stim_69_viola_complex.wav,54.99999940395355,60.0,57.100088596343994,34.488762617111206
stim_69_viola_complex.wav,54.99999940395355,20.000000596046448,43.164639472961426,20.627464056015015
stim_69_viola_complex.wav,10.000000074505806,0.0,26.599651873111725,33.6324405670166
stim_69_viola_complex.wav,10.000000074505806,20.000000596046448,14.26513284444809,35.544490814208984
stim_69_viola_complex.wav,20.000000149011612,49.999998807907104,34.04819190502167,29.651659727096558
stim_69_viola_complex.wav,30.00000089406967,40.000001192092896,31.089988946914673,22.91086971759796
stim_62_viola_complex.wav,10.000000074505806,49.999998807907104,17.54799574613571,36.05710029602051
stim_62_viola_complex.wav,40.000000298023224,30.0,46.31580591201782,31.630189418792725
stim_62_viola_complex.wav,84.99999761581421,60.0,64.01474833488464,24.532209634780884
stim_62_viola_complex.wav,74.99999821186066,49.999998807907104,61.71250104904175,35.74518442153931
stim_62_viola_complex.wav,64.9999988079071,40.000001192092896,42.96885430812836,28.76054048538208
stim_62_viola_complex.wav,30.00000089406967,40.000001192092896,41.10780358314514,27.983450889587402
stim_62_viola_complex.wav,0.0,20.000000596046448,11.223129630088806,24.569490551948547
stim_62_viola_complex.wav,25.000001192092896,30.0,37.49344915151596,28.515653014183044
stim_62_viola_complex.wav,35.00000059604645,0.0,32.74450957775116,21.339823007583618
stim_62_viola_complex.wav,80.00000059604645,20.000000596046448,45.528722405433655,27.198559641838074
stim_62_viola_complex.wav,64.9999988079071,40.000001192092896,55.84966957569122,32.766194343566895
stim_62_viola_complex.wav,90.0,60.0,42.80392795801163,27.097182869911194
stim_62_viola_complex.wav,70.0000011920929,40.000001192092896,50.31442165374756,31.986783742904663
stim_62_viola_complex.wav,70.0000011920929,60.0,50.30367136001587,32.25906014442444
stim_62_viola_complex.wav,64.9999988079071,30.0,58.56013298034668,32.68097519874573
stim_62_viola_complex.wav,45.0,30.0,39.63604599237442,21.94701075553894
stim_62_viola_complex.wav,15.000000447034836,60.0,36.9610521197319,28.63956570625305
stim_62_viola_complex.wav,35.00000059604645,20.000000596046448,32.99511909484863,19.919646978378296
stim_62_viola_complex.wav,84.99999761581421,0.0,63.73361527919769,14.827355146408081
stim_62_viola_complex.wav,90.0,20.000000596046448,57.94395446777344,9.280044436454773
stim_62_viola_complex.wav,70.0000011920929,10.000000298023224,69.33055937290192,18.444376587867737
stim_62_viola_complex.wav,35.00000059604645,20.000000596046448,31.49322420358658,17.15698778629303
stim_62_viola_complex.wav,50.00000238418579,10.000000298023224,54.878586530685425,31.199694871902466
stim_62_viola_complex.wav,40.000000298023224,30.0,31.6397425532341,16.393834948539734
stim_62_viola_complex.wav,70.0000011920929,30.0,65.84226608276367,32.246235609054565
stim_62_viola_complex.wav,25.000001192092896,20.000000596046448,21.15152209997177,25.344514846801758
stim_62_viola_complex.wav,0.0,40.000001192092896,34.247978925704956,28.81051003932953
stim_62_viola_complex.wav,20.000000149011612,20.000000596046448,37.620424926280975,27.72913098335266
stim_62_viola_complex.wav,45.0,60.0,40.25670379400253,28.701506853103638
stim_62_viola_complex.wav,30.00000089406967,10.000000298023224,39.8021525144577,28.154978156089783
stim_62_viola_complex.wav,40.000000298023224,10.000000298023224,40.81254869699478,27.4907648563385
stim_62_viola_complex.wav,20.000000149011612,10.000000298023224,34.0737721323967,28.053807020187378
stim_62_viola_complex.wav,74.99999821186066,40.000001192092896,45.18475592136383,29.655500650405884
stim_62_viola_complex.wav,70.0000011920929,20.000000596046448,66.50464296340942,25.016326904296875
stim_62_viola_complex.wav,54.99999940395355,0.0,42.94787406921387,28.81660759449005
stim_62_viola_complex.wav,25.000001192092896,40.000001192092896,23.804076611995697,35.62126636505127
stim_62_viola_complex.wav,30.00000089406967,10.000000298023224,31.166402399539948,18.028905987739563
stim_62_viola_complex.wav,35.00000059604645,10.000000298023224,37.82701402902603,27.061715126037598
stim_62_viola_complex.wav,64.9999988079071,30.0,48.57632875442505,31.897956132888794
stim_62_viola_complex.wav,5.000000037252903,40.000001192092896,32.547898292541504,27.78725266456604
stim_62_viola_complex.wav,64.9999988079071,10.000000298023224,47.34465301036835,29.340498447418213
stim_62_viola_complex.wav,5.000000037252903,30.0,28.796072602272034,33.65816831588745
stim_62_viola_complex.wav,50.00000238418579,40.000001192092896,50.875802636146545,28.81976008415222
stim_62_viola_complex.wav,84.99999761581421,49.999998807907104,48.325520753860474,30.65029263496399
stim_62_viola_complex.wav,20.000000149011612,30.0,37.704308331012726,28.558530807495117
stim_62_viola_complex.wav,50.00000238418579,30.0,53.374704122543335,32.353631258010864
stim_62_viola_complex.wav,74.99999821186066,20.000000596046448,42.35077679157257,28.411197066307068
stim_62_viola_complex.wav,20.000000149011612,10.000000298023224,32.44932442903519,27.516939640045166
stim_62_viola_complex.wav,10.000000074505806,60.0,38.58427405357361,27.805386185646057
stim_62_viola_complex.wav,25.000001192092896,40.000001192092896,20.82649737596512,28.679468035697937
stim_62_viola_complex.wav,80.00000059604645,20.000000596046448,41.54236972332001,28.07407021522522
stim_62_viola_complex.wav,50.00000238418579,30.0,44.85410928726196,30.198014974594116
stim_62_viola_complex.wav,45.0,40.000001192092896,45.257277488708496,30.117191076278687
stim_62_viola_complex.wav,0.0,49.999998807907104,21.193778961896896,27.789283990859985
stim_62_viola_complex.wav,10.000000074505806,10.000000298023224,18.128369450569153,30.676127672195435
stim_62_viola_complex.wav,25.000001192092896,30.0,34.9844491481781,28.13117265701294
stim_62_viola_complex.wav,35.00000059604645,0.0,37.06687867641449,24.17425274848938
stim_62_viola_complex.wav,90.0,10.000000298023224,40.47193229198456,28.736793994903564
stim_62_viola_complex.wav,80.00000059604645,10.000000298023224,41.131224632263184,28.47993493080139
stim_62_viola_complex.wav,40.000000298023224,30.0,45.277528166770935,35.61166763305664
stim_62_viola_complex.wav,80.00000059604645,10.000000298023224,41.894626915454865,28.342394828796387
stim_62_viola_complex.wav,10.000000074505806,30.0,16.45913690328598,31.726316213607788
stim_62_viola_complex.wav,45.0,20.000000596046448,51.785168051719666,25.37055015563965
stim_62_viola_complex.wav,90.0,30.0,41.2440088391304,28.14708173274994
stim_62_viola_complex.wav,50.00000238418579,30.0,42.49255567789078,28.799827694892883
stim_62_viola_complex.wav,74.99999821186066,20.000000596046448,68.87163877487183,29.885669946670532
stim_62_viola_complex.wav,80.00000059604645,30.0,58.48073959350586,32.76909828186035
stim_62_viola_complex.wav,50.00000238418579,30.0,44.257548451423645,30.411239862442017
stim_62_viola_complex.wav,50.00000238418579,60.0,51.31485879421234,31.969603300094604
stim_62_viola_complex.wav,90.0,0.0,49.549927711486816,29.51742947101593
stim_62_viola_complex.wav,90.0,30.0,59.60262179374695,14.212848544120789
stim_62_viola_complex.wav,20.000000149011612,10.000000298023224,28.803293108940125,21.413989663124084
stim_62_viola_complex.wav,45.0,49.999998807907104,39.98702108860016,26.257640719413757
stim_62_viola_complex.wav,0.0,60.0,11.19720607995987,26.434861421585083
stim_62_viola_complex.wav,45.0,10.000000298023224,47.98836708068848,30.62219738960266
stim_62_viola_complex.wav,20.000000149011612,10.000000298023224,35.47070413827896,28.007163405418396
stim_62_viola_complex.wav,60.00000178813934,20.000000596046448,68.24623882770538,31.688833236694336
stim_62_viola_complex.wav,64.9999988079071,30.0,61.36190414428711,32.755937576293945
stim_62_viola_complex.wav,74.99999821186066,40.000001192092896,57.64170169830322,32.04808831214905
stim_62_viola_complex.wav,90.0,10.000000298023224,44.66599524021149,29.129927158355713
stim_62_viola_complex.wav,35.00000059604645,60.0,34.18378561735153,29.402718544006348
stim_62_viola_complex.wav,50.00000238418579,20.000000596046448,62.28773832321167,34.92044806480408
stim_62_viola_complex.wav,20.000000149011612,60.0,33.9130300283432,29.47956383228302
stim_62_viola_complex.wav,45.0,30.0,43.500757813453674,29.065968990325928
stim_62_viola_complex.wav,74.99999821186066,60.0,41.88695579767227,28.883458971977234
stim_62_viola_complex.wav,74.99999821186066,30.0,61.953545808792114,32.33064651489258
stim_62_viola_complex.wav,64.9999988079071,40.000001192092896,49.66351389884949,31.912593841552734
stim_62_viola_complex.wav,35.00000059604645,30.0,29.7079861164093,15.585286617279053
stim_62_viola_complex.wav,45.0,60.0,53.318994641304016,33.11322569847107
stim_62_viola_complex.wav,74.99999821186066,20.000000596046448,67.4711287021637,29.317944645881653
stim_62_viola_complex.wav,15.000000447034836,10.000000298023224,16.264137625694275,23.845489025115967
stim_62_viola_complex.wav,45.0,30.0,44.22212988138199,34.090737104415894
stim_62_viola_complex.wav,74.99999821186066,20.000000596046448,37.5810769200325,29.06100332736969
stim_62_viola_complex.wav,40.000000298023224,40.000001192092896,40.28281509876251,27.20690131187439
stim_62_viola_complex.wav,70.0000011920929,0.0,41.28802388906479,28.56492519378662
stim_62_viola_complex.wav,74.99999821186066,20.000000596046448,64.98837411403656,24.9106103181839
stim_62_viola_complex.wav,70.0000011920929,30.0,57.54895091056824,35.23658037185669
stim_62_viola_complex.wav,10.000000074505806,40.000001192092896,22.938766479492188,32.72965908050537
stim_62_viola_complex.wav,15.000000447034836,60.0,39.2814177274704,28.4701144695282
stim_62_viola_complex.wav,74.99999821186066,40.000001192092896,62.014732360839844,35.03798246383667
stim_62_viola_complex.wav,54.99999940395355,60.0,41.5811812877655,25.729748010635376
stim_62_viola_complex.wav,10.000000074505806,30.0,26.637012362480164,27.633240222930908
stim_62_viola_complex.wav,20.000000149011612,49.999998807907104,17.870563566684723,31.69129729270935
stim_62_viola_complex.wav,30.00000089406967,40.000001192092896,41.38417303562164,30.302549600601196
stim_62_viola_complex.wav,64.9999988079071,0.0,64.11658108234406,30.308783054351807
stim_62_viola_complex.wav,15.000000447034836,10.000000298023224,36.31187438964844,28.861677646636963
stim_62_viola_complex.wav,30.00000089406967,40.000001192092896,47.2811222076416,30.564093589782715
stim_62_viola_complex.wav,35.00000059604645,49.999998807907104,37.73960620164871,28.558550477027893
stim_62_viola_complex.wav,40.000000298023224,30.0,51.10344171524048,31.578433513641357
stim_62_viola_complex.wav,70.0000011920929,20.000000596046448,47.097042202949524,29.854248762130737
stim_62_viola_complex.wav,15.000000447034836,20.000000596046448,19.30410772562027,30.509387254714966
stim_62_viola_complex.wav,40.000000298023224,30.0,43.350776731967926,30.531209707260132
stim_62_viola_complex.wav,64.9999988079071,30.0,49.44315969944,31.762046813964844
stim_62_viola_complex.wav,45.0,20.000000596046448,49.73889470100403,29.64674413204193
stim_62_viola_complex.wav,35.00000059604645,49.999998807907104,30.79813778400421,35.532732009887695
stim_62_viola_complex.wav,84.99999761581421,20.000000596046448,69.39892888069153,32.28224158287048
stim_62_viola_complex.wav,80.00000059604645,10.000000298023224,41.914571821689606,28.717435598373413
stim_62_viola_complex.wav,10.000000074505806,20.000000596046448,29.02598351240158,31.139674186706543
stim_62_viola_complex.wav,25.000001192092896,20.000000596046448,29.455917477607727,24.72560405731201
stim_62_viola_complex.wav,50.00000238418579,30.0,52.60753333568573,33.77110719680786
stim_62_viola_complex.wav,80.00000059604645,60.0,66.86640858650208,33.90114068984985
stim_62_viola_complex.wav,80.00000059604645,49.999998807907104,47.4437016248703,30.60792088508606
stim_62_viola_complex.wav,70.0000011920929,49.999998807907104,41.568650007247925,28.400824069976807
stim_62_viola_complex.wav,35.00000059604645,0.0,43.844316601753235,29.55736756324768
stim_62_viola_complex.wav,25.000001192092896,20.000000596046448,28.04861605167389,21.30172848701477
stim_62_viola_complex.wav,0.0,60.0,39.33920055627823,28.833850622177124
stim_62_viola_complex.wav,60.00000178813934,30.0,66.21291518211365,27.892402410507202
stim_62_viola_complex.wav,84.99999761581421,10.000000298023224,40.556789338588715,28.574389815330505
stim_79_viola_complex.wav,30.00000089406967,40.000001192092896,33.04739534854889,28.70002806186676
stim_79_viola_complex.wav,64.9999988079071,49.999998807907104,39.28217679262161,22.315478324890137
stim_79_viola_complex.wav,0.0,30.0,27.433456778526306,29.545417428016663
stim_79_viola_complex.wav,35.00000059604645,49.999998807907104,40.1840615272522,28.947064876556396
stim_79_viola_complex.wav,45.0,40.000001192092896,41.73813879489899,29.045557379722595
stim_79_viola_complex.wav,74.99999821186066,0.0,56.5406334400177,19.951704740524292
stim_79_viola_complex.wav,90.0,60.0,57.71040380001068,30.75912594795227
stim_79_viola_complex.wav,20.000000149011612,0.0,23.84756326675415,29.098026752471924
stim_79_viola_complex.wav,5.000000037252903,40.000001192092896,11.802905201911926,26.826401352882385
stim_79_viola_complex.wav,25.000001192092896,20.000000596046448,41.9510954618454,28.49034011363983
stim_79_viola_complex.wav,25.000001192092896,0.0,35.82650452852249,28.111923336982727
stim_79_viola_complex.wav,54.99999940395355,60.0,42.844308614730835,28.765947818756104
stim_79_viola_complex.wav,64.9999988079071,49.999998807907104,38.72021645307541,28.520670533180237
stim_79_viola_complex.wav,45.0,20.000000596046448,38.8334459066391,28.783950805664062
stim_79_viola_complex.wav,50.00000238418579,10.000000298023224,46.152185797691345,27.291446328163147
stim_79_viola_complex.wav,60.00000178813934,60.0,41.115447878837585,28.943418860435486
stim_79_viola_complex.wav,5.000000037252903,49.999998807907104,38.75559210777283,29.30327296257019
stim_79_viola_complex.wav,40.000000298023224,20.000000596046448,48.767918944358826,29.674986004829407
stim_79_viola_complex.wav,54.99999940395355,30.0,47.97159254550934,25.460915565490723
stim_79_viola_complex.wav,84.99999761581421,20.000000596046448,41.4839968085289,28.8514244556427
stim_79_viola_complex.wav,30.00000089406967,49.999998807907104,27.651536464691162,34.09448862075806
stim_79_viola_complex.wav,30.00000089406967,20.000000596046448,34.32750105857849,35.488178730010986
stim_79_viola_complex.wav,90.0,40.000001192092896,60.165976881980896,21.064807176589966
stim_79_viola_complex.wav,50.00000238418579,60.0,45.806105732917786,31.012465953826904
stim_79_viola_complex.wav,64.9999988079071,30.0,55.997925996780396,29.316587448120117
stim_79_viola_complex.wav,60.00000178813934,0.0,46.561431884765625,27.665473222732544
stim_79_viola_complex.wav,10.000000074505806,10.000000298023224,35.86317837238312,29.453165531158447
stim_79_viola_complex.wav,35.00000059604645,30.0,40.67271173000336,28.39062988758087
stim_79_viola_complex.wav,84.99999761581421,0.0,48.03326725959778,26.496897339820862
stim_79_viola_complex.wav,20.000000149011612,20.000000596046448,38.07193994522095,28.37961494922638
stim_79_viola_complex.wav,10.000000074505806,10.000000298023224,32.03687846660614,29.17218267917633
stim_79_viola_complex.wav,60.00000178813934,0.0,44.29199606180191,25.24229407310486
stim_79_viola_complex.wav,5.000000037252903,40.000001192092896,23.390968143939972,27.891549468040466
stim_79_viola_complex.wav,90.0,10.000000298023224,37.559863328933716,33.43819856643677
stim_79_viola_complex.wav,45.0,60.0,47.84597396850586,34.56740856170654
stim_79_viola_complex.wav,50.00000238418579,0.0,47.91318476200104,26.883169412612915
stim_79_viola_complex.wav,64.9999988079071,20.000000596046448,55.915035009384155,30.80615758895874
stim_79_viola_complex.wav,40.000000298023224,60.0,38.277257680892944,29.398950934410095
stim_79_viola_complex.wav,10.000000074505806,20.000000596046448,26.75582081079483,30.041667222976685
stim_79_viola_complex.wav,20.000000149011612,30.0,28.637779355049133,24.656342267990112
stim_79_viola_complex.wav,60.00000178813934,60.0,36.42547398805618,29.12135124206543
stim_79_viola_complex.wav,54.99999940395355,30.0,44.06298905611038,31.104469299316406
stim_79_viola_complex.wav,70.0000011920929,10.000000298023224,40.803067088127136,28.648935556411743
stim_79_viola_complex.wav,35.00000059604645,40.000001192092896,39.17355000972748,28.47617268562317
stim_79_viola_complex.wav,70.0000011920929,10.000000298023224,42.23851829767227,28.59372854232788
stim_79_viola_complex.wav,74.99999821186066,60.0,43.743827641010284,29.673467874526978
stim_79_viola_complex.wav,35.00000059604645,0.0,38.86542320251465,28.81787896156311
stim_79_viola_complex.wav,30.00000089406967,60.0,40.98104238510132,32.28071451187134
stim_79_viola_complex.wav,35.00000059604645,0.0,42.57079839706421,28.963226079940796
stim_79_viola_complex.wav,35.00000059604645,60.0,43.894720673561096,29.211426973342896
stim_79_viola_complex.wav,10.000000074505806,60.0,32.308934926986694,30.542131662368774
stim_79_viola_complex.wav,20.000000149011612,40.000001192092896,19.785423427820206,25.12692153453827
stim_79_viola_complex.wav,54.99999940395355,40.000001192092896,43.504617512226105,28.43386709690094
stim_79_viola_complex.wav,90.0,40.000001192092896,57.22749352455139,21.699117422103882
stim_79_viola_complex.wav,50.00000238418579,49.999998807907104,41.73347443342209,29.250285029411316
stim_79_viola_complex.wav,0.0,30.0,17.235435247421265,29.23198699951172
stim_79_viola_complex.wav,64.9999988079071,20.000000596046448,43.234706819057465,28.902947902679443
stim_79_viola_complex.wav,70.0000011920929,60.0,42.789476215839386,29.410858154296875
stim_79_viola_complex.wav,64.9999988079071,0.0,40.851019620895386,28.42754602432251
stim_79_viola_complex.wav,80.00000059604645,10.000000298023224,51.67386174201965,24.785488843917847
stim_79_viola_complex.wav,80.00000059604645,20.000000596046448,53.609939217567444,28.48181962966919
stim_79_viola_complex.wav,40.000000298023224,40.000001192092896,38.51540297269821,28.79235327243805
stim_79_viola_complex.wav,30.00000089406967,49.999998807907104,26.60393536090851,27.652323246002197
stim_79_viola_complex.wav,30.00000089406967,40.000001192092896,27.379587292671204,30.522236824035645
stim_79_viola_complex.wav,64.9999988079071,10.000000298023224,41.58387154340744,28.44505548477173
stim_79_viola_complex.wav,25.000001192092896,40.000001192092896,32.26991146802902,27.259687185287476
stim_79_viola_complex.wav,20.000000149011612,60.0,39.71070259809494,28.408609628677368
stim_79_viola_complex.wav,20.000000149011612,30.0,38.12159299850464,28.839619159698486
stim_79_viola_complex.wav,25.000001192092896,49.999998807907104,30.806138813495636,35.86901664733887
stim_79_viola_complex.wav,40.000000298023224,10.000000298023224,41.77132844924927,28.32046151161194
stim_79_viola_complex.wav,60.00000178813934,40.000001192092896,37.72679328918457,28.334301710128784
stim_79_viola_complex.wav,25.000001192092896,0.0,32.398810386657715,30.21252751350403
stim_79_viola_complex.wav,25.000001192092896,40.000001192092896,26.832497119903564,22.926188707351685
stim_79_viola_complex.wav,40.000000298023224,10.000000298023224,42.67263650894165,27.761671543121338
stim_79_viola_complex.wav,45.0,49.999998807907104,44.067897498607635,28.172383904457092
stim_79_viola_complex.wav,50.00000238418579,30.0,39.00849223136902,28.231186866760254
stim_79_viola_complex.wav,80.00000059604645,20.000000596046448,42.53176420927048,28.483078479766846
stim_79_viola_complex.wav,20.000000149011612,0.0,28.756547570228577,23.055728673934937
stim_79_viola_complex.wav,64.9999988079071,10.000000298023224,36.60471796989441,29.780189394950867
stim_79_viola_complex.wav,54.99999940395355,60.0,44.07574564218521,28.065215349197388
stim_79_viola_complex.wav,20.000000149011612,30.0,29.085507094860077,25.654529929161072
stim_79_viola_complex.wav,80.00000059604645,30.0,38.56157720088959,28.329291343688965
stim_79_viola_complex.wav,80.00000059604645,60.0,55.18752872943878,30.80782413482666
stim_79_viola_complex.wav,70.0000011920929,60.0,46.959444880485535,29.781389236450195
stim_79_viola_complex.wav,40.000000298023224,30.0,39.87816095352173,28.473363518714905
stim_79_viola_complex.wav,5.000000037252903,10.000000298023224,14.310738444328308,25.271658897399902
stim_79_viola_complex.wav,84.99999761581421,20.000000596046448,41.57968997955322,28.584256768226624
stim_79_viola_complex.wav,15.000000447034836,60.0,36.60849183797836,28.71638596057892
stim_79_viola_complex.wav,54.99999940395355,10.000000298023224,43.1444451212883,27.657727003097534
stim_79_viola_complex.wav,64.9999988079071,40.000001192092896,42.14593917131424,28.7223619222641
stim_79_viola_complex.wav,80.00000059604645,0.0,42.410490810871124,28.458648920059204
stim_79_viola_complex.wav,84.99999761581421,40.000001192092896,55.479100942611694,30.44284701347351
stim_79_viola_complex.wav,74.99999821186066,60.0,54.392650723457336,33.0926513671875
stim_79_viola_complex.wav,60.00000178813934,0.0,42.689885795116425,27.279810905456543
stim_79_viola_complex.wav,50.00000238418579,30.0,43.90354514122009,28.736722469329834
stim_79_viola_complex.wav,90.0,10.000000298023224,37.77436763048172,29.364693760871887
stim_79_viola_complex.wav,45.0,49.999998807907104,36.14630699157715,33.856061697006226
stim_79_viola_complex.wav,15.000000447034836,40.000001192092896,21.250039637088776,33.101770877838135
stim_79_viola_complex.wav,50.00000238418579,60.0,48.44465374946594,29.603689312934875
stim_79_viola_complex.wav,25.000001192092896,60.0,37.89217829704285,31.26844882965088
stim_79_viola_complex.wav,20.000000149011612,30.0,26.45074635744095,24.820339679718018
stim_79_viola_complex.wav,54.99999940395355,0.0,43.966646790504456,27.381386160850525
stim_79_viola_complex.wav,64.9999988079071,20.000000596046448,41.94196254014969,28.32373023033142
stim_79_viola_complex.wav,40.000000298023224,10.000000298023224,43.59524130821228,28.902985453605652
stim_79_viola_complex.wav,45.0,40.000001192092896,38.4400999546051,28.361815810203552
stim_79_viola_complex.wav,30.00000089406967,60.0,43.46799463033676,28.84515345096588
stim_79_viola_complex.wav,25.000001192092896,49.999998807907104,37.55031198263168,29.585026502609253
stim_79_viola_complex.wav,25.000001192092896,40.000001192092896,22.308289110660553,29.629141688346863
stim_79_viola_complex.wav,90.0,10.000000298023224,35.50176680088043,32.183650732040405
stim_79_viola_complex.wav,64.9999988079071,49.999998807907104,46.26910865306854,33.262234926223755
stim_79_viola_complex.wav,84.99999761581421,40.000001192092896,42.57310509681702,28.91893208026886
stim_79_viola_complex.wav,5.000000037252903,30.0,31.889432072639465,26.935266852378845
stim_79_viola_complex.wav,40.000000298023224,49.999998807907104,41.40056401491165,28.53176772594452
stim_79_viola_complex.wav,74.99999821186066,60.0,42.306214570999146,28.391488194465637
stim_79_viola_complex.wav,40.000000298023224,60.0,42.42510348558426,28.65989863872528
stim_79_viola_complex.wav,80.00000059604645,0.0,47.50915288925171,26.765981912612915
stim_79_viola_complex.wav,64.9999988079071,40.000001192092896,47.670316100120544,30.501726865768433
stim_79_viola_complex.wav,80.00000059604645,10.000000298023224,51.94177687168121,25.66308617591858
stim_79_viola_complex.wav,15.000000447034836,10.000000298023224,23.38102787733078,27.255606651306152
stim_79_viola_complex.wav,70.0000011920929,40.000001192092896,40.95024526119232,28.313298225402832
stim_79_viola_complex.wav,10.000000074505806,20.000000596046448,36.13157361745834,28.746657371520996
stim_70_viola_complex.wav,0.0,10.000000298023224,35.9640508890152,30.436291694641113
stim_70_viola_complex.wav,54.99999940395355,60.0,43.806084394454956,28.47350299358368
stim_70_viola_complex.wav,84.99999761581421,40.000001192092896,47.57710933685303,27.633157968521118
stim_70_viola_complex.wav,80.00000059604645,49.999998807907104,70.81761360168457,21.467397809028625
stim_70_viola_complex.wav,90.0,10.000000298023224,65.06181299686432,9.04159963130951
stim_70_viola_complex.wav,20.000000149011612,10.000000298023224,35.550416707992554,28.142162561416626
stim_70_viola_complex.wav,74.99999821186066,40.000001192092896,47.654040455818176,27.65337109565735
stim_70_viola_complex.wav,20.000000149011612,0.0,30.50153911113739,26.477229595184326
stim_70_viola_complex.wav,15.000000447034836,20.000000596046448,20.64018040895462,28.365747928619385
stim_70_viola_complex.wav,64.9999988079071,30.0,58.21061432361603,27.191174626350403
stim_70_viola_complex.wav,70.0000011920929,40.000001192092896,53.82597506046295,35.23078680038452
stim_70_viola_complex.wav,80.00000059604645,40.000001192092896,54.39175486564636,20.965393781661987
stim_70_viola_complex.wav,74.99999821186066,49.999998807907104,54.051838517189026,31.526048183441162
stim_70_viola_complex.wav,74.99999821186066,10.000000298023224,75.76622486114502,19.10623848438263
stim_70_viola_complex.wav,5.000000037252903,0.0,6.120154559612274,19.42175567150116
stim_70_viola_complex.wav,10.000000074505806,40.000001192092896,21.675136238336563,34.010889530181885
stim_70_viola_complex.wav,84.99999761581421,40.000001192092896,58.87849509716034,27.747459411621094
stim_70_viola_complex.wav,30.00000089406967,30.0,36.73717349767685,23.281869292259216
stim_70_viola_complex.wav,30.00000089406967,40.000001192092896,45.39875864982605,26.79998517036438
stim_70_viola_complex.wav,5.000000037252903,40.000001192092896,11.388764083385468,24.048367738723755
stim_70_viola_complex.wav,35.00000059604645,49.999998807907104,42.017662525177,29.06257688999176
stim_70_viola_complex.wav,74.99999821186066,49.999998807907104,68.14840793609619,34.636183977127075
stim_70_viola_complex.wav,60.00000178813934,40.000001192092896,42.55803108215332,31.46074891090393
stim_70_viola_complex.wav,20.000000149011612,0.0,45.843576192855835,21.893919110298157
stim_70_viola_complex.wav,0.0,0.0,24.72609668970108,28.15167725086212
stim_70_viola_complex.wav,50.00000238418579,30.0,47.4799919128418,24.25237476825714
stim_70_viola_complex.wav,64.9999988079071,20.000000596046448,49.26915943622589,32.18939423561096
stim_70_viola_complex.wav,10.000000074505806,49.999998807907104,17.368185818195343,35.71621656417847
stim_70_viola_complex.wav,20.000000149011612,20.000000596046448,21.591691374778748,21.60588026046753
stim_70_viola_complex.wav,30.00000089406967,0.0,45.62014818191528,26.545674204826355
stim_70_viola_complex.wav,84.99999761581421,10.000000298023224,51.00881338119507,25.59282660484314
stim_70_viola_complex.wav,84.99999761581421,49.999998807907104,50.99325656890869,31.21309518814087
stim_70_viola_complex.wav,45.0,40.000001192092896,47.18934774398804,37.674922943115234
stim_70_viola_complex.wav,50.00000238418579,49.999998807907104,44.020974934101105,32.639830112457275
stim_70_viola_complex.wav,64.9999988079071,20.000000596046448,54.29301202297211,30.473023653030396
stim_70_viola_complex.wav,20.000000149011612,49.999998807907104,41.95906698703766,20.06032168865204
stim_70_viola_complex.wav,10.000000074505806,20.000000596046448,14.95900422334671,37.27474808692932
stim_70_viola_complex.wav,25.000001192092896,49.999998807907104,36.58537656068802,32.720521688461304
stim_70_viola_complex.wav,45.0,30.0,44.03352230787277,20.54408311843872
stim_70_viola_complex.wav,30.00000089406967,40.000001192092896,33.91621917486191,18.700679540634155
stim_70_viola_complex.wav,54.99999940395355,0.0,54.7408926486969,29.21172022819519
stim_70_viola_complex.wav,80.00000059604645,30.0,42.12566167116165,29.736708998680115
stim_70_viola_complex.wav,54.99999940395355,40.000001192092896,38.27343285083771,28.311517238616943
stim_70_viola_complex.wav,15.000000447034836,60.0,14.613154828548431,41.28454327583313
stim_70_viola_complex.wav,25.000001192092896,0.0,30.483477115631104,22.586485147476196
stim_70_viola_complex.wav,54.99999940395355,0.0,43.19821000099182,30.736570358276367
stim_70_viola_complex.wav,50.00000238418579,10.000000298023224,43.67172449827194,26.822969913482666
stim_70_viola_complex.wav,25.000001192092896,40.000001192092896,22.270491421222687,32.467968463897705
stim_70_viola_complex.wav,40.000000298023224,49.999998807907104,45.502978563308716,33.016852140426636
stim_70_viola_complex.wav,45.0,20.000000596046448,48.24646532535553,24.112170338630676
stim_70_viola_complex.wav,5.000000037252903,20.000000596046448,8.300852179527283,18.91008496284485
stim_70_viola_complex.wav,35.00000059604645,10.000000298023224,39.113074243068695,34.945921897888184
stim_70_viola_complex.wav,15.000000447034836,30.0,18.60508382320404,28.78965675830841
stim_70_viola_complex.wav,10.000000074505806,60.0,22.74895191192627,31.934877634048462
stim_70_viola_complex.wav,50.00000238418579,30.0,48.688761591911316,34.25129413604736
stim_70_viola_complex.wav,40.000000298023224,20.000000596046448,44.36564415693283,33.71891498565674
stim_70_viola_complex.wav,25.000001192092896,0.0,31.417323052883148,14.608376026153564
stim_70_viola_complex.wav,35.00000059604645,60.0,46.18479609489441,31.210570335388184
stim_70_viola_complex.wav,60.00000178813934,49.999998807907104,53.920024037361145,26.313235759735107
stim_70_viola_complex.wav,70.0000011920929,10.000000298023224,52.42653787136078,20.968653559684753
stim_70_viola_complex.wav,45.0,60.0,37.29552090167999,44.119791984558105
stim_70_viola_complex.wav,5.000000037252903,49.999998807907104,9.66458112001419,27.75644302368164
stim_70_viola_complex.wav,0.0,30.0,26.96573317050934,28.317675590515137
stim_70_viola_complex.wav,84.99999761581421,20.000000596046448,67.68611311912537,25.709903240203857
stim_70_viola_complex.wav,80.00000059604645,30.0,63.86082172393799,31.258453130722046
stim_70_viola_complex.wav,0.0,10.000000298023224,13.75975102186203,27.00708031654358
stim_70_viola_complex.wav,35.00000059604645,20.000000596046448,39.94878888130188,29.330880045890808
stim_70_viola_complex.wav,60.00000178813934,30.0,52.1181857585907,26.327587366104126
stim_70_viola_complex.wav,64.9999988079071,0.0,58.661842346191406,18.150004148483276
stim_70_viola_complex.wav,60.00000178813934,40.000001192092896,48.45762491226196,32.480435371398926
stim_70_viola_complex.wav,50.00000238418579,30.0,45.79394459724426,38.69685173034668
stim_70_viola_complex.wav,10.000000074505806,49.999998807907104,17.02772229909897,30.431960821151733
stim_70_viola_complex.wav,54.99999940395355,60.0,52.4362313747406,26.263200044631958
stim_70_viola_complex.wav,84.99999761581421,60.0,66.50678336620331,36.95347309112549
stim_70_viola_complex.wav,64.9999988079071,0.0,44.40781384706497,21.634551286697388
stim_70_viola_complex.wav,60.00000178813934,40.000001192092896,50.86370587348938,26.92244052886963
stim_70_viola_complex.wav,5.000000037252903,20.000000596046448,-1.9899603724479675,16.24449849128723
stim_70_viola_complex.wav,35.00000059604645,30.0,43.81741404533386,28.453112840652466
stim_70_viola_complex.wav,74.99999821186066,0.0,60.452646017074585,16.312508583068848
stim_70_viola_complex.wav,35.00000059604645,10.000000298023224,43.27018439769745,38.63367319107056
stim_70_viola_complex.wav,40.000000298023224,20.000000596046448,44.70103830099106,31.59195899963379
stim_70_viola_complex.wav,40.000000298023224,10.000000298023224,44.33177053928375,32.68471956253052
stim_70_viola_complex.wav,50.00000238418579,0.0,50.02016723155975,25.948793292045593
stim_70_viola_complex.wav,74.99999821186066,49.999998807907104,48.66860747337341,28.258389830589294
stim_70_viola_complex.wav,35.00000059604645,20.000000596046448,39.32224094867706,29.081938862800598
stim_70_viola_complex.wav,35.00000059604645,60.0,43.32212537527084,27.012396454811096
stim_70_viola_complex.wav,30.00000089406967,30.0,39.93241935968399,25.354267358779907
stim_70_viola_complex.wav,10.000000074505806,40.000001192092896,31.96694254875183,31.04423761367798
stim_70_viola_complex.wav,80.00000059604645,30.0,61.305824518203735,29.63438093662262
stim_70_viola_complex.wav,20.000000149011612,49.999998807907104,20.226326286792755,23.68747115135193
stim_70_viola_complex.wav,30.00000089406967,40.000001192092896,42.38153100013733,27.603750228881836
stim_70_viola_complex.wav,90.0,49.999998807907104,56.57265901565552,36.568236351013184
stim_70_viola_complex.wav,10.000000074505806,30.0,16.530226171016693,33.32174062728882
stim_70_viola_complex.wav,50.00000238418579,40.000001192092896,51.221104860305786,32.04615354537964
stim_70_viola_complex.wav,0.0,20.000000596046448,15.516664981842041,26.591824293136597
stim_70_viola_complex.wav,35.00000059604645,49.999998807907104,32.58667230606079,20.063894391059875
stim_70_viola_complex.wav,0.0,60.0,21.158699691295624,27.367098927497864
stim_70_viola_complex.wav,60.00000178813934,40.000001192092896,53.6711311340332,37.6673948764801
stim_70_viola_complex.wav,30.00000089406967,10.000000298023224,45.21955490112305,28.779813051223755
stim_70_viola_complex.wav,64.9999988079071,0.0,41.41008049249649,30.43511152267456
stim_70_viola_complex.wav,80.00000059604645,40.000001192092896,45.974639654159546,27.612944841384888
stim_70_viola_complex.wav,70.0000011920929,0.0,46.085050106048584,27.852383852005005
stim_70_viola_complex.wav,50.00000238418579,30.0,48.29146206378937,34.39966678619385
stim_70_viola_complex.wav,50.00000238418579,0.0,50.36849498748779,13.004713654518127
stim_70_viola_complex.wav,40.000000298023224,30.0,41.38536125421524,31.25728726387024
stim_70_viola_complex.wav,25.000001192092896,20.000000596046448,25.709222853183746,25.597844123840332
stim_70_viola_complex.wav,0.0,0.0,47.89031624794006,30.418660640716553
stim_70_viola_complex.wav,15.000000447034836,60.0,24.03332769870758,35.32971382141113
stim_70_viola_complex.wav,80.00000059604645,10.000000298023224,47.48985171318054,25.866318941116333
stim_70_viola_complex.wav,84.99999761581421,40.000001192092896,64.54800367355347,32.85394906997681
stim_70_viola_complex.wav,70.0000011920929,40.000001192092896,42.436060309410095,28.037288188934326
stim_70_viola_complex.wav,30.00000089406967,40.000001192092896,39.34773802757263,26.65109395980835
stim_70_viola_complex.wav,25.000001192092896,30.0,27.26445883512497,35.43184161186218
stim_70_viola_complex.wav,10.000000074505806,10.000000298023224,20.03793329000473,34.43247199058533
stim_70_viola_complex.wav,54.99999940395355,0.0,35.72545766830444,27.765483856201172
stim_70_viola_complex.wav,70.0000011920929,20.000000596046448,36.30661725997925,31.836029291152954
stim_70_viola_complex.wav,64.9999988079071,60.0,32.47617870569229,25.84503471851349
stim_70_viola_complex.wav,0.0,49.999998807907104,19.30311530828476,29.895286560058594
stim_70_viola_complex.wav,54.99999940395355,10.000000298023224,48.93509030342102,28.237674236297607
stim_70_viola_complex.wav,5.000000037252903,20.000000596046448,1.5944954752922058,21.47384762763977
stim_70_viola_complex.wav,30.00000089406967,0.0,40.05034267902374,25.221498012542725
stim_70_viola_complex.wav,25.000001192092896,10.000000298023224,43.580392599105835,28.274513483047485
stim_70_viola_complex.wav,25.000001192092896,60.0,33.754388093948364,28.098565936088562
stim_57_viola_complex.wav,60.00000178813934,30.0,42.73790001869202,29.3025004863739
stim_57_viola_complex.wav,0.0,40.000001192092896,40.848809480667114,28.462772369384766
stim_57_viola_complex.wav,25.000001192092896,0.0,25.931805968284607,16.04655146598816
stim_57_viola_complex.wav,10.000000074505806,49.999998807907104,33.52621257305145,29.678581953048706
stim_57_viola_complex.wav,35.00000059604645,30.0,29.60044026374817,22.175917625427246
stim_57_viola_complex.wav,45.0,30.0,46.45362854003906,32.42537498474121
stim_57_viola_complex.wav,50.00000238418579,20.000000596046448,42.27831155061722,30.397088527679443
stim_57_viola_complex.wav,30.00000089406967,40.000001192092896,35.4034423828125,25.88960587978363
stim_57_viola_complex.wav,25.000001192092896,10.000000298023224,39.450514912605286,29.143404364585876
stim_57_viola_complex.wav,70.0000011920929,20.000000596046448,53.76560389995575,32.78375029563904
stim_57_viola_complex.wav,54.99999940395355,30.0,47.9855078458786,30.865437984466553
stim_57_viola_complex.wav,35.00000059604645,30.0,39.79819893836975,28.89590084552765
stim_57_viola_complex.wav,20.000000149011612,49.999998807907104,26.22540593147278,25.47208607196808
stim_57_viola_complex.wav,10.000000074505806,40.000001192092896,16.641752421855927,39.839980602264404
stim_57_viola_complex.wav,0.0,30.0,35.65906763076782,28.88681709766388
stim_57_viola_complex.wav,50.00000238418579,30.0,41.87248796224594,32.01632380485535
stim_57_viola_complex.wav,25.000001192092896,40.000001192092896,36.129189133644104,28.49297046661377
stim_57_viola_complex.wav,0.0,49.999998807907104,30.29583513736725,28.598636984825134
stim_57_viola_complex.wav,30.00000089406967,10.000000298023224,29.610267877578735,24.67692196369171
stim_57_viola_complex.wav,30.00000089406967,20.000000596046448,35.649760365486145,28.93002212047577
stim_57_viola_complex.wav,45.0,30.0,40.20926892757416,28.606871366500854
stim_57_viola_complex.wav,84.99999761581421,10.000000298023224,57.15005815029144,21.833283305168152
stim_57_viola_complex.wav,5.000000037252903,40.000001192092896,14.87559825181961,28.632091283798218
stim_57_viola_complex.wav,64.9999988079071,10.000000298023224,43.962671756744385,31.61463975906372
stim_57_viola_complex.wav,0.0,49.999998807907104,26.711516082286835,27.084837555885315
stim_57_viola_complex.wav,40.000000298023224,60.0,37.1261340379715,28.75865936279297
stim_57_viola_complex.wav,54.99999940395355,49.999998807907104,39.077714681625366,38.764636516571045
stim_57_viola_complex.wav,74.99999821186066,60.0,40.678642094135284,28.819851279258728
stim_57_viola_complex.wav,80.00000059604645,0.0,35.662779808044434,28.430011868476868
stim_57_viola_complex.wav,0.0,10.000000298023224,38.21693480014801,29.338184595108032
stim_57_viola_complex.wav,20.000000149011612,20.000000596046448,26.221648156642914,22.957173585891724
stim_57_viola_complex.wav,74.99999821186066,0.0,53.007874488830566,22.54533290863037
stim_57_viola_complex.wav,84.99999761581421,0.0,39.102997183799744,24.87035572528839
stim_57_viola_complex.wav,70.0000011920929,10.000000298023224,37.83421576023102,28.129701018333435
stim_57_viola_complex.wav,45.0,49.999998807907104,37.89575636386871,28.887303471565247
stim_57_viola_complex.wav,25.000001192092896,40.000001192092896,41.07204705476761,28.739765882492065
stim_57_viola_complex.wav,25.000001192092896,49.999998807907104,26.781352758407593,32.935709953308105
stim_57_viola_complex.wav,70.0000011920929,60.0,42.9798299074173,29.18345868587494
stim_57_viola_complex.wav,80.00000059604645,30.0,45.24412393569946,31.43712043762207
stim_57_viola_complex.wav,35.00000059604645,30.0,36.598176062107086,28.876402974128723
stim_57_viola_complex.wav,60.00000178813934,60.0,60.75834810733795,34.20736312866211
stim_57_viola_complex.wav,84.99999761581421,0.0,32.502072751522064,29.13790762424469
stim_57_viola_complex.wav,84.99999761581421,49.999998807907104,39.236769676208496,28.79337430000305
stim_57_viola_complex.wav,64.9999988079071,10.000000298023224,51.01848542690277,37.68005132675171
stim_57_viola_complex.wav,50.00000238418579,0.0,57.84278690814972,31.774170398712158
stim_57_viola_complex.wav,64.9999988079071,30.0,46.030333042144775,29.407458901405334
stim_57_viola_complex.wav,74.99999821186066,40.000001192092896,37.047491669654846,28.97901177406311
stim_57_viola_complex.wav,5.000000037252903,40.000001192092896,38.4695640206337,30.577272176742554
stim_57_viola_complex.wav,10.000000074505806,20.000000596046448,15.638069808483124,35.151214599609375
stim_57_viola_complex.wav,90.0,49.999998807907104,41.84160768985748,30.039485692977905
stim_57_viola_complex.wav,15.000000447034836,20.000000596046448,32.71543711423874,29.115053415298462
stim_57_viola_complex.wav,90.0,20.000000596046448,40.383124351501465,28.486170172691345
stim_57_viola_complex.wav,70.0000011920929,0.0,50.024871826171875,31.343729496002197
stim_57_viola_complex.wav,0.0,60.0,18.741122782230377,29.73871886730194
stim_57_viola_complex.wav,54.99999940395355,10.000000298023224,56.75388514995575,29.728177785873413
stim_57_viola_complex.wav,0.0,49.999998807907104,20.023154318332672,29.912050366401672
stim_57_viola_complex.wav,74.99999821186066,49.999998807907104,69.18737769126892,44.790165424346924
stim_57_viola_complex.wav,64.9999988079071,40.000001192092896,54.42328691482544,37.0123028755188
stim_57_viola_complex.wav,5.000000037252903,40.000001192092896,33.39930385351181,29.733806848526
stim_57_viola_complex.wav,20.000000149011612,60.0,27.83951371908188,31.534724235534668
stim_57_viola_complex.wav,70.0000011920929,60.0,68.0504322052002,35.645631551742554
stim_57_viola_complex.wav,84.99999761581421,10.000000298023224,56.31765604019165,26.729766726493835
stim_57_viola_complex.wav,30.00000089406967,30.0,35.76719284057617,27.80976176261902
stim_57_viola_complex.wav,50.00000238418579,10.000000298023224,48.923261761665344,21.94605588912964
stim_57_viola_complex.wav,30.00000089406967,10.000000298023224,33.09933364391327,24.869415163993835
stim_57_viola_complex.wav,50.00000238418579,49.999998807907104,41.7750084400177,29.47137951850891
stim_57_viola_complex.wav,50.00000238418579,10.000000298023224,42.46965229511261,29.404301047325134
stim_57_viola_complex.wav,70.0000011920929,30.0,70.37790298461914,32.56159543991089
stim_57_viola_complex.wav,50.00000238418579,40.000001192092896,41.278142631053925,33.78936767578125
stim_57_viola_complex.wav,0.0,0.0,31.73151969909668,25.730963945388794
stim_57_viola_complex.wav,30.00000089406967,20.000000596046448,28.512412905693054,17.898446917533875
stim_57_viola_complex.wav,30.00000089406967,49.999998807907104,39.790356159210205,28.498613834381104
stim_57_viola_complex.wav,40.000000298023224,40.000001192092896,34.24957484006882,20.682270526885986
stim_57_viola_complex.wav,40.000000298023224,49.999998807907104,37.999321818351746,28.277181386947632
stim_57_viola_complex.wav,5.000000037252903,49.999998807907104,12.641511261463165,25.925315022468567
stim_57_viola_complex.wav,0.0,49.999998807907104,13.258062601089478,28.917278051376343
stim_57_viola_complex.wav,25.000001192092896,40.000001192092896,34.184482991695404,29.71512794494629
stim_57_viola_complex.wav,80.00000059604645,40.000001192092896,42.57576584815979,30.24163842201233
stim_57_viola_complex.wav,70.0000011920929,10.000000298023224,38.52081298828125,28.4257972240448
stim_57_viola_complex.wav,54.99999940395355,60.0,40.711080729961395,28.719711899757385
stim_57_viola_complex.wav,40.000000298023224,60.0,38.30738693475723,29.22955870628357
stim_57_viola_complex.wav,35.00000059604645,20.000000596046448,37.32455313205719,28.562604188919067
stim_57_viola_complex.wav,54.99999940395355,20.000000596046448,37.16114491224289,28.138076663017273
stim_57_viola_complex.wav,35.00000059604645,60.0,36.95285528898239,27.557162046432495
stim_57_viola_complex.wav,84.99999761581421,0.0,43.0163910984993,26.977463364601135
stim_57_viola_complex.wav,15.000000447034836,20.000000596046448,22.04093724489212,21.726819276809692
stim_57_viola_complex.wav,30.00000089406967,30.0,33.62070679664612,22.437779903411865
stim_57_viola_complex.wav,20.000000149011612,10.000000298023224,28.67989808320999,27.170847058296204
stim_57_viola_complex.wav,30.00000089406967,30.0,34.41925406455994,21.812807321548462
stim_57_viola_complex.wav,70.0000011920929,10.000000298023224,38.43240737915039,28.664735555648804
stim_57_viola_complex.wav,64.9999988079071,40.000001192092896,37.888570725917816,29.200696349143982
stim_57_viola_complex.wav,10.000000074505806,0.0,15.181327164173126,30.24938464164734
stim_57_viola_complex.wav,74.99999821186066,20.000000596046448,52.40959167480469,31.73094391822815
stim_57_viola_complex.wav,15.000000447034836,30.0,13.668475449085236,32.33654737472534
stim_57_viola_complex.wav,15.000000447034836,40.000001192092896,31.3422292470932,30.156326293945312
stim_57_viola_complex.wav,74.99999821186066,20.000000596046448,47.01847493648529,29.963940382003784
stim_57_viola_complex.wav,64.9999988079071,60.0,61.12974286079407,34.76050615310669
stim_57_viola_complex.wav,74.99999821186066,30.0,43.491099178791046,28.914615511894226
stim_57_viola_complex.wav,10.000000074505806,40.000001192092896,23.34419846534729,31.12427830696106
stim_57_viola_complex.wav,15.000000447034836,10.000000298023224,35.216194689273834,28.164097666740417
stim_57_viola_complex.wav,15.000000447034836,40.000001192092896,35.172820687294006,29.170498251914978
stim_57_viola_complex.wav,25.000001192092896,49.999998807907104,35.64733564853668,27.83207595348358
stim_57_viola_complex.wav,74.99999821186066,60.0,47.66062259674072,24.804418087005615
stim_57_viola_complex.wav,64.9999988079071,0.0,44.469045996665955,31.18485689163208
stim_57_viola_complex.wav,40.000000298023224,49.999998807907104,37.56948709487915,28.47709894180298
stim_57_viola_complex.wav,10.000000074505806,40.000001192092896,19.082345366477966,31.692970991134644
stim_57_viola_complex.wav,15.000000447034836,10.000000298023224,18.978758454322815,19.428083896636963
stim_57_viola_complex.wav,45.0,49.999998807907104,43.37531894445419,30.09557604789734
stim_57_viola_complex.wav,35.00000059604645,40.000001192092896,31.058676838874817,30.45728087425232
stim_57_viola_complex.wav,0.0,0.0,28.98106724023819,29.891889095306396
stim_57_viola_complex.wav,10.000000074505806,49.999998807907104,19.237763285636902,36.85393810272217
stim_57_viola_complex.wav,84.99999761581421,30.0,63.80803048610687,33.67754817008972
stim_57_viola_complex.wav,54.99999940395355,40.000001192092896,44.01317238807678,28.96777868270874
stim_57_viola_complex.wav,45.0,49.999998807907104,41.883981227874756,19.0425968170166
stim_57_viola_complex.wav,35.00000059604645,30.0,38.89328062534332,29.326677918434143
stim_57_viola_complex.wav,50.00000238418579,60.0,40.840580463409424,30.65326452255249
stim_57_viola_complex.wav,54.99999940395355,10.000000298023224,57.70600497722626,39.000771045684814
stim_57_viola_complex.wav,80.00000059604645,10.000000298023224,36.2387090921402,27.056109309196472
stim_57_viola_complex.wav,74.99999821186066,30.0,43.83573353290558,29.080166816711426
stim_57_viola_complex.wav,35.00000059604645,30.0,37.74694740772247,28.199418783187866
stim_57_viola_complex.wav,60.00000178813934,30.0,59.630430936813354,37.3028826713562
stim_57_viola_complex.wav,70.0000011920929,49.999998807907104,51.07665181159973,35.905587673187256
stim_57_viola_complex.wav,50.00000238418579,60.0,37.291623651981354,28.350518345832825
stim_57_viola_complex.wav,50.00000238418579,0.0,44.73157525062561,29.20196235179901
stim_57_viola_complex.wav,80.00000059604645,0.0,42.57172107696533,29.22630786895752
stim_57_viola_complex.wav,60.00000178813934,20.000000596046448,56.29121482372284,34.022018909454346
stim_57_viola_complex.wav,25.000001192092896,30.0,23.87977123260498,29.051073789596558
stim_96_viola_complex.wav,0.0,60.0,39.666797518730164,30.416311025619507
stim_96_viola_complex.wav,50.00000238418579,20.000000596046448,41.06226772069931,28.455267548561096
stim_96_viola_complex.wav,5.000000037252903,10.000000298023224,40.77868580818176,28.542703986167908
stim_96_viola_complex.wav,0.0,10.000000298023224,43.94804835319519,30.222980976104736
stim_96_viola_complex.wav,90.0,0.0,40.39576292037964,28.61902892589569
stim_96_viola_complex.wav,74.99999821186066,30.0,40.93522220849991,28.707969188690186
stim_96_viola_complex.wav,54.99999940395355,60.0,41.24077945947647,28.383999466896057
stim_96_viola_complex.wav,40.000000298023224,60.0,41.746914982795715,30.34979224205017
stim_96_viola_complex.wav,5.000000037252903,40.000001192092896,41.17509484291077,28.634687662124634
stim_96_viola_complex.wav,70.0000011920929,49.999998807907104,41.24775320291519,28.207014799118042
stim_96_viola_complex.wav,54.99999940395355,30.0,41.67959690093994,27.80149519443512
stim_96_viola_complex.wav,10.000000074505806,49.999998807907104,34.559206366539,29.53015387058258
stim_96_viola_complex.wav,15.000000447034836,10.000000298023224,37.90814280509949,28.74709904193878
stim_96_viola_complex.wav,35.00000059604645,10.000000298023224,40.74354887008667,28.426880836486816
stim_96_viola_complex.wav,84.99999761581421,49.999998807907104,45.26715874671936,29.40229296684265
stim_96_viola_complex.wav,45.0,20.000000596046448,40.65453439950943,28.44319760799408
stim_96_viola_complex.wav,15.000000447034836,40.000001192092896,35.538625717163086,28.549395203590393
stim_96_viola_complex.wav,40.000000298023224,30.0,40.97807049751282,28.716824054718018
stim_96_viola_complex.wav,84.99999761581421,30.0,41.502863466739655,28.470418453216553
stim_96_viola_complex.wav,50.00000238418579,40.000001192092896,40.40022075176239,29.15966033935547
stim_96_viola_complex.wav,5.000000037252903,0.0,38.52506160736084,28.93272042274475
stim_96_viola_complex.wav,40.000000298023224,60.0,41.448798179626465,29.559556245803833
stim_96_viola_complex.wav,50.00000238418579,40.000001192092896,40.874537229537964,29.51578438282013
stim_96_viola_complex.wav,54.99999940395355,30.0,40.957055389881134,28.46212148666382
stim_96_viola_complex.wav,64.9999988079071,40.000001192092896,46.83575749397278,28.433008790016174
stim_96_viola_complex.wav,45.0,0.0,42.99035221338272,28.576785922050476
stim_96_viola_complex.wav,84.99999761581421,20.000000596046448,37.36120283603668,28.716832995414734
stim_96_viola_complex.wav,84.99999761581421,30.0,39.259756207466125,28.751408457756042
stim_96_viola_complex.wav,84.99999761581421,49.999998807907104,40.74334770441055,28.46513271331787
stim_96_viola_complex.wav,50.00000238418579,10.000000298023224,40.54928719997406,28.429749011993408
stim_96_viola_complex.wav,15.000000447034836,0.0,40.76750636100769,28.505646586418152
stim_96_viola_complex.wav,15.000000447034836,60.0,37.27330684661865,30.038330554962158
stim_96_viola_complex.wav,70.0000011920929,20.000000596046448,39.16480600833893,27.748952507972717
stim_96_viola_complex.wav,74.99999821186066,0.0,40.534076392650604,28.22217285633087
stim_96_viola_complex.wav,25.000001192092896,40.000001192092896,40.41788578033447,28.44210147857666
stim_96_viola_complex.wav,70.0000011920929,60.0,41.34385943412781,28.49236249923706
stim_96_viola_complex.wav,10.000000074505806,20.000000596046448,32.798320055007935,30.558407306671143
stim_96_viola_complex.wav,70.0000011920929,60.0,41.96685343980789,28.45130681991577
stim_96_viola_complex.wav,30.00000089406967,0.0,40.803456008434296,28.410844802856445
stim_96_viola_complex.wav,15.000000447034836,60.0,38.30247312784195,30.391316413879395
stim_96_viola_complex.wav,40.000000298023224,49.999998807907104,41.20363622903824,28.432465195655823
stim_96_viola_complex.wav,80.00000059604645,30.0,41.61826819181442,28.451938033103943
stim_96_viola_complex.wav,80.00000059604645,60.0,38.13597232103348,28.66245210170746
stim_96_viola_complex.wav,10.000000074505806,20.000000596046448,41.47640883922577,28.52546989917755
stim_96_viola_complex.wav,74.99999821186066,0.0,44.725870192050934,26.848434805870056
stim_96_viola_complex.wav,30.00000089406967,0.0,40.50150364637375,28.453205823898315
stim_96_viola_complex.wav,20.000000149011612,10.000000298023224,40.56750476360321,28.440712094306946
stim_96_viola_complex.wav,5.000000037252903,40.000001192092896,38.197102546691895,28.779441118240356
stim_96_viola_complex.wav,5.000000037252903,60.0,40.6167796254158,28.71824562549591
stim_96_viola_complex.wav,15.000000447034836,60.0,34.78241175413132,31.689441204071045
stim_96_viola_complex.wav,25.000001192092896,20.000000596046448,40.38854777812958,28.45019280910492
stim_96_viola_complex.wav,70.0000011920929,60.0,41.30963176488876,28.56666326522827
stim_96_viola_complex.wav,54.99999940395355,49.999998807907104,41.53518944978714,29.008795022964478
stim_96_viola_complex.wav,15.000000447034836,30.0,41.01436346769333,28.551144003868103
stim_96_viola_complex.wav,30.00000089406967,0.0,39.297878444194794,28.497655391693115
stim_96_viola_complex.wav,45.0,20.000000596046448,41.7376908659935,28.84189546108246
stim_96_viola_complex.wav,35.00000059604645,49.999998807907104,39.95029628276825,28.288323283195496
stim_96_viola_complex.wav,70.0000011920929,20.000000596046448,38.51130723953247,28.323059678077698
stim_96_viola_complex.wav,70.0000011920929,20.000000596046448,38.59564393758774,28.409990072250366
stim_96_viola_complex.wav,80.00000059604645,30.0,41.18606239557266,28.47784996032715
stim_96_viola_complex.wav,15.000000447034836,49.999998807907104,40.86772710084915,28.581417202949524
stim_96_viola_complex.wav,74.99999821186066,10.000000298023224,40.70377975702286,28.43033015727997
stim_96_viola_complex.wav,54.99999940395355,49.999998807907104,40.97433686256409,28.947438597679138
stim_96_viola_complex.wav,70.0000011920929,20.000000596046448,40.890496373176575,28.421638011932373
stim_96_viola_complex.wav,30.00000089406967,49.999998807907104,40.830790400505066,28.415451049804688
stim_96_viola_complex.wav,80.00000059604645,30.0,41.31233274936676,28.542845249176025
stim_96_viola_complex.wav,64.9999988079071,0.0,40.97864717245102,28.533586263656616
stim_96_viola_complex.wav,84.99999761581421,10.000000298023224,42.456914484500885,27.19493865966797
stim_96_viola_complex.wav,84.99999761581421,49.999998807907104,41.808101534843445,28.65735948085785
stim_96_viola_complex.wav,50.00000238418579,60.0,41.318311393260956,28.563562631607056
stim_96_viola_complex.wav,25.000001192092896,10.000000298023224,40.85977703332901,28.4149968624115
stim_96_viola_complex.wav,0.0,20.000000596046448,42.064163982868195,28.484635949134827
stim_96_viola_complex.wav,30.00000089406967,20.000000596046448,40.7950285077095,28.419950008392334
stim_96_viola_complex.wav,50.00000238418579,30.0,38.44112455844879,28.35770845413208
stim_96_viola_complex.wav,60.00000178813934,20.000000596046448,41.27158731222153,28.414304852485657
stim_96_viola_complex.wav,80.00000059604645,30.0,41.92814379930496,29.876205325126648
stim_96_viola_complex.wav,15.000000447034836,10.000000298023224,40.952779948711395,28.534319400787354
stim_96_viola_complex.wav,25.000001192092896,30.0,39.36411291360855,28.568115234375
stim_96_viola_complex.wav,70.0000011920929,40.000001192092896,43.02970290184021,29.962120056152344
stim_96_viola_complex.wav,45.0,40.000001192092896,40.14645427465439,30.303443670272827
stim_96_viola_complex.wav,80.00000059604645,10.000000298023224,40.58423101902008,28.44173312187195
stim_96_viola_complex.wav,80.00000059604645,60.0,36.577228009700775,28.347228169441223
stim_96_viola_complex.wav,70.0000011920929,40.000001192092896,45.31889855861664,29.171032905578613
stim_96_viola_complex.wav,0.0,60.0,41.36112481355667,28.61445128917694
stim_96_viola_complex.wav,35.00000059604645,0.0,41.237558126449585,28.380417823791504
stim_96_viola_complex.wav,20.000000149011612,0.0,37.9933699965477,29.21646773815155
stim_96_viola_complex.wav,54.99999940395355,60.0,41.28590762615204,28.46620202064514
stim_96_viola_complex.wav,64.9999988079071,40.000001192092896,43.32721084356308,28.91764461994171
stim_96_viola_complex.wav,84.99999761581421,40.000001192092896,41.24610632658005,28.444624543190002
stim_96_viola_complex.wav,70.0000011920929,49.999998807907104,41.270771920681,28.606640696525574
stim_96_viola_complex.wav,50.00000238418579,0.0,40.73688626289368,28.513832688331604
stim_96_viola_complex.wav,45.0,10.000000298023224,41.07305824756622,28.516448736190796
stim_96_viola_complex.wav,40.000000298023224,20.000000596046448,40.88752716779709,28.39706003665924
stim_96_viola_complex.wav,45.0,20.000000596046448,41.25982046127319,28.43692123889923
stim_96_viola_complex.wav,64.9999988079071,10.000000298023224,41.689389646053314,28.512253761291504
stim_96_viola_complex.wav,80.00000059604645,60.0,40.47463595867157,28.455626964569092
stim_96_viola_complex.wav,64.9999988079071,0.0,41.33450925350189,28.35854709148407
stim_96_viola_complex.wav,15.000000447034836,30.0,40.376721918582916,28.453168272972107
stim_96_viola_complex.wav,54.99999940395355,60.0,41.53228998184204,28.330376744270325
stim_96_viola_complex.wav,20.000000149011612,60.0,41.02553218603134,28.5514497756958
stim_96_viola_complex.wav,80.00000059604645,10.000000298023224,41.29312813282013,28.36459457874298
stim_96_viola_complex.wav,35.00000059604645,60.0,41.61651134490967,28.380501866340637
stim_96_viola_complex.wav,90.0,30.0,41.257130205631256,28.365935683250427
stim_96_viola_complex.wav,70.0000011920929,30.0,41.59242242574692,29.22166407108307
stim_96_viola_complex.wav,5.000000037252903,30.0,35.38815647363663,28.77827525138855
stim_96_viola_complex.wav,35.00000059604645,0.0,41.908239126205444,30.75601816177368
stim_96_viola_complex.wav,70.0000011920929,60.0,40.729681849479675,28.435070514678955
stim_96_viola_complex.wav,60.00000178813934,60.0,41.05768382549286,28.395779728889465
stim_96_viola_complex.wav,5.000000037252903,40.000001192092896,39.407489597797394,28.659022450447083
stim_96_viola_complex.wav,84.99999761581421,10.000000298023224,40.65046012401581,28.569527864456177
stim_96_viola_complex.wav,45.0,0.0,42.02867031097412,28.203783631324768
stim_96_viola_complex.wav,45.0,10.000000298023224,40.77643543481827,28.427215218544006
stim_96_viola_complex.wav,64.9999988079071,20.000000596046448,40.89910089969635,28.558541536331177
stim_96_viola_complex.wav,70.0000011920929,20.000000596046448,40.75310558080673,28.430922031402588
stim_96_viola_complex.wav,60.00000178813934,40.000001192092896,41.63819968700409,28.642306923866272
stim_96_viola_complex.wav,70.0000011920929,20.000000596046448,40.74422746896744,28.427424430847168
stim_96_viola_complex.wav,15.000000447034836,49.999998807907104,40.73386877775192,28.469333052635193
stim_96_viola_complex.wav,70.0000011920929,30.0,41.18630111217499,28.575759530067444
stim_96_viola_complex.wav,45.0,30.0,41.00775182247162,28.710923194885254
stim_96_viola_complex.wav,40.000000298023224,10.000000298023224,40.55059880018234,28.04646670818329
stim_96_viola_complex.wav,64.9999988079071,10.000000298023224,41.34950280189514,28.43682110309601
stim_96_viola_complex.wav,54.99999940395355,60.0,41.61945104598999,25.955740213394165
stim_96_viola_complex.wav,35.00000059604645,0.0,40.93453824520111,28.403538465499878
stim_96_viola_complex.wav,15.000000447034836,20.000000596046448,40.799338817596436,28.42214047908783
stim_96_viola_complex.wav,0.0,60.0,40.899991393089294,28.421807885169983
stim_96_viola_complex.wav,25.000001192092896,49.999998807907104,40.53525924682617,28.436023592948914
stim_96_viola_complex.wav,84.99999761581421,10.000000298023224,40.73322504758835,28.429795503616333
stim_96_viola_complex.wav,64.9999988079071,0.0,40.78495413064957,28.417729139328003
stim_96_viola_complex.wav,64.9999988079071,0.0,43.214324712753296,28.09934377670288
stim_96_viola_complex.wav,40.000000298023224,49.999998807907104,40.67300409078598,28.4250408411026
stim_96_viola_complex.wav,30.00000089406967,40.000001192092896,40.15571862459183,28.711506128311157
stim_96_viola_complex.wav,35.00000059604645,0.0,40.51552355289459,28.432980179786682
stim_96_viola_complex.wav,20.000000149011612,49.999998807907104,41.31534218788147,28.47753345966339
stim_95_viola_complex.wav,54.99999940395355,30.0,40.83358258008957,30.375924110412598
stim_95_viola_complex.wav,35.00000059604645,10.000000298023224,40.94753086566925,28.394583463668823
stim_95_viola_complex.wav,45.0,10.000000298023224,42.161133885383606,26.99211359024048
stim_95_viola_complex.wav,90.0,30.0,41.11986815929413,28.359097838401794
stim_95_viola_complex.wav,84.99999761581421,30.0,39.600217044353485,25.58850109577179
stim_95_viola_complex.wav,40.000000298023224,10.000000298023224,40.95095872879028,28.389646410942078
stim_95_viola_complex.wav,50.00000238418579,0.0,43.38498294353485,26.818293929100037
stim_95_viola_complex.wav,0.0,10.000000298023224,41.00794494152069,28.401601910591125
stim_95_viola_complex.wav,80.00000059604645,0.0,45.52256941795349,26.338212490081787
stim_95_viola_complex.wav,60.00000178813934,40.000001192092896,42.0499724149704,30.65269947052002
stim_95_viola_complex.wav,50.00000238418579,20.000000596046448,40.16219347715378,28.450704216957092
stim_95_viola_complex.wav,84.99999761581421,49.999998807907104,45.64662158489227,30.221900939941406
stim_95_viola_complex.wav,70.0000011920929,30.0,40.86577981710434,28.391173481941223
stim_95_viola_complex.wav,45.0,30.0,40.92826992273331,28.397042155265808
stim_95_viola_complex.wav,30.00000089406967,30.0,41.03166103363037,28.3723121881485
stim_95_viola_complex.wav,35.00000059604645,10.000000298023224,40.67559510469437,28.414957523345947
stim_95_viola_complex.wav,25.000001192092896,60.0,41.015353202819824,28.376421332359314
stim_95_viola_complex.wav,20.000000149011612,0.0,40.80874800682068,28.404114246368408
stim_95_viola_complex.wav,20.000000149011612,40.000001192092896,27.602012157440186,21.55040144920349
stim_95_viola_complex.wav,0.0,10.000000298023224,37.9738649725914,30.135834217071533
stim_95_viola_complex.wav,35.00000059604645,60.0,42.1723347902298,29.117295742034912
stim_95_viola_complex.wav,74.99999821186066,40.000001192092896,41.05415940284729,28.376206755638123
stim_95_viola_complex.wav,30.00000089406967,49.999998807907104,42.49684989452362,23.78889799118042
stim_95_viola_complex.wav,54.99999940395355,0.0,41.27901166677475,28.35706114768982
stim_95_viola_complex.wav,54.99999940395355,40.000001192092896,41.18346065282822,28.367947340011597
stim_95_viola_complex.wav,40.000000298023224,10.000000298023224,40.573478043079376,28.453429341316223
stim_95_viola_complex.wav,15.000000447034836,30.0,40.624056458473206,28.41596782207489
stim_95_viola_complex.wav,74.99999821186066,49.999998807907104,40.86669445037842,28.401888012886047
stim_95_viola_complex.wav,10.000000074505806,49.999998807907104,40.76122462749481,28.398086428642273
stim_95_viola_complex.wav,20.000000149011612,30.0,30.188914239406586,24.790098667144775
stim_95_viola_complex.wav,84.99999761581421,10.000000298023224,40.6562939286232,26.105559468269348
stim_95_viola_complex.wav,30.00000089406967,49.999998807907104,40.820970833301544,28.402748107910156
stim_95_viola_complex.wav,70.0000011920929,49.999998807907104,42.40212231874466,30.13556957244873
stim_95_viola_complex.wav,45.0,40.000001192092896,40.804459154605865,29.666565656661987
stim_95_viola_complex.wav,40.000000298023224,20.000000596046448,41.38393700122833,28.3517324924469
stim_95_viola_complex.wav,20.000000149011612,10.000000298023224,40.409313440322876,28.432021737098694
stim_95_viola_complex.wav,74.99999821186066,40.000001192092896,41.10353082418442,28.38300347328186
stim_95_viola_complex.wav,35.00000059604645,49.999998807907104,41.59662812948227,25.876566767692566
stim_95_viola_complex.wav,74.99999821186066,60.0,40.216113924980164,28.444912433624268
stim_95_viola_complex.wav,10.000000074505806,49.999998807907104,40.52809774875641,28.442219495773315
stim_95_viola_complex.wav,5.000000037252903,0.0,41.13339185714722,28.446872234344482
stim_95_viola_complex.wav,84.99999761581421,30.0,40.6102591753006,28.43426764011383
stim_95_viola_complex.wav,80.00000059604645,10.000000298023224,41.43959283828735,28.33956241607666
stim_95_viola_complex.wav,64.9999988079071,10.000000298023224,45.822086334228516,21.98146641254425
stim_95_viola_complex.wav,40.000000298023224,10.000000298023224,40.66108703613281,28.408096432685852
stim_95_viola_complex.wav,70.0000011920929,49.999998807907104,41.3334846496582,28.351471424102783
stim_95_viola_complex.wav,5.000000037252903,60.0,39.171350598335266,28.948112726211548
stim_95_viola_complex.wav,70.0000011920929,60.0,47.53176927566528,30.04039764404297
stim_95_viola_complex.wav,64.9999988079071,40.000001192092896,41.13488584756851,28.526188731193542
stim_95_viola_complex.wav,64.9999988079071,49.999998807907104,40.8774796128273,28.400681018829346
stim_95_viola_complex.wav,40.000000298023224,40.000001192092896,40.01353472471237,28.453901410102844
stim_95_viola_complex.wav,0.0,0.0,40.815928280353546,28.411797881126404
stim_95_viola_complex.wav,90.0,49.999998807907104,44.26816999912262,27.165092825889587
stim_95_viola_complex.wav,80.00000059604645,10.000000298023224,41.243078112602234,28.357320427894592
stim_95_viola_complex.wav,25.000001192092896,0.0,41.782226264476776,28.026031851768494
stim_95_viola_complex.wav,40.000000298023224,20.000000596046448,40.8957776427269,28.391343355178833
stim_95_viola_complex.wav,54.99999940395355,10.000000298023224,41.43499284982681,28.340558409690857
stim_95_viola_complex.wav,20.000000149011612,20.000000596046448,40.73531448841095,28.409414291381836
stim_95_viola_complex.wav,35.00000059604645,0.0,40.99914997816086,28.375357389450073
stim_95_viola_complex.wav,90.0,10.000000298023224,39.62411284446716,28.464909195899963
stim_95_viola_complex.wav,60.00000178813934,20.000000596046448,46.6329824924469,30.429832935333252
stim_95_viola_complex.wav,60.00000178813934,49.999998807907104,39.18977737426758,23.460123538970947
stim_95_viola_complex.wav,84.99999761581421,20.000000596046448,40.41774898767471,28.448660373687744
stim_95_viola_complex.wav,80.00000059604645,30.0,41.639792919158936,28.76927375793457
stim_95_viola_complex.wav,20.000000149011612,20.000000596046448,37.89744347333908,22.044103145599365
stim_95_viola_complex.wav,10.000000074505806,0.0,40.96460044384003,28.47798764705658
stim_95_viola_complex.wav,30.00000089406967,49.999998807907104,31.098011434078217,25.588102340698242
stim_95_viola_complex.wav,15.000000447034836,60.0,40.22574305534363,28.42112123966217
stim_95_viola_complex.wav,10.000000074505806,30.0,40.898231863975525,28.46304416656494
stim_95_viola_complex.wav,5.000000037252903,10.000000298023224,40.44458717107773,28.435776829719543
stim_95_viola_complex.wav,25.000001192092896,20.000000596046448,41.02560192346573,28.388609290122986
stim_95_viola_complex.wav,25.000001192092896,49.999998807907104,39.76426899433136,24.52415406703949
stim_95_viola_complex.wav,64.9999988079071,60.0,47.111756801605225,29.479699730873108
stim_95_viola_complex.wav,84.99999761581421,10.000000298023224,36.77744150161743,25.641809105873108
stim_95_viola_complex.wav,40.000000298023224,0.0,39.52005922794342,25.274786353111267
stim_95_viola_complex.wav,54.99999940395355,60.0,40.81343114376068,28.413219451904297
stim_95_viola_complex.wav,80.00000059604645,30.0,51.84905827045441,31.541333198547363
stim_95_viola_complex.wav,84.99999761581421,40.000001192092896,53.815648555755615,29.54703390598297
stim_95_viola_complex.wav,50.00000238418579,20.000000596046448,40.792107582092285,28.413952589035034
stim_95_viola_complex.wav,30.00000089406967,60.0,39.692098796367645,28.355267643928528
stim_95_viola_complex.wav,10.000000074505806,30.0,30.648980140686035,30.20019292831421
stim_95_viola_complex.wav,30.00000089406967,0.0,41.17026686668396,28.356791138648987
stim_95_viola_complex.wav,84.99999761581421,20.000000596046448,40.747027695178986,28.406376242637634
stim_95_viola_complex.wav,74.99999821186066,40.000001192092896,52.67447054386139,28.746918439865112
stim_95_viola_complex.wav,5.000000037252903,60.0,40.3630667924881,28.53385090827942
stim_95_viola_complex.wav,40.000000298023224,10.000000298023224,41.188629269599915,28.360310196876526
stim_95_viola_complex.wav,64.9999988079071,30.0,41.166299879550934,28.36142599582672
stim_95_viola_complex.wav,50.00000238418579,10.000000298023224,41.07774943113327,28.378960490226746
stim_95_viola_complex.wav,35.00000059604645,10.000000298023224,40.90636432170868,24.697707295417786
stim_95_viola_complex.wav,64.9999988079071,20.000000596046448,41.28632873296738,28.358795642852783
stim_95_viola_complex.wav,70.0000011920929,60.0,40.43272376060486,28.436397314071655
stim_95_viola_complex.wav,60.00000178813934,0.0,40.95482647418976,28.389347791671753
stim_95_viola_complex.wav,0.0,49.999998807907104,41.17585390806198,28.35516929626465
stim_95_viola_complex.wav,10.000000074505806,0.0,40.29732048511505,28.533765077590942
stim_95_viola_complex.wav,70.0000011920929,60.0,41.50085985660553,28.334144353866577
stim_95_viola_complex.wav,20.000000149011612,20.000000596046448,40.851902067661285,28.400859832763672
stim_95_viola_complex.wav,25.000001192092896,60.0,40.64014971256256,27.39360809326172
stim_95_viola_complex.wav,50.00000238418579,40.000001192092896,40.237029790878296,24.6286940574646
stim_95_viola_complex.wav,25.000001192092896,60.0,40.82786679267883,28.40358316898346
stim_95_viola_complex.wav,0.0,40.000001192092896,28.827985525131226,29.345574975013733
stim_95_viola_complex.wav,60.00000178813934,0.0,40.83437383174896,28.407252430915833
stim_95_viola_complex.wav,0.0,49.999998807907104,40.637531876564026,28.42157006263733
stim_95_viola_complex.wav,80.00000059604645,30.0,45.590670704841614,29.642756581306458
stim_95_viola_complex.wav,54.99999940395355,49.999998807907104,40.90936839580536,22.948134541511536
stim_95_viola_complex.wav,45.0,30.0,40.5407577753067,28.420094847679138
stim_95_viola_complex.wav,20.000000149011612,30.0,31.39085501432419,24.583620429039
stim_95_viola_complex.wav,60.00000178813934,10.000000298023224,41.43046259880066,28.342101573944092
stim_95_viola_complex.wav,15.000000447034836,0.0,31.698930859565735,24.23532485961914
stim_95_viola_complex.wav,84.99999761581421,60.0,40.890989899635315,28.391903042793274
stim_95_viola_complex.wav,15.000000447034836,0.0,40.62761306762695,28.42395007610321
stim_95_viola_complex.wav,84.99999761581421,40.000001192092896,41.35617882013321,28.34727108478546
stim_95_viola_complex.wav,54.99999940395355,30.0,41.07069790363312,28.382415175437927
stim_95_viola_complex.wav,30.00000089406967,20.000000596046448,40.02048432826996,28.458105325698853
stim_95_viola_complex.wav,45.0,20.000000596046448,40.870299339294434,28.401415944099426
stim_95_viola_complex.wav,30.00000089406967,30.0,34.26536500453949,27.734550833702087
stim_95_viola_complex.wav,50.00000238418579,40.000001192092896,40.5322927236557,28.422163724899292
stim_95_viola_complex.wav,80.00000059604645,0.0,44.393769800662994,29.907857179641724
stim_95_viola_complex.wav,50.00000238418579,10.000000298023224,41.11589848995209,28.37972402572632
stim_95_viola_complex.wav,80.00000059604645,49.999998807907104,40.89831501245499,28.388890027999878
stim_95_viola_complex.wav,30.00000089406967,0.0,39.4978129863739,24.905853867530823
stim_95_viola_complex.wav,15.000000447034836,49.999998807907104,32.295169830322266,30.241835117340088
stim_95_viola_complex.wav,45.0,0.0,39.46547895669937,28.201752305030823
stim_95_viola_complex.wav,90.0,10.000000298023224,38.21880966424942,28.953214287757874
stim_95_viola_complex.wav,80.00000059604645,49.999998807907104,48.84877145290375,32.28880047798157
stim_95_viola_complex.wav,74.99999821186066,30.0,48.32032799720764,29.66019093990326
stim_63_viola_complex.wav,64.9999988079071,49.999998807907104,47.456844449043274,31.30057454109192
stim_63_viola_complex.wav,84.99999761581421,10.000000298023224,62.177006006240845,16.577028036117554
stim_63_viola_complex.wav,74.99999821186066,20.000000596046448,43.73973459005356,17.65392780303955
stim_63_viola_complex.wav,15.000000447034836,49.999998807907104,13.75876396894455,36.45855903625488
stim_63_viola_complex.wav,0.0,49.999998807907104,4.308488667011261,37.914830446243286
stim_63_viola_complex.wav,20.000000149011612,20.000000596046448,34.79192554950714,28.331151008605957
stim_63_viola_complex.wav,74.99999821186066,60.0,50.7109272480011,32.03496336936951
stim_63_viola_complex.wav,25.000001192092896,40.000001192092896,36.95224642753601,27.565868496894836
stim_63_viola_complex.wav,50.00000238418579,40.000001192092896,47.63328015804291,35.26303052902222
stim_63_viola_complex.wav,50.00000238418579,60.0,56.37663245201111,37.151920795440674
stim_63_viola_complex.wav,90.0,30.0,38.82880300283432,27.704227566719055
stim_63_viola_complex.wav,74.99999821186066,40.000001192092896,43.65930050611496,28.022544980049133
stim_63_viola_complex.wav,15.000000447034836,49.999998807907104,17.863152623176575,24.119696617126465
stim_63_viola_complex.wav,60.00000178813934,30.0,57.087836265563965,25.715627074241638
stim_63_viola_complex.wav,15.000000447034836,40.000001192092896,22.353303283452988,27.494078278541565
stim_63_viola_complex.wav,70.0000011920929,20.000000596046448,47.30716645717621,20.76520264148712
stim_63_viola_complex.wav,90.0,0.0,40.97595691680908,28.488308787345886
stim_63_viola_complex.wav,90.0,20.000000596046448,67.03310251235962,18.81534218788147
stim_63_viola_complex.wav,54.99999940395355,0.0,44.567770063877106,26.61765217781067
stim_63_viola_complex.wav,40.000000298023224,49.999998807907104,40.84425777196884,27.300689220428467
stim_63_viola_complex.wav,10.000000074505806,60.0,27.005454003810883,31.62280797958374
stim_63_viola_complex.wav,0.0,30.0,20.533527731895447,27.367275953292847
stim_63_viola_complex.wav,80.00000059604645,60.0,50.45647144317627,26.75511360168457
stim_63_viola_complex.wav,5.000000037252903,49.999998807907104,40.36945044994354,29.46086883544922
stim_63_viola_complex.wav,5.000000037252903,40.000001192092896,24.570225477218628,27.607280015945435
stim_63_viola_complex.wav,84.99999761581421,40.000001192092896,62.24984407424927,30.619053840637207
stim_63_viola_complex.wav,80.00000059604645,49.999998807907104,69.87752079963684,38.13321232795715
stim_63_viola_complex.wav,15.000000447034836,0.0,29.273419976234436,31.60451889038086
stim_63_viola_complex.wav,15.000000447034836,60.0,12.300768792629242,43.2642138004303
stim_63_viola_complex.wav,35.00000059604645,0.0,38.36401641368866,18.638402223587036
stim_63_viola_complex.wav,40.000000298023224,30.0,49.47069525718689,32.31473207473755
stim_63_viola_complex.wav,40.000000298023224,60.0,40.458494424819946,34.29492115974426
stim_63_viola_complex.wav,0.0,60.0,29.21763002872467,31.162701845169067
stim_63_viola_complex.wav,25.000001192092896,40.000001192092896,28.586235344409943,24.230618476867676
stim_63_viola_complex.wav,50.00000238418579,10.000000298023224,42.289032340049744,22.004753351211548
stim_63_viola_complex.wav,45.0,60.0,46.71108841896057,20.147205591201782
stim_63_viola_complex.wav,15.000000447034836,30.0,23.66077959537506,31.075844764709473
stim_63_viola_complex.wav,40.000000298023224,30.0,47.784626483917236,35.5273175239563
stim_63_viola_complex.wav,35.00000059604645,30.0,36.49714797735214,28.343710899353027
stim_63_viola_complex.wav,60.00000178813934,49.999998807907104,37.624163925647736,28.930140137672424
stim_63_viola_complex.wav,35.00000059604645,30.0,42.51293241977692,24.647247791290283
stim_63_viola_complex.wav,64.9999988079071,0.0,60.166497230529785,23.54374587535858
stim_63_viola_complex.wav,54.99999940395355,30.0,52.72316336631775,34.4709849357605
stim_63_viola_complex.wav,5.000000037252903,60.0,13.708719313144684,34.33622360229492
stim_63_viola_complex.wav,25.000001192092896,40.000001192092896,33.0810409784317,29.43297564983368
stim_63_viola_complex.wav,84.99999761581421,20.000000596046448,42.64492928981781,28.011662364006042
stim_63_viola_complex.wav,10.000000074505806,40.000001192092896,14.636484682559967,37.94919490814209
stim_63_viola_complex.wav,15.000000447034836,40.000001192092896,20.884056240320206,32.86551117897034
stim_63_viola_complex.wav,64.9999988079071,0.0,51.05904042720795,31.282421350479126
stim_63_viola_complex.wav,0.0,40.000001192092896,6.20690256357193,28.054656386375427
stim_63_viola_complex.wav,54.99999940395355,40.000001192092896,36.867252588272095,30.004667043685913
stim_63_viola_complex.wav,84.99999761581421,20.000000596046448,56.327011585235596,25.794602036476135
stim_63_viola_complex.wav,84.99999761581421,30.0,71.72419488430023,22.798444032669067
stim_63_viola_complex.wav,40.000000298023224,20.000000596046448,44.51703876256943,29.935641288757324
stim_63_viola_complex.wav,45.0,40.000001192092896,44.68291461467743,26.624777913093567
stim_63_viola_complex.wav,50.00000238418579,10.000000298023224,50.89993715286255,16.91001534461975
stim_63_viola_complex.wav,35.00000059604645,60.0,44.269680082798004,38.34099769592285
stim_63_viola_complex.wav,10.000000074505806,0.0,21.853422671556473,27.682430148124695
stim_63_viola_complex.wav,50.00000238418579,20.000000596046448,42.84233719110489,28.793009519577026
stim_63_viola_complex.wav,74.99999821186066,20.000000596046448,57.35868573188782,22.638720273971558
stim_63_viola_complex.wav,60.00000178813934,40.000001192092896,55.02197206020355,37.72594213485718
stim_63_viola_complex.wav,40.000000298023224,0.0,54.632863998413086,33.75976324081421
stim_63_viola_complex.wav,70.0000011920929,20.000000596046448,44.87561792135239,26.080498695373535
stim_63_viola_complex.wav,74.99999821186066,60.0,62.12172031402588,33.95472764968872
stim_63_viola_complex.wav,0.0,0.0,30.65959095954895,26.043219566345215
stim_63_viola_complex.wav,60.00000178813934,49.999998807907104,37.64572352170944,26.073938012123108
stim_63_viola_complex.wav,25.000001192092896,0.0,30.489195585250854,15.952321887016296
stim_63_viola_complex.wav,40.000000298023224,49.999998807907104,42.36760765314102,31.915526390075684
stim_63_viola_complex.wav,60.00000178813934,30.0,38.906114995479584,25.188249349594116
stim_63_viola_complex.wav,74.99999821186066,10.000000298023224,46.17833733558655,28.754366040229797
stim_63_viola_complex.wav,80.00000059604645,20.000000596046448,42.040278911590576,29.227341413497925
stim_63_viola_complex.wav,74.99999821186066,40.000001192092896,66.87581777572632,34.73269701004028
stim_63_viola_complex.wav,5.000000037252903,60.0,14.510485231876373,33.39927077293396
stim_63_viola_complex.wav,10.000000074505806,30.0,15.631707608699799,33.1966495513916
stim_63_viola_complex.wav,70.0000011920929,40.000001192092896,48.81232023239136,30.135033130645752
stim_63_viola_complex.wav,74.99999821186066,49.999998807907104,67.82130718231201,37.51018166542053
stim_63_viola_complex.wav,64.9999988079071,30.0,42.13727027177811,28.694702982902527
stim_63_viola_complex.wav,35.00000059604645,60.0,38.72978389263153,30.070838928222656
stim_63_viola_complex.wav,15.000000447034836,30.0,20.43043166399002,33.047776222229004
stim_63_viola_complex.wav,90.0,49.999998807907104,42.824556827545166,29.267292022705078
stim_63_viola_complex.wav,70.0000011920929,20.000000596046448,59.667617082595825,19.291276931762695
stim_63_viola_complex.wav,70.0000011920929,49.999998807907104,52.39126682281494,34.89966630935669
stim_63_viola_complex.wav,40.000000298023224,40.000001192092896,36.135406494140625,26.259108781814575
stim_63_viola_complex.wav,80.00000059604645,20.000000596046448,58.135748505592346,25.336289405822754
stim_63_viola_complex.wav,40.000000298023224,60.0,32.97564625740051,23.7345153093338
stim_63_viola_complex.wav,40.000000298023224,0.0,38.186577558517456,29.981321096420288
stim_63_viola_complex.wav,40.000000298023224,40.000001192092896,39.8006209731102,21.687737703323364
stim_63_viola_complex.wav,64.9999988079071,60.0,41.220295429229736,27.247045040130615
stim_63_viola_complex.wav,74.99999821186066,20.000000596046448,43.576790392398834,25.150054693222046
stim_63_viola_complex.wav,25.000001192092896,40.000001192092896,29.830241203308105,27.318170070648193
stim_63_viola_complex.wav,30.00000089406967,0.0,41.87940001487732,28.39174211025238
stim_63_viola_complex.wav,0.0,10.000000298023224,23.32781821489334,28.55052888393402
stim_63_viola_complex.wav,45.0,30.0,40.27707517147064,31.237252950668335
stim_63_viola_complex.wav,10.000000074505806,10.000000298023224,21.9383105635643,27.428340911865234
stim_63_viola_complex.wav,5.000000037252903,60.0,30.875895023345947,31.39812469482422
stim_63_viola_complex.wav,54.99999940395355,30.0,57.689069509506226,30.484750270843506
stim_63_viola_complex.wav,74.99999821186066,60.0,49.400893449783325,30.91968297958374
stim_63_viola_complex.wav,70.0000011920929,60.0,64.90199089050293,29.322919249534607
stim_63_viola_complex.wav,0.0,0.0,3.5488656163215637,28.368133306503296
stim_63_viola_complex.wav,40.000000298023224,40.000001192092896,40.73985278606415,26.131111979484558
stim_63_viola_complex.wav,60.00000178813934,40.000001192092896,45.831618905067444,34.60822105407715
stim_63_viola_complex.wav,25.000001192092896,0.0,37.50812083482742,23.82103443145752
stim_63_viola_complex.wav,25.000001192092896,49.999998807907104,32.64554411172867,35.24789571762085
stim_63_viola_complex.wav,54.99999940395355,20.000000596046448,47.487802505493164,26.703616976737976
stim_63_viola_complex.wav,50.00000238418579,49.999998807907104,42.968929409980774,22.314248085021973
stim_63_viola_complex.wav,0.0,0.0,31.106481850147247,28.293433785438538
stim_63_viola_complex.wav,30.00000089406967,60.0,31.058175265789032,24.467432498931885
stim_63_viola_complex.wav,54.99999940395355,49.999998807907104,42.427552342414856,28.49953830242157
stim_63_viola_complex.wav,64.9999988079071,60.0,58.52198660373688,36.72841787338257
stim_63_viola_complex.wav,15.000000447034836,60.0,28.843021988868713,31.65998339653015
stim_74_viola_complex.wav,15.000000447034836,40.000001192092896,36.99402987957001,29.111117720603943
stim_74_viola_complex.wav,15.000000447034836,10.000000298023224,38.8419109582901,28.613678812980652
stim_74_viola_complex.wav,60.00000178813934,49.999998807907104,45.983877182006836,29.808960556983948
stim_74_viola_complex.wav,5.000000037252903,49.999998807907104,17.722248136997223,37.83804416656494
stim_74_viola_complex.wav,10.000000074505806,49.999998807907104,38.938033282756805,28.68423879146576
stim_74_viola_complex.wav,70.0000011920929,0.0,42.545030415058136,28.546130061149597
stim_74_viola_complex.wav,10.000000074505806,60.0,38.196061849594116,28.590887188911438
stim_74_viola_complex.wav,84.99999761581421,0.0,59.69575881958008,19.449598789215088
stim_74_viola_complex.wav,35.00000059604645,40.000001192092896,38.79726022481918,28.58103632926941
stim_74_viola_complex.wav,20.000000149011612,49.999998807907104,38.8919073343277,28.815738558769226
stim_74_viola_complex.wav,5.000000037252903,20.000000596046448,31.915736496448517,27.571175694465637
stim_74_viola_complex.wav,64.9999988079071,30.0,40.83799481391907,28.44226062297821
stim_74_viola_complex.wav,20.000000149011612,20.000000596046448,24.721893668174744,33.36111903190613
stim_74_viola_complex.wav,30.00000089406967,40.000001192092896,40.73064476251602,28.08987557888031
stim_74_viola_complex.wav,30.00000089406967,49.999998807907104,34.6280962228775,32.04275608062744
stim_74_viola_complex.wav,30.00000089406967,60.0,34.40644919872284,39.874677658081055
stim_74_viola_complex.wav,80.00000059604645,20.000000596046448,54.74166512489319,26.03899598121643
stim_74_viola_complex.wav,64.9999988079071,10.000000298023224,47.36510753631592,29.14482057094574
stim_74_viola_complex.wav,84.99999761581421,49.999998807907104,40.51253288984299,28.447102904319763
stim_74_viola_complex.wav,70.0000011920929,20.000000596046448,48.369932770729065,28.192268013954163
stim_74_viola_complex.wav,20.000000149011612,49.999998807907104,25.563865900039673,32.753376960754395
stim_74_viola_complex.wav,10.000000074505806,60.0,25.51684945821762,30.91155767440796
stim_74_viola_complex.wav,84.99999761581421,40.000001192092896,49.206647872924805,28.707493543624878
stim_74_viola_complex.wav,60.00000178813934,20.000000596046448,39.77258652448654,28.446167707443237
stim_74_viola_complex.wav,35.00000059604645,0.0,34.836388528347015,27.379964590072632
stim_74_viola_complex.wav,30.00000089406967,0.0,28.59687030315399,11.958591341972351
stim_74_viola_complex.wav,54.99999940395355,0.0,42.98867583274841,29.320637583732605
stim_74_viola_complex.wav,10.000000074505806,49.999998807907104,16.538219153881073,33.41033577919006
stim_74_viola_complex.wav,5.000000037252903,0.0,13.748665452003479,21.95991039276123
stim_74_viola_complex.wav,10.000000074505806,49.999998807907104,15.035970211029053,30.740164518356323
stim_74_viola_complex.wav,74.99999821186066,60.0,41.07941776514053,28.375972509384155
stim_74_viola_complex.wav,84.99999761581421,30.0,60.284568071365356,25.703778862953186
stim_74_viola_complex.wav,20.000000149011612,30.0,38.73348534107208,28.56295645236969
stim_74_viola_complex.wav,35.00000059604645,10.000000298023224,36.47424191236496,31.44536018371582
stim_74_viola_complex.wav,10.000000074505806,0.0,22.10650384426117,27.34585404396057
stim_74_viola_complex.wav,84.99999761581421,0.0,41.04438275098801,28.402276039123535
stim_74_viola_complex.wav,0.0,0.0,44.061328768730164,28.01537275314331
stim_74_viola_complex.wav,25.000001192092896,40.000001192092896,40.26644825935364,28.45002293586731
stim_74_viola_complex.wav,70.0000011920929,40.000001192092896,29.5132577419281,27.86429464817047
stim_74_viola_complex.wav,10.000000074505806,49.999998807907104,15.753925144672394,31.28896951675415
stim_74_viola_complex.wav,30.00000089406967,49.999998807907104,39.60362881422043,28.46964955329895
stim_74_viola_complex.wav,50.00000238418579,10.000000298023224,49.5308518409729,22.137229442596436
stim_74_viola_complex.wav,60.00000178813934,60.0,47.13334321975708,30.259898900985718
stim_74_viola_complex.wav,20.000000149011612,20.000000596046448,37.381630539894104,28.898380994796753
stim_74_viola_complex.wav,20.000000149011612,10.000000298023224,23.343007564544678,30.872644186019897
stim_74_viola_complex.wav,35.00000059604645,10.000000298023224,42.398978769779205,39.1733193397522
stim_74_viola_complex.wav,70.0000011920929,40.000001192092896,58.060389161109924,32.93121099472046
stim_74_viola_complex.wav,64.9999988079071,0.0,42.45624393224716,27.714003324508667
stim_74_viola_complex.wav,5.000000037252903,49.999998807907104,17.13446617126465,30.926392078399658
stim_74_viola_complex.wav,15.000000447034836,30.0,37.13392585515976,28.7090402841568
stim_74_viola_complex.wav,20.000000149011612,60.0,40.696744322776794,28.373297452926636
stim_74_viola_complex.wav,54.99999940395355,0.0,42.013700902462006,28.28110635280609
stim_74_viola_complex.wav,35.00000059604645,0.0,39.57751214504242,27.893571853637695
stim_74_viola_complex.wav,25.000001192092896,0.0,37.82011538743973,27.62781322002411
stim_74_viola_complex.wav,20.000000149011612,20.000000596046448,40.791828632354736,28.385177850723267
stim_74_viola_complex.wav,45.0,10.000000298023224,41.62882000207901,28.38129758834839
stim_74_viola_complex.wav,70.0000011920929,0.0,40.59390038251877,28.425373435020447
stim_74_viola_complex.wav,84.99999761581421,10.000000298023224,65.31352758407593,22.978802919387817
stim_74_viola_complex.wav,35.00000059604645,60.0,41.35933578014374,32.775142192840576
stim_74_viola_complex.wav,84.99999761581421,0.0,66.59936249256134,17.815616726875305
stim_74_viola_complex.wav,45.0,60.0,40.639149248600006,28.70370090007782
stim_74_viola_complex.wav,0.0,40.000001192092896,31.293391585350037,29.567420482635498
stim_74_viola_complex.wav,90.0,20.000000596046448,40.1158207654953,28.570756316184998
stim_74_viola_complex.wav,60.00000178813934,60.0,60.815173387527466,32.18907594680786
stim_74_viola_complex.wav,80.00000059604645,10.000000298023224,63.87795567512512,15.936352014541626
stim_74_viola_complex.wav,50.00000238418579,30.0,42.8905525803566,30.059659481048584
stim_74_viola_complex.wav,5.000000037252903,10.000000298023224,7.011002004146576,19.25602912902832
stim_74_viola_complex.wav,15.000000447034836,10.000000298023224,23.943403959274292,22.8472638130188
stim_74_viola_complex.wav,20.000000149011612,60.0,41.228304505348206,28.353329300880432
stim_74_viola_complex.wav,35.00000059604645,0.0,43.54831874370575,29.044259190559387
stim_74_viola_complex.wav,5.000000037252903,60.0,17.764857709407806,39.037935733795166
stim_74_viola_complex.wav,74.99999821186066,30.0,66.14043116569519,35.63494563102722
stim_74_viola_complex.wav,74.99999821186066,10.000000298023224,59.103859663009644,20.52152395248413
stim_74_viola_complex.wav,5.000000037252903,60.0,35.357871651649475,28.987834453582764
stim_74_viola_complex.wav,54.99999940395355,20.000000596046448,40.75602650642395,28.436763882637024
stim_74_viola_complex.wav,40.000000298023224,0.0,38.10257613658905,38.62236142158508
stim_74_viola_complex.wav,35.00000059604645,60.0,40.35660535097122,35.07049798965454
stim_74_viola_complex.wav,5.000000037252903,0.0,9.432827532291412,19.307109117507935
stim_74_viola_complex.wav,45.0,40.000001192092896,42.75400131940842,29.727201461791992
stim_74_viola_complex.wav,80.00000059604645,20.000000596046448,66.01622879505157,22.611082792282104
stim_74_viola_complex.wav,15.000000447034836,20.000000596046448,40.290647149086,28.4183531999588
stim_74_viola_complex.wav,74.99999821186066,10.000000298023224,42.59432673454285,28.437280654907227
stim_74_viola_complex.wav,50.00000238418579,20.000000596046448,40.324169397354126,28.592523336410522
stim_74_viola_complex.wav,35.00000059604645,10.000000298023224,36.641775369644165,30.83674907684326
stim_74_viola_complex.wav,45.0,30.0,40.74612379074097,28.38850200176239
stim_74_viola_complex.wav,90.0,10.000000298023224,42.73585885763168,28.646453619003296
stim_74_viola_complex.wav,74.99999821186066,10.000000298023224,59.95459198951721,22.349701523780823
stim_74_viola_complex.wav,50.00000238418579,20.000000596046448,48.22071611881256,24.06691074371338
stim_74_viola_complex.wav,40.000000298023224,49.999998807907104,40.94406545162201,29.192638993263245
stim_74_viola_complex.wav,5.000000037252903,0.0,37.758027613162994,28.548383116722107
stim_74_viola_complex.wav,45.0,60.0,41.14875286817551,28.392743468284607
stim_74_viola_complex.wav,70.0000011920929,30.0,61.16180062294006,31.268184185028076
stim_74_viola_complex.wav,80.00000059604645,10.000000298023224,38.768160939216614,28.49624991416931
stim_74_viola_complex.wav,50.00000238418579,60.0,39.942783415317535,28.936834931373596
stim_74_viola_complex.wav,54.99999940395355,30.0,39.53965276479721,28.764901757240295
stim_74_viola_complex.wav,80.00000059604645,20.000000596046448,38.75810533761978,28.572891354560852
stim_74_viola_complex.wav,15.000000447034836,10.000000298023224,40.692468881607056,28.586561679840088
stim_74_viola_complex.wav,5.000000037252903,49.999998807907104,21.816793084144592,28.9129775762558
stim_74_viola_complex.wav,84.99999761581421,10.000000298023224,40.47725111246109,28.53006899356842
stim_74_viola_complex.wav,45.0,40.000001192092896,40.646812319755554,29.428364038467407
stim_74_viola_complex.wav,45.0,60.0,39.617337584495544,29.7918838262558
stim_74_viola_complex.wav,15.000000447034836,49.999998807907104,15.1726233959198,29.222779870033264
stim_74_viola_complex.wav,50.00000238418579,60.0,45.79098880290985,18.445767760276794
stim_74_viola_complex.wav,84.99999761581421,49.999998807907104,66.22802138328552,29.441025853157043
stim_74_viola_complex.wav,74.99999821186066,20.000000596046448,54.67388570308685,20.60455083847046
stim_74_viola_complex.wav,60.00000178813934,30.0,43.044320940971375,27.053845524787903
stim_74_viola_complex.wav,30.00000089406967,40.000001192092896,36.50575518608093,28.059902787208557
stim_74_viola_complex.wav,35.00000059604645,30.0,45.10438621044159,28.100268244743347
stim_74_viola_complex.wav,84.99999761581421,0.0,64.02746200561523,18.104617595672607
stim_74_viola_complex.wav,84.99999761581421,20.000000596046448,55.31548619270325,31.8971586227417
stim_74_viola_complex.wav,74.99999821186066,0.0,41.493631303310394,28.309825658798218
stim_74_viola_complex.wav,25.000001192092896,20.000000596046448,37.21433311700821,27.33271300792694
stim_74_viola_complex.wav,10.000000074505806,40.000001192092896,37.73182511329651,29.21614408493042
stim_74_viola_complex.wav,35.00000059604645,49.999998807907104,36.00685894489288,25.40738046169281
stim_74_viola_complex.wav,54.99999940395355,49.999998807907104,30.797080993652344,34.33440327644348
stim_74_viola_complex.wav,80.00000059604645,30.0,52.851115465164185,32.4489426612854
stim_74_viola_complex.wav,45.0,60.0,42.08182901144028,29.2334121465683
stim_74_viola_complex.wav,0.0,40.000001192092896,4.452053904533386,29.230127334594727
stim_74_viola_complex.wav,15.000000447034836,20.000000596046448,36.54094040393829,30.959304571151733
stim_74_viola_complex.wav,35.00000059604645,30.0,42.87824660539627,34.31397199630737
stim_74_viola_complex.wav,54.99999940395355,40.000001192092896,40.02439230680466,28.530827164649963
stim_74_viola_complex.wav,25.000001192092896,49.999998807907104,41.480161249637604,28.353177309036255
stim_74_viola_complex.wav,60.00000178813934,0.0,40.34400165081024,28.428295254707336
stim_74_viola_complex.wav,80.00000059604645,0.0,67.73526191711426,19.726338386535645
stim_74_viola_complex.wav,54.99999940395355,0.0,41.25153511762619,28.686472177505493
stim_74_viola_complex.wav,50.00000238418579,0.0,44.03840392827988,28.929664492607117
stim_74_viola_complex.wav,30.00000089406967,30.0,32.46538817882538,34.971914291381836
stim_74_viola_complex.wav,25.000001192092896,40.000001192092896,42.97212928533554,28.17036509513855
stim_74_viola_complex.wav,10.000000074505806,60.0,39.12884294986725,28.502004146575928
stim_74_viola_complex.wav,15.000000447034836,49.999998807907104,37.31676399707794,29.04900848865509
stim_74_viola_complex.wav,35.00000059604645,60.0,35.58937042951584,31.266117095947266
stim_74_viola_complex.wav,30.00000089406967,30.0,46.68509781360626,27.844855785369873
stim_74_viola_complex.wav,10.000000074505806,10.000000298023224,37.607711255550385,28.88986051082611
stim_74_viola_complex.wav,30.00000089406967,40.000001192092896,28.383833169937134,29.548943638801575
stim_74_viola_complex.wav,0.0,20.000000596046448,45.921231508255005,28.384682536125183
stim_74_viola_complex.wav,54.99999940395355,10.000000298023224,52.979432344436646,30.495575666427612
stim_74_viola_complex.wav,64.9999988079071,20.000000596046448,41.699724197387695,28.304008841514587
stim_74_viola_complex.wav,25.000001192092896,20.000000596046448,42.59347915649414,28.745976090431213
stim_74_viola_complex.wav,0.0,40.000001192092896,26.50773525238037,29.347890615463257
stim_74_viola_complex.wav,54.99999940395355,30.0,52.76358962059021,37.46473789215088
stim_74_viola_complex.wav,25.000001192092896,40.000001192092896,21.89646139740944,32.648842334747314
stim_74_viola_complex.wav,5.000000037252903,10.000000298023224,36.04579120874405,29.099687933921814
stim_55_viola_complex.wav,70.0000011920929,49.999998807907104,52.18562722206116,30.786566734313965
stim_55_viola_complex.wav,5.000000037252903,10.000000298023224,39.66454714536667,28.78871977329254
stim_55_viola_complex.wav,84.99999761581421,60.0,57.73822903633118,26.475541591644287
stim_55_viola_complex.wav,10.000000074505806,60.0,38.85355979204178,28.54942560195923
stim_55_viola_complex.wav,0.0,40.000001192092896,36.44490659236908,28.72547149658203
stim_55_viola_complex.wav,54.99999940395355,40.000001192092896,39.76726770401001,28.768853545188904
stim_55_viola_complex.wav,60.00000178813934,49.999998807907104,40.80967605113983,29.474655389785767
stim_55_viola_complex.wav,64.9999988079071,10.000000298023224,40.993501245975494,28.367135524749756
stim_55_viola_complex.wav,84.99999761581421,30.0,38.92333745956421,29.048992395401
stim_55_viola_complex.wav,74.99999821186066,20.000000596046448,66.26507878303528,22.40580439567566
stim_55_viola_complex.wav,64.9999988079071,40.000001192092896,40.29116481542587,28.7649267911911
stim_55_viola_complex.wav,64.9999988079071,49.999998807907104,52.04543352127075,30.734678506851196
stim_55_viola_complex.wav,35.00000059604645,20.000000596046448,30.155421495437622,14.922376871109009
stim_55_viola_complex.wav,10.000000074505806,30.0,17.352980375289917,26.886361241340637
stim_55_viola_complex.wav,20.000000149011612,10.000000298023224,21.012590378522873,18.234123587608337
stim_55_viola_complex.wav,74.99999821186066,0.0,54.36808705329895,22.73041069507599
stim_55_viola_complex.wav,5.000000037252903,30.0,24.775291085243225,27.642091512680054
stim_55_viola_complex.wav,60.00000178813934,0.0,59.56210434436798,31.119414567947388
stim_55_viola_complex.wav,10.000000074505806,49.999998807907104,19.827851951122284,34.9300754070282
stim_55_viola_complex.wav,40.000000298023224,0.0,33.85455787181854,28.11767578125
stim_55_viola_complex.wav,84.99999761581421,40.000001192092896,67.2809386253357,31.463284492492676
stim_55_viola_complex.wav,54.99999940395355,40.000001192092896,46.51185393333435,23.655619025230408
stim_55_viola_complex.wav,25.000001192092896,40.000001192092896,36.314449310302734,27.269275188446045
stim_55_viola_complex.wav,80.00000059604645,20.000000596046448,53.291083574295044,21.794416308403015
stim_55_viola_complex.wav,74.99999821186066,60.0,39.85043227672577,28.48556399345398
stim_55_viola_complex.wav,70.0000011920929,20.000000596046448,45.35552144050598,29.846389889717102
stim_55_viola_complex.wav,60.00000178813934,60.0,61.11920714378357,27.659499049186707
stim_55_viola_complex.wav,20.000000149011612,10.000000298023224,30.459071695804596,26.85530126094818
stim_55_viola_complex.wav,84.99999761581421,49.999998807907104,60.5385947227478,31.569103002548218
stim_55_viola_complex.wav,45.0,40.000001192092896,34.968082308769226,25.095008611679077
stim_55_viola_complex.wav,15.000000447034836,0.0,35.79524606466293,28.570139408111572
stim_55_viola_complex.wav,35.00000059604645,0.0,40.907737612724304,28.678956627845764
stim_55_viola_complex.wav,15.000000447034836,0.0,39.27792280912399,28.489360213279724
stim_55_viola_complex.wav,64.9999988079071,49.999998807907104,39.04433190822601,28.572219014167786
stim_55_viola_complex.wav,20.000000149011612,0.0,34.24842417240143,27.87893235683441
stim_55_viola_complex.wav,20.000000149011612,40.000001192092896,37.72311329841614,28.586034178733826
stim_55_viola_complex.wav,45.0,10.000000298023224,50.024367570877075,28.12716007232666
stim_55_viola_complex.wav,54.99999940395355,0.0,61.3828843832016,29.965519309043884
stim_55_viola_complex.wav,5.000000037252903,10.000000298023224,41.19515240192413,28.428518772125244
stim_55_viola_complex.wav,20.000000149011612,49.999998807907104,17.08282560110092,25.323500633239746
stim_55_viola_complex.wav,30.00000089406967,60.0,41.41536980867386,28.343834280967712
stim_55_viola_complex.wav,35.00000059604645,20.000000596046448,31.122585833072662,19.92337703704834
stim_55_viola_complex.wav,80.00000059604645,49.999998807907104,40.696470737457275,26.61458194255829
stim_55_viola_complex.wav,50.00000238418579,20.000000596046448,46.58696115016937,27.612488865852356
stim_55_viola_complex.wav,15.000000447034836,20.000000596046448,23.824574053287506,22.056332230567932
stim_55_viola_complex.wav,60.00000178813934,49.999998807907104,42.9282483458519,28.71808111667633
stim_55_viola_complex.wav,5.000000037252903,10.000000298023224,38.68719309568405,28.531250953674316
stim_55_viola_complex.wav,10.000000074505806,0.0,38.20010393857956,28.656168580055237
stim_55_viola_complex.wav,5.000000037252903,30.0,38.51479411125183,28.80638301372528
stim_55_viola_complex.wav,5.000000037252903,10.000000298023224,38.636265993118286,28.806685209274292
stim_55_viola_complex.wav,35.00000059604645,60.0,39.36465471982956,28.485751748085022
stim_55_viola_complex.wav,74.99999821186066,0.0,40.808066725730896,28.403466939926147
stim_55_viola_complex.wav,80.00000059604645,49.999998807907104,40.31195729970932,28.44727635383606
stim_55_viola_complex.wav,45.0,30.0,42.80056446790695,24.901083111763
stim_55_viola_complex.wav,64.9999988079071,20.000000596046448,62.68095016479492,30.605363845825195
stim_55_viola_complex.wav,35.00000059604645,10.000000298023224,39.81190234422684,21.222925186157227
stim_55_viola_complex.wav,0.0,30.0,21.246835738420486,28.284775614738464
stim_55_viola_complex.wav,10.000000074505806,10.000000298023224,37.02736437320709,28.76370906829834
stim_55_viola_complex.wav,50.00000238418579,40.000001192092896,40.06333529949188,28.475643396377563
stim_55_viola_complex.wav,40.000000298023224,30.0,38.339935541152954,28.524913787841797
stim_55_viola_complex.wav,50.00000238418579,20.000000596046448,40.66606521606445,29.953259825706482
stim_55_viola_complex.wav,70.0000011920929,10.000000298023224,39.476242661476135,28.481862545013428
stim_55_viola_complex.wav,54.99999940395355,10.000000298023224,52.64715492725372,28.85847508907318
stim_55_viola_complex.wav,45.0,10.000000298023224,43.889227509498596,28.184309005737305
stim_55_viola_complex.wav,45.0,20.000000596046448,40.38250207901001,28.570677638053894
stim_55_viola_complex.wav,70.0000011920929,60.0,57.02398896217346,30.928823947906494
stim_55_viola_complex.wav,70.0000011920929,30.0,39.63125824928284,28.94910156726837
stim_55_viola_complex.wav,54.99999940395355,49.999998807907104,40.95111161470413,28.37483525276184
stim_55_viola_complex.wav,30.00000089406967,40.000001192092896,36.47308588027954,27.190552353858948
stim_55_viola_complex.wav,10.000000074505806,20.000000596046448,24.952295422554016,26.868712306022644
stim_55_viola_complex.wav,80.00000059604645,49.999998807907104,53.81056308746338,20.549681782722473
stim_55_viola_complex.wav,20.000000149011612,60.0,38.66469204425812,27.816789150238037
stim_55_viola_complex.wav,70.0000011920929,60.0,36.62642240524292,28.690468668937683
stim_55_viola_complex.wav,50.00000238418579,30.0,43.145649433135986,26.98845148086548
stim_55_viola_complex.wav,25.000001192092896,40.000001192092896,19.23035502433777,23.477636575698853
stim_55_viola_complex.wav,84.99999761581421,10.000000298023224,39.50550019741058,29.000263810157776
stim_55_viola_complex.wav,30.00000089406967,20.000000596046448,39.657042324543,28.480753898620605
stim_55_viola_complex.wav,74.99999821186066,30.0,62.33544945716858,29.475876688957214
stim_55_viola_complex.wav,5.000000037252903,40.000001192092896,37.892435789108276,28.619048595428467
stim_55_viola_complex.wav,5.000000037252903,60.0,37.063279151916504,28.829893469810486
stim_55_viola_complex.wav,45.0,20.000000596046448,37.905943393707275,28.596884608268738
stim_55_viola_complex.wav,45.0,49.999998807907104,43.145204186439514,24.750816822052002
stim_55_viola_complex.wav,60.00000178813934,60.0,41.973862051963806,28.617900609970093
stim_55_viola_complex.wav,70.0000011920929,60.0,62.037949562072754,28.92831802368164
stim_55_viola_complex.wav,45.0,0.0,42.37336367368698,19.380347728729248
stim_55_viola_complex.wav,25.000001192092896,0.0,37.817789912223816,28.59745144844055
stim_55_viola_complex.wav,20.000000149011612,49.999998807907104,23.057121634483337,23.84212017059326
stim_55_viola_complex.wav,54.99999940395355,20.000000596046448,37.93083965778351,28.566872477531433
stim_55_viola_complex.wav,30.00000089406967,40.000001192092896,38.97397220134735,28.519223928451538
stim_55_viola_complex.wav,30.00000089406967,49.999998807907104,29.105958938598633,23.738633394241333
stim_55_viola_complex.wav,60.00000178813934,20.000000596046448,43.74046951532364,28.62244427204132
stim_55_viola_complex.wav,60.00000178813934,40.000001192092896,43.84846866130829,27.035087943077087
stim_55_viola_complex.wav,35.00000059604645,0.0,40.465921461582184,28.387497067451477
stim_55_viola_complex.wav,0.0,0.0,40.70546954870224,28.429332375526428
stim_55_viola_complex.wav,50.00000238418579,60.0,41.291607320308685,28.33685874938965
stim_55_viola_complex.wav,30.00000089406967,30.0,33.619564175605774,20.09812295436859
stim_55_viola_complex.wav,84.99999761581421,49.999998807907104,55.446614027023315,29.848785996437073
stim_55_viola_complex.wav,60.00000178813934,20.000000596046448,39.78843033313751,28.761591911315918
stim_55_viola_complex.wav,45.0,30.0,38.35434436798096,27.335071563720703
stim_55_viola_complex.wav,25.000001192092896,30.0,22.962986826896667,19.634066820144653
stim_55_viola_complex.wav,15.000000447034836,0.0,18.01523655653,21.366611123085022
stim_55_viola_complex.wav,0.0,30.0,37.65933305025101,28.74897837638855
stim_55_viola_complex.wav,70.0000011920929,20.000000596046448,37.36313134431839,28.395357728004456
stim_55_viola_complex.wav,60.00000178813934,60.0,40.752389430999756,28.39536488056183
stim_55_viola_complex.wav,50.00000238418579,60.0,38.98828446865082,28.501650094985962
stim_55_viola_complex.wav,45.0,30.0,39.81390327215195,29.372804760932922
stim_55_viola_complex.wav,74.99999821186066,10.000000298023224,38.76142591238022,28.779466152191162
stim_55_viola_complex.wav,45.0,30.0,36.0683137178421,24.014936685562134
stim_55_viola_complex.wav,15.000000447034836,60.0,39.499245285987854,28.122743368148804
stim_55_viola_complex.wav,25.000001192092896,10.000000298023224,23.57353001832962,16.88705563545227
stim_55_viola_complex.wav,45.0,30.0,38.731425404548645,28.71305823326111
stim_55_viola_complex.wav,0.0,10.000000298023224,39.687268137931824,28.52477252483368
stim_55_viola_complex.wav,64.9999988079071,30.0,41.17572247982025,28.365485072135925
stim_55_viola_complex.wav,5.000000037252903,20.000000596046448,37.67147272825241,28.748817443847656
stim_55_viola_complex.wav,50.00000238418579,60.0,42.49551147222519,28.23170006275177
stim_55_viola_complex.wav,30.00000089406967,40.000001192092896,27.632554471492767,21.087952852249146
stim_55_viola_complex.wav,5.000000037252903,0.0,39.529452323913574,28.66734266281128
stim_55_viola_complex.wav,25.000001192092896,60.0,36.41415238380432,28.87921929359436
stim_55_viola_complex.wav,45.0,40.000001192092896,38.38834673166275,30.025051832199097
stim_55_viola_complex.wav,70.0000011920929,0.0,64.34654295444489,20.110700726509094
stim_55_viola_complex.wav,0.0,0.0,39.38702166080475,28.672176003456116
stim_55_viola_complex.wav,84.99999761581421,40.000001192092896,69.78591799736023,33.09148192405701
stim_55_viola_complex.wav,0.0,30.0,28.037820160388947,27.464134097099304
stim_55_viola_complex.wav,0.0,0.0,38.73038738965988,28.7954181432724
stim_55_viola_complex.wav,80.00000059604645,49.999998807907104,37.100470662117004,28.45267653465271
stim_55_viola_complex.wav,74.99999821186066,40.000001192092896,44.388633370399475,29.339876174926758
stim_55_viola_complex.wav,10.000000074505806,0.0,25.37119746208191,29.101377725601196
stim_55_viola_complex.wav,64.9999988079071,0.0,41.93263113498688,28.389292359352112
stim_55_viola_complex.wav,64.9999988079071,49.999998807907104,38.745646476745605,28.563365936279297
stim_55_viola_complex.wav,10.000000074505806,30.0,39.84762132167816,28.474268317222595
stim_55_viola_complex.wav,64.9999988079071,20.000000596046448,63.16686987876892,32.81925559043884
stim_55_viola_complex.wav,30.00000089406967,40.000001192092896,38.16613107919693,28.593438863754272
stim_55_viola_complex.wav,50.00000238418579,0.0,41.289255023002625,28.414793014526367
stim_55_viola_complex.wav,40.000000298023224,0.0,41.29608929157257,24.559983015060425
stim_77_viola_complex.wav,20.000000149011612,20.000000596046448,28.26008141040802,25.258305072784424
stim_77_viola_complex.wav,74.99999821186066,20.000000596046448,43.04373621940613,28.71374487876892
stim_77_viola_complex.wav,35.00000059604645,10.000000298023224,41.05399578809738,28.483741879463196
stim_77_viola_complex.wav,54.99999940395355,0.0,56.05646252632141,31.65544867515564
stim_77_viola_complex.wav,5.000000037252903,40.000001192092896,16.21993213891983,33.43513369560242
stim_77_viola_complex.wav,40.000000298023224,30.0,43.01072895526886,31.711177825927734
stim_77_viola_complex.wav,74.99999821186066,10.000000298023224,68.29758167266846,22.87974715232849
stim_77_viola_complex.wav,25.000001192092896,0.0,43.85487377643585,29.39461648464203
stim_77_viola_complex.wav,20.000000149011612,30.0,33.00002485513687,27.09758698940277
stim_77_viola_complex.wav,0.0,60.0,13.837575316429138,27.3543781042099
stim_77_viola_complex.wav,30.00000089406967,20.000000596046448,42.68059194087982,28.936017751693726
stim_77_viola_complex.wav,74.99999821186066,60.0,49.783682227134705,28.329314589500427
stim_77_viola_complex.wav,74.99999821186066,10.000000298023224,41.36279046535492,29.51127827167511
stim_77_viola_complex.wav,0.0,10.000000298023224,8.61941009759903,26.099789142608643
stim_77_viola_complex.wav,20.000000149011612,10.000000298023224,25.977872908115387,25.704540610313416
stim_77_viola_complex.wav,35.00000059604645,40.000001192092896,40.05980283021927,29.244802594184875
stim_77_viola_complex.wav,10.000000074505806,10.000000298023224,34.72028911113739,28.72475266456604
stim_77_viola_complex.wav,10.000000074505806,20.000000596046448,16.754641234874725,34.935758113861084
stim_77_viola_complex.wav,70.0000011920929,0.0,56.5131676197052,26.005479097366333
stim_77_viola_complex.wav,64.9999988079071,49.999998807907104,35.58643877506256,28.253788948059082
stim_77_viola_complex.wav,60.00000178813934,40.000001192092896,41.70469969511032,28.8543838262558
stim_77_viola_complex.wav,5.000000037252903,10.000000298023224,35.68917542695999,29.073888659477234
stim_77_viola_complex.wav,64.9999988079071,10.000000298023224,58.385971784591675,30.19206404685974
stim_77_viola_complex.wav,64.9999988079071,20.000000596046448,61.54088258743286,34.83313322067261
stim_77_viola_complex.wav,70.0000011920929,49.999998807907104,53.056588768959045,33.45421314239502
stim_77_viola_complex.wav,74.99999821186066,30.0,54.50170397758484,26.367831230163574
stim_77_viola_complex.wav,35.00000059604645,0.0,40.52481472492218,29.555128812789917
stim_77_viola_complex.wav,0.0,0.0,10.782981812953949,24.84895348548889
stim_77_viola_complex.wav,84.99999761581421,10.000000298023224,41.71218305826187,28.304325342178345
stim_77_viola_complex.wav,84.99999761581421,20.000000596046448,64.4224762916565,29.11083698272705
stim_77_viola_complex.wav,60.00000178813934,0.0,39.823677241802216,28.739197254180908
stim_77_viola_complex.wav,54.99999940395355,0.0,39.25310969352722,29.770522713661194
stim_77_viola_complex.wav,35.00000059604645,40.000001192092896,38.86853188276291,28.973679542541504
stim_77_viola_complex.wav,10.000000074505806,20.000000596046448,35.69060504436493,28.48697304725647
stim_77_viola_complex.wav,5.000000037252903,40.000001192092896,36.873579919338226,28.88196051120758
stim_77_viola_complex.wav,64.9999988079071,0.0,43.43567132949829,28.663952350616455
stim_77_viola_complex.wav,90.0,30.0,39.48277920484543,28.502687215805054
stim_77_viola_complex.wav,84.99999761581421,0.0,37.870243191719055,28.896775245666504
stim_77_viola_complex.wav,15.000000447034836,20.000000596046448,34.65995281934738,28.133922815322876
stim_77_viola_complex.wav,5.000000037252903,0.0,37.0699417591095,28.44928801059723
stim_77_viola_complex.wav,90.0,20.000000596046448,38.51301312446594,28.518850207328796
stim_77_viola_complex.wav,80.00000059604645,0.0,61.03235185146332,19.871950149536133
stim_77_viola_complex.wav,60.00000178813934,40.000001192092896,43.13500374555588,29.01618003845215
stim_77_viola_complex.wav,20.000000149011612,40.000001192092896,16.61706268787384,16.91512942314148
stim_77_viola_complex.wav,30.00000089406967,10.000000298023224,46.31354749202728,29.162185192108154
stim_77_viola_complex.wav,20.000000149011612,10.000000298023224,29.49005663394928,24.92318630218506
stim_77_viola_complex.wav,70.0000011920929,30.0,60.901089906692505,33.91517400741577
stim_77_viola_complex.wav,80.00000059604645,40.000001192092896,56.02547764778137,31.62887692451477
stim_77_viola_complex.wav,15.000000447034836,49.999998807907104,16.89399540424347,33.86354327201843
stim_77_viola_complex.wav,40.000000298023224,30.0,40.5902498960495,28.417611122131348
stim_77_viola_complex.wav,40.000000298023224,40.000001192092896,45.34201383590698,28.7986958026886
stim_77_viola_complex.wav,60.00000178813934,10.000000298023224,42.02748477458954,28.35590422153473
stim_77_viola_complex.wav,0.0,30.0,9.364554584026337,28.786298632621765
stim_77_viola_complex.wav,60.00000178813934,0.0,39.50775057077408,29.39404785633087
stim_77_viola_complex.wav,64.9999988079071,10.000000298023224,41.52220755815506,28.847331404685974
stim_77_viola_complex.wav,74.99999821186066,0.0,58.66608023643494,21.82137429714203
stim_77_viola_complex.wav,90.0,10.000000298023224,38.652619421482086,28.131063580513
stim_77_viola_complex.wav,70.0000011920929,30.0,43.16653311252594,28.818576335906982
stim_77_viola_complex.wav,50.00000238418579,20.000000596046448,39.75844860076904,28.791759610176086
stim_77_viola_complex.wav,45.0,20.000000596046448,45.9048593044281,37.39598035812378
stim_77_viola_complex.wav,84.99999761581421,30.0,32.40316092967987,28.149191737174988
stim_77_viola_complex.wav,74.99999821186066,30.0,61.665884256362915,34.56687569618225
stim_77_viola_complex.wav,84.99999761581421,0.0,37.47125118970871,28.604409098625183
stim_77_viola_complex.wav,45.0,30.0,41.077762842178345,32.55798697471619
stim_77_viola_complex.wav,15.000000447034836,20.000000596046448,12.43041604757309,15.69722056388855
stim_77_viola_complex.wav,5.000000037252903,30.0,34.443916976451874,28.71979594230652
stim_77_viola_complex.wav,70.0000011920929,0.0,46.74303352832794,28.49360167980194
stim_77_viola_complex.wav,70.0000011920929,10.000000298023224,55.292547941207886,25.61091721057892
stim_77_viola_complex.wav,30.00000089406967,30.0,37.697559893131256,29.30686891078949
stim_77_viola_complex.wav,45.0,40.000001192092896,41.54136121273041,28.84851336479187
stim_77_viola_complex.wav,80.00000059604645,0.0,33.79639685153961,28.229345083236694
stim_77_viola_complex.wav,45.0,20.000000596046448,44.939062893390656,41.48019790649414
stim_77_viola_complex.wav,10.000000074505806,10.000000298023224,15.52120327949524,24.689877033233643
stim_77_viola_complex.wav,50.00000238418579,0.0,48.90246391296387,18.771990537643433
stim_77_viola_complex.wav,40.000000298023224,60.0,39.698506593704224,40.964494943618774
stim_77_viola_complex.wav,20.000000149011612,10.000000298023224,38.37429732084274,29.105801582336426
stim_77_viola_complex.wav,0.0,60.0,3.2777372002601624,27.165904641151428
stim_77_viola_complex.wav,5.000000037252903,60.0,15.951142609119415,35.79759120941162
stim_77_viola_complex.wav,80.00000059604645,40.000001192092896,56.31737172603607,32.01133489608765
stim_77_viola_complex.wav,40.000000298023224,30.0,36.20985388755798,28.68865728378296
stim_77_viola_complex.wav,90.0,0.0,54.449615478515625,28.63809049129486
stim_77_viola_complex.wav,45.0,49.999998807907104,40.464996099472046,28.55047345161438
stim_77_viola_complex.wav,40.000000298023224,30.0,37.0059335231781,31.40048861503601
stim_77_viola_complex.wav,0.0,0.0,12.358551621437073,27.76246190071106
stim_77_viola_complex.wav,35.00000059604645,30.0,39.93385434150696,28.477810621261597
stim_77_viola_complex.wav,20.000000149011612,40.000001192092896,20.317707806825638,18.209856748580933
stim_77_viola_complex.wav,10.000000074505806,0.0,16.803151667118073,26.278821229934692
stim_77_viola_complex.wav,10.000000074505806,10.000000298023224,34.30710285902023,29.13630723953247
stim_77_viola_complex.wav,25.000001192092896,30.0,27.542649507522583,28.329477310180664
stim_77_viola_complex.wav,74.99999821186066,60.0,39.2749884724617,28.525882959365845
stim_77_viola_complex.wav,54.99999940395355,30.0,48.86401176452637,39.21201825141907
stim_77_viola_complex.wav,0.0,10.000000298023224,22.41285502910614,28.386864066123962
stim_77_viola_complex.wav,40.000000298023224,0.0,44.712204337120056,33.509860038757324
stim_77_viola_complex.wav,90.0,20.000000596046448,50.4215008020401,26.421207189559937
stim_77_viola_complex.wav,15.000000447034836,49.999998807907104,30.784144699573517,26.93713366985321
stim_77_viola_complex.wav,15.000000447034836,60.0,25.6007918715477,30.319143533706665
stim_77_viola_complex.wav,45.0,10.000000298023224,48.320478200912476,36.73346757888794
stim_77_viola_complex.wav,70.0000011920929,10.000000298023224,41.40380412340164,28.575750589370728
stim_77_viola_complex.wav,50.00000238418579,40.000001192092896,41.533405780792236,28.695217967033386
stim_77_viola_complex.wav,10.000000074505806,20.000000596046448,36.88542455434799,30.056451559066772
stim_77_viola_complex.wav,5.000000037252903,10.000000298023224,7.369414865970612,17.267051339149475
stim_77_viola_complex.wav,60.00000178813934,0.0,38.80155175924301,28.566768765449524
stim_77_viola_complex.wav,70.0000011920929,0.0,45.96879780292511,29.3824964761734
stim_77_viola_complex.wav,20.000000149011612,20.000000596046448,41.32426589727402,28.728275299072266
stim_77_viola_complex.wav,20.000000149011612,49.999998807907104,30.953040719032288,28.684088587760925
stim_77_viola_complex.wav,25.000001192092896,10.000000298023224,45.399654507637024,28.605889678001404
stim_77_viola_complex.wav,84.99999761581421,10.000000298023224,45.13862729072571,27.56862759590149
stim_77_viola_complex.wav,30.00000089406967,20.000000596046448,37.75150179862976,30.632050037384033
stim_77_viola_complex.wav,10.000000074505806,10.000000298023224,16.50062531232834,27.337127923965454
stim_77_viola_complex.wav,20.000000149011612,10.000000298023224,23.938948810100555,25.253586173057556
stim_77_viola_complex.wav,64.9999988079071,10.000000298023224,59.32420313358307,31.004709005355835
stim_77_viola_complex.wav,30.00000089406967,0.0,42.38471210002899,28.698325753211975
stim_77_viola_complex.wav,30.00000089406967,10.000000298023224,37.895992398262024,27.981548309326172
stim_77_viola_complex.wav,0.0,20.000000596046448,8.249841928482056,26.815309524536133
stim_77_viola_complex.wav,70.0000011920929,60.0,53.6262845993042,28.882291316986084
stim_77_viola_complex.wav,74.99999821186066,10.000000298023224,39.26505357027054,29.11582052707672
stim_77_viola_complex.wav,40.000000298023224,20.000000596046448,39.140923619270325,25.17124593257904
stim_77_viola_complex.wav,30.00000089406967,60.0,39.3375563621521,29.851446747779846
stim_77_viola_complex.wav,10.000000074505806,49.999998807907104,33.05691719055176,31.27804398536682
stim_77_viola_complex.wav,40.000000298023224,40.000001192092896,45.181381702423096,29.56640660762787
stim_77_viola_complex.wav,80.00000059604645,60.0,57.00938165187836,25.446739196777344
stim_77_viola_complex.wav,50.00000238418579,30.0,45.331966280937195,34.50242757797241
stim_77_viola_complex.wav,74.99999821186066,30.0,40.60602128505707,28.55346143245697
stim_77_viola_complex.wav,15.000000447034836,30.0,13.049067556858063,25.280778408050537
stim_77_viola_complex.wav,80.00000059604645,0.0,29.881433844566345,23.24127495288849
stim_77_viola_complex.wav,74.99999821186066,10.000000298023224,39.03844177722931,28.422937989234924
stim_77_viola_complex.wav,64.9999988079071,10.000000298023224,58.39205503463745,35.39212703704834
stim_77_viola_complex.wav,70.0000011920929,0.0,62.73100018501282,29.026452898979187
stim_77_viola_complex.wav,10.000000074505806,60.0,19.10538285970688,38.96113872528076
stim_77_viola_complex.wav,74.99999821186066,40.000001192092896,41.89809501171112,28.33461821079254
stim_77_viola_complex.wav,40.000000298023224,40.000001192092896,36.21246099472046,31.08415961265564
stim_77_viola_complex.wav,25.000001192092896,0.0,31.644208431243896,14.181808233261108
stim_77_viola_complex.wav,70.0000011920929,20.000000596046448,42.11028188467026,28.776973485946655
stim_77_viola_complex.wav,70.0000011920929,30.0,38.713087141513824,28.968472480773926
stim_77_viola_complex.wav,15.000000447034836,20.000000596046448,22.40289866924286,25.731891989707947
stim_97_viola_complex.wav,20.000000149011612,60.0,39.70801502466202,28.41619312763214
stim_97_viola_complex.wav,20.000000149011612,49.999998807907104,35.459589064121246,30.50179123878479
stim_97_viola_complex.wav,74.99999821186066,40.000001192092896,40.309838354587555,28.45418393611908
stim_97_viola_complex.wav,5.000000037252903,40.000001192092896,41.19666785001755,28.355401754379272
stim_97_viola_complex.wav,20.000000149011612,60.0,40.424784421920776,28.60815703868866
stim_97_viola_complex.wav,30.00000089406967,40.000001192092896,39.55457925796509,28.454922437667847
stim_97_viola_complex.wav,54.99999940395355,60.0,37.416437566280365,28.67714524269104
stim_97_viola_complex.wav,0.0,0.0,41.20900869369507,28.567240834236145
stim_97_viola_complex.wav,30.00000089406967,0.0,40.420594811439514,28.421509265899658
stim_97_viola_complex.wav,35.00000059604645,20.000000596046448,40.88204205036163,28.379003405570984
stim_97_viola_complex.wav,70.0000011920929,30.0,40.748918652534485,28.39332640171051
stim_97_viola_complex.wav,50.00000238418579,49.999998807907104,40.49990504980087,28.422188758850098
stim_97_viola_complex.wav,40.000000298023224,0.0,41.02191925048828,29.38736379146576
stim_97_viola_complex.wav,40.000000298023224,20.000000596046448,40.50327658653259,28.419631719589233
stim_97_viola_complex.wav,20.000000149011612,10.000000298023224,43.07455748319626,28.152934312820435
stim_97_viola_complex.wav,15.000000447034836,0.0,39.74670588970184,28.451610803604126
stim_97_viola_complex.wav,40.000000298023224,60.0,42.878238558769226,29.311076402664185
stim_97_viola_complex.wav,74.99999821186066,10.000000298023224,40.21809607744217,28.440048694610596
stim_97_viola_complex.wav,84.99999761581421,40.000001192092896,40.97442537546158,28.388509154319763
stim_97_viola_complex.wav,70.0000011920929,60.0,35.482591688632965,28.655054569244385
stim_97_viola_complex.wav,54.99999940395355,30.0,40.755645632743835,28.399150371551514
stim_97_viola_complex.wav,45.0,30.0,40.247423350811005,28.430646657943726
stim_97_viola_complex.wav,84.99999761581421,49.999998807907104,39.0865820646286,28.562421798706055
stim_97_viola_complex.wav,64.9999988079071,49.999998807907104,40.7181242108345,28.405035138130188
stim_97_viola_complex.wav,0.0,49.999998807907104,41.492354571819305,28.22981894016266
stim_97_viola_complex.wav,64.9999988079071,10.000000298023224,37.108442187309265,28.894817233085632
stim_97_viola_complex.wav,84.99999761581421,60.0,40.162794291973114,28.43946397304535
stim_97_viola_complex.wav,54.99999940395355,10.000000298023224,42.06354171037674,28.613625168800354
stim_97_viola_complex.wav,20.000000149011612,10.000000298023224,38.17299485206604,28.436649441719055
stim_97_viola_complex.wav,20.000000149011612,40.000001192092896,40.876243114471436,28.578216433525085
stim_97_viola_complex.wav,10.000000074505806,0.0,36.59954935312271,29.38330829143524
stim_97_viola_complex.wav,54.99999940395355,10.000000298023224,40.98873496055603,28.36344301700592
stim_97_viola_complex.wav,54.99999940395355,60.0,42.00600028038025,29.28521454334259
stim_97_viola_complex.wav,5.000000037252903,49.999998807907104,39.20256346464157,29.553313851356506
stim_97_viola_complex.wav,64.9999988079071,10.000000298023224,40.55575668811798,28.41468572616577
stim_97_viola_complex.wav,40.000000298023224,49.999998807907104,39.86110478639603,28.450689911842346
stim_97_viola_complex.wav,30.00000089406967,60.0,40.802069306373596,28.662466406822205
stim_97_viola_complex.wav,70.0000011920929,40.000001192092896,45.30558943748474,29.058896899223328
stim_97_viola_complex.wav,45.0,0.0,40.19466161727905,28.447483777999878
stim_97_viola_complex.wav,70.0000011920929,20.000000596046448,40.303945541381836,28.433387875556946
stim_97_viola_complex.wav,70.0000011920929,30.0,39.60804104804993,28.69441866874695
stim_97_viola_complex.wav,0.0,20.000000596046448,40.46993136405945,28.463743329048157
stim_97_viola_complex.wav,90.0,30.0,41.113693714141846,28.430335521697998
stim_97_viola_complex.wav,20.000000149011612,30.0,40.55700123310089,28.41960310935974
stim_97_viola_complex.wav,30.00000089406967,40.000001192092896,39.54250931739807,28.477140069007874
stim_97_viola_complex.wav,60.00000178813934,20.000000596046448,40.60488402843475,28.411540389060974
stim_97_viola_complex.wav,84.99999761581421,10.000000298023224,40.23087412118912,28.4461909532547
stim_97_viola_complex.wav,64.9999988079071,10.000000298023224,40.72951287031174,28.396870493888855
stim_97_viola_complex.wav,35.00000059604645,30.0,39.58167225122452,28.478654623031616
stim_97_viola_complex.wav,0.0,60.0,41.361795365810394,28.718833923339844
stim_97_viola_complex.wav,64.9999988079071,49.999998807907104,40.52415490150452,28.42229962348938
stim_97_viola_complex.wav,30.00000089406967,40.000001192092896,39.87263023853302,28.459914922714233
stim_97_viola_complex.wav,60.00000178813934,10.000000298023224,40.419186651706696,29.30964946746826
stim_97_viola_complex.wav,70.0000011920929,30.0,40.58377504348755,28.41429591178894
stim_97_viola_complex.wav,90.0,49.999998807907104,40.92211693525314,28.384260535240173
stim_97_viola_complex.wav,20.000000149011612,10.000000298023224,40.01811325550079,28.45590054988861
stim_97_viola_complex.wav,20.000000149011612,20.000000596046448,40.593744814395905,28.422467708587646
stim_97_viola_complex.wav,35.00000059604645,60.0,40.796262323856354,28.383423686027527
stim_97_viola_complex.wav,30.00000089406967,60.0,40.33620446920395,28.516371846199036
stim_97_viola_complex.wav,40.000000298023224,0.0,41.454784870147705,30.209105014801025
stim_97_viola_complex.wav,5.000000037252903,30.0,41.10459566116333,28.367732763290405
stim_97_viola_complex.wav,70.0000011920929,10.000000298023224,40.05933076143265,28.45341145992279
stim_97_viola_complex.wav,90.0,30.0,40.88631212711334,28.746408820152283
stim_97_viola_complex.wav,70.0000011920929,20.000000596046448,36.66237473487854,28.757654428482056
stim_97_viola_complex.wav,70.0000011920929,40.000001192092896,41.19819134473801,28.368061780929565
stim_97_viola_complex.wav,20.000000149011612,49.999998807907104,39.98874306678772,28.455398082733154
stim_97_viola_complex.wav,35.00000059604645,20.000000596046448,40.34749925136566,28.444751501083374
stim_97_viola_complex.wav,45.0,0.0,39.61416453123093,28.453744053840637
stim_97_viola_complex.wav,5.000000037252903,40.000001192092896,41.06415331363678,28.377435207366943
stim_97_viola_complex.wav,20.000000149011612,20.000000596046448,39.82510685920715,28.45446467399597
stim_97_viola_complex.wav,15.000000447034836,49.999998807907104,40.794754922389984,28.397943377494812
stim_97_viola_complex.wav,60.00000178813934,10.000000298023224,40.53460210561752,29.773394465446472
stim_97_viola_complex.wav,35.00000059604645,30.0,40.42609065771103,28.43329131603241
stim_97_viola_complex.wav,40.000000298023224,30.0,43.10644894838333,30.87986469268799
stim_97_viola_complex.wav,64.9999988079071,10.000000298023224,40.365620255470276,28.445305824279785
stim_97_viola_complex.wav,40.000000298023224,10.000000298023224,40.52338778972626,28.439932465553284
stim_97_viola_complex.wav,40.000000298023224,49.999998807907104,42.359692454338074,29.622521996498108
stim_97_viola_complex.wav,64.9999988079071,40.000001192092896,40.58399498462677,28.420992493629456
stim_97_viola_complex.wav,5.000000037252903,0.0,41.0471373796463,28.370216488838196
stim_97_viola_complex.wav,0.0,40.000001192092896,41.17552936077118,28.519293665885925
stim_97_viola_complex.wav,70.0000011920929,60.0,41.39858990907669,28.34141492843628
stim_97_viola_complex.wav,40.000000298023224,40.000001192092896,40.040810108184814,28.45381200313568
stim_97_viola_complex.wav,25.000001192092896,20.000000596046448,39.98071253299713,28.44756782054901
stim_97_viola_complex.wav,70.0000011920929,0.0,39.74474787712097,28.459426760673523
stim_97_viola_complex.wav,35.00000059604645,20.000000596046448,40.23103505373001,28.4466290473938
stim_97_viola_complex.wav,20.000000149011612,40.000001192092896,38.76508444547653,28.570075035095215
stim_97_viola_complex.wav,0.0,20.000000596046448,41.03374242782593,28.380594849586487
stim_97_viola_complex.wav,5.000000037252903,30.0,38.44747602939606,28.68182122707367
stim_97_viola_complex.wav,50.00000238418579,0.0,40.98691910505295,28.376521468162537
stim_97_viola_complex.wav,50.00000238418579,10.000000298023224,40.92211425304413,28.37814152240753
stim_97_viola_complex.wav,50.00000238418579,0.0,44.310715198516846,29.54792082309723
stim_97_viola_complex.wav,20.000000149011612,49.999998807907104,38.19228529930115,28.329171538352966
stim_97_viola_complex.wav,5.000000037252903,30.0,40.71788549423218,28.39897334575653
stim_97_viola_complex.wav,0.0,20.000000596046448,40.5587312579155,28.50318968296051
stim_97_viola_complex.wav,30.00000089406967,20.000000596046448,40.301440358161926,28.486910462379456
stim_97_viola_complex.wav,70.0000011920929,49.999998807907104,40.50030201673508,28.434205055236816
stim_97_viola_complex.wav,84.99999761581421,30.0,37.71521955728531,28.660393953323364
stim_97_viola_complex.wav,10.000000074505806,20.000000596046448,40.903698205947876,28.38329315185547
stim_97_viola_complex.wav,84.99999761581421,60.0,38.418682515621185,28.467804193496704
stim_97_viola_complex.wav,5.000000037252903,49.999998807907104,35.573360323905945,29.375942945480347
stim_97_viola_complex.wav,40.000000298023224,30.0,40.03794014453888,28.45340073108673
stim_97_viola_complex.wav,90.0,10.000000298023224,40.01244306564331,28.446664810180664
stim_97_viola_complex.wav,15.000000447034836,60.0,40.6633186340332,28.41665804386139
stim_97_viola_complex.wav,30.00000089406967,49.999998807907104,39.20712321996689,28.803096413612366
stim_97_viola_complex.wav,80.00000059604645,30.0,40.51565229892731,28.430625200271606
stim_97_viola_complex.wav,30.00000089406967,40.000001192092896,39.98618692159653,28.4536349773407
stim_97_viola_complex.wav,30.00000089406967,49.999998807907104,39.88949328660965,28.43434989452362
stim_97_viola_complex.wav,45.0,10.000000298023224,40.46614944934845,28.432894349098206
stim_97_viola_complex.wav,64.9999988079071,0.0,40.3715854883194,28.432939052581787
stim_97_viola_complex.wav,5.000000037252903,30.0,36.13499075174332,28.803943991661072
stim_97_viola_complex.wav,74.99999821186066,10.000000298023224,44.368272721767426,27.79595375061035
stim_97_viola_complex.wav,60.00000178813934,0.0,40.54584056138992,29.457335472106934
stim_97_viola_complex.wav,54.99999940395355,60.0,40.263157188892365,28.43257784843445
stim_97_viola_complex.wav,64.9999988079071,40.000001192092896,41.256811022758484,28.35771918296814
stim_97_viola_complex.wav,80.00000059604645,40.000001192092896,40.16533434391022,28.459179997444153
stim_97_viola_complex.wav,70.0000011920929,49.999998807907104,42.25951999425888,28.2767254114151
stim_97_viola_complex.wav,54.99999940395355,10.000000298023224,45.22340655326843,29.790862798690796
stim_61_viola_complex.wav,64.9999988079071,10.000000298023224,47.956223487854004,26.216872930526733
stim_61_viola_complex.wav,54.99999940395355,30.0,51.55254006385803,32.087141275405884
stim_61_viola_complex.wav,10.000000074505806,30.0,45.28532266616821,27.49776542186737
stim_61_viola_complex.wav,25.000001192092896,0.0,25.226739048957825,16.82350516319275
stim_61_viola_complex.wav,90.0,20.000000596046448,32.46868193149567,26.479530930519104
stim_61_viola_complex.wav,5.000000037252903,20.000000596046448,14.690895974636078,26.99116587638855
stim_61_viola_complex.wav,20.000000149011612,30.0,41.624485552310944,27.389867305755615
stim_61_viola_complex.wav,45.0,0.0,42.071169912815094,28.199697732925415
stim_61_viola_complex.wav,40.000000298023224,60.0,41.0576730966568,27.905883193016052
stim_61_viola_complex.wav,45.0,49.999998807907104,41.22067630290985,25.06462275981903
stim_61_viola_complex.wav,40.000000298023224,30.0,34.524565637111664,27.830591797828674
stim_61_viola_complex.wav,25.000001192092896,0.0,23.76941978931427,18.23891043663025
stim_61_viola_complex.wav,5.000000037252903,40.000001192092896,33.372728526592255,28.815255761146545
stim_61_viola_complex.wav,35.00000059604645,60.0,41.3902348279953,26.17442786693573
stim_61_viola_complex.wav,20.000000149011612,60.0,19.405082166194916,25.931174755096436
stim_61_viola_complex.wav,25.000001192092896,10.000000298023224,27.607322931289673,15.584356784820557
stim_61_viola_complex.wav,70.0000011920929,10.000000298023224,46.525951623916626,24.902104139328003
stim_61_viola_complex.wav,35.00000059604645,60.0,37.794199883937836,27.888768911361694
stim_61_viola_complex.wav,74.99999821186066,49.999998807907104,45.15659809112549,30.03170371055603
stim_61_viola_complex.wav,84.99999761581421,0.0,57.96033203601837,15.014469623565674
stim_61_viola_complex.wav,40.000000298023224,40.000001192092896,28.694263994693756,17.785443663597107
stim_61_viola_complex.wav,45.0,40.000001192092896,41.01065933704376,28.384703993797302
stim_61_viola_complex.wav,70.0000011920929,10.000000298023224,42.22639203071594,27.03457474708557
stim_61_viola_complex.wav,35.00000059604645,0.0,39.284376204013824,27.417064905166626
stim_61_viola_complex.wav,15.000000447034836,40.000001192092896,31.255728006362915,29.031972885131836
stim_61_viola_complex.wav,35.00000059604645,60.0,35.25796204805374,28.618258237838745
stim_61_viola_complex.wav,45.0,0.0,50.357487201690674,21.605089902877808
stim_61_viola_complex.wav,84.99999761581421,40.000001192092896,63.647682666778564,34.00209903717041
stim_61_viola_complex.wav,54.99999940395355,10.000000298023224,48.38276445865631,30.4659640789032
stim_61_viola_complex.wav,50.00000238418579,49.999998807907104,38.82423788309097,28.84822189807892
stim_61_viola_complex.wav,0.0,40.000001192092896,20.31938150525093,26.543453335762024
stim_61_viola_complex.wav,20.000000149011612,0.0,23.05793970823288,18.764888048171997
stim_61_viola_complex.wav,20.000000149011612,0.0,26.55608206987381,21.66741907596588
stim_61_viola_complex.wav,70.0000011920929,60.0,70.60589075088501,34.306050539016724
stim_61_viola_complex.wav,35.00000059604645,20.000000596046448,42.41777032613754,27.92336940765381
stim_61_viola_complex.wav,45.0,10.000000298023224,44.8787721991539,29.63153600692749
stim_61_viola_complex.wav,80.00000059604645,49.999998807907104,43.0224609375,29.35089111328125
stim_61_viola_complex.wav,30.00000089406967,40.000001192092896,34.26828056573868,25.857651829719543
stim_61_viola_complex.wav,50.00000238418579,0.0,51.9426029920578,24.44580852985382
stim_61_viola_complex.wav,90.0,0.0,44.65447515249252,28.396893739700317
stim_61_viola_complex.wav,84.99999761581421,0.0,63.72838497161865,15.180301666259766
stim_61_viola_complex.wav,20.000000149011612,20.000000596046448,23.700833022594452,19.486534595489502
stim_61_viola_complex.wav,80.00000059604645,49.999998807907104,63.09849500656128,31.885149478912354
stim_61_viola_complex.wav,70.0000011920929,60.0,62.932085394859314,30.032200813293457
stim_61_viola_complex.wav,0.0,0.0,5.396226346492767,24.951614141464233
stim_61_viola_complex.wav,64.9999988079071,49.999998807907104,37.91761636734009,24.348710775375366
stim_61_viola_complex.wav,0.0,0.0,34.65443551540375,29.884049892425537
stim_61_viola_complex.wav,90.0,10.000000298023224,45.061057806015015,24.33419108390808
stim_61_viola_complex.wav,25.000001192092896,40.000001192092896,38.68682563304901,29.292551279067993
stim_61_viola_complex.wav,10.000000074505806,20.000000596046448,33.704077899456024,27.71609902381897
stim_61_viola_complex.wav,84.99999761581421,49.999998807907104,69.893399477005,33.40624809265137
stim_61_viola_complex.wav,45.0,60.0,42.07121282815933,29.324374794960022
stim_61_viola_complex.wav,70.0000011920929,40.000001192092896,48.31317722797394,28.32325279712677
stim_61_viola_complex.wav,90.0,0.0,64.81640160083771,31.908960342407227
stim_61_viola_complex.wav,10.000000074505806,40.000001192092896,16.740945875644684,23.196065425872803
stim_61_viola_complex.wav,30.00000089406967,20.000000596046448,42.43211209774017,29.117494225502014
stim_61_viola_complex.wav,74.99999821186066,20.000000596046448,51.238330006599426,24.535499811172485
stim_61_viola_complex.wav,80.00000059604645,20.000000596046448,57.32762575149536,14.459612667560577
stim_61_viola_complex.wav,5.000000037252903,10.000000298023224,39.060773849487305,28.764292001724243
stim_61_viola_complex.wav,70.0000011920929,30.0,39.4680780172348,28.690776228904724
stim_61_viola_complex.wav,90.0,20.000000596046448,43.16379189491272,18.97156834602356
stim_61_viola_complex.wav,70.0000011920929,30.0,54.78184461593628,27.592111229896545
stim_61_viola_complex.wav,64.9999988079071,20.000000596046448,62.29670226573944,30.959529876708984
stim_61_viola_complex.wav,0.0,30.0,23.814322650432587,28.193825483322144
stim_61_viola_complex.wav,45.0,40.000001192092896,36.46816670894623,23.17681074142456
stim_61_viola_complex.wav,74.99999821186066,30.0,66.61254286766052,27.910818457603455
stim_61_viola_complex.wav,40.000000298023224,0.0,45.2314156293869,25.67777931690216
stim_61_viola_complex.wav,70.0000011920929,40.000001192092896,46.57910227775574,27.621771097183228
stim_61_viola_complex.wav,15.000000447034836,30.0,35.56900978088379,28.133466839790344
stim_61_viola_complex.wav,50.00000238418579,30.0,50.353463888168335,30.064873695373535
stim_61_viola_complex.wav,5.000000037252903,60.0,31.2470805644989,30.063436031341553
stim_61_viola_complex.wav,40.000000298023224,30.0,37.38269001245499,27.459179162979126
stim_61_viola_complex.wav,54.99999940395355,60.0,49.67023551464081,22.11897611618042
stim_61_viola_complex.wav,70.0000011920929,20.000000596046448,52.27946162223816,29.187512397766113
stim_61_viola_complex.wav,80.00000059604645,49.999998807907104,69.31440711021423,31.034717559814453
stim_61_viola_complex.wav,10.000000074505806,30.0,40.27946501970291,26.294982433319092
stim_61_viola_complex.wav,25.000001192092896,60.0,43.21105241775513,26.50785505771637
stim_61_viola_complex.wav,50.00000238418579,40.000001192092896,38.77338856458664,28.421452045440674
stim_61_viola_complex.wav,90.0,0.0,43.35160285234451,29.46130335330963
stim_61_viola_complex.wav,0.0,0.0,28.07982087135315,27.840601801872253
stim_61_viola_complex.wav,54.99999940395355,20.000000596046448,47.13966250419617,30.54010033607483
stim_61_viola_complex.wav,40.000000298023224,60.0,44.94651138782501,24.4717937707901
stim_61_viola_complex.wav,20.000000149011612,10.000000298023224,39.142168164253235,28.77079725265503
stim_61_viola_complex.wav,0.0,20.000000596046448,34.33254897594452,28.052194118499756
stim_61_viola_complex.wav,0.0,49.999998807907104,10.751546323299408,26.330662965774536
stim_61_viola_complex.wav,15.000000447034836,20.000000596046448,19.29809421300888,20.423548221588135
stim_61_viola_complex.wav,30.00000089406967,49.999998807907104,34.37769055366516,25.5187726020813
stim_61_viola_complex.wav,70.0000011920929,60.0,54.31218445301056,32.417099475860596
stim_61_viola_complex.wav,54.99999940395355,0.0,46.4496910572052,30.456669330596924
stim_61_viola_complex.wav,25.000001192092896,20.000000596046448,30.127918124198914,34.555968046188354
stim_61_viola_complex.wav,25.000001192092896,30.0,40.64824998378754,29.224029779434204
stim_61_viola_complex.wav,5.000000037252903,40.000001192092896,14.610231220722198,24.73833918571472
stim_61_viola_complex.wav,80.00000059604645,49.999998807907104,58.071391582489014,8.89732539653778
stim_61_viola_complex.wav,54.99999940395355,49.999998807907104,42.22421944141388,28.907563090324402
stim_61_viola_complex.wav,30.00000089406967,20.000000596046448,41.57253921031952,28.21549952030182
stim_61_viola_complex.wav,25.000001192092896,20.000000596046448,27.870101630687714,24.899720549583435
stim_61_viola_complex.wav,20.000000149011612,0.0,25.411191880702972,21.022088527679443
stim_61_viola_complex.wav,25.000001192092896,30.0,40.15543431043625,28.14173698425293
stim_61_viola_complex.wav,10.000000074505806,40.000001192092896,15.016789734363556,24.61470365524292
stim_61_viola_complex.wav,5.000000037252903,60.0,33.38418424129486,27.046276330947876
stim_61_viola_complex.wav,20.000000149011612,20.000000596046448,25.90404510498047,24.411701560020447
stim_61_viola_complex.wav,15.000000447034836,60.0,43.75847786664963,30.22823452949524
stim_61_viola_complex.wav,15.000000447034836,40.000001192092896,28.217399418354034,31.1478853225708
stim_61_viola_complex.wav,15.000000447034836,49.999998807907104,21.649648547172546,29.501577615737915
stim_61_viola_complex.wav,50.00000238418579,0.0,49.588449597358704,26.868267059326172
stim_61_viola_complex.wav,60.00000178813934,20.000000596046448,66.42738997936249,32.92691230773926
stim_61_viola_complex.wav,80.00000059604645,0.0,49.83903765678406,26.35274827480316
stim_61_viola_complex.wav,64.9999988079071,49.999998807907104,49.186193346977234,28.193069100379944
stim_61_viola_complex.wav,50.00000238418579,49.999998807907104,45.131235122680664,33.24680685997009
stim_61_viola_complex.wav,70.0000011920929,20.000000596046448,47.667306661605835,29.961440563201904
stim_61_viola_complex.wav,70.0000011920929,40.000001192092896,60.071611404418945,28.287768959999084
stim_61_viola_complex.wav,90.0,0.0,60.307297110557556,30.841727256774902
stim_61_viola_complex.wav,25.000001192092896,40.000001192092896,34.08257246017456,32.67880439758301
stim_61_viola_complex.wav,30.00000089406967,30.0,35.62597990036011,29.310337901115417
stim_61_viola_complex.wav,60.00000178813934,20.000000596046448,55.013185143470764,32.79468655586243
stim_61_viola_complex.wav,25.000001192092896,20.000000596046448,38.212332129478455,24.701828956604004
stim_61_viola_complex.wav,54.99999940395355,10.000000298023224,53.975712060928345,34.625372886657715
stim_61_viola_complex.wav,60.00000178813934,30.0,49.782448410987854,30.903489589691162
stim_61_viola_complex.wav,64.9999988079071,40.000001192092896,49.78576898574829,29.30171549320221
stim_61_viola_complex.wav,15.000000447034836,0.0,28.896046578884125,24.960687160491943
stim_61_viola_complex.wav,40.000000298023224,49.999998807907104,35.10170727968216,18.52321743965149
stim_61_viola_complex.wav,54.99999940395355,20.000000596046448,41.804751455783844,28.177796602249146
stim_61_viola_complex.wav,70.0000011920929,0.0,57.29277849197388,23.538726568222046
stim_61_viola_complex.wav,54.99999940395355,49.999998807907104,37.22209811210632,34.23369526863098
stim_61_viola_complex.wav,5.000000037252903,40.000001192092896,13.750470578670502,25.497012734413147
stim_61_viola_complex.wav,20.000000149011612,0.0,30.36844253540039,23.941338658332825
stim_61_viola_complex.wav,90.0,10.000000298023224,32.94080436229706,29.86404061317444
stim_61_viola_complex.wav,54.99999940395355,60.0,40.12676686048508,29.02454674243927
stim_61_viola_complex.wav,45.0,30.0,45.34807562828064,30.404552221298218
stim_101_viola_complex.wav,25.000001192092896,49.999998807907104,40.43012470006943,28.4297776222229
stim_101_viola_complex.wav,50.00000238418579,20.000000596046448,40.925823748111725,28.39718520641327
stim_101_viola_complex.wav,40.000000298023224,10.000000298023224,40.33404529094696,28.432511687278748
stim_101_viola_complex.wav,45.0,40.000001192092896,41.343457102775574,28.398635387420654
stim_101_viola_complex.wav,45.0,49.999998807907104,41.560010612010956,28.43878984451294
stim_101_viola_complex.wav,54.99999940395355,0.0,40.786214768886566,28.40000331401825
stim_101_viola_complex.wav,20.000000149011612,20.000000596046448,40.10713577270508,28.76275062561035
stim_101_viola_complex.wav,50.00000238418579,10.000000298023224,41.23527020215988,28.433865308761597
stim_101_viola_complex.wav,30.00000089406967,20.000000596046448,40.123333632946014,28.42284321784973
stim_101_viola_complex.wav,35.00000059604645,49.999998807907104,39.83425050973892,28.501680493354797
stim_101_viola_complex.wav,64.9999988079071,30.0,43.63148331642151,27.951048016548157
stim_101_viola_complex.wav,70.0000011920929,49.999998807907104,41.46438181400299,28.400818705558777
stim_101_viola_complex.wav,54.99999940395355,10.000000298023224,40.813991725444794,28.410980701446533
stim_101_viola_complex.wav,15.000000447034836,30.0,32.35920488834381,31.06515884399414
stim_101_viola_complex.wav,25.000001192092896,10.000000298023224,40.55847376585007,28.424817323684692
stim_101_viola_complex.wav,5.000000037252903,0.0,40.949134826660156,28.39407205581665
stim_101_viola_complex.wav,15.000000447034836,49.999998807907104,38.734829127788544,28.522655367851257
stim_101_viola_complex.wav,54.99999940395355,30.0,41.016493141651154,28.396301865577698
stim_101_viola_complex.wav,74.99999821186066,20.000000596046448,41.17266207933426,28.432445526123047
stim_101_viola_complex.wav,45.0,0.0,40.75737565755844,28.564487099647522
stim_101_viola_complex.wav,50.00000238418579,60.0,41.294705271720886,28.38109016418457
stim_101_viola_complex.wav,15.000000447034836,49.999998807907104,40.68903028964996,28.45319151878357
stim_101_viola_complex.wav,0.0,60.0,42.86274880170822,28.76322090625763
stim_101_viola_complex.wav,80.00000059604645,0.0,40.15716701745987,28.93820285797119
stim_101_viola_complex.wav,45.0,40.000001192092896,41.12294465303421,28.44937562942505
stim_101_viola_complex.wav,80.00000059604645,40.000001192092896,42.261123955249786,28.309512734413147
stim_101_viola_complex.wav,70.0000011920929,10.000000298023224,41.38648509979248,28.358590006828308
stim_101_viola_complex.wav,15.000000447034836,49.999998807907104,34.72362041473389,29.57254707813263
stim_101_viola_complex.wav,25.000001192092896,30.0,39.784600138664246,28.795328736305237
stim_101_viola_complex.wav,35.00000059604645,20.000000596046448,40.083253383636475,28.476746678352356
stim_101_viola_complex.wav,30.00000089406967,20.000000596046448,41.02588355541229,28.36912751197815
stim_101_viola_complex.wav,90.0,10.000000298023224,40.842696726322174,28.394562005996704
stim_101_viola_complex.wav,25.000001192092896,30.0,40.38605868816376,28.432897925376892
stim_101_viola_complex.wav,5.000000037252903,49.999998807907104,39.887269735336304,28.45233142375946
stim_101_viola_complex.wav,15.000000447034836,30.0,40.679020285606384,28.4074205160141
stim_101_viola_complex.wav,35.00000059604645,49.999998807907104,40.5999755859375,28.419560194015503
stim_101_viola_complex.wav,50.00000238418579,40.000001192092896,40.427804589271545,28.461320400238037
stim_101_viola_complex.wav,60.00000178813934,40.000001192092896,40.6294772028923,28.39497685432434
stim_101_viola_complex.wav,74.99999821186066,40.000001192092896,40.40101736783981,28.4478896856308
stim_101_viola_complex.wav,64.9999988079071,40.000001192092896,41.22655838727951,28.362838625907898
stim_101_viola_complex.wav,5.000000037252903,20.000000596046448,44.109469056129456,26.66243612766266
stim_101_viola_complex.wav,80.00000059604645,60.0,40.502989590168,28.55964481830597
stim_101_viola_complex.wav,90.0,10.000000298023224,40.504073202610016,28.430795073509216
stim_101_viola_complex.wav,60.00000178813934,20.000000596046448,40.260037779808044,28.372145891189575
stim_101_viola_complex.wav,50.00000238418579,60.0,40.968366265296936,28.460623025894165
stim_101_viola_complex.wav,45.0,40.000001192092896,47.653321623802185,31.047885417938232
stim_101_viola_complex.wav,50.00000238418579,40.000001192092896,41.48047775030136,28.336638808250427
stim_101_viola_complex.wav,50.00000238418579,60.0,46.40370726585388,31.119303703308105
stim_101_viola_complex.wav,35.00000059604645,30.0,45.83646833896637,31.077944040298462
stim_101_viola_complex.wav,70.0000011920929,20.000000596046448,40.78090935945511,28.414633870124817
stim_101_viola_complex.wav,54.99999940395355,49.999998807907104,40.43698847293854,28.435914516448975
stim_101_viola_complex.wav,5.000000037252903,30.0,40.554793775081635,28.41390073299408
stim_101_viola_complex.wav,80.00000059604645,20.000000596046448,43.980406522750854,29.380468726158142
stim_101_viola_complex.wav,40.000000298023224,49.999998807907104,40.38709133863449,28.45023214817047
stim_101_viola_complex.wav,30.00000089406967,10.000000298023224,40.988370180130005,28.380877375602722
stim_101_viola_complex.wav,5.000000037252903,0.0,40.685841143131256,28.411139845848083
stim_101_viola_complex.wav,25.000001192092896,30.0,40.538408160209656,28.454806208610535
stim_101_viola_complex.wav,50.00000238418579,0.0,35.29548615217209,29.188495874404907
stim_101_viola_complex.wav,50.00000238418579,49.999998807907104,40.35692721605301,28.42595636844635
stim_101_viola_complex.wav,25.000001192092896,20.000000596046448,40.25809854269028,28.443776965141296
stim_101_viola_complex.wav,35.00000059604645,0.0,39.86737310886383,28.54335308074951
stim_101_viola_complex.wav,20.000000149011612,30.0,39.53681766986847,28.68190884590149
stim_101_viola_complex.wav,35.00000059604645,49.999998807907104,40.13477325439453,28.444653153419495
stim_101_viola_complex.wav,64.9999988079071,49.999998807907104,49.04068887233734,30.17608880996704
stim_101_viola_complex.wav,70.0000011920929,30.0,42.04945743083954,28.336105942726135
stim_101_viola_complex.wav,64.9999988079071,0.0,40.777283012866974,28.401920199394226
stim_101_viola_complex.wav,15.000000447034836,40.000001192092896,40.86697071790695,28.400402069091797
stim_101_viola_complex.wav,20.000000149011612,10.000000298023224,40.60795783996582,29.157146215438843
stim_101_viola_complex.wav,84.99999761581421,20.000000596046448,41.06522887945175,28.405802249908447
stim_101_viola_complex.wav,64.9999988079071,60.0,40.79231679439545,28.40935707092285
stim_101_viola_complex.wav,70.0000011920929,60.0,40.400354862213135,28.442713022232056
stim_101_viola_complex.wav,84.99999761581421,49.999998807907104,40.93166559934616,28.399930000305176
stim_101_viola_complex.wav,64.9999988079071,0.0,40.74671924114227,28.4225070476532
stim_101_viola_complex.wav,70.0000011920929,30.0,43.00144046545029,28.501219153404236
stim_101_viola_complex.wav,25.000001192092896,60.0,40.761999785900116,28.388076424598694
stim_101_viola_complex.wav,25.000001192092896,20.000000596046448,40.70662021636963,28.404332399368286
stim_101_viola_complex.wav,54.99999940395355,40.000001192092896,41.026706993579865,28.38321805000305
stim_101_viola_complex.wav,80.00000059604645,0.0,41.09503626823425,28.435952067375183
stim_101_viola_complex.wav,74.99999821186066,60.0,39.96382266283035,28.463770151138306
stim_101_viola_complex.wav,20.000000149011612,60.0,40.66804200410843,28.412198424339294
stim_101_viola_complex.wav,60.00000178813934,60.0,41.03732854127884,28.378472328186035
stim_101_viola_complex.wav,74.99999821186066,10.000000298023224,41.059062480926514,28.42557191848755
stim_101_viola_complex.wav,84.99999761581421,20.000000596046448,40.47386884689331,28.4264999628067
stim_101_viola_complex.wav,35.00000059604645,30.0,40.680012702941895,28.46044957637787
stim_101_viola_complex.wav,45.0,30.0,44.2165669798851,28.53878617286682
stim_101_viola_complex.wav,45.0,60.0,41.663809418678284,28.468118906021118
stim_101_viola_complex.wav,40.000000298023224,60.0,41.39878571033478,28.41221272945404
stim_101_viola_complex.wav,50.00000238418579,60.0,41.03435933589935,28.39309573173523
stim_101_viola_complex.wav,5.000000037252903,20.000000596046448,43.77673298120499,28.461631536483765
stim_101_viola_complex.wav,35.00000059604645,30.0,43.61931949853897,29.32730197906494
stim_101_viola_complex.wav,10.000000074505806,10.000000298023224,40.72682797908783,28.41896653175354
stim_101_viola_complex.wav,54.99999940395355,49.999998807907104,40.713969469070435,28.49531650543213
stim_101_viola_complex.wav,84.99999761581421,10.000000298023224,46.85887813568115,31.10585331916809
stim_101_viola_complex.wav,84.99999761581421,0.0,41.3765287399292,28.73583197593689
stim_101_viola_complex.wav,54.99999940395355,49.999998807907104,40.79077452421188,28.581186532974243
stim_101_viola_complex.wav,50.00000238418579,30.0,43.41788828372955,29.232466220855713
stim_101_viola_complex.wav,30.00000089406967,0.0,40.34213215112686,28.480528593063354
stim_101_viola_complex.wav,10.000000074505806,10.000000298023224,34.73396837711334,30.470463037490845
stim_101_viola_complex.wav,10.000000074505806,0.0,40.62037646770477,28.423372507095337
stim_101_viola_complex.wav,74.99999821186066,30.0,40.93597590923309,28.39106798171997
stim_101_viola_complex.wav,40.000000298023224,49.999998807907104,41.25905066728592,28.397412300109863
stim_101_viola_complex.wav,30.00000089406967,49.999998807907104,40.08969336748123,28.51110577583313
stim_101_viola_complex.wav,45.0,20.000000596046448,41.03719711303711,28.394420742988586
stim_101_viola_complex.wav,54.99999940395355,10.000000298023224,40.559777319431305,28.429450392723083
stim_101_viola_complex.wav,35.00000059604645,30.0,46.16933584213257,31.260030269622803
stim_101_viola_complex.wav,45.0,30.0,40.31046599149704,28.44090700149536
stim_101_viola_complex.wav,40.000000298023224,49.999998807907104,40.48719674348831,28.427889347076416
stim_101_viola_complex.wav,5.000000037252903,30.0,39.57916975021362,28.195942640304565
stim_101_viola_complex.wav,0.0,60.0,41.22071385383606,28.45792829990387
stim_101_viola_complex.wav,45.0,49.999998807907104,47.075278759002686,31.08580470085144
stim_101_viola_complex.wav,84.99999761581421,60.0,40.604336857795715,28.418163657188416
stim_101_viola_complex.wav,40.000000298023224,49.999998807907104,40.62517762184143,28.400444984436035
stim_64_viola_complex.wav,25.000001192092896,40.000001192092896,26.116934716701508,19.97342348098755
stim_64_viola_complex.wav,20.000000149011612,20.000000596046448,28.359097838401794,23.300809264183044
stim_64_viola_complex.wav,25.000001192092896,30.0,31.73966556787491,35.45082449913025
stim_64_viola_complex.wav,40.000000298023224,60.0,41.883141696453094,31.95656418800354
stim_64_viola_complex.wav,50.00000238418579,30.0,41.917471289634705,25.237825512886047
stim_64_viola_complex.wav,60.00000178813934,10.000000298023224,45.88563323020935,23.308990001678467
stim_64_viola_complex.wav,50.00000238418579,40.000001192092896,48.25069785118103,40.53412199020386
stim_64_viola_complex.wav,15.000000447034836,10.000000298023224,17.488351464271545,16.120839715003967
stim_64_viola_complex.wav,0.0,40.000001192092896,3.675229847431183,26.370025277137756
stim_64_viola_complex.wav,70.0000011920929,49.999998807907104,65.1104199886322,38.0513334274292
stim_64_viola_complex.wav,40.000000298023224,0.0,41.16695702075958,28.580989837646484
stim_64_viola_complex.wav,35.00000059604645,0.0,37.30046421289444,24.390149116516113
stim_64_viola_complex.wav,25.000001192092896,0.0,32.131136655807495,25.081670880317688
stim_64_viola_complex.wav,5.000000037252903,49.999998807907104,22.991345822811127,28.367217779159546
stim_64_viola_complex.wav,10.000000074505806,30.0,19.271569848060608,25.72053551673889
stim_64_viola_complex.wav,70.0000011920929,0.0,44.25185948610306,28.09356987476349
stim_64_viola_complex.wav,70.0000011920929,60.0,66.60395979881287,34.31431174278259
stim_64_viola_complex.wav,84.99999761581421,30.0,70.74833750724792,24.302671551704407
stim_64_viola_complex.wav,84.99999761581421,60.0,35.511033833026886,31.0019588470459
stim_64_viola_complex.wav,74.99999821186066,0.0,49.643129110336304,30.672547817230225
stim_64_viola_complex.wav,30.00000089406967,10.000000298023224,36.25799685716629,40.80923080444336
stim_64_viola_complex.wav,30.00000089406967,49.999998807907104,44.08610701560974,32.82519578933716
stim_64_viola_complex.wav,60.00000178813934,30.0,39.407494962215424,29.214386343955994
stim_64_viola_complex.wav,64.9999988079071,10.000000298023224,34.102469086647034,27.416943311691284
stim_64_viola_complex.wav,50.00000238418579,10.000000298023224,41.26440703868866,29.073041081428528
stim_64_viola_complex.wav,64.9999988079071,10.000000298023224,60.64526617527008,30.471196174621582
stim_64_viola_complex.wav,25.000001192092896,60.0,25.601092278957367,28.174450993537903
stim_64_viola_complex.wav,80.00000059604645,49.999998807907104,55.171687602996826,30.053812265396118
stim_64_viola_complex.wav,45.0,60.0,41.669380366802216,38.67038011550903
stim_64_viola_complex.wav,40.000000298023224,40.000001192092896,33.20386469364166,46.53900504112244
stim_64_viola_complex.wav,10.000000074505806,49.999998807907104,12.141442894935608,29.280404448509216
stim_64_viola_complex.wav,70.0000011920929,40.000001192092896,53.01494479179382,27.597747445106506
stim_64_viola_complex.wav,54.99999940395355,10.000000298023224,55.71839153766632,26.985138058662415
stim_64_viola_complex.wav,84.99999761581421,10.000000298023224,68.73456716537476,17.211177349090576
stim_64_viola_complex.wav,0.0,30.0,30.883142352104187,29.23432946205139
stim_64_viola_complex.wav,0.0,60.0,6.271661818027496,27.33271300792694
stim_64_viola_complex.wav,35.00000059604645,49.999998807907104,33.15298318862915,28.896095752716064
stim_64_viola_complex.wav,40.000000298023224,49.999998807907104,42.992723286151886,22.979507446289062
stim_64_viola_complex.wav,40.000000298023224,20.000000596046448,42.00708121061325,28.727615475654602
stim_64_viola_complex.wav,80.00000059604645,60.0,67.86650240421295,29.534377455711365
stim_64_viola_complex.wav,10.000000074505806,49.999998807907104,12.261528074741364,39.22427415847778
stim_64_viola_complex.wav,64.9999988079071,0.0,51.51909828186035,32.020583152770996
stim_64_viola_complex.wav,80.00000059604645,0.0,51.52855038642883,25.80945074558258
stim_64_viola_complex.wav,90.0,10.000000298023224,70.07282316684723,16.385743618011475
stim_64_viola_complex.wav,25.000001192092896,49.999998807907104,25.636266767978668,41.47995471954346
stim_64_viola_complex.wav,40.000000298023224,20.000000596046448,47.96054720878601,31.261857748031616
stim_64_viola_complex.wav,50.00000238418579,30.0,43.285110890865326,30.510910749435425
stim_64_viola_complex.wav,64.9999988079071,30.0,56.951762437820435,34.94169473648071
stim_64_viola_complex.wav,80.00000059604645,0.0,49.09269154071808,26.460217237472534
stim_64_viola_complex.wav,50.00000238418579,49.999998807907104,43.6628383398056,29.83933925628662
stim_64_viola_complex.wav,70.0000011920929,60.0,48.86450529098511,29.65848684310913
stim_64_viola_complex.wav,84.99999761581421,10.000000298023224,61.85270547866821,21.56517505645752
stim_64_viola_complex.wav,90.0,10.000000298023224,44.69464659690857,28.352628350257874
stim_64_viola_complex.wav,80.00000059604645,40.000001192092896,55.49710392951965,33.563804626464844
stim_64_viola_complex.wav,0.0,49.999998807907104,4.777977168560028,26.47989571094513
stim_64_viola_complex.wav,74.99999821186066,60.0,41.61982387304306,31.272883415222168
stim_64_viola_complex.wav,64.9999988079071,30.0,53.240341544151306,30.83538293838501
stim_64_viola_complex.wav,25.000001192092896,10.000000298023224,34.424900114536285,28.808605670928955
stim_64_viola_complex.wav,10.000000074505806,30.0,29.754267632961273,30.690618753433228
stim_64_viola_complex.wav,10.000000074505806,40.000001192092896,14.990681111812592,34.43226099014282
stim_64_viola_complex.wav,25.000001192092896,60.0,35.659907162189484,28.847209811210632
stim_64_viola_complex.wav,80.00000059604645,20.000000596046448,46.68416440486908,24.57180619239807
stim_64_viola_complex.wav,0.0,20.000000596046448,7.035444974899292,26.492217779159546
stim_64_viola_complex.wav,35.00000059604645,49.999998807907104,35.483627021312714,35.93764543533325
stim_64_viola_complex.wav,45.0,0.0,40.990255773067474,12.666614055633545
stim_64_viola_complex.wav,74.99999821186066,40.000001192092896,61.928579807281494,32.075042724609375
stim_64_viola_complex.wav,64.9999988079071,20.000000596046448,56.104795932769775,34.857072830200195
stim_64_viola_complex.wav,64.9999988079071,20.000000596046448,60.46476423740387,31.98765993118286
stim_64_viola_complex.wav,45.0,40.000001192092896,48.38760852813721,31.64048194885254
stim_64_viola_complex.wav,35.00000059604645,40.000001192092896,32.20550358295441,25.088664293289185
stim_64_viola_complex.wav,64.9999988079071,40.000001192092896,53.179230093955994,32.713083028793335
stim_64_viola_complex.wav,45.0,60.0,40.70854067802429,35.39497375488281
stim_64_viola_complex.wav,15.000000447034836,0.0,29.390404522418976,24.92186665534973
stim_64_viola_complex.wav,80.00000059604645,20.000000596046448,70.49001932144165,16.530314683914185
stim_64_viola_complex.wav,50.00000238418579,40.000001192092896,40.892990827560425,30.208100080490112
stim_64_viola_complex.wav,5.000000037252903,40.000001192092896,20.60800462961197,29.375526309013367
stim_64_viola_complex.wav,74.99999821186066,20.000000596046448,65.80560564994812,15.171879529953003
stim_64_viola_complex.wav,50.00000238418579,20.000000596046448,43.492469787597656,26.31190538406372
stim_64_viola_complex.wav,15.000000447034836,40.000001192092896,15.274295210838318,24.325883388519287
stim_64_viola_complex.wav,80.00000059604645,20.000000596046448,65.4595685005188,17.157636880874634
stim_64_viola_complex.wav,40.000000298023224,10.000000298023224,45.2458781003952,29.701654314994812
stim_64_viola_complex.wav,50.00000238418579,20.000000596046448,49.51171159744263,26.729671955108643
stim_64_viola_complex.wav,64.9999988079071,60.0,50.78334152698517,30.75817108154297
stim_64_viola_complex.wav,25.000001192092896,10.000000298023224,32.93659329414368,36.383453607559204
stim_64_viola_complex.wav,20.000000149011612,60.0,28.818511962890625,36.1676287651062
stim_64_viola_complex.wav,40.000000298023224,10.000000298023224,49.27544116973877,31.978129148483276
stim_64_viola_complex.wav,64.9999988079071,0.0,38.72562378644943,28.7644761800766
stim_64_viola_complex.wav,64.9999988079071,40.000001192092896,35.44278770685196,23.246591091156006
stim_64_viola_complex.wav,35.00000059604645,49.999998807907104,34.07413959503174,26.625384092330933
stim_64_viola_complex.wav,70.0000011920929,0.0,36.72646343708038,17.884461879730225
stim_64_viola_complex.wav,70.0000011920929,40.000001192092896,32.38670825958252,29.240822196006775
stim_64_viola_complex.wav,90.0,30.0,57.22720384597778,17.634562253952026
stim_64_viola_complex.wav,15.000000447034836,60.0,13.130241930484772,38.850624561309814
stim_64_viola_complex.wav,70.0000011920929,10.000000298023224,61.42752170562744,14.70771074295044
stim_64_viola_complex.wav,45.0,0.0,48.9074045419693,27.52019762992859
stim_64_viola_complex.wav,20.000000149011612,30.0,22.633193135261536,20.20590305328369
stim_64_viola_complex.wav,74.99999821186066,0.0,44.16212886571884,27.624095678329468
stim_64_viola_complex.wav,74.99999821186066,49.999998807907104,56.169458627700806,32.058634757995605
stim_64_viola_complex.wav,0.0,49.999998807907104,50.51468074321747,25.440852642059326
stim_64_viola_complex.wav,10.000000074505806,40.000001192092896,11.650204360485077,46.128984689712524
stim_64_viola_complex.wav,60.00000178813934,40.000001192092896,55.370943546295166,35.576584339141846
stim_64_viola_complex.wav,40.000000298023224,10.000000298023224,44.379264414310455,30.00197410583496
stim_64_viola_complex.wav,0.0,40.000001192092896,2.8192833065986633,25.70060133934021
stim_64_viola_complex.wav,30.00000089406967,0.0,33.78394067287445,24.070522785186768
stim_64_viola_complex.wav,64.9999988079071,60.0,67.68572688102722,34.64774250984192
stim_64_viola_complex.wav,84.99999761581421,20.000000596046448,59.80429708957672,30.598955154418945
stim_64_viola_complex.wav,35.00000059604645,10.000000298023224,39.92552876472473,32.191550731658936
stim_64_viola_complex.wav,74.99999821186066,40.000001192092896,33.85485827922821,29.57058012485504
stim_64_viola_complex.wav,15.000000447034836,30.0,29.19240117073059,30.95759153366089
stim_64_viola_complex.wav,54.99999940395355,20.000000596046448,50.541492104530334,27.85971701145172
stim_64_viola_complex.wav,84.99999761581421,10.000000298023224,37.72321254014969,27.807447910308838
stim_64_viola_complex.wav,10.000000074505806,30.0,28.407592177391052,29.83367621898651
stim_64_viola_complex.wav,74.99999821186066,20.000000596046448,64.71241772174835,18.348389267921448
stim_64_viola_complex.wav,60.00000178813934,40.000001192092896,54.08994197845459,29.336995482444763
stim_64_viola_complex.wav,10.000000074505806,30.0,14.605832397937775,24.49822425842285
stim_64_viola_complex.wav,25.000001192092896,0.0,38.08455437421799,26.250627636909485
stim_64_viola_complex.wav,40.000000298023224,20.000000596046448,43.77703070640564,20.604613423347473
stim_64_viola_complex.wav,84.99999761581421,10.000000298023224,61.82286858558655,14.012632369995117
stim_64_viola_complex.wav,45.0,10.000000298023224,45.74116408824921,25.68884789943695
stim_64_viola_complex.wav,15.000000447034836,40.000001192092896,13.766161501407623,41.19806885719299
stim_64_viola_complex.wav,74.99999821186066,60.0,39.73781704902649,29.37734305858612
stim_64_viola_complex.wav,10.000000074505806,30.0,21.907443702220917,32.412790060043335
stim_64_viola_complex.wav,54.99999940395355,40.000001192092896,41.13010883331299,32.976815700531006
stim_64_viola_complex.wav,35.00000059604645,30.0,43.400714099407196,35.59422969818115
stim_64_viola_complex.wav,20.000000149011612,49.999998807907104,15.040106177330017,19.281063079833984
stim_64_viola_complex.wav,35.00000059604645,10.000000298023224,34.49778914451599,26.957847476005554
stim_64_viola_complex.wav,25.000001192092896,10.000000298023224,38.12214553356171,28.884190320968628
stim_56_viola_complex.wav,35.00000059604645,20.000000596046448,38.39856594800949,29.350306391716003
stim_56_viola_complex.wav,80.00000059604645,20.000000596046448,43.118494749069214,29.240804314613342
stim_56_viola_complex.wav,84.99999761581421,30.0,37.44818419218063,30.573781728744507
stim_56_viola_complex.wav,20.000000149011612,30.0,39.52420860528946,28.838379979133606
stim_56_viola_complex.wav,84.99999761581421,10.000000298023224,40.570374727249146,27.823258638381958
stim_56_viola_complex.wav,74.99999821186066,49.999998807907104,52.09372937679291,34.21646475791931
stim_56_viola_complex.wav,10.000000074505806,49.999998807907104,13.466998636722565,22.315914630889893
stim_56_viola_complex.wav,15.000000447034836,60.0,13.105013072490692,25.05303919315338
stim_56_viola_complex.wav,84.99999761581421,60.0,36.32886081933975,29.003140926361084
stim_56_viola_complex.wav,60.00000178813934,60.0,50.39305329322815,31.339255571365356
stim_56_viola_complex.wav,70.0000011920929,30.0,40.19542336463928,28.663755655288696
stim_56_viola_complex.wav,15.000000447034836,60.0,21.925142258405685,26.659156680107117
stim_56_viola_complex.wav,10.000000074505806,20.000000596046448,29.227795600891113,27.43789851665497
stim_56_viola_complex.wav,84.99999761581421,49.999998807907104,63.65057945251465,35.95808029174805
stim_56_viola_complex.wav,20.000000149011612,30.0,34.10900831222534,29.926287531852722
stim_56_viola_complex.wav,35.00000059604645,10.000000298023224,43.335541784763336,27.137514352798462
stim_56_viola_complex.wav,35.00000059604645,60.0,41.426956951618195,23.969721794128418
stim_56_viola_complex.wav,60.00000178813934,40.000001192092896,39.879260659217834,28.75938892364502
stim_56_viola_complex.wav,20.000000149011612,30.0,37.44373708963394,29.67962622642517
stim_56_viola_complex.wav,50.00000238418579,30.0,48.1261682510376,28.529364466667175
stim_56_viola_complex.wav,74.99999821186066,10.000000298023224,38.437310457229614,27.524626851081848
stim_56_viola_complex.wav,0.0,20.000000596046448,16.837164759635925,31.117247343063354
stim_56_viola_complex.wav,5.000000037252903,40.000001192092896,35.074836909770966,28.823840618133545
stim_56_viola_complex.wav,70.0000011920929,30.0,56.7872679233551,34.50697660446167
stim_56_viola_complex.wav,45.0,30.0,45.52892625331879,22.719672918319702
stim_56_viola_complex.wav,20.000000149011612,49.999998807907104,26.601784229278564,24.17110025882721
stim_56_viola_complex.wav,15.000000447034836,30.0,15.21195262670517,26.378751397132874
stim_56_viola_complex.wav,15.000000447034836,30.0,37.78776258230209,29.5501971244812
stim_56_viola_complex.wav,84.99999761581421,60.0,64.1603171825409,35.21105647087097
stim_56_viola_complex.wav,74.99999821186066,0.0,41.90181523561478,29.16400372982025
stim_56_viola_complex.wav,70.0000011920929,30.0,62.55716621875763,36.690673828125
stim_56_viola_complex.wav,10.000000074505806,40.000001192092896,31.33777141571045,30.251312255859375
stim_56_viola_complex.wav,40.000000298023224,0.0,41.35662406682968,20.42329251766205
stim_56_viola_complex.wav,50.00000238418579,0.0,52.85595417022705,32.6788866519928
stim_56_viola_complex.wav,45.0,30.0,36.44921153783798,31.142853498458862
stim_56_viola_complex.wav,10.000000074505806,0.0,14.703558683395386,19.449191093444824
stim_56_viola_complex.wav,25.000001192092896,49.999998807907104,30.17993688583374,27.749648094177246
stim_56_viola_complex.wav,30.00000089406967,40.000001192092896,28.667385578155518,29.507312178611755
stim_56_viola_complex.wav,35.00000059604645,10.000000298023224,39.8616224527359,29.287306666374207
stim_56_viola_complex.wav,64.9999988079071,0.0,54.25152361392975,22.964208126068115
stim_56_viola_complex.wav,70.0000011920929,40.000001192092896,53.052887320518494,34.19729948043823
stim_56_viola_complex.wav,60.00000178813934,0.0,42.07737386226654,29.10497546195984
stim_56_viola_complex.wav,5.000000037252903,60.0,36.0777872800827,29.069575667381287
stim_56_viola_complex.wav,0.0,40.000001192092896,36.677612364292145,30.199484825134277
stim_56_viola_complex.wav,5.000000037252903,49.999998807907104,13.983415067195892,23.263925313949585
stim_56_viola_complex.wav,35.00000059604645,40.000001192092896,31.41766369342804,26.09888255596161
stim_56_viola_complex.wav,84.99999761581421,30.0,48.57350707054138,30.819286108016968
stim_56_viola_complex.wav,0.0,40.000001192092896,7.642069458961487,28.851794600486755
stim_56_viola_complex.wav,5.000000037252903,49.999998807907104,31.323735415935516,29.47847843170166
stim_56_viola_complex.wav,15.000000447034836,0.0,13.14039409160614,20.004767775535583
stim_56_viola_complex.wav,84.99999761581421,10.000000298023224,58.43149423599243,23.233391046524048
stim_56_viola_complex.wav,84.99999761581421,40.000001192092896,48.92344951629639,33.04435729980469
stim_56_viola_complex.wav,60.00000178813934,0.0,37.769633531570435,28.76780927181244
stim_56_viola_complex.wav,30.00000089406967,0.0,37.62379914522171,14.504292011260986
stim_56_viola_complex.wav,15.000000447034836,49.999998807907104,30.189303159713745,31.49873971939087
stim_56_viola_complex.wav,20.000000149011612,60.0,35.804944932460785,32.62891888618469
stim_56_viola_complex.wav,64.9999988079071,30.0,62.61890530586243,35.12514352798462
stim_56_viola_complex.wav,80.00000059604645,49.999998807907104,53.094536662101746,29.90148425102234
stim_56_viola_complex.wav,74.99999821186066,10.000000298023224,43.76027226448059,26.522730588912964
stim_56_viola_complex.wav,40.000000298023224,20.000000596046448,43.66495192050934,21.85276508331299
stim_56_viola_complex.wav,60.00000178813934,30.0,41.84853047132492,28.665157556533813
stim_56_viola_complex.wav,80.00000059604645,20.000000596046448,39.02841567993164,28.595396876335144
stim_56_viola_complex.wav,60.00000178813934,10.000000298023224,53.73820245265961,33.39183211326599
stim_56_viola_complex.wav,0.0,20.000000596046448,8.816442489624023,28.081626892089844
stim_56_viola_complex.wav,54.99999940395355,20.000000596046448,46.38605833053589,29.349787831306458
stim_56_viola_complex.wav,0.0,49.999998807907104,15.212338864803314,32.54325985908508
stim_56_viola_complex.wav,35.00000059604645,49.999998807907104,33.42215895652771,28.93527925014496
stim_56_viola_complex.wav,45.0,10.000000298023224,46.380184292793274,31.428004503250122
stim_56_viola_complex.wav,74.99999821186066,60.0,51.658337116241455,29.105460047721863
stim_56_viola_complex.wav,20.000000149011612,10.000000298023224,34.381595849990845,29.074718356132507
stim_56_viola_complex.wav,30.00000089406967,49.999998807907104,36.74144893884659,30.198676586151123
stim_56_viola_complex.wav,60.00000178813934,49.999998807907104,64.15006041526794,33.1369686126709
stim_56_viola_complex.wav,40.000000298023224,0.0,40.31860649585724,29.38487470149994
stim_56_viola_complex.wav,5.000000037252903,10.000000298023224,8.880638480186462,26.26277446746826
stim_56_viola_complex.wav,84.99999761581421,30.0,57.50687777996063,34.39977407455444
stim_56_viola_complex.wav,74.99999821186066,0.0,40.45103520154953,29.035091400146484
stim_56_viola_complex.wav,5.000000037252903,49.999998807907104,16.20833694934845,28.238291144371033
stim_56_viola_complex.wav,50.00000238418579,0.0,45.95223784446716,32.15407848358154
stim_56_viola_complex.wav,64.9999988079071,10.000000298023224,37.47724860906601,29.771552681922913
stim_56_viola_complex.wav,45.0,40.000001192092896,37.089068591594696,28.855494260787964
stim_56_viola_complex.wav,30.00000089406967,60.0,37.06980764865875,22.979600429534912
stim_56_viola_complex.wav,60.00000178813934,49.999998807907104,42.028683722019196,31.238622665405273
stim_56_viola_complex.wav,70.0000011920929,0.0,45.711488127708435,29.62724268436432
stim_56_viola_complex.wav,45.0,0.0,42.51623958349228,32.044057846069336
stim_56_viola_complex.wav,25.000001192092896,60.0,34.293437004089355,25.998714566230774
stim_56_viola_complex.wav,45.0,40.000001192092896,43.93333375453949,19.95705485343933
stim_56_viola_complex.wav,60.00000178813934,40.000001192092896,42.336453795433044,30.741087198257446
stim_56_viola_complex.wav,70.0000011920929,10.000000298023224,41.02149546146393,29.962565302848816
stim_56_viola_complex.wav,45.0,60.0,39.113573133945465,28.467777371406555
stim_56_viola_complex.wav,30.00000089406967,0.0,35.54054617881775,22.580623626708984
stim_56_viola_complex.wav,35.00000059604645,60.0,42.632690370082855,30.100504159927368
stim_56_viola_complex.wav,64.9999988079071,0.0,42.57132679224014,32.277528047561646
stim_56_viola_complex.wav,60.00000178813934,30.0,54.79922533035278,35.554994344711304
stim_56_viola_complex.wav,50.00000238418579,30.0,46.40279531478882,31.831140518188477
stim_56_viola_complex.wav,74.99999821186066,40.000001192092896,50.39359509944916,31.634291410446167
stim_56_viola_complex.wav,25.000001192092896,10.000000298023224,38.44636291265488,30.577375888824463
stim_56_viola_complex.wav,15.000000447034836,30.0,41.217428147792816,29.68646228313446
stim_56_viola_complex.wav,0.0,0.0,11.970650553703308,27.2519713640213
stim_56_viola_complex.wav,5.000000037252903,20.000000596046448,27.728212773799896,28.52257490158081
stim_56_viola_complex.wav,74.99999821186066,49.999998807907104,54.05653238296509,33.892478942871094
stim_56_viola_complex.wav,84.99999761581421,20.000000596046448,44.73656415939331,30.025370121002197
stim_56_viola_complex.wav,90.0,10.000000298023224,27.15691566467285,24.698206186294556
stim_56_viola_complex.wav,25.000001192092896,0.0,35.70176035165787,28.911479115486145
stim_56_viola_complex.wav,35.00000059604645,40.000001192092896,32.271711230278015,19.427783489227295
stim_56_viola_complex.wav,60.00000178813934,10.000000298023224,65.24895071983337,33.43522310256958
stim_56_viola_complex.wav,80.00000059604645,20.000000596046448,40.061264634132385,28.736858367919922
stim_56_viola_complex.wav,30.00000089406967,20.000000596046448,36.047548055648804,28.972830176353455
stim_56_viola_complex.wav,40.000000298023224,40.000001192092896,39.60184782743454,23.19928228855133
stim_56_viola_complex.wav,84.99999761581421,40.000001192092896,58.083831667900085,37.794374227523804
stim_56_viola_complex.wav,80.00000059604645,10.000000298023224,51.556971073150635,23.276222348213196
stim_56_viola_complex.wav,80.00000059604645,20.000000596046448,44.23000484704971,24.81950283050537
stim_56_viola_complex.wav,5.000000037252903,40.000001192092896,31.03213906288147,28.691636323928833
stim_56_viola_complex.wav,50.00000238418579,30.0,43.95158886909485,22.01452910900116
stim_56_viola_complex.wav,70.0000011920929,20.000000596046448,36.54885292053223,28.75431776046753
stim_56_viola_complex.wav,54.99999940395355,60.0,38.03892731666565,29.499510526657104
stim_56_viola_complex.wav,5.000000037252903,49.999998807907104,11.18406593799591,28.70050549507141
stim_56_viola_complex.wav,25.000001192092896,10.000000298023224,28.397490978240967,11.455498337745667
stim_56_viola_complex.wav,70.0000011920929,0.0,36.07295662164688,27.230329513549805
stim_56_viola_complex.wav,50.00000238418579,20.000000596046448,43.65864336490631,32.287538051605225
stim_56_viola_complex.wav,64.9999988079071,30.0,48.10368061065674,32.22079038619995
stim_56_viola_complex.wav,84.99999761581421,30.0,44.06573832035065,29.39397633075714
stim_56_viola_complex.wav,35.00000059604645,60.0,37.64014720916748,29.170430302619934
stim_56_viola_complex.wav,40.000000298023224,10.000000298023224,45.264530181884766,25.75167417526245
stim_56_viola_complex.wav,74.99999821186066,0.0,51.67902231216431,16.76743984222412
stim_56_viola_complex.wav,0.0,0.0,14.110838770866394,29.078428745269775
stim_56_viola_complex.wav,50.00000238418579,20.000000596046448,40.92434048652649,29.280690550804138
stim_56_viola_complex.wav,20.000000149011612,20.000000596046448,23.92999827861786,14.32051420211792
stim_56_viola_complex.wav,80.00000059604645,40.000001192092896,60.00077962875366,35.395402908325195
stim_56_viola_complex.wav,50.00000238418579,60.0,41.86933636665344,29.405391812324524
stim_56_viola_complex.wav,35.00000059604645,49.999998807907104,38.65281522274017,28.207603096961975
stim_56_viola_complex.wav,5.000000037252903,40.000001192092896,24.63737189769745,31.712679862976074
stim_56_viola_complex.wav,35.00000059604645,30.0,38.11028480529785,27.937029004096985
stim_56_viola_complex.wav,40.000000298023224,60.0,39.06396836042404,29.389100074768066
stim_56_viola_complex.wav,45.0,30.0,42.20889061689377,29.201225638389587
stim_56_viola_complex.wav,50.00000238418579,0.0,41.93906307220459,28.872370719909668
stim_56_viola_complex.wav,80.00000059604645,10.000000298023224,57.77880549430847,19.258126616477966
stim_56_viola_complex.wav,64.9999988079071,10.000000298023224,33.61732721328735,28.850677013397217
stim_56_viola_complex.wav,64.9999988079071,60.0,52.881842851638794,33.163132667541504
stim_56_viola_complex.wav,35.00000059604645,10.000000298023224,42.174037992954254,24.962770342826843
stim_56_viola_complex.wav,15.000000447034836,10.000000298023224,35.025693476200104,28.80194842815399
stim_56_viola_complex.wav,40.000000298023224,20.000000596046448,38.76035839319229,28.36284041404724
stim_56_viola_complex.wav,64.9999988079071,60.0,38.960164189338684,29.359171986579895
stim_56_viola_complex.wav,80.00000059604645,20.000000596046448,38.75904679298401,28.684093952178955
stim_56_viola_complex.wav,10.000000074505806,0.0,22.367356717586517,27.766018509864807
stim_56_viola_complex.wav,70.0000011920929,0.0,40.31414866447449,28.450446724891663
stim_65_viola_complex.wav,64.9999988079071,20.000000596046448,43.05198132991791,30.114458799362183
stim_65_viola_complex.wav,45.0,0.0,59.60177421569824,34.02233004570007
stim_65_viola_complex.wav,10.000000074505806,30.0,14.508918821811676,30.416618585586548
stim_65_viola_complex.wav,70.0000011920929,20.000000596046448,69.18815016746521,31.04541778564453
stim_65_viola_complex.wav,45.0,40.000001192092896,40.881226658821106,35.63982367515564
stim_65_viola_complex.wav,80.00000059604645,49.999998807907104,44.362758100032806,27.223209142684937
stim_65_viola_complex.wav,90.0,40.000001192092896,39.27519768476486,31.438626050949097
stim_65_viola_complex.wav,10.000000074505806,20.000000596046448,12.580005526542664,32.380088567733765
stim_65_viola_complex.wav,40.000000298023224,0.0,41.06940507888794,31.503353118896484
stim_65_viola_complex.wav,25.000001192092896,30.0,36.196348965168,29.49419617652893
stim_65_viola_complex.wav,74.99999821186066,10.000000298023224,56.25593841075897,18.931984305381775
stim_65_viola_complex.wav,50.00000238418579,49.999998807907104,45.58359503746033,30.47101378440857
stim_65_viola_complex.wav,5.000000037252903,20.000000596046448,11.898533999919891,23.7781423330307
stim_65_viola_complex.wav,5.000000037252903,49.999998807907104,17.530639171600342,28.835313320159912
stim_65_viola_complex.wav,64.9999988079071,20.000000596046448,47.15484380722046,29.02188241481781
stim_65_viola_complex.wav,64.9999988079071,40.000001192092896,53.530486822128296,34.17347073554993
stim_65_viola_complex.wav,60.00000178813934,20.000000596046448,67.39688515663147,34.60617184638977
stim_65_viola_complex.wav,40.000000298023224,20.000000596046448,38.744412660598755,26.43384575843811
stim_65_viola_complex.wav,64.9999988079071,60.0,45.52960753440857,28.590819239616394
stim_65_viola_complex.wav,74.99999821186066,30.0,42.9393795132637,31.558924913406372
stim_65_viola_complex.wav,74.99999821186066,0.0,65.95251560211182,17.577449083328247
stim_65_viola_complex.wav,40.000000298023224,0.0,47.98682749271393,34.394516944885254
stim_65_viola_complex.wav,35.00000059604645,60.0,44.998007118701935,28.757330775260925
stim_65_viola_complex.wav,40.000000298023224,30.0,39.012612104415894,25.794296264648438
stim_65_viola_complex.wav,25.000001192092896,20.000000596046448,27.827889025211334,26.334652304649353
stim_65_viola_complex.wav,60.00000178813934,20.000000596046448,43.391404151916504,24.853434562683105
stim_65_viola_complex.wav,90.0,49.999998807907104,62.64522850513458,39.753620624542236
stim_65_viola_complex.wav,80.00000059604645,60.0,50.559924244880676,28.816187381744385
stim_65_viola_complex.wav,10.000000074505806,20.000000596046448,11.535322666168213,45.56307792663574
stim_65_viola_complex.wav,35.00000059604645,0.0,44.652930200099945,31.28472089767456
stim_65_viola_complex.wav,60.00000178813934,30.0,63.90123188495636,32.42788553237915
stim_65_viola_complex.wav,70.0000011920929,40.000001192092896,58.80332887172699,35.616549253463745
stim_65_viola_complex.wav,60.00000178813934,60.0,59.1713011264801,31.190829277038574
stim_65_viola_complex.wav,45.0,30.0,46.64975702762604,32.2393262386322
stim_65_viola_complex.wav,10.000000074505806,60.0,21.254996359348297,28.770829439163208
stim_65_viola_complex.wav,5.000000037252903,0.0,24.719257056713104,23.074652552604675
stim_65_viola_complex.wav,80.00000059604645,49.999998807907104,75.792156457901,12.92616605758667
stim_65_viola_complex.wav,50.00000238418579,60.0,47.521995306015015,28.687713146209717
stim_65_viola_complex.wav,90.0,40.000001192092896,54.33192551136017,29.30955469608307
stim_65_viola_complex.wav,25.000001192092896,40.000001192092896,23.255001604557037,44.20187473297119
stim_65_viola_complex.wav,15.000000447034836,10.000000298023224,22.02651634812355,26.38213276863098
stim_65_viola_complex.wav,64.9999988079071,40.000001192092896,53.35406184196472,33.53180766105652
stim_65_viola_complex.wav,84.99999761581421,20.000000596046448,63.98839831352234,36.133811473846436
stim_65_viola_complex.wav,10.000000074505806,10.000000298023224,11.758251786231995,28.4060400724411
stim_65_viola_complex.wav,5.000000037252903,10.000000298023224,3.4524455666542053,20.421591997146606
stim_65_viola_complex.wav,35.00000059604645,30.0,40.85395127534866,31.432950496673584
stim_65_viola_complex.wav,74.99999821186066,0.0,72.90731191635132,13.589009642601013
stim_65_viola_complex.wav,54.99999940395355,0.0,45.16402244567871,32.316588163375854
stim_65_viola_complex.wav,0.0,30.0,36.22254878282547,28.856492042541504
stim_65_viola_complex.wav,60.00000178813934,10.000000298023224,66.1852240562439,33.85875463485718
stim_65_viola_complex.wav,74.99999821186066,0.0,72.95391798019409,17.518470883369446
stim_65_viola_complex.wav,50.00000238418579,30.0,48.39481830596924,40.52212715148926
stim_65_viola_complex.wav,30.00000089406967,60.0,33.75558167695999,23.844938278198242
stim_65_viola_complex.wav,0.0,30.0,40.98015993833542,33.11471700668335
stim_65_viola_complex.wav,30.00000089406967,40.000001192092896,38.71552795171738,25.95176339149475
stim_65_viola_complex.wav,5.000000037252903,10.000000298023224,17.293974459171295,30.500943660736084
stim_65_viola_complex.wav,54.99999940395355,49.999998807907104,44.0893417596817,40.07806420326233
stim_65_viola_complex.wav,45.0,10.000000298023224,46.0231876373291,29.522552490234375
stim_65_viola_complex.wav,54.99999940395355,49.999998807907104,46.10645949840546,42.10229158401489
stim_65_viola_complex.wav,35.00000059604645,60.0,37.9676154255867,29.138460159301758
stim_65_viola_complex.wav,54.99999940395355,10.000000298023224,40.983150601387024,29.021694660186768
stim_65_viola_complex.wav,40.000000298023224,49.999998807907104,35.64588189125061,24.836676120758057
stim_65_viola_complex.wav,60.00000178813934,40.000001192092896,45.48183739185333,27.53257155418396
stim_65_viola_complex.wav,35.00000059604645,60.0,38.332425355911255,29.35433864593506
stim_65_viola_complex.wav,54.99999940395355,10.000000298023224,51.592445969581604,22.433120012283325
stim_65_viola_complex.wav,35.00000059604645,40.000001192092896,40.42599141597748,27.021403312683105
stim_65_viola_complex.wav,0.0,20.000000596046448,33.03017556667328,32.94193625450134
stim_65_viola_complex.wav,25.000001192092896,49.999998807907104,35.439249873161316,23.113499879837036
stim_65_viola_complex.wav,10.000000074505806,10.000000298023224,30.471235513687134,32.42096543312073
stim_65_viola_complex.wav,60.00000178813934,20.000000596046448,33.67254316806793,31.311732530593872
stim_65_viola_complex.wav,64.9999988079071,30.0,49.340731501579285,31.631340980529785
stim_65_viola_complex.wav,70.0000011920929,20.000000596046448,63.491379618644714,24.625604152679443
stim_65_viola_complex.wav,90.0,20.000000596046448,44.91474598646164,28.02880883216858
stim_65_viola_complex.wav,70.0000011920929,30.0,50.25096595287323,34.06375050544739
stim_65_viola_complex.wav,25.000001192092896,49.999998807907104,40.427667796611786,33.376561403274536
stim_65_viola_complex.wav,60.00000178813934,30.0,59.648863077163696,31.873995065689087
stim_65_viola_complex.wav,45.0,30.0,45.56787729263306,30.70307493209839
stim_65_viola_complex.wav,20.000000149011612,0.0,30.992023944854736,44.97613191604614
stim_65_viola_complex.wav,45.0,40.000001192092896,43.83839160203934,28.64665389060974
stim_65_viola_complex.wav,74.99999821186066,0.0,70.39622783660889,16.154581904411316
stim_65_viola_complex.wav,10.000000074505806,20.000000596046448,10.573050677776337,38.45263123512268
stim_65_viola_complex.wav,40.000000298023224,0.0,44.26488697528839,25.458768010139465
stim_65_viola_complex.wav,74.99999821186066,0.0,55.21623909473419,30.606114864349365
stim_65_viola_complex.wav,84.99999761581421,0.0,50.63103497028351,24.589483737945557
stim_65_viola_complex.wav,25.000001192092896,0.0,36.86506658792496,25.55725336074829
stim_65_viola_complex.wav,15.000000447034836,0.0,12.577266991138458,18.988890051841736
stim_65_viola_complex.wav,60.00000178813934,30.0,34.4348806142807,29.042608737945557
stim_65_viola_complex.wav,90.0,0.0,74.53727960586548,34.933834075927734
stim_65_viola_complex.wav,80.00000059604645,60.0,54.82584357261658,31.0292387008667
stim_65_viola_complex.wav,60.00000178813934,0.0,51.43621802330017,29.362016916275024
stim_65_viola_complex.wav,0.0,30.0,2.9070237278938293,29.946160912513733
stim_65_viola_complex.wav,84.99999761581421,10.000000298023224,59.65968310832977,17.349883317947388
stim_65_viola_complex.wav,64.9999988079071,20.000000596046448,57.22977876663208,32.199339866638184
stim_65_viola_complex.wav,35.00000059604645,60.0,41.981887221336365,29.424798488616943
stim_65_viola_complex.wav,70.0000011920929,60.0,60.25027871131897,31.590911149978638
stim_65_viola_complex.wav,84.99999761581421,49.999998807907104,42.28780657052994,31.566574573516846
stim_65_viola_complex.wav,54.99999940395355,40.000001192092896,55.930012464523315,36.40268325805664
stim_65_viola_complex.wav,45.0,40.000001192092896,41.532072722911835,32.74909257888794
stim_65_viola_complex.wav,5.000000037252903,10.000000298023224,1.7227962613105774,17.86280393600464
stim_65_viola_complex.wav,30.00000089406967,20.000000596046448,42.879893481731415,31.373344659805298
stim_65_viola_complex.wav,40.000000298023224,0.0,44.00666266679764,31.28551483154297
stim_65_viola_complex.wav,35.00000059604645,30.0,39.040697515010834,27.014442086219788
stim_65_viola_complex.wav,80.00000059604645,10.000000298023224,62.72048592567444,12.803909182548523
stim_65_viola_complex.wav,60.00000178813934,40.000001192092896,48.83814990520477,41.657527685165405
stim_65_viola_complex.wav,40.000000298023224,60.0,41.62254095077515,42.95071363449097
stim_65_viola_complex.wav,45.0,20.000000596046448,55.892826318740845,36.03078246116638
stim_65_viola_complex.wav,84.99999761581421,0.0,42.672612369060516,27.33996570110321
stim_65_viola_complex.wav,70.0000011920929,0.0,69.09260988235474,23.806936740875244
stim_65_viola_complex.wav,64.9999988079071,60.0,56.870335936546326,27.157641649246216
stim_65_viola_complex.wav,15.000000447034836,10.000000298023224,28.29799175262451,27.590575218200684
stim_65_viola_complex.wav,20.000000149011612,30.0,19.656913429498672,26.567176580429077
stim_65_viola_complex.wav,90.0,60.0,42.647700011730194,29.873775243759155
stim_65_viola_complex.wav,20.000000149011612,30.0,27.922431528568268,23.311035633087158
stim_65_viola_complex.wav,35.00000059604645,49.999998807907104,29.77657824754715,25.00276207923889
stim_65_viola_complex.wav,15.000000447034836,0.0,14.097108542919159,20.779940485954285
stim_65_viola_complex.wav,15.000000447034836,0.0,29.90779995918274,28.005672097206116
stim_65_viola_complex.wav,54.99999940395355,10.000000298023224,61.89620018005371,33.46966624259949
stim_65_viola_complex.wav,60.00000178813934,49.999998807907104,48.622065782547,27.837109565734863
stim_65_viola_complex.wav,80.00000059604645,49.999998807907104,64.71815228462219,16.77345335483551
stim_65_viola_complex.wav,74.99999821186066,10.000000298023224,53.26743721961975,26.605571508407593
stim_65_viola_complex.wav,40.000000298023224,49.999998807907104,39.24985349178314,23.714661598205566
stim_65_viola_complex.wav,54.99999940395355,40.000001192092896,47.961695194244385,38.95269513130188
stim_65_viola_complex.wav,25.000001192092896,0.0,39.90938186645508,28.22660207748413
stim_65_viola_complex.wav,90.0,30.0,79.40151929855347,14.831510782241821
stim_65_viola_complex.wav,74.99999821186066,60.0,41.0775026679039,32.52291798591614
stim_65_viola_complex.wav,15.000000447034836,49.999998807907104,27.7546164393425,30.942764282226562
stim_65_viola_complex.wav,5.000000037252903,40.000001192092896,30.396836400032043,32.563265562057495
stim_65_viola_complex.wav,10.000000074505806,20.000000596046448,12.855841219425201,27.012441158294678
stim_65_viola_complex.wav,10.000000074505806,60.0,19.339453876018524,29.1702139377594
stim_65_viola_complex.wav,54.99999940395355,49.999998807907104,40.25969713926315,29.707249402999878
stim_103_viola_complex.wav,50.00000238418579,40.000001192092896,40.97190409898758,28.388174772262573
stim_103_viola_complex.wav,25.000001192092896,30.0,40.84772855043411,28.442641496658325
stim_103_viola_complex.wav,25.000001192092896,40.000001192092896,40.80173671245575,28.454012274742126
stim_103_viola_complex.wav,90.0,0.0,40.685216188430786,28.428935408592224
stim_103_viola_complex.wav,64.9999988079071,40.000001192092896,39.97245669364929,28.458677530288696
stim_103_viola_complex.wav,80.00000059604645,40.000001192092896,39.76477861404419,28.597310185432434
stim_103_viola_complex.wav,84.99999761581421,30.0,40.84959000349045,28.417210578918457
stim_103_viola_complex.wav,50.00000238418579,49.999998807907104,40.86990773677826,28.406612277030945
stim_103_viola_complex.wav,25.000001192092896,40.000001192092896,39.9920529127121,28.769654631614685
stim_103_viola_complex.wav,45.0,30.0,46.667561531066895,32.57837176322937
stim_103_viola_complex.wav,60.00000178813934,40.000001192092896,39.918332397937775,28.456068634986877
stim_103_viola_complex.wav,45.0,49.999998807907104,40.84835886955261,28.398853540420532
stim_103_viola_complex.wav,30.00000089406967,49.999998807907104,40.936332643032074,28.397335410118103
stim_103_viola_complex.wav,80.00000059604645,0.0,49.03549611568451,33.59076976776123
stim_103_viola_complex.wav,64.9999988079071,0.0,40.69072812795639,28.418025970458984
stim_103_viola_complex.wav,50.00000238418579,60.0,41.14645689725876,27.756834626197815
stim_103_viola_complex.wav,90.0,30.0,40.880639255046844,28.422845005989075
stim_103_viola_complex.wav,5.000000037252903,10.000000298023224,41.52877628803253,32.328704595565796
stim_103_viola_complex.wav,5.000000037252903,20.000000596046448,40.31109094619751,31.95945382118225
stim_103_viola_complex.wav,80.00000059604645,10.000000298023224,40.99778205156326,28.38646709918976
stim_103_viola_complex.wav,74.99999821186066,60.0,40.857931673526764,28.399119973182678
stim_103_viola_complex.wav,40.000000298023224,10.000000298023224,43.13115209341049,28.777400851249695
stim_103_viola_complex.wav,0.0,30.0,41.18494659662247,28.37041139602661
stim_103_viola_complex.wav,70.0000011920929,20.000000596046448,43.275165259838104,28.650675415992737
stim_103_viola_complex.wav,74.99999821186066,20.000000596046448,46.90433621406555,31.267322301864624
stim_103_viola_complex.wav,45.0,40.000001192092896,40.739150047302246,28.41539204120636
stim_103_viola_complex.wav,45.0,60.0,40.816695392131805,28.40928554534912
stim_103_viola_complex.wav,54.99999940395355,60.0,39.315060675144196,27.912522554397583
stim_103_viola_complex.wav,35.00000059604645,30.0,41.655153930187225,28.34863007068634
stim_103_viola_complex.wav,84.99999761581421,0.0,40.8392259478569,28.407588601112366
stim_103_viola_complex.wav,54.99999940395355,0.0,40.41661709547043,28.431957364082336
stim_103_viola_complex.wav,54.99999940395355,10.000000298023224,41.0024356842041,28.387253880500793
stim_103_viola_complex.wav,35.00000059604645,60.0,40.895627439022064,28.39807391166687
stim_103_viola_complex.wav,10.000000074505806,20.000000596046448,38.024961054325104,28.600890040397644
stim_103_viola_complex.wav,74.99999821186066,30.0,41.028538942337036,28.382604718208313
stim_103_viola_complex.wav,0.0,20.000000596046448,40.831924974918365,28.38241696357727
stim_103_viola_complex.wav,20.000000149011612,10.000000298023224,40.53529143333435,28.79968285560608
stim_103_viola_complex.wav,40.000000298023224,60.0,49.6839040517807,33.39295148849487
stim_103_viola_complex.wav,64.9999988079071,0.0,41.508592665195465,27.638518810272217
stim_103_viola_complex.wav,0.0,0.0,40.82899868488312,28.409271240234375
stim_103_viola_complex.wav,54.99999940395355,30.0,40.76172888278961,28.533788323402405
stim_103_viola_complex.wav,20.000000149011612,30.0,40.35895228385925,28.63900065422058
stim_103_viola_complex.wav,20.000000149011612,20.000000596046448,40.678626000881195,28.418954014778137
stim_103_viola_complex.wav,64.9999988079071,40.000001192092896,40.036067962646484,28.463062047958374
stim_103_viola_complex.wav,50.00000238418579,10.000000298023224,40.58649480342865,28.409845232963562
stim_103_viola_complex.wav,35.00000059604645,49.999998807907104,41.13465517759323,28.465147018432617
stim_103_viola_complex.wav,70.0000011920929,40.000001192092896,38.58219265937805,28.387813568115234
stim_103_viola_complex.wav,30.00000089406967,49.999998807907104,39.38120126724243,28.740198612213135
stim_103_viola_complex.wav,80.00000059604645,0.0,40.85925668478012,28.396546840667725
stim_103_viola_complex.wav,15.000000447034836,49.999998807907104,40.28534173965454,28.406013250350952
stim_103_viola_complex.wav,10.000000074505806,49.999998807907104,40.050404369831085,28.45374584197998
stim_103_viola_complex.wav,84.99999761581421,30.0,40.621478855609894,28.431875109672546
stim_103_viola_complex.wav,90.0,0.0,40.89500516653061,28.463417887687683
stim_103_viola_complex.wav,40.000000298023224,60.0,40.72239696979523,28.42298448085785
stim_103_viola_complex.wav,40.000000298023224,10.000000298023224,42.117802798748016,28.60283374786377
stim_103_viola_complex.wav,64.9999988079071,30.0,40.56349754333496,28.108572363853455
stim_103_viola_complex.wav,84.99999761581421,10.000000298023224,40.98256319761276,28.39114487171173
stim_103_viola_complex.wav,35.00000059604645,20.000000596046448,47.4598753452301,30.32070279121399
stim_103_viola_complex.wav,30.00000089406967,49.999998807907104,40.167799293994904,28.4504896402359
stim_103_viola_complex.wav,30.00000089406967,49.999998807907104,38.442886769771576,29.374085068702698
stim_103_viola_complex.wav,84.99999761581421,10.000000298023224,43.87196213006973,29.140246510505676
stim_103_viola_complex.wav,54.99999940395355,0.0,40.22701978683472,28.434160351753235
stim_103_viola_complex.wav,90.0,0.0,40.32535761594772,29.126527905464172
stim_103_viola_complex.wav,20.000000149011612,0.0,38.9298552274704,28.973599076271057
stim_103_viola_complex.wav,5.000000037252903,49.999998807907104,36.14047050476074,28.87132465839386
stim_103_viola_complex.wav,50.00000238418579,0.0,40.77707916498184,28.514878749847412
stim_103_viola_complex.wav,5.000000037252903,40.000001192092896,40.57038277387619,28.458073139190674
stim_103_viola_complex.wav,30.00000089406967,20.000000596046448,45.5029034614563,30.031367540359497
stim_103_viola_complex.wav,35.00000059604645,60.0,40.35007417201996,28.45002293586731
stim_103_viola_complex.wav,60.00000178813934,10.000000298023224,40.72516769170761,27.902101278305054
stim_103_viola_complex.wav,0.0,20.000000596046448,43.954289853572845,28.973845839500427
stim_103_viola_complex.wav,15.000000447034836,49.999998807907104,40.581613183021545,28.419846296310425
stim_103_viola_complex.wav,20.000000149011612,40.000001192092896,40.35393923521042,28.876184821128845
stim_103_viola_complex.wav,35.00000059604645,20.000000596046448,40.89801460504532,28.399677872657776
stim_103_viola_complex.wav,5.000000037252903,49.999998807907104,35.86428612470627,28.99833619594574
stim_103_viola_complex.wav,30.00000089406967,49.999998807907104,40.10414242744446,28.580628633499146
stim_103_viola_complex.wav,64.9999988079071,30.0,40.278097093105316,28.448215126991272
stim_103_viola_complex.wav,80.00000059604645,0.0,40.474660098552704,28.434126377105713
stim_103_viola_complex.wav,25.000001192092896,10.000000298023224,36.828258633613586,27.838141322135925
stim_103_viola_complex.wav,50.00000238418579,49.999998807907104,40.87468475103378,28.40121030807495
stim_103_viola_complex.wav,5.000000037252903,49.999998807907104,40.789344906806946,28.397253155708313
stim_103_viola_complex.wav,50.00000238418579,30.0,49.40483093261719,34.975587129592896
stim_103_viola_complex.wav,64.9999988079071,30.0,40.22066026926041,28.4345805644989
stim_103_viola_complex.wav,40.000000298023224,20.000000596046448,40.80568492412567,28.40975046157837
stim_103_viola_complex.wav,84.99999761581421,30.0,41.02900296449661,28.386629819869995
stim_103_viola_complex.wav,10.000000074505806,10.000000298023224,40.55941253900528,28.469451069831848
stim_103_viola_complex.wav,45.0,10.000000298023224,40.27818024158478,28.10295045375824
stim_103_viola_complex.wav,70.0000011920929,49.999998807907104,40.89243829250336,28.401052951812744
stim_103_viola_complex.wav,10.000000074505806,0.0,40.71800619363785,28.429055213928223
stim_103_viola_complex.wav,10.000000074505806,60.0,36.40419602394104,28.719969391822815
stim_103_viola_complex.wav,70.0000011920929,30.0,40.81501096487045,28.412341475486755
stim_103_viola_complex.wav,45.0,40.000001192092896,49.7373765707016,32.83431887626648
stim_103_viola_complex.wav,45.0,60.0,40.924233198165894,28.40171456336975
stim_103_viola_complex.wav,54.99999940395355,10.000000298023224,39.64570462703705,27.518259286880493
stim_103_viola_complex.wav,54.99999940395355,30.0,40.383245050907135,28.44347834587097
stim_103_viola_complex.wav,35.00000059604645,20.000000596046448,40.95977246761322,28.41379165649414
stim_103_viola_complex.wav,20.000000149011612,0.0,40.24527758359909,28.43313217163086
stim_103_viola_complex.wav,45.0,0.0,43.41053903102875,28.73798668384552
stim_103_viola_complex.wav,35.00000059604645,49.999998807907104,41.57659471035004,28.520336151123047
stim_103_viola_complex.wav,45.0,10.000000298023224,40.62772035598755,28.42061698436737
stim_103_viola_complex.wav,0.0,10.000000298023224,39.77194011211395,28.43497395515442
stim_103_viola_complex.wav,54.99999940395355,49.999998807907104,41.127053797245026,28.379350304603577
stim_103_viola_complex.wav,80.00000059604645,10.000000298023224,41.21204763650894,28.375507593154907
stim_103_viola_complex.wav,90.0,30.0,40.45584708452225,28.42638373374939
stim_103_viola_complex.wav,40.000000298023224,40.000001192092896,42.33789682388306,29.313016533851624
stim_103_viola_complex.wav,50.00000238418579,49.999998807907104,47.332475781440735,33.3546781539917
stim_103_viola_complex.wav,74.99999821186066,30.0,42.065129578113556,28.5379421710968
stim_103_viola_complex.wav,10.000000074505806,0.0,38.97206783294678,28.58748435974121
stim_103_viola_complex.wav,35.00000059604645,10.000000298023224,40.83196520805359,28.40449333190918
stim_103_viola_complex.wav,64.9999988079071,10.000000298023224,40.76157867908478,28.39518427848816
stim_103_viola_complex.wav,54.99999940395355,49.999998807907104,40.78545570373535,28.40649425983429
stim_103_viola_complex.wav,35.00000059604645,40.000001192092896,39.80891704559326,28.534247875213623
stim_103_viola_complex.wav,0.0,60.0,46.55231773853302,29.327305555343628
stim_103_viola_complex.wav,35.00000059604645,10.000000298023224,40.73905348777771,28.41185688972473
stim_103_viola_complex.wav,74.99999821186066,49.999998807907104,40.23173779249191,28.443161845207214
stim_103_viola_complex.wav,70.0000011920929,20.000000596046448,40.67071884870529,28.419034481048584
stim_103_viola_complex.wav,0.0,60.0,40.809684097766876,28.40225636959076
stim_103_viola_complex.wav,54.99999940395355,20.000000596046448,40.2592009305954,28.368553519248962
stim_103_viola_complex.wav,74.99999821186066,0.0,40.18857300281525,28.45467209815979
stim_103_viola_complex.wav,25.000001192092896,60.0,41.11195296049118,28.429677486419678
stim_85_viola_complex.wav,45.0,10.000000298023224,47.3885178565979,31.24998450279236
stim_85_viola_complex.wav,64.9999988079071,10.000000298023224,40.925593078136444,28.395819067955017
stim_85_viola_complex.wav,0.0,30.0,40.475032925605774,28.551485538482666
stim_85_viola_complex.wav,20.000000149011612,30.0,40.71637541055679,28.41332495212555
stim_85_viola_complex.wav,64.9999988079071,20.000000596046448,50.06524443626404,27.250333428382874
stim_85_viola_complex.wav,40.000000298023224,30.0,40.52538871765137,28.420908451080322
stim_85_viola_complex.wav,10.000000074505806,49.999998807907104,40.476864874362946,28.419504761695862
stim_85_viola_complex.wav,90.0,49.999998807907104,39.340147376060486,28.56761634349823
stim_85_viola_complex.wav,54.99999940395355,60.0,40.49050658941269,28.59475314617157
stim_85_viola_complex.wav,64.9999988079071,0.0,52.81576931476593,25.88029146194458
stim_85_viola_complex.wav,40.000000298023224,40.000001192092896,41.077856719493866,28.368757367134094
stim_85_viola_complex.wav,50.00000238418579,30.0,47.85739481449127,32.204203605651855
stim_85_viola_complex.wav,54.99999940395355,0.0,48.15062999725342,30.48177480697632
stim_85_viola_complex.wav,80.00000059604645,60.0,51.045902967453,31.738311052322388
stim_85_viola_complex.wav,50.00000238418579,49.999998807907104,43.390232026576996,37.04101324081421
stim_85_viola_complex.wav,20.000000149011612,40.000001192092896,28.46807599067688,36.240681409835815
stim_85_viola_complex.wav,5.000000037252903,40.000001192092896,22.8066623210907,33.888806104660034
stim_85_viola_complex.wav,5.000000037252903,60.0,40.63431590795517,28.59643042087555
stim_85_viola_complex.wav,60.00000178813934,60.0,40.06022125482559,28.707141280174255
stim_85_viola_complex.wav,25.000001192092896,49.999998807907104,40.772854685783386,28.402939438819885
stim_85_viola_complex.wav,20.000000149011612,49.999998807907104,40.582128167152405,28.43433380126953
stim_85_viola_complex.wav,60.00000178813934,20.000000596046448,55.515305399894714,24.393948912620544
stim_85_viola_complex.wav,54.99999940395355,30.0,38.11446636915207,28.721301555633545
stim_85_viola_complex.wav,84.99999761581421,40.000001192092896,46.68042540550232,31.346604824066162
stim_85_viola_complex.wav,70.0000011920929,0.0,61.442676186561584,27.343788743019104
stim_85_viola_complex.wav,0.0,40.000001192092896,28.705470263957977,29.891552925109863
stim_85_viola_complex.wav,50.00000238418579,20.000000596046448,42.929594814777374,28.731186389923096
stim_85_viola_complex.wav,84.99999761581421,40.000001192092896,40.561646819114685,28.416974544525146
stim_85_viola_complex.wav,50.00000238418579,20.000000596046448,40.46034783124924,28.513314127922058
stim_85_viola_complex.wav,30.00000089406967,10.000000298023224,35.00613212585449,24.07608389854431
stim_85_viola_complex.wav,80.00000059604645,40.000001192092896,40.79853951931,28.413941860198975
stim_85_viola_complex.wav,35.00000059604645,40.000001192092896,36.451668441295624,21.981382369995117
stim_85_viola_complex.wav,5.000000037252903,60.0,22.003647834062576,27.968956232070923
stim_85_viola_complex.wav,50.00000238418579,60.0,44.521330296993256,29.734641909599304
stim_85_viola_complex.wav,40.000000298023224,49.999998807907104,35.819533467292786,28.33801031112671
stim_85_viola_complex.wav,10.000000074505806,49.999998807907104,40.64185291528702,28.422482013702393
stim_85_viola_complex.wav,15.000000447034836,10.000000298023224,40.90826332569122,28.400477170944214
stim_85_viola_complex.wav,54.99999940395355,60.0,39.1304013133049,28.535555005073547
stim_85_viola_complex.wav,70.0000011920929,0.0,40.98016798496246,28.382415175437927
stim_85_viola_complex.wav,80.00000059604645,60.0,51.33315145969391,27.960428595542908
stim_85_viola_complex.wav,60.00000178813934,40.000001192092896,40.759164690971375,28.406994938850403
stim_85_viola_complex.wav,60.00000178813934,49.999998807907104,40.756664872169495,28.438328504562378
stim_85_viola_complex.wav,20.000000149011612,20.000000596046448,39.41025763750076,28.604119420051575
stim_85_viola_complex.wav,84.99999761581421,10.000000298023224,39.94664579629898,28.445658087730408
stim_85_viola_complex.wav,74.99999821186066,49.999998807907104,41.04552537202835,28.374366760253906
stim_85_viola_complex.wav,54.99999940395355,10.000000298023224,41.002848744392395,28.383572101593018
stim_85_viola_complex.wav,20.000000149011612,60.0,41.089527010917664,28.37572932243347
stim_85_viola_complex.wav,64.9999988079071,40.000001192092896,40.19330441951752,28.458228707313538
stim_85_viola_complex.wav,35.00000059604645,0.0,37.76931434869766,29.21221911907196
stim_85_viola_complex.wav,54.99999940395355,40.000001192092896,40.32815784215927,28.4364652633667
stim_85_viola_complex.wav,60.00000178813934,10.000000298023224,40.804483294487,28.404908180236816
stim_85_viola_complex.wav,80.00000059604645,30.0,58.25176477432251,28.694323897361755
stim_85_viola_complex.wav,5.000000037252903,30.0,40.289965867996216,28.443453311920166
stim_85_viola_complex.wav,74.99999821186066,10.000000298023224,51.24220848083496,25.456189513206482
stim_85_viola_complex.wav,74.99999821186066,49.999998807907104,40.03774702548981,28.447027802467346
stim_85_viola_complex.wav,70.0000011920929,49.999998807907104,40.67291557788849,28.428173661231995
stim_85_viola_complex.wav,70.0000011920929,0.0,60.38669049739838,29.692132472991943
stim_85_viola_complex.wav,0.0,60.0,40.88543504476547,28.830133080482483
stim_85_viola_complex.wav,5.000000037252903,30.0,39.09579277038574,28.628509640693665
stim_85_viola_complex.wav,15.000000447034836,49.999998807907104,40.264785289764404,28.442521691322327
stim_85_viola_complex.wav,0.0,0.0,39.763416051864624,28.70097041130066
stim_85_viola_complex.wav,84.99999761581421,30.0,40.227566957473755,28.43946933746338
stim_85_viola_complex.wav,40.000000298023224,10.000000298023224,47.362720370292664,31.440786123275757
stim_85_viola_complex.wav,0.0,60.0,26.586238145828247,30.232354402542114
stim_85_viola_complex.wav,45.0,40.000001192092896,40.8259516954422,28.410349488258362
stim_85_viola_complex.wav,10.000000074505806,40.000001192092896,40.41081815958023,28.460113406181335
stim_85_viola_complex.wav,20.000000149011612,30.0,40.58867275714874,28.416470289230347
stim_85_viola_complex.wav,30.00000089406967,20.000000596046448,41.112854182720184,28.476203083992004
stim_85_viola_complex.wav,0.0,40.000001192092896,40.41905790567398,28.67569863796234
stim_85_viola_complex.wav,74.99999821186066,30.0,40.95592886209488,28.391591906547546
stim_85_viola_complex.wav,84.99999761581421,30.0,49.32033598423004,33.00240397453308
stim_85_viola_complex.wav,50.00000238418579,30.0,41.072417199611664,31.58797860145569
stim_85_viola_complex.wav,40.000000298023224,0.0,40.636670887470245,28.396652340888977
stim_85_viola_complex.wav,20.000000149011612,60.0,40.972169637680054,28.385966420173645
stim_85_viola_complex.wav,40.000000298023224,20.000000596046448,40.906372368335724,28.384459018707275
stim_85_viola_complex.wav,80.00000059604645,40.000001192092896,48.770654797554016,29.24180567264557
stim_85_viola_complex.wav,25.000001192092896,60.0,40.93111842870712,28.38505983352661
stim_85_viola_complex.wav,15.000000447034836,0.0,31.029861867427826,34.087936878204346
stim_85_viola_complex.wav,40.000000298023224,49.999998807907104,39.86107259988785,28.45478117465973
stim_85_viola_complex.wav,10.000000074505806,49.999998807907104,21.05756163597107,29.830296635627747
stim_85_viola_complex.wav,0.0,10.000000298023224,41.017474830150604,28.649883270263672
stim_85_viola_complex.wav,25.000001192092896,20.000000596046448,35.4393544793129,22.678513526916504
stim_85_viola_complex.wav,45.0,20.000000596046448,40.93438535928726,28.39554727077484
stim_85_viola_complex.wav,54.99999940395355,20.000000596046448,48.9562851190567,29.610498547554016
stim_85_viola_complex.wav,60.00000178813934,49.999998807907104,40.94334930181503,28.391897678375244
stim_85_viola_complex.wav,54.99999940395355,10.000000298023224,50.80598473548889,29.41167712211609
stim_85_viola_complex.wav,54.99999940395355,60.0,40.80994963645935,28.41135799884796
stim_85_viola_complex.wav,25.000001192092896,0.0,40.9272238612175,28.478872776031494
stim_85_viola_complex.wav,15.000000447034836,10.000000298023224,40.66613495349884,28.416786789894104
stim_85_viola_complex.wav,74.99999821186066,30.0,40.25261878967285,28.433677554130554
stim_85_viola_complex.wav,30.00000089406967,40.000001192092896,35.80246388912201,23.364880084991455
stim_85_viola_complex.wav,15.000000447034836,40.000001192092896,40.64076393842697,28.42952013015747
stim_85_viola_complex.wav,40.000000298023224,60.0,41.11604332923889,28.368641138076782
stim_85_viola_complex.wav,74.99999821186066,30.0,44.75896596908569,28.791242837905884
stim_85_viola_complex.wav,70.0000011920929,20.000000596046448,39.91215795278549,28.51496458053589
stim_85_viola_complex.wav,70.0000011920929,30.0,40.40465712547302,28.414902091026306
stim_85_viola_complex.wav,35.00000059604645,40.000001192092896,41.108085215091705,28.359897136688232
stim_85_viola_complex.wav,25.000001192092896,10.000000298023224,36.5302249789238,22.770016193389893
stim_85_viola_complex.wav,30.00000089406967,60.0,38.99194300174713,35.5950129032135
stim_85_viola_complex.wav,74.99999821186066,10.000000298023224,41.189484894275665,28.366747498512268
stim_85_viola_complex.wav,35.00000059604645,10.000000298023224,40.89493274688721,28.390522599220276
stim_85_viola_complex.wav,25.000001192092896,60.0,41.00802272558212,28.371777534484863
stim_85_viola_complex.wav,30.00000089406967,49.999998807907104,39.66264545917511,32.477052211761475
stim_85_viola_complex.wav,0.0,60.0,40.76508700847626,28.95311951637268
stim_85_viola_complex.wav,84.99999761581421,30.0,39.96069520711899,28.51221799850464
stim_85_viola_complex.wav,30.00000089406967,40.000001192092896,41.025703847408295,28.378981947898865
stim_85_viola_complex.wav,15.000000447034836,30.0,25.12462466955185,36.64489030838013
stim_85_viola_complex.wav,20.000000149011612,10.000000298023224,40.80260843038559,28.400384187698364
stim_85_viola_complex.wav,64.9999988079071,60.0,50.24705529212952,32.78111457824707
stim_85_viola_complex.wav,74.99999821186066,49.999998807907104,40.67496478557587,28.423268795013428
stim_85_viola_complex.wav,60.00000178813934,20.000000596046448,51.29499435424805,29.289357662200928
stim_85_viola_complex.wav,40.000000298023224,40.000001192092896,39.121209383010864,26.704992055892944
stim_85_viola_complex.wav,5.000000037252903,60.0,40.629428923130035,28.424364924430847
stim_85_viola_complex.wav,5.000000037252903,0.0,22.025845795869827,31.70217990875244
stim_85_viola_complex.wav,30.00000089406967,60.0,43.121745586395264,33.81866455078125
stim_85_viola_complex.wav,84.99999761581421,0.0,40.3090900182724,28.439539074897766
stim_85_viola_complex.wav,70.0000011920929,20.000000596046448,40.54902970790863,28.59762132167816
stim_85_viola_complex.wav,60.00000178813934,49.999998807907104,46.18678629398346,35.487080812454224
stim_85_viola_complex.wav,40.000000298023224,20.000000596046448,43.3050262928009,32.669713497161865
stim_85_viola_complex.wav,35.00000059604645,10.000000298023224,38.01877588033676,31.539820432662964
stim_85_viola_complex.wav,0.0,30.0,41.22649669647217,28.555630445480347
stim_106_viola_complex.wav,50.00000238418579,49.999998807907104,41.049765944480896,28.38458240032196
stim_106_viola_complex.wav,5.000000037252903,10.000000298023224,41.066178381443024,28.381921648979187
stim_106_viola_complex.wav,84.99999761581421,40.000001192092896,38.5599222779274,22.901490926742554
stim_106_viola_complex.wav,40.000000298023224,10.000000298023224,30.495659708976746,29.748258590698242
stim_106_viola_complex.wav,25.000001192092896,10.000000298023224,41.768026649951935,28.73632550239563
stim_106_viola_complex.wav,0.0,0.0,32.01049894094467,28.611930012702942
stim_106_viola_complex.wav,54.99999940395355,40.000001192092896,41.01976811885834,28.389251232147217
stim_106_viola_complex.wav,5.000000037252903,10.000000298023224,40.502329766750336,28.44268262386322
stim_106_viola_complex.wav,74.99999821186066,40.000001192092896,40.23724973201752,28.448107838630676
stim_106_viola_complex.wav,60.00000178813934,49.999998807907104,35.907965898513794,22.949806451797485
stim_106_viola_complex.wav,70.0000011920929,30.0,39.379119873046875,27.217830419540405
stim_106_viola_complex.wav,15.000000447034836,20.000000596046448,40.61618685722351,28.430514335632324
stim_106_viola_complex.wav,0.0,49.999998807907104,38.12588185071945,28.61524522304535
stim_106_viola_complex.wav,30.00000089406967,40.000001192092896,37.08766043186188,21.015953421592712
stim_106_viola_complex.wav,50.00000238418579,60.0,40.62786787748337,28.43335211277008
stim_106_viola_complex.wav,25.000001192092896,60.0,40.551432967185974,28.434001207351685
stim_106_viola_complex.wav,45.0,20.000000596046448,40.61016529798508,28.424236178398132
stim_106_viola_complex.wav,15.000000447034836,40.000001192092896,39.18042987585068,29.4107848405838
stim_106_viola_complex.wav,30.00000089406967,30.0,40.40387123823166,29.78488862514496
stim_106_viola_complex.wav,74.99999821186066,20.000000596046448,42.531104385852814,27.12328612804413
stim_106_viola_complex.wav,35.00000059604645,30.0,31.368080377578735,29.165775775909424
stim_106_viola_complex.wav,40.000000298023224,30.0,41.0749277472496,28.37554156780243
stim_106_viola_complex.wav,25.000001192092896,0.0,41.23975217342377,28.98689031600952
stim_106_viola_complex.wav,15.000000447034836,10.000000298023224,41.89292907714844,29.884679317474365
stim_106_viola_complex.wav,10.000000074505806,49.999998807907104,40.47137439250946,28.426190614700317
stim_106_viola_complex.wav,64.9999988079071,20.000000596046448,42.68203765153885,26.4554500579834
stim_106_viola_complex.wav,45.0,0.0,40.71634590625763,28.41648280620575
stim_106_viola_complex.wav,64.9999988079071,10.000000298023224,36.17221176624298,21.71483874320984
stim_106_viola_complex.wav,80.00000059604645,49.999998807907104,40.75818568468094,28.41925621032715
stim_106_viola_complex.wav,20.000000149011612,20.000000596046448,37.72968202829361,28.45752239227295
stim_106_viola_complex.wav,10.000000074505806,40.000001192092896,39.471648037433624,28.734394311904907
stim_106_viola_complex.wav,0.0,10.000000298023224,39.792445600032806,28.461273908615112
stim_106_viola_complex.wav,70.0000011920929,60.0,43.10552626848221,27.493101954460144
stim_106_viola_complex.wav,64.9999988079071,20.000000596046448,42.46389091014862,26.331122517585754
stim_106_viola_complex.wav,70.0000011920929,49.999998807907104,39.772632122039795,29.47788119316101
stim_106_viola_complex.wav,54.99999940395355,60.0,41.78571581840515,29.268218278884888
stim_106_viola_complex.wav,50.00000238418579,30.0,48.03724765777588,31.19260311126709
stim_106_viola_complex.wav,60.00000178813934,30.0,40.23719608783722,28.040165305137634
stim_106_viola_complex.wav,35.00000059604645,60.0,44.70481753349304,23.71822714805603
stim_106_viola_complex.wav,20.000000149011612,0.0,39.237064719200134,23.480236530303955
stim_106_viola_complex.wav,60.00000178813934,10.000000298023224,40.717829167842865,28.344125747680664
stim_106_viola_complex.wav,20.000000149011612,40.000001192092896,40.15016108751297,28.459537625312805
stim_106_viola_complex.wav,40.000000298023224,40.000001192092896,39.8088338971138,22.86412239074707
stim_106_viola_complex.wav,35.00000059604645,0.0,40.44051021337509,28.42474400997162
stim_106_viola_complex.wav,10.000000074505806,10.000000298023224,37.634887397289276,30.573313236236572
stim_106_viola_complex.wav,15.000000447034836,60.0,40.597456991672516,28.42560589313507
stim_106_viola_complex.wav,70.0000011920929,30.0,41.65465235710144,29.52840507030487
stim_106_viola_complex.wav,0.0,30.0,34.14946138858795,28.921199440956116
stim_106_viola_complex.wav,54.99999940395355,30.0,40.33039748668671,28.444204330444336
stim_106_viola_complex.wav,74.99999821186066,30.0,45.165937542915344,26.25761568546295
stim_106_viola_complex.wav,30.00000089406967,20.000000596046448,39.45288062095642,26.183148622512817
stim_106_viola_complex.wav,84.99999761581421,0.0,36.31709396839142,23.73941659927368
stim_106_viola_complex.wav,54.99999940395355,30.0,40.29883325099945,28.448824882507324
stim_106_viola_complex.wav,5.000000037252903,20.000000596046448,40.18491446971893,28.45166802406311
stim_106_viola_complex.wav,40.000000298023224,20.000000596046448,40.725969672203064,28.414617776870728
stim_106_viola_complex.wav,64.9999988079071,30.0,41.089642345905304,28.379278779029846
stim_106_viola_complex.wav,80.00000059604645,60.0,41.42261177301407,28.343839645385742
stim_106_viola_complex.wav,70.0000011920929,49.999998807907104,45.168201327323914,30.79712748527527
stim_106_viola_complex.wav,15.000000447034836,49.999998807907104,41.69342637062073,28.63865375518799
stim_106_viola_complex.wav,45.0,10.000000298023224,44.198620319366455,26.541616916656494
stim_106_viola_complex.wav,54.99999940395355,30.0,40.88012158870697,28.405585885047913
stim_106_viola_complex.wav,35.00000059604645,10.000000298023224,41.10068500041962,28.376394510269165
stim_106_viola_complex.wav,0.0,30.0,39.14735019207001,28.51833164691925
stim_106_viola_complex.wav,74.99999821186066,30.0,36.68078809976578,22.373583912849426
stim_106_viola_complex.wav,35.00000059604645,10.000000298023224,40.48004329204559,28.434051275253296
stim_106_viola_complex.wav,40.000000298023224,30.0,42.880161702632904,29.407503604888916
stim_106_viola_complex.wav,50.00000238418579,0.0,40.708060562610626,28.409435749053955
stim_106_viola_complex.wav,84.99999761581421,49.999998807907104,46.17199122905731,30.018657445907593
stim_106_viola_complex.wav,0.0,60.0,39.959887862205505,28.59357476234436
stim_106_viola_complex.wav,10.000000074505806,20.000000596046448,36.87242656946182,30.409337282180786
stim_106_viola_complex.wav,45.0,40.000001192092896,40.79493194818497,28.415417075157166
stim_106_viola_complex.wav,54.99999940395355,30.0,46.64367914199829,28.871694803237915
stim_106_viola_complex.wav,90.0,40.000001192092896,41.23825281858444,28.357830047607422
stim_106_viola_complex.wav,10.000000074505806,40.000001192092896,39.93176758289337,28.77639591693878
stim_106_viola_complex.wav,50.00000238418579,10.000000298023224,40.733804404735565,28.417736291885376
stim_106_viola_complex.wav,90.0,0.0,40.35389631986618,28.431698083877563
stim_106_viola_complex.wav,15.000000447034836,0.0,41.66831284761429,28.96150767803192
stim_106_viola_complex.wav,74.99999821186066,40.000001192092896,38.995191156864166,27.904189825057983
stim_106_viola_complex.wav,54.99999940395355,20.000000596046448,35.29355764389038,27.477049827575684
stim_106_viola_complex.wav,25.000001192092896,30.0,36.57397449016571,28.208118081092834
stim_106_viola_complex.wav,50.00000238418579,30.0,40.93858301639557,28.39658260345459
stim_106_viola_complex.wav,90.0,0.0,40.052898824214935,28.481152653694153
stim_106_viola_complex.wav,84.99999761581421,0.0,40.34903883934021,28.441384434700012
stim_106_viola_complex.wav,15.000000447034836,10.000000298023224,40.765046775341034,28.419134616851807
stim_106_viola_complex.wav,10.000000074505806,60.0,40.45994013547897,28.443446159362793
stim_106_viola_complex.wav,74.99999821186066,30.0,41.0775563120842,28.37552547454834
stim_106_viola_complex.wav,20.000000149011612,49.999998807907104,40.5549681186676,28.420482873916626
stim_106_viola_complex.wav,74.99999821186066,0.0,51.1423659324646,31.16558074951172
stim_106_viola_complex.wav,64.9999988079071,49.999998807907104,45.02099633216858,29.9826979637146
stim_106_viola_complex.wav,40.000000298023224,49.999998807907104,40.655524134635925,28.421798944473267
stim_106_viola_complex.wav,60.00000178813934,60.0,37.726959586143494,24.238661527633667
stim_106_viola_complex.wav,70.0000011920929,10.000000298023224,38.58135849237442,24.682023525238037
stim_106_viola_complex.wav,15.000000447034836,20.000000596046448,36.227057576179504,30.337361097335815
stim_106_viola_complex.wav,90.0,30.0,38.18230748176575,28.629308938980103
stim_106_viola_complex.wav,80.00000059604645,30.0,36.87265992164612,21.94068431854248
stim_106_viola_complex.wav,40.000000298023224,49.999998807907104,40.151502192020416,28.446747064590454
stim_106_viola_complex.wav,70.0000011920929,10.000000298023224,40.65088927745819,28.418009877204895
stim_106_viola_complex.wav,20.000000149011612,20.000000596046448,40.11401027441025,28.45354735851288
stim_106_viola_complex.wav,15.000000447034836,60.0,34.90282416343689,29.513463377952576
stim_106_viola_complex.wav,5.000000037252903,0.0,40.61820924282074,28.428432941436768
stim_106_viola_complex.wav,35.00000059604645,0.0,45.856289863586426,28.56310486793518
stim_106_viola_complex.wav,64.9999988079071,20.000000596046448,36.08004033565521,21.737465858459473
stim_106_viola_complex.wav,80.00000059604645,40.000001192092896,40.772114396095276,28.415080904960632
stim_106_viola_complex.wav,90.0,0.0,39.403613805770874,28.536372184753418
stim_106_viola_complex.wav,45.0,10.000000298023224,40.04384636878967,28.4615957736969
stim_106_viola_complex.wav,70.0000011920929,40.000001192092896,38.91111463308334,26.46861970424652
stim_106_viola_complex.wav,45.0,30.0,40.777009427547455,28.40939462184906
stim_106_viola_complex.wav,5.000000037252903,10.000000298023224,40.69133698940277,28.64459753036499
stim_106_viola_complex.wav,0.0,49.999998807907104,40.33687233924866,28.434011936187744
stim_106_viola_complex.wav,0.0,60.0,40.10699361562729,28.60564112663269
stim_106_viola_complex.wav,15.000000447034836,10.000000298023224,40.05531549453735,28.452916145324707
stim_106_viola_complex.wav,54.99999940395355,10.000000298023224,40.85033297538757,28.119601607322693
stim_106_viola_complex.wav,80.00000059604645,0.0,40.80378323793411,28.407407999038696
stim_94_viola_complex.wav,25.000001192092896,20.000000596046448,40.19231200218201,24.405696988105774
stim_94_viola_complex.wav,70.0000011920929,0.0,46.524503231048584,28.256143927574158
stim_94_viola_complex.wav,35.00000059604645,30.0,40.19019305706024,26.91188871860504
stim_94_viola_complex.wav,74.99999821186066,40.000001192092896,42.553471326828,28.828112483024597
stim_94_viola_complex.wav,25.000001192092896,49.999998807907104,33.5434028506279,26.78337335586548
stim_94_viola_complex.wav,74.99999821186066,60.0,45.11929929256439,29.304268956184387
stim_94_viola_complex.wav,70.0000011920929,10.000000298023224,40.68794399499893,28.125913739204407
stim_94_viola_complex.wav,50.00000238418579,10.000000298023224,43.597990572452545,24.662593603134155
stim_94_viola_complex.wav,64.9999988079071,49.999998807907104,40.31264126300812,26.659711003303528
stim_94_viola_complex.wav,64.9999988079071,20.000000596046448,37.41737365722656,22.097604274749756
stim_94_viola_complex.wav,74.99999821186066,40.000001192092896,47.20255494117737,27.397854924201965
stim_94_viola_complex.wav,74.99999821186066,60.0,47.72711455821991,28.022212386131287
stim_94_viola_complex.wav,10.000000074505806,10.000000298023224,39.55434322357178,28.509206771850586
stim_94_viola_complex.wav,5.000000037252903,60.0,22.474159598350525,27.69344687461853
stim_94_viola_complex.wav,74.99999821186066,60.0,60.03896355628967,35.6964111328125
stim_94_viola_complex.wav,10.000000074505806,49.999998807907104,32.0540526509285,29.818954467773438
stim_94_viola_complex.wav,54.99999940395355,40.000001192092896,40.668983459472656,28.448381423950195
stim_94_viola_complex.wav,35.00000059604645,30.0,34.53444957733154,27.785820364952087
stim_94_viola_complex.wav,25.000001192092896,0.0,38.519565761089325,28.589723110198975
stim_94_viola_complex.wav,15.000000447034836,60.0,41.10003590583801,28.52554678916931
stim_94_viola_complex.wav,15.000000447034836,10.000000298023224,30.193557143211365,25.048815608024597
stim_94_viola_complex.wav,25.000001192092896,40.000001192092896,41.17087572813034,28.38037669658661
stim_94_viola_complex.wav,30.00000089406967,30.0,39.28795427083969,28.931134343147278
stim_94_viola_complex.wav,84.99999761581421,10.000000298023224,39.445311427116394,25.386722087860107
stim_94_viola_complex.wav,64.9999988079071,20.000000596046448,40.79750418663025,28.41577112674713
stim_94_viola_complex.wav,50.00000238418579,60.0,40.54185748100281,29.05621647834778
stim_94_viola_complex.wav,45.0,30.0,40.768013298511505,28.414905667304993
stim_94_viola_complex.wav,10.000000074505806,30.0,41.14714354276657,28.38360607624054
stim_94_viola_complex.wav,0.0,60.0,41.54587537050247,28.603370189666748
stim_94_viola_complex.wav,20.000000149011612,30.0,40.46842932701111,28.41385066509247
stim_94_viola_complex.wav,30.00000089406967,10.000000298023224,37.953906655311584,21.657684445381165
stim_94_viola_complex.wav,74.99999821186066,30.0,53.619412779808044,31.048078536987305
stim_94_viola_complex.wav,25.000001192092896,60.0,36.55723750591278,23.793976306915283
stim_94_viola_complex.wav,5.000000037252903,60.0,40.470867455005646,28.549177050590515
stim_94_viola_complex.wav,90.0,10.000000298023224,43.32451522350311,29.966583251953125
stim_94_viola_complex.wav,84.99999761581421,20.000000596046448,40.51426291465759,28.44548463821411
stim_94_viola_complex.wav,40.000000298023224,0.0,37.415450513362885,21.79369568824768
stim_94_viola_complex.wav,0.0,0.0,39.55079734325409,22.640458345413208
stim_94_viola_complex.wav,5.000000037252903,10.000000298023224,40.54135859012604,28.4410160779953
stim_94_viola_complex.wav,60.00000178813934,20.000000596046448,52.58185386657715,29.738184213638306
stim_94_viola_complex.wav,0.0,0.0,40.385009944438934,28.449899554252625
stim_94_viola_complex.wav,50.00000238418579,60.0,40.790205895900726,28.419671058654785
stim_94_viola_complex.wav,70.0000011920929,49.999998807907104,53.07191491127014,31.329678297042847
stim_94_viola_complex.wav,50.00000238418579,49.999998807907104,38.24315071105957,28.615669012069702
stim_94_viola_complex.wav,10.000000074505806,60.0,40.915237069129944,28.392335772514343
stim_94_viola_complex.wav,35.00000059604645,0.0,41.01877838373184,28.400731086730957
stim_94_viola_complex.wav,10.000000074505806,60.0,27.9347026348114,29.58579182624817
stim_94_viola_complex.wav,70.0000011920929,0.0,41.332701444625854,28.32833468914032
stim_94_viola_complex.wav,5.000000037252903,40.000001192092896,40.47488808631897,28.44206929206848
stim_94_viola_complex.wav,5.000000037252903,20.000000596046448,40.69583237171173,28.661486506462097
stim_94_viola_complex.wav,35.00000059604645,49.999998807907104,36.68255567550659,24.732248783111572
stim_94_viola_complex.wav,64.9999988079071,40.000001192092896,40.6147626042366,28.430212140083313
stim_94_viola_complex.wav,64.9999988079071,30.0,44.664520025253296,25.903562307357788
stim_94_viola_complex.wav,0.0,0.0,40.74973404407501,28.421818614006042
stim_94_viola_complex.wav,0.0,20.000000596046448,29.27785098552704,29.303019046783447
stim_94_viola_complex.wav,74.99999821186066,49.999998807907104,41.006982028484344,28.391278982162476
stim_94_viola_complex.wav,64.9999988079071,10.000000298023224,42.30685830116272,27.71003544330597
stim_94_viola_complex.wav,80.00000059604645,10.000000298023224,41.22800946235657,28.37131440639496
stim_94_viola_complex.wav,84.99999761581421,40.000001192092896,49.24544870853424,28.396811485290527
stim_94_viola_complex.wav,64.9999988079071,40.000001192092896,40.406993329524994,28.434669971466064
stim_94_viola_complex.wav,40.000000298023224,60.0,40.9358149766922,28.40053617954254
stim_94_viola_complex.wav,15.000000447034836,60.0,40.63428908586502,28.440454602241516
stim_94_viola_complex.wav,80.00000059604645,40.000001192092896,41.61458283662796,27.404149174690247
stim_94_viola_complex.wav,54.99999940395355,40.000001192092896,46.086788177490234,30.01718759536743
stim_94_viola_complex.wav,90.0,30.0,41.29914700984955,28.35957705974579
stim_94_viola_complex.wav,35.00000059604645,0.0,39.60752338171005,28.59256625175476
stim_94_viola_complex.wav,25.000001192092896,0.0,35.82190454006195,23.259644508361816
stim_94_viola_complex.wav,64.9999988079071,60.0,41.18874728679657,23.017855882644653
stim_94_viola_complex.wav,84.99999761581421,49.999998807907104,41.06869697570801,28.376843333244324
stim_94_viola_complex.wav,45.0,60.0,41.08958065509796,28.38931381702423
stim_94_viola_complex.wav,84.99999761581421,60.0,41.198990643024445,28.37090492248535
stim_94_viola_complex.wav,20.000000149011612,10.000000298023224,39.60030823945999,28.498910665512085
stim_94_viola_complex.wav,40.000000298023224,30.0,40.818044543266296,24.785070419311523
stim_94_viola_complex.wav,20.000000149011612,10.000000298023224,40.45354038476944,28.431047201156616
stim_94_viola_complex.wav,20.000000149011612,30.0,40.63192069530487,28.442081809043884
stim_94_viola_complex.wav,60.00000178813934,40.000001192092896,43.47444802522659,31.351025104522705
stim_94_viola_complex.wav,5.000000037252903,10.000000298023224,38.809737861156464,28.466457724571228
stim_94_viola_complex.wav,74.99999821186066,60.0,40.92380404472351,28.401169180870056
stim_94_viola_complex.wav,10.000000074505806,20.000000596046448,40.4556941986084,28.448182940483093
stim_94_viola_complex.wav,25.000001192092896,49.999998807907104,39.4854936003685,27.45201587677002
stim_94_viola_complex.wav,80.00000059604645,0.0,40.84519922733307,28.413113951683044
stim_94_viola_complex.wav,0.0,40.000001192092896,40.63510179519653,28.42145025730133
stim_94_viola_complex.wav,70.0000011920929,60.0,41.190761625766754,28.373368978500366
stim_94_viola_complex.wav,60.00000178813934,40.000001192092896,40.99301040172577,28.392221331596375
stim_94_viola_complex.wav,70.0000011920929,10.000000298023224,40.190002620220184,28.353050351142883
stim_94_viola_complex.wav,64.9999988079071,40.000001192092896,40.980377197265625,28.381993174552917
stim_94_viola_complex.wav,50.00000238418579,10.000000298023224,41.080268025398254,28.364685773849487
stim_94_viola_complex.wav,15.000000447034836,0.0,40.74747294187546,28.420076966285706
stim_94_viola_complex.wav,74.99999821186066,20.000000596046448,35.66827028989792,22.781896591186523
stim_94_viola_complex.wav,35.00000059604645,0.0,41.369656920433044,28.345239758491516
stim_94_viola_complex.wav,50.00000238418579,49.999998807907104,43.61701279878616,29.75023627281189
stim_94_viola_complex.wav,64.9999988079071,0.0,36.81652933359146,23.44719886779785
stim_94_viola_complex.wav,40.000000298023224,49.999998807907104,35.97923219203949,24.60158407688141
stim_94_viola_complex.wav,15.000000447034836,20.000000596046448,40.94523757696152,28.416869044303894
stim_94_viola_complex.wav,54.99999940395355,30.0,39.92750018835068,29.642019867897034
stim_94_viola_complex.wav,40.000000298023224,0.0,41.18781924247742,28.385923504829407
stim_94_viola_complex.wav,35.00000059604645,40.000001192092896,40.29092878103256,27.749971747398376
stim_94_viola_complex.wav,30.00000089406967,40.000001192092896,39.2765736579895,27.244089245796204
stim_94_viola_complex.wav,74.99999821186066,10.000000298023224,41.39818489551544,27.984032034873962
stim_94_viola_complex.wav,60.00000178813934,10.000000298023224,40.78498363494873,28.400278687477112
stim_94_viola_complex.wav,60.00000178813934,40.000001192092896,38.69316637516022,21.426066756248474
stim_94_viola_complex.wav,15.000000447034836,40.000001192092896,40.42350769042969,28.426920175552368
stim_94_viola_complex.wav,84.99999761581421,20.000000596046448,54.76378798484802,32.518683671951294
stim_94_viola_complex.wav,0.0,49.999998807907104,39.805097579956055,28.624413013458252
stim_94_viola_complex.wav,45.0,10.000000298023224,39.88490402698517,28.007429838180542
stim_94_viola_complex.wav,30.00000089406967,40.000001192092896,36.67732536792755,23.818126916885376
stim_94_viola_complex.wav,25.000001192092896,20.000000596046448,39.510698318481445,28.50955367088318
stim_94_viola_complex.wav,60.00000178813934,0.0,43.950446248054504,25.54790496826172
stim_94_viola_complex.wav,64.9999988079071,20.000000596046448,40.55883049964905,27.477534413337708
stim_94_viola_complex.wav,74.99999821186066,10.000000298023224,40.22553116083145,28.42773199081421
stim_94_viola_complex.wav,30.00000089406967,0.0,41.44613742828369,27.33759105205536
stim_94_viola_complex.wav,10.000000074505806,49.999998807907104,40.13725697994232,28.538968563079834
stim_94_viola_complex.wav,50.00000238418579,60.0,41.11115634441376,28.3742094039917
stim_94_viola_complex.wav,74.99999821186066,60.0,41.04201167821884,28.1695818901062
stim_94_viola_complex.wav,84.99999761581421,40.000001192092896,40.26188313961029,27.815279960632324
stim_94_viola_complex.wav,35.00000059604645,30.0,31.872507333755493,28.08126389980316
stim_94_viola_complex.wav,80.00000059604645,40.000001192092896,52.5451397895813,28.30964505672455
stim_94_viola_complex.wav,84.99999761581421,60.0,61.69127404689789,35.27052283287048
stim_94_viola_complex.wav,45.0,0.0,41.1921563744545,28.361327648162842
stim_94_viola_complex.wav,35.00000059604645,30.0,40.95699369907379,28.387792110443115
stim_94_viola_complex.wav,54.99999940395355,40.000001192092896,42.32560694217682,28.557541966438293
stim_94_viola_complex.wav,64.9999988079071,30.0,41.25407516956329,28.377293944358826
stim_94_viola_complex.wav,30.00000089406967,10.000000298023224,37.603057622909546,27.649623155593872
stim_94_viola_complex.wav,64.9999988079071,40.000001192092896,41.068755984306335,28.365923166275024
stim_94_viola_complex.wav,45.0,40.000001192092896,34.34858590364456,30.71589946746826
stim_94_viola_complex.wav,40.000000298023224,30.0,40.876100957393646,28.410524725914
stim_94_viola_complex.wav,25.000001192092896,30.0,39.436808824539185,22.579468488693237
stim_94_viola_complex.wav,20.000000149011612,60.0,38.445408046245575,24.115076065063477
stim_94_viola_complex.wav,84.99999761581421,60.0,40.73963820934296,28.42515528202057
stim_94_viola_complex.wav,10.000000074505806,10.000000298023224,33.88615429401398,30.129908323287964
stim_94_viola_complex.wav,84.99999761581421,10.000000298023224,38.269768953323364,26.528640389442444
stim_94_viola_complex.wav,15.000000447034836,30.0,40.76882869005203,28.40257465839386
stim_94_viola_complex.wav,10.000000074505806,20.000000596046448,40.493381917476654,28.47880482673645
stim_94_viola_complex.wav,54.99999940395355,60.0,41.00527077913284,28.39961528778076
stim_94_viola_complex.wav,80.00000059604645,60.0,41.66346073150635,28.040088415145874
stim_94_viola_complex.wav,35.00000059604645,49.999998807907104,40.55846840143204,28.454620242118835
stim_102_viola_complex.wav,5.000000037252903,20.000000596046448,41.43541395664215,28.345398902893066
stim_102_viola_complex.wav,80.00000059604645,40.000001192092896,40.922924280166626,28.388190865516663
stim_102_viola_complex.wav,74.99999821186066,0.0,40.78401267528534,28.402721285820007
stim_102_viola_complex.wav,30.00000089406967,20.000000596046448,41.00354611873627,28.381165266036987
stim_102_viola_complex.wav,25.000001192092896,10.000000298023224,40.11685073375702,28.497156500816345
stim_102_viola_complex.wav,20.000000149011612,20.000000596046448,40.99318742752075,28.386976718902588
stim_102_viola_complex.wav,25.000001192092896,30.0,39.44098770618439,28.762752413749695
stim_102_viola_complex.wav,50.00000238418579,40.000001192092896,46.45995318889618,30.961114168167114
stim_102_viola_complex.wav,60.00000178813934,40.000001192092896,40.752137303352356,28.41684401035309
stim_102_viola_complex.wav,84.99999761581421,0.0,41.011077761650085,28.367414474487305
stim_102_viola_complex.wav,30.00000089406967,60.0,40.97483038902283,28.36587131023407
stim_102_viola_complex.wav,70.0000011920929,10.000000298023224,44.47984993457794,27.512524724006653
stim_102_viola_complex.wav,25.000001192092896,20.000000596046448,40.99639266729355,28.386590480804443
stim_102_viola_complex.wav,84.99999761581421,30.0,40.91037154197693,28.38862180709839
stim_102_viola_complex.wav,35.00000059604645,60.0,48.26790690422058,31.898971796035767
stim_102_viola_complex.wav,54.99999940395355,0.0,39.47985827922821,27.973743081092834
stim_102_viola_complex.wav,25.000001192092896,30.0,40.49381643533707,28.426973819732666
stim_102_viola_complex.wav,15.000000447034836,0.0,40.57325005531311,28.421630859375
stim_102_viola_complex.wav,80.00000059604645,20.000000596046448,47.272056341171265,30.976885557174683
stim_102_viola_complex.wav,45.0,20.000000596046448,41.6789048910141,28.332113027572632
stim_102_viola_complex.wav,15.000000447034836,60.0,40.367768704891205,28.445972800254822
stim_102_viola_complex.wav,60.00000178813934,49.999998807907104,40.845510363578796,28.398356437683105
stim_102_viola_complex.wav,20.000000149011612,49.999998807907104,40.79282909631729,28.405789732933044
stim_102_viola_complex.wav,70.0000011920929,60.0,41.98529094457626,28.38114023208618
stim_102_viola_complex.wav,60.00000178813934,40.000001192092896,41.12305462360382,28.37352991104126
stim_102_viola_complex.wav,25.000001192092896,60.0,40.72135090827942,28.41204822063446
stim_102_viola_complex.wav,15.000000447034836,40.000001192092896,34.66482371091843,30.78894853591919
stim_102_viola_complex.wav,25.000001192092896,49.999998807907104,40.87330341339111,28.395153880119324
stim_102_viola_complex.wav,5.000000037252903,49.999998807907104,40.91937303543091,28.398608565330505
stim_102_viola_complex.wav,15.000000447034836,10.000000298023224,38.202432096004486,27.358773350715637
stim_102_viola_complex.wav,25.000001192092896,40.000001192092896,40.90497761964798,28.391207456588745
stim_102_viola_complex.wav,54.99999940395355,20.000000596046448,40.783993899822235,28.394985795021057
stim_102_viola_complex.wav,10.000000074505806,40.000001192092896,36.88743352890015,29.39727544784546
stim_102_viola_complex.wav,5.000000037252903,20.000000596046448,40.48793703317642,30.750492811203003
stim_102_viola_complex.wav,45.0,30.0,41.09584093093872,28.375666737556458
stim_102_viola_complex.wav,10.000000074505806,40.000001192092896,33.75082075595856,31.054680347442627
stim_102_viola_complex.wav,25.000001192092896,0.0,40.63595473766327,28.419447541236877
stim_102_viola_complex.wav,64.9999988079071,40.000001192092896,45.656540393829346,30.844913721084595
stim_102_viola_complex.wav,45.0,40.000001192092896,48.33428621292114,32.515021562576294
stim_102_viola_complex.wav,20.000000149011612,20.000000596046448,38.89191269874573,28.52652668952942
stim_102_viola_complex.wav,5.000000037252903,20.000000596046448,40.395087003707886,28.440062999725342
stim_102_viola_complex.wav,25.000001192092896,30.0,40.52438288927078,28.42538058757782
stim_102_viola_complex.wav,15.000000447034836,0.0,40.778895020484924,28.407137989997864
stim_102_viola_complex.wav,35.00000059604645,30.0,41.078503131866455,28.375409245491028
stim_102_viola_complex.wav,64.9999988079071,20.000000596046448,43.191155791282654,28.351537585258484
stim_102_viola_complex.wav,64.9999988079071,60.0,41.57969534397125,28.65942656993866
stim_102_viola_complex.wav,0.0,20.000000596046448,40.825450122356415,28.407681584358215
stim_102_viola_complex.wav,84.99999761581421,49.999998807907104,36.99882298707962,29.278298020362854
stim_102_viola_complex.wav,35.00000059604645,30.0,42.40011602640152,28.560803532600403
stim_102_viola_complex.wav,20.000000149011612,49.999998807907104,39.014959037303925,28.71133804321289
stim_102_viola_complex.wav,50.00000238418579,10.000000298023224,40.89027911424637,28.39597463607788
stim_102_viola_complex.wav,60.00000178813934,0.0,34.95030730962753,30.74503183364868
stim_102_viola_complex.wav,10.000000074505806,49.999998807907104,39.93418961763382,28.472015261650085
stim_102_viola_complex.wav,35.00000059604645,40.000001192092896,40.786971151828766,28.403618931770325
stim_102_viola_complex.wav,84.99999761581421,60.0,40.441794991493225,28.53071630001068
stim_102_viola_complex.wav,74.99999821186066,10.000000298023224,41.32625609636307,28.351099491119385
stim_102_viola_complex.wav,60.00000178813934,0.0,45.46909689903259,30.439234972000122
stim_102_viola_complex.wav,40.000000298023224,0.0,41.063295006752014,28.376914858818054
stim_102_viola_complex.wav,35.00000059604645,60.0,40.89519560337067,28.38530123233795
stim_102_viola_complex.wav,15.000000447034836,49.999998807907104,34.38002675771713,30.26013493537903
stim_102_viola_complex.wav,70.0000011920929,0.0,40.70195585489273,28.41168701648712
stim_102_viola_complex.wav,70.0000011920929,0.0,40.85249483585358,28.394043445587158
stim_102_viola_complex.wav,0.0,49.999998807907104,40.9822279214859,28.386579751968384
stim_102_viola_complex.wav,30.00000089406967,30.0,40.489358603954315,28.43136727809906
stim_102_viola_complex.wav,64.9999988079071,20.000000596046448,42.059499621391296,28.028034567832947
stim_102_viola_complex.wav,60.00000178813934,49.999998807907104,40.720103681087494,28.41461956501007
stim_102_viola_complex.wav,30.00000089406967,0.0,38.92523914575577,28.56645405292511
stim_102_viola_complex.wav,5.000000037252903,0.0,37.20107764005661,30.222766399383545
stim_102_viola_complex.wav,15.000000447034836,20.000000596046448,40.05469053983688,28.465338349342346
stim_102_viola_complex.wav,15.000000447034836,30.0,35.70832908153534,29.110742211341858
stim_102_viola_complex.wav,15.000000447034836,0.0,38.33976924419403,27.88209557533264
stim_102_viola_complex.wav,64.9999988079071,0.0,40.885507464408875,28.392494916915894
stim_102_viola_complex.wav,84.99999761581421,49.999998807907104,40.53260922431946,28.431912660598755
stim_102_viola_complex.wav,50.00000238418579,60.0,40.54386377334595,28.427411913871765
stim_102_viola_complex.wav,0.0,0.0,40.80896258354187,28.406057953834534
stim_102_viola_complex.wav,5.000000037252903,49.999998807907104,40.745914578437805,28.416688442230225
stim_102_viola_complex.wav,35.00000059604645,30.0,42.84996807575226,28.607114553451538
stim_102_viola_complex.wav,50.00000238418579,49.999998807907104,42.792633175849915,30.349338054656982
stim_102_viola_complex.wav,74.99999821186066,49.999998807907104,41.177406907081604,28.37179183959961
stim_102_viola_complex.wav,20.000000149011612,20.000000596046448,40.4969197511673,28.405528664588928
stim_102_viola_complex.wav,0.0,0.0,41.26242220401764,28.35636019706726
stim_102_viola_complex.wav,84.99999761581421,49.999998807907104,40.4512283205986,28.435882329940796
stim_102_viola_complex.wav,64.9999988079071,60.0,41.60679370164871,28.238343000411987
stim_102_viola_complex.wav,64.9999988079071,60.0,42.45362877845764,28.402610421180725
stim_102_viola_complex.wav,10.000000074505806,60.0,40.33054232597351,28.44455122947693
stim_102_viola_complex.wav,20.000000149011612,0.0,40.828574895858765,28.398579955101013
stim_102_viola_complex.wav,30.00000089406967,0.0,40.573783814907074,28.42323660850525
stim_102_viola_complex.wav,90.0,20.000000596046448,50.734509229660034,31.684656143188477
stim_102_viola_complex.wav,25.000001192092896,20.000000596046448,39.031921327114105,28.491820693016052
stim_102_viola_complex.wav,10.000000074505806,30.0,40.57437926530838,28.423590660095215
stim_102_viola_complex.wav,84.99999761581421,30.0,40.97805976867676,28.369635343551636
stim_102_viola_complex.wav,70.0000011920929,20.000000596046448,42.41823971271515,28.31173539161682
stim_102_viola_complex.wav,45.0,49.999998807907104,40.75923711061478,28.409929275512695
stim_102_viola_complex.wav,40.000000298023224,60.0,40.19229590892792,28.451095819473267
stim_102_viola_complex.wav,35.00000059604645,60.0,45.48156917095184,28.068373203277588
stim_102_viola_complex.wav,74.99999821186066,20.000000596046448,45.33128499984741,26.961604356765747
stim_102_viola_complex.wav,70.0000011920929,60.0,40.802227556705475,28.395726084709167
stim_102_viola_complex.wav,15.000000447034836,10.000000298023224,38.42004507780075,28.255614638328552
stim_102_viola_complex.wav,0.0,60.0,51.5277886390686,30.30888319015503
stim_102_viola_complex.wav,15.000000447034836,40.000001192092896,40.42579025030136,28.433387875556946
stim_102_viola_complex.wav,50.00000238418579,40.000001192092896,40.811859369277954,28.409918546676636
stim_102_viola_complex.wav,45.0,40.000001192092896,41.01970374584198,28.384832739830017
stim_102_viola_complex.wav,15.000000447034836,30.0,37.33880639076233,28.634092211723328
stim_102_viola_complex.wav,70.0000011920929,20.000000596046448,40.75285077095032,28.40943217277527
stim_102_viola_complex.wav,20.000000149011612,60.0,40.52376598119736,28.418580293655396
stim_102_viola_complex.wav,20.000000149011612,0.0,40.887749791145325,28.3918297290802
stim_102_viola_complex.wav,54.99999940395355,20.000000596046448,40.970788300037384,28.385526537895203
stim_102_viola_complex.wav,60.00000178813934,10.000000298023224,40.87082237005234,28.396657705307007
stim_102_viola_complex.wav,90.0,10.000000298023224,40.70119947195053,28.410192131996155
stim_102_viola_complex.wav,74.99999821186066,49.999998807907104,39.26917344331741,28.572115302085876
stim_102_viola_complex.wav,15.000000447034836,0.0,41.158894300460815,28.374863862991333
stim_102_viola_complex.wav,0.0,40.000001192092896,45.6194669008255,29.142322540283203
stim_102_viola_complex.wav,74.99999821186066,60.0,40.952168405056,28.388001322746277
stim_102_viola_complex.wav,35.00000059604645,49.999998807907104,40.66222429275513,28.42596173286438
stim_102_viola_complex.wav,45.0,10.000000298023224,41.11039996147156,28.372580409049988
stim_102_viola_complex.wav,40.000000298023224,10.000000298023224,42.362790405750275,28.942564129829407
stim_102_viola_complex.wav,15.000000447034836,20.000000596046448,38.82949769496918,28.27031135559082
stim_102_viola_complex.wav,25.000001192092896,0.0,38.01329344511032,27.541446089744568
stim_102_viola_complex.wav,60.00000178813934,60.0,40.9906205534935,28.383484482765198
stim_102_viola_complex.wav,15.000000447034836,20.000000596046448,36.97364777326584,27.44288921356201
stim_102_viola_complex.wav,64.9999988079071,20.000000596046448,40.86717993021011,28.40123176574707
stim_102_viola_complex.wav,64.9999988079071,49.999998807907104,40.73426306247711,28.416303992271423
stim_102_viola_complex.wav,90.0,40.000001192092896,40.50902992486954,28.44474971294403
stim_102_viola_complex.wav,84.99999761581421,10.000000298023224,44.66490089893341,29.472076892852783
stim_102_viola_complex.wav,25.000001192092896,0.0,40.058512687683105,28.481256365776062
stim_102_viola_complex.wav,0.0,0.0,40.85866928100586,28.40260148048401
stim_102_viola_complex.wav,45.0,30.0,40.87673932313919,28.397614359855652
stim_102_viola_complex.wav,50.00000238418579,40.000001192092896,41.03714346885681,28.38854491710663
stim_102_viola_complex.wav,74.99999821186066,60.0,40.975168347358704,28.963095545768738
stim_102_viola_complex.wav,10.000000074505806,0.0,40.32537639141083,28.476333618164062
stim_102_viola_complex.wav,35.00000059604645,20.000000596046448,40.75148016214371,28.413727283477783
stim_102_viola_complex.wav,40.000000298023224,60.0,40.79307585954666,28.408074975013733
stim_102_viola_complex.wav,20.000000149011612,0.0,40.110214948654175,28.711742162704468
stim_102_viola_complex.wav,45.0,49.999998807907104,45.00767648220062,29.271483421325684
stim_102_viola_complex.wav,25.000001192092896,10.000000298023224,40.838651955127716,28.403032422065735
stim_102_viola_complex.wav,64.9999988079071,10.000000298023224,41.94486737251282,28.33614706993103
stim_102_viola_complex.wav,80.00000059604645,0.0,40.79968482255936,28.409155011177063
stim_102_viola_complex.wav,40.000000298023224,60.0,40.50118714570999,28.427571058273315
stim_102_viola_complex.wav,20.000000149011612,30.0,40.76109856367111,28.40866506099701
stim_102_viola_complex.wav,50.00000238418579,20.000000596046448,41.268237233161926,28.352140188217163
stim_102_viola_complex.wav,20.000000149011612,49.999998807907104,40.925198793411255,28.389117121696472
stim_102_viola_complex.wav,5.000000037252903,20.000000596046448,37.78548002243042,29.619035124778748
stim_102_viola_complex.wav,10.000000074505806,49.999998807907104,40.573499500751495,28.424851298332214
stim_88_viola_complex.wav,90.0,60.0,40.25157004594803,28.44779670238495
stim_88_viola_complex.wav,50.00000238418579,0.0,41.67561113834381,28.313891887664795
stim_88_viola_complex.wav,45.0,0.0,39.56840068101883,28.477748036384583
stim_88_viola_complex.wav,60.00000178813934,0.0,41.089830100536346,28.3610737323761
stim_88_viola_complex.wav,84.99999761581421,0.0,41.58383667469025,28.338984847068787
stim_88_viola_complex.wav,30.00000089406967,10.000000298023224,36.78218096494675,26.630707383155823
stim_88_viola_complex.wav,35.00000059604645,49.999998807907104,40.30126601457596,27.82677412033081
stim_88_viola_complex.wav,70.0000011920929,30.0,42.22579389810562,28.305695056915283
stim_88_viola_complex.wav,40.000000298023224,10.000000298023224,41.05648219585419,28.363489508628845
stim_88_viola_complex.wav,40.000000298023224,20.000000596046448,40.26857793331146,28.597810864448547
stim_88_viola_complex.wav,15.000000447034836,0.0,38.91628861427307,28.415749669075012
stim_88_viola_complex.wav,45.0,20.000000596046448,47.755696177482605,30.098519325256348
stim_88_viola_complex.wav,40.000000298023224,60.0,40.301325023174286,28.503624200820923
stim_88_viola_complex.wav,25.000001192092896,20.000000596046448,40.04645615816116,28.44616949558258
stim_88_viola_complex.wav,5.000000037252903,40.000001192092896,21.82980179786682,25.139189958572388
stim_88_viola_complex.wav,5.000000037252903,60.0,41.1826828122139,28.36074650287628
stim_88_viola_complex.wav,15.000000447034836,49.999998807907104,39.96034920215607,28.45138907432556
stim_88_viola_complex.wav,74.99999821186066,60.0,41.30098432302475,28.348524570465088
stim_88_viola_complex.wav,35.00000059604645,10.000000298023224,41.18535965681076,28.357831835746765
stim_88_viola_complex.wav,50.00000238418579,10.000000298023224,41.3887757062912,28.354162573814392
stim_88_viola_complex.wav,64.9999988079071,10.000000298023224,52.88492202758789,28.16127061843872
stim_88_viola_complex.wav,64.9999988079071,49.999998807907104,41.50762975215912,28.33587348461151
stim_88_viola_complex.wav,30.00000089406967,0.0,40.68036139011383,28.434001207351685
stim_88_viola_complex.wav,10.000000074505806,20.000000596046448,40.487751960754395,28.579241037368774
stim_88_viola_complex.wav,54.99999940395355,40.000001192092896,45.0193065404892,34.31174039840698
stim_88_viola_complex.wav,50.00000238418579,40.000001192092896,39.93674844503403,28.236560225486755
stim_88_viola_complex.wav,35.00000059604645,60.0,40.756554901599884,29.832646250724792
stim_88_viola_complex.wav,80.00000059604645,0.0,40.042322874069214,28.43296766281128
stim_88_viola_complex.wav,50.00000238418579,0.0,48.33907663822174,29.296056032180786
stim_88_viola_complex.wav,5.000000037252903,0.0,31.898444294929504,27.886065244674683
stim_88_viola_complex.wav,84.99999761581421,20.000000596046448,41.11592799425125,28.362897634506226
stim_88_viola_complex.wav,45.0,30.0,41.729558408260345,28.799148201942444
stim_88_viola_complex.wav,20.000000149011612,60.0,39.3352335691452,28.474518656730652
stim_88_viola_complex.wav,25.000001192092896,10.000000298023224,36.65384531021118,20.82327425479889
stim_88_viola_complex.wav,35.00000059604645,0.0,41.67295843362808,27.254621386528015
stim_88_viola_complex.wav,5.000000037252903,49.999998807907104,15.102003514766693,21.78435444831848
stim_88_viola_complex.wav,5.000000037252903,60.0,40.52916795015335,28.435104489326477
stim_88_viola_complex.wav,0.0,40.000001192092896,38.54234844446182,28.53804051876068
stim_88_viola_complex.wav,30.00000089406967,30.0,37.795860171318054,28.134493231773376
stim_88_viola_complex.wav,54.99999940395355,10.000000298023224,40.407570004463196,28.24725866317749
stim_88_viola_complex.wav,10.000000074505806,20.000000596046448,37.46218532323837,28.667805790901184
stim_88_viola_complex.wav,50.00000238418579,0.0,40.32872915267944,28.448429703712463
stim_88_viola_complex.wav,40.000000298023224,10.000000298023224,39.36017543077469,27.675082683563232
stim_88_viola_complex.wav,84.99999761581421,0.0,52.18885660171509,23.960149884223938
stim_88_viola_complex.wav,80.00000059604645,49.999998807907104,40.99527150392532,28.37308645248413
stim_88_viola_complex.wav,10.000000074505806,40.000001192092896,37.7322193980217,28.592122793197632
stim_88_viola_complex.wav,30.00000089406967,60.0,40.504429936409,28.40158760547638
stim_88_viola_complex.wav,15.000000447034836,0.0,35.42271673679352,27.27917790412903
stim_88_viola_complex.wav,74.99999821186066,10.000000298023224,33.669195771217346,25.195190906524658
stim_88_viola_complex.wav,84.99999761581421,0.0,41.478227376937866,28.33320915699005
stim_88_viola_complex.wav,45.0,10.000000298023224,41.50116562843323,28.337870836257935
stim_88_viola_complex.wav,5.000000037252903,0.0,40.078999400138855,28.48185896873474
stim_88_viola_complex.wav,80.00000059604645,60.0,41.35168343782425,28.347085118293762
stim_88_viola_complex.wav,45.0,30.0,40.847889482975006,28.431901931762695
stim_88_viola_complex.wav,10.000000074505806,49.999998807907104,40.14138489961624,28.48991632461548
stim_88_viola_complex.wav,90.0,10.000000298023224,42.429070472717285,27.606046199798584
stim_88_viola_complex.wav,64.9999988079071,49.999998807907104,41.37833386659622,28.352004289627075
stim_88_viola_complex.wav,25.000001192092896,0.0,35.86692273616791,14.7161865234375
stim_88_viola_complex.wav,10.000000074505806,60.0,21.100128293037415,29.543066024780273
stim_88_viola_complex.wav,74.99999821186066,40.000001192092896,40.097579061985016,28.4418922662735
stim_88_viola_complex.wav,5.000000037252903,0.0,19.904893040657043,25.121651887893677
stim_88_viola_complex.wav,54.99999940395355,10.000000298023224,40.198363065719604,28.501272797584534
stim_88_viola_complex.wav,74.99999821186066,40.000001192092896,45.994632840156555,29.311208724975586
stim_88_viola_complex.wav,54.99999940395355,49.999998807907104,41.12436085939407,28.36245059967041
stim_88_viola_complex.wav,10.000000074505806,40.000001192092896,40.51225662231445,28.444418907165527
stim_88_viola_complex.wav,10.000000074505806,30.0,37.138402462005615,28.60509216785431
stim_88_viola_complex.wav,35.00000059604645,40.000001192092896,34.68130052089691,19.603872299194336
stim_88_viola_complex.wav,84.99999761581421,60.0,49.03628468513489,27.441694736480713
stim_88_viola_complex.wav,40.000000298023224,49.999998807907104,41.26387059688568,28.353715538978577
stim_88_viola_complex.wav,35.00000059604645,49.999998807907104,35.96729636192322,21.10002636909485
stim_88_viola_complex.wav,70.0000011920929,20.000000596046448,41.42650634050369,28.53348970413208
stim_88_viola_complex.wav,70.0000011920929,40.000001192092896,42.34759300947189,28.27784299850464
stim_88_viola_complex.wav,74.99999821186066,0.0,45.65693736076355,28.118516206741333
stim_88_viola_complex.wav,70.0000011920929,10.000000298023224,41.37352466583252,28.566759824752808
stim_88_viola_complex.wav,70.0000011920929,30.0,51.88835263252258,30.6291925907135
stim_88_viola_complex.wav,5.000000037252903,30.0,18.879860043525696,31.667754650115967
stim_88_viola_complex.wav,70.0000011920929,0.0,39.59111899137497,28.478592038154602
stim_88_viola_complex.wav,0.0,60.0,38.950044214725494,28.506765961647034
stim_88_viola_complex.wav,25.000001192092896,30.0,41.149656772613525,28.35788905620575
stim_88_viola_complex.wav,90.0,0.0,37.42071837186813,28.568812608718872
stim_88_viola_complex.wav,80.00000059604645,60.0,40.47827571630478,28.408920764923096
stim_88_viola_complex.wav,70.0000011920929,49.999998807907104,42.24861681461334,28.273565769195557
stim_88_viola_complex.wav,50.00000238418579,49.999998807907104,41.50356888771057,28.33581268787384
stim_88_viola_complex.wav,10.000000074505806,49.999998807907104,38.76208305358887,28.51151704788208
stim_88_viola_complex.wav,10.000000074505806,60.0,27.90977954864502,31.309751272201538
stim_88_viola_complex.wav,5.000000037252903,10.000000298023224,38.941925168037415,28.203095197677612
stim_88_viola_complex.wav,74.99999821186066,30.0,42.02154368162155,28.311815857887268
stim_88_viola_complex.wav,70.0000011920929,20.000000596046448,43.82863104343414,23.99854838848114
stim_88_viola_complex.wav,45.0,60.0,40.983276665210724,28.39745342731476
stim_88_viola_complex.wav,35.00000059604645,60.0,37.53749907016754,33.66793155670166
stim_88_viola_complex.wav,40.000000298023224,0.0,41.14070624113083,28.37237298488617
stim_88_viola_complex.wav,70.0000011920929,30.0,40.80484002828598,28.384480476379395
stim_88_viola_complex.wav,80.00000059604645,20.000000596046448,41.25482618808746,28.35629940032959
stim_88_viola_complex.wav,30.00000089406967,0.0,41.574357748031616,28.380542993545532
stim_88_viola_complex.wav,74.99999821186066,49.999998807907104,41.20454549789429,28.386365175247192
stim_88_viola_complex.wav,54.99999940395355,10.000000298023224,40.34773528575897,28.376576900482178
stim_88_viola_complex.wav,40.000000298023224,10.000000298023224,40.596633553504944,28.49728524684906
stim_88_viola_complex.wav,10.000000074505806,30.0,28.778273463249207,27.966195344924927
stim_88_viola_complex.wav,15.000000447034836,10.000000298023224,40.82050949335098,28.388171195983887
stim_88_viola_complex.wav,80.00000059604645,30.0,42.73264557123184,28.723411560058594
stim_88_viola_complex.wav,20.000000149011612,30.0,38.0376398563385,28.594903349876404
stim_88_viola_complex.wav,15.000000447034836,20.000000596046448,37.91598558425903,28.559550046920776
stim_88_viola_complex.wav,20.000000149011612,40.000001192092896,40.278523564338684,28.50796937942505
stim_88_viola_complex.wav,54.99999940395355,49.999998807907104,47.51140594482422,37.03732252120972
stim_88_viola_complex.wav,25.000001192092896,40.000001192092896,37.39072859287262,23.46560776233673
stim_88_viola_complex.wav,64.9999988079071,49.999998807907104,50.07644534111023,33.815345764160156
stim_88_viola_complex.wav,5.000000037252903,49.999998807907104,38.19909542798996,28.567500114440918
stim_88_viola_complex.wav,74.99999821186066,20.000000596046448,41.15547984838486,28.359634280204773
stim_88_viola_complex.wav,64.9999988079071,0.0,51.48300647735596,28.164437413215637
stim_88_viola_complex.wav,30.00000089406967,49.999998807907104,40.312343537807465,28.399903178215027
stim_88_viola_complex.wav,20.000000149011612,49.999998807907104,40.46038269996643,28.398810625076294
stim_88_viola_complex.wav,40.000000298023224,10.000000298023224,41.7707222700119,28.322458863258362
stim_88_viola_complex.wav,84.99999761581421,20.000000596046448,45.796658992767334,30.13697862625122
stim_88_viola_complex.wav,35.00000059604645,0.0,42.656033635139465,26.923227310180664
stim_88_viola_complex.wav,90.0,40.000001192092896,41.89751833677292,28.247013688087463
stim_88_viola_complex.wav,80.00000059604645,20.000000596046448,43.691516518592834,27.787887454032898
stim_88_viola_complex.wav,35.00000059604645,49.999998807907104,41.13631010055542,28.36446225643158
stim_88_viola_complex.wav,54.99999940395355,10.000000298023224,46.39847695827484,27.85491406917572
stim_88_viola_complex.wav,50.00000238418579,20.000000596046448,47.347469329833984,27.744505405426025
stim_88_viola_complex.wav,35.00000059604645,60.0,41.970769464969635,28.316091299057007
stim_88_viola_complex.wav,50.00000238418579,30.0,40.55186212062836,28.3915114402771
