filename,true_azim,true_elev,pred_azim,pred_elev
stim_88_harmonic.wav,90.0,40.000001192092896,52.775976061820984,20.080556273460388
stim_88_harmonic.wav,40.000000298023224,20.000000596046448,42.07622587680817,28.250277042388916
stim_88_harmonic.wav,40.000000298023224,30.0,41.19711309671402,28.41560125350952
stim_88_harmonic.wav,10.000000074505806,10.000000298023224,39.34658199548721,28.56140971183777
stim_88_harmonic.wav,0.0,30.0,37.903349697589874,28.595205545425415
stim_88_harmonic.wav,30.00000089406967,60.0,40.381139516830444,28.94504964351654
stim_88_harmonic.wav,35.00000059604645,40.000001192092896,37.29528486728668,26.436243653297424
stim_88_harmonic.wav,25.000001192092896,40.000001192092896,41.73275291919708,28.55797827243805
stim_88_harmonic.wav,35.00000059604645,49.999998807907104,36.413733959198,39.11016225814819
stim_88_harmonic.wav,35.00000059604645,30.0,42.1572607755661,28.8633531332016
stim_88_harmonic.wav,80.00000059604645,30.0,41.12965285778046,28.347771763801575
stim_88_harmonic.wav,80.00000059604645,49.999998807907104,42.18506187200546,28.720321655273438
stim_88_harmonic.wav,0.0,10.000000298023224,41.832431852817535,28.470754623413086
stim_88_harmonic.wav,74.99999821186066,49.999998807907104,42.72676348686218,28.18781554698944
stim_88_harmonic.wav,84.99999761581421,20.000000596046448,40.51553428173065,28.411290049552917
stim_88_harmonic.wav,84.99999761581421,60.0,42.336343824863434,28.47300410270691
stim_88_harmonic.wav,74.99999821186066,20.000000596046448,42.548407316207886,27.971391677856445
stim_88_harmonic.wav,70.0000011920929,20.000000596046448,39.970847368240356,28.49674701690674
stim_88_harmonic.wav,45.0,30.0,41.81500554084778,28.341087698936462
stim_88_harmonic.wav,25.000001192092896,49.999998807907104,41.35883957147598,28.411397337913513
stim_88_harmonic.wav,35.00000059604645,60.0,47.20331132411957,27.38761603832245
stim_88_harmonic.wav,25.000001192092896,0.0,33.74829947948456,20.12040138244629
stim_88_harmonic.wav,25.000001192092896,0.0,41.06790840625763,28.358691930770874
stim_88_harmonic.wav,45.0,49.999998807907104,42.96246260404587,28.448123931884766
stim_88_harmonic.wav,84.99999761581421,10.000000298023224,43.18056106567383,27.90904462337494
stim_88_harmonic.wav,74.99999821186066,20.000000596046448,40.76734811067581,28.4104585647583
stim_88_harmonic.wav,35.00000059604645,40.000001192092896,35.559144616127014,23.83567750453949
stim_88_harmonic.wav,10.000000074505806,10.000000298023224,41.84855192899704,28.317793607711792
stim_88_harmonic.wav,64.9999988079071,49.999998807907104,41.60067021846771,28.332844376564026
stim_88_harmonic.wav,84.99999761581421,60.0,41.70891344547272,27.81192183494568
stim_88_harmonic.wav,25.000001192092896,20.000000596046448,41.196874380111694,28.359487652778625
stim_88_harmonic.wav,50.00000238418579,40.000001192092896,48.73758316040039,28.177101016044617
stim_88_harmonic.wav,60.00000178813934,0.0,41.54669612646103,28.355074524879456
stim_88_harmonic.wav,70.0000011920929,30.0,40.79849660396576,28.40038776397705
stim_88_harmonic.wav,54.99999940395355,40.000001192092896,38.947686553001404,28.511778116226196
stim_88_harmonic.wav,0.0,0.0,41.524573266506195,28.426782488822937
stim_88_harmonic.wav,64.9999988079071,60.0,43.006576895713806,28.294966220855713
stim_88_harmonic.wav,90.0,60.0,54.806901812553406,25.79629898071289
stim_88_harmonic.wav,74.99999821186066,40.000001192092896,43.38710993528366,28.151326775550842
stim_88_harmonic.wav,60.00000178813934,40.000001192092896,40.67293703556061,28.410154581069946
stim_88_harmonic.wav,10.000000074505806,0.0,40.870859920978546,28.46516489982605
stim_88_harmonic.wav,10.000000074505806,20.000000596046448,41.02167248725891,28.4018075466156
stim_88_harmonic.wav,90.0,0.0,51.065831780433655,21.846946477890015
stim_88_harmonic.wav,60.00000178813934,49.999998807907104,50.47994613647461,39.69952583312988
stim_88_harmonic.wav,64.9999988079071,10.000000298023224,47.083057165145874,26.410619616508484
stim_88_harmonic.wav,54.99999940395355,20.000000596046448,52.53534436225891,28.224152326583862
stim_88_harmonic.wav,54.99999940395355,10.000000298023224,41.675519943237305,28.55190396308899
stim_88_harmonic.wav,50.00000238418579,10.000000298023224,55.67540645599365,24.58492934703827
stim_88_harmonic.wav,45.0,0.0,49.15377616882324,25.09616196155548
stim_88_harmonic.wav,10.000000074505806,0.0,38.916339576244354,28.531739115715027
stim_88_harmonic.wav,0.0,10.000000298023224,19.66277539730072,24.608230590820312
stim_88_harmonic.wav,10.000000074505806,40.000001192092896,40.350632071495056,28.408902883529663
stim_88_harmonic.wav,35.00000059604645,20.000000596046448,44.0521314740181,24.73309814929962
stim_88_harmonic.wav,0.0,49.999998807907104,31.930625438690186,28.509437441825867
stim_88_harmonic.wav,25.000001192092896,40.000001192092896,32.962878942489624,26.321908235549927
stim_88_harmonic.wav,35.00000059604645,20.000000596046448,44.25180047750473,27.840870022773743
stim_88_harmonic.wav,35.00000059604645,40.000001192092896,47.220890522003174,23.981439471244812
stim_88_harmonic.wav,5.000000037252903,10.000000298023224,31.458245515823364,28.062413334846497
stim_88_harmonic.wav,54.99999940395355,60.0,54.958494901657104,30.42902112007141
stim_88_harmonic.wav,64.9999988079071,30.0,54.552226066589355,29.473367929458618
stim_88_harmonic.wav,84.99999761581421,30.0,41.341544687747955,28.350377082824707
stim_88_harmonic.wav,50.00000238418579,0.0,40.98269999027252,28.448445796966553
stim_88_harmonic.wav,20.000000149011612,30.0,40.61574429273605,28.533748984336853
stim_88_harmonic.wav,35.00000059604645,49.999998807907104,41.20063751935959,28.56529176235199
stim_88_harmonic.wav,5.000000037252903,0.0,21.538862586021423,30.627812147140503
stim_88_harmonic.wav,15.000000447034836,0.0,40.75895816087723,28.381590843200684
stim_88_harmonic.wav,80.00000059604645,20.000000596046448,41.78301751613617,28.233062624931335
stim_88_harmonic.wav,40.000000298023224,10.000000298023224,47.02668249607086,33.158544301986694
stim_88_harmonic.wav,35.00000059604645,60.0,41.82705134153366,28.416053652763367
stim_88_harmonic.wav,5.000000037252903,30.0,22.426638901233673,27.823691368103027
stim_88_harmonic.wav,50.00000238418579,40.000001192092896,42.71483838558197,28.44208002090454
stim_88_harmonic.wav,84.99999761581421,60.0,46.48443639278412,27.114291787147522
stim_88_harmonic.wav,5.000000037252903,20.000000596046448,29.25523728132248,27.20177471637726
stim_88_harmonic.wav,80.00000059604645,40.000001192092896,41.451029777526855,28.38912606239319
stim_88_harmonic.wav,45.0,10.000000298023224,57.74057865142822,40.407471656799316
stim_88_harmonic.wav,0.0,49.999998807907104,41.06760531663895,28.567954301834106
stim_88_harmonic.wav,84.99999761581421,49.999998807907104,42.54793256521225,28.33609163761139
stim_88_harmonic.wav,45.0,40.000001192092896,41.113951206207275,28.362191319465637
stim_88_harmonic.wav,15.000000447034836,20.000000596046448,43.57632368803024,27.926162481307983
stim_88_harmonic.wav,50.00000238418579,0.0,40.670490860939026,28.413190841674805
stim_88_harmonic.wav,80.00000059604645,49.999998807907104,43.90329837799072,27.984098196029663
stim_88_harmonic.wav,60.00000178813934,0.0,40.114726424217224,28.43114733695984
stim_88_harmonic.wav,5.000000037252903,40.000001192092896,24.126668572425842,34.36326742172241
stim_88_harmonic.wav,74.99999821186066,0.0,45.89663028717041,25.035009384155273
stim_88_harmonic.wav,54.99999940395355,20.000000596046448,43.088539838790894,28.1792950630188
stim_88_harmonic.wav,30.00000089406967,20.000000596046448,38.55461150407791,31.192631721496582
stim_88_harmonic.wav,70.0000011920929,10.000000298023224,44.09176915884018,22.51334309577942
stim_88_harmonic.wav,80.00000059604645,10.000000298023224,60.30574142932892,18.193477392196655
stim_88_harmonic.wav,70.0000011920929,30.0,62.6690411567688,29.577115774154663
stim_88_harmonic.wav,84.99999761581421,0.0,44.98114675283432,27.280186414718628
stim_88_harmonic.wav,20.000000149011612,49.999998807907104,39.81517195701599,28.450123071670532
stim_88_harmonic.wav,40.000000298023224,20.000000596046448,42.03890562057495,28.322097659111023
stim_88_harmonic.wav,60.00000178813934,20.000000596046448,41.83337062597275,28.379024863243103
stim_88_harmonic.wav,80.00000059604645,0.0,46.22571587562561,25.911585688591003
stim_88_harmonic.wav,45.0,40.000001192092896,40.86689293384552,28.429604172706604
stim_88_harmonic.wav,35.00000059604645,49.999998807907104,39.52164709568024,31.110928058624268
stim_88_harmonic.wav,0.0,0.0,38.05723875761032,28.683414459228516
stim_88_harmonic.wav,70.0000011920929,20.000000596046448,42.662020325660706,28.35775315761566
stim_88_harmonic.wav,54.99999940395355,10.000000298023224,43.313569128513336,27.611956000328064
stim_88_harmonic.wav,35.00000059604645,0.0,42.14069277048111,28.505950570106506
stim_88_harmonic.wav,74.99999821186066,0.0,43.818599581718445,27.324630618095398
stim_88_harmonic.wav,35.00000059604645,10.000000298023224,40.090353190898895,30.293415784835815
stim_88_harmonic.wav,15.000000447034836,30.0,40.31988054513931,28.52219045162201
stim_88_harmonic.wav,80.00000059604645,0.0,40.80798089504242,28.38761329650879
stim_88_harmonic.wav,15.000000447034836,49.999998807907104,29.684540927410126,29.782934188842773
stim_88_harmonic.wav,20.000000149011612,40.000001192092896,30.997828245162964,27.728413939476013
stim_88_harmonic.wav,74.99999821186066,49.999998807907104,63.31749200820923,36.65937066078186
stim_88_harmonic.wav,20.000000149011612,60.0,39.4625848531723,28.53541910648346
stim_88_harmonic.wav,70.0000011920929,30.0,59.48499619960785,26.17598533630371
stim_88_harmonic.wav,80.00000059604645,60.0,50.99684536457062,27.16831147670746
stim_88_harmonic.wav,20.000000149011612,0.0,40.21253049373627,28.528781533241272
stim_88_harmonic.wav,10.000000074505806,30.0,19.830131828784943,29.926621913909912
stim_88_harmonic.wav,15.000000447034836,30.0,40.72750389575958,28.390084505081177
stim_88_harmonic.wav,64.9999988079071,30.0,48.74952971935272,29.152833223342896
stim_88_harmonic.wav,5.000000037252903,0.0,38.97531598806381,28.69822919368744
stim_88_harmonic.wav,5.000000037252903,40.000001192092896,19.60809051990509,27.490389347076416
stim_88_harmonic.wav,84.99999761581421,40.000001192092896,41.810443103313446,28.466262817382812
stim_88_harmonic.wav,54.99999940395355,0.0,40.993621945381165,28.378567099571228
stim_88_harmonic.wav,45.0,60.0,41.85602456331253,28.585343956947327
stim_88_harmonic.wav,20.000000149011612,49.999998807907104,39.896118342876434,28.41720163822174
stim_88_harmonic.wav,40.000000298023224,0.0,40.61284750699997,28.40980589389801
stim_88_harmonic.wav,10.000000074505806,0.0,40.76935440301895,28.58849823474884
stim_88_harmonic.wav,5.000000037252903,20.000000596046448,21.979847252368927,28.494046926498413
stim_88_harmonic.wav,0.0,60.0,20.782938301563263,24.17549729347229
stim_88_harmonic.wav,5.000000037252903,60.0,41.064797043800354,28.581292033195496
stim_88_harmonic.wav,60.00000178813934,0.0,42.15200632810593,28.30258011817932
stim_88_harmonic.wav,60.00000178813934,40.000001192092896,46.36226177215576,27.21605122089386
stim_88_harmonic.wav,70.0000011920929,60.0,40.32674968242645,28.485150933265686
stim_88_harmonic.wav,80.00000059604645,49.999998807907104,55.08643627166748,24.812470078468323
stim_88_harmonic.wav,5.000000037252903,40.000001192092896,17.994698882102966,34.1719651222229
stim_88_harmonic.wav,50.00000238418579,30.0,41.91324681043625,28.382708430290222
stim_88_harmonic.wav,80.00000059604645,0.0,40.700923204422,28.412044644355774
stim_88_harmonic.wav,10.000000074505806,0.0,23.247368037700653,31.031463146209717
stim_88_harmonic.wav,40.000000298023224,10.000000298023224,48.41873824596405,32.109196186065674
stim_88_harmonic.wav,10.000000074505806,20.000000596046448,42.474238872528076,27.94276714324951
stim_88_harmonic.wav,25.000001192092896,10.000000298023224,38.43400061130524,17.41100549697876
stim_88_harmonic.wav,20.000000149011612,40.000001192092896,35.60302823781967,21.607972383499146
stim_88_harmonic.wav,5.000000037252903,20.000000596046448,38.42998266220093,28.588979244232178
stim_88_harmonic.wav,5.000000037252903,60.0,39.77381229400635,28.484044075012207
stim_88_harmonic.wav,45.0,0.0,41.26076728105545,28.35061490535736
stim_88_harmonic.wav,35.00000059604645,30.0,38.827907145023346,29.795495867729187
stim_88_harmonic.wav,90.0,20.000000596046448,52.803189754486084,24.84016478061676
stim_88_harmonic.wav,30.00000089406967,30.0,41.1335152387619,28.578688502311707
stim_85_harmonic.wav,54.99999940395355,30.0,42.56642907857895,28.377617597579956
stim_85_harmonic.wav,35.00000059604645,0.0,41.68708562850952,32.90026903152466
stim_85_harmonic.wav,25.000001192092896,60.0,41.1460867524147,28.48677098751068
stim_85_harmonic.wav,0.0,10.000000298023224,41.35659724473953,28.50956082344055
stim_85_harmonic.wav,74.99999821186066,40.000001192092896,45.4896479845047,27.516912817955017
stim_85_harmonic.wav,25.000001192092896,0.0,41.02102607488632,28.395402431488037
stim_85_harmonic.wav,54.99999940395355,49.999998807907104,40.323927998542786,28.431156277656555
stim_85_harmonic.wav,60.00000178813934,40.000001192092896,43.426310420036316,27.324070930480957
stim_85_harmonic.wav,84.99999761581421,49.999998807907104,42.188280522823334,28.425228595733643
stim_85_harmonic.wav,84.99999761581421,0.0,41.433332562446594,28.458455801010132
stim_85_harmonic.wav,0.0,20.000000596046448,40.76495826244354,28.83078932762146
stim_85_harmonic.wav,0.0,49.999998807907104,27.734000980854034,31.677274703979492
stim_85_harmonic.wav,30.00000089406967,30.0,39.68663513660431,30.095826387405396
stim_85_harmonic.wav,84.99999761581421,0.0,39.48464334011078,28.465890884399414
stim_85_harmonic.wav,84.99999761581421,49.999998807907104,41.07098489999771,28.808398246765137
stim_85_harmonic.wav,80.00000059604645,0.0,41.82707816362381,28.82229208946228
stim_85_harmonic.wav,50.00000238418579,60.0,43.888975381851196,26.622962951660156
stim_85_harmonic.wav,60.00000178813934,60.0,41.54860854148865,28.338292837142944
stim_85_harmonic.wav,0.0,10.000000298023224,23.264193534851074,28.548189997673035
stim_85_harmonic.wav,20.000000149011612,30.0,40.87842106819153,28.39505910873413
stim_85_harmonic.wav,5.000000037252903,49.999998807907104,40.083653032779694,28.589125871658325
stim_85_harmonic.wav,10.000000074505806,10.000000298023224,22.525274455547333,28.167225122451782
stim_85_harmonic.wav,50.00000238418579,30.0,42.58493363857269,28.256104588508606
stim_85_harmonic.wav,50.00000238418579,60.0,40.70901274681091,28.406628370285034
stim_85_harmonic.wav,15.000000447034836,10.000000298023224,33.81794571876526,31.212222576141357
stim_85_harmonic.wav,20.000000149011612,60.0,41.69745773077011,28.520613312721252
stim_85_harmonic.wav,90.0,49.999998807907104,41.132589876651764,28.359639644622803
stim_85_harmonic.wav,64.9999988079071,49.999998807907104,44.70537543296814,27.82972276210785
stim_85_harmonic.wav,5.000000037252903,10.000000298023224,18.507915437221527,26.885717511177063
stim_85_harmonic.wav,10.000000074505806,60.0,24.506388902664185,36.04321002960205
stim_85_harmonic.wav,90.0,10.000000298023224,59.30913984775543,21.577413082122803
stim_85_harmonic.wav,20.000000149011612,10.000000298023224,36.47808015346527,36.405301094055176
stim_85_harmonic.wav,70.0000011920929,30.0,55.20148694515228,22.876821756362915
stim_85_harmonic.wav,84.99999761581421,20.000000596046448,42.02154368162155,28.311815857887268
stim_85_harmonic.wav,84.99999761581421,10.000000298023224,42.198604345321655,28.254404067993164
stim_85_harmonic.wav,5.000000037252903,30.0,40.404603481292725,28.45897614955902
stim_85_harmonic.wav,64.9999988079071,30.0,56.444127559661865,28.265545964241028
stim_85_harmonic.wav,90.0,40.000001192092896,41.212428510189056,28.373687267303467
stim_85_harmonic.wav,25.000001192092896,10.000000298023224,34.467759132385254,27.830999493598938
stim_85_harmonic.wav,35.00000059604645,30.0,41.041947305202484,28.36814045906067
stim_85_harmonic.wav,70.0000011920929,40.000001192092896,51.87143325805664,28.94611895084381
stim_85_harmonic.wav,64.9999988079071,40.000001192092896,55.79762935638428,33.472169637680054
stim_85_harmonic.wav,30.00000089406967,20.000000596046448,41.889101564884186,28.316659927368164
stim_85_harmonic.wav,45.0,10.000000298023224,48.556941747665405,31.611106395721436
stim_85_harmonic.wav,15.000000447034836,0.0,39.332307279109955,28.49659502506256
stim_85_harmonic.wav,74.99999821186066,0.0,60.56957960128784,26.22754991054535
stim_85_harmonic.wav,54.99999940395355,0.0,41.89156383275986,28.384646773338318
stim_85_harmonic.wav,25.000001192092896,10.000000298023224,40.48331022262573,28.464131355285645
stim_85_harmonic.wav,15.000000447034836,20.000000596046448,41.633921563625336,28.33479881286621
stim_85_harmonic.wav,25.000001192092896,30.0,40.17835646867752,28.431503176689148
stim_85_harmonic.wav,30.00000089406967,10.000000298023224,41.15749418735504,28.359088897705078
stim_85_harmonic.wav,5.000000037252903,20.000000596046448,21.206976771354675,26.261647939682007
stim_85_harmonic.wav,10.000000074505806,49.999998807907104,22.681113481521606,33.66087198257446
stim_85_harmonic.wav,15.000000447034836,60.0,27.056845128536224,34.43025469779968
stim_85_harmonic.wav,84.99999761581421,30.0,47.6501190662384,26.486000418663025
stim_85_harmonic.wav,74.99999821186066,10.000000298023224,40.571477115154266,28.424220085144043
stim_85_harmonic.wav,74.99999821186066,30.0,40.48729598522186,28.42117130756378
stim_85_harmonic.wav,40.000000298023224,10.000000298023224,43.744857609272,29.058483839035034
stim_85_harmonic.wav,50.00000238418579,20.000000596046448,43.14383089542389,28.426212072372437
stim_85_harmonic.wav,64.9999988079071,49.999998807907104,47.50234544277191,32.79159665107727
stim_85_harmonic.wav,50.00000238418579,20.000000596046448,41.93535357713699,28.31590175628662
stim_85_harmonic.wav,30.00000089406967,60.0,40.124798119068146,32.70062327384949
stim_85_harmonic.wav,25.000001192092896,10.000000298023224,41.04561656713486,28.384929299354553
stim_85_harmonic.wav,40.000000298023224,0.0,41.106599271297455,29.993727207183838
stim_85_harmonic.wav,84.99999761581421,30.0,41.570908427238464,28.333763480186462
stim_85_harmonic.wav,20.000000149011612,30.0,39.92577821016312,28.50717008113861
stim_85_harmonic.wav,64.9999988079071,10.000000298023224,43.86235982179642,28.15223515033722
stim_85_harmonic.wav,54.99999940395355,0.0,41.03559851646423,28.382955193519592
stim_85_harmonic.wav,84.99999761581421,49.999998807907104,40.658659636974335,28.389163613319397
stim_85_harmonic.wav,80.00000059604645,60.0,41.02974861860275,28.375616669654846
stim_85_harmonic.wav,74.99999821186066,30.0,45.15062749385834,27.919240593910217
stim_85_harmonic.wav,0.0,10.000000298023224,23.893702626228333,28.747894763946533
stim_85_harmonic.wav,74.99999821186066,20.000000596046448,51.7326557636261,28.358205556869507
stim_85_harmonic.wav,50.00000238418579,20.000000596046448,42.38281846046448,28.19280445575714
stim_85_harmonic.wav,30.00000089406967,40.000001192092896,36.593071818351746,23.59617590904236
stim_85_harmonic.wav,35.00000059604645,0.0,40.32304286956787,28.40778350830078
stim_85_harmonic.wav,5.000000037252903,60.0,24.73942458629608,37.83442497253418
stim_85_harmonic.wav,84.99999761581421,30.0,60.816224813461304,26.12229824066162
stim_85_harmonic.wav,15.000000447034836,49.999998807907104,25.31503200531006,32.713894844055176
stim_85_harmonic.wav,45.0,0.0,43.068788051605225,28.09113621711731
stim_85_harmonic.wav,40.000000298023224,30.0,39.912208914756775,28.30598294734955
stim_85_harmonic.wav,74.99999821186066,60.0,49.95103597640991,26.884957551956177
stim_85_harmonic.wav,84.99999761581421,40.000001192092896,57.19955563545227,27.04245150089264
stim_85_harmonic.wav,80.00000059604645,30.0,41.88039779663086,28.319182991981506
stim_85_harmonic.wav,74.99999821186066,0.0,43.092520236968994,28.478824496269226
stim_85_harmonic.wav,5.000000037252903,30.0,26.523072123527527,27.409204244613647
stim_85_harmonic.wav,84.99999761581421,0.0,40.780096650123596,28.410513997077942
stim_85_harmonic.wav,35.00000059604645,30.0,38.67812991142273,29.037875533103943
stim_85_harmonic.wav,20.000000149011612,30.0,38.74959468841553,32.259392738342285
stim_85_harmonic.wav,90.0,49.999998807907104,44.95648384094238,27.696974873542786
stim_85_harmonic.wav,20.000000149011612,20.000000596046448,41.578228175640106,28.33595037460327
stim_85_harmonic.wav,0.0,10.000000298023224,20.489198863506317,28.24414372444153
stim_85_harmonic.wav,50.00000238418579,40.000001192092896,43.610326051712036,28.421802520751953
stim_85_harmonic.wav,30.00000089406967,10.000000298023224,37.602936923503876,33.798344135284424
stim_85_harmonic.wav,64.9999988079071,20.000000596046448,43.13224643468857,28.219497799873352
stim_85_harmonic.wav,25.000001192092896,0.0,41.151883006095886,28.463793396949768
stim_85_harmonic.wav,70.0000011920929,49.999998807907104,40.27792811393738,28.43051254749298
stim_85_harmonic.wav,35.00000059604645,49.999998807907104,41.422450840473175,28.34033489227295
stim_85_harmonic.wav,40.000000298023224,30.0,41.59724235534668,28.35164487361908
stim_85_harmonic.wav,0.0,30.0,22.904769480228424,28.85197877883911
stim_85_harmonic.wav,45.0,10.000000298023224,41.22624188661575,28.419549465179443
stim_85_harmonic.wav,74.99999821186066,10.000000298023224,63.94948482513428,15.374037623405457
stim_85_harmonic.wav,54.99999940395355,40.000001192092896,46.90133213996887,33.446080684661865
stim_59_harmonic.wav,54.99999940395355,40.000001192092896,57.647387981414795,40.55394530296326
stim_59_harmonic.wav,70.0000011920929,30.0,61.99017405509949,29.422160983085632
stim_59_harmonic.wav,80.00000059604645,49.999998807907104,66.13547444343567,24.404622316360474
stim_59_harmonic.wav,10.000000074505806,49.999998807907104,26.826553344726562,21.5048611164093
stim_59_harmonic.wav,15.000000447034836,49.999998807907104,32.71970182657242,26.52816116809845
stim_59_harmonic.wav,84.99999761581421,49.999998807907104,58.14789891242981,33.398752212524414
stim_59_harmonic.wav,80.00000059604645,10.000000298023224,49.62990581989288,30.60240626335144
stim_59_harmonic.wav,60.00000178813934,60.0,37.96770930290222,25.911719799041748
stim_59_harmonic.wav,45.0,40.000001192092896,44.68824952840805,34.5778226852417
stim_59_harmonic.wav,90.0,40.000001192092896,33.317939043045044,27.672634720802307
stim_59_harmonic.wav,25.000001192092896,10.000000298023224,28.386574387550354,21.368272304534912
stim_59_harmonic.wav,30.00000089406967,40.000001192092896,29.470838606357574,21.213966608047485
stim_59_harmonic.wav,80.00000059604645,20.000000596046448,54.950512647628784,26.316365003585815
stim_59_harmonic.wav,54.99999940395355,20.000000596046448,43.64092469215393,27.54751145839691
stim_59_harmonic.wav,10.000000074505806,40.000001192092896,35.798234045505524,26.19209110736847
stim_59_harmonic.wav,45.0,60.0,56.50327026844025,42.531301975250244
stim_59_harmonic.wav,30.00000089406967,20.000000596046448,29.351284503936768,15.06601631641388
stim_59_harmonic.wav,15.000000447034836,49.999998807907104,30.537322461605072,26.08986496925354
stim_59_harmonic.wav,40.000000298023224,0.0,44.86137807369232,34.062970876693726
stim_59_harmonic.wav,54.99999940395355,20.000000596046448,42.37119108438492,27.182613015174866
stim_59_harmonic.wav,0.0,10.000000298023224,15.613471269607544,21.08929216861725
stim_59_harmonic.wav,5.000000037252903,49.999998807907104,42.60771632194519,27.571848034858704
stim_59_harmonic.wav,25.000001192092896,49.999998807907104,24.932055473327637,30.461432933807373
stim_59_harmonic.wav,74.99999821186066,30.0,35.271225571632385,25.432092547416687
stim_59_harmonic.wav,60.00000178813934,40.000001192092896,35.74108421802521,28.948084115982056
stim_59_harmonic.wav,40.000000298023224,30.0,38.01512807607651,30.725433826446533
stim_59_harmonic.wav,10.000000074505806,60.0,19.98638927936554,18.609196543693542
stim_59_harmonic.wav,30.00000089406967,40.000001192092896,32.756453454494476,19.27067756652832
stim_59_harmonic.wav,90.0,49.999998807907104,42.93861508369446,32.645323276519775
stim_59_harmonic.wav,15.000000447034836,30.0,32.907931208610535,27.8190940618515
stim_59_harmonic.wav,0.0,60.0,51.85848891735077,27.702995538711548
stim_59_harmonic.wav,64.9999988079071,60.0,64.05974507331848,27.88692355155945
stim_59_harmonic.wav,40.000000298023224,30.0,60.99535346031189,35.29103636741638
stim_59_harmonic.wav,70.0000011920929,30.0,52.776421308517456,33.36858630180359
stim_59_harmonic.wav,15.000000447034836,60.0,18.50373387336731,27.401270270347595
stim_59_harmonic.wav,45.0,40.000001192092896,43.055197298526764,38.19457411766052
stim_59_harmonic.wav,70.0000011920929,10.000000298023224,64.62221503257751,23.505098819732666
stim_59_harmonic.wav,54.99999940395355,30.0,51.94455564022064,28.6493182182312
stim_59_harmonic.wav,5.000000037252903,49.999998807907104,50.83171784877777,27.624605298042297
stim_59_harmonic.wav,40.000000298023224,30.0,38.62699627876282,38.088330030441284
stim_59_harmonic.wav,25.000001192092896,10.000000298023224,40.10503828525543,27.953601479530334
stim_59_harmonic.wav,20.000000149011612,40.000001192092896,35.803826451301575,23.810636401176453
stim_59_harmonic.wav,50.00000238418579,0.0,54.1499000787735,30.63907027244568
stim_59_harmonic.wav,40.000000298023224,0.0,44.30329084396362,33.095691204071045
stim_59_harmonic.wav,15.000000447034836,40.000001192092896,27.45545357465744,33.74182105064392
stim_59_harmonic.wav,84.99999761581421,0.0,56.93339467048645,22.791513204574585
stim_59_harmonic.wav,35.00000059604645,40.000001192092896,43.400620222091675,24.112483263015747
stim_59_harmonic.wav,10.000000074505806,40.000001192092896,29.599710702896118,26.71763777732849
stim_59_harmonic.wav,5.000000037252903,49.999998807907104,38.48030626773834,25.734769105911255
stim_59_harmonic.wav,20.000000149011612,30.0,21.689192354679108,37.22051739692688
stim_59_harmonic.wav,60.00000178813934,0.0,45.88284909725189,35.416059494018555
stim_59_harmonic.wav,5.000000037252903,20.000000596046448,33.0575555562973,28.133752942085266
stim_59_harmonic.wav,25.000001192092896,30.0,22.946724593639374,28.18171799182892
stim_59_harmonic.wav,90.0,10.000000298023224,47.318522930145264,29.073341488838196
stim_59_harmonic.wav,60.00000178813934,30.0,35.11048078536987,25.641390681266785
stim_59_harmonic.wav,50.00000238418579,60.0,48.71833562850952,33.10003638267517
stim_59_harmonic.wav,35.00000059604645,60.0,32.59360581636429,28.373544216156006
stim_59_harmonic.wav,20.000000149011612,60.0,30.481964349746704,28.49604606628418
stim_59_harmonic.wav,0.0,0.0,33.55522871017456,28.57599377632141
stim_59_harmonic.wav,45.0,30.0,46.65891945362091,29.969687461853027
stim_59_harmonic.wav,20.000000149011612,10.000000298023224,26.856384873390198,24.409114122390747
stim_59_harmonic.wav,25.000001192092896,30.0,39.086348712444305,29.84806537628174
stim_59_harmonic.wav,84.99999761581421,20.000000596046448,69.29410815238953,26.882675886154175
stim_59_harmonic.wav,5.000000037252903,0.0,19.809608906507492,24.015283584594727
stim_59_harmonic.wav,5.000000037252903,20.000000596046448,25.495609045028687,27.28837788105011
stim_59_harmonic.wav,84.99999761581421,20.000000596046448,48.00803303718567,29.49706256389618
stim_59_harmonic.wav,10.000000074505806,60.0,27.342090010643005,24.033671021461487
stim_59_harmonic.wav,45.0,40.000001192092896,42.8329735994339,29.059163331985474
stim_59_harmonic.wav,64.9999988079071,40.000001192092896,54.866366386413574,33.0492639541626
stim_59_harmonic.wav,90.0,20.000000596046448,40.62736362218857,19.113972187042236
stim_59_harmonic.wav,15.000000447034836,10.000000298023224,32.80734300613403,22.122788429260254
stim_59_harmonic.wav,15.000000447034836,49.999998807907104,20.91556280851364,29.88372266292572
stim_59_harmonic.wav,50.00000238418579,20.000000596046448,35.640056133270264,28.042949438095093
stim_59_harmonic.wav,20.000000149011612,10.000000298023224,33.830015659332275,22.621028423309326
stim_59_harmonic.wav,0.0,30.0,26.61013662815094,26.21812641620636
stim_59_harmonic.wav,25.000001192092896,60.0,45.352930426597595,38.82692098617554
stim_59_harmonic.wav,84.99999761581421,60.0,54.182231426239014,32.077964544296265
stim_59_harmonic.wav,70.0000011920929,49.999998807907104,40.77685922384262,32.01259732246399
stim_59_harmonic.wav,54.99999940395355,60.0,49.70361828804016,35.275254249572754
stim_59_harmonic.wav,40.000000298023224,0.0,46.792874336242676,32.30156421661377
stim_59_harmonic.wav,64.9999988079071,10.000000298023224,37.44341790676117,27.752984762191772
stim_59_harmonic.wav,70.0000011920929,0.0,66.53939366340637,24.367218017578125
stim_59_harmonic.wav,70.0000011920929,30.0,64.43680465221405,25.508569478988647
stim_59_harmonic.wav,50.00000238418579,20.000000596046448,36.602851152420044,33.676990270614624
stim_59_harmonic.wav,50.00000238418579,40.000001192092896,42.78470724821091,26.899754405021667
stim_59_harmonic.wav,35.00000059604645,49.999998807907104,45.42772650718689,33.695833683013916
stim_59_harmonic.wav,20.000000149011612,60.0,24.07990962266922,27.368935346603394
stim_59_harmonic.wav,50.00000238418579,20.000000596046448,61.955514550209045,35.96265435218811
stim_59_harmonic.wav,60.00000178813934,40.000001192092896,59.74860906600952,37.881317138671875
stim_59_harmonic.wav,70.0000011920929,20.000000596046448,48.958436250686646,26.569358110427856
stim_59_harmonic.wav,90.0,60.0,57.474353313446045,25.205626487731934
stim_59_harmonic.wav,15.000000447034836,60.0,17.005062997341156,31.621384620666504
stim_59_harmonic.wav,25.000001192092896,10.000000298023224,28.61287772655487,29.663697481155396
stim_59_harmonic.wav,15.000000447034836,30.0,31.41714334487915,27.201116681098938
stim_59_harmonic.wav,40.000000298023224,0.0,38.379342555999756,27.078775763511658
stim_59_harmonic.wav,0.0,30.0,12.921493649482727,25.053829550743103
stim_59_harmonic.wav,35.00000059604645,40.000001192092896,28.378731608390808,28.892050981521606
stim_59_harmonic.wav,5.000000037252903,30.0,32.07839637994766,30.56916117668152
stim_59_harmonic.wav,54.99999940395355,20.000000596046448,42.11968570947647,23.109471201896667
stim_59_harmonic.wav,5.000000037252903,30.0,15.705530047416687,23.182538151741028
stim_59_harmonic.wav,60.00000178813934,0.0,63.32465887069702,27.102506160736084
stim_59_harmonic.wav,15.000000447034836,0.0,20.045907497406006,35.33356189727783
stim_59_harmonic.wav,0.0,49.999998807907104,12.958183586597443,27.316802144050598
stim_59_harmonic.wav,50.00000238418579,0.0,55.33605873584747,34.17341709136963
stim_59_harmonic.wav,45.0,40.000001192092896,54.45623517036438,39.71221089363098
stim_59_harmonic.wav,84.99999761581421,20.000000596046448,66.54120683670044,23.014678359031677
stim_59_harmonic.wav,54.99999940395355,40.000001192092896,60.71825981140137,39.17817234992981
stim_59_harmonic.wav,20.000000149011612,49.999998807907104,42.335308492183685,26.38409435749054
stim_59_harmonic.wav,5.000000037252903,20.000000596046448,32.749144434928894,24.470906853675842
stim_59_harmonic.wav,25.000001192092896,10.000000298023224,29.58621382713318,25.5085551738739
stim_59_harmonic.wav,40.000000298023224,0.0,36.13875925540924,28.25020730495453
stim_59_harmonic.wav,70.0000011920929,40.000001192092896,42.82607227563858,21.923725605010986
stim_59_harmonic.wav,74.99999821186066,30.0,51.36215150356293,29.512487053871155
stim_59_harmonic.wav,15.000000447034836,10.000000298023224,21.116996705532074,19.332139492034912
stim_59_harmonic.wav,80.00000059604645,60.0,44.38312143087387,25.92188537120819
stim_59_harmonic.wav,25.000001192092896,60.0,33.836160600185394,24.954131841659546
stim_59_harmonic.wav,10.000000074505806,0.0,36.1837774515152,24.49451744556427
stim_59_harmonic.wav,30.00000089406967,30.0,35.68496972322464,18.73509407043457
stim_59_harmonic.wav,40.000000298023224,10.000000298023224,43.2300129532814,43.342140913009644
stim_83_harmonic.wav,64.9999988079071,49.999998807907104,41.08630299568176,28.37012529373169
stim_83_harmonic.wav,84.99999761581421,40.000001192092896,53.596914410591125,28.550700545310974
stim_83_harmonic.wav,50.00000238418579,60.0,41.32680594921112,28.411860466003418
stim_83_harmonic.wav,84.99999761581421,0.0,42.818092703819275,28.18488836288452
stim_83_harmonic.wav,54.99999940395355,30.0,42.05253928899765,28.268001079559326
stim_83_harmonic.wav,25.000001192092896,0.0,35.23335814476013,23.365176916122437
stim_83_harmonic.wav,45.0,20.000000596046448,43.82242977619171,28.415996432304382
stim_83_harmonic.wav,20.000000149011612,0.0,42.13005781173706,28.168777227401733
stim_83_harmonic.wav,74.99999821186066,20.000000596046448,62.25696802139282,15.014383792877197
stim_83_harmonic.wav,35.00000059604645,0.0,39.04121518135071,28.64778757095337
stim_83_harmonic.wav,30.00000089406967,10.000000298023224,42.166616320610046,28.356070518493652
stim_83_harmonic.wav,54.99999940395355,10.000000298023224,49.23650622367859,25.99587857723236
stim_83_harmonic.wav,80.00000059604645,10.000000298023224,43.87678474187851,28.536449074745178
stim_83_harmonic.wav,80.00000059604645,20.000000596046448,42.58155405521393,28.206288814544678
stim_83_harmonic.wav,10.000000074505806,49.999998807907104,18.108003437519073,28.688843250274658
stim_83_harmonic.wav,25.000001192092896,0.0,41.237064599990845,28.358484506607056
stim_83_harmonic.wav,74.99999821186066,0.0,64.84198987483978,11.262475848197937
stim_83_harmonic.wav,54.99999940395355,40.000001192092896,40.24450242519379,28.683228492736816
stim_83_harmonic.wav,15.000000447034836,30.0,41.870291233062744,29.062827229499817
stim_83_harmonic.wav,20.000000149011612,60.0,38.93659025430679,28.630592823028564
stim_83_harmonic.wav,40.000000298023224,40.000001192092896,32.39796817302704,21.738739013671875
stim_83_harmonic.wav,35.00000059604645,40.000001192092896,40.510936975479126,28.60021948814392
stim_83_harmonic.wav,10.000000074505806,0.0,38.516561686992645,28.884592652320862
stim_83_harmonic.wav,45.0,40.000001192092896,42.65812575817108,31.831566095352173
stim_83_harmonic.wav,30.00000089406967,60.0,35.42119860649109,22.93968915939331
stim_83_harmonic.wav,30.00000089406967,49.999998807907104,30.958246886730194,21.64215624332428
stim_83_harmonic.wav,45.0,40.000001192092896,40.18867492675781,28.453609943389893
stim_83_harmonic.wav,40.000000298023224,49.999998807907104,43.23753386735916,28.41240406036377
stim_83_harmonic.wav,64.9999988079071,0.0,39.415522813797,28.34418296813965
stim_83_harmonic.wav,50.00000238418579,0.0,39.793497025966644,28.433673977851868
stim_83_harmonic.wav,5.000000037252903,40.000001192092896,39.52802002429962,28.482415080070496
stim_83_harmonic.wav,64.9999988079071,30.0,53.18505048751831,28.31599473953247
stim_83_harmonic.wav,60.00000178813934,30.0,41.29386305809021,28.88702630996704
stim_83_harmonic.wav,30.00000089406967,40.000001192092896,34.639412462711334,19.841163754463196
stim_83_harmonic.wav,40.000000298023224,20.000000596046448,41.42726272344589,28.504310846328735
stim_83_harmonic.wav,45.0,10.000000298023224,42.90083348751068,27.127638459205627
stim_83_harmonic.wav,30.00000089406967,20.000000596046448,40.79767048358917,28.531596064567566
stim_83_harmonic.wav,74.99999821186066,40.000001192092896,41.89777582883835,28.071759939193726
stim_83_harmonic.wav,64.9999988079071,49.999998807907104,47.418091893196106,29.817761778831482
stim_83_harmonic.wav,20.000000149011612,30.0,40.519718527793884,28.485440611839294
stim_83_harmonic.wav,80.00000059604645,30.0,41.874276995658875,28.445935249328613
stim_83_harmonic.wav,50.00000238418579,60.0,44.56398010253906,26.977325677871704
stim_83_harmonic.wav,0.0,60.0,39.534462690353394,28.49570631980896
stim_83_harmonic.wav,20.000000149011612,30.0,22.27055311203003,24.182374477386475
stim_83_harmonic.wav,50.00000238418579,0.0,44.71317797899246,28.104153871536255
stim_83_harmonic.wav,84.99999761581421,30.0,56.02178692817688,23.53245735168457
stim_83_harmonic.wav,35.00000059604645,30.0,38.077832758426666,28.92841100692749
stim_83_harmonic.wav,54.99999940395355,30.0,40.98918825387955,28.358636498451233
stim_83_harmonic.wav,70.0000011920929,40.000001192092896,53.770211935043335,33.714001178741455
stim_83_harmonic.wav,10.000000074505806,30.0,40.419307351112366,28.690561652183533
stim_83_harmonic.wav,45.0,30.0,41.820809841156006,28.32927167415619
stim_83_harmonic.wav,50.00000238418579,0.0,46.43644094467163,21.144787073135376
stim_83_harmonic.wav,45.0,30.0,39.06805336475372,28.712611198425293
stim_83_harmonic.wav,15.000000447034836,40.000001192092896,39.32427942752838,28.513657450675964
stim_83_harmonic.wav,0.0,0.0,13.171403110027313,27.557841539382935
stim_83_harmonic.wav,0.0,49.999998807907104,21.9070802628994,32.759095430374146
stim_83_harmonic.wav,10.000000074505806,10.000000298023224,40.21631509065628,28.811248540878296
stim_83_harmonic.wav,15.000000447034836,10.000000298023224,20.518849343061447,18.44032645225525
stim_83_harmonic.wav,25.000001192092896,60.0,40.637832283973694,28.405641317367554
stim_83_harmonic.wav,20.000000149011612,10.000000298023224,29.21825498342514,21.54934287071228
stim_83_harmonic.wav,10.000000074505806,60.0,41.86224192380905,28.688013553619385
stim_83_harmonic.wav,70.0000011920929,60.0,41.143192648887634,27.95254647731781
stim_83_harmonic.wav,54.99999940395355,49.999998807907104,40.893237590789795,27.61036992073059
stim_83_harmonic.wav,25.000001192092896,60.0,40.49159288406372,28.69784116744995
stim_83_harmonic.wav,5.000000037252903,40.000001192092896,41.49334967136383,29.66499924659729
stim_83_harmonic.wav,54.99999940395355,0.0,50.91689944267273,28.83268117904663
stim_83_harmonic.wav,40.000000298023224,10.000000298023224,41.722694635391235,25.10762929916382
stim_83_harmonic.wav,30.00000089406967,20.000000596046448,37.74620980024338,28.641589879989624
stim_83_harmonic.wav,0.0,40.000001192092896,35.96425473690033,28.64203691482544
stim_83_harmonic.wav,40.000000298023224,40.000001192092896,38.66069555282593,28.534653782844543
stim_83_harmonic.wav,60.00000178813934,40.000001192092896,44.00554150342941,20.991110801696777
stim_83_harmonic.wav,80.00000059604645,30.0,42.14288413524628,28.410775065422058
stim_83_harmonic.wav,84.99999761581421,0.0,38.15858602523804,28.69160771369934
stim_83_harmonic.wav,64.9999988079071,40.000001192092896,45.60754716396332,29.700517058372498
stim_83_harmonic.wav,10.000000074505806,60.0,41.440432369709015,28.536096811294556
stim_83_harmonic.wav,30.00000089406967,49.999998807907104,30.186336636543274,24.878575801849365
stim_83_harmonic.wav,60.00000178813934,20.000000596046448,41.200460493564606,28.360167145729065
stim_83_harmonic.wav,80.00000059604645,60.0,41.9368851184845,28.262341618537903
stim_83_harmonic.wav,30.00000089406967,20.000000596046448,42.05108553171158,28.374207615852356
stim_83_harmonic.wav,90.0,49.999998807907104,55.00104546546936,32.366881370544434
stim_83_harmonic.wav,70.0000011920929,20.000000596046448,46.03343367576599,27.795808911323547
stim_83_harmonic.wav,5.000000037252903,20.000000596046448,38.51702839136124,28.541057109832764
stim_83_harmonic.wav,0.0,40.000001192092896,36.263527572155,28.774479031562805
stim_83_harmonic.wav,20.000000149011612,60.0,25.961369276046753,31.810909509658813
stim_83_harmonic.wav,45.0,10.000000298023224,44.516099989414215,27.846182584762573
stim_83_harmonic.wav,40.000000298023224,0.0,38.36561232805252,28.530954122543335
stim_83_harmonic.wav,20.000000149011612,40.000001192092896,36.072130501270294,29.186094403266907
stim_83_harmonic.wav,15.000000447034836,20.000000596046448,39.87629950046539,28.438745141029358
stim_83_harmonic.wav,64.9999988079071,40.000001192092896,47.29008615016937,32.29785919189453
stim_83_harmonic.wav,35.00000059604645,20.000000596046448,40.875097811222076,28.56168508529663
stim_83_harmonic.wav,54.99999940395355,30.0,44.12033200263977,28.305373191833496
stim_83_harmonic.wav,60.00000178813934,20.000000596046448,37.47142553329468,29.638497233390808
stim_83_harmonic.wav,50.00000238418579,20.000000596046448,44.21000897884369,21.96558952331543
stim_83_harmonic.wav,20.000000149011612,20.000000596046448,39.85350877046585,28.646101355552673
stim_83_harmonic.wav,80.00000059604645,30.0,41.86944633722305,28.310701847076416
stim_83_harmonic.wav,25.000001192092896,0.0,40.677223205566406,28.458775877952576
stim_83_harmonic.wav,30.00000089406967,40.000001192092896,41.34411692619324,28.342979550361633
stim_83_harmonic.wav,10.000000074505806,30.0,37.693485617637634,28.59471559524536
stim_83_harmonic.wav,0.0,10.000000298023224,13.541051745414734,27.329063415527344
stim_83_harmonic.wav,70.0000011920929,49.999998807907104,40.89454114437103,28.559188842773438
stim_83_harmonic.wav,90.0,40.000001192092896,41.252798438072205,28.33251714706421
stim_83_harmonic.wav,30.00000089406967,60.0,38.63938271999359,21.8081796169281
stim_83_harmonic.wav,15.000000447034836,60.0,39.327669739723206,28.50527822971344
stim_83_harmonic.wav,40.000000298023224,60.0,41.83807522058487,28.318721652030945
stim_83_harmonic.wav,10.000000074505806,10.000000298023224,41.17172598838806,28.35838794708252
stim_83_harmonic.wav,20.000000149011612,0.0,39.884847700595856,28.434532284736633
stim_83_harmonic.wav,50.00000238418579,60.0,42.104458808898926,28.31749677658081
stim_83_harmonic.wav,40.000000298023224,49.999998807907104,43.57243448495865,27.943759560585022
stim_83_harmonic.wav,5.000000037252903,20.000000596046448,18.68113249540329,26.281619668006897
stim_83_harmonic.wav,5.000000037252903,60.0,18.68615359067917,25.626375675201416
stim_83_harmonic.wav,25.000001192092896,30.0,29.806535840034485,22.468178272247314
stim_83_harmonic.wav,40.000000298023224,0.0,42.80265927314758,29.06842589378357
stim_83_harmonic.wav,54.99999940395355,20.000000596046448,46.494258642196655,26.976218819618225
stim_83_harmonic.wav,15.000000447034836,0.0,40.85563838481903,28.380383849143982
stim_83_harmonic.wav,15.000000447034836,20.000000596046448,26.066935658454895,28.002120852470398
stim_83_harmonic.wav,80.00000059604645,40.000001192092896,41.433168947696686,28.383588194847107
stim_83_harmonic.wav,10.000000074505806,10.000000298023224,40.20476281642914,29.24722909927368
stim_83_harmonic.wav,20.000000149011612,49.999998807907104,19.644167572259903,27.392236590385437
stim_83_harmonic.wav,84.99999761581421,30.0,42.3575359582901,28.295609951019287
stim_83_harmonic.wav,35.00000059604645,30.0,39.2998605966568,28.59256625175476
stim_83_harmonic.wav,15.000000447034836,10.000000298023224,17.00681447982788,18.518146276474
stim_83_harmonic.wav,10.000000074505806,20.000000596046448,38.267741203308105,28.728089332580566
stim_83_harmonic.wav,74.99999821186066,60.0,43.14845234155655,28.371257185935974
stim_83_harmonic.wav,84.99999761581421,20.000000596046448,41.85630351305008,28.574155569076538
stim_83_harmonic.wav,45.0,0.0,38.74044567346573,28.523942828178406
stim_83_harmonic.wav,10.000000074505806,20.000000596046448,38.49583625793457,28.58880043029785
stim_83_harmonic.wav,64.9999988079071,0.0,40.29813855886459,28.516225218772888
stim_83_harmonic.wav,60.00000178813934,30.0,50.143747329711914,24.30451512336731
stim_83_harmonic.wav,0.0,30.0,17.86861091852188,27.804413437843323
stim_83_harmonic.wav,20.000000149011612,60.0,28.121357560157776,24.19914722442627
stim_83_harmonic.wav,74.99999821186066,60.0,43.869550824165344,27.943793535232544
stim_83_harmonic.wav,64.9999988079071,10.000000298023224,43.492475152015686,28.34124505519867
stim_83_harmonic.wav,50.00000238418579,10.000000298023224,41.61150902509689,28.42021107673645
stim_83_harmonic.wav,84.99999761581421,20.000000596046448,58.72967541217804,26.7318195104599
stim_83_harmonic.wav,74.99999821186066,49.999998807907104,50.738242864608765,31.683608293533325
stim_83_harmonic.wav,60.00000178813934,20.000000596046448,36.05287492275238,28.713501691818237
stim_83_harmonic.wav,25.000001192092896,60.0,39.640144407749176,28.503938913345337
stim_83_harmonic.wav,90.0,40.000001192092896,42.07368850708008,28.526887893676758
stim_57_harmonic.wav,50.00000238418579,49.999998807907104,54.15702402591705,28.460034728050232
stim_57_harmonic.wav,35.00000059604645,60.0,46.581902503967285,31.877914667129517
stim_57_harmonic.wav,50.00000238418579,0.0,61.890138387680054,36.189204454422
stim_57_harmonic.wav,84.99999761581421,49.999998807907104,48.54916870594025,29.13158655166626
stim_57_harmonic.wav,80.00000059604645,40.000001192092896,60.28176784515381,34.729135036468506
stim_57_harmonic.wav,54.99999940395355,49.999998807907104,45.81024706363678,33.388670682907104
stim_57_harmonic.wav,15.000000447034836,30.0,18.40632677078247,35.561585426330566
stim_57_harmonic.wav,35.00000059604645,20.000000596046448,45.835840702056885,36.289483308792114
stim_57_harmonic.wav,70.0000011920929,60.0,41.95634454488754,28.4743469953537
stim_57_harmonic.wav,80.00000059604645,60.0,40.68731099367142,28.21411371231079
stim_57_harmonic.wav,60.00000178813934,0.0,53.874104619026184,34.37040567398071
stim_57_harmonic.wav,50.00000238418579,49.999998807907104,49.153942465782166,32.35869884490967
stim_57_harmonic.wav,5.000000037252903,60.0,28.77628594636917,28.448892831802368
stim_57_harmonic.wav,80.00000059604645,40.000001192092896,51.99455738067627,31.26711130142212
stim_57_harmonic.wav,60.00000178813934,49.999998807907104,37.930405139923096,31.45808458328247
stim_57_harmonic.wav,10.000000074505806,20.000000596046448,33.73368680477142,24.262202382087708
stim_57_harmonic.wav,15.000000447034836,49.999998807907104,20.065847039222717,31.04171633720398
stim_57_harmonic.wav,25.000001192092896,10.000000298023224,28.9176008105278,25.363381505012512
stim_57_harmonic.wav,84.99999761581421,20.000000596046448,60.65943360328674,30.07610321044922
stim_57_harmonic.wav,64.9999988079071,49.999998807907104,53.17299127578735,33.948808908462524
stim_57_harmonic.wav,50.00000238418579,30.0,49.46388244628906,36.82004928588867
stim_57_harmonic.wav,40.000000298023224,0.0,33.96772027015686,27.497549057006836
stim_57_harmonic.wav,90.0,30.0,45.64186334609985,30.439231395721436
stim_57_harmonic.wav,20.000000149011612,40.000001192092896,21.380217969417572,21.664944291114807
stim_57_harmonic.wav,5.000000037252903,20.000000596046448,25.98263919353485,27.114028930664062
stim_57_harmonic.wav,45.0,0.0,50.17526865005493,30.493987798690796
stim_57_harmonic.wav,64.9999988079071,60.0,51.70769512653351,29.33549165725708
stim_57_harmonic.wav,10.000000074505806,10.000000298023224,27.203468084335327,29.299832582473755
stim_57_harmonic.wav,60.00000178813934,40.000001192092896,39.2309707403183,30.715845823287964
stim_57_harmonic.wav,20.000000149011612,40.000001192092896,43.277863562107086,30.340304374694824
stim_57_harmonic.wav,15.000000447034836,49.999998807907104,21.165075302124023,21.850919723510742
stim_57_harmonic.wav,80.00000059604645,20.000000596046448,50.45439004898071,21.96660339832306
stim_57_harmonic.wav,70.0000011920929,0.0,52.44516313076019,29.94591772556305
stim_57_harmonic.wav,0.0,49.999998807907104,40.23215353488922,25.48250913619995
stim_57_harmonic.wav,64.9999988079071,20.000000596046448,53.71222257614136,33.13465118408203
stim_57_harmonic.wav,40.000000298023224,10.000000298023224,41.58494174480438,33.56659412384033
stim_57_harmonic.wav,45.0,0.0,52.84407198429108,29.1159850358963
stim_57_harmonic.wav,50.00000238418579,40.000001192092896,47.16162979602814,33.952213525772095
stim_57_harmonic.wav,50.00000238418579,60.0,51.57976984977722,31.749247312545776
stim_57_harmonic.wav,60.00000178813934,30.0,42.93656587600708,27.1573805809021
stim_57_harmonic.wav,80.00000059604645,60.0,59.058895111083984,24.767090678215027
stim_57_harmonic.wav,50.00000238418579,10.000000298023224,56.99090123176575,33.91899347305298
stim_57_harmonic.wav,0.0,20.000000596046448,14.343724250793457,26.973323822021484
stim_57_harmonic.wav,40.000000298023224,10.000000298023224,35.76066970825195,21.81926965713501
stim_57_harmonic.wav,60.00000178813934,10.000000298023224,55.66092252731323,27.005571126937866
stim_57_harmonic.wav,64.9999988079071,40.000001192092896,47.795902490615845,30.389024019241333
stim_57_harmonic.wav,10.000000074505806,10.000000298023224,39.538904428482056,28.424111008644104
stim_57_harmonic.wav,0.0,40.000001192092896,29.68851327896118,30.379732847213745
stim_57_harmonic.wav,15.000000447034836,10.000000298023224,39.61923390626907,29.80335831642151
stim_57_harmonic.wav,30.00000089406967,20.000000596046448,32.54621386528015,21.055147647857666
stim_57_harmonic.wav,80.00000059604645,49.999998807907104,53.23008477687836,31.15317463874817
stim_57_harmonic.wav,74.99999821186066,30.0,47.499518394470215,31.868526935577393
stim_57_harmonic.wav,84.99999761581421,40.000001192092896,52.79612481594086,30.304312705993652
stim_57_harmonic.wav,84.99999761581421,30.0,44.725103080272675,26.513455510139465
stim_57_harmonic.wav,80.00000059604645,0.0,49.70368266105652,24.268712997436523
stim_57_harmonic.wav,25.000001192092896,0.0,35.77607899904251,29.13237690925598
stim_57_harmonic.wav,80.00000059604645,10.000000298023224,60.253427624702454,15.246942043304443
stim_57_harmonic.wav,80.00000059604645,49.999998807907104,52.61953890323639,31.93938374519348
stim_57_harmonic.wav,74.99999821186066,0.0,39.40768003463745,28.281805515289307
stim_57_harmonic.wav,15.000000447034836,10.000000298023224,26.82099312543869,36.31669521331787
stim_57_harmonic.wav,45.0,10.000000298023224,40.38785845041275,30.359444618225098
stim_57_harmonic.wav,30.00000089406967,30.0,39.27890181541443,33.78859877586365
stim_57_harmonic.wav,20.000000149011612,40.000001192092896,28.505364060401917,24.523478150367737
stim_57_harmonic.wav,40.000000298023224,60.0,43.97807836532593,38.91578793525696
stim_57_harmonic.wav,45.0,60.0,37.924077808856964,31.090164184570312
stim_57_harmonic.wav,5.000000037252903,49.999998807907104,31.685023605823517,24.685365557670593
stim_57_harmonic.wav,15.000000447034836,60.0,23.158211410045624,30.12961506843567
stim_57_harmonic.wav,80.00000059604645,20.000000596046448,61.02985739707947,22.5792396068573
stim_57_harmonic.wav,74.99999821186066,20.000000596046448,45.497780442237854,28.48329484462738
stim_57_harmonic.wav,74.99999821186066,30.0,62.19466030597687,29.521669149398804
stim_57_harmonic.wav,35.00000059604645,60.0,44.14247363805771,30.761747360229492
stim_57_harmonic.wav,54.99999940395355,60.0,41.26025766134262,30.01111149787903
stim_57_harmonic.wav,25.000001192092896,60.0,37.407068610191345,28.490803241729736
stim_57_harmonic.wav,60.00000178813934,60.0,61.20238780975342,31.667869091033936
stim_57_harmonic.wav,54.99999940395355,30.0,46.592373847961426,33.6997926235199
stim_57_harmonic.wav,15.000000447034836,40.000001192092896,26.385104656219482,26.583709716796875
stim_57_harmonic.wav,10.000000074505806,49.999998807907104,35.420082807540894,29.559963941574097
stim_57_harmonic.wav,60.00000178813934,20.000000596046448,61.04677140712738,27.239463329315186
stim_57_harmonic.wav,84.99999761581421,10.000000298023224,54.654589891433716,23.269988894462585
stim_57_harmonic.wav,30.00000089406967,20.000000596046448,37.896091639995575,27.6651531457901
stim_57_harmonic.wav,20.000000149011612,40.000001192092896,52.19684422016144,26.055171489715576
stim_57_harmonic.wav,50.00000238418579,0.0,57.60883390903473,30.92496156692505
stim_57_harmonic.wav,54.99999940395355,49.999998807907104,49.64705049991608,37.58646011352539
stim_57_harmonic.wav,74.99999821186066,30.0,49.574652314186096,27.556099891662598
stim_57_harmonic.wav,15.000000447034836,30.0,33.67984414100647,27.01426863670349
stim_57_harmonic.wav,20.000000149011612,49.999998807907104,28.02489995956421,20.472427010536194
stim_57_harmonic.wav,60.00000178813934,30.0,55.11137008666992,28.344849944114685
stim_57_harmonic.wav,40.000000298023224,40.000001192092896,41.37366145849228,34.58280086517334
stim_57_harmonic.wav,25.000001192092896,40.000001192092896,32.79774069786072,30.529221296310425
stim_57_harmonic.wav,10.000000074505806,0.0,42.97078013420105,22.633237838745117
stim_57_harmonic.wav,15.000000447034836,30.0,19.335846304893494,32.20496892929077
stim_57_harmonic.wav,54.99999940395355,60.0,39.37332630157471,35.87300777435303
stim_57_harmonic.wav,80.00000059604645,0.0,66.88182592391968,21.039753556251526
stim_57_harmonic.wav,74.99999821186066,0.0,33.8082093000412,28.236785531044006
stim_57_harmonic.wav,30.00000089406967,40.000001192092896,31.03708505630493,29.484643936157227
stim_57_harmonic.wav,0.0,49.999998807907104,11.463077366352081,27.590700387954712
stim_57_harmonic.wav,40.000000298023224,20.000000596046448,39.73333775997162,31.213263273239136
stim_57_harmonic.wav,45.0,20.000000596046448,49.19329583644867,33.1915819644928
stim_57_harmonic.wav,30.00000089406967,49.999998807907104,36.51808798313141,28.51130962371826
stim_57_harmonic.wav,20.000000149011612,30.0,27.012883722782135,20.291547775268555
stim_57_harmonic.wav,5.000000037252903,30.0,38.87108266353607,27.168681621551514
stim_57_harmonic.wav,20.000000149011612,60.0,25.252067148685455,23.398237824440002
stim_57_harmonic.wav,84.99999761581421,49.999998807907104,56.62179708480835,33.04659605026245
stim_57_harmonic.wav,5.000000037252903,0.0,19.10407930612564,30.83317995071411
stim_57_harmonic.wav,10.000000074505806,10.000000298023224,15.58146983385086,25.91192364692688
stim_57_harmonic.wav,64.9999988079071,20.000000596046448,41.54245287179947,29.255340099334717
stim_57_harmonic.wav,90.0,10.000000298023224,65.60735821723938,15.210238695144653
stim_57_harmonic.wav,20.000000149011612,0.0,35.456475019454956,24.803983569145203
stim_57_harmonic.wav,50.00000238418579,49.999998807907104,47.79298424720764,32.831690311431885
stim_57_harmonic.wav,15.000000447034836,10.000000298023224,28.71149182319641,28.536865711212158
stim_57_harmonic.wav,45.0,30.0,36.67115360498428,27.282750606536865
stim_57_harmonic.wav,90.0,30.0,46.6396290063858,30.790021419525146
stim_57_harmonic.wav,50.00000238418579,40.000001192092896,43.710013031959534,30.155829191207886
stim_57_harmonic.wav,90.0,0.0,47.543463706970215,31.58710241317749
stim_57_harmonic.wav,64.9999988079071,20.000000596046448,71.82992219924927,30.256404876708984
stim_57_harmonic.wav,70.0000011920929,20.000000596046448,62.39244103431702,27.68090844154358
stim_57_harmonic.wav,20.000000149011612,60.0,39.88874226808548,29.49994146823883
stim_57_harmonic.wav,84.99999761581421,49.999998807907104,62.948559522628784,25.939468145370483
stim_57_harmonic.wav,30.00000089406967,20.000000596046448,37.85088300704956,27.301180958747864
stim_57_harmonic.wav,15.000000447034836,0.0,24.360578656196594,13.686988949775696
stim_57_harmonic.wav,20.000000149011612,60.0,27.04398661851883,27.25841760635376
stim_57_harmonic.wav,74.99999821186066,0.0,57.876352071762085,22.833187580108643
stim_57_harmonic.wav,10.000000074505806,40.000001192092896,13.83739024400711,33.833091259002686
stim_57_harmonic.wav,74.99999821186066,40.000001192092896,30.241115391254425,31.81740403175354
stim_57_harmonic.wav,70.0000011920929,60.0,66.79045915603638,29.309057593345642
stim_57_harmonic.wav,70.0000011920929,30.0,45.51936686038971,36.64642810821533
stim_57_harmonic.wav,80.00000059604645,0.0,41.54955267906189,30.815151929855347
stim_57_harmonic.wav,25.000001192092896,60.0,35.350723564624786,33.50913763046265
stim_57_harmonic.wav,25.000001192092896,20.000000596046448,29.529498517513275,34.53727126121521
stim_71_harmonic.wav,0.0,30.0,24.089938402175903,28.549538254737854
stim_71_harmonic.wav,40.000000298023224,20.000000596046448,44.522475600242615,22.8153133392334
stim_71_harmonic.wav,64.9999988079071,0.0,44.54887390136719,27.29906916618347
stim_71_harmonic.wav,74.99999821186066,49.999998807907104,51.0047847032547,30.95170497894287
stim_71_harmonic.wav,84.99999761581421,60.0,48.80892992019653,25.85686683654785
stim_71_harmonic.wav,35.00000059604645,30.0,40.25781959295273,27.807533740997314
stim_71_harmonic.wav,70.0000011920929,10.000000298023224,46.06438100337982,24.560093879699707
stim_71_harmonic.wav,64.9999988079071,0.0,45.52333116531372,23.67062509059906
stim_71_harmonic.wav,20.000000149011612,0.0,23.464846909046173,27.2952139377594
stim_71_harmonic.wav,50.00000238418579,60.0,30.273395776748657,28.31300675868988
stim_71_harmonic.wav,70.0000011920929,0.0,54.236980676651,26.772467494010925
stim_71_harmonic.wav,15.000000447034836,49.999998807907104,25.13660877943039,28.47214937210083
stim_71_harmonic.wav,35.00000059604645,10.000000298023224,48.872578740119934,33.69579792022705
stim_71_harmonic.wav,64.9999988079071,10.000000298023224,50.225157737731934,28.507132530212402
stim_71_harmonic.wav,10.000000074505806,40.000001192092896,21.44903138279915,24.11271572113037
stim_71_harmonic.wav,0.0,30.0,4.843369424343109,27.170859575271606
stim_71_harmonic.wav,80.00000059604645,40.000001192092896,52.956622838974,28.053508400917053
stim_71_harmonic.wav,80.00000059604645,30.0,46.035311222076416,29.39552128314972
stim_71_harmonic.wav,64.9999988079071,0.0,40.22721290588379,27.292926907539368
stim_71_harmonic.wav,60.00000178813934,49.999998807907104,55.51141619682312,29.90778386592865
stim_71_harmonic.wav,20.000000149011612,20.000000596046448,40.54933547973633,29.590651988983154
stim_71_harmonic.wav,15.000000447034836,60.0,24.04074400663376,30.526514053344727
stim_71_harmonic.wav,10.000000074505806,0.0,25.89032292366028,28.85670304298401
stim_71_harmonic.wav,10.000000074505806,40.000001192092896,15.223958194255829,24.68891143798828
stim_71_harmonic.wav,5.000000037252903,60.0,34.5699942111969,30.963270664215088
stim_71_harmonic.wav,80.00000059604645,40.000001192092896,53.184814453125,26.52291476726532
stim_71_harmonic.wav,70.0000011920929,10.000000298023224,39.762632846832275,28.839542269706726
stim_71_harmonic.wav,45.0,49.999998807907104,44.7344908118248,29.294398427009583
stim_71_harmonic.wav,20.000000149011612,0.0,35.0650817155838,28.59424889087677
stim_71_harmonic.wav,5.000000037252903,49.999998807907104,30.02799779176712,27.59440004825592
stim_71_harmonic.wav,64.9999988079071,20.000000596046448,51.630109548568726,28.96531641483307
stim_71_harmonic.wav,45.0,0.0,48.426623940467834,26.497392654418945
stim_71_harmonic.wav,60.00000178813934,10.000000298023224,23.693330883979797,29.787966012954712
stim_71_harmonic.wav,80.00000059604645,20.000000596046448,38.962516486644745,26.329962015151978
stim_71_harmonic.wav,25.000001192092896,40.000001192092896,32.19711631536484,32.26607322692871
stim_71_harmonic.wav,70.0000011920929,20.000000596046448,49.246360659599304,28.454915285110474
stim_71_harmonic.wav,54.99999940395355,40.000001192092896,45.011613965034485,29.760555624961853
stim_71_harmonic.wav,50.00000238418579,30.0,42.68319100141525,29.310598969459534
stim_71_harmonic.wav,20.000000149011612,30.0,28.264651894569397,30.01878261566162
stim_71_harmonic.wav,5.000000037252903,30.0,8.657119274139404,21.332929730415344
stim_71_harmonic.wav,54.99999940395355,30.0,55.52490770816803,28.40769052505493
stim_71_harmonic.wav,80.00000059604645,20.000000596046448,49.07324552536011,28.10986340045929
stim_71_harmonic.wav,70.0000011920929,10.000000298023224,52.81720161437988,33.333399295806885
stim_71_harmonic.wav,54.99999940395355,20.000000596046448,43.65242600440979,22.53191828727722
stim_71_harmonic.wav,0.0,49.999998807907104,12.252558767795563,29.888572096824646
stim_71_harmonic.wav,40.000000298023224,20.000000596046448,42.87923365831375,23.978004455566406
stim_71_harmonic.wav,64.9999988079071,30.0,65.54072141647339,35.64612865447998
stim_71_harmonic.wav,80.00000059604645,10.000000298023224,70.92982649803162,14.09904420375824
stim_71_harmonic.wav,50.00000238418579,49.999998807907104,43.073272705078125,29.340761303901672
stim_71_harmonic.wav,20.000000149011612,49.999998807907104,20.58279722929001,30.325191020965576
stim_71_harmonic.wav,70.0000011920929,49.999998807907104,53.2742178440094,32.03351140022278
stim_71_harmonic.wav,25.000001192092896,0.0,37.95595049858093,30.37721872329712
stim_71_harmonic.wav,25.000001192092896,30.0,31.961309909820557,33.94193887710571
stim_71_harmonic.wav,10.000000074505806,40.000001192092896,22.332506775856018,38.1561005115509
stim_71_harmonic.wav,5.000000037252903,20.000000596046448,6.469442546367645,22.010486125946045
stim_71_harmonic.wav,5.000000037252903,60.0,16.603133976459503,38.61727595329285
stim_71_harmonic.wav,50.00000238418579,49.999998807907104,42.93899327516556,28.63623797893524
stim_71_harmonic.wav,84.99999761581421,49.999998807907104,40.16746670007706,32.57729887962341
stim_71_harmonic.wav,50.00000238418579,30.0,44.51523631811142,24.69994604587555
stim_71_harmonic.wav,25.000001192092896,40.000001192092896,36.784388422966,29.695923328399658
stim_71_harmonic.wav,10.000000074505806,20.000000596046448,28.838306665420532,31.74485206604004
stim_71_harmonic.wav,5.000000037252903,60.0,14.889889061450958,40.8149528503418
stim_71_harmonic.wav,35.00000059604645,10.000000298023224,44.82399880886078,25.629817843437195
stim_71_harmonic.wav,15.000000447034836,49.999998807907104,14.388042390346527,35.671913623809814
stim_71_harmonic.wav,80.00000059604645,20.000000596046448,47.30917811393738,29.52183187007904
stim_71_harmonic.wav,25.000001192092896,30.0,23.099908232688904,39.64059591293335
stim_71_harmonic.wav,0.0,0.0,43.588412404060364,32.115994691848755
stim_71_harmonic.wav,40.000000298023224,20.000000596046448,47.375702261924744,26.998536586761475
stim_71_harmonic.wav,45.0,10.000000298023224,42.853556871414185,28.72936248779297
stim_71_harmonic.wav,10.000000074505806,40.000001192092896,20.120018273591995,32.90139555931091
stim_71_harmonic.wav,20.000000149011612,0.0,30.800374746322632,30.62869906425476
stim_71_harmonic.wav,74.99999821186066,0.0,76.13719582557678,9.935279488563538
stim_71_harmonic.wav,40.000000298023224,49.999998807907104,43.82751524448395,27.01117694377899
stim_71_harmonic.wav,0.0,30.0,12.277189493179321,27.44236171245575
stim_71_harmonic.wav,50.00000238418579,10.000000298023224,47.9752242565155,17.283657789230347
stim_71_harmonic.wav,5.000000037252903,10.000000298023224,9.444650709629059,23.940417766571045
stim_71_harmonic.wav,74.99999821186066,30.0,40.49167335033417,30.211204290390015
stim_71_harmonic.wav,25.000001192092896,10.000000298023224,30.37940740585327,35.472267866134644
stim_71_harmonic.wav,25.000001192092896,30.0,27.674190402030945,35.94680428504944
stim_71_harmonic.wav,64.9999988079071,20.000000596046448,67.36702144145966,37.08543062210083
stim_71_harmonic.wav,50.00000238418579,0.0,45.26566207408905,26.403204202651978
stim_71_harmonic.wav,0.0,20.000000596046448,11.544018387794495,27.074918746948242
stim_71_harmonic.wav,10.000000074505806,20.000000596046448,25.319130420684814,27.882229685783386
stim_71_harmonic.wav,74.99999821186066,40.000001192092896,55.06243050098419,32.380192279815674
stim_71_harmonic.wav,84.99999761581421,10.000000298023224,43.16099166870117,27.191977500915527
stim_71_harmonic.wav,10.000000074505806,30.0,13.22415679693222,26.202569603919983
stim_71_harmonic.wav,30.00000089406967,49.999998807907104,31.330148577690125,45.16975164413452
stim_71_harmonic.wav,15.000000447034836,10.000000298023224,21.05795994400978,29.2952960729599
stim_71_harmonic.wav,45.0,20.000000596046448,47.786386013031006,33.05602669715881
stim_71_harmonic.wav,74.99999821186066,40.000001192092896,50.039334297180176,32.372567653656006
stim_71_harmonic.wav,5.000000037252903,30.0,24.170927703380585,31.352756023406982
stim_71_harmonic.wav,40.000000298023224,49.999998807907104,38.95681142807007,29.734543561935425
stim_71_harmonic.wav,50.00000238418579,40.000001192092896,43.13224643468857,32.95090198516846
stim_71_harmonic.wav,60.00000178813934,30.0,66.02347612380981,34.50867533683777
stim_71_harmonic.wav,70.0000011920929,40.000001192092896,42.61743128299713,31.376981735229492
stim_71_harmonic.wav,74.99999821186066,60.0,39.54398185014725,31.58735990524292
stim_71_harmonic.wav,20.000000149011612,30.0,15.302461087703705,25.635842084884644
stim_71_harmonic.wav,15.000000447034836,30.0,18.079250156879425,22.008047103881836
stim_71_harmonic.wav,5.000000037252903,40.000001192092896,26.376580595970154,32.58747339248657
stim_71_harmonic.wav,80.00000059604645,49.999998807907104,56.059353947639465,31.661449670791626
stim_71_harmonic.wav,90.0,10.000000298023224,38.71551185846329,27.91503131389618
stim_71_harmonic.wav,74.99999821186066,10.000000298023224,67.07759499549866,15.251652002334595
stim_71_harmonic.wav,35.00000059604645,60.0,39.24093782901764,37.220882177352905
stim_71_harmonic.wav,35.00000059604645,10.000000298023224,41.785772144794464,31.897008419036865
stim_71_harmonic.wav,35.00000059604645,49.999998807907104,33.32146346569061,33.49073767662048
stim_71_harmonic.wav,25.000001192092896,40.000001192092896,24.98543679714203,34.17851686477661
stim_71_harmonic.wav,35.00000059604645,30.0,45.98974049091339,30.637861490249634
stim_71_harmonic.wav,35.00000059604645,60.0,45.51455497741699,37.54122018814087
stim_71_harmonic.wav,54.99999940395355,49.999998807907104,41.92698508501053,28.775521516799927
stim_71_harmonic.wav,84.99999761581421,10.000000298023224,73.44480514526367,15.725233554840088
stim_71_harmonic.wav,70.0000011920929,60.0,62.23833739757538,32.37938404083252
stim_71_harmonic.wav,64.9999988079071,20.000000596046448,59.88722562789917,32.65299439430237
stim_71_harmonic.wav,40.000000298023224,10.000000298023224,44.639071226119995,33.288981914520264
stim_71_harmonic.wav,20.000000149011612,30.0,31.556564569473267,27.544831037521362
stim_71_harmonic.wav,64.9999988079071,0.0,62.59279131889343,18.025599718093872
stim_71_harmonic.wav,60.00000178813934,20.000000596046448,45.83120584487915,30.22081732749939
stim_71_harmonic.wav,0.0,30.0,13.573369681835175,28.414501547813416
stim_71_harmonic.wav,74.99999821186066,49.999998807907104,56.274129152297974,32.255762815475464
stim_71_harmonic.wav,25.000001192092896,10.000000298023224,34.035861790180206,28.917346000671387
stim_71_harmonic.wav,20.000000149011612,40.000001192092896,20.048501193523407,27.709343433380127
stim_71_harmonic.wav,50.00000238418579,49.999998807907104,41.143444776535034,33.57680797576904
stim_71_harmonic.wav,90.0,60.0,57.84027099609375,28.872452974319458
stim_71_harmonic.wav,35.00000059604645,60.0,44.90688979625702,35.26456117630005
stim_71_harmonic.wav,20.000000149011612,0.0,48.170666098594666,33.42759132385254
stim_71_harmonic.wav,15.000000447034836,10.000000298023224,16.802290678024292,23.269566893577576
stim_71_harmonic.wav,50.00000238418579,40.000001192092896,46.08569383621216,28.179039359092712
stim_71_harmonic.wav,90.0,30.0,49.28897559642792,28.77776026725769
stim_71_harmonic.wav,40.000000298023224,20.000000596046448,42.923806607723236,30.00843644142151
stim_71_harmonic.wav,20.000000149011612,10.000000298023224,24.747436344623566,29.08369481563568
stim_71_harmonic.wav,15.000000447034836,40.000001192092896,11.903592646121979,41.251137256622314
stim_71_harmonic.wav,45.0,0.0,42.16986984014511,30.053611993789673
stim_71_harmonic.wav,74.99999821186066,49.999998807907104,50.60829520225525,30.383949279785156
stim_71_harmonic.wav,54.99999940395355,49.999998807907104,43.996880650520325,23.66076171398163
stim_71_harmonic.wav,50.00000238418579,30.0,42.94403851032257,30.57769775390625
stim_71_harmonic.wav,30.00000089406967,40.000001192092896,39.30219680070877,28.38726282119751
stim_71_harmonic.wav,5.000000037252903,20.000000596046448,26.7161563038826,29.79408860206604
stim_71_harmonic.wav,10.000000074505806,49.999998807907104,6.240129768848419,31.71768307685852
stim_71_harmonic.wav,15.000000447034836,10.000000298023224,21.746127605438232,31.528133153915405
stim_71_harmonic.wav,30.00000089406967,20.000000596046448,35.32710671424866,29.12843406200409
stim_71_harmonic.wav,70.0000011920929,0.0,44.647568464279175,26.963526606559753
stim_71_harmonic.wav,90.0,49.999998807907104,33.9098596572876,29.404027462005615
stim_71_harmonic.wav,70.0000011920929,49.999998807907104,57.604215145111084,40.07997751235962
stim_71_harmonic.wav,40.000000298023224,10.000000298023224,46.279295682907104,30.26658296585083
stim_71_harmonic.wav,0.0,0.0,14.1032212972641,28.719173669815063
stim_71_harmonic.wav,84.99999761581421,30.0,45.03787279129028,29.143377542495728
stim_71_harmonic.wav,20.000000149011612,30.0,25.0692880153656,24.31348443031311
stim_71_harmonic.wav,40.000000298023224,60.0,39.61804300546646,34.481831789016724
stim_71_harmonic.wav,74.99999821186066,10.000000298023224,54.18515503406525,25.88422179222107
stim_71_harmonic.wav,80.00000059604645,30.0,43.72062385082245,28.81605863571167
stim_69_harmonic.wav,74.99999821186066,20.000000596046448,56.33686065673828,29.651952981948853
stim_69_harmonic.wav,10.000000074505806,49.999998807907104,21.496218144893646,43.32570433616638
stim_69_harmonic.wav,30.00000089406967,40.000001192092896,36.85159921646118,30.882850885391235
stim_69_harmonic.wav,40.000000298023224,30.0,44.662913382053375,31.436033248901367
stim_69_harmonic.wav,15.000000447034836,0.0,18.81346732378006,24.678404331207275
stim_69_harmonic.wav,25.000001192092896,20.000000596046448,41.81489557027817,20.616613626480103
stim_69_harmonic.wav,45.0,0.0,50.78876495361328,13.204997777938843
stim_69_harmonic.wav,25.000001192092896,40.000001192092896,28.33827316761017,31.14492416381836
stim_69_harmonic.wav,30.00000089406967,30.0,36.511682868003845,25.37227213382721
stim_69_harmonic.wav,54.99999940395355,49.999998807907104,44.52547699213028,36.20708227157593
stim_69_harmonic.wav,30.00000089406967,40.000001192092896,39.99529302120209,34.19690251350403
stim_69_harmonic.wav,80.00000059604645,0.0,37.5323224067688,29.68394637107849
stim_69_harmonic.wav,60.00000178813934,10.000000298023224,43.44510197639465,29.006547331809998
stim_69_harmonic.wav,30.00000089406967,0.0,36.941048204898834,23.872570395469666
stim_69_harmonic.wav,10.000000074505806,30.0,30.346563756465912,27.792643904685974
stim_69_harmonic.wav,25.000001192092896,40.000001192092896,27.06755518913269,41.471296548843384
stim_69_harmonic.wav,54.99999940395355,0.0,49.84543204307556,26.906774640083313
stim_69_harmonic.wav,64.9999988079071,60.0,40.37326991558075,28.31686019897461
stim_69_harmonic.wav,74.99999821186066,0.0,43.92197459936142,27.447797656059265
stim_69_harmonic.wav,10.000000074505806,40.000001192092896,13.306656181812286,37.0810604095459
stim_69_harmonic.wav,5.000000037252903,49.999998807907104,26.52534931898117,27.578959465026855
stim_69_harmonic.wav,10.000000074505806,60.0,23.807295262813568,31.240772008895874
stim_69_harmonic.wav,54.99999940395355,10.000000298023224,37.26543188095093,28.481011390686035
stim_69_harmonic.wav,54.99999940395355,40.000001192092896,58.58809232711792,36.468822956085205
stim_69_harmonic.wav,80.00000059604645,60.0,49.814903140068054,29.52469825744629
stim_69_harmonic.wav,54.99999940395355,20.000000596046448,44.85838204622269,35.59351444244385
stim_69_harmonic.wav,64.9999988079071,0.0,63.18879961967468,28.331873416900635
stim_69_harmonic.wav,60.00000178813934,20.000000596046448,71.94621205329895,38.8344669342041
stim_69_harmonic.wav,35.00000059604645,20.000000596046448,43.42672884464264,27.26354956626892
stim_69_harmonic.wav,10.000000074505806,49.999998807907104,13.29955369234085,24.57763373851776
stim_69_harmonic.wav,15.000000447034836,30.0,22.097971737384796,27.938207387924194
stim_69_harmonic.wav,35.00000059604645,30.0,50.89000225067139,29.712849855422974
stim_69_harmonic.wav,54.99999940395355,20.000000596046448,60.65931022167206,29.465149641036987
stim_69_harmonic.wav,54.99999940395355,30.0,47.627888917922974,34.409998655319214
stim_69_harmonic.wav,45.0,40.000001192092896,37.03249007463455,25.57910978794098
stim_69_harmonic.wav,30.00000089406967,49.999998807907104,28.642931878566742,34.45578932762146
stim_69_harmonic.wav,20.000000149011612,30.0,34.9959933757782,32.255752086639404
stim_69_harmonic.wav,64.9999988079071,49.999998807907104,56.157710552215576,34.03234362602234
stim_69_harmonic.wav,84.99999761581421,30.0,66.05172514915466,26.141080856323242
stim_69_harmonic.wav,54.99999940395355,60.0,48.055304288864136,28.887652158737183
stim_69_harmonic.wav,0.0,60.0,13.819250464439392,28.828954696655273
stim_69_harmonic.wav,35.00000059604645,0.0,46.853840947151184,25.856716632843018
stim_69_harmonic.wav,60.00000178813934,20.000000596046448,41.75086587667465,29.78273570537567
stim_69_harmonic.wav,15.000000447034836,0.0,22.10896074771881,26.68463408946991
stim_69_harmonic.wav,25.000001192092896,10.000000298023224,45.20754933357239,27.44974672794342
stim_69_harmonic.wav,90.0,30.0,48.50446164608002,28.316039443016052
stim_69_harmonic.wav,40.000000298023224,60.0,43.1421035528183,30.691630840301514
stim_69_harmonic.wav,25.000001192092896,30.0,34.02756303548813,27.9794579744339
stim_69_harmonic.wav,5.000000037252903,49.999998807907104,15.06065458059311,44.292075634002686
stim_69_harmonic.wav,84.99999761581421,20.000000596046448,60.57687520980835,27.417871356010437
stim_69_harmonic.wav,35.00000059604645,20.000000596046448,46.34062707424164,28.887389302253723
stim_69_harmonic.wav,20.000000149011612,49.999998807907104,31.15313619375229,28.383028507232666
stim_69_harmonic.wav,45.0,40.000001192092896,43.99995714426041,32.721219062805176
stim_69_harmonic.wav,45.0,30.0,47.67520844936371,34.28458571434021
stim_69_harmonic.wav,40.000000298023224,0.0,46.839330196380615,18.10486078262329
stim_69_harmonic.wav,84.99999761581421,49.999998807907104,55.70584416389465,26.887836456298828
stim_69_harmonic.wav,25.000001192092896,0.0,29.291669726371765,21.139858961105347
stim_69_harmonic.wav,50.00000238418579,30.0,47.25302338600159,29.08601224422455
stim_69_harmonic.wav,15.000000447034836,40.000001192092896,15.889762938022614,40.96214175224304
stim_69_harmonic.wav,84.99999761581421,49.999998807907104,49.94142830371857,32.292723655700684
stim_69_harmonic.wav,30.00000089406967,0.0,39.45791780948639,34.906582832336426
stim_69_harmonic.wav,15.000000447034836,20.000000596046448,17.685668170452118,19.44463312625885
stim_69_harmonic.wav,15.000000447034836,10.000000298023224,19.07341629266739,19.436405897140503
stim_69_harmonic.wav,10.000000074505806,49.999998807907104,22.560558915138245,33.68823051452637
stim_69_harmonic.wav,60.00000178813934,0.0,57.263349294662476,33.293691873550415
stim_69_harmonic.wav,10.000000074505806,40.000001192092896,22.54070520401001,32.78445482254028
stim_69_harmonic.wav,10.000000074505806,49.999998807907104,27.419326901435852,30.183638334274292
stim_69_harmonic.wav,35.00000059604645,49.999998807907104,31.287359297275543,30.873688459396362
stim_69_harmonic.wav,90.0,30.0,42.71267920732498,29.98280167579651
stim_69_harmonic.wav,50.00000238418579,10.000000298023224,53.56927692890167,27.46245503425598
stim_69_harmonic.wav,5.000000037252903,0.0,25.24793654680252,31.243107318878174
stim_69_harmonic.wav,0.0,49.999998807907104,6.1771246790885925,27.645517587661743
stim_69_harmonic.wav,20.000000149011612,20.000000596046448,32.79543936252594,29.396631717681885
stim_69_harmonic.wav,74.99999821186066,60.0,40.65459877252579,29.646719098091125
stim_69_harmonic.wav,54.99999940395355,60.0,48.120750188827515,27.980321645736694
stim_69_harmonic.wav,50.00000238418579,30.0,52.742738127708435,36.707725524902344
stim_69_harmonic.wav,80.00000059604645,0.0,58.05294334888458,36.227266788482666
stim_69_harmonic.wav,84.99999761581421,40.000001192092896,40.521566569805145,25.931745171546936
stim_69_harmonic.wav,64.9999988079071,10.000000298023224,44.01081204414368,27.93785870075226
stim_69_harmonic.wav,35.00000059604645,0.0,47.194626331329346,30.564701557159424
stim_69_harmonic.wav,20.000000149011612,60.0,27.02711284160614,19.197903871536255
stim_69_harmonic.wav,45.0,60.0,46.77476942539215,30.719754695892334
stim_69_harmonic.wav,90.0,10.000000298023224,67.46764183044434,12.388794422149658
stim_69_harmonic.wav,45.0,40.000001192092896,41.39886885881424,26.009817123413086
stim_69_harmonic.wav,0.0,49.999998807907104,40.74783504009247,30.909630060195923
stim_69_harmonic.wav,10.000000074505806,0.0,23.593273758888245,24.925004839897156
stim_69_harmonic.wav,10.000000074505806,20.000000596046448,27.937972247600555,42.041423320770264
stim_69_harmonic.wav,80.00000059604645,0.0,68.76450061798096,24.147731065750122
stim_69_harmonic.wav,40.000000298023224,0.0,43.67592751979828,20.479538440704346
stim_69_harmonic.wav,54.99999940395355,49.999998807907104,52.839850187301636,34.478641748428345
stim_69_harmonic.wav,5.000000037252903,10.000000298023224,30.4948952794075,27.55961537361145
stim_69_harmonic.wav,10.000000074505806,40.000001192092896,35.72227656841278,35.83526015281677
stim_69_harmonic.wav,15.000000447034836,60.0,13.8646200299263,39.65406775474548
stim_69_harmonic.wav,70.0000011920929,30.0,48.921234011650085,29.931930899620056
stim_69_harmonic.wav,54.99999940395355,20.000000596046448,50.122509598731995,31.034138202667236
stim_69_harmonic.wav,54.99999940395355,60.0,57.100533843040466,35.295774936676025
stim_69_harmonic.wav,90.0,49.999998807907104,55.16806125640869,38.23219299316406
stim_69_harmonic.wav,50.00000238418579,30.0,44.05646860599518,28.921626806259155
stim_69_harmonic.wav,15.000000447034836,20.000000596046448,21.577792167663574,27.23054051399231
stim_69_harmonic.wav,74.99999821186066,10.000000298023224,67.51624882221222,20.461370944976807
stim_69_harmonic.wav,60.00000178813934,60.0,48.57798099517822,32.23774552345276
stim_69_harmonic.wav,10.000000074505806,10.000000298023224,23.16103309392929,28.873668909072876
stim_69_harmonic.wav,45.0,40.000001192092896,54.851893186569214,34.7632098197937
stim_69_harmonic.wav,74.99999821186066,40.000001192092896,40.70508062839508,32.13856816291809
stim_69_harmonic.wav,64.9999988079071,60.0,49.81601893901825,33.74675989151001
stim_69_harmonic.wav,20.000000149011612,60.0,36.131678223609924,28.481613993644714
stim_69_harmonic.wav,35.00000059604645,0.0,41.21352821588516,27.84331440925598
stim_69_harmonic.wav,15.000000447034836,0.0,14.041758477687836,8.222939372062683
stim_69_harmonic.wav,15.000000447034836,30.0,35.51601469516754,28.227816224098206
stim_69_harmonic.wav,20.000000149011612,60.0,31.12598955631256,27.181658148765564
stim_69_harmonic.wav,30.00000089406967,0.0,45.85115075111389,26.257551312446594
stim_69_harmonic.wav,60.00000178813934,30.0,46.91019952297211,29.778998494148254
stim_69_harmonic.wav,84.99999761581421,49.999998807907104,67.04985022544861,29.893237352371216
stim_69_harmonic.wav,5.000000037252903,10.000000298023224,10.29856413602829,24.893453121185303
stim_69_harmonic.wav,40.000000298023224,10.000000298023224,35.79566180706024,16.792398691177368
stim_69_harmonic.wav,30.00000089406967,0.0,33.84202390909195,19.34654474258423
stim_69_harmonic.wav,25.000001192092896,40.000001192092896,36.697562634944916,28.408970832824707
stim_69_harmonic.wav,10.000000074505806,0.0,17.033773362636566,26.059775948524475
stim_69_harmonic.wav,0.0,0.0,9.366399943828583,23.99559259414673
stim_89_harmonic.wav,74.99999821186066,20.000000596046448,37.13651418685913,28.667088747024536
stim_89_harmonic.wav,74.99999821186066,40.000001192092896,41.53472810983658,28.627869486808777
stim_89_harmonic.wav,50.00000238418579,49.999998807907104,49.38445687294006,36.066670417785645
stim_89_harmonic.wav,50.00000238418579,0.0,47.183393239974976,30.33936381340027
stim_89_harmonic.wav,25.000001192092896,20.000000596046448,39.05799776315689,24.8789119720459
stim_89_harmonic.wav,20.000000149011612,40.000001192092896,40.68966060876846,28.802272081375122
stim_89_harmonic.wav,10.000000074505806,20.000000596046448,24.465849995613098,29.448620080947876
stim_89_harmonic.wav,40.000000298023224,10.000000298023224,51.23976767063141,36.88376069068909
stim_89_harmonic.wav,70.0000011920929,0.0,36.62256270647049,28.56725513935089
stim_89_harmonic.wav,90.0,20.000000596046448,38.238365650177,28.548333048820496
stim_89_harmonic.wav,5.000000037252903,49.999998807907104,32.00345277786255,27.7638977766037
stim_89_harmonic.wav,70.0000011920929,0.0,38.049176037311554,28.546847105026245
stim_89_harmonic.wav,10.000000074505806,40.000001192092896,37.447800636291504,28.766475319862366
stim_89_harmonic.wav,20.000000149011612,40.000001192092896,35.06215274333954,28.31310510635376
stim_89_harmonic.wav,15.000000447034836,30.0,25.58369278907776,25.537995100021362
stim_89_harmonic.wav,5.000000037252903,10.000000298023224,36.27918094396591,23.33124876022339
stim_89_harmonic.wav,80.00000059604645,40.000001192092896,38.09090316295624,28.57445240020752
stim_89_harmonic.wav,74.99999821186066,60.0,40.73538959026337,28.432522416114807
stim_89_harmonic.wav,40.000000298023224,30.0,41.63702756166458,28.505614399909973
stim_89_harmonic.wav,60.00000178813934,40.000001192092896,53.97061586380005,37.1345329284668
stim_89_harmonic.wav,90.0,60.0,45.6298953294754,27.581164240837097
stim_89_harmonic.wav,70.0000011920929,30.0,62.66599416732788,32.44531273841858
stim_89_harmonic.wav,54.99999940395355,49.999998807907104,41.90045803785324,28.3160001039505
stim_89_harmonic.wav,20.000000149011612,10.000000298023224,35.6120565533638,28.71091067790985
stim_89_harmonic.wav,50.00000238418579,60.0,41.37100338935852,28.35274636745453
stim_89_harmonic.wav,30.00000089406967,30.0,39.62643563747406,28.455405235290527
stim_89_harmonic.wav,54.99999940395355,40.000001192092896,41.81803643703461,28.3691543340683
stim_89_harmonic.wav,40.000000298023224,0.0,41.271362006664276,28.882911801338196
stim_89_harmonic.wav,40.000000298023224,60.0,48.13916623592377,37.704066038131714
stim_89_harmonic.wav,50.00000238418579,30.0,42.3104926943779,28.353683352470398
stim_89_harmonic.wav,70.0000011920929,30.0,39.85934793949127,28.4926575422287
stim_89_harmonic.wav,60.00000178813934,0.0,57.18752861022949,29.830750823020935
stim_89_harmonic.wav,35.00000059604645,40.000001192092896,40.90606927871704,28.560984134674072
stim_89_harmonic.wav,0.0,10.000000298023224,26.12047791481018,25.712565779685974
stim_89_harmonic.wav,0.0,49.999998807907104,40.77012151479721,27.760210633277893
stim_89_harmonic.wav,90.0,30.0,40.75249940156937,28.421223163604736
stim_89_harmonic.wav,15.000000447034836,0.0,26.779349148273468,20.202802419662476
stim_89_harmonic.wav,25.000001192092896,40.000001192092896,33.00917387008667,26.703584790229797
stim_89_harmonic.wav,64.9999988079071,20.000000596046448,40.46083867549896,28.665245175361633
stim_89_harmonic.wav,0.0,40.000001192092896,40.168228447437286,28.437471985816956
stim_89_harmonic.wav,20.000000149011612,30.0,33.76519203186035,23.886582255363464
stim_89_harmonic.wav,25.000001192092896,49.999998807907104,40.45271694660187,28.637922406196594
stim_89_harmonic.wav,70.0000011920929,0.0,43.24922025203705,24.602070450782776
stim_89_harmonic.wav,60.00000178813934,40.000001192092896,61.30948841571808,37.25563287734985
stim_89_harmonic.wav,64.9999988079071,0.0,42.55467563867569,28.47892463207245
stim_89_harmonic.wav,70.0000011920929,30.0,57.596200704574585,30.347574949264526
stim_89_harmonic.wav,50.00000238418579,20.000000596046448,43.14574599266052,28.098061680793762
stim_89_harmonic.wav,30.00000089406967,49.999998807907104,41.60094916820526,28.85094165802002
stim_89_harmonic.wav,0.0,40.000001192092896,29.20727401971817,26.029581427574158
stim_89_harmonic.wav,30.00000089406967,10.000000298023224,39.223425686359406,32.86292552947998
stim_89_harmonic.wav,60.00000178813934,49.999998807907104,40.79115808010101,28.475469946861267
stim_89_harmonic.wav,70.0000011920929,20.000000596046448,48.930219411849976,28.96806299686432
stim_89_harmonic.wav,50.00000238418579,0.0,49.72411036491394,27.811419367790222
stim_89_harmonic.wav,50.00000238418579,10.000000298023224,40.78768998384476,28.966217637062073
stim_89_harmonic.wav,74.99999821186066,40.000001192092896,41.58475935459137,28.588746786117554
stim_89_harmonic.wav,84.99999761581421,10.000000298023224,37.53944635391235,28.60409438610077
stim_89_harmonic.wav,54.99999940395355,60.0,41.79591625928879,28.319907188415527
stim_89_harmonic.wav,25.000001192092896,0.0,41.10371857881546,28.347963094711304
stim_89_harmonic.wav,0.0,60.0,37.7685472369194,28.53709638118744
stim_89_harmonic.wav,54.99999940395355,30.0,54.38398718833923,32.14839577674866
stim_89_harmonic.wav,80.00000059604645,60.0,41.671738028526306,28.358834981918335
stim_89_harmonic.wav,50.00000238418579,10.000000298023224,40.85866928100586,28.533682823181152
stim_89_harmonic.wav,30.00000089406967,60.0,40.62909096479416,28.96371603012085
stim_89_harmonic.wav,60.00000178813934,49.999998807907104,53.15708041191101,36.350226402282715
stim_89_harmonic.wav,74.99999821186066,49.999998807907104,62.94345796108246,30.981556177139282
stim_89_harmonic.wav,84.99999761581421,20.000000596046448,51.69167697429657,28.538485765457153
stim_89_harmonic.wav,45.0,10.000000298023224,46.12662434577942,33.425889015197754
stim_89_harmonic.wav,10.000000074505806,49.999998807907104,21.33172497153282,28.42738687992096
stim_89_harmonic.wav,10.000000074505806,60.0,31.486314833164215,28.051849007606506
stim_89_harmonic.wav,35.00000059604645,40.000001192092896,40.01835733652115,28.713814616203308
stim_89_harmonic.wav,64.9999988079071,40.000001192092896,40.787333250045776,28.415207862854004
stim_89_harmonic.wav,15.000000447034836,49.999998807907104,22.3084956407547,29.808400869369507
stim_89_harmonic.wav,0.0,40.000001192092896,38.984357714653015,28.688934445381165
stim_89_harmonic.wav,35.00000059604645,0.0,41.79187685251236,28.319751620292664
stim_89_harmonic.wav,70.0000011920929,40.000001192092896,65.11830031871796,32.035735845565796
stim_89_harmonic.wav,25.000001192092896,30.0,35.76574981212616,27.813525795936584
stim_89_harmonic.wav,54.99999940395355,30.0,40.98430663347244,28.571187257766724
stim_89_harmonic.wav,45.0,60.0,41.39326572418213,28.36724817752838
stim_89_harmonic.wav,60.00000178813934,49.999998807907104,41.441440880298615,28.354130387306213
stim_89_harmonic.wav,84.99999761581421,30.0,40.9600755572319,28.392280340194702
stim_89_harmonic.wav,80.00000059604645,30.0,55.46740114688873,32.53510594367981
stim_89_harmonic.wav,0.0,10.000000298023224,39.80066657066345,28.457515239715576
stim_89_harmonic.wav,54.99999940395355,20.000000596046448,42.82866597175598,28.592541217803955
stim_89_harmonic.wav,80.00000059604645,40.000001192092896,58.78186583518982,29.31523561477661
stim_89_harmonic.wav,35.00000059604645,30.0,43.77242535352707,33.66905450820923
stim_89_harmonic.wav,5.000000037252903,30.0,39.70180034637451,28.483834862709045
stim_89_harmonic.wav,0.0,60.0,28.731624484062195,25.8284193277359
stim_89_harmonic.wav,50.00000238418579,20.000000596046448,56.2295937538147,29.950684905052185
stim_89_harmonic.wav,64.9999988079071,10.000000298023224,45.876384973526,30.29252529144287
stim_89_harmonic.wav,40.000000298023224,20.000000596046448,40.788647532463074,28.397818207740784
stim_89_harmonic.wav,20.000000149011612,20.000000596046448,29.419557452201843,22.61980712413788
stim_89_harmonic.wav,10.000000074505806,40.000001192092896,22.670575082302094,29.041471481323242
stim_89_harmonic.wav,64.9999988079071,10.000000298023224,57.3214727640152,27.837576270103455
stim_89_harmonic.wav,84.99999761581421,30.0,40.60901194810867,28.681418895721436
stim_89_harmonic.wav,45.0,40.000001192092896,40.81351965665817,28.653457760810852
stim_89_harmonic.wav,64.9999988079071,60.0,45.38847506046295,27.276170253753662
stim_89_harmonic.wav,84.99999761581421,10.000000298023224,45.91702580451965,27.962148785591125
stim_89_harmonic.wav,74.99999821186066,49.999998807907104,41.125962138175964,28.35920512676239
stim_89_harmonic.wav,60.00000178813934,40.000001192092896,42.238673865795135,28.45254421234131
stim_89_harmonic.wav,50.00000238418579,49.999998807907104,41.08813762664795,28.359156847000122
stim_89_harmonic.wav,20.000000149011612,0.0,33.72876763343811,24.595561623573303
stim_89_harmonic.wav,5.000000037252903,30.0,33.22909086942673,26.68554425239563
stim_89_harmonic.wav,5.000000037252903,0.0,35.16788810491562,28.602054119110107
stim_89_harmonic.wav,54.99999940395355,20.000000596046448,41.51182472705841,28.36539924144745
stim_89_harmonic.wav,45.0,20.000000596046448,42.184734642505646,28.32905888557434
stim_89_harmonic.wav,5.000000037252903,40.000001192092896,39.433338046073914,28.266098499298096
stim_89_harmonic.wav,10.000000074505806,10.000000298023224,20.135992169380188,26.333534717559814
stim_89_harmonic.wav,40.000000298023224,10.000000298023224,50.73238492012024,34.520137310028076
stim_89_harmonic.wav,80.00000059604645,40.000001192092896,46.80853843688965,29.01217818260193
stim_89_harmonic.wav,60.00000178813934,49.999998807907104,41.79562121629715,28.33539605140686
stim_89_harmonic.wav,84.99999761581421,40.000001192092896,40.37703573703766,28.42971682548523
stim_89_harmonic.wav,84.99999761581421,60.0,50.069310665130615,27.750381231307983
stim_89_harmonic.wav,60.00000178813934,40.000001192092896,41.26356214284897,28.369717597961426
stim_89_harmonic.wav,30.00000089406967,10.000000298023224,39.55754041671753,37.492990493774414
stim_89_harmonic.wav,60.00000178813934,49.999998807907104,42.29831010103226,28.301365971565247
stim_89_harmonic.wav,70.0000011920929,10.000000298023224,38.12874644994736,28.565340042114258
stim_89_harmonic.wav,50.00000238418579,60.0,40.67622810602188,28.611398935317993
stim_89_harmonic.wav,30.00000089406967,10.000000298023224,37.16617941856384,38.43459606170654
stim_89_harmonic.wav,20.000000149011612,30.0,39.16143715381622,27.71205425262451
stim_89_harmonic.wav,84.99999761581421,20.000000596046448,36.729451417922974,28.259169459342957
stim_89_harmonic.wav,70.0000011920929,0.0,44.04263377189636,25.312199592590332
stim_89_harmonic.wav,74.99999821186066,20.000000596046448,41.74298286437988,28.46581220626831
stim_89_harmonic.wav,70.0000011920929,40.000001192092896,60.152753591537476,32.89985775947571
stim_89_harmonic.wav,45.0,20.000000596046448,47.53927409648895,33.651766777038574
stim_89_harmonic.wav,10.000000074505806,60.0,38.47328960895538,28.495434522628784
stim_89_harmonic.wav,74.99999821186066,0.0,39.41815406084061,28.46586585044861
stim_89_harmonic.wav,70.0000011920929,40.000001192092896,41.55753493309021,28.382813930511475
stim_89_harmonic.wav,5.000000037252903,60.0,34.6626216173172,28.327125906944275
stim_89_harmonic.wav,30.00000089406967,49.999998807907104,35.328552424907684,30.02914309501648
stim_89_harmonic.wav,80.00000059604645,0.0,41.818242967128754,23.08727502822876
stim_89_harmonic.wav,30.00000089406967,30.0,40.23797392845154,28.75965714454651
stim_89_harmonic.wav,35.00000059604645,10.000000298023224,42.04471528530121,28.571577072143555
stim_89_harmonic.wav,60.00000178813934,10.000000298023224,41.286760568618774,28.362150192260742
stim_89_harmonic.wav,30.00000089406967,0.0,41.95338875055313,28.608931303024292
stim_89_harmonic.wav,84.99999761581421,30.0,40.753556191921234,28.406079411506653
stim_89_harmonic.wav,70.0000011920929,30.0,42.1726593375206,28.31565499305725
stim_89_harmonic.wav,45.0,10.000000298023224,41.78795278072357,28.54880690574646
stim_89_harmonic.wav,30.00000089406967,0.0,36.31874889135361,37.58336663246155
stim_93_harmonic.wav,10.000000074505806,49.999998807907104,41.395084261894226,28.344774842262268
stim_93_harmonic.wav,45.0,0.0,40.24459362030029,28.368229866027832
stim_93_harmonic.wav,10.000000074505806,60.0,26.65908694267273,31.591150760650635
stim_93_harmonic.wav,30.00000089406967,30.0,40.27732193470001,27.362270951271057
stim_93_harmonic.wav,25.000001192092896,0.0,41.56235218048096,28.696893453598022
stim_93_harmonic.wav,40.000000298023224,20.000000596046448,42.05859303474426,29.13500726222992
stim_93_harmonic.wav,80.00000059604645,49.999998807907104,40.75709402561188,29.29296612739563
stim_93_harmonic.wav,15.000000447034836,60.0,41.53911620378494,28.33387792110443
stim_93_harmonic.wav,20.000000149011612,40.000001192092896,31.93247079849243,30.316418409347534
stim_93_harmonic.wav,80.00000059604645,49.999998807907104,32.61722266674042,30.1449716091156
stim_93_harmonic.wav,50.00000238418579,60.0,44.2432764172554,28.470245003700256
stim_93_harmonic.wav,74.99999821186066,20.000000596046448,41.706456542015076,28.34985315799713
stim_93_harmonic.wav,45.0,20.000000596046448,38.96837443113327,32.049994468688965
stim_93_harmonic.wav,0.0,40.000001192092896,40.51599830389023,28.478606343269348
stim_93_harmonic.wav,20.000000149011612,60.0,40.48430800437927,28.421321511268616
stim_93_harmonic.wav,45.0,60.0,41.03881448507309,28.446863293647766
stim_93_harmonic.wav,64.9999988079071,60.0,41.323174238204956,28.967172503471375
stim_93_harmonic.wav,5.000000037252903,49.999998807907104,40.00540226697922,24.697387218475342
stim_93_harmonic.wav,10.000000074505806,40.000001192092896,33.209298849105835,29.03586208820343
stim_93_harmonic.wav,20.000000149011612,60.0,41.60815089941025,28.331408500671387
stim_93_harmonic.wav,35.00000059604645,10.000000298023224,32.925928831100464,28.581490516662598
stim_93_harmonic.wav,84.99999761581421,49.999998807907104,40.80638766288757,28.440663814544678
stim_93_harmonic.wav,80.00000059604645,49.999998807907104,37.503456473350525,31.91207528114319
stim_93_harmonic.wav,10.000000074505806,60.0,40.942638516426086,28.487294912338257
stim_93_harmonic.wav,80.00000059604645,40.000001192092896,48.7191778421402,30.56910753250122
stim_93_harmonic.wav,80.00000059604645,40.000001192092896,40.70754826068878,28.40853989124298
stim_93_harmonic.wav,74.99999821186066,10.000000298023224,42.79045522212982,26.859557032585144
stim_93_harmonic.wav,15.000000447034836,40.000001192092896,30.572027564048767,30.56026339530945
stim_93_harmonic.wav,50.00000238418579,49.999998807907104,41.14641398191452,28.35827887058258
stim_93_harmonic.wav,54.99999940395355,30.0,41.09103441238403,28.382497429847717
stim_93_harmonic.wav,35.00000059604645,20.000000596046448,40.62504082918167,28.46012234687805
stim_93_harmonic.wav,20.000000149011612,10.000000298023224,41.68779909610748,28.32656979560852
stim_93_harmonic.wav,90.0,60.0,41.13116294145584,28.38601291179657
stim_93_harmonic.wav,5.000000037252903,30.0,41.27940058708191,28.476805686950684
stim_93_harmonic.wav,80.00000059604645,60.0,40.97396671772003,24.617087244987488
stim_93_harmonic.wav,84.99999761581421,30.0,45.979902148246765,24.575416445732117
stim_93_harmonic.wav,40.000000298023224,40.000001192092896,41.41010731458664,28.335939645767212
stim_93_harmonic.wav,84.99999761581421,49.999998807907104,41.15021467208862,28.38943362236023
stim_93_harmonic.wav,25.000001192092896,40.000001192092896,40.69232404232025,28.42145562171936
stim_93_harmonic.wav,40.000000298023224,49.999998807907104,42.28880167007446,29.30052638053894
stim_93_harmonic.wav,90.0,60.0,42.76520490646362,29.44821059703827
stim_93_harmonic.wav,20.000000149011612,10.000000298023224,40.61682790517807,28.423826694488525
stim_93_harmonic.wav,80.00000059604645,30.0,60.94084560871124,35.77788949012756
stim_93_harmonic.wav,35.00000059604645,20.000000596046448,41.324670910835266,28.35904598236084
stim_93_harmonic.wav,40.000000298023224,30.0,40.17305374145508,28.502007722854614
stim_93_harmonic.wav,84.99999761581421,40.000001192092896,41.424918472766876,28.35256576538086
stim_93_harmonic.wav,60.00000178813934,60.0,41.91167771816254,28.269769549369812
stim_93_harmonic.wav,35.00000059604645,40.000001192092896,40.65367877483368,28.414013385772705
stim_93_harmonic.wav,50.00000238418579,60.0,41.42141282558441,28.351351618766785
stim_93_harmonic.wav,50.00000238418579,60.0,41.183718144893646,28.349738717079163
stim_93_harmonic.wav,45.0,10.000000298023224,43.41057389974594,29.016979336738586
stim_93_harmonic.wav,74.99999821186066,40.000001192092896,47.528507709503174,27.905834913253784
stim_93_harmonic.wav,64.9999988079071,30.0,40.59807926416397,29.72368597984314
stim_93_harmonic.wav,84.99999761581421,60.0,42.13154375553131,29.760221242904663
stim_93_harmonic.wav,45.0,60.0,29.164752960205078,26.51060163974762
stim_93_harmonic.wav,45.0,30.0,40.3922438621521,28.467528820037842
stim_93_harmonic.wav,74.99999821186066,10.000000298023224,37.87199467420578,27.63610303401947
stim_93_harmonic.wav,90.0,10.000000298023224,41.2287175655365,28.363539576530457
stim_93_harmonic.wav,64.9999988079071,40.000001192092896,41.08454614877701,28.411197066307068
stim_93_harmonic.wav,10.000000074505806,10.000000298023224,41.481494307518005,28.337021470069885
stim_93_harmonic.wav,45.0,0.0,44.093745946884155,30.569865703582764
stim_93_harmonic.wav,50.00000238418579,49.999998807907104,40.7328736782074,28.395468592643738
stim_93_harmonic.wav,64.9999988079071,60.0,40.54418832063675,28.606444001197815
stim_93_harmonic.wav,15.000000447034836,10.000000298023224,40.94026476144791,28.388493061065674
stim_93_harmonic.wav,5.000000037252903,10.000000298023224,29.560856223106384,19.082441926002502
stim_93_harmonic.wav,80.00000059604645,10.000000298023224,41.16991549730301,28.57573091983795
stim_93_harmonic.wav,54.99999940395355,60.0,40.525042712688446,29.033179879188538
stim_93_harmonic.wav,15.000000447034836,40.000001192092896,41.421447694301605,28.550525307655334
stim_93_harmonic.wav,20.000000149011612,10.000000298023224,37.70209550857544,28.54169726371765
stim_93_harmonic.wav,15.000000447034836,40.000001192092896,40.291709303855896,28.455918431282043
stim_93_harmonic.wav,30.00000089406967,60.0,29.374933540821075,27.101925015449524
stim_93_harmonic.wav,70.0000011920929,0.0,43.63388657569885,26.99763000011444
stim_93_harmonic.wav,64.9999988079071,40.000001192092896,40.8074551820755,28.414698243141174
stim_93_harmonic.wav,40.000000298023224,40.000001192092896,38.197102546691895,26.537489891052246
stim_93_harmonic.wav,45.0,0.0,41.005978882312775,28.3870267868042
stim_93_harmonic.wav,60.00000178813934,30.0,55.12447535991669,29.448378682136536
stim_93_harmonic.wav,70.0000011920929,49.999998807907104,41.429078578948975,28.329922556877136
stim_93_harmonic.wav,54.99999940395355,20.000000596046448,40.859763622283936,28.57879400253296
stim_93_harmonic.wav,15.000000447034836,0.0,28.772131204605103,26.82139277458191
stim_93_harmonic.wav,54.99999940395355,20.000000596046448,40.269296765327454,25.874077677726746
stim_93_harmonic.wav,74.99999821186066,10.000000298023224,40.740531384944916,29.535167813301086
stim_93_harmonic.wav,15.000000447034836,60.0,27.580356001853943,30.19169569015503
stim_93_harmonic.wav,50.00000238418579,30.0,40.40177643299103,28.459705710411072
stim_93_harmonic.wav,90.0,20.000000596046448,40.90918332338333,28.41302990913391
stim_93_harmonic.wav,80.00000059604645,40.000001192092896,48.500502705574036,29.23548460006714
stim_93_harmonic.wav,74.99999821186066,20.000000596046448,41.76488846540451,28.35776925086975
stim_93_harmonic.wav,15.000000447034836,20.000000596046448,41.303328573703766,28.36609661579132
stim_93_harmonic.wav,30.00000089406967,30.0,40.44553130865097,28.563923835754395
stim_93_harmonic.wav,45.0,0.0,41.19752079248428,28.355067372322083
stim_93_harmonic.wav,64.9999988079071,30.0,41.1075621843338,28.394760489463806
stim_93_harmonic.wav,25.000001192092896,0.0,32.13696241378784,18.32504153251648
stim_93_harmonic.wav,80.00000059604645,20.000000596046448,41.670667827129364,28.474313020706177
stim_93_harmonic.wav,50.00000238418579,49.999998807907104,27.660999298095703,28.243274688720703
stim_93_harmonic.wav,50.00000238418579,49.999998807907104,42.777634263038635,30.5572772026062
stim_93_harmonic.wav,20.000000149011612,40.000001192092896,40.419476330280304,28.40119779109955
stim_93_harmonic.wav,60.00000178813934,60.0,47.949180006980896,29.87870693206787
stim_93_harmonic.wav,30.00000089406967,30.0,35.62563121318817,27.368756532669067
stim_93_harmonic.wav,0.0,40.000001192092896,41.295236349105835,28.353068232536316
stim_93_harmonic.wav,45.0,10.000000298023224,45.730741024017334,27.871960401535034
stim_93_harmonic.wav,84.99999761581421,40.000001192092896,48.652315735816956,29.358372688293457
stim_93_harmonic.wav,74.99999821186066,10.000000298023224,39.04348164796829,27.884804606437683
stim_93_harmonic.wav,40.000000298023224,40.000001192092896,39.104493856430054,20.88273525238037
stim_93_harmonic.wav,64.9999988079071,40.000001192092896,40.77314704656601,28.407817482948303
stim_93_harmonic.wav,74.99999821186066,10.000000298023224,40.737779438495636,28.40453803539276
stim_93_harmonic.wav,20.000000149011612,49.999998807907104,29.87235724925995,28.513861298561096
stim_93_harmonic.wav,35.00000059604645,0.0,40.73784649372101,28.4853458404541
stim_93_harmonic.wav,74.99999821186066,0.0,39.10704731941223,28.635982275009155
stim_93_harmonic.wav,84.99999761581421,49.999998807907104,41.02035015821457,28.55315923690796
stim_93_harmonic.wav,70.0000011920929,0.0,40.540457367897034,28.417775630950928
stim_93_harmonic.wav,50.00000238418579,20.000000596046448,40.886714458465576,28.486198782920837
stim_93_harmonic.wav,10.000000074505806,49.999998807907104,40.97031354904175,28.643717765808105
stim_93_harmonic.wav,84.99999761581421,20.000000596046448,41.327669620513916,28.530755639076233
stim_93_harmonic.wav,50.00000238418579,60.0,41.117864549160004,28.361894488334656
stim_93_harmonic.wav,35.00000059604645,20.000000596046448,41.933572590351105,28.314855694770813
stim_93_harmonic.wav,10.000000074505806,30.0,41.13004446029663,28.35705578327179
stim_93_harmonic.wav,90.0,40.000001192092896,39.291953444480896,25.851985216140747
stim_93_harmonic.wav,10.000000074505806,49.999998807907104,27.177010774612427,30.67758321762085
stim_93_harmonic.wav,5.000000037252903,60.0,32.845999002456665,33.02946925163269
stim_75_harmonic.wav,5.000000037252903,49.999998807907104,16.16676539182663,23.48948299884796
stim_75_harmonic.wav,25.000001192092896,20.000000596046448,41.24491274356842,29.69741463661194
stim_75_harmonic.wav,80.00000059604645,49.999998807907104,65.95526218414307,10.01147747039795
stim_75_harmonic.wav,20.000000149011612,20.000000596046448,37.036811113357544,27.588694095611572
stim_75_harmonic.wav,5.000000037252903,60.0,31.641856133937836,31.914106607437134
stim_75_harmonic.wav,25.000001192092896,49.999998807907104,46.56281054019928,27.180769443511963
stim_75_harmonic.wav,54.99999940395355,40.000001192092896,42.09666699171066,30.04869818687439
stim_75_harmonic.wav,80.00000059604645,10.000000298023224,50.22278666496277,25.973836183547974
stim_75_harmonic.wav,60.00000178813934,40.000001192092896,45.48613429069519,26.24769151210785
stim_75_harmonic.wav,50.00000238418579,10.000000298023224,52.48491883277893,27.258551716804504
stim_75_harmonic.wav,0.0,20.000000596046448,20.761209726333618,30.52483320236206
stim_75_harmonic.wav,84.99999761581421,10.000000298023224,58.12095880508423,15.872719287872314
stim_75_harmonic.wav,5.000000037252903,10.000000298023224,7.552132308483124,27.031813859939575
stim_75_harmonic.wav,20.000000149011612,20.000000596046448,34.016316533088684,27.154022455215454
stim_75_harmonic.wav,84.99999761581421,30.0,65.30665040016174,35.02453565597534
stim_75_harmonic.wav,84.99999761581421,40.000001192092896,46.256298422813416,29.847237467765808
stim_75_harmonic.wav,45.0,0.0,46.698009967803955,27.393799424171448
stim_75_harmonic.wav,84.99999761581421,20.000000596046448,46.59671902656555,30.451029539108276
stim_75_harmonic.wav,40.000000298023224,30.0,38.048792481422424,28.293099403381348
stim_75_harmonic.wav,84.99999761581421,60.0,60.53520441055298,25.80038845539093
stim_75_harmonic.wav,40.000000298023224,40.000001192092896,42.60245382785797,30.096266269683838
stim_75_harmonic.wav,15.000000447034836,20.000000596046448,34.16428864002228,25.283303260803223
stim_75_harmonic.wav,25.000001192092896,0.0,36.11663103103638,26.2209552526474
stim_75_harmonic.wav,54.99999940395355,49.999998807907104,36.02787673473358,28.977946043014526
stim_75_harmonic.wav,45.0,20.000000596046448,44.19964760541916,31.096690893173218
stim_75_harmonic.wav,35.00000059604645,10.000000298023224,40.77970504760742,29.15612518787384
stim_75_harmonic.wav,80.00000059604645,20.000000596046448,64.48562622070312,19.32080626487732
stim_75_harmonic.wav,50.00000238418579,0.0,43.68018954992294,26.68170154094696
stim_75_harmonic.wav,64.9999988079071,49.999998807907104,45.63567280769348,29.93255853652954
stim_75_harmonic.wav,10.000000074505806,0.0,16.42293244600296,25.722715258598328
stim_75_harmonic.wav,0.0,60.0,0.7065555453300476,27.607945203781128
stim_75_harmonic.wav,54.99999940395355,10.000000298023224,46.27699434757233,31.20895743370056
stim_75_harmonic.wav,80.00000059604645,0.0,47.67932832241058,29.69835340976715
stim_75_harmonic.wav,70.0000011920929,60.0,63.52866232395172,28.488659262657166
stim_75_harmonic.wav,15.000000447034836,60.0,15.38249284029007,30.200250148773193
stim_75_harmonic.wav,35.00000059604645,49.999998807907104,39.96720492839813,26.315909028053284
stim_75_harmonic.wav,40.000000298023224,10.000000298023224,40.88410198688507,29.89166021347046
stim_75_harmonic.wav,25.000001192092896,40.000001192092896,31.19552582502365,28.900145888328552
stim_75_harmonic.wav,10.000000074505806,20.000000596046448,27.20779448747635,30.06056785583496
stim_75_harmonic.wav,25.000001192092896,0.0,35.92712759971619,24.57887828350067
stim_75_harmonic.wav,80.00000059604645,49.999998807907104,51.237348318099976,27.9529470205307
stim_75_harmonic.wav,30.00000089406967,10.000000298023224,40.89121252298355,31.044652462005615
stim_75_harmonic.wav,15.000000447034836,10.000000298023224,12.578849494457245,18.36528182029724
stim_75_harmonic.wav,10.000000074505806,49.999998807907104,46.841551065444946,30.134189128875732
stim_75_harmonic.wav,10.000000074505806,60.0,15.70521891117096,40.026612281799316
stim_75_harmonic.wav,70.0000011920929,20.000000596046448,69.87577199935913,32.72429823875427
stim_75_harmonic.wav,45.0,40.000001192092896,42.39548921585083,29.19265329837799
stim_75_harmonic.wav,35.00000059604645,49.999998807907104,36.02935194969177,31.467998027801514
stim_75_harmonic.wav,80.00000059604645,20.000000596046448,42.66748130321503,29.95498538017273
stim_75_harmonic.wav,5.000000037252903,30.0,25.592181980609894,31.137560606002808
stim_75_harmonic.wav,64.9999988079071,30.0,46.90517842769623,30.904072523117065
stim_75_harmonic.wav,60.00000178813934,49.999998807907104,48.12557816505432,31.93650484085083
stim_75_harmonic.wav,90.0,49.999998807907104,44.572785794734955,30.379375219345093
stim_75_harmonic.wav,74.99999821186066,0.0,52.489306926727295,24.85350251197815
stim_75_harmonic.wav,84.99999761581421,0.0,45.18146753311157,27.59326994419098
stim_75_harmonic.wav,10.000000074505806,60.0,30.542410612106323,32.500576972961426
stim_75_harmonic.wav,15.000000447034836,30.0,16.300693452358246,28.00134837627411
stim_75_harmonic.wav,50.00000238418579,49.999998807907104,41.887368857860565,30.081946849822998
stim_75_harmonic.wav,70.0000011920929,30.0,47.41005063056946,31.055620908737183
stim_75_harmonic.wav,20.000000149011612,30.0,29.634541869163513,28.84255886077881
stim_75_harmonic.wav,0.0,30.0,2.634318172931671,27.516907453536987
stim_75_harmonic.wav,40.000000298023224,20.000000596046448,44.09745007753372,33.52720499038696
stim_75_harmonic.wav,74.99999821186066,60.0,50.84941506385803,26.732447147369385
stim_75_harmonic.wav,50.00000238418579,20.000000596046448,48.61025869846344,21.056787371635437
stim_75_harmonic.wav,25.000001192092896,60.0,36.21935427188873,37.21882939338684
stim_75_harmonic.wav,15.000000447034836,40.000001192092896,27.99692451953888,28.39570641517639
stim_75_harmonic.wav,0.0,60.0,21.244841516017914,28.044562339782715
stim_75_harmonic.wav,25.000001192092896,30.0,40.78389197587967,27.85928964614868
stim_75_harmonic.wav,10.000000074505806,0.0,28.238336741924286,32.670003175735474
stim_75_harmonic.wav,90.0,40.000001192092896,47.53164052963257,24.143346548080444
stim_75_harmonic.wav,45.0,60.0,36.18155121803284,31.452548503875732
stim_75_harmonic.wav,40.000000298023224,30.0,41.54498487710953,31.384044885635376
stim_75_harmonic.wav,54.99999940395355,30.0,46.53077960014343,25.957090258598328
stim_75_harmonic.wav,64.9999988079071,0.0,47.63173520565033,28.90666902065277
stim_75_harmonic.wav,54.99999940395355,10.000000298023224,38.44095289707184,28.961969017982483
stim_75_harmonic.wav,25.000001192092896,20.000000596046448,43.92815172672272,30.10992407798767
stim_75_harmonic.wav,25.000001192092896,40.000001192092896,30.221291184425354,25.755745768547058
stim_75_harmonic.wav,40.000000298023224,0.0,43.64374369382858,28.24554204940796
stim_75_harmonic.wav,54.99999940395355,30.0,49.997373819351196,37.46009588241577
stim_75_harmonic.wav,35.00000059604645,0.0,46.63173794746399,30.59759259223938
stim_75_harmonic.wav,5.000000037252903,20.000000596046448,4.9527230858802795,24.45103883743286
stim_75_harmonic.wav,10.000000074505806,40.000001192092896,39.44449067115784,31.260945796966553
stim_75_harmonic.wav,50.00000238418579,0.0,41.04160398244858,30.926320552825928
stim_75_harmonic.wav,10.000000074505806,49.999998807907104,24.789691865444183,29.600443840026855
stim_75_harmonic.wav,90.0,10.000000298023224,51.72117054462433,31.621631383895874
stim_75_harmonic.wav,20.000000149011612,40.000001192092896,16.77363395690918,26.410106420516968
stim_75_harmonic.wav,40.000000298023224,0.0,43.17568480968475,31.032400131225586
stim_75_harmonic.wav,60.00000178813934,60.0,57.29788541793823,31.687381267547607
stim_75_harmonic.wav,15.000000447034836,40.000001192092896,25.566633939743042,27.57832646369934
stim_75_harmonic.wav,54.99999940395355,40.000001192092896,42.542844414711,30.354233980178833
stim_75_harmonic.wav,64.9999988079071,49.999998807907104,47.71859586238861,31.417601108551025
stim_75_harmonic.wav,54.99999940395355,60.0,66.52964115142822,35.65200448036194
stim_75_harmonic.wav,15.000000447034836,0.0,10.303062200546265,11.336671113967896
stim_75_harmonic.wav,30.00000089406967,10.000000298023224,38.75476598739624,28.580710887908936
stim_75_harmonic.wav,0.0,30.0,16.93964123725891,28.368692994117737
stim_75_harmonic.wav,5.000000037252903,49.999998807907104,9.685226082801819,34.15329337120056
stim_75_harmonic.wav,35.00000059604645,20.000000596046448,39.04693365097046,25.176022052764893
stim_75_harmonic.wav,84.99999761581421,20.000000596046448,43.00652056932449,29.554179310798645
stim_75_harmonic.wav,84.99999761581421,60.0,43.48372042179108,28.71111810207367
stim_75_harmonic.wav,25.000001192092896,60.0,33.2013139128685,38.46392869949341
stim_75_harmonic.wav,40.000000298023224,40.000001192092896,45.517752170562744,28.500401973724365
stim_75_harmonic.wav,54.99999940395355,10.000000298023224,47.389934062957764,30.329922437667847
stim_75_harmonic.wav,60.00000178813934,49.999998807907104,46.0747504234314,32.34521269798279
stim_75_harmonic.wav,80.00000059604645,0.0,71.42101407051086,13.302449584007263
stim_75_harmonic.wav,30.00000089406967,49.999998807907104,43.16847234964371,28.766815066337585
stim_75_harmonic.wav,50.00000238418579,0.0,47.13201284408569,29.90390181541443
stim_75_harmonic.wav,84.99999761581421,0.0,71.32539868354797,11.758612990379333
stim_75_harmonic.wav,60.00000178813934,40.000001192092896,36.35910004377365,29.675922989845276
stim_75_harmonic.wav,20.000000149011612,0.0,25.054407119750977,26.14936888217926
stim_75_harmonic.wav,30.00000089406967,0.0,44.46250945329666,28.269914388656616
stim_75_harmonic.wav,40.000000298023224,49.999998807907104,41.748269498348236,30.070366859436035
stim_75_harmonic.wav,5.000000037252903,30.0,24.85086500644684,23.931596875190735
stim_75_harmonic.wav,60.00000178813934,30.0,66.29019498825073,33.35293650627136
stim_75_harmonic.wav,84.99999761581421,20.000000596046448,47.13135838508606,30.44610857963562
stim_75_harmonic.wav,80.00000059604645,20.000000596046448,36.784313321113586,28.866811394691467
stim_75_harmonic.wav,64.9999988079071,0.0,57.86095082759857,24.535133242607117
stim_75_harmonic.wav,70.0000011920929,40.000001192092896,42.12362319231033,28.111274242401123
stim_75_harmonic.wav,60.00000178813934,40.000001192092896,49.00503158569336,34.27229046821594
stim_75_harmonic.wav,5.000000037252903,60.0,15.429629981517792,38.66142511367798
stim_75_harmonic.wav,20.000000149011612,10.000000298023224,24.84770804643631,36.23004198074341
stim_75_harmonic.wav,54.99999940395355,60.0,47.71969020366669,22.480915188789368
stim_75_harmonic.wav,60.00000178813934,10.000000298023224,62.004218101501465,30.970405340194702
stim_75_harmonic.wav,80.00000059604645,30.0,67.91334986686707,33.758171796798706
stim_75_harmonic.wav,80.00000059604645,30.0,62.97942101955414,31.63151264190674
stim_75_harmonic.wav,74.99999821186066,49.999998807907104,41.226182878017426,31.720050573349
stim_75_harmonic.wav,50.00000238418579,49.999998807907104,38.50589990615845,28.776458501815796
stim_75_harmonic.wav,30.00000089406967,40.000001192092896,39.38153922557831,28.445690274238586
stim_75_harmonic.wav,0.0,10.000000298023224,7.0679667592048645,26.861987113952637
stim_75_harmonic.wav,70.0000011920929,10.000000298023224,40.988512337207794,26.857670545578003
stim_75_harmonic.wav,50.00000238418579,20.000000596046448,48.762463331222534,18.7937593460083
stim_75_harmonic.wav,64.9999988079071,10.000000298023224,61.664854288101196,31.85072422027588
stim_104_harmonic.wav,70.0000011920929,20.000000596046448,41.665531396865845,28.33116888999939
stim_104_harmonic.wav,50.00000238418579,0.0,41.97147488594055,28.313546776771545
stim_104_harmonic.wav,50.00000238418579,40.000001192092896,42.31282889842987,29.382367730140686
stim_104_harmonic.wav,40.000000298023224,10.000000298023224,41.761119961738586,28.322492837905884
stim_104_harmonic.wav,0.0,40.000001192092896,41.10162377357483,29.526193141937256
stim_104_harmonic.wav,40.000000298023224,10.000000298023224,41.77957355976105,28.324202299118042
stim_104_harmonic.wav,70.0000011920929,20.000000596046448,42.704578936100006,28.725358843803406
stim_104_harmonic.wav,40.000000298023224,20.000000596046448,43.18965643644333,31.10971212387085
stim_104_harmonic.wav,90.0,60.0,42.013880610466,29.401933550834656
stim_104_harmonic.wav,40.000000298023224,60.0,44.879778027534485,30.102531909942627
stim_104_harmonic.wav,30.00000089406967,20.000000596046448,41.59364551305771,28.504326939582825
stim_104_harmonic.wav,35.00000059604645,60.0,41.8559467792511,28.3193439245224
stim_104_harmonic.wav,90.0,49.999998807907104,41.63450628519058,28.345507979393005
stim_104_harmonic.wav,64.9999988079071,40.000001192092896,41.42985373735428,28.262293338775635
stim_104_harmonic.wav,54.99999940395355,0.0,41.425664126873016,28.775317668914795
stim_104_harmonic.wav,25.000001192092896,40.000001192092896,41.82361274957657,28.31996262073517
stim_104_harmonic.wav,10.000000074505806,0.0,41.91458523273468,28.31661880016327
stim_104_harmonic.wav,10.000000074505806,60.0,41.19982212781906,28.534578680992126
stim_104_harmonic.wav,80.00000059604645,60.0,41.63623094558716,28.332608342170715
stim_104_harmonic.wav,64.9999988079071,10.000000298023224,41.90290153026581,28.317750692367554
stim_104_harmonic.wav,30.00000089406967,0.0,42.88655072450638,28.760769367218018
stim_104_harmonic.wav,20.000000149011612,40.000001192092896,41.38952672481537,28.480489253997803
stim_104_harmonic.wav,54.99999940395355,60.0,35.67363739013672,32.88580298423767
stim_104_harmonic.wav,25.000001192092896,40.000001192092896,39.6215084195137,28.49295437335968
stim_104_harmonic.wav,5.000000037252903,20.000000596046448,41.79109901189804,28.32378923892975
stim_104_harmonic.wav,60.00000178813934,49.999998807907104,41.735555827617645,28.32566499710083
stim_104_harmonic.wav,10.000000074505806,30.0,41.31903827190399,28.244395852088928
stim_104_harmonic.wav,25.000001192092896,30.0,41.89405024051666,28.317648768424988
stim_104_harmonic.wav,0.0,49.999998807907104,42.02639311552048,28.48009943962097
stim_104_harmonic.wav,64.9999988079071,0.0,42.055940330028534,28.348857164382935
stim_104_harmonic.wav,60.00000178813934,40.000001192092896,42.04661697149277,27.98408031463623
stim_104_harmonic.wav,15.000000447034836,40.000001192092896,42.40269899368286,28.614583611488342
stim_104_harmonic.wav,20.000000149011612,49.999998807907104,41.45250231027603,28.579294681549072
stim_104_harmonic.wav,10.000000074505806,40.000001192092896,41.99283868074417,28.351056575775146
stim_104_harmonic.wav,70.0000011920929,20.000000596046448,41.91898673772812,28.316924571990967
stim_104_harmonic.wav,54.99999940395355,10.000000298023224,41.948665380477905,28.31433355808258
stim_104_harmonic.wav,0.0,49.999998807907104,41.57095938920975,28.461191654205322
stim_104_harmonic.wav,90.0,10.000000298023224,41.56296640634537,28.339582085609436
stim_104_harmonic.wav,5.000000037252903,40.000001192092896,41.74756944179535,28.32692563533783
stim_104_harmonic.wav,20.000000149011612,30.0,41.53537720441818,28.339703679084778
stim_104_harmonic.wav,50.00000238418579,60.0,41.447400748729706,28.344327807426453
stim_104_harmonic.wav,10.000000074505806,49.999998807907104,41.5448722243309,28.335558772087097
stim_104_harmonic.wav,5.000000037252903,60.0,41.50529086589813,28.346843719482422
stim_104_harmonic.wav,54.99999940395355,20.000000596046448,43.69676560163498,28.83105754852295
stim_104_harmonic.wav,40.000000298023224,30.0,37.25023180246353,29.836374521255493
stim_104_harmonic.wav,35.00000059604645,40.000001192092896,41.68036937713623,28.324608206748962
stim_104_harmonic.wav,25.000001192092896,30.0,41.82339012622833,28.32249104976654
stim_104_harmonic.wav,35.00000059604645,60.0,41.3797527551651,28.345037698745728
stim_104_harmonic.wav,74.99999821186066,40.000001192092896,44.20826554298401,28.901118636131287
stim_104_harmonic.wav,25.000001192092896,10.000000298023224,41.81505113840103,28.318950533866882
stim_104_harmonic.wav,74.99999821186066,0.0,41.86085522174835,28.31824779510498
stim_104_harmonic.wav,10.000000074505806,0.0,42.344562113285065,28.31387758255005
stim_104_harmonic.wav,25.000001192092896,60.0,49.934213161468506,31.52342677116394
stim_104_harmonic.wav,35.00000059604645,40.000001192092896,42.861917316913605,29.033812880516052
stim_104_harmonic.wav,90.0,60.0,41.333924531936646,28.435773253440857
stim_104_harmonic.wav,70.0000011920929,49.999998807907104,43.91062080860138,31.252609491348267
stim_104_harmonic.wav,0.0,40.000001192092896,42.174284756183624,28.53610396385193
stim_104_harmonic.wav,25.000001192092896,20.000000596046448,40.170151591300964,28.514744639396667
stim_104_harmonic.wav,15.000000447034836,49.999998807907104,40.91371089220047,28.416747450828552
stim_104_harmonic.wav,30.00000089406967,30.0,41.838045716285706,28.318156599998474
stim_104_harmonic.wav,45.0,30.0,46.6763699054718,33.08573126792908
stim_104_harmonic.wav,80.00000059604645,49.999998807907104,41.68646067380905,28.32898736000061
stim_104_harmonic.wav,15.000000447034836,0.0,41.54025614261627,28.378613591194153
stim_104_harmonic.wav,25.000001192092896,49.999998807907104,41.98462575674057,28.313090801239014
stim_104_harmonic.wav,30.00000089406967,20.000000596046448,45.35382628440857,29.953526258468628
stim_104_harmonic.wav,70.0000011920929,0.0,41.701011657714844,28.330750465393066
stim_104_harmonic.wav,45.0,30.0,42.677917778491974,29.350900053977966
stim_104_harmonic.wav,40.000000298023224,0.0,41.69339418411255,28.33163559436798
stim_104_harmonic.wav,15.000000447034836,10.000000298023224,41.873362362384796,28.320119976997375
stim_104_harmonic.wav,80.00000059604645,49.999998807907104,41.60222589969635,28.330979347229004
stim_104_harmonic.wav,60.00000178813934,49.999998807907104,44.03530865907669,26.543732285499573
stim_104_harmonic.wav,64.9999988079071,60.0,41.19451940059662,28.45344364643097
stim_104_harmonic.wav,50.00000238418579,20.000000596046448,40.78359693288803,28.493959307670593
stim_104_harmonic.wav,35.00000059604645,30.0,39.84133690595627,29.232841730117798
stim_104_harmonic.wav,80.00000059604645,60.0,41.47228091955185,28.34228217601776
stim_104_harmonic.wav,25.000001192092896,10.000000298023224,41.803820729255676,28.31933856010437
stim_104_harmonic.wav,70.0000011920929,30.0,41.596614718437195,28.33702325820923
stim_104_harmonic.wav,0.0,60.0,41.54125660657883,28.366963863372803
stim_104_harmonic.wav,20.000000149011612,60.0,41.96423560380936,28.380507230758667
stim_104_harmonic.wav,60.00000178813934,10.000000298023224,43.94691377878189,28.491559624671936
stim_104_harmonic.wav,64.9999988079071,40.000001192092896,41.84031218290329,28.318508863449097
stim_104_harmonic.wav,60.00000178813934,60.0,42.14764505624771,28.10963809490204
stim_104_harmonic.wav,35.00000059604645,60.0,44.360826909542084,30.824686288833618
stim_104_harmonic.wav,74.99999821186066,20.000000596046448,41.78044527769089,28.325738310813904
stim_104_harmonic.wav,5.000000037252903,40.000001192092896,41.61176383495331,28.333967328071594
stim_104_harmonic.wav,40.000000298023224,10.000000298023224,41.284990310668945,28.35491716861725
stim_104_harmonic.wav,45.0,60.0,41.77141696214676,28.325130343437195
stim_104_harmonic.wav,70.0000011920929,0.0,41.763536632061005,28.32341730594635
stim_104_harmonic.wav,90.0,0.0,41.65286332368851,28.60219895839691
stim_104_harmonic.wav,90.0,10.000000298023224,41.344428062438965,28.354157209396362
stim_104_harmonic.wav,80.00000059604645,49.999998807907104,50.78876495361328,29.723036885261536
stim_104_harmonic.wav,25.000001192092896,10.000000298023224,41.89292371273041,25.89643120765686
stim_104_harmonic.wav,35.00000059604645,30.0,40.41368544101715,28.58949065208435
stim_104_harmonic.wav,60.00000178813934,60.0,40.57245343923569,28.593583703041077
stim_104_harmonic.wav,20.000000149011612,49.999998807907104,42.007252871990204,28.31230938434601
stim_104_harmonic.wav,0.0,0.0,37.179496586322784,29.126261472702026
stim_104_harmonic.wav,0.0,49.999998807907104,37.836433947086334,29.047788977622986
stim_104_harmonic.wav,15.000000447034836,60.0,42.39660769701004,28.86495530605316
stim_104_harmonic.wav,40.000000298023224,40.000001192092896,41.0966482758522,28.661094903945923
stim_104_harmonic.wav,50.00000238418579,20.000000596046448,41.51377201080322,28.342841863632202
stim_104_harmonic.wav,45.0,30.0,41.55970752239227,28.33765983581543
stim_104_harmonic.wav,15.000000447034836,10.000000298023224,40.99157273769379,28.371235728263855
stim_104_harmonic.wav,80.00000059604645,20.000000596046448,41.942574083805084,28.314544558525085
stim_104_harmonic.wav,74.99999821186066,49.999998807907104,41.13534986972809,28.55956256389618
stim_104_harmonic.wav,80.00000059604645,60.0,41.472246050834656,28.34457278251648
stim_104_harmonic.wav,84.99999761581421,30.0,40.96703588962555,28.362776041030884
stim_104_harmonic.wav,35.00000059604645,10.000000298023224,41.44084811210632,28.34401309490204
stim_104_harmonic.wav,25.000001192092896,60.0,41.29070073366165,28.356363773345947
stim_104_harmonic.wav,35.00000059604645,20.000000596046448,41.65278285741806,28.332075476646423
stim_104_harmonic.wav,74.99999821186066,60.0,41.81336134672165,28.31900954246521
stim_104_harmonic.wav,10.000000074505806,10.000000298023224,41.94102108478546,28.343440890312195
stim_104_harmonic.wav,30.00000089406967,40.000001192092896,41.45323991775513,28.337302207946777
stim_104_harmonic.wav,54.99999940395355,60.0,39.8512127995491,29.956796765327454
stim_104_harmonic.wav,50.00000238418579,60.0,40.970482528209686,28.57570767402649
stim_104_harmonic.wav,15.000000447034836,30.0,41.631416380405426,28.33551049232483
stim_104_harmonic.wav,35.00000059604645,20.000000596046448,42.247275710105896,28.488932847976685
stim_104_harmonic.wav,90.0,40.000001192092896,42.79678791761398,28.909785747528076
stim_104_harmonic.wav,60.00000178813934,49.999998807907104,41.72021895647049,28.44101071357727
stim_104_harmonic.wav,40.000000298023224,0.0,42.33962953090668,29.148157238960266
stim_108_harmonic.wav,0.0,30.0,41.63876295089722,28.390504717826843
stim_108_harmonic.wav,0.0,40.000001192092896,40.978030264377594,28.642203211784363
stim_108_harmonic.wav,25.000001192092896,0.0,41.21934860944748,28.357672691345215
stim_108_harmonic.wav,10.000000074505806,10.000000298023224,41.645795702934265,28.37581694126129
stim_108_harmonic.wav,45.0,30.0,40.56023329496384,28.47028076648712
stim_108_harmonic.wav,50.00000238418579,60.0,41.40157252550125,28.585267066955566
stim_108_harmonic.wav,84.99999761581421,20.000000596046448,43.13750088214874,27.967529296875
stim_108_harmonic.wav,30.00000089406967,49.999998807907104,39.3291449546814,28.491017818450928
stim_108_harmonic.wav,5.000000037252903,0.0,41.679543256759644,28.363435864448547
stim_108_harmonic.wav,74.99999821186066,49.999998807907104,41.950046718120575,28.86786460876465
stim_108_harmonic.wav,64.9999988079071,40.000001192092896,42.27694630622864,27.95119822025299
stim_108_harmonic.wav,70.0000011920929,10.000000298023224,41.42389386892319,28.34319770336151
stim_108_harmonic.wav,40.000000298023224,10.000000298023224,41.52052044868469,28.25362980365753
stim_108_harmonic.wav,5.000000037252903,40.000001192092896,41.444149911403656,28.39873194694519
stim_108_harmonic.wav,20.000000149011612,20.000000596046448,41.115217208862305,28.120864033699036
stim_108_harmonic.wav,20.000000149011612,60.0,39.961998760700226,28.071067929267883
stim_108_harmonic.wav,74.99999821186066,60.0,41.783897280693054,28.05278778076172
stim_108_harmonic.wav,40.000000298023224,40.000001192092896,41.86856657266617,28.460240364074707
stim_108_harmonic.wav,35.00000059604645,10.000000298023224,41.50845319032669,28.545069694519043
stim_108_harmonic.wav,45.0,0.0,41.672164499759674,28.79682719707489
stim_108_harmonic.wav,0.0,0.0,40.74097394943237,28.408480882644653
stim_108_harmonic.wav,70.0000011920929,10.000000298023224,41.54695361852646,28.356252908706665
stim_108_harmonic.wav,80.00000059604645,30.0,41.2375608086586,28.354116082191467
stim_108_harmonic.wav,20.000000149011612,60.0,41.82203024625778,28.348082900047302
stim_108_harmonic.wav,30.00000089406967,0.0,41.787373423576355,28.32134485244751
stim_108_harmonic.wav,54.99999940395355,40.000001192092896,41.31177753210068,28.393065333366394
stim_108_harmonic.wav,70.0000011920929,20.000000596046448,41.49329334497452,28.423449397087097
stim_108_harmonic.wav,74.99999821186066,20.000000596046448,41.18120491504669,28.355820178985596
stim_108_harmonic.wav,30.00000089406967,30.0,40.87986409664154,28.527302742004395
stim_108_harmonic.wav,25.000001192092896,40.000001192092896,41.36914998292923,28.371346592903137
stim_108_harmonic.wav,5.000000037252903,0.0,41.58505707979202,28.331188559532166
stim_108_harmonic.wav,60.00000178813934,0.0,40.40049970149994,28.375194668769836
stim_108_harmonic.wav,35.00000059604645,60.0,41.56292349100113,28.357343673706055
stim_108_harmonic.wav,80.00000059604645,30.0,41.97714239358902,28.313350081443787
stim_108_harmonic.wav,10.000000074505806,40.000001192092896,41.68273776769638,28.475435972213745
stim_108_harmonic.wav,0.0,49.999998807907104,41.80330038070679,28.322433829307556
stim_108_harmonic.wav,20.000000149011612,30.0,38.98559421300888,29.571329355239868
stim_108_harmonic.wav,54.99999940395355,30.0,42.06623733043671,27.857667803764343
stim_108_harmonic.wav,84.99999761581421,30.0,42.205578088760376,28.21060001850128
stim_108_harmonic.wav,10.000000074505806,0.0,41.07575386762619,28.615329265594482
stim_108_harmonic.wav,64.9999988079071,49.999998807907104,41.59623384475708,28.31772029399872
stim_108_harmonic.wav,20.000000149011612,10.000000298023224,40.70065230131149,28.380630612373352
stim_108_harmonic.wav,15.000000447034836,0.0,41.74396723508835,28.41980516910553
stim_108_harmonic.wav,80.00000059604645,30.0,40.86036443710327,28.33542287349701
stim_108_harmonic.wav,54.99999940395355,0.0,41.70450121164322,28.265597820281982
stim_108_harmonic.wav,25.000001192092896,30.0,41.560437083244324,28.33565890789032
stim_108_harmonic.wav,54.99999940395355,10.000000298023224,41.47494435310364,28.684571385383606
stim_108_harmonic.wav,25.000001192092896,30.0,40.82315146923065,28.370908498764038
stim_108_harmonic.wav,25.000001192092896,60.0,39.02280181646347,28.99805724620819
stim_108_harmonic.wav,84.99999761581421,40.000001192092896,41.66298866271973,28.33050549030304
stim_108_harmonic.wav,74.99999821186066,0.0,41.814203560352325,28.414968252182007
stim_108_harmonic.wav,25.000001192092896,10.000000298023224,41.24729186296463,28.32379639148712
stim_108_harmonic.wav,20.000000149011612,60.0,41.39494746923447,28.39863359928131
stim_108_harmonic.wav,0.0,20.000000596046448,40.09474664926529,28.710638880729675
stim_108_harmonic.wav,80.00000059604645,49.999998807907104,41.67090654373169,28.328014612197876
stim_108_harmonic.wav,50.00000238418579,40.000001192092896,41.98127567768097,28.47770869731903
stim_108_harmonic.wav,10.000000074505806,30.0,41.266499161720276,27.924014925956726
stim_108_harmonic.wav,45.0,0.0,40.28390407562256,28.73334288597107
stim_108_harmonic.wav,64.9999988079071,10.000000298023224,41.57535284757614,28.515724539756775
stim_108_harmonic.wav,5.000000037252903,40.000001192092896,39.506680369377136,28.695605993270874
stim_108_harmonic.wav,0.0,20.000000596046448,39.823210537433624,28.540744185447693
stim_108_harmonic.wav,25.000001192092896,20.000000596046448,41.80159717798233,28.31941545009613
stim_108_harmonic.wav,20.000000149011612,60.0,40.846014618873596,28.147212266921997
stim_108_harmonic.wav,5.000000037252903,49.999998807907104,40.66733121871948,28.403230905532837
stim_108_harmonic.wav,20.000000149011612,40.000001192092896,40.05308926105499,28.425185680389404
stim_108_harmonic.wav,30.00000089406967,10.000000298023224,41.32504642009735,28.487731218338013
stim_108_harmonic.wav,30.00000089406967,40.000001192092896,41.49696797132492,28.35014283657074
stim_108_harmonic.wav,60.00000178813934,20.000000596046448,41.04092001914978,28.434090614318848
stim_108_harmonic.wav,50.00000238418579,20.000000596046448,42.921827137470245,28.085798621177673
stim_108_harmonic.wav,84.99999761581421,20.000000596046448,41.49030536413193,28.206156492233276
stim_108_harmonic.wav,25.000001192092896,20.000000596046448,41.767879128456116,28.400443196296692
stim_108_harmonic.wav,0.0,49.999998807907104,40.557875633239746,28.581642508506775
stim_108_harmonic.wav,5.000000037252903,60.0,41.087461709976196,28.527309894561768
stim_108_harmonic.wav,54.99999940395355,40.000001192092896,40.338580906391144,28.45167875289917
stim_108_harmonic.wav,45.0,60.0,41.76483482122421,28.517414331436157
stim_108_harmonic.wav,5.000000037252903,20.000000596046448,41.85335040092468,28.482758402824402
stim_108_harmonic.wav,30.00000089406967,0.0,41.45038068294525,28.341566920280457
stim_108_harmonic.wav,15.000000447034836,60.0,41.7224183678627,28.324885368347168
stim_108_harmonic.wav,70.0000011920929,10.000000298023224,41.2782096862793,28.344908952713013
stim_108_harmonic.wav,54.99999940395355,30.0,41.48978233337402,28.339290618896484
stim_108_harmonic.wav,80.00000059604645,30.0,41.181980073451996,28.341670632362366
stim_108_harmonic.wav,80.00000059604645,20.000000596046448,40.73665291070938,28.45784068107605
stim_108_harmonic.wav,45.0,49.999998807907104,41.42526179552078,28.342986702919006
stim_108_harmonic.wav,25.000001192092896,49.999998807907104,41.02837264537811,28.36687982082367
stim_108_harmonic.wav,35.00000059604645,10.000000298023224,41.05685502290726,28.355829119682312
stim_108_harmonic.wav,90.0,20.000000596046448,41.957803666591644,28.26045513153076
stim_108_harmonic.wav,30.00000089406967,40.000001192092896,41.73263490200043,28.323073983192444
stim_108_harmonic.wav,40.000000298023224,30.0,40.88376134634018,28.407359719276428
stim_108_harmonic.wav,45.0,60.0,40.89645892381668,28.059470057487488
stim_108_harmonic.wav,80.00000059604645,0.0,41.58080041408539,28.335168957710266
stim_108_harmonic.wav,30.00000089406967,20.000000596046448,40.97656846046448,28.63092005252838
stim_108_harmonic.wav,40.000000298023224,30.0,41.63066804409027,28.39862823486328
stim_108_harmonic.wav,40.000000298023224,60.0,41.24817430973053,28.352290391921997
stim_108_harmonic.wav,20.000000149011612,30.0,41.78618252277374,28.649625778198242
stim_108_harmonic.wav,45.0,0.0,41.53900355100632,28.337302207946777
stim_108_harmonic.wav,0.0,30.0,40.2524471282959,28.80691409111023
stim_108_harmonic.wav,5.000000037252903,60.0,41.79437130689621,28.59474778175354
stim_108_harmonic.wav,20.000000149011612,40.000001192092896,41.00560873746872,28.58606457710266
stim_108_harmonic.wav,45.0,49.999998807907104,40.772278010845184,28.373209834098816
stim_108_harmonic.wav,10.000000074505806,0.0,41.85833662748337,28.6073899269104
stim_108_harmonic.wav,30.00000089406967,10.000000298023224,41.589235961437225,28.38914394378662
stim_108_harmonic.wav,64.9999988079071,30.0,42.00550138950348,28.230668306350708
stim_108_harmonic.wav,80.00000059604645,30.0,40.09441673755646,28.849777579307556
stim_108_harmonic.wav,60.00000178813934,0.0,41.79867625236511,28.319517374038696
stim_108_harmonic.wav,60.00000178813934,40.000001192092896,41.14909887313843,28.363214135169983
stim_108_harmonic.wav,50.00000238418579,60.0,40.8568400144577,28.379164338111877
stim_108_harmonic.wav,20.000000149011612,0.0,40.88271528482437,28.44132900238037
stim_108_harmonic.wav,80.00000059604645,10.000000298023224,40.3360515832901,28.528887033462524
stim_108_harmonic.wav,80.00000059604645,40.000001192092896,41.50028854608536,28.277124166488647
stim_108_harmonic.wav,25.000001192092896,30.0,41.5485280752182,27.362131476402283
stim_108_harmonic.wav,45.0,30.0,41.96098744869232,28.313907980918884
stim_108_harmonic.wav,64.9999988079071,0.0,41.74737364053726,28.32274854183197
stim_108_harmonic.wav,84.99999761581421,10.000000298023224,41.27176433801651,28.39076042175293
stim_108_harmonic.wav,5.000000037252903,40.000001192092896,40.439662635326385,28.677111268043518
stim_108_harmonic.wav,84.99999761581421,60.0,41.21905893087387,28.35711121559143
stim_108_harmonic.wav,35.00000059604645,10.000000298023224,41.09841048717499,28.357667326927185
stim_108_harmonic.wav,0.0,60.0,40.7428514957428,28.40649425983429
stim_108_harmonic.wav,20.000000149011612,10.000000298023224,41.239076256752014,28.35319697856903
stim_108_harmonic.wav,64.9999988079071,10.000000298023224,40.90043395757675,28.364297747612
stim_108_harmonic.wav,30.00000089406967,60.0,41.11604869365692,28.401235342025757
stim_108_harmonic.wav,50.00000238418579,30.0,41.407484114170074,28.740432858467102
stim_86_harmonic.wav,30.00000089406967,40.000001192092896,39.90213990211487,23.414161205291748
stim_86_harmonic.wav,84.99999761581421,20.000000596046448,47.32777655124664,30.74527144432068
stim_86_harmonic.wav,54.99999940395355,20.000000596046448,43.9025741815567,28.639894723892212
stim_86_harmonic.wav,0.0,60.0,24.622284471988678,27.50535786151886
stim_86_harmonic.wav,15.000000447034836,40.000001192092896,44.885627925395966,28.41334819793701
stim_86_harmonic.wav,10.000000074505806,0.0,40.392976105213165,28.566960096359253
stim_86_harmonic.wav,74.99999821186066,40.000001192092896,56.060367822647095,28.59278976917267
stim_86_harmonic.wav,15.000000447034836,30.0,40.461120307445526,28.425959944725037
stim_86_harmonic.wav,50.00000238418579,0.0,40.87900310754776,28.38699460029602
stim_86_harmonic.wav,54.99999940395355,49.999998807907104,41.732473969459534,27.646347284317017
stim_86_harmonic.wav,64.9999988079071,0.0,47.67933905124664,30.012388229370117
stim_86_harmonic.wav,15.000000447034836,20.000000596046448,41.39681160449982,28.48300337791443
stim_86_harmonic.wav,5.000000037252903,40.000001192092896,38.82141888141632,28.657225370407104
stim_86_harmonic.wav,35.00000059604645,40.000001192092896,41.4549458026886,28.361438512802124
stim_86_harmonic.wav,0.0,60.0,27.901673913002014,25.937139987945557
stim_86_harmonic.wav,15.000000447034836,60.0,41.57035052776337,28.340179324150085
stim_86_harmonic.wav,40.000000298023224,49.999998807907104,45.047571659088135,29.346953630447388
stim_86_harmonic.wav,64.9999988079071,60.0,46.77851915359497,27.150651812553406
stim_86_harmonic.wav,50.00000238418579,0.0,40.5900514125824,28.576533794403076
stim_86_harmonic.wav,5.000000037252903,30.0,37.267985343933105,28.924453854560852
stim_86_harmonic.wav,15.000000447034836,40.000001192092896,40.4246985912323,28.430745005607605
stim_86_harmonic.wav,50.00000238418579,60.0,43.35113078355789,28.63032639026642
stim_86_harmonic.wav,60.00000178813934,49.999998807907104,46.398417949676514,28.511447310447693
stim_86_harmonic.wav,40.000000298023224,60.0,43.123859167099,31.371198892593384
stim_86_harmonic.wav,10.000000074505806,40.000001192092896,26.158002018928528,31.355266571044922
stim_86_harmonic.wav,80.00000059604645,0.0,45.854310393333435,29.533690810203552
stim_86_harmonic.wav,64.9999988079071,40.000001192092896,58.762017488479614,36.38447284698486
stim_86_harmonic.wav,25.000001192092896,30.0,44.572922587394714,28.962029814720154
stim_86_harmonic.wav,0.0,10.000000298023224,42.8903004527092,27.757574915885925
stim_86_harmonic.wav,45.0,30.0,43.94949942827225,28.557845950126648
stim_86_harmonic.wav,20.000000149011612,0.0,42.96161234378815,28.06951403617859
stim_86_harmonic.wav,10.000000074505806,30.0,26.512941420078278,30.864500999450684
stim_86_harmonic.wav,0.0,0.0,22.193855345249176,28.183751106262207
stim_86_harmonic.wav,0.0,20.000000596046448,44.68168079853058,29.103198051452637
stim_86_harmonic.wav,64.9999988079071,40.000001192092896,41.89777314662933,28.70182514190674
stim_86_harmonic.wav,15.000000447034836,10.000000298023224,40.893505811691284,28.534703850746155
stim_86_harmonic.wav,80.00000059604645,10.000000298023224,54.118507504463196,24.801766276359558
stim_86_harmonic.wav,60.00000178813934,40.000001192092896,44.842409491539,27.68642485141754
stim_86_harmonic.wav,50.00000238418579,10.000000298023224,45.97952663898468,29.443747401237488
stim_86_harmonic.wav,54.99999940395355,30.0,55.47321081161499,34.06768798828125
stim_86_harmonic.wav,74.99999821186066,20.000000596046448,43.5900217294693,28.919953107833862
stim_86_harmonic.wav,74.99999821186066,10.000000298023224,45.18151581287384,28.662915229797363
stim_86_harmonic.wav,25.000001192092896,20.000000596046448,41.2700155377388,28.391261100769043
stim_86_harmonic.wav,40.000000298023224,49.999998807907104,42.18439131975174,28.49445641040802
stim_86_harmonic.wav,50.00000238418579,40.000001192092896,46.83753311634064,35.64432978630066
stim_86_harmonic.wav,64.9999988079071,20.000000596046448,58.829448223114014,31.63501739501953
stim_86_harmonic.wav,74.99999821186066,40.000001192092896,44.697285890579224,29.43272352218628
stim_86_harmonic.wav,64.9999988079071,30.0,43.786670565605164,29.01623010635376
stim_86_harmonic.wav,25.000001192092896,0.0,38.67882192134857,19.75072681903839
stim_86_harmonic.wav,40.000000298023224,20.000000596046448,52.89919674396515,37.013726234436035
stim_86_harmonic.wav,60.00000178813934,0.0,56.062577962875366,32.90336608886719
stim_86_harmonic.wav,40.000000298023224,20.000000596046448,44.687616527080536,28.3858984708786
stim_86_harmonic.wav,10.000000074505806,49.999998807907104,22.47769206762314,40.08300304412842
stim_86_harmonic.wav,5.000000037252903,49.999998807907104,22.807794213294983,24.866872429847717
stim_86_harmonic.wav,90.0,0.0,58.084588050842285,27.69840180873871
stim_86_harmonic.wav,80.00000059604645,60.0,45.53432285785675,27.42684781551361
stim_86_harmonic.wav,40.000000298023224,49.999998807907104,53.42682480812073,37.9100775718689
stim_86_harmonic.wav,80.00000059604645,10.000000298023224,43.69019687175751,28.005468249320984
stim_86_harmonic.wav,35.00000059604645,0.0,46.96649372577667,37.906858921051025
stim_86_harmonic.wav,90.0,40.000001192092896,43.66177350282669,28.843038082122803
stim_86_harmonic.wav,45.0,40.000001192092896,40.85856467485428,28.417818546295166
stim_86_harmonic.wav,20.000000149011612,10.000000298023224,28.78640055656433,35.042935609817505
stim_86_harmonic.wav,40.000000298023224,30.0,42.56754219532013,28.549121618270874
stim_86_harmonic.wav,84.99999761581421,40.000001192092896,40.935291945934296,28.39208722114563
stim_86_harmonic.wav,54.99999940395355,0.0,41.839542388916016,28.295001983642578
stim_86_harmonic.wav,25.000001192092896,49.999998807907104,42.60303050279617,28.493794798851013
stim_86_harmonic.wav,5.000000037252903,30.0,40.48082113265991,28.64976167678833
stim_86_harmonic.wav,70.0000011920929,10.000000298023224,42.00466990470886,28.359680771827698
stim_86_harmonic.wav,70.0000011920929,40.000001192092896,44.5717316865921,30.30777096748352
stim_86_harmonic.wav,35.00000059604645,0.0,41.595962941646576,28.504777550697327
stim_86_harmonic.wav,20.000000149011612,10.000000298023224,28.27342003583908,34.85012769699097
stim_86_harmonic.wav,25.000001192092896,20.000000596046448,45.85995376110077,29.89588737487793
stim_86_harmonic.wav,80.00000059604645,30.0,44.11606729030609,29.06878173351288
stim_86_harmonic.wav,10.000000074505806,30.0,36.88492566347122,28.714817762374878
stim_86_harmonic.wav,80.00000059604645,30.0,44.84511584043503,29.49067711830139
stim_86_harmonic.wav,60.00000178813934,40.000001192092896,46.715986132621765,33.48144292831421
stim_86_harmonic.wav,0.0,10.000000298023224,19.86218959093094,25.78764259815216
stim_86_harmonic.wav,10.000000074505806,40.000001192092896,40.968382358551025,28.388848900794983
stim_86_harmonic.wav,90.0,0.0,57.06005394458771,28.612675666809082
stim_86_harmonic.wav,35.00000059604645,0.0,44.4165900349617,29.456366300582886
stim_86_harmonic.wav,35.00000059604645,30.0,43.80521535873413,30.539424419403076
stim_86_harmonic.wav,20.000000149011612,30.0,40.78530550003052,28.52649450302124
stim_86_harmonic.wav,20.000000149011612,0.0,41.215239465236664,28.35590422153473
stim_86_harmonic.wav,0.0,30.0,39.439077973365784,28.521029949188232
stim_86_harmonic.wav,25.000001192092896,49.999998807907104,43.89812171459198,27.928646206855774
stim_86_harmonic.wav,60.00000178813934,30.0,54.210158586502075,29.772589802742004
stim_86_harmonic.wav,80.00000059604645,49.999998807907104,58.360533714294434,28.614068627357483
stim_86_harmonic.wav,15.000000447034836,10.000000298023224,41.75439029932022,28.319504857063293
stim_86_harmonic.wav,20.000000149011612,20.000000596046448,32.47008204460144,33.27343940734863
stim_86_harmonic.wav,74.99999821186066,30.0,43.247935473918915,29.06090497970581
stim_86_harmonic.wav,10.000000074505806,20.000000596046448,24.42061722278595,32.409478425979614
stim_86_harmonic.wav,35.00000059604645,0.0,48.49348068237305,35.8722460269928
stim_86_harmonic.wav,50.00000238418579,40.000001192092896,45.472299456596375,27.09615468978882
stim_86_harmonic.wav,84.99999761581421,30.0,46.97697043418884,29.961665868759155
stim_86_harmonic.wav,50.00000238418579,40.000001192092896,45.62493860721588,28.207291960716248
stim_86_harmonic.wav,0.0,30.0,39.08068120479584,29.540988206863403
stim_86_harmonic.wav,10.000000074505806,30.0,40.08908987045288,28.513383865356445
stim_86_harmonic.wav,20.000000149011612,0.0,43.94422084093094,28.14185321331024
stim_86_harmonic.wav,25.000001192092896,30.0,42.08351880311966,28.290889263153076
stim_86_harmonic.wav,70.0000011920929,10.000000298023224,56.40710234642029,30.228291749954224
stim_86_harmonic.wav,74.99999821186066,49.999998807907104,39.716324508190155,28.510499596595764
stim_86_harmonic.wav,80.00000059604645,10.000000298023224,45.70785641670227,27.330443859100342
stim_86_harmonic.wav,40.000000298023224,49.999998807907104,50.65362989902496,36.4290976524353
stim_86_harmonic.wav,10.000000074505806,20.000000596046448,43.44047248363495,29.233619570732117
stim_86_harmonic.wav,54.99999940395355,0.0,52.04623281955719,26.48112952709198
stim_86_harmonic.wav,45.0,0.0,41.181381940841675,28.401871919631958
stim_86_harmonic.wav,10.000000074505806,20.000000596046448,21.90264254808426,31.313942670822144
stim_86_harmonic.wav,64.9999988079071,40.000001192092896,46.204102635383606,30.37786602973938
stim_86_harmonic.wav,10.000000074505806,0.0,41.093496680259705,28.373318910598755
stim_86_harmonic.wav,90.0,10.000000298023224,40.71075350046158,28.41869831085205
stim_86_harmonic.wav,74.99999821186066,10.000000298023224,45.942935943603516,29.443109035491943
stim_86_harmonic.wav,80.00000059604645,49.999998807907104,58.488614559173584,26.265310049057007
stim_86_harmonic.wav,70.0000011920929,40.000001192092896,43.47563087940216,29.056473970413208
stim_86_harmonic.wav,50.00000238418579,60.0,52.26402819156647,30.134589672088623
stim_86_harmonic.wav,40.000000298023224,10.000000298023224,36.01114511489868,16.99638605117798
stim_86_harmonic.wav,25.000001192092896,40.000001192092896,31.30327820777893,31.81096315383911
stim_86_harmonic.wav,74.99999821186066,49.999998807907104,57.87497341632843,33.77887845039368
stim_86_harmonic.wav,45.0,49.999998807907104,45.09389340877533,35.91092348098755
stim_86_harmonic.wav,30.00000089406967,0.0,37.136264741420746,16.919009685516357
stim_86_harmonic.wav,30.00000089406967,60.0,40.54926037788391,29.412426352500916
stim_86_harmonic.wav,60.00000178813934,10.000000298023224,45.771692991256714,27.079712748527527
stim_86_harmonic.wav,45.0,60.0,42.96847343444824,28.490148782730103
stim_86_harmonic.wav,35.00000059604645,40.000001192092896,43.508756160736084,28.795140981674194
stim_94_harmonic.wav,0.0,40.000001192092896,39.66792672872543,28.739404678344727
stim_94_harmonic.wav,45.0,30.0,41.23360186815262,28.35458993911743
stim_94_harmonic.wav,0.0,20.000000596046448,41.092828810214996,28.383319973945618
stim_94_harmonic.wav,40.000000298023224,40.000001192092896,41.05890691280365,25.054399967193604
stim_94_harmonic.wav,74.99999821186066,30.0,41.08616888523102,28.19120228290558
stim_94_harmonic.wav,80.00000059604645,0.0,42.853819727897644,28.491631150245667
stim_94_harmonic.wav,5.000000037252903,40.000001192092896,41.624710857868195,28.326265811920166
stim_94_harmonic.wav,40.000000298023224,20.000000596046448,43.9818200469017,30.13166069984436
stim_94_harmonic.wav,80.00000059604645,0.0,41.481494307518005,28.386338353157043
stim_94_harmonic.wav,80.00000059604645,20.000000596046448,40.61875104904175,28.452576398849487
stim_94_harmonic.wav,45.0,49.999998807907104,42.20617085695267,28.486855030059814
stim_94_harmonic.wav,45.0,60.0,41.59693390130997,28.333332538604736
stim_94_harmonic.wav,15.000000447034836,10.000000298023224,26.92999005317688,24.156537652015686
stim_94_harmonic.wav,25.000001192092896,20.000000596046448,39.629584550857544,26.57955050468445
stim_94_harmonic.wav,64.9999988079071,20.000000596046448,41.716713309288025,28.322349786758423
stim_94_harmonic.wav,74.99999821186066,0.0,41.58756226301193,27.614400386810303
stim_94_harmonic.wav,0.0,49.999998807907104,25.29690831899643,28.235884308815002
stim_94_harmonic.wav,54.99999940395355,40.000001192092896,41.51431918144226,28.334149718284607
stim_94_harmonic.wav,60.00000178813934,40.000001192092896,45.570436120033264,28.55197548866272
stim_94_harmonic.wav,50.00000238418579,0.0,42.57811278104782,25.62346637248993
stim_94_harmonic.wav,5.000000037252903,10.000000298023224,41.05961233377457,28.38330388069153
stim_94_harmonic.wav,50.00000238418579,49.999998807907104,45.06937801837921,30.36313533782959
stim_94_harmonic.wav,5.000000037252903,49.999998807907104,41.07809275388718,28.567349910736084
stim_94_harmonic.wav,25.000001192092896,30.0,35.365135073661804,24.17183518409729
stim_94_harmonic.wav,74.99999821186066,49.999998807907104,44.03247892856598,28.255149722099304
stim_94_harmonic.wav,45.0,60.0,41.293077170848846,28.357166647911072
stim_94_harmonic.wav,80.00000059604645,10.000000298023224,41.81546688079834,23.528267741203308
stim_94_harmonic.wav,50.00000238418579,10.000000298023224,40.77177107334137,28.442975878715515
stim_94_harmonic.wav,0.0,49.999998807907104,41.64411932229996,28.37751567363739
stim_94_harmonic.wav,5.000000037252903,30.0,34.22736346721649,26.97287678718567
stim_94_harmonic.wav,80.00000059604645,30.0,42.02154368162155,28.311815857887268
stim_94_harmonic.wav,70.0000011920929,30.0,41.54661297798157,28.35591495037079
stim_94_harmonic.wav,25.000001192092896,0.0,47.540701031684875,24.432445764541626
stim_94_harmonic.wav,15.000000447034836,20.000000596046448,41.6529706120491,28.09597134590149
stim_94_harmonic.wav,30.00000089406967,60.0,37.03431934118271,23.36616039276123
stim_94_harmonic.wav,74.99999821186066,49.999998807907104,41.23667299747467,28.30005168914795
stim_94_harmonic.wav,5.000000037252903,40.000001192092896,39.29924637079239,28.534154891967773
stim_94_harmonic.wav,40.000000298023224,0.0,36.112183928489685,20.540428161621094
stim_94_harmonic.wav,74.99999821186066,0.0,44.39304560422897,25.630584955215454
stim_94_harmonic.wav,54.99999940395355,0.0,42.507482171058655,27.93290376663208
stim_94_harmonic.wav,50.00000238418579,0.0,41.254262924194336,26.79620325565338
stim_94_harmonic.wav,40.000000298023224,0.0,41.49801403284073,29.119774103164673
stim_94_harmonic.wav,84.99999761581421,49.999998807907104,41.18413120508194,28.37435781955719
stim_94_harmonic.wav,40.000000298023224,30.0,41.30438268184662,28.497177958488464
stim_94_harmonic.wav,15.000000447034836,20.000000596046448,40.48090159893036,28.396321535110474
stim_94_harmonic.wav,30.00000089406967,10.000000298023224,38.37018013000488,22.509702444076538
stim_94_harmonic.wav,25.000001192092896,40.000001192092896,42.22130924463272,28.287221789360046
stim_94_harmonic.wav,80.00000059604645,30.0,58.57032537460327,30.147593021392822
stim_94_harmonic.wav,70.0000011920929,49.999998807907104,41.41102999448776,28.357656598091125
stim_94_harmonic.wav,35.00000059604645,49.999998807907104,38.026294112205505,26.08867049217224
stim_94_harmonic.wav,45.0,30.0,40.53885877132416,28.418004512786865
stim_94_harmonic.wav,50.00000238418579,30.0,33.937368392944336,27.91444480419159
stim_94_harmonic.wav,0.0,10.000000298023224,41.092219948768616,28.38744342327118
stim_94_harmonic.wav,25.000001192092896,60.0,41.6702064871788,28.329960107803345
stim_94_harmonic.wav,30.00000089406967,60.0,37.11337208747864,21.975377798080444
stim_94_harmonic.wav,25.000001192092896,49.999998807907104,40.71931779384613,28.42424511909485
stim_94_harmonic.wav,20.000000149011612,30.0,29.4618558883667,27.408442497253418
stim_94_harmonic.wav,15.000000447034836,60.0,40.104810297489166,28.469324111938477
stim_94_harmonic.wav,64.9999988079071,10.000000298023224,41.198974549770355,28.479816913604736
stim_94_harmonic.wav,0.0,0.0,41.16504728794098,28.506678342819214
stim_94_harmonic.wav,45.0,0.0,40.84664762020111,26.67693793773651
stim_94_harmonic.wav,10.000000074505806,20.000000596046448,41.27709120512009,28.38467538356781
stim_94_harmonic.wav,10.000000074505806,30.0,39.04108375310898,28.539878726005554
stim_94_harmonic.wav,45.0,20.000000596046448,41.93996965885162,28.45842182636261
stim_94_harmonic.wav,30.00000089406967,20.000000596046448,41.61515414714813,28.325858116149902
stim_94_harmonic.wav,15.000000447034836,30.0,40.73854923248291,28.420071601867676
stim_94_harmonic.wav,90.0,60.0,41.017480194568634,28.451895117759705
stim_94_harmonic.wav,45.0,30.0,41.46560490131378,28.343347907066345
stim_94_harmonic.wav,35.00000059604645,40.000001192092896,41.01477921009064,28.38009238243103
stim_94_harmonic.wav,20.000000149011612,0.0,32.026503682136536,27.095993757247925
stim_94_harmonic.wav,64.9999988079071,49.999998807907104,41.424446403980255,28.3461195230484
stim_94_harmonic.wav,74.99999821186066,40.000001192092896,50.2781742811203,24.12866771221161
stim_94_harmonic.wav,60.00000178813934,20.000000596046448,53.826667070388794,26.063613295555115
stim_94_harmonic.wav,40.000000298023224,40.000001192092896,41.197960674762726,23.403802514076233
stim_94_harmonic.wav,70.0000011920929,10.000000298023224,40.65917730331421,27.32658863067627
stim_94_harmonic.wav,50.00000238418579,40.000001192092896,41.790498197078705,28.198206424713135
stim_94_harmonic.wav,70.0000011920929,49.999998807907104,41.45760118961334,28.542986512184143
stim_94_harmonic.wav,50.00000238418579,0.0,40.55736064910889,28.427810668945312
stim_94_harmonic.wav,74.99999821186066,49.999998807907104,54.565229415893555,32.387967109680176
stim_94_harmonic.wav,90.0,0.0,50.229851603507996,30.364887714385986
stim_94_harmonic.wav,30.00000089406967,20.000000596046448,35.68339794874191,26.853638291358948
stim_94_harmonic.wav,90.0,60.0,41.01779669523239,28.544232845306396
stim_94_harmonic.wav,64.9999988079071,10.000000298023224,41.338326036930084,28.357881903648376
stim_94_harmonic.wav,25.000001192092896,60.0,42.01757937669754,28.3119535446167
stim_94_harmonic.wav,15.000000447034836,20.000000596046448,41.015868186950684,28.370060920715332
stim_94_harmonic.wav,74.99999821186066,20.000000596046448,47.26035118103027,30.586405992507935
stim_94_harmonic.wav,74.99999821186066,30.0,41.63415491580963,28.326321244239807
stim_94_harmonic.wav,64.9999988079071,60.0,42.25870192050934,28.45867395401001
stim_94_harmonic.wav,64.9999988079071,40.000001192092896,48.694024085998535,30.187829732894897
stim_94_harmonic.wav,80.00000059604645,30.0,41.657133400440216,28.326135277748108
stim_94_harmonic.wav,15.000000447034836,49.999998807907104,40.21846890449524,28.472591042518616
stim_94_harmonic.wav,10.000000074505806,30.0,40.18418222665787,28.439621329307556
stim_94_harmonic.wav,35.00000059604645,49.999998807907104,41.19906306266785,28.357728123664856
stim_94_harmonic.wav,84.99999761581421,40.000001192092896,41.63313299417496,28.32523763179779
stim_94_harmonic.wav,64.9999988079071,30.0,43.13115209341049,22.97775149345398
stim_94_harmonic.wav,90.0,0.0,38.71921867132187,28.55805516242981
stim_94_harmonic.wav,64.9999988079071,30.0,41.62194550037384,28.330070972442627
stim_94_harmonic.wav,50.00000238418579,20.000000596046448,42.16772675514221,26.655977368354797
stim_94_harmonic.wav,40.000000298023224,30.0,41.310240626335144,28.349373936653137
stim_94_harmonic.wav,45.0,20.000000596046448,41.08766287565231,28.37668776512146
stim_94_harmonic.wav,0.0,40.000001192092896,29.95986431837082,29.16677176952362
stim_94_harmonic.wav,70.0000011920929,10.000000298023224,42.45706468820572,28.117200136184692
stim_94_harmonic.wav,84.99999761581421,40.000001192092896,42.305747866630554,28.42347264289856
stim_94_harmonic.wav,45.0,49.999998807907104,41.201101541519165,28.36697280406952
stim_94_harmonic.wav,20.000000149011612,60.0,33.8520473241806,26.354940533638
stim_94_harmonic.wav,25.000001192092896,20.000000596046448,41.082494258880615,28.34501624107361
stim_94_harmonic.wav,30.00000089406967,20.000000596046448,41.70507788658142,28.323073983192444
stim_94_harmonic.wav,60.00000178813934,60.0,53.97176384925842,31.586211919784546
stim_94_harmonic.wav,50.00000238418579,20.000000596046448,41.37819975614548,27.971929907798767
stim_94_harmonic.wav,5.000000037252903,30.0,40.379117131233215,28.573265075683594
stim_94_harmonic.wav,50.00000238418579,10.000000298023224,44.23445999622345,23.09006631374359
stim_94_harmonic.wav,50.00000238418579,0.0,42.700389325618744,23.413166999816895
stim_94_harmonic.wav,64.9999988079071,0.0,41.06377512216568,28.37663233280182
stim_94_harmonic.wav,80.00000059604645,60.0,41.02469801902771,28.45592200756073
stim_94_harmonic.wav,5.000000037252903,20.000000596046448,41.264777183532715,28.65473449230194
stim_94_harmonic.wav,20.000000149011612,10.000000298023224,41.01216942071915,28.369179368019104
stim_94_harmonic.wav,25.000001192092896,10.000000298023224,44.351189732551575,25.648414492607117
stim_94_harmonic.wav,0.0,49.999998807907104,38.53422939777374,31.234334707260132
stim_94_harmonic.wav,80.00000059604645,20.000000596046448,41.447921097278595,28.841536045074463
stim_94_harmonic.wav,70.0000011920929,0.0,40.52425682544708,28.426533937454224
stim_94_harmonic.wav,54.99999940395355,40.000001192092896,38.890233635902405,30.03750443458557
stim_94_harmonic.wav,0.0,20.000000596046448,29.546919465065002,28.90277087688446
stim_103_harmonic.wav,60.00000178813934,40.000001192092896,41.64674788713455,28.4011048078537
stim_103_harmonic.wav,84.99999761581421,30.0,41.603741347789764,28.950551748275757
stim_103_harmonic.wav,74.99999821186066,49.999998807907104,41.83160841464996,28.322916626930237
stim_103_harmonic.wav,30.00000089406967,49.999998807907104,41.360523998737335,28.3513605594635
stim_103_harmonic.wav,45.0,10.000000298023224,41.75842434167862,28.32540214061737
stim_103_harmonic.wav,60.00000178813934,49.999998807907104,51.57061278820038,34.544230699539185
stim_103_harmonic.wav,10.000000074505806,10.000000298023224,41.78118824958801,28.325806260108948
stim_103_harmonic.wav,30.00000089406967,40.000001192092896,41.45764410495758,28.496063947677612
stim_103_harmonic.wav,45.0,20.000000596046448,42.148677706718445,29.13000762462616
stim_103_harmonic.wav,70.0000011920929,49.999998807907104,41.97330415248871,28.313482403755188
stim_103_harmonic.wav,15.000000447034836,30.0,38.88078689575195,27.796613574028015
stim_103_harmonic.wav,35.00000059604645,60.0,47.85773277282715,31.027482748031616
stim_103_harmonic.wav,64.9999988079071,10.000000298023224,41.82575851678848,28.321993947029114
stim_103_harmonic.wav,80.00000059604645,30.0,47.89213478565216,29.659513235092163
stim_103_harmonic.wav,74.99999821186066,0.0,41.950320303440094,28.314276337623596
stim_103_harmonic.wav,5.000000037252903,40.000001192092896,38.838327527046204,32.92577505111694
stim_103_harmonic.wav,54.99999940395355,30.0,40.79385906457901,28.734372854232788
stim_103_harmonic.wav,54.99999940395355,60.0,48.407875299453735,32.21953511238098
stim_103_harmonic.wav,20.000000149011612,40.000001192092896,40.98395794630051,28.456115126609802
stim_103_harmonic.wav,20.000000149011612,20.000000596046448,41.72044426202774,28.32766592502594
stim_103_harmonic.wav,60.00000178813934,49.999998807907104,41.93786948919296,28.3164381980896
stim_103_harmonic.wav,80.00000059604645,20.000000596046448,41.94623798131943,28.27213704586029
stim_103_harmonic.wav,25.000001192092896,20.000000596046448,41.85822665691376,28.43313753604889
stim_103_harmonic.wav,10.000000074505806,20.000000596046448,35.373232662677765,29.64138150215149
stim_103_harmonic.wav,0.0,40.000001192092896,41.53338968753815,28.338371515274048
stim_103_harmonic.wav,50.00000238418579,30.0,42.02154368162155,28.311815857887268
stim_103_harmonic.wav,74.99999821186066,49.999998807907104,41.459559202194214,28.344728350639343
stim_103_harmonic.wav,10.000000074505806,0.0,36.59478843212128,29.05723750591278
stim_103_harmonic.wav,15.000000447034836,0.0,41.575355529785156,28.39881956577301
stim_103_harmonic.wav,10.000000074505806,0.0,41.153001487255096,28.640196919441223
stim_103_harmonic.wav,10.000000074505806,60.0,37.267655432224274,28.818992972373962
stim_103_harmonic.wav,50.00000238418579,20.000000596046448,41.94928228855133,28.31431210041046
stim_103_harmonic.wav,5.000000037252903,40.000001192092896,41.84177666902542,28.322526812553406
stim_103_harmonic.wav,35.00000059604645,40.000001192092896,41.73678159713745,28.326727151870728
stim_103_harmonic.wav,80.00000059604645,0.0,46.4059442281723,29.051340222358704
stim_103_harmonic.wav,84.99999761581421,49.999998807907104,40.956062972545624,28.43515455722809
stim_103_harmonic.wav,90.0,0.0,41.75295531749725,28.325284123420715
stim_103_harmonic.wav,45.0,30.0,41.51826202869415,28.33917796611786
stim_103_harmonic.wav,40.000000298023224,60.0,42.02154368162155,28.311815857887268
stim_103_harmonic.wav,40.000000298023224,0.0,41.328096091747284,28.72450053691864
stim_103_harmonic.wav,84.99999761581421,10.000000298023224,46.18583679199219,29.248042702674866
stim_103_harmonic.wav,74.99999821186066,30.0,41.962776482105255,28.313847184181213
stim_103_harmonic.wav,15.000000447034836,49.999998807907104,40.96607029438019,28.236077427864075
stim_103_harmonic.wav,60.00000178813934,40.000001192092896,41.45162254571915,28.345452547073364
stim_103_harmonic.wav,30.00000089406967,60.0,41.84605211019516,28.32194745540619
stim_103_harmonic.wav,0.0,20.000000596046448,41.85763120651245,28.31748068332672
stim_103_harmonic.wav,60.00000178813934,10.000000298023224,42.1023827791214,27.824814319610596
stim_103_harmonic.wav,60.00000178813934,49.999998807907104,41.3399675488472,28.350432515144348
stim_103_harmonic.wav,5.000000037252903,60.0,41.748899817466736,28.326582312583923
stim_103_harmonic.wav,84.99999761581421,30.0,42.40681618452072,28.40365469455719
stim_103_harmonic.wav,45.0,0.0,41.7327019572258,28.325684666633606
stim_103_harmonic.wav,64.9999988079071,10.000000298023224,41.88763439655304,28.317680954933167
stim_103_harmonic.wav,80.00000059604645,0.0,41.78852140903473,28.325536251068115
stim_103_harmonic.wav,64.9999988079071,10.000000298023224,43.637550473213196,27.918811440467834
stim_103_harmonic.wav,54.99999940395355,40.000001192092896,51.73680782318115,32.769588232040405
stim_103_harmonic.wav,25.000001192092896,30.0,41.830342411994934,28.320313096046448
stim_103_harmonic.wav,25.000001192092896,40.000001192092896,41.9598314166069,28.31394910812378
stim_103_harmonic.wav,5.000000037252903,30.0,41.89690947532654,28.317323327064514
stim_103_harmonic.wav,54.99999940395355,20.000000596046448,41.68704271316528,28.331973552703857
stim_103_harmonic.wav,90.0,40.000001192092896,52.29919731616974,35.01627445220947
stim_103_harmonic.wav,40.000000298023224,20.000000596046448,41.9652333855629,28.314660787582397
stim_103_harmonic.wav,0.0,60.0,41.98308348655701,28.31314444541931
stim_103_harmonic.wav,10.000000074505806,40.000001192092896,37.06229209899902,28.72982382774353
stim_103_harmonic.wav,50.00000238418579,10.000000298023224,39.73644644021988,28.451528549194336
stim_103_harmonic.wav,45.0,40.000001192092896,52.895264625549316,33.87453317642212
stim_103_harmonic.wav,25.000001192092896,0.0,41.96959465742111,28.313611149787903
stim_103_harmonic.wav,30.00000089406967,10.000000298023224,41.90757930278778,28.31575334072113
stim_103_harmonic.wav,70.0000011920929,40.000001192092896,45.98507344722748,29.21303629875183
stim_103_harmonic.wav,0.0,20.000000596046448,46.148210763931274,29.54600751399994
stim_103_harmonic.wav,50.00000238418579,49.999998807907104,41.505494713783264,28.340715765953064
stim_103_harmonic.wav,30.00000089406967,49.999998807907104,41.56789630651474,28.339131474494934
stim_103_harmonic.wav,80.00000059604645,60.0,41.94684952497482,28.314396142959595
stim_103_harmonic.wav,84.99999761581421,20.000000596046448,41.60825818777084,28.33424985408783
stim_103_harmonic.wav,15.000000447034836,40.000001192092896,41.81730955839157,28.325098156929016
stim_103_harmonic.wav,50.00000238418579,10.000000298023224,40.283128917217255,27.827939987182617
stim_103_harmonic.wav,10.000000074505806,0.0,36.16532921791077,28.85197877883911
stim_103_harmonic.wav,40.000000298023224,10.000000298023224,41.835561990737915,28.3207368850708
stim_103_harmonic.wav,50.00000238418579,49.999998807907104,43.520319163799286,28.856576085090637
stim_103_harmonic.wav,70.0000011920929,40.000001192092896,41.96046710014343,28.313925862312317
stim_103_harmonic.wav,5.000000037252903,49.999998807907104,41.670547127723694,28.333439826965332
stim_103_harmonic.wav,45.0,60.0,40.25008410215378,28.467455506324768
stim_103_harmonic.wav,40.000000298023224,0.0,41.914483308792114,28.315515518188477
stim_103_harmonic.wav,74.99999821186066,40.000001192092896,41.27355068922043,28.397746682167053
stim_103_harmonic.wav,64.9999988079071,20.000000596046448,41.95875585079193,28.314090371131897
stim_103_harmonic.wav,15.000000447034836,40.000001192092896,37.237646877765656,28.895108699798584
stim_103_harmonic.wav,50.00000238418579,10.000000298023224,41.720699071884155,28.325112462043762
stim_103_harmonic.wav,60.00000178813934,20.000000596046448,41.331692934036255,28.33565354347229
stim_103_harmonic.wav,84.99999761581421,20.000000596046448,41.89502656459808,28.31689417362213
stim_103_harmonic.wav,40.000000298023224,49.999998807907104,41.6951510310173,28.333067893981934
stim_103_harmonic.wav,64.9999988079071,49.999998807907104,41.85222655534744,28.3239483833313
stim_103_harmonic.wav,60.00000178813934,60.0,43.833056688308716,27.587175965309143
stim_103_harmonic.wav,50.00000238418579,49.999998807907104,42.19741612672806,28.3915114402771
stim_103_harmonic.wav,35.00000059604645,40.000001192092896,41.579411029815674,28.337618708610535
stim_103_harmonic.wav,70.0000011920929,30.0,41.97174847126007,28.313536047935486
stim_103_harmonic.wav,60.00000178813934,40.000001192092896,41.8337407708168,28.35979163646698
stim_103_harmonic.wav,30.00000089406967,30.0,47.68941879272461,31.168363094329834
stim_103_harmonic.wav,35.00000059604645,49.999998807907104,41.710951924324036,28.330918550491333
stim_103_harmonic.wav,80.00000059604645,40.000001192092896,46.182135343551636,27.689276933670044
stim_103_harmonic.wav,5.000000037252903,10.000000298023224,41.6572031378746,30.067269802093506
stim_103_harmonic.wav,5.000000037252903,0.0,41.53570979833603,28.340865969657898
stim_103_harmonic.wav,54.99999940395355,49.999998807907104,48.20633947849274,29.998222589492798
stim_103_harmonic.wav,40.000000298023224,49.999998807907104,41.89653933048248,28.318353295326233
stim_103_harmonic.wav,15.000000447034836,20.000000596046448,41.66500836610794,28.355741500854492
stim_103_harmonic.wav,5.000000037252903,0.0,40.24641752243042,28.87130320072174
stim_103_harmonic.wav,25.000001192092896,49.999998807907104,42.02154368162155,28.311815857887268
stim_103_harmonic.wav,30.00000089406967,20.000000596046448,44.72553223371506,30.068399906158447
stim_103_harmonic.wav,54.99999940395355,60.0,43.973899483680725,29.041800498962402
stim_103_harmonic.wav,90.0,49.999998807907104,39.82737064361572,28.619989156723022
stim_103_harmonic.wav,20.000000149011612,20.000000596046448,41.42705887556076,28.346945643424988
stim_103_harmonic.wav,35.00000059604645,0.0,47.323495745658875,30.324336290359497
stim_103_harmonic.wav,35.00000059604645,49.999998807907104,40.86621701717377,28.395314812660217
stim_103_harmonic.wav,15.000000447034836,60.0,41.06907516717911,28.367271423339844
stim_103_harmonic.wav,70.0000011920929,40.000001192092896,41.9077268242836,28.31768810749054
stim_103_harmonic.wav,0.0,0.0,40.847033858299255,28.382933735847473
stim_103_harmonic.wav,74.99999821186066,10.000000298023224,42.91080325841904,27.151513695716858
stim_103_harmonic.wav,70.0000011920929,0.0,48.915751576423645,28.940277099609375
stim_103_harmonic.wav,64.9999988079071,20.000000596046448,41.972107887268066,28.313523530960083
stim_103_harmonic.wav,60.00000178813934,40.000001192092896,41.91977798938751,28.315333127975464
stim_103_harmonic.wav,35.00000059604645,20.000000596046448,42.02253609895706,28.31226646900177
stim_103_harmonic.wav,10.000000074505806,49.999998807907104,41.05323404073715,28.36494505405426
stim_74_harmonic.wav,5.000000037252903,40.000001192092896,40.280240178108215,34.97514009475708
stim_74_harmonic.wav,5.000000037252903,49.999998807907104,14.265103340148926,25.245991945266724
stim_74_harmonic.wav,70.0000011920929,20.000000596046448,41.63635432720184,32.48331069946289
stim_74_harmonic.wav,45.0,0.0,44.851786494255066,29.044291377067566
stim_74_harmonic.wav,0.0,49.999998807907104,27.568291425704956,31.22909188270569
stim_74_harmonic.wav,10.000000074505806,49.999998807907104,36.07305854558945,29.370140433311462
stim_74_harmonic.wav,80.00000059604645,60.0,39.87294673919678,28.691877722740173
stim_74_harmonic.wav,60.00000178813934,30.0,61.11545205116272,27.589677572250366
stim_74_harmonic.wav,54.99999940395355,30.0,50.17376661300659,36.975910663604736
stim_74_harmonic.wav,54.99999940395355,0.0,44.8082971572876,29.21971321105957
stim_74_harmonic.wav,64.9999988079071,40.000001192092896,41.26367211341858,28.848956823349
stim_74_harmonic.wav,54.99999940395355,40.000001192092896,46.950663328170776,34.16069269180298
stim_74_harmonic.wav,60.00000178813934,60.0,46.69471621513367,27.140023112297058
stim_74_harmonic.wav,90.0,49.999998807907104,40.99090486764908,28.99586319923401
stim_74_harmonic.wav,15.000000447034836,49.999998807907104,15.293376445770264,27.53515899181366
stim_74_harmonic.wav,10.000000074505806,20.000000596046448,30.71752667427063,29.55815076828003
stim_74_harmonic.wav,25.000001192092896,0.0,37.81380146741867,27.18017578125
stim_74_harmonic.wav,5.000000037252903,0.0,37.15816229581833,30.6593656539917
stim_74_harmonic.wav,84.99999761581421,60.0,69.54050660133362,37.585344314575195
stim_74_harmonic.wav,84.99999761581421,20.000000596046448,66.83607280254364,36.1631441116333
stim_74_harmonic.wav,50.00000238418579,10.000000298023224,37.80905395746231,28.623318672180176
stim_74_harmonic.wav,30.00000089406967,0.0,45.84665536880493,28.76357853412628
stim_74_harmonic.wav,54.99999940395355,40.000001192092896,46.52094125747681,30.637224912643433
stim_74_harmonic.wav,10.000000074505806,40.000001192092896,33.55017006397247,28.911867141723633
stim_74_harmonic.wav,20.000000149011612,49.999998807907104,13.631388545036316,19.68750536441803
stim_74_harmonic.wav,35.00000059604645,49.999998807907104,31.538309454917908,32.5423800945282
stim_74_harmonic.wav,25.000001192092896,49.999998807907104,33.9974981546402,28.653534650802612
stim_74_harmonic.wav,10.000000074505806,60.0,38.893841207027435,29.298242926597595
stim_74_harmonic.wav,70.0000011920929,20.000000596046448,45.24969756603241,29.821876287460327
stim_74_harmonic.wav,74.99999821186066,40.000001192092896,64.01301562786102,34.29980278015137
stim_74_harmonic.wav,90.0,10.000000298023224,43.33038121461868,29.72594439983368
stim_74_harmonic.wav,0.0,40.000001192092896,29.74552094936371,30.048065185546875
stim_74_harmonic.wav,84.99999761581421,49.999998807907104,65.82316875457764,41.44599437713623
stim_74_harmonic.wav,0.0,40.000001192092896,6.656698286533356,30.708518028259277
stim_74_harmonic.wav,80.00000059604645,60.0,65.70995271205902,36.496567726135254
stim_74_harmonic.wav,35.00000059604645,0.0,32.90404200553894,28.16470205783844
stim_74_harmonic.wav,30.00000089406967,30.0,42.814348340034485,25.568042993545532
stim_74_harmonic.wav,35.00000059604645,10.000000298023224,34.879998564720154,19.414345622062683
stim_74_harmonic.wav,25.000001192092896,60.0,25.31997263431549,38.61778020858765
stim_74_harmonic.wav,35.00000059604645,20.000000596046448,39.87409472465515,28.44792366027832
stim_74_harmonic.wav,80.00000059604645,10.000000298023224,36.276474595069885,29.686388969421387
stim_74_harmonic.wav,5.000000037252903,49.999998807907104,36.94993704557419,28.280142545700073
stim_74_harmonic.wav,90.0,30.0,41.193486750125885,29.26243543624878
stim_74_harmonic.wav,5.000000037252903,30.0,9.030906558036804,40.30273675918579
stim_74_harmonic.wav,84.99999761581421,60.0,58.71350169181824,33.479039669036865
stim_74_harmonic.wav,45.0,60.0,42.72327125072479,34.59453105926514
stim_74_harmonic.wav,10.000000074505806,0.0,36.94174826145172,29.736977219581604
stim_74_harmonic.wav,50.00000238418579,20.000000596046448,47.6927125453949,24.656619429588318
stim_74_harmonic.wav,54.99999940395355,30.0,51.57850921154022,32.00781583786011
stim_74_harmonic.wav,54.99999940395355,49.999998807907104,48.42290639877319,40.57793140411377
stim_74_harmonic.wav,20.000000149011612,60.0,21.61913573741913,32.34884977340698
stim_74_harmonic.wav,15.000000447034836,40.000001192092896,34.674691557884216,26.33938193321228
stim_74_harmonic.wav,40.000000298023224,0.0,42.302140295505524,31.401411294937134
stim_74_harmonic.wav,54.99999940395355,10.000000298023224,41.53905987739563,28.38335394859314
stim_74_harmonic.wav,74.99999821186066,60.0,39.00637060403824,28.724235892295837
stim_74_harmonic.wav,80.00000059604645,60.0,65.31134963035583,28.621028065681458
stim_74_harmonic.wav,74.99999821186066,40.000001192092896,41.09966844320297,28.016937375068665
stim_74_harmonic.wav,35.00000059604645,30.0,38.30853223800659,31.898850202560425
stim_74_harmonic.wav,5.000000037252903,40.000001192092896,27.7853786945343,25.847473740577698
stim_74_harmonic.wav,35.00000059604645,49.999998807907104,45.735440254211426,32.273350954055786
stim_74_harmonic.wav,30.00000089406967,60.0,40.44857293367386,33.473453521728516
stim_74_harmonic.wav,45.0,60.0,41.89656347036362,28.404083847999573
stim_74_harmonic.wav,84.99999761581421,10.000000298023224,62.61885166168213,17.17189908027649
stim_74_harmonic.wav,80.00000059604645,20.000000596046448,42.74085581302643,28.5278981924057
stim_74_harmonic.wav,0.0,60.0,27.485494315624237,34.73458528518677
stim_74_harmonic.wav,20.000000149011612,60.0,36.707940101623535,30.111894607543945
stim_74_harmonic.wav,84.99999761581421,49.999998807907104,67.99716353416443,36.48884296417236
stim_74_harmonic.wav,20.000000149011612,20.000000596046448,41.781759560108185,27.98245131969452
stim_74_harmonic.wav,20.000000149011612,30.0,17.16230481863022,17.418238520622253
stim_74_harmonic.wav,70.0000011920929,0.0,60.528584718704224,25.57455539703369
stim_74_harmonic.wav,50.00000238418579,10.000000298023224,40.21647334098816,31.080797910690308
stim_74_harmonic.wav,15.000000447034836,0.0,29.987735152244568,28.275811672210693
stim_74_harmonic.wav,60.00000178813934,30.0,62.77988076210022,29.75253939628601
stim_74_harmonic.wav,74.99999821186066,40.000001192092896,42.079860270023346,28.862621784210205
stim_74_harmonic.wav,15.000000447034836,40.000001192092896,17.51010686159134,33.15733194351196
stim_74_harmonic.wav,0.0,20.000000596046448,38.8614347577095,29.30938482284546
stim_74_harmonic.wav,74.99999821186066,49.999998807907104,39.95897859334946,29.028913378715515
stim_74_harmonic.wav,60.00000178813934,0.0,39.60863649845123,29.043724536895752
stim_74_harmonic.wav,0.0,10.000000298023224,9.790494740009308,27.296646237373352
stim_74_harmonic.wav,45.0,40.000001192092896,44.16636943817139,30.07528781890869
stim_74_harmonic.wav,60.00000178813934,60.0,41.643185913562775,26.275776028633118
stim_74_harmonic.wav,90.0,0.0,36.13746643066406,23.47804069519043
stim_74_harmonic.wav,64.9999988079071,49.999998807907104,58.94116759300232,40.93206167221069
stim_74_harmonic.wav,10.000000074505806,40.000001192092896,14.982562065124512,34.76544141769409
stim_74_harmonic.wav,25.000001192092896,49.999998807907104,36.318204402923584,28.85380983352661
stim_74_harmonic.wav,5.000000037252903,30.0,6.879868805408478,19.58372175693512
stim_74_harmonic.wav,0.0,10.000000298023224,16.111452877521515,32.183085680007935
stim_74_harmonic.wav,30.00000089406967,49.999998807907104,39.01964485645294,28.32201898097992
stim_74_harmonic.wav,0.0,60.0,34.50631856918335,33.518407344818115
stim_74_harmonic.wav,10.000000074505806,30.0,33.7164106965065,30.52118182182312
stim_74_harmonic.wav,70.0000011920929,30.0,45.92055559158325,27.50891625881195
stim_74_harmonic.wav,84.99999761581421,10.000000298023224,54.224175810813904,25.518697500228882
stim_74_harmonic.wav,25.000001192092896,40.000001192092896,41.88001960515976,28.367881178855896
stim_74_harmonic.wav,25.000001192092896,60.0,35.16607224941254,33.22654366493225
stim_74_harmonic.wav,0.0,30.0,2.971525490283966,26.688957810401917
stim_74_harmonic.wav,54.99999940395355,30.0,44.247538447380066,28.466894030570984
stim_74_harmonic.wav,10.000000074505806,49.999998807907104,10.89120090007782,30.580991506576538
stim_74_harmonic.wav,64.9999988079071,30.0,39.29416090250015,28.800559043884277
stim_74_harmonic.wav,74.99999821186066,30.0,41.63537800312042,27.19889223575592
stim_74_harmonic.wav,0.0,40.000001192092896,22.634123861789703,32.5820517539978
stim_74_harmonic.wav,80.00000059604645,0.0,43.60229283571243,29.270240664482117
stim_74_harmonic.wav,90.0,30.0,44.353021681308746,27.698979377746582
stim_74_harmonic.wav,35.00000059604645,0.0,36.05336308479309,21.736451983451843
stim_74_harmonic.wav,30.00000089406967,10.000000298023224,35.951916575431824,29.64595377445221
stim_74_harmonic.wav,20.000000149011612,0.0,25.81709861755371,32.75768995285034
stim_74_harmonic.wav,15.000000447034836,30.0,36.569602489471436,29.19082224369049
stim_74_harmonic.wav,84.99999761581421,20.000000596046448,44.25500303506851,29.452823996543884
stim_74_harmonic.wav,30.00000089406967,10.000000298023224,31.779799461364746,29.999733567237854
stim_74_harmonic.wav,50.00000238418579,49.999998807907104,45.636842250823975,30.235458612442017
stim_74_harmonic.wav,54.99999940395355,20.000000596046448,39.249536991119385,29.04920518398285
stim_74_harmonic.wav,70.0000011920929,49.999998807907104,44.54708218574524,29.529502987861633
stim_74_harmonic.wav,15.000000447034836,10.000000298023224,33.67914140224457,30.562970638275146
stim_74_harmonic.wav,64.9999988079071,30.0,43.495369255542755,29.448382258415222
stim_74_harmonic.wav,70.0000011920929,30.0,57.817708253860474,32.00682878494263
stim_74_harmonic.wav,80.00000059604645,40.000001192092896,59.21329915523529,30.20715594291687
stim_74_harmonic.wav,74.99999821186066,49.999998807907104,39.475381672382355,30.792360305786133
stim_74_harmonic.wav,50.00000238418579,20.000000596046448,47.79482960700989,24.1337388753891
stim_74_harmonic.wav,10.000000074505806,10.000000298023224,34.85410988330841,28.959403038024902
stim_74_harmonic.wav,20.000000149011612,60.0,41.59093648195267,28.11878800392151
stim_74_harmonic.wav,70.0000011920929,60.0,46.09039843082428,26.041889190673828
stim_74_harmonic.wav,40.000000298023224,40.000001192092896,44.77166622877121,34.17794108390808
stim_74_harmonic.wav,90.0,49.999998807907104,67.29795455932617,42.41008400917053
stim_74_harmonic.wav,84.99999761581421,10.000000298023224,42.32761591672897,28.162786960601807
stim_74_harmonic.wav,60.00000178813934,49.999998807907104,40.068501234054565,28.8930881023407
stim_74_harmonic.wav,70.0000011920929,30.0,62.41087317466736,32.63499855995178
stim_74_harmonic.wav,45.0,40.000001192092896,45.56402027606964,29.367789030075073
stim_74_harmonic.wav,40.000000298023224,49.999998807907104,41.8800088763237,27.91608452796936
stim_74_harmonic.wav,30.00000089406967,0.0,41.659753918647766,32.45931029319763
stim_74_harmonic.wav,15.000000447034836,60.0,32.06975966691971,30.452370643615723
stim_74_harmonic.wav,25.000001192092896,40.000001192092896,24.472700357437134,29.554792642593384
stim_74_harmonic.wav,60.00000178813934,10.000000298023224,41.34859353303909,28.749781250953674
stim_74_harmonic.wav,60.00000178813934,40.000001192092896,49.870558977127075,34.22148942947388
stim_74_harmonic.wav,35.00000059604645,20.000000596046448,43.28055381774902,29.868507385253906
stim_74_harmonic.wav,84.99999761581421,30.0,48.65694522857666,28.003111481666565
stim_67_harmonic.wav,40.000000298023224,30.0,41.555668115615845,24.58876669406891
stim_67_harmonic.wav,30.00000089406967,20.000000596046448,36.30113750696182,32.092663049697876
stim_67_harmonic.wav,5.000000037252903,60.0,15.236966907978058,36.93612813949585
stim_67_harmonic.wav,15.000000447034836,0.0,31.512388586997986,27.84979283809662
stim_67_harmonic.wav,54.99999940395355,40.000001192092896,44.62791055440903,29.33607816696167
stim_67_harmonic.wav,74.99999821186066,10.000000298023224,53.712791204452515,25.096535682678223
stim_67_harmonic.wav,35.00000059604645,10.000000298023224,33.628506660461426,18.78462553024292
stim_67_harmonic.wav,20.000000149011612,40.000001192092896,38.627749979496,26.842864751815796
stim_67_harmonic.wav,20.000000149011612,20.000000596046448,35.72856366634369,25.855377316474915
stim_67_harmonic.wav,30.00000089406967,20.000000596046448,38.8779678940773,23.36248219013214
stim_67_harmonic.wav,40.000000298023224,0.0,39.38747763633728,29.024784564971924
stim_67_harmonic.wav,74.99999821186066,49.999998807907104,55.56842386722565,33.319194316864014
stim_67_harmonic.wav,40.000000298023224,10.000000298023224,49.50312316417694,28.21181058883667
stim_67_harmonic.wav,30.00000089406967,60.0,42.79396891593933,28.739300966262817
stim_67_harmonic.wav,15.000000447034836,20.000000596046448,18.673568665981293,17.057762145996094
stim_67_harmonic.wav,20.000000149011612,30.0,38.63362938165665,25.467354655265808
stim_67_harmonic.wav,40.000000298023224,10.000000298023224,46.217894554138184,30.082937479019165
stim_67_harmonic.wav,45.0,40.000001192092896,50.8160001039505,30.965094566345215
stim_67_harmonic.wav,45.0,49.999998807907104,44.040447771549225,14.132289290428162
stim_67_harmonic.wav,54.99999940395355,20.000000596046448,47.37651228904724,31.59758448600769
stim_67_harmonic.wav,5.000000037252903,60.0,25.492411851882935,29.144954681396484
stim_67_harmonic.wav,45.0,10.000000298023224,49.892070293426514,31.92206382751465
stim_67_harmonic.wav,84.99999761581421,40.000001192092896,53.80930781364441,31.75612449645996
stim_67_harmonic.wav,20.000000149011612,49.999998807907104,29.463738799095154,28.287221789360046
stim_67_harmonic.wav,60.00000178813934,30.0,60.788726806640625,32.80092716217041
stim_67_harmonic.wav,90.0,40.000001192092896,37.89091229438782,28.95177125930786
stim_67_harmonic.wav,40.000000298023224,60.0,41.575288474559784,28.990389704704285
stim_67_harmonic.wav,25.000001192092896,10.000000298023224,38.29436480998993,40.14749050140381
stim_67_harmonic.wav,0.0,30.0,7.606988847255707,23.783308267593384
stim_67_harmonic.wav,54.99999940395355,60.0,37.897746562957764,30.823227167129517
stim_67_harmonic.wav,64.9999988079071,49.999998807907104,53.022133111953735,33.182255029678345
stim_67_harmonic.wav,74.99999821186066,20.000000596046448,47.919766902923584,26.736938953399658
stim_67_harmonic.wav,25.000001192092896,40.000001192092896,25.503754913806915,22.53789246082306
stim_67_harmonic.wav,74.99999821186066,30.0,50.60579538345337,29.154773354530334
stim_67_harmonic.wav,90.0,0.0,66.48430109024048,23.797202110290527
stim_67_harmonic.wav,45.0,30.0,46.92712426185608,17.7602756023407
stim_67_harmonic.wav,0.0,30.0,10.698122084140778,27.981106638908386
stim_67_harmonic.wav,10.000000074505806,10.000000298023224,31.671282649040222,28.183075189590454
stim_67_harmonic.wav,84.99999761581421,20.000000596046448,44.23915654420853,28.20772111415863
stim_67_harmonic.wav,54.99999940395355,30.0,48.75060260295868,26.53039813041687
stim_67_harmonic.wav,5.000000037252903,40.000001192092896,32.13369011878967,31.18851900100708
stim_67_harmonic.wav,60.00000178813934,40.000001192092896,34.54640954732895,23.434224128723145
stim_67_harmonic.wav,50.00000238418579,10.000000298023224,38.347885608673096,23.84669601917267
stim_67_harmonic.wav,10.000000074505806,40.000001192092896,16.47008568048477,28.536238074302673
stim_67_harmonic.wav,90.0,49.999998807907104,55.20230770111084,33.569090366363525
stim_67_harmonic.wav,70.0000011920929,20.000000596046448,38.16352128982544,29.708772897720337
stim_67_harmonic.wav,80.00000059604645,20.000000596046448,67.34492540359497,18.198612928390503
stim_67_harmonic.wav,30.00000089406967,10.000000298023224,38.15855383872986,23.259057998657227
stim_67_harmonic.wav,10.000000074505806,10.000000298023224,14.785325825214386,15.203862190246582
stim_67_harmonic.wav,10.000000074505806,30.0,32.90849447250366,29.225429892539978
stim_67_harmonic.wav,15.000000447034836,10.000000298023224,28.39319944381714,22.08592414855957
stim_67_harmonic.wav,60.00000178813934,0.0,47.13730752468109,22.860774993896484
stim_67_harmonic.wav,40.000000298023224,20.000000596046448,46.83366000652313,32.57385849952698
stim_67_harmonic.wav,25.000001192092896,49.999998807907104,43.068683445453644,25.01739799976349
stim_67_harmonic.wav,84.99999761581421,49.999998807907104,38.11406672000885,28.765785098075867
stim_67_harmonic.wav,60.00000178813934,49.999998807907104,46.93241357803345,22.11181640625
stim_67_harmonic.wav,30.00000089406967,0.0,32.72970378398895,17.390588521957397
stim_67_harmonic.wav,10.000000074505806,20.000000596046448,25.593273639678955,36.076977252960205
stim_67_harmonic.wav,54.99999940395355,20.000000596046448,52.09640085697174,32.7562952041626
stim_67_harmonic.wav,35.00000059604645,30.0,32.9374623298645,17.74352788925171
stim_67_harmonic.wav,15.000000447034836,20.000000596046448,22.482246458530426,23.502384424209595
stim_67_harmonic.wav,50.00000238418579,60.0,43.39471399784088,25.444205403327942
stim_67_harmonic.wav,70.0000011920929,60.0,68.40108275413513,35.97981333732605
stim_67_harmonic.wav,80.00000059604645,10.000000298023224,42.501846849918365,27.88106381893158
stim_67_harmonic.wav,54.99999940395355,10.000000298023224,61.93568229675293,33.53518724441528
stim_67_harmonic.wav,25.000001192092896,49.999998807907104,30.543301105499268,26.244817972183228
stim_67_harmonic.wav,20.000000149011612,40.000001192092896,39.91600960493088,27.48656451702118
stim_67_harmonic.wav,0.0,0.0,6.898858845233917,24.392191171646118
stim_67_harmonic.wav,15.000000447034836,49.999998807907104,24.456194043159485,24.594537019729614
stim_67_harmonic.wav,80.00000059604645,30.0,43.780678510665894,24.314918518066406
stim_67_harmonic.wav,35.00000059604645,10.000000298023224,32.91792780160904,15.152977108955383
stim_67_harmonic.wav,30.00000089406967,0.0,34.94917005300522,15.921637415885925
stim_67_harmonic.wav,20.000000149011612,20.000000596046448,29.065135717391968,25.5459201335907
stim_67_harmonic.wav,35.00000059604645,49.999998807907104,40.16053855419159,27.735174894332886
stim_67_harmonic.wav,60.00000178813934,49.999998807907104,53.28494668006897,29.784323573112488
stim_67_harmonic.wav,0.0,30.0,39.987337589263916,27.800543904304504
stim_67_harmonic.wav,50.00000238418579,60.0,35.591089725494385,28.221166133880615
stim_67_harmonic.wav,80.00000059604645,10.000000298023224,35.450997948646545,26.97099208831787
stim_67_harmonic.wav,5.000000037252903,20.000000596046448,16.82728886604309,32.498981952667236
stim_67_harmonic.wav,84.99999761581421,20.000000596046448,67.14728951454163,27.946128845214844
stim_67_harmonic.wav,25.000001192092896,30.0,33.74968349933624,34.45050001144409
stim_67_harmonic.wav,50.00000238418579,40.000001192092896,40.703865587711334,27.554742693901062
stim_67_harmonic.wav,35.00000059604645,49.999998807907104,34.047725200653076,36.91343307495117
stim_67_harmonic.wav,74.99999821186066,10.000000298023224,39.067286252975464,29.097205996513367
stim_67_harmonic.wav,90.0,10.000000298023224,43.67896378040314,25.83142876625061
stim_67_harmonic.wav,10.000000074505806,30.0,26.41941010951996,26.368414163589478
stim_67_harmonic.wav,50.00000238418579,40.000001192092896,43.40381741523743,26.893247365951538
stim_67_harmonic.wav,64.9999988079071,0.0,63.33948612213135,27.32668697834015
stim_67_harmonic.wav,64.9999988079071,30.0,40.59635728597641,29.089783430099487
stim_67_harmonic.wav,60.00000178813934,10.000000298023224,54.70167875289917,33.847432136535645
stim_67_harmonic.wav,64.9999988079071,0.0,37.45512306690216,23.62422823905945
stim_67_harmonic.wav,60.00000178813934,40.000001192092896,44.13794070482254,15.012250542640686
stim_67_harmonic.wav,50.00000238418579,30.0,44.807715117931366,30.41865348815918
stim_67_harmonic.wav,84.99999761581421,60.0,41.860128343105316,30.230226516723633
stim_67_harmonic.wav,20.000000149011612,60.0,31.012974679470062,27.16904640197754
stim_67_harmonic.wav,45.0,60.0,51.69587731361389,28.38574469089508
stim_67_harmonic.wav,54.99999940395355,49.999998807907104,43.27284246683121,29.608207941055298
stim_67_harmonic.wav,5.000000037252903,30.0,33.99302959442139,27.837143540382385
stim_67_harmonic.wav,60.00000178813934,20.000000596046448,63.45608711242676,29.186350107192993
stim_67_harmonic.wav,54.99999940395355,49.999998807907104,51.95926487445831,27.136974334716797
stim_67_harmonic.wav,50.00000238418579,49.999998807907104,48.82520020008087,29.071630239486694
stim_67_harmonic.wav,45.0,10.000000298023224,40.40318191051483,30.77815532684326
stim_67_harmonic.wav,54.99999940395355,49.999998807907104,45.280741453170776,17.169045209884644
stim_67_harmonic.wav,70.0000011920929,60.0,52.45005548000336,29.910264015197754
stim_67_harmonic.wav,35.00000059604645,49.999998807907104,38.66005718708038,18.655028343200684
stim_67_harmonic.wav,0.0,40.000001192092896,6.366448402404785,24.003265500068665
stim_67_harmonic.wav,50.00000238418579,20.000000596046448,43.63727152347565,32.562217712402344
stim_67_harmonic.wav,70.0000011920929,40.000001192092896,30.853402018547058,28.246870636940002
stim_67_harmonic.wav,64.9999988079071,10.000000298023224,62.05804467201233,28.753087520599365
stim_67_harmonic.wav,60.00000178813934,60.0,44.527684450149536,29.230472445487976
stim_67_harmonic.wav,25.000001192092896,20.000000596046448,37.06204801797867,30.933830738067627
stim_67_harmonic.wav,35.00000059604645,10.000000298023224,39.049771428108215,13.418726921081543
stim_67_harmonic.wav,40.000000298023224,49.999998807907104,43.31013858318329,17.735027074813843
stim_67_harmonic.wav,40.000000298023224,30.0,39.406679570674896,28.453490138053894
stim_67_harmonic.wav,25.000001192092896,30.0,33.40775549411774,31.483347415924072
stim_67_harmonic.wav,40.000000298023224,20.000000596046448,57.164735198020935,32.54804849624634
stim_67_harmonic.wav,80.00000059604645,30.0,72.43057608604431,28.05707573890686
stim_67_harmonic.wav,25.000001192092896,10.000000298023224,33.49762558937073,30.367730855941772
stim_67_harmonic.wav,15.000000447034836,40.000001192092896,19.402072727680206,33.39088439941406
stim_67_harmonic.wav,60.00000178813934,60.0,58.292824029922485,34.1982364654541
stim_67_harmonic.wav,25.000001192092896,60.0,42.80654579401016,31.063148975372314
stim_67_harmonic.wav,84.99999761581421,20.000000596046448,69.81988549232483,32.0150363445282
stim_67_harmonic.wav,50.00000238418579,10.000000298023224,41.70590132474899,30.5884051322937
stim_67_harmonic.wav,60.00000178813934,49.999998807907104,64.00720596313477,29.66750979423523
stim_67_harmonic.wav,84.99999761581421,60.0,41.636947095394135,29.626039266586304
stim_67_harmonic.wav,70.0000011920929,49.999998807907104,61.11338138580322,29.10230040550232
stim_67_harmonic.wav,30.00000089406967,40.000001192092896,38.316098749637604,26.054667234420776
stim_67_harmonic.wav,30.00000089406967,49.999998807907104,38.22879821062088,29.337485432624817
stim_67_harmonic.wav,0.0,10.000000298023224,30.950058102607727,28.1898432970047
stim_61_harmonic.wav,5.000000037252903,49.999998807907104,38.44022870063782,29.36209738254547
stim_61_harmonic.wav,60.00000178813934,60.0,67.19593405723572,29.47109341621399
stim_61_harmonic.wav,10.000000074505806,60.0,13.889864981174469,27.402477264404297
stim_61_harmonic.wav,20.000000149011612,40.000001192092896,28.101584315299988,25.852569937705994
stim_61_harmonic.wav,45.0,49.999998807907104,46.39630436897278,27.393288016319275
stim_61_harmonic.wav,64.9999988079071,60.0,55.89722514152527,32.48095393180847
stim_61_harmonic.wav,90.0,20.000000596046448,61.1261111497879,18.561174273490906
stim_61_harmonic.wav,70.0000011920929,49.999998807907104,58.67282330989838,32.08569288253784
stim_61_harmonic.wav,35.00000059604645,10.000000298023224,45.30667304992676,33.357038497924805
stim_61_harmonic.wav,50.00000238418579,40.000001192092896,40.32312333583832,27.134869694709778
stim_61_harmonic.wav,35.00000059604645,0.0,34.831037521362305,25.75790584087372
stim_61_harmonic.wav,80.00000059604645,49.999998807907104,57.089295387268066,24.333239793777466
stim_61_harmonic.wav,84.99999761581421,20.000000596046448,75.21961212158203,23.524489402770996
stim_61_harmonic.wav,80.00000059604645,0.0,54.037113189697266,9.917643070220947
stim_61_harmonic.wav,10.000000074505806,60.0,13.681564629077911,38.90326380729675
stim_61_harmonic.wav,84.99999761581421,40.000001192092896,63.846648931503296,35.58583974838257
stim_61_harmonic.wav,25.000001192092896,60.0,32.193216383457184,28.058951497077942
stim_61_harmonic.wav,45.0,0.0,55.795708894729614,29.01892840862274
stim_61_harmonic.wav,84.99999761581421,40.000001192092896,53.08488070964813,30.938901901245117
stim_61_harmonic.wav,54.99999940395355,10.000000298023224,43.79157364368439,23.51083517074585
stim_61_harmonic.wav,0.0,10.000000298023224,11.567447483539581,27.682283520698547
stim_61_harmonic.wav,5.000000037252903,49.999998807907104,18.195928931236267,28.47287356853485
stim_61_harmonic.wav,30.00000089406967,49.999998807907104,31.175414621829987,25.181230902671814
stim_61_harmonic.wav,74.99999821186066,60.0,54.123018980026245,27.948306798934937
stim_61_harmonic.wav,0.0,10.000000298023224,15.807161629199982,24.454396963119507
stim_61_harmonic.wav,30.00000089406967,30.0,32.92910724878311,21.70536518096924
stim_61_harmonic.wav,0.0,60.0,24.36101585626602,28.07958483695984
stim_61_harmonic.wav,20.000000149011612,10.000000298023224,24.933549463748932,18.302114009857178
stim_61_harmonic.wav,25.000001192092896,40.000001192092896,24.489839673042297,39.616427421569824
stim_61_harmonic.wav,10.000000074505806,10.000000298023224,30.603264570236206,23.18918287754059
stim_61_harmonic.wav,20.000000149011612,40.000001192092896,31.349546313285828,29.221728444099426
stim_61_harmonic.wav,74.99999821186066,49.999998807907104,55.179927349090576,28.70034635066986
stim_61_harmonic.wav,20.000000149011612,0.0,32.68749117851257,22.78825342655182
stim_61_harmonic.wav,5.000000037252903,20.000000596046448,36.64273023605347,26.92327916622162
stim_61_harmonic.wav,54.99999940395355,10.000000298023224,42.858030796051025,32.68009901046753
stim_61_harmonic.wav,50.00000238418579,0.0,61.47844612598419,32.660558223724365
stim_61_harmonic.wav,15.000000447034836,49.999998807907104,20.257232040166855,23.12720775604248
stim_61_harmonic.wav,64.9999988079071,10.000000298023224,61.57567620277405,27.375892996788025
stim_61_harmonic.wav,64.9999988079071,20.000000596046448,43.03447723388672,29.855645298957825
stim_61_harmonic.wav,60.00000178813934,30.0,32.63082951307297,28.463376760482788
stim_61_harmonic.wav,54.99999940395355,0.0,62.604222893714905,28.595110774040222
stim_61_harmonic.wav,50.00000238418579,30.0,48.89139711856842,27.59841799736023
stim_61_harmonic.wav,30.00000089406967,49.999998807907104,39.293619096279144,27.803708910942078
stim_61_harmonic.wav,50.00000238418579,0.0,52.03671634197235,30.36111831665039
stim_61_harmonic.wav,74.99999821186066,0.0,62.12876379489899,15.60284972190857
stim_61_harmonic.wav,45.0,40.000001192092896,51.39949321746826,30.907777547836304
stim_61_harmonic.wav,70.0000011920929,60.0,67.05523610115051,32.3920476436615
stim_61_harmonic.wav,25.000001192092896,49.999998807907104,31.22824341058731,31.124918460845947
stim_61_harmonic.wav,80.00000059604645,0.0,40.38991034030914,25.397697687149048
stim_61_harmonic.wav,74.99999821186066,60.0,43.67321848869324,27.191768288612366
stim_61_harmonic.wav,74.99999821186066,49.999998807907104,48.52435290813446,26.29369854927063
stim_61_harmonic.wav,5.000000037252903,0.0,17.446203231811523,26.250972747802734
stim_61_harmonic.wav,5.000000037252903,0.0,13.510970771312714,22.5109201669693
stim_61_harmonic.wav,20.000000149011612,0.0,32.67835021018982,19.57938551902771
stim_61_harmonic.wav,45.0,49.999998807907104,37.73317962884903,29.89804744720459
stim_61_harmonic.wav,90.0,40.000001192092896,36.49553865194321,27.032300233840942
stim_61_harmonic.wav,50.00000238418579,20.000000596046448,32.58122205734253,22.335816621780396
stim_61_harmonic.wav,20.000000149011612,60.0,42.051149904727936,27.780058979988098
stim_61_harmonic.wav,84.99999761581421,0.0,38.17938655614853,20.249928832054138
stim_61_harmonic.wav,15.000000447034836,0.0,18.508671820163727,23.002987504005432
stim_61_harmonic.wav,64.9999988079071,10.000000298023224,48.811413645744324,24.20315980911255
stim_61_harmonic.wav,5.000000037252903,20.000000596046448,30.891183614730835,23.913021683692932
stim_61_harmonic.wav,45.0,49.999998807907104,48.425363302230835,34.314329624176025
stim_61_harmonic.wav,20.000000149011612,49.999998807907104,27.147012948989868,24.29735541343689
stim_61_harmonic.wav,0.0,10.000000298023224,25.425984263420105,26.25408411026001
stim_61_harmonic.wav,54.99999940395355,60.0,41.5641787648201,27.19889760017395
stim_61_harmonic.wav,74.99999821186066,0.0,37.35755503177643,27.200841307640076
stim_61_harmonic.wav,5.000000037252903,60.0,34.28229779005051,27.15305507183075
stim_61_harmonic.wav,25.000001192092896,30.0,37.72115796804428,26.910093426704407
stim_61_harmonic.wav,5.000000037252903,60.0,15.04516750574112,31.46097421646118
stim_61_harmonic.wav,35.00000059604645,60.0,43.81593346595764,27.25868046283722
stim_61_harmonic.wav,70.0000011920929,60.0,55.85554897785187,31.35330319404602
stim_61_harmonic.wav,30.00000089406967,30.0,29.905418157577515,23.387596607208252
stim_61_harmonic.wav,70.0000011920929,40.000001192092896,59.57783818244934,31.955294609069824
stim_61_harmonic.wav,45.0,0.0,35.33308804035187,29.276188015937805
stim_61_harmonic.wav,40.000000298023224,20.000000596046448,42.191593050956726,25.309579968452454
stim_61_harmonic.wav,20.000000149011612,40.000001192092896,37.798622846603394,28.07153284549713
stim_61_harmonic.wav,50.00000238418579,10.000000298023224,64.63283658027649,37.64427423477173
stim_61_harmonic.wav,45.0,10.000000298023224,46.05348587036133,31.399226188659668
stim_61_harmonic.wav,30.00000089406967,30.0,31.197733283042908,19.5680969953537
stim_61_harmonic.wav,84.99999761581421,0.0,48.290008306503296,16.74207866191864
stim_61_harmonic.wav,90.0,49.999998807907104,41.40697181224823,30.515917539596558
stim_61_harmonic.wav,15.000000447034836,40.000001192092896,21.904321610927582,28.392727375030518
stim_61_harmonic.wav,45.0,60.0,35.30528426170349,22.605205178260803
stim_61_harmonic.wav,40.000000298023224,49.999998807907104,47.156201004981995,26.715481281280518
stim_61_harmonic.wav,0.0,60.0,50.64228415489197,29.811167120933533
stim_61_harmonic.wav,25.000001192092896,0.0,32.64603227376938,28.017611503601074
stim_61_harmonic.wav,80.00000059604645,0.0,56.4192259311676,20.049734115600586
stim_61_harmonic.wav,5.000000037252903,40.000001192092896,22.962986826896667,29.276241660118103
stim_61_harmonic.wav,25.000001192092896,30.0,33.15843880176544,23.792341947555542
stim_61_harmonic.wav,45.0,10.000000298023224,53.38637173175812,27.985666394233704
stim_61_harmonic.wav,74.99999821186066,40.000001192092896,36.35908931493759,31.94415807723999
stim_61_harmonic.wav,5.000000037252903,30.0,14.105396568775177,27.52400815486908
stim_61_harmonic.wav,45.0,0.0,52.51818895339966,23.494269847869873
stim_61_harmonic.wav,70.0000011920929,10.000000298023224,55.84420323371887,24.210779070854187
stim_61_harmonic.wav,80.00000059604645,60.0,58.058136105537415,27.994102835655212
stim_61_harmonic.wav,84.99999761581421,30.0,37.97130614519119,26.1721408367157
stim_61_harmonic.wav,54.99999940395355,0.0,49.021398425102234,31.38998508453369
stim_61_harmonic.wav,20.000000149011612,10.000000298023224,25.822264552116394,29.0284663438797
stim_61_harmonic.wav,60.00000178813934,20.000000596046448,49.68639850616455,28.27244281768799
stim_61_harmonic.wav,80.00000059604645,30.0,72.43103742599487,31.17384910583496
stim_61_harmonic.wav,70.0000011920929,40.000001192092896,57.39386558532715,30.456604957580566
stim_61_harmonic.wav,45.0,20.000000596046448,48.60499620437622,31.284520626068115
stim_61_harmonic.wav,5.000000037252903,40.000001192092896,27.262492775917053,27.441558837890625
stim_61_harmonic.wav,30.00000089406967,0.0,29.796705543994904,29.50499653816223
stim_61_harmonic.wav,64.9999988079071,20.000000596046448,62.23909378051758,32.493664026260376
stim_61_harmonic.wav,90.0,30.0,66.13624691963196,15.930624604225159
stim_61_harmonic.wav,80.00000059604645,30.0,59.65134680271149,30.201627016067505
stim_61_harmonic.wav,60.00000178813934,20.000000596046448,61.80880844593048,31.205084323883057
stim_61_harmonic.wav,0.0,20.000000596046448,23.67644637823105,27.553516030311584
stim_61_harmonic.wav,60.00000178813934,0.0,52.40574538707733,33.14532995223999
stim_61_harmonic.wav,64.9999988079071,0.0,46.181480884552,29.293406009674072
stim_61_harmonic.wav,35.00000059604645,10.000000298023224,37.38518446683884,26.82149827480316
stim_61_harmonic.wav,0.0,20.000000596046448,11.433409452438354,25.80834209918976
stim_61_harmonic.wav,5.000000037252903,40.000001192092896,27.678597271442413,23.915419578552246
stim_61_harmonic.wav,15.000000447034836,60.0,31.314677596092224,23.944036960601807
stim_61_harmonic.wav,74.99999821186066,60.0,68.7435257434845,26.935747861862183
stim_61_harmonic.wav,74.99999821186066,30.0,38.06483209133148,27.265743613243103
stim_61_harmonic.wav,25.000001192092896,10.000000298023224,38.32459330558777,26.879408955574036
stim_61_harmonic.wav,0.0,0.0,20.18693134188652,25.787728428840637
stim_61_harmonic.wav,20.000000149011612,40.000001192092896,21.659375578165054,33.668625354766846
stim_61_harmonic.wav,20.000000149011612,30.0,26.751832365989685,20.78868806362152
stim_61_harmonic.wav,10.000000074505806,0.0,30.506120324134827,23.403639793395996
stim_61_harmonic.wav,45.0,0.0,44.10971313714981,30.888826847076416
stim_61_harmonic.wav,64.9999988079071,0.0,53.844369649887085,22.88664221763611
stim_61_harmonic.wav,84.99999761581421,20.000000596046448,55.38256287574768,28.866310715675354
stim_61_harmonic.wav,60.00000178813934,60.0,41.640181839466095,31.482861042022705
stim_61_harmonic.wav,45.0,20.000000596046448,46.75214767456055,28.120381236076355
stim_61_harmonic.wav,25.000001192092896,0.0,29.80341911315918,17.946596145629883
stim_61_harmonic.wav,30.00000089406967,30.0,25.92310756444931,11.277757287025452
stim_61_harmonic.wav,84.99999761581421,30.0,68.03695678710938,30.32902479171753
stim_61_harmonic.wav,45.0,60.0,31.568717658519745,25.793432593345642
stim_61_harmonic.wav,25.000001192092896,49.999998807907104,26.57145917415619,30.382593870162964
stim_61_harmonic.wav,10.000000074505806,60.0,15.489035546779633,31.821706295013428
stim_61_harmonic.wav,50.00000238418579,40.000001192092896,37.96681076288223,26.980444192886353
stim_61_harmonic.wav,45.0,60.0,41.647013425827026,25.46243906021118
stim_61_harmonic.wav,5.000000037252903,10.000000298023224,19.38438355922699,26.72823965549469
stim_61_harmonic.wav,25.000001192092896,0.0,28.621299862861633,18.77673625946045
stim_61_harmonic.wav,30.00000089406967,0.0,28.05683434009552,33.02704095840454
stim_61_harmonic.wav,45.0,10.000000298023224,46.58202052116394,27.231722474098206
stim_61_harmonic.wav,20.000000149011612,0.0,37.24776953458786,35.79312801361084
stim_61_harmonic.wav,10.000000074505806,30.0,25.523420870304108,31.95160746574402
stim_68_harmonic.wav,90.0,10.000000298023224,39.10237491130829,28.926347494125366
stim_68_harmonic.wav,20.000000149011612,40.000001192092896,28.930338621139526,33.31199884414673
stim_68_harmonic.wav,60.00000178813934,0.0,39.84043836593628,28.430634140968323
stim_68_harmonic.wav,10.000000074505806,40.000001192092896,31.319226622581482,29.210323691368103
stim_68_harmonic.wav,5.000000037252903,49.999998807907104,5.441196262836456,20.335251688957214
stim_68_harmonic.wav,64.9999988079071,10.000000298023224,44.418231546878815,29.174246191978455
stim_68_harmonic.wav,84.99999761581421,10.000000298023224,49.33152616024017,27.10767388343811
stim_68_harmonic.wav,54.99999940395355,0.0,53.63149881362915,31.745420694351196
stim_68_harmonic.wav,45.0,0.0,46.623841524124146,20.502161979675293
stim_68_harmonic.wav,25.000001192092896,60.0,38.16467732191086,29.441113471984863
stim_68_harmonic.wav,10.000000074505806,10.000000298023224,18.36889386177063,25.244479179382324
stim_68_harmonic.wav,0.0,60.0,32.664477825164795,30.000193119049072
stim_68_harmonic.wav,70.0000011920929,49.999998807907104,65.80429673194885,36.20595574378967
stim_68_harmonic.wav,64.9999988079071,20.000000596046448,63.37863028049469,29.693094491958618
stim_68_harmonic.wav,45.0,30.0,43.50906729698181,27.149983048439026
stim_68_harmonic.wav,30.00000089406967,30.0,38.8817498087883,20.96395969390869
stim_68_harmonic.wav,25.000001192092896,60.0,28.821510672569275,33.35744619369507
stim_68_harmonic.wav,50.00000238418579,0.0,33.9397931098938,28.991101384162903
stim_68_harmonic.wav,60.00000178813934,30.0,57.28578329086304,30.52145004272461
stim_68_harmonic.wav,30.00000089406967,40.000001192092896,36.023088991642,28.682050108909607
stim_68_harmonic.wav,70.0000011920929,30.0,34.4156089425087,30.941977500915527
stim_68_harmonic.wav,84.99999761581421,30.0,39.231078028678894,29.989653825759888
stim_68_harmonic.wav,0.0,10.000000298023224,35.585470497608185,29.179229736328125
stim_68_harmonic.wav,20.000000149011612,20.000000596046448,23.42606484889984,24.613512754440308
stim_68_harmonic.wav,70.0000011920929,0.0,65.22468209266663,19.854683876037598
stim_68_harmonic.wav,60.00000178813934,40.000001192092896,43.18439930677414,27.07221508026123
stim_68_harmonic.wav,45.0,30.0,44.16446506977081,27.567322254180908
stim_68_harmonic.wav,15.000000447034836,60.0,20.953345745801926,31.142284870147705
stim_68_harmonic.wav,64.9999988079071,40.000001192092896,40.67422717809677,28.70074689388275
stim_68_harmonic.wav,70.0000011920929,0.0,67.3646879196167,17.46115744113922
stim_68_harmonic.wav,64.9999988079071,10.000000298023224,60.877400636672974,27.83323645591736
stim_68_harmonic.wav,15.000000447034836,10.000000298023224,26.038171648979187,28.813539147377014
stim_68_harmonic.wav,50.00000238418579,49.999998807907104,43.76957684755325,29.71108317375183
stim_68_harmonic.wav,80.00000059604645,40.000001192092896,51.239107847213745,32.77583599090576
stim_68_harmonic.wav,0.0,40.000001192092896,32.70854115486145,29.819791316986084
stim_68_harmonic.wav,35.00000059604645,20.000000596046448,46.42426908016205,30.605950355529785
stim_68_harmonic.wav,20.000000149011612,30.0,22.885910868644714,22.067325711250305
stim_68_harmonic.wav,15.000000447034836,49.999998807907104,27.249414324760437,24.849168062210083
stim_68_harmonic.wav,30.00000089406967,40.000001192092896,36.81242823600769,29.833937287330627
stim_68_harmonic.wav,80.00000059604645,40.000001192092896,42.65807747840881,29.44846272468567
stim_68_harmonic.wav,35.00000059604645,60.0,42.52262324094772,32.72347927093506
stim_68_harmonic.wav,25.000001192092896,0.0,36.958399415016174,29.342653155326843
stim_68_harmonic.wav,74.99999821186066,20.000000596046448,43.717448115348816,29.315945506095886
stim_68_harmonic.wav,60.00000178813934,0.0,35.43358504772186,29.32009756565094
stim_68_harmonic.wav,60.00000178813934,49.999998807907104,46.77687227725983,27.091362476348877
stim_68_harmonic.wav,25.000001192092896,30.0,36.62788689136505,26.974786520004272
stim_68_harmonic.wav,20.000000149011612,60.0,23.82535994052887,33.33085298538208
stim_68_harmonic.wav,54.99999940395355,40.000001192092896,48.268309235572815,31.603574752807617
stim_68_harmonic.wav,74.99999821186066,10.000000298023224,48.048056960105896,28.6111181974411
stim_68_harmonic.wav,45.0,10.000000298023224,47.78233051300049,30.837385654449463
stim_68_harmonic.wav,15.000000447034836,49.999998807907104,15.979418456554413,25.429142117500305
stim_68_harmonic.wav,30.00000089406967,10.000000298023224,45.03448784351349,30.564104318618774
stim_68_harmonic.wav,50.00000238418579,60.0,50.47476947307587,33.07876467704773
stim_68_harmonic.wav,25.000001192092896,40.000001192092896,24.433049261569977,25.95585823059082
stim_68_harmonic.wav,20.000000149011612,60.0,38.02859008312225,29.4819438457489
stim_68_harmonic.wav,25.000001192092896,10.000000298023224,41.96055293083191,28.79887104034424
stim_68_harmonic.wav,50.00000238418579,30.0,37.32236176729202,27.134310007095337
stim_68_harmonic.wav,0.0,40.000001192092896,24.497272074222565,28.28350603580475
stim_68_harmonic.wav,60.00000178813934,10.000000298023224,52.552210092544556,31.611188650131226
stim_68_harmonic.wav,10.000000074505806,20.000000596046448,17.669773399829865,22.288783192634583
stim_68_harmonic.wav,30.00000089406967,20.000000596046448,40.14062583446503,27.08733558654785
stim_68_harmonic.wav,90.0,20.000000596046448,48.374063372612,29.920703172683716
stim_68_harmonic.wav,40.000000298023224,10.000000298023224,47.85987317562103,31.34397268295288
stim_68_harmonic.wav,50.00000238418579,10.000000298023224,55.47316789627075,25.634043216705322
stim_68_harmonic.wav,64.9999988079071,40.000001192092896,43.015725910663605,29.025784134864807
stim_68_harmonic.wav,74.99999821186066,0.0,65.26708781719208,19.29811120033264
stim_68_harmonic.wav,74.99999821186066,49.999998807907104,49.84729886054993,29.2444109916687
stim_68_harmonic.wav,25.000001192092896,30.0,40.686876475811005,28.70944082736969
stim_68_harmonic.wav,35.00000059604645,30.0,43.207444846630096,26.847522854804993
stim_68_harmonic.wav,64.9999988079071,0.0,42.211449444293976,27.80137002468109
stim_68_harmonic.wav,64.9999988079071,60.0,40.603092312812805,30.65926194190979
stim_68_harmonic.wav,70.0000011920929,20.000000596046448,54.59514677524567,23.222519159317017
stim_68_harmonic.wav,5.000000037252903,60.0,19.520229399204254,37.02712297439575
stim_68_harmonic.wav,54.99999940395355,40.000001192092896,44.21044081449509,29.79520082473755
stim_68_harmonic.wav,50.00000238418579,20.000000596046448,42.24959582090378,29.404744505882263
stim_68_harmonic.wav,35.00000059604645,20.000000596046448,45.144978761672974,34.53738212585449
stim_68_harmonic.wav,35.00000059604645,49.999998807907104,40.948306024074554,29.809085726737976
stim_68_harmonic.wav,5.000000037252903,10.000000298023224,21.966982036828995,28.772867918014526
stim_68_harmonic.wav,0.0,0.0,8.212199807167053,25.267236828804016
stim_68_harmonic.wav,54.99999940395355,10.000000298023224,52.24618077278137,30.864615440368652
stim_68_harmonic.wav,50.00000238418579,20.000000596046448,52.62226939201355,22.98584818840027
stim_68_harmonic.wav,5.000000037252903,49.999998807907104,35.43858468532562,28.973464965820312
stim_68_harmonic.wav,35.00000059604645,30.0,39.837174117565155,29.1121244430542
stim_68_harmonic.wav,45.0,40.000001192092896,40.432321429252625,14.007208943367004
stim_68_harmonic.wav,45.0,60.0,45.5733597278595,27.57735013961792
stim_68_harmonic.wav,60.00000178813934,40.000001192092896,40.246393382549286,29.439695477485657
stim_68_harmonic.wav,70.0000011920929,0.0,58.56405436992645,21.094990968704224
stim_68_harmonic.wav,45.0,60.0,40.65265417098999,28.980901837348938
stim_68_harmonic.wav,64.9999988079071,40.000001192092896,50.72308301925659,26.045279502868652
stim_68_harmonic.wav,30.00000089406967,40.000001192092896,40.5705651640892,36.127567291259766
stim_68_harmonic.wav,74.99999821186066,60.0,40.95275044441223,29.81571078300476
stim_68_harmonic.wav,60.00000178813934,30.0,51.618157625198364,31.526302099227905
stim_68_harmonic.wav,5.000000037252903,40.000001192092896,10.939260721206665,31.92878007888794
stim_68_harmonic.wav,70.0000011920929,60.0,40.552766025066376,28.585445880889893
stim_68_harmonic.wav,20.000000149011612,20.000000596046448,31.80862247943878,31.34764552116394
stim_68_harmonic.wav,84.99999761581421,49.999998807907104,60.356236696243286,32.519516944885254
stim_68_harmonic.wav,70.0000011920929,20.000000596046448,42.5552362203598,26.847097277641296
stim_68_harmonic.wav,40.000000298023224,10.000000298023224,42.14048355817795,27.543329000473022
stim_68_harmonic.wav,60.00000178813934,20.000000596046448,60.74908912181854,33.53722929954529
stim_68_harmonic.wav,30.00000089406967,10.000000298023224,47.43146538734436,28.844195008277893
stim_68_harmonic.wav,30.00000089406967,40.000001192092896,34.71521437168121,32.28469133377075
stim_68_harmonic.wav,80.00000059604645,20.000000596046448,60.58532953262329,26.735817790031433
stim_68_harmonic.wav,80.00000059604645,0.0,44.0496101975441,29.418473839759827
stim_68_harmonic.wav,70.0000011920929,49.999998807907104,42.291835248470306,29.731353521347046
stim_68_harmonic.wav,40.000000298023224,60.0,40.05911082029343,25.34610629081726
stim_68_harmonic.wav,0.0,49.999998807907104,4.600253999233246,24.19478952884674
stim_68_harmonic.wav,40.000000298023224,10.000000298023224,35.9602689743042,28.62184703350067
stim_68_harmonic.wav,20.000000149011612,0.0,34.35972511768341,28.355278372764587
stim_68_harmonic.wav,50.00000238418579,10.000000298023224,37.38077223300934,28.856377601623535
stim_68_harmonic.wav,80.00000059604645,20.000000596046448,47.58876621723175,27.43302047252655
stim_68_harmonic.wav,80.00000059604645,49.999998807907104,35.79067826271057,29.016062021255493
stim_68_harmonic.wav,84.99999761581421,30.0,40.86522459983826,29.63324725627899
stim_68_harmonic.wav,54.99999940395355,30.0,43.54471653699875,28.170372247695923
stim_68_harmonic.wav,54.99999940395355,40.000001192092896,41.19627624750137,29.004830718040466
stim_68_harmonic.wav,15.000000447034836,20.000000596046448,21.42357051372528,22.554835081100464
stim_68_harmonic.wav,60.00000178813934,10.000000298023224,63.161054849624634,34.585747718811035
stim_68_harmonic.wav,35.00000059604645,40.000001192092896,34.055645763874054,33.925344944000244
stim_68_harmonic.wav,60.00000178813934,10.000000298023224,66.51694357395172,34.2017126083374
stim_68_harmonic.wav,84.99999761581421,10.000000298023224,64.51814532279968,18.00951361656189
stim_68_harmonic.wav,10.000000074505806,49.999998807907104,22.883636355400085,34.04717445373535
stim_68_harmonic.wav,40.000000298023224,30.0,43.055795431137085,29.44844126701355
stim_68_harmonic.wav,80.00000059604645,0.0,64.01558518409729,22.56719470024109
stim_68_harmonic.wav,45.0,0.0,43.97144794464111,26.47634267807007
stim_68_harmonic.wav,60.00000178813934,10.000000298023224,39.313580095767975,30.83874821662903
stim_68_harmonic.wav,64.9999988079071,60.0,44.88605439662933,29.39074695110321
stim_68_harmonic.wav,74.99999821186066,0.0,39.802624583244324,28.08255136013031
stim_68_harmonic.wav,10.000000074505806,20.000000596046448,20.932712852954865,29.168128967285156
stim_68_harmonic.wav,45.0,40.000001192092896,44.19038325548172,29.764212369918823
stim_68_harmonic.wav,20.000000149011612,20.000000596046448,29.947204291820526,29.0573787689209
stim_68_harmonic.wav,64.9999988079071,20.000000596046448,64.40999865531921,37.43416428565979
stim_68_harmonic.wav,0.0,10.000000298023224,31.62065327167511,27.944310307502747
stim_68_harmonic.wav,45.0,40.000001192092896,38.69050294160843,21.682108640670776
stim_68_harmonic.wav,45.0,49.999998807907104,43.557647466659546,23.675698041915894
stim_68_harmonic.wav,15.000000447034836,30.0,25.911329984664917,33.88711452484131
stim_68_harmonic.wav,74.99999821186066,40.000001192092896,69.28977370262146,36.61066174507141
stim_68_harmonic.wav,40.000000298023224,30.0,45.23974657058716,30.241259336471558
stim_68_harmonic.wav,40.000000298023224,49.999998807907104,32.77170717716217,28.556326031684875
stim_68_harmonic.wav,15.000000447034836,30.0,34.404072761535645,30.577415227890015
stim_82_harmonic.wav,5.000000037252903,0.0,40.435561537742615,28.454536199569702
stim_82_harmonic.wav,45.0,40.000001192092896,42.150941491127014,28.263657689094543
stim_82_harmonic.wav,84.99999761581421,49.999998807907104,45.65523147583008,20.80972194671631
stim_82_harmonic.wav,60.00000178813934,49.999998807907104,38.39787393808365,28.705415725708008
stim_82_harmonic.wav,54.99999940395355,0.0,41.33940428495407,28.342414498329163
stim_82_harmonic.wav,70.0000011920929,49.999998807907104,44.41874384880066,28.344351053237915
stim_82_harmonic.wav,25.000001192092896,20.000000596046448,41.88329458236694,28.316593766212463
stim_82_harmonic.wav,64.9999988079071,10.000000298023224,42.49965816736221,28.29851746559143
stim_82_harmonic.wav,25.000001192092896,10.000000298023224,40.27623027563095,28.448633551597595
stim_82_harmonic.wav,30.00000089406967,30.0,35.57354271411896,21.436992287635803
stim_82_harmonic.wav,60.00000178813934,60.0,42.415184676647186,28.274418711662292
stim_82_harmonic.wav,50.00000238418579,49.999998807907104,40.98243176937103,28.400176763534546
stim_82_harmonic.wav,80.00000059604645,20.000000596046448,64.56482648849487,17.86012887954712
stim_82_harmonic.wav,54.99999940395355,30.0,48.5356342792511,31.576402187347412
stim_82_harmonic.wav,5.000000037252903,49.999998807907104,41.32652431726456,28.351356983184814
stim_82_harmonic.wav,74.99999821186066,49.999998807907104,43.172999918460846,28.04458737373352
stim_82_harmonic.wav,74.99999821186066,49.999998807907104,49.3924605846405,26.50439143180847
stim_82_harmonic.wav,70.0000011920929,0.0,40.0603848695755,28.447524905204773
stim_82_harmonic.wav,10.000000074505806,60.0,23.081950843334198,40.05108833312988
stim_82_harmonic.wav,0.0,60.0,41.148669719696045,28.370683193206787
stim_82_harmonic.wav,80.00000059604645,60.0,62.75191605091095,31.944161653518677
stim_82_harmonic.wav,30.00000089406967,30.0,42.00110524892807,28.312522172927856
stim_82_harmonic.wav,84.99999761581421,0.0,56.827431321144104,20.64143657684326
stim_82_harmonic.wav,54.99999940395355,40.000001192092896,42.368173599243164,28.198100924491882
stim_82_harmonic.wav,35.00000059604645,30.0,37.04644829034805,27.001429796218872
stim_82_harmonic.wav,74.99999821186066,60.0,42.89624959230423,28.16868782043457
stim_82_harmonic.wav,64.9999988079071,49.999998807907104,42.03517735004425,28.317993879318237
stim_82_harmonic.wav,50.00000238418579,40.000001192092896,41.18855684995651,28.349767327308655
stim_82_harmonic.wav,84.99999761581421,60.0,72.98804640769958,36.757822036743164
stim_82_harmonic.wav,64.9999988079071,0.0,42.54435986280441,28.2614529132843
stim_82_harmonic.wav,35.00000059604645,20.000000596046448,38.10827314853668,28.59325647354126
stim_82_harmonic.wav,35.00000059604645,60.0,41.88204199075699,28.50039303302765
stim_82_harmonic.wav,20.000000149011612,60.0,38.806613087654114,28.526718020439148
stim_82_harmonic.wav,25.000001192092896,0.0,37.994091510772705,28.659111857414246
stim_82_harmonic.wav,25.000001192092896,10.000000298023224,40.69754630327225,28.445931673049927
stim_82_harmonic.wav,5.000000037252903,49.999998807907104,41.175100207328796,28.355813026428223
stim_82_harmonic.wav,15.000000447034836,60.0,18.09281677007675,38.68259310722351
stim_82_harmonic.wav,80.00000059604645,30.0,42.67419755458832,28.1630140542984
stim_82_harmonic.wav,80.00000059604645,60.0,42.310473918914795,28.277844786643982
stim_82_harmonic.wav,30.00000089406967,10.000000298023224,36.514901518821716,19.820685982704163
stim_82_harmonic.wav,64.9999988079071,0.0,41.49882137775421,28.3098703622818
stim_82_harmonic.wav,10.000000074505806,30.0,41.66458457708359,28.335304856300354
stim_82_harmonic.wav,10.000000074505806,10.000000298023224,40.43248236179352,28.590656518936157
stim_82_harmonic.wav,30.00000089406967,10.000000298023224,35.2639165520668,26.604278683662415
stim_82_harmonic.wav,20.000000149011612,30.0,17.968340814113617,23.045700788497925
stim_82_harmonic.wav,54.99999940395355,49.999998807907104,41.146290600299835,21.655629873275757
stim_82_harmonic.wav,60.00000178813934,60.0,42.02154368162155,28.311815857887268
stim_82_harmonic.wav,35.00000059604645,49.999998807907104,42.18266397714615,23.479755520820618
stim_82_harmonic.wav,90.0,60.0,69.7363668680191,39.996914863586426
stim_82_harmonic.wav,10.000000074505806,10.000000298023224,18.90511840581894,36.21291160583496
stim_82_harmonic.wav,20.000000149011612,30.0,39.78645086288452,28.427358269691467
stim_82_harmonic.wav,15.000000447034836,60.0,15.049150586128235,45.49826145172119
stim_82_harmonic.wav,70.0000011920929,20.000000596046448,54.16026413440704,25.54071307182312
stim_82_harmonic.wav,0.0,20.000000596046448,40.35023510456085,28.428284525871277
stim_82_harmonic.wav,74.99999821186066,60.0,42.71688759326935,28.168768286705017
stim_82_harmonic.wav,20.000000149011612,0.0,39.48932111263275,28.45734715461731
stim_82_harmonic.wav,35.00000059604645,40.000001192092896,43.15394550561905,28.242716789245605
stim_82_harmonic.wav,20.000000149011612,10.000000298023224,27.203095257282257,20.94356417655945
stim_82_harmonic.wav,35.00000059604645,20.000000596046448,42.13397651910782,28.498270511627197
stim_82_harmonic.wav,50.00000238418579,20.000000596046448,42.72244244813919,28.065982460975647
stim_82_harmonic.wav,60.00000178813934,10.000000298023224,57.468618750572205,27.254002690315247
stim_82_harmonic.wav,60.00000178813934,0.0,43.84214669466019,16.018331050872803
stim_82_harmonic.wav,54.99999940395355,30.0,41.980264484882355,28.310839533805847
stim_82_harmonic.wav,70.0000011920929,10.000000298023224,39.00201201438904,29.75012183189392
stim_82_harmonic.wav,50.00000238418579,49.999998807907104,41.51725351810455,28.33122968673706
stim_82_harmonic.wav,5.000000037252903,0.0,41.415241062641144,28.355880975723267
stim_82_harmonic.wav,40.000000298023224,0.0,42.96071380376816,28.600215911865234
stim_82_harmonic.wav,64.9999988079071,40.000001192092896,48.05144190788269,30.912530422210693
stim_82_harmonic.wav,70.0000011920929,40.000001192092896,43.067916333675385,28.113035559654236
stim_82_harmonic.wav,40.000000298023224,60.0,43.251642286777496,31.16553783416748
stim_82_harmonic.wav,70.0000011920929,30.0,57.61483669281006,27.194042801856995
stim_82_harmonic.wav,35.00000059604645,49.999998807907104,40.23615539073944,28.455272912979126
stim_82_harmonic.wav,15.000000447034836,10.000000298023224,38.977904319763184,28.481503129005432
stim_82_harmonic.wav,40.000000298023224,0.0,41.986251175403595,28.313035368919373
stim_82_harmonic.wav,30.00000089406967,10.000000298023224,34.019645154476166,16.933688521385193
stim_82_harmonic.wav,54.99999940395355,0.0,39.786617159843445,28.52693259716034
stim_82_harmonic.wav,50.00000238418579,0.0,41.19488686323166,28.358609676361084
stim_82_harmonic.wav,80.00000059604645,40.000001192092896,40.514214634895325,28.434948921203613
stim_82_harmonic.wav,30.00000089406967,60.0,39.51161831617355,28.566384315490723
stim_82_harmonic.wav,80.00000059604645,20.000000596046448,41.789610385894775,28.33324670791626
stim_82_harmonic.wav,70.0000011920929,20.000000596046448,60.65429449081421,26.879589557647705
stim_82_harmonic.wav,10.000000074505806,30.0,18.56812834739685,32.247029542922974
stim_82_harmonic.wav,54.99999940395355,20.000000596046448,42.658764123916626,28.196634650230408
stim_82_harmonic.wav,10.000000074505806,49.999998807907104,16.964904963970184,42.69000291824341
stim_82_harmonic.wav,15.000000447034836,20.000000596046448,41.02975130081177,28.36325705051422
stim_82_harmonic.wav,15.000000447034836,10.000000298023224,39.95072811841965,28.55962872505188
stim_82_harmonic.wav,54.99999940395355,49.999998807907104,40.59119135141373,28.518710732460022
stim_82_harmonic.wav,40.000000298023224,60.0,39.96198266744614,32.48230218887329
stim_82_harmonic.wav,15.000000447034836,0.0,18.07186335325241,19.61004137992859
stim_82_harmonic.wav,10.000000074505806,40.000001192092896,40.6129065155983,28.438519835472107
stim_82_harmonic.wav,10.000000074505806,30.0,40.13876438140869,28.446248173713684
stim_82_harmonic.wav,15.000000447034836,20.000000596046448,40.24963617324829,28.543383479118347
stim_82_harmonic.wav,50.00000238418579,30.0,41.98021084070206,28.3225679397583
stim_82_harmonic.wav,84.99999761581421,60.0,45.51364839076996,28.697574734687805
stim_82_harmonic.wav,15.000000447034836,49.999998807907104,40.392630100250244,28.421908020973206
stim_82_harmonic.wav,20.000000149011612,20.000000596046448,26.632736921310425,19.394364953041077
stim_82_harmonic.wav,10.000000074505806,20.000000596046448,18.89931946992874,33.721275329589844
stim_82_harmonic.wav,25.000001192092896,40.000001192092896,22.27255403995514,27.802873849868774
stim_82_harmonic.wav,15.000000447034836,20.000000596046448,19.704065322875977,24.296591877937317
stim_82_harmonic.wav,45.0,0.0,48.89262020587921,31.07675313949585
stim_82_harmonic.wav,10.000000074505806,0.0,37.40663141012192,28.67136061191559
stim_82_harmonic.wav,5.000000037252903,10.000000298023224,40.52076995372772,28.528266549110413
stim_82_harmonic.wav,64.9999988079071,30.0,51.9736522436142,28.667444586753845
stim_82_harmonic.wav,15.000000447034836,20.000000596046448,38.33183795213699,28.616690039634705
stim_82_harmonic.wav,35.00000059604645,60.0,41.82049602270126,30.03377079963684
stim_82_harmonic.wav,0.0,0.0,15.211528837680817,28.567110300064087
stim_97_harmonic.wav,40.000000298023224,49.999998807907104,40.44940173625946,28.4565532207489
stim_97_harmonic.wav,80.00000059604645,20.000000596046448,40.71209192276001,28.43485414981842
stim_97_harmonic.wav,35.00000059604645,10.000000298023224,41.98199450969696,28.213824033737183
stim_97_harmonic.wav,20.000000149011612,49.999998807907104,40.786729753017426,28.470788598060608
stim_97_harmonic.wav,45.0,20.000000596046448,41.501382887363434,28.45654785633087
stim_97_harmonic.wav,74.99999821186066,40.000001192092896,40.337336361408234,28.43690514564514
stim_97_harmonic.wav,60.00000178813934,60.0,41.75459146499634,28.53927969932556
stim_97_harmonic.wav,35.00000059604645,30.0,41.20255529880524,28.39285969734192
stim_97_harmonic.wav,0.0,40.000001192092896,41.52948439121246,28.34178864955902
stim_97_harmonic.wav,80.00000059604645,49.999998807907104,40.55916577577591,28.529287576675415
stim_97_harmonic.wav,35.00000059604645,0.0,41.021350622177124,28.501948714256287
stim_97_harmonic.wav,25.000001192092896,49.999998807907104,40.63693106174469,28.42439889907837
stim_97_harmonic.wav,15.000000447034836,20.000000596046448,41.77737146615982,28.858870267868042
stim_97_harmonic.wav,10.000000074505806,20.000000596046448,34.460973143577576,28.76907169818878
stim_97_harmonic.wav,10.000000074505806,49.999998807907104,35.3456112742424,27.47152090072632
stim_97_harmonic.wav,10.000000074505806,10.000000298023224,41.176529824733734,28.40660333633423
stim_97_harmonic.wav,5.000000037252903,60.0,40.177854895591736,28.433260917663574
stim_97_harmonic.wav,20.000000149011612,20.000000596046448,40.05966603755951,28.40404987335205
stim_97_harmonic.wav,35.00000059604645,49.999998807907104,41.52151554822922,28.134026527404785
stim_97_harmonic.wav,40.000000298023224,20.000000596046448,40.03394901752472,28.491334319114685
stim_97_harmonic.wav,54.99999940395355,49.999998807907104,42.682359516620636,29.136128425598145
stim_97_harmonic.wav,40.000000298023224,20.000000596046448,40.84700167179108,28.40459704399109
stim_97_harmonic.wav,5.000000037252903,30.0,36.02722764015198,29.49021577835083
stim_97_harmonic.wav,40.000000298023224,40.000001192092896,40.71129262447357,28.056271076202393
stim_97_harmonic.wav,70.0000011920929,10.000000298023224,40.41750222444534,28.492639660835266
stim_97_harmonic.wav,54.99999940395355,30.0,40.48843592405319,28.443995118141174
stim_97_harmonic.wav,90.0,0.0,40.86008548736572,28.41774880886078
stim_97_harmonic.wav,40.000000298023224,40.000001192092896,40.29926240444183,28.445375561714172
stim_97_harmonic.wav,90.0,49.999998807907104,41.35898441076279,28.50065588951111
stim_97_harmonic.wav,0.0,49.999998807907104,39.729531705379486,27.83469021320343
stim_97_harmonic.wav,70.0000011920929,30.0,41.36834263801575,28.506547808647156
stim_97_harmonic.wav,64.9999988079071,49.999998807907104,41.026422679424286,28.602914214134216
stim_97_harmonic.wav,50.00000238418579,20.000000596046448,41.55275523662567,28.372040390968323
stim_97_harmonic.wav,25.000001192092896,40.000001192092896,39.21588599681854,28.298054337501526
stim_97_harmonic.wav,90.0,0.0,40.30608057975769,28.454965353012085
stim_97_harmonic.wav,90.0,30.0,42.99579441547394,27.45305299758911
stim_97_harmonic.wav,50.00000238418579,40.000001192092896,39.724963903427124,28.47548246383667
stim_97_harmonic.wav,54.99999940395355,0.0,41.967392563819885,28.321396708488464
stim_97_harmonic.wav,45.0,10.000000298023224,44.344210624694824,28.392233848571777
stim_97_harmonic.wav,90.0,10.000000298023224,43.95125359296799,27.368329167366028
stim_97_harmonic.wav,60.00000178813934,10.000000298023224,40.13998746871948,28.454423546791077
stim_97_harmonic.wav,30.00000089406967,30.0,44.11535918712616,26.91098928451538
stim_97_harmonic.wav,35.00000059604645,20.000000596046448,40.568279922008514,28.471308946609497
stim_97_harmonic.wav,30.00000089406967,49.999998807907104,40.43072551488876,28.431780338287354
stim_97_harmonic.wav,15.000000447034836,49.999998807907104,38.47647875547409,30.135351419448853
stim_97_harmonic.wav,35.00000059604645,49.999998807907104,40.24197578430176,28.467809557914734
stim_97_harmonic.wav,60.00000178813934,30.0,41.981787979602814,28.343807458877563
stim_97_harmonic.wav,15.000000447034836,40.000001192092896,35.21893322467804,31.000102758407593
stim_97_harmonic.wav,30.00000089406967,60.0,40.31379461288452,28.462480902671814
stim_97_harmonic.wav,5.000000037252903,0.0,35.178976356983185,29.285273551940918
stim_97_harmonic.wav,0.0,10.000000298023224,42.50466048717499,28.47452938556671
stim_97_harmonic.wav,0.0,10.000000298023224,39.884490966796875,28.365928530693054
stim_97_harmonic.wav,40.000000298023224,0.0,40.89414954185486,27.893993854522705
stim_97_harmonic.wav,40.000000298023224,10.000000298023224,41.656798124313354,28.482593894004822
stim_97_harmonic.wav,45.0,20.000000596046448,40.601689517498016,28.43035340309143
stim_97_harmonic.wav,35.00000059604645,10.000000298023224,40.23983269929886,28.48190724849701
stim_97_harmonic.wav,25.000001192092896,30.0,40.50389617681503,28.598182797431946
stim_97_harmonic.wav,0.0,30.0,40.63699543476105,28.478987216949463
stim_97_harmonic.wav,20.000000149011612,40.000001192092896,41.10126167535782,28.382935523986816
stim_97_harmonic.wav,60.00000178813934,10.000000298023224,37.99243927001953,28.24891448020935
stim_97_harmonic.wav,80.00000059604645,30.0,39.56638365983963,28.489562273025513
stim_97_harmonic.wav,64.9999988079071,10.000000298023224,41.07889473438263,28.395463228225708
stim_97_harmonic.wav,20.000000149011612,40.000001192092896,40.140295922756195,28.460306525230408
stim_97_harmonic.wav,30.00000089406967,60.0,43.09616535902023,32.32994198799133
stim_97_harmonic.wav,20.000000149011612,0.0,39.23416256904602,28.527050614356995
stim_97_harmonic.wav,15.000000447034836,40.000001192092896,40.81041634082794,28.410004377365112
stim_97_harmonic.wav,10.000000074505806,40.000001192092896,41.085120141506195,28.389530181884766
stim_97_harmonic.wav,25.000001192092896,60.0,44.52237367630005,31.902880668640137
stim_97_harmonic.wav,80.00000059604645,60.0,41.07214093208313,28.36205542087555
stim_97_harmonic.wav,10.000000074505806,49.999998807907104,40.107610523700714,28.467689752578735
stim_97_harmonic.wav,0.0,49.999998807907104,40.945318043231964,28.43297302722931
stim_97_harmonic.wav,80.00000059604645,0.0,45.423595905303955,26.184462904930115
stim_97_harmonic.wav,80.00000059604645,20.000000596046448,40.44896185398102,28.490225672721863
stim_97_harmonic.wav,0.0,60.0,41.232542395591736,28.525334000587463
stim_97_harmonic.wav,40.000000298023224,0.0,40.96604883670807,29.299069046974182
stim_97_harmonic.wav,54.99999940395355,0.0,41.830409467220306,28.477413654327393
stim_97_harmonic.wav,10.000000074505806,0.0,40.69358468055725,28.412336111068726
stim_97_harmonic.wav,5.000000037252903,49.999998807907104,41.17438405752182,28.49302053451538
stim_97_harmonic.wav,60.00000178813934,60.0,41.526925563812256,28.35481882095337
stim_97_harmonic.wav,74.99999821186066,60.0,44.83159214258194,26.398619413375854
stim_97_harmonic.wav,70.0000011920929,30.0,41.20552718639374,28.381463885307312
stim_97_harmonic.wav,64.9999988079071,60.0,42.12845116853714,28.396893739700317
stim_97_harmonic.wav,45.0,20.000000596046448,41.09047383069992,28.398467302322388
stim_97_harmonic.wav,15.000000447034836,20.000000596046448,40.118958950042725,28.448240160942078
stim_97_harmonic.wav,60.00000178813934,30.0,33.423280119895935,27.984302043914795
stim_97_harmonic.wav,50.00000238418579,30.0,41.46284222602844,28.456825017929077
stim_97_harmonic.wav,40.000000298023224,30.0,42.19930976629257,31.49353265762329
stim_97_harmonic.wav,35.00000059604645,30.0,39.83734577894211,28.040472865104675
stim_97_harmonic.wav,64.9999988079071,20.000000596046448,42.06173658370972,28.188777565956116
stim_97_harmonic.wav,5.000000037252903,20.000000596046448,41.12375736236572,28.362046480178833
stim_97_harmonic.wav,35.00000059604645,10.000000298023224,41.09633445739746,28.374323844909668
stim_97_harmonic.wav,45.0,60.0,43.47149223089218,31.44832491874695
stim_97_harmonic.wav,25.000001192092896,49.999998807907104,40.01165717840195,28.30019474029541
stim_97_harmonic.wav,0.0,60.0,42.29639768600464,28.425042629241943
stim_97_harmonic.wav,15.000000447034836,60.0,41.39777183532715,28.34660053253174
stim_97_harmonic.wav,84.99999761581421,0.0,41.84532791376114,27.416367530822754
stim_97_harmonic.wav,84.99999761581421,0.0,41.4531272649765,28.34734082221985
stim_97_harmonic.wav,5.000000037252903,40.000001192092896,36.36804521083832,28.466375470161438
stim_97_harmonic.wav,30.00000089406967,60.0,45.53007960319519,33.7690544128418
stim_97_harmonic.wav,74.99999821186066,20.000000596046448,40.989810526371,28.567129969596863
stim_97_harmonic.wav,20.000000149011612,60.0,40.007341504096985,28.566988706588745
stim_97_harmonic.wav,30.00000089406967,60.0,41.70352220535278,34.1890025138855
stim_97_harmonic.wav,30.00000089406967,10.000000298023224,40.693954825401306,27.81295359134674
stim_97_harmonic.wav,60.00000178813934,60.0,37.37740069627762,26.428059339523315
stim_97_harmonic.wav,80.00000059604645,49.999998807907104,40.59302598237991,28.441697359085083
stim_97_harmonic.wav,54.99999940395355,0.0,41.76007926464081,28.268333673477173
stim_97_harmonic.wav,50.00000238418579,10.000000298023224,40.84571421146393,28.522052764892578
stim_97_harmonic.wav,40.000000298023224,40.000001192092896,40.82785874605179,28.437159061431885
stim_97_harmonic.wav,60.00000178813934,30.0,39.8502579331398,28.771308660507202
stim_97_harmonic.wav,84.99999761581421,0.0,41.57764345407486,28.327154517173767
stim_97_harmonic.wav,54.99999940395355,60.0,47.08995044231415,26.662133932113647
stim_97_harmonic.wav,54.99999940395355,40.000001192092896,40.43548911809921,28.441548943519592
stim_97_harmonic.wav,60.00000178813934,30.0,40.63760697841644,28.444663882255554
stim_97_harmonic.wav,0.0,20.000000596046448,41.11135482788086,28.36250603199005
stim_97_harmonic.wav,15.000000447034836,10.000000298023224,39.69847708940506,28.332694172859192
stim_97_harmonic.wav,84.99999761581421,40.000001192092896,39.643258452415466,28.62864375114441
stim_97_harmonic.wav,45.0,40.000001192092896,42.54211485385895,28.613805770874023
stim_97_harmonic.wav,10.000000074505806,10.000000298023224,41.311375200748444,28.366127014160156
stim_97_harmonic.wav,40.000000298023224,30.0,43.96775186061859,29.19846475124359
stim_97_harmonic.wav,84.99999761581421,60.0,40.43540596961975,28.5560542345047
stim_97_harmonic.wav,0.0,20.000000596046448,37.32747405767441,29.26131248474121
stim_97_harmonic.wav,20.000000149011612,60.0,39.11136031150818,28.15769612789154
stim_97_harmonic.wav,80.00000059604645,0.0,41.12503409385681,28.36095929145813
stim_97_harmonic.wav,30.00000089406967,60.0,40.526177287101746,27.16182768344879
stim_97_harmonic.wav,15.000000447034836,20.000000596046448,38.350758254528046,29.66434121131897
stim_97_harmonic.wav,25.000001192092896,60.0,42.27790117263794,30.01623272895813
stim_97_harmonic.wav,35.00000059604645,40.000001192092896,40.231195986270905,28.505457043647766
stim_97_harmonic.wav,35.00000059604645,30.0,40.75357496738434,28.405246138572693
stim_97_harmonic.wav,84.99999761581421,60.0,41.17125391960144,28.39276671409607
stim_97_harmonic.wav,90.0,20.000000596046448,39.74930226802826,28.48139762878418
stim_97_harmonic.wav,90.0,49.999998807907104,41.41766309738159,28.504886627197266
stim_97_harmonic.wav,80.00000059604645,0.0,40.593608021736145,28.524051904678345
stim_97_harmonic.wav,15.000000447034836,40.000001192092896,40.34184515476227,28.43812644481659
stim_97_harmonic.wav,64.9999988079071,49.999998807907104,41.99982851743698,28.020249009132385
stim_97_harmonic.wav,80.00000059604645,30.0,39.80646014213562,28.458160758018494
stim_97_harmonic.wav,30.00000089406967,40.000001192092896,39.83344316482544,29.133755564689636
stim_72_harmonic.wav,10.000000074505806,0.0,32.47152239084244,29.379846453666687
stim_72_harmonic.wav,64.9999988079071,0.0,63.119110465049744,28.232114911079407
stim_72_harmonic.wav,80.00000059604645,40.000001192092896,41.87560737133026,28.469631671905518
stim_72_harmonic.wav,30.00000089406967,60.0,44.515863955020905,28.935737013816833
stim_72_harmonic.wav,84.99999761581421,60.0,61.76087737083435,33.42684030532837
stim_72_harmonic.wav,40.000000298023224,40.000001192092896,43.019974529743195,27.110713720321655
stim_72_harmonic.wav,54.99999940395355,60.0,44.20155197381973,30.63534379005432
stim_72_harmonic.wav,40.000000298023224,49.999998807907104,40.48561692237854,29.407827258110046
stim_72_harmonic.wav,54.99999940395355,30.0,51.15204870700836,25.91625988483429
stim_72_harmonic.wav,50.00000238418579,20.000000596046448,42.64588683843613,28.250809907913208
stim_72_harmonic.wav,45.0,30.0,42.967059910297394,29.07894194126129
stim_72_harmonic.wav,45.0,30.0,46.209644079208374,34.50625419616699
stim_72_harmonic.wav,15.000000447034836,20.000000596046448,33.44836950302124,28.996496200561523
stim_72_harmonic.wav,84.99999761581421,40.000001192092896,38.87631565332413,28.716149926185608
stim_72_harmonic.wav,50.00000238418579,20.000000596046448,46.32655620574951,31.162075996398926
stim_72_harmonic.wav,60.00000178813934,0.0,44.567413330078125,31.41418218612671
stim_72_harmonic.wav,25.000001192092896,60.0,42.46344566345215,28.6909282207489
stim_72_harmonic.wav,5.000000037252903,10.000000298023224,9.194440841674805,21.75897717475891
stim_72_harmonic.wav,10.000000074505806,60.0,32.82987356185913,31.113778352737427
stim_72_harmonic.wav,50.00000238418579,49.999998807907104,45.69444000720978,36.73464775085449
stim_72_harmonic.wav,25.000001192092896,10.000000298023224,39.45603221654892,28.69843304157257
stim_72_harmonic.wav,60.00000178813934,0.0,39.11031424999237,29.103460907936096
stim_72_harmonic.wav,30.00000089406967,49.999998807907104,31.48623436689377,38.738815784454346
stim_72_harmonic.wav,25.000001192092896,60.0,36.749879121780396,28.660531640052795
stim_72_harmonic.wav,15.000000447034836,60.0,14.469412565231323,35.57886600494385
stim_72_harmonic.wav,20.000000149011612,0.0,38.922216296195984,28.58929932117462
stim_72_harmonic.wav,45.0,40.000001192092896,39.707618057727814,29.370839595794678
stim_72_harmonic.wav,40.000000298023224,30.0,42.24486708641052,33.403193950653076
stim_72_harmonic.wav,84.99999761581421,40.000001192092896,58.165971636772156,31.378015279769897
stim_72_harmonic.wav,60.00000178813934,49.999998807907104,62.0487105846405,32.545838356018066
stim_72_harmonic.wav,30.00000089406967,30.0,45.519254207611084,31.01562738418579
stim_72_harmonic.wav,15.000000447034836,49.999998807907104,16.73803836107254,30.902409553527832
stim_72_harmonic.wav,64.9999988079071,49.999998807907104,42.56790965795517,30.257184505462646
stim_72_harmonic.wav,35.00000059604645,49.999998807907104,41.846701204776764,28.671823740005493
stim_72_harmonic.wav,25.000001192092896,10.000000298023224,40.927315056324005,28.85454297065735
stim_72_harmonic.wav,80.00000059604645,20.000000596046448,54.311814308166504,26.48874521255493
stim_72_harmonic.wav,35.00000059604645,20.000000596046448,35.991318225860596,37.087368965148926
stim_72_harmonic.wav,90.0,30.0,47.3100471496582,27.921929955482483
stim_72_harmonic.wav,60.00000178813934,60.0,45.67164123058319,28.212820887565613
stim_72_harmonic.wav,45.0,49.999998807907104,44.20206695795059,28.252950310707092
stim_72_harmonic.wav,15.000000447034836,20.000000596046448,33.02173733711243,27.43000030517578
stim_72_harmonic.wav,30.00000089406967,60.0,41.49911105632782,34.38260078430176
stim_72_harmonic.wav,74.99999821186066,30.0,46.98283910751343,29.58180606365204
stim_72_harmonic.wav,74.99999821186066,60.0,49.03692305088043,29.393836855888367
stim_72_harmonic.wav,10.000000074505806,49.999998807907104,22.553233802318573,31.00779891014099
stim_72_harmonic.wav,35.00000059604645,20.000000596046448,40.835816860198975,28.935445547103882
stim_72_harmonic.wav,74.99999821186066,10.000000298023224,42.10010826587677,28.263187408447266
stim_72_harmonic.wav,25.000001192092896,60.0,46.75237834453583,30.04676342010498
stim_72_harmonic.wav,74.99999821186066,40.000001192092896,49.544466733932495,28.185734152793884
stim_72_harmonic.wav,80.00000059604645,40.000001192092896,55.006141662597656,28.808051347732544
stim_72_harmonic.wav,15.000000447034836,49.999998807907104,34.62696969509125,30.66965103149414
stim_72_harmonic.wav,35.00000059604645,30.0,38.96605968475342,32.38706588745117
stim_72_harmonic.wav,64.9999988079071,40.000001192092896,56.91697955131531,36.783950328826904
stim_72_harmonic.wav,40.000000298023224,20.000000596046448,41.82718276977539,31.310513019561768
stim_72_harmonic.wav,30.00000089406967,60.0,42.018925845623016,28.3139830827713
stim_72_harmonic.wav,0.0,20.000000596046448,38.641823530197144,29.45948839187622
stim_72_harmonic.wav,84.99999761581421,49.999998807907104,67.50274658203125,32.31487512588501
stim_72_harmonic.wav,60.00000178813934,60.0,46.043829917907715,27.70881950855255
stim_72_harmonic.wav,50.00000238418579,30.0,43.68443548679352,30.07293462753296
stim_72_harmonic.wav,40.000000298023224,30.0,46.09804809093475,31.366971731185913
stim_72_harmonic.wav,35.00000059604645,40.000001192092896,32.39169716835022,35.74468374252319
stim_72_harmonic.wav,50.00000238418579,0.0,40.5426299571991,28.543009757995605
stim_72_harmonic.wav,74.99999821186066,49.999998807907104,66.99699997901917,37.09343433380127
stim_72_harmonic.wav,80.00000059604645,49.999998807907104,61.00429058074951,34.585736989974976
stim_72_harmonic.wav,40.000000298023224,60.0,43.03061217069626,34.98535394668579
stim_72_harmonic.wav,25.000001192092896,60.0,42.945795357227325,32.782981395721436
stim_72_harmonic.wav,15.000000447034836,49.999998807907104,31.554794311523438,27.86048948764801
stim_72_harmonic.wav,10.000000074505806,0.0,33.44417989253998,30.106905698776245
stim_72_harmonic.wav,54.99999940395355,10.000000298023224,39.55039232969284,27.87134885787964
stim_72_harmonic.wav,10.000000074505806,30.0,14.983691275119781,33.22340369224548
stim_72_harmonic.wav,15.000000447034836,40.000001192092896,24.926779568195343,27.846402525901794
stim_72_harmonic.wav,84.99999761581421,0.0,47.266788482666016,27.55410611629486
stim_72_harmonic.wav,0.0,49.999998807907104,42.17748999595642,28.851937651634216
stim_72_harmonic.wav,0.0,0.0,32.75607794523239,29.26612615585327
stim_72_harmonic.wav,35.00000059604645,60.0,39.251022934913635,28.5019451379776
stim_72_harmonic.wav,20.000000149011612,20.000000596046448,21.965475976467133,25.755436420440674
stim_72_harmonic.wav,70.0000011920929,30.0,40.94397157430649,28.33455204963684
stim_72_harmonic.wav,45.0,20.000000596046448,40.19193917512894,29.9607914686203
stim_72_harmonic.wav,50.00000238418579,60.0,49.45986449718475,30.456740856170654
stim_72_harmonic.wav,84.99999761581421,49.999998807907104,43.44892144203186,29.125750064849854
stim_72_harmonic.wav,40.000000298023224,10.000000298023224,40.26096045970917,31.70912504196167
stim_72_harmonic.wav,64.9999988079071,20.000000596046448,41.82509869337082,30.27302384376526
stim_72_harmonic.wav,74.99999821186066,30.0,40.13094574213028,28.832432627677917
stim_72_harmonic.wav,10.000000074505806,10.000000298023224,32.744984328746796,29.59145486354828
stim_72_harmonic.wav,50.00000238418579,20.000000596046448,39.5834881067276,29.720081090927124
stim_72_harmonic.wav,64.9999988079071,20.000000596046448,44.172871112823486,29.531312584877014
stim_72_harmonic.wav,60.00000178813934,10.000000298023224,59.69446063041687,31.30932927131653
stim_72_harmonic.wav,74.99999821186066,60.0,68.46886217594147,29.540855884552002
stim_72_harmonic.wav,0.0,60.0,3.452204167842865,25.251771211624146
stim_72_harmonic.wav,45.0,60.0,41.944022476673126,35.72980999946594
stim_72_harmonic.wav,20.000000149011612,0.0,30.901480615139008,27.116256952285767
stim_72_harmonic.wav,20.000000149011612,60.0,46.72964930534363,28.61113965511322
stim_72_harmonic.wav,84.99999761581421,60.0,41.29260241985321,27.92578876018524
stim_72_harmonic.wav,10.000000074505806,10.000000298023224,24.66406524181366,25.94462513923645
stim_72_harmonic.wav,20.000000149011612,20.000000596046448,39.609076380729675,28.64726185798645
stim_72_harmonic.wav,90.0,60.0,46.758445501327515,30.855767726898193
stim_72_harmonic.wav,64.9999988079071,10.000000298023224,44.29954379796982,28.54534149169922
stim_72_harmonic.wav,45.0,60.0,41.293761134147644,33.3550500869751
stim_72_harmonic.wav,10.000000074505806,40.000001192092896,27.03126221895218,28.179200291633606
stim_72_harmonic.wav,20.000000149011612,0.0,35.450788736343384,26.225016117095947
stim_72_harmonic.wav,25.000001192092896,60.0,41.26822918653488,37.65064001083374
stim_72_harmonic.wav,50.00000238418579,0.0,43.26966941356659,28.016855120658875
stim_72_harmonic.wav,50.00000238418579,20.000000596046448,47.06985533237457,16.94330334663391
stim_72_harmonic.wav,5.000000037252903,20.000000596046448,28.50466400384903,30.01921534538269
stim_72_harmonic.wav,5.000000037252903,40.000001192092896,31.21087074279785,30.51418662071228
stim_72_harmonic.wav,80.00000059604645,60.0,44.101486802101135,29.640101194381714
stim_72_harmonic.wav,5.000000037252903,0.0,35.02363085746765,28.65725576877594
stim_72_harmonic.wav,80.00000059604645,49.999998807907104,41.940409541130066,28.636284470558167
stim_72_harmonic.wav,84.99999761581421,0.0,77.00507283210754,13.612799942493439
stim_72_harmonic.wav,15.000000447034836,20.000000596046448,44.43842589855194,29.03331756591797
stim_72_harmonic.wav,35.00000059604645,0.0,41.38729512691498,28.823652863502502
stim_72_harmonic.wav,25.000001192092896,60.0,41.37243032455444,28.671283721923828
stim_72_harmonic.wav,5.000000037252903,40.000001192092896,35.107297003269196,29.353212118148804
stim_72_harmonic.wav,10.000000074505806,60.0,12.933829128742218,42.589545249938965
stim_72_harmonic.wav,84.99999761581421,40.000001192092896,40.462182462215424,28.554317951202393
stim_72_harmonic.wav,60.00000178813934,60.0,66.90620183944702,34.80443716049194
stim_72_harmonic.wav,25.000001192092896,40.000001192092896,27.201783657073975,34.49361562728882
stim_72_harmonic.wav,45.0,49.999998807907104,41.017348766326904,28.45446467399597
stim_72_harmonic.wav,35.00000059604645,40.000001192092896,40.41175425052643,28.648948073387146
stim_72_harmonic.wav,54.99999940395355,20.000000596046448,46.070040464401245,22.216511964797974
stim_72_harmonic.wav,40.000000298023224,20.000000596046448,42.6455944776535,32.08349347114563
stim_72_harmonic.wav,40.000000298023224,40.000001192092896,41.39877498149872,28.32463502883911
stim_72_harmonic.wav,20.000000149011612,30.0,37.53555178642273,28.23317527770996
stim_72_harmonic.wav,30.00000089406967,20.000000596046448,46.87673628330231,30.465270280838013
stim_72_harmonic.wav,80.00000059604645,49.999998807907104,43.07128518819809,28.954702019691467
stim_72_harmonic.wav,60.00000178813934,0.0,43.15173268318176,29.43434715270996
stim_72_harmonic.wav,20.000000149011612,60.0,22.878427505493164,29.054816365242004
stim_78_harmonic.wav,60.00000178813934,0.0,49.82233285903931,24.059969186782837
stim_78_harmonic.wav,74.99999821186066,49.999998807907104,62.588247656822205,33.535401821136475
stim_78_harmonic.wav,0.0,40.000001192092896,39.8847296833992,28.956574201583862
stim_78_harmonic.wav,15.000000447034836,40.000001192092896,23.711891770362854,26.404412984848022
stim_78_harmonic.wav,40.000000298023224,30.0,38.561126589775085,28.513535857200623
stim_78_harmonic.wav,80.00000059604645,60.0,44.90027815103531,29.316598176956177
stim_78_harmonic.wav,60.00000178813934,10.000000298023224,48.42952072620392,22.14138686656952
stim_78_harmonic.wav,30.00000089406967,60.0,32.56555259227753,30.750324726104736
stim_78_harmonic.wav,90.0,20.000000596046448,43.59841972589493,28.261311650276184
stim_78_harmonic.wav,74.99999821186066,49.999998807907104,40.92404007911682,28.283379077911377
stim_78_harmonic.wav,60.00000178813934,0.0,50.766454339027405,26.93791687488556
stim_78_harmonic.wav,60.00000178813934,40.000001192092896,46.40028476715088,30.993701219558716
stim_78_harmonic.wav,74.99999821186066,30.0,63.28278422355652,33.79682421684265
stim_78_harmonic.wav,50.00000238418579,40.000001192092896,40.49612581729889,28.47263216972351
stim_78_harmonic.wav,0.0,20.000000596046448,9.166419804096222,28.08932662010193
stim_78_harmonic.wav,5.000000037252903,20.000000596046448,12.081734240055084,23.82442831993103
stim_78_harmonic.wav,80.00000059604645,60.0,43.74801725149155,28.72192919254303
stim_78_harmonic.wav,64.9999988079071,40.000001192092896,58.077635765075684,32.752976417541504
stim_78_harmonic.wav,74.99999821186066,20.000000596046448,57.999937534332275,26.9596928358078
stim_78_harmonic.wav,15.000000447034836,30.0,17.04043060541153,22.20121443271637
stim_78_harmonic.wav,45.0,0.0,43.16987246274948,28.5931259393692
stim_78_harmonic.wav,60.00000178813934,30.0,60.938318967819214,28.974021077156067
stim_78_harmonic.wav,20.000000149011612,30.0,36.8988972902298,28.95303189754486
stim_78_harmonic.wav,25.000001192092896,20.000000596046448,34.3175607919693,23.96787464618683
stim_78_harmonic.wav,20.000000149011612,40.000001192092896,39.70825374126434,26.59259855747223
stim_78_harmonic.wav,40.000000298023224,30.0,37.11311995983124,27.576348781585693
stim_78_harmonic.wav,25.000001192092896,49.999998807907104,41.51863753795624,28.72314691543579
stim_78_harmonic.wav,60.00000178813934,49.999998807907104,41.86164915561676,29.018656611442566
stim_78_harmonic.wav,50.00000238418579,0.0,46.46668553352356,27.864559292793274
stim_78_harmonic.wav,74.99999821186066,0.0,44.72187101840973,27.991490364074707
stim_78_harmonic.wav,60.00000178813934,10.000000298023224,58.62773001194,26.274974942207336
stim_78_harmonic.wav,35.00000059604645,20.000000596046448,37.046300768852234,28.606690764427185
stim_78_harmonic.wav,20.000000149011612,30.0,36.25540852546692,28.462108969688416
stim_78_harmonic.wav,64.9999988079071,20.000000596046448,57.184234857559204,32.0740020275116
stim_78_harmonic.wav,45.0,49.999998807907104,34.53223675489426,24.810422658920288
stim_78_harmonic.wav,35.00000059604645,60.0,40.43099105358124,34.550803899765015
stim_78_harmonic.wav,20.000000149011612,30.0,39.23110485076904,28.49743902683258
stim_78_harmonic.wav,30.00000089406967,40.000001192092896,30.063915252685547,26.879146099090576
stim_78_harmonic.wav,45.0,30.0,41.93036466836929,28.882511258125305
stim_78_harmonic.wav,80.00000059604645,0.0,41.684290766716,28.881136178970337
stim_78_harmonic.wav,60.00000178813934,10.000000298023224,55.79599320888519,23.376991152763367
stim_78_harmonic.wav,60.00000178813934,30.0,54.852343797683716,27.07211136817932
stim_78_harmonic.wav,74.99999821186066,10.000000298023224,43.551523983478546,24.879714846611023
stim_78_harmonic.wav,40.000000298023224,49.999998807907104,39.047931432724,28.50613296031952
stim_78_harmonic.wav,35.00000059604645,40.000001192092896,30.90881645679474,30.612469911575317
stim_78_harmonic.wav,5.000000037252903,40.000001192092896,14.722519218921661,23.93824875354767
stim_78_harmonic.wav,84.99999761581421,30.0,39.37533795833588,28.49855661392212
stim_78_harmonic.wav,84.99999761581421,49.999998807907104,60.42502999305725,31.97312593460083
stim_78_harmonic.wav,45.0,40.000001192092896,42.171495258808136,28.740676045417786
stim_78_harmonic.wav,60.00000178813934,40.000001192092896,43.10904264450073,28.958144187927246
stim_78_harmonic.wav,35.00000059604645,0.0,38.51100146770477,23.074564933776855
stim_78_harmonic.wav,5.000000037252903,10.000000298023224,12.917494475841522,20.12209117412567
stim_78_harmonic.wav,70.0000011920929,60.0,48.88735771179199,26.320964097976685
stim_78_harmonic.wav,90.0,40.000001192092896,51.87461972236633,28.887895345687866
stim_78_harmonic.wav,20.000000149011612,20.000000596046448,36.919837296009064,27.22123146057129
stim_78_harmonic.wav,25.000001192092896,60.0,41.59538358449936,28.840625882148743
stim_78_harmonic.wav,25.000001192092896,49.999998807907104,41.22205227613449,28.370579481124878
stim_78_harmonic.wav,10.000000074505806,60.0,38.58044922351837,28.510082960128784
stim_78_harmonic.wav,84.99999761581421,30.0,39.10612463951111,28.696317672729492
stim_78_harmonic.wav,5.000000037252903,10.000000298023224,38.09141546487808,28.55352759361267
stim_78_harmonic.wav,74.99999821186066,20.000000596046448,47.67936050891876,29.035191535949707
stim_78_harmonic.wav,35.00000059604645,0.0,39.54943209886551,28.4484726190567
stim_78_harmonic.wav,50.00000238418579,0.0,43.71537208557129,28.365270495414734
stim_78_harmonic.wav,15.000000447034836,20.000000596046448,40.37317872047424,28.433833122253418
stim_78_harmonic.wav,20.000000149011612,30.0,37.779233157634735,28.285013437271118
stim_78_harmonic.wav,80.00000059604645,49.999998807907104,44.359408020973206,27.751750946044922
stim_78_harmonic.wav,60.00000178813934,30.0,59.957789182662964,29.48825240135193
stim_78_harmonic.wav,35.00000059604645,30.0,33.660462498664856,21.80750548839569
stim_78_harmonic.wav,74.99999821186066,60.0,65.2936041355133,34.542224407196045
stim_78_harmonic.wav,50.00000238418579,60.0,41.97910577058792,28.960774540901184
stim_78_harmonic.wav,30.00000089406967,40.000001192092896,38.28407049179077,28.505980968475342
stim_78_harmonic.wav,40.000000298023224,20.000000596046448,41.36357098817825,28.34102690219879
stim_78_harmonic.wav,60.00000178813934,20.000000596046448,46.875035762786865,30.000665187835693
stim_78_harmonic.wav,10.000000074505806,40.000001192092896,43.69827300310135,27.36209213733673
stim_78_harmonic.wav,50.00000238418579,20.000000596046448,43.39498221874237,28.281750082969666
stim_78_harmonic.wav,50.00000238418579,30.0,44.35872405767441,29.32652771472931
stim_78_harmonic.wav,35.00000059604645,49.999998807907104,35.298050343990326,24.14130449295044
stim_78_harmonic.wav,35.00000059604645,20.000000596046448,40.51775515079498,29.188433289527893
stim_78_harmonic.wav,50.00000238418579,60.0,45.76709568500519,27.466084957122803
stim_78_harmonic.wav,45.0,0.0,45.007097125053406,29.650846123695374
stim_78_harmonic.wav,5.000000037252903,60.0,35.890856087207794,29.049328565597534
stim_78_harmonic.wav,80.00000059604645,10.000000298023224,51.36032223701477,26.953808069229126
stim_78_harmonic.wav,40.000000298023224,60.0,42.28046804666519,24.871927499771118
stim_78_harmonic.wav,84.99999761581421,40.000001192092896,65.20398616790771,33.35807919502258
stim_78_harmonic.wav,90.0,40.000001192092896,42.01269507408142,28.367890119552612
stim_78_harmonic.wav,74.99999821186066,0.0,67.09490060806274,18.96514892578125
stim_78_harmonic.wav,20.000000149011612,20.000000596046448,25.750354528427124,27.345158457756042
stim_78_harmonic.wav,70.0000011920929,30.0,49.05153572559357,26.638695001602173
stim_78_harmonic.wav,64.9999988079071,30.0,53.919525146484375,26.63548707962036
stim_78_harmonic.wav,30.00000089406967,49.999998807907104,39.51486110687256,27.103176712989807
stim_78_harmonic.wav,5.000000037252903,10.000000298023224,39.663771986961365,28.63043189048767
stim_78_harmonic.wav,30.00000089406967,20.000000596046448,41.373237669467926,27.905545234680176
stim_78_harmonic.wav,50.00000238418579,60.0,49.44578289985657,38.978068828582764
stim_78_harmonic.wav,5.000000037252903,40.000001192092896,42.475263476371765,28.749114274978638
stim_78_harmonic.wav,0.0,30.0,37.76998221874237,28.686066269874573
stim_78_harmonic.wav,15.000000447034836,49.999998807907104,18.489797115325928,19.64239776134491
stim_78_harmonic.wav,50.00000238418579,0.0,50.95367789268494,27.67106294631958
stim_78_harmonic.wav,40.000000298023224,40.000001192092896,36.93620949983597,29.417320489883423
stim_78_harmonic.wav,10.000000074505806,60.0,18.492870926856995,26.15761399269104
stim_78_harmonic.wav,40.000000298023224,60.0,45.21715700626373,26.216663718223572
stim_78_harmonic.wav,54.99999940395355,30.0,47.72263526916504,29.266852140426636
stim_78_harmonic.wav,60.00000178813934,0.0,52.09546208381653,31.56309485435486
stim_78_harmonic.wav,84.99999761581421,60.0,43.93400967121124,29.34246003627777
stim_78_harmonic.wav,54.99999940395355,0.0,54.73682641983032,29.41429316997528
stim_78_harmonic.wav,54.99999940395355,40.000001192092896,45.156437158584595,27.873176336288452
stim_78_harmonic.wav,74.99999821186066,20.000000596046448,46.27541720867157,28.906116485595703
stim_78_harmonic.wav,80.00000059604645,60.0,46.543214321136475,28.339596390724182
stim_78_harmonic.wav,5.000000037252903,10.000000298023224,10.20255982875824,19.601197242736816
stim_78_harmonic.wav,10.000000074505806,20.000000596046448,38.35129737854004,28.60288381576538
stim_78_harmonic.wav,15.000000447034836,30.0,36.6103720664978,28.993892669677734
stim_78_harmonic.wav,30.00000089406967,49.999998807907104,33.26828062534332,27.93383002281189
stim_78_harmonic.wav,74.99999821186066,40.000001192092896,48.16186308860779,27.330926656723022
stim_78_harmonic.wav,45.0,49.999998807907104,34.99135047197342,26.77109956741333
stim_78_harmonic.wav,15.000000447034836,49.999998807907104,34.60273861885071,29.140908122062683
stim_78_harmonic.wav,10.000000074505806,20.000000596046448,38.21079522371292,29.107478857040405
stim_78_harmonic.wav,40.000000298023224,49.999998807907104,45.51961362361908,26.117178797721863
stim_78_harmonic.wav,64.9999988079071,0.0,54.61455523967743,26.15212082862854
stim_78_harmonic.wav,5.000000037252903,49.999998807907104,34.428561329841614,29.79219138622284
stim_66_harmonic.wav,84.99999761581421,0.0,48.67841362953186,34.55622911453247
stim_66_harmonic.wav,40.000000298023224,10.000000298023224,40.217063426971436,17.126598358154297
stim_66_harmonic.wav,45.0,49.999998807907104,47.63967454433441,32.48538136482239
stim_66_harmonic.wav,64.9999988079071,30.0,52.93537974357605,32.88770914077759
stim_66_harmonic.wav,80.00000059604645,20.000000596046448,53.09136629104614,28.42430055141449
stim_66_harmonic.wav,50.00000238418579,20.000000596046448,59.51790153980255,36.289122104644775
stim_66_harmonic.wav,40.000000298023224,30.0,41.85783237218857,29.242619276046753
stim_66_harmonic.wav,5.000000037252903,49.999998807907104,2.7651026844978333,22.938963174819946
stim_66_harmonic.wav,50.00000238418579,60.0,59.75808799266815,35.35851001739502
stim_66_harmonic.wav,84.99999761581421,49.999998807907104,52.908267974853516,31.572293043136597
stim_66_harmonic.wav,70.0000011920929,49.999998807907104,47.36089646816254,29.913042783737183
stim_66_harmonic.wav,15.000000447034836,40.000001192092896,15.50819456577301,28.54294002056122
stim_66_harmonic.wav,10.000000074505806,0.0,28.31822633743286,34.288820028305054
stim_66_harmonic.wav,50.00000238418579,40.000001192092896,46.748446226119995,28.21531891822815
stim_66_harmonic.wav,5.000000037252903,10.000000298023224,25.96204251050949,27.333185076713562
stim_66_harmonic.wav,35.00000059604645,49.999998807907104,34.63611602783203,27.556892037391663
stim_66_harmonic.wav,45.0,20.000000596046448,49.32018578052521,39.8889684677124
stim_66_harmonic.wav,30.00000089406967,49.999998807907104,35.81173896789551,23.57226312160492
stim_66_harmonic.wav,90.0,40.000001192092896,37.78208166360855,28.11875581741333
stim_66_harmonic.wav,80.00000059604645,0.0,43.96296411752701,30.04059076309204
stim_66_harmonic.wav,60.00000178813934,60.0,22.96629935503006,23.810917139053345
stim_66_harmonic.wav,35.00000059604645,0.0,43.42937082052231,19.879029393196106
stim_66_harmonic.wav,35.00000059604645,49.999998807907104,41.68408691883087,29.454392194747925
stim_66_harmonic.wav,30.00000089406967,40.000001192092896,34.19735491275787,28.235632181167603
stim_66_harmonic.wav,10.000000074505806,30.0,30.560239255428314,26.156426668167114
stim_66_harmonic.wav,20.000000149011612,40.000001192092896,27.88970857858658,31.872907876968384
stim_66_harmonic.wav,25.000001192092896,30.0,41.280977725982666,30.499420166015625
stim_66_harmonic.wav,45.0,30.0,47.06741452217102,31.14681601524353
stim_66_harmonic.wav,10.000000074505806,30.0,14.213130176067352,18.123727440834045
stim_66_harmonic.wav,25.000001192092896,40.000001192092896,34.27229851484299,24.85753834247589
stim_66_harmonic.wav,50.00000238418579,30.0,51.62507236003876,29.502546787261963
stim_66_harmonic.wav,70.0000011920929,49.999998807907104,48.992387652397156,31.28550410270691
stim_66_harmonic.wav,25.000001192092896,40.000001192092896,36.82335019111633,25.014288425445557
stim_66_harmonic.wav,35.00000059604645,40.000001192092896,33.73089462518692,25.52302837371826
stim_66_harmonic.wav,40.000000298023224,0.0,44.52030301094055,30.175834894180298
stim_66_harmonic.wav,50.00000238418579,30.0,55.235105752944946,34.11487698554993
stim_66_harmonic.wav,74.99999821186066,30.0,43.41292351484299,33.069190979003906
stim_66_harmonic.wav,60.00000178813934,49.999998807907104,54.550740122795105,28.530086874961853
stim_66_harmonic.wav,64.9999988079071,0.0,52.89790391921997,21.3038170337677
stim_66_harmonic.wav,10.000000074505806,49.999998807907104,30.1478174328804,26.928606033325195
stim_66_harmonic.wav,90.0,49.999998807907104,75.4080319404602,43.5704505443573
stim_66_harmonic.wav,45.0,20.000000596046448,46.92486584186554,40.445473194122314
stim_66_harmonic.wav,5.000000037252903,0.0,32.82613456249237,29.02312159538269
stim_66_harmonic.wav,20.000000149011612,20.000000596046448,32.10402488708496,24.751442670822144
stim_66_harmonic.wav,74.99999821186066,30.0,53.20796191692352,29.955634474754333
stim_66_harmonic.wav,25.000001192092896,49.999998807907104,29.48441058397293,33.36160898208618
stim_66_harmonic.wav,90.0,40.000001192092896,47.28864848613739,22.635242342948914
stim_66_harmonic.wav,15.000000447034836,40.000001192092896,14.035836160182953,28.938764333724976
stim_66_harmonic.wav,45.0,60.0,53.788719177246094,32.16372013092041
stim_66_harmonic.wav,80.00000059604645,60.0,67.25485146045685,30.79635500907898
stim_66_harmonic.wav,25.000001192092896,49.999998807907104,38.93899887800217,40.48331379890442
stim_66_harmonic.wav,45.0,49.999998807907104,46.353169083595276,30.056369304656982
stim_66_harmonic.wav,45.0,10.000000298023224,52.259564995765686,35.349183082580566
stim_66_harmonic.wav,60.00000178813934,49.999998807907104,58.26767563819885,35.58246374130249
stim_66_harmonic.wav,64.9999988079071,10.000000298023224,44.4966459274292,30.59910535812378
stim_66_harmonic.wav,80.00000059604645,0.0,43.17581355571747,25.714370012283325
stim_66_harmonic.wav,60.00000178813934,0.0,44.19508785009384,30.382336378097534
stim_66_harmonic.wav,60.00000178813934,49.999998807907104,59.27976965904236,38.72650623321533
stim_66_harmonic.wav,80.00000059604645,20.000000596046448,75.07515907287598,15.315309762954712
stim_66_harmonic.wav,45.0,60.0,50.24847686290741,16.877217292785645
stim_66_harmonic.wav,74.99999821186066,60.0,62.79818415641785,22.46872901916504
stim_66_harmonic.wav,64.9999988079071,40.000001192092896,39.71064358949661,28.65086853504181
stim_66_harmonic.wav,60.00000178813934,20.000000596046448,47.3987478017807,30.092825889587402
stim_66_harmonic.wav,64.9999988079071,0.0,34.58974063396454,23.173808455467224
stim_66_harmonic.wav,30.00000089406967,30.0,43.192247450351715,28.8957542181015
stim_66_harmonic.wav,5.000000037252903,49.999998807907104,22.895421981811523,28.665475845336914
stim_66_harmonic.wav,74.99999821186066,20.000000596046448,51.84306085109711,21.562135219573975
stim_66_harmonic.wav,50.00000238418579,10.000000298023224,60.86653769016266,34.554855823516846
stim_66_harmonic.wav,45.0,49.999998807907104,52.597442865371704,32.0227324962616
stim_66_harmonic.wav,0.0,20.000000596046448,34.08688008785248,32.33513832092285
stim_66_harmonic.wav,15.000000447034836,0.0,24.364054799079895,23.411389589309692
stim_66_harmonic.wav,40.000000298023224,49.999998807907104,43.03187012672424,30.75984477996826
stim_66_harmonic.wav,80.00000059604645,0.0,62.69305229187012,23.621639013290405
stim_66_harmonic.wav,35.00000059604645,60.0,45.369431376457214,34.30522799491882
stim_66_harmonic.wav,10.000000074505806,20.000000596046448,11.353404521942139,22.85081148147583
stim_66_harmonic.wav,45.0,20.000000596046448,57.50891625881195,25.68834364414215
stim_66_harmonic.wav,5.000000037252903,60.0,32.275597751140594,29.94602143764496
stim_66_harmonic.wav,60.00000178813934,40.000001192092896,42.473152577877045,25.12089729309082
stim_66_harmonic.wav,80.00000059604645,49.999998807907104,47.98604428768158,26.83420479297638
stim_66_harmonic.wav,84.99999761581421,10.000000298023224,55.94358444213867,33.81353259086609
stim_66_harmonic.wav,5.000000037252903,10.000000298023224,4.299680292606354,18.82033109664917
stim_66_harmonic.wav,45.0,40.000001192092896,49.799410700798035,27.417524456977844
stim_66_harmonic.wav,50.00000238418579,10.000000298023224,47.28681921958923,30.353962182998657
stim_66_harmonic.wav,0.0,20.000000596046448,9.339057505130768,25.324162244796753
stim_66_harmonic.wav,15.000000447034836,0.0,31.54561847448349,29.274637699127197
stim_66_harmonic.wav,40.000000298023224,60.0,40.63602715730667,22.68467903137207
stim_66_harmonic.wav,50.00000238418579,20.000000596046448,49.812639355659485,20.42357861995697
stim_66_harmonic.wav,50.00000238418579,60.0,41.60801142454147,26.746366024017334
stim_66_harmonic.wav,84.99999761581421,20.000000596046448,62.55210220813751,32.60313034057617
stim_66_harmonic.wav,45.0,20.000000596046448,43.29104393720627,26.72221004962921
stim_66_harmonic.wav,10.000000074505806,0.0,14.936326146125793,28.89810025691986
stim_66_harmonic.wav,60.00000178813934,60.0,25.813724398612976,29.634640216827393
stim_66_harmonic.wav,90.0,49.999998807907104,60.24469435214996,34.61804509162903
stim_66_harmonic.wav,0.0,10.000000298023224,41.995488703250885,32.45775818824768
stim_66_harmonic.wav,80.00000059604645,10.000000298023224,49.27635848522186,26.276580691337585
stim_66_harmonic.wav,54.99999940395355,49.999998807907104,55.22127091884613,38.59872221946716
stim_66_harmonic.wav,10.000000074505806,20.000000596046448,33.68391036987305,31.485936641693115
stim_66_harmonic.wav,45.0,40.000001192092896,54.09584283828735,33.52779150009155
stim_66_harmonic.wav,64.9999988079071,30.0,52.151970863342285,34.967204332351685
stim_66_harmonic.wav,70.0000011920929,0.0,41.718982458114624,29.34778332710266
stim_66_harmonic.wav,50.00000238418579,0.0,59.49339151382446,37.204999923706055
stim_66_harmonic.wav,25.000001192092896,40.000001192092896,30.35924792289734,42.54682660102844
stim_66_harmonic.wav,35.00000059604645,40.000001192092896,39.33702528476715,29.588963985443115
stim_66_harmonic.wav,45.0,49.999998807907104,47.61565804481506,25.187323093414307
stim_66_harmonic.wav,54.99999940395355,30.0,45.007628202438354,32.80869483947754
stim_66_harmonic.wav,0.0,0.0,43.421863317489624,31.24766707420349
stim_66_harmonic.wav,10.000000074505806,40.000001192092896,23.15693199634552,30.197685956954956
stim_66_harmonic.wav,20.000000149011612,60.0,35.6034654378891,28.758228421211243
stim_66_harmonic.wav,54.99999940395355,0.0,36.980860233306885,29.121399521827698
stim_66_harmonic.wav,50.00000238418579,30.0,44.23140227794647,22.29487717151642
stim_66_harmonic.wav,20.000000149011612,30.0,33.17482978105545,23.021600246429443
stim_66_harmonic.wav,5.000000037252903,20.000000596046448,15.976623594760895,26.064763069152832
stim_66_harmonic.wav,20.000000149011612,0.0,31.61769211292267,29.388665556907654
stim_66_harmonic.wav,50.00000238418579,40.000001192092896,50.30434727668762,29.87489104270935
stim_66_harmonic.wav,84.99999761581421,0.0,52.254077196121216,23.771029114723206
stim_66_harmonic.wav,84.99999761581421,40.000001192092896,44.83989089727402,31.107451915740967
stim_66_harmonic.wav,70.0000011920929,0.0,54.68677639961243,26.02026343345642
stim_66_harmonic.wav,70.0000011920929,60.0,32.668122947216034,28.05621027946472
stim_66_harmonic.wav,64.9999988079071,40.000001192092896,62.92141556739807,36.06012582778931
stim_66_harmonic.wav,20.000000149011612,30.0,25.816787481307983,29.505268335342407
stim_66_harmonic.wav,90.0,60.0,36.85774952173233,26.98576033115387
stim_66_harmonic.wav,10.000000074505806,49.999998807907104,15.534375607967377,24.778897762298584
stim_66_harmonic.wav,0.0,30.0,3.2508936524391174,25.173441767692566
stim_66_harmonic.wav,40.000000298023224,20.000000596046448,44.72851753234863,28.393812775611877
stim_66_harmonic.wav,54.99999940395355,40.000001192092896,44.98564213514328,28.454434275627136
stim_66_harmonic.wav,25.000001192092896,10.000000298023224,35.46932280063629,27.353954315185547
stim_66_harmonic.wav,60.00000178813934,0.0,41.72695130109787,25.540902614593506
stim_66_harmonic.wav,84.99999761581421,20.000000596046448,40.64380019903183,26.16771697998047
stim_66_harmonic.wav,15.000000447034836,30.0,27.80931204557419,28.476816415786743
stim_66_harmonic.wav,10.000000074505806,40.000001192092896,14.245238900184631,23.18674921989441
stim_66_harmonic.wav,45.0,10.000000298023224,57.57285475730896,27.27766513824463
stim_66_harmonic.wav,50.00000238418579,49.999998807907104,48.108969926834106,28.824241161346436
stim_66_harmonic.wav,20.000000149011612,49.999998807907104,27.527948319911957,23.96559476852417
stim_66_harmonic.wav,64.9999988079071,49.999998807907104,60.05878508090973,35.21100640296936
stim_66_harmonic.wav,5.000000037252903,60.0,27.22786545753479,32.33684062957764
stim_66_harmonic.wav,35.00000059604645,40.000001192092896,39.05839741230011,30.61471939086914
stim_66_harmonic.wav,54.99999940395355,30.0,54.356446266174316,30.547903776168823
stim_66_harmonic.wav,40.000000298023224,40.000001192092896,57.383233308792114,33.96240234375
stim_66_harmonic.wav,64.9999988079071,0.0,37.346182465553284,29.6271014213562
stim_66_harmonic.wav,74.99999821186066,0.0,45.76073348522186,23.661768436431885
stim_90_harmonic.wav,30.00000089406967,60.0,41.31308913230896,28.36496651172638
stim_90_harmonic.wav,15.000000447034836,49.999998807907104,23.29167276620865,22.844812273979187
stim_90_harmonic.wav,35.00000059604645,40.000001192092896,37.79320478439331,29.875686764717102
stim_90_harmonic.wav,0.0,20.000000596046448,40.39684385061264,28.388965129852295
stim_90_harmonic.wav,54.99999940395355,10.000000298023224,40.570506155490875,28.437241315841675
stim_90_harmonic.wav,45.0,60.0,41.6263684630394,28.800070881843567
stim_90_harmonic.wav,15.000000447034836,40.000001192092896,26.929684281349182,28.03835391998291
stim_90_harmonic.wav,60.00000178813934,40.000001192092896,41.57105326652527,28.434900641441345
stim_90_harmonic.wav,30.00000089406967,0.0,41.3951513171196,28.34835648536682
stim_90_harmonic.wav,5.000000037252903,60.0,24.031037092208862,33.62047076225281
stim_90_harmonic.wav,45.0,60.0,40.718553364276886,28.426607251167297
stim_90_harmonic.wav,74.99999821186066,40.000001192092896,58.325278759002686,25.56684672832489
stim_90_harmonic.wav,10.000000074505806,20.000000596046448,40.62187045812607,28.49130928516388
stim_90_harmonic.wav,40.000000298023224,30.0,41.105191111564636,28.37846338748932
stim_90_harmonic.wav,40.000000298023224,30.0,41.20291203260422,28.36687982082367
stim_90_harmonic.wav,74.99999821186066,10.000000298023224,40.64819097518921,28.012901544570923
stim_90_harmonic.wav,15.000000447034836,10.000000298023224,40.25032818317413,28.445169925689697
stim_90_harmonic.wav,30.00000089406967,30.0,40.76622158288956,28.422263860702515
stim_90_harmonic.wav,84.99999761581421,20.000000596046448,48.87811481952667,28.50303590297699
stim_90_harmonic.wav,0.0,60.0,40.08807331323624,28.46544921398163
stim_90_harmonic.wav,84.99999761581421,40.000001192092896,42.88655340671539,28.54914665222168
stim_90_harmonic.wav,20.000000149011612,49.999998807907104,41.94337606430054,28.621727228164673
stim_90_harmonic.wav,40.000000298023224,49.999998807907104,40.938837826251984,28.530904054641724
stim_90_harmonic.wav,15.000000447034836,10.000000298023224,24.728593826293945,15.753909945487976
stim_90_harmonic.wav,74.99999821186066,30.0,52.583919167518616,27.539570331573486
stim_90_harmonic.wav,50.00000238418579,20.000000596046448,42.34929621219635,28.7518447637558
stim_90_harmonic.wav,40.000000298023224,10.000000298023224,52.12361454963684,25.189969539642334
stim_90_harmonic.wav,70.0000011920929,10.000000298023224,46.935755610466,26.157585382461548
stim_90_harmonic.wav,20.000000149011612,10.000000298023224,40.84862172603607,28.403606414794922
stim_90_harmonic.wav,25.000001192092896,60.0,40.696639716625214,28.412657976150513
stim_90_harmonic.wav,74.99999821186066,0.0,39.87841039896011,28.368877172470093
stim_90_harmonic.wav,90.0,30.0,40.873260498046875,28.423469066619873
stim_90_harmonic.wav,30.00000089406967,0.0,38.46407353878021,25.56801974773407
stim_90_harmonic.wav,5.000000037252903,0.0,42.16765433549881,28.701111674308777
stim_90_harmonic.wav,35.00000059604645,60.0,49.32011604309082,23.352010846138
stim_90_harmonic.wav,80.00000059604645,30.0,58.55495095252991,29.304510354995728
stim_90_harmonic.wav,25.000001192092896,20.000000596046448,40.25069832801819,28.435453176498413
stim_90_harmonic.wav,0.0,0.0,42.2970575094223,28.38092565536499
stim_90_harmonic.wav,90.0,60.0,41.42038553953171,28.405290842056274
stim_90_harmonic.wav,10.000000074505806,20.000000596046448,23.400310277938843,29.166682362556458
stim_90_harmonic.wav,5.000000037252903,49.999998807907104,41.31341636180878,27.585031986236572
stim_90_harmonic.wav,0.0,0.0,41.8941655755043,28.450446724891663
stim_90_harmonic.wav,15.000000447034836,60.0,37.68565356731415,28.609750270843506
stim_90_harmonic.wav,50.00000238418579,60.0,46.18253231048584,29.806108474731445
stim_90_harmonic.wav,90.0,40.000001192092896,41.154009997844696,28.378363251686096
stim_90_harmonic.wav,40.000000298023224,0.0,44.22189116477966,31.265766620635986
stim_90_harmonic.wav,40.000000298023224,30.0,41.28760814666748,28.37123215198517
stim_90_harmonic.wav,50.00000238418579,49.999998807907104,47.19645023345947,33.97788763046265
stim_90_harmonic.wav,60.00000178813934,49.999998807907104,55.992438197135925,36.83581352233887
stim_90_harmonic.wav,50.00000238418579,0.0,48.07896673679352,30.46900749206543
stim_90_harmonic.wav,25.000001192092896,0.0,37.745187878608704,26.271772384643555
stim_90_harmonic.wav,84.99999761581421,40.000001192092896,41.06479972600937,28.39254140853882
stim_90_harmonic.wav,70.0000011920929,49.999998807907104,47.58807420730591,30.793622732162476
stim_90_harmonic.wav,35.00000059604645,60.0,40.862883031368256,28.359541296958923
stim_90_harmonic.wav,20.000000149011612,30.0,40.6165087223053,28.419599533081055
stim_90_harmonic.wav,50.00000238418579,0.0,41.12547665834427,28.37380886077881
stim_90_harmonic.wav,64.9999988079071,10.000000298023224,43.014213144779205,27.583340406417847
stim_90_harmonic.wav,84.99999761581421,30.0,52.67741560935974,29.390375018119812
stim_90_harmonic.wav,0.0,49.999998807907104,40.44658273458481,28.43178927898407
stim_90_harmonic.wav,64.9999988079071,49.999998807907104,51.62101686000824,36.77472710609436
stim_90_harmonic.wav,70.0000011920929,49.999998807907104,43.25001686811447,27.451055645942688
stim_90_harmonic.wav,74.99999821186066,10.000000298023224,43.72558057308197,24.445443749427795
stim_90_harmonic.wav,80.00000059604645,49.999998807907104,42.636719048023224,25.583832263946533
stim_90_harmonic.wav,54.99999940395355,10.000000298023224,40.90680152177811,28.397444486618042
stim_90_harmonic.wav,40.000000298023224,0.0,42.340549528598785,31.856861114501953
stim_90_harmonic.wav,50.00000238418579,49.999998807907104,45.57746887207031,34.85517740249634
stim_90_harmonic.wav,15.000000447034836,0.0,30.275144577026367,22.969322204589844
stim_90_harmonic.wav,40.000000298023224,40.000001192092896,36.36205315589905,31.18198871612549
stim_90_harmonic.wav,70.0000011920929,30.0,45.05226016044617,26.98049783706665
stim_90_harmonic.wav,45.0,49.999998807907104,42.23617672920227,28.278395533561707
stim_90_harmonic.wav,35.00000059604645,0.0,43.365558385849,27.923998832702637
stim_90_harmonic.wav,5.000000037252903,0.0,26.734392642974854,36.56934142112732
stim_90_harmonic.wav,0.0,0.0,40.997374355793,28.378506302833557
stim_90_harmonic.wav,30.00000089406967,40.000001192092896,38.760650753974915,30.940157175064087
stim_90_harmonic.wav,80.00000059604645,30.0,41.538925766944885,28.328492045402527
stim_90_harmonic.wav,74.99999821186066,40.000001192092896,40.92927843332291,28.393701910972595
stim_90_harmonic.wav,70.0000011920929,20.000000596046448,42.019188702106476,28.381399512290955
stim_90_harmonic.wav,80.00000059604645,20.000000596046448,40.029681622982025,24.707236289978027
stim_90_harmonic.wav,25.000001192092896,49.999998807907104,40.770392417907715,28.375877737998962
stim_90_harmonic.wav,15.000000447034836,20.000000596046448,28.88579249382019,18.167940974235535
stim_90_harmonic.wav,5.000000037252903,0.0,30.163712203502655,36.28149747848511
stim_90_harmonic.wav,60.00000178813934,30.0,48.79826545715332,30.11946201324463
stim_90_harmonic.wav,90.0,40.000001192092896,43.92080783843994,27.84292995929718
stim_90_harmonic.wav,50.00000238418579,20.000000596046448,40.6663978099823,28.454520106315613
stim_90_harmonic.wav,60.00000178813934,0.0,41.277485489845276,28.347090482711792
stim_90_harmonic.wav,40.000000298023224,10.000000298023224,41.79664582014084,28.433237671852112
stim_90_harmonic.wav,25.000001192092896,20.000000596046448,40.8352455496788,28.410930633544922
stim_90_harmonic.wav,5.000000037252903,20.000000596046448,40.70030361413956,28.411064743995667
stim_90_harmonic.wav,90.0,0.0,40.8834770321846,28.386942744255066
stim_90_harmonic.wav,5.000000037252903,10.000000298023224,40.64461827278137,28.411535024642944
stim_90_harmonic.wav,35.00000059604645,60.0,41.66119962930679,28.361492156982422
stim_90_harmonic.wav,84.99999761581421,49.999998807907104,48.35154354572296,30.485594272613525
stim_90_harmonic.wav,54.99999940395355,40.000001192092896,44.34380292892456,35.15084266662598
stim_90_harmonic.wav,10.000000074505806,40.000001192092896,41.06423109769821,28.370132446289062
stim_90_harmonic.wav,15.000000447034836,0.0,40.6921711564064,28.412858247756958
stim_90_harmonic.wav,40.000000298023224,0.0,44.579633474349976,31.816681623458862
stim_90_harmonic.wav,70.0000011920929,49.999998807907104,42.6827135682106,28.127481937408447
stim_90_harmonic.wav,50.00000238418579,30.0,41.60370647907257,28.335009813308716
stim_90_harmonic.wav,35.00000059604645,10.000000298023224,41.90856099128723,28.412697315216064
stim_90_harmonic.wav,60.00000178813934,40.000001192092896,40.77933222055435,28.39209794998169
stim_90_harmonic.wav,80.00000059604645,60.0,43.89686644077301,28.493199348449707
stim_90_harmonic.wav,50.00000238418579,60.0,50.1558119058609,35.78096151351929
stim_90_harmonic.wav,35.00000059604645,60.0,44.52628165483475,33.316930532455444
stim_90_harmonic.wav,15.000000447034836,0.0,40.49711287021637,28.43463957309723
stim_90_harmonic.wav,64.9999988079071,10.000000298023224,40.4053920507431,28.451398015022278
stim_90_harmonic.wav,70.0000011920929,0.0,46.181400418281555,24.49448525905609
stim_90_harmonic.wav,74.99999821186066,60.0,46.71732187271118,27.5447416305542
stim_90_harmonic.wav,15.000000447034836,60.0,39.83229249715805,28.45087230205536
stim_90_harmonic.wav,40.000000298023224,0.0,41.250451505184174,28.350343108177185
stim_90_harmonic.wav,35.00000059604645,0.0,44.04212951660156,29.530325531959534
stim_90_harmonic.wav,64.9999988079071,49.999998807907104,41.22027665376663,28.365851640701294
stim_90_harmonic.wav,54.99999940395355,60.0,40.3190678358078,28.442586064338684
stim_90_harmonic.wav,74.99999821186066,10.000000298023224,40.373009741306305,28.435487151145935
stim_90_harmonic.wav,5.000000037252903,30.0,25.553633272647858,38.045618534088135
stim_90_harmonic.wav,80.00000059604645,40.000001192092896,41.185729801654816,28.42333495616913
stim_90_harmonic.wav,74.99999821186066,0.0,38.99839907884598,23.913093209266663
stim_90_harmonic.wav,25.000001192092896,40.000001192092896,32.79520869255066,25.926822423934937
stim_90_harmonic.wav,64.9999988079071,40.000001192092896,50.93263328075409,33.05560827255249
stim_90_harmonic.wav,74.99999821186066,30.0,40.96249759197235,28.416985273361206
stim_90_harmonic.wav,80.00000059604645,30.0,42.53294438123703,28.16940665245056
stim_90_harmonic.wav,70.0000011920929,60.0,41.67248636484146,28.772428035736084
stim_90_harmonic.wav,70.0000011920929,10.000000298023224,40.94992071390152,28.39958131313324
stim_90_harmonic.wav,70.0000011920929,49.999998807907104,41.828062534332275,28.365188241004944
stim_90_harmonic.wav,54.99999940395355,0.0,40.82038342952728,28.401923775672913
stim_90_harmonic.wav,50.00000238418579,40.000001192092896,41.58845543861389,28.379600644111633
stim_90_harmonic.wav,40.000000298023224,49.999998807907104,41.16023808717728,28.390522599220276
stim_90_harmonic.wav,30.00000089406967,60.0,38.15845459699631,26.43071472644806
stim_90_harmonic.wav,25.000001192092896,30.0,40.75528621673584,28.419581651687622
stim_90_harmonic.wav,45.0,20.000000596046448,43.733208775520325,27.262009978294373
stim_90_harmonic.wav,64.9999988079071,60.0,41.43812566995621,28.51218044757843
stim_90_harmonic.wav,84.99999761581421,20.000000596046448,40.389735996723175,28.631880283355713
stim_90_harmonic.wav,45.0,20.000000596046448,41.8678343296051,28.597349524497986
stim_90_harmonic.wav,45.0,60.0,41.34498327970505,30.73421001434326
stim_90_harmonic.wav,35.00000059604645,49.999998807907104,34.17584091424942,20.23693084716797
stim_76_harmonic.wav,20.000000149011612,10.000000298023224,31.812830865383148,26.138446927070618
stim_76_harmonic.wav,20.000000149011612,49.999998807907104,21.68239027261734,22.208787202835083
stim_76_harmonic.wav,84.99999761581421,49.999998807907104,46.15527033805847,25.211228728294373
stim_76_harmonic.wav,50.00000238418579,60.0,48.81996989250183,33.481993675231934
stim_76_harmonic.wav,54.99999940395355,10.000000298023224,44.258200228214264,28.505501747131348
stim_76_harmonic.wav,64.9999988079071,60.0,52.35409140586853,32.58091449737549
stim_76_harmonic.wav,5.000000037252903,30.0,8.149382472038269,23.017773628234863
stim_76_harmonic.wav,20.000000149011612,60.0,31.08943909406662,26.723039746284485
stim_76_harmonic.wav,74.99999821186066,60.0,47.989123463630676,30.041717290878296
stim_76_harmonic.wav,40.000000298023224,20.000000596046448,46.85349762439728,29.8677921295166
stim_76_harmonic.wav,45.0,40.000001192092896,42.706459164619446,29.9003005027771
stim_76_harmonic.wav,60.00000178813934,49.999998807907104,44.849697053432465,31.187138557434082
stim_76_harmonic.wav,70.0000011920929,10.000000298023224,47.77753472328186,33.03392171859741
stim_76_harmonic.wav,0.0,20.000000596046448,16.835601031780243,30.0440776348114
stim_76_harmonic.wav,90.0,20.000000596046448,51.14133059978485,24.001117944717407
stim_76_harmonic.wav,30.00000089406967,0.0,41.19318902492523,28.31944227218628
stim_76_harmonic.wav,40.000000298023224,10.000000298023224,42.47968643903732,33.10182452201843
stim_76_harmonic.wav,10.000000074505806,0.0,18.416017591953278,29.08995509147644
stim_76_harmonic.wav,40.000000298023224,40.000001192092896,36.73029899597168,28.910526037216187
stim_76_harmonic.wav,45.0,40.000001192092896,52.332472801208496,27.453453540802002
stim_76_harmonic.wav,60.00000178813934,40.000001192092896,37.616795897483826,27.064082622528076
stim_76_harmonic.wav,80.00000059604645,10.000000298023224,50.80795884132385,31.239774227142334
stim_76_harmonic.wav,90.0,49.999998807907104,44.9109748005867,31.757097244262695
stim_76_harmonic.wav,15.000000447034836,30.0,33.5238441824913,30.263789892196655
stim_76_harmonic.wav,10.000000074505806,20.000000596046448,20.738118588924408,32.95099496841431
stim_76_harmonic.wav,30.00000089406967,20.000000596046448,41.058048605918884,26.305662989616394
stim_76_harmonic.wav,64.9999988079071,10.000000298023224,53.21574568748474,20.71953535079956
stim_76_harmonic.wav,15.000000447034836,10.000000298023224,19.00233507156372,13.239181637763977
stim_76_harmonic.wav,15.000000447034836,60.0,30.109577178955078,31.439952850341797
stim_76_harmonic.wav,0.0,49.999998807907104,42.46544390916824,29.749179482460022
stim_76_harmonic.wav,64.9999988079071,49.999998807907104,45.944432616233826,27.51219928264618
stim_76_harmonic.wav,54.99999940395355,49.999998807907104,42.230949103832245,32.24091410636902
stim_76_harmonic.wav,45.0,30.0,41.73563092947006,23.44192922115326
stim_76_harmonic.wav,45.0,40.000001192092896,44.92728531360626,39.29617524147034
stim_76_harmonic.wav,30.00000089406967,20.000000596046448,34.08291578292847,24.71461057662964
stim_76_harmonic.wav,90.0,20.000000596046448,65.03153622150421,14.92169201374054
stim_76_harmonic.wav,35.00000059604645,60.0,39.87282872200012,28.887498378753662
stim_76_harmonic.wav,20.000000149011612,0.0,23.02613139152527,24.449906945228577
stim_76_harmonic.wav,54.99999940395355,20.000000596046448,36.00376635789871,28.437033891677856
stim_76_harmonic.wav,35.00000059604645,40.000001192092896,40.264144241809845,28.82269263267517
stim_76_harmonic.wav,5.000000037252903,49.999998807907104,23.819920420646667,27.60045289993286
stim_76_harmonic.wav,20.000000149011612,20.000000596046448,37.80829757452011,26.938596367836
stim_76_harmonic.wav,70.0000011920929,40.000001192092896,49.139742851257324,25.370097756385803
stim_76_harmonic.wav,30.00000089406967,20.000000596046448,38.26180547475815,23.79983425140381
stim_76_harmonic.wav,25.000001192092896,20.000000596046448,37.52934515476227,27.073824405670166
stim_76_harmonic.wav,15.000000447034836,40.000001192092896,26.698724627494812,33.4980583190918
stim_76_harmonic.wav,50.00000238418579,40.000001192092896,42.31039881706238,34.995163679122925
stim_76_harmonic.wav,54.99999940395355,30.0,47.21131503582001,29.327012300491333
stim_76_harmonic.wav,80.00000059604645,0.0,59.063884019851685,16.765376329421997
stim_76_harmonic.wav,74.99999821186066,10.000000298023224,41.67929917573929,28.929088711738586
stim_76_harmonic.wav,5.000000037252903,20.000000596046448,40.54634749889374,28.695552349090576
stim_76_harmonic.wav,5.000000037252903,49.999998807907104,26.918381452560425,29.09134268760681
stim_76_harmonic.wav,15.000000447034836,10.000000298023224,36.69778794050217,29.626166224479675
stim_76_harmonic.wav,25.000001192092896,0.0,45.67820191383362,29.44983422756195
stim_76_harmonic.wav,74.99999821186066,40.000001192092896,44.459770917892456,28.039880990982056
stim_76_harmonic.wav,64.9999988079071,0.0,56.69422745704651,21.74550712108612
stim_76_harmonic.wav,54.99999940395355,10.000000298023224,32.97853231430054,29.8031222820282
stim_76_harmonic.wav,45.0,0.0,45.76946139335632,23.64443600177765
stim_76_harmonic.wav,40.000000298023224,40.000001192092896,33.8223472237587,26.819187998771667
stim_76_harmonic.wav,15.000000447034836,20.000000596046448,28.400586247444153,26.51902198791504
stim_76_harmonic.wav,25.000001192092896,40.000001192092896,24.749879837036133,30.4162859916687
stim_76_harmonic.wav,10.000000074505806,49.999998807907104,31.64185345172882,27.831720113754272
stim_76_harmonic.wav,40.000000298023224,40.000001192092896,36.816542744636536,25.036649107933044
stim_76_harmonic.wav,80.00000059604645,20.000000596046448,50.25138974189758,25.552886724472046
stim_76_harmonic.wav,54.99999940395355,10.000000298023224,36.63745433092117,29.004773497581482
stim_76_harmonic.wav,45.0,30.0,46.14909589290619,26.268889904022217
stim_76_harmonic.wav,84.99999761581421,30.0,66.41390383243561,28.46378266811371
stim_76_harmonic.wav,40.000000298023224,40.000001192092896,28.338648676872253,31.77924156188965
stim_76_harmonic.wav,0.0,49.999998807907104,9.575580060482025,30.676896572113037
stim_76_harmonic.wav,20.000000149011612,20.000000596046448,39.64836806058884,21.270886659622192
stim_76_harmonic.wav,20.000000149011612,30.0,34.06566113233566,28.14105749130249
stim_76_harmonic.wav,0.0,0.0,26.647236943244934,29.96537446975708
stim_76_harmonic.wav,84.99999761581421,40.000001192092896,44.57069903612137,28.01251530647278
stim_76_harmonic.wav,60.00000178813934,20.000000596046448,60.76131463050842,34.42377805709839
stim_76_harmonic.wav,20.000000149011612,40.000001192092896,31.206466555595398,28.659605383872986
stim_76_harmonic.wav,5.000000037252903,20.000000596046448,9.24110859632492,24.754561185836792
stim_76_harmonic.wav,0.0,20.000000596046448,19.994615614414215,30.361669063568115
stim_76_harmonic.wav,20.000000149011612,0.0,28.46333920955658,28.05354416370392
stim_76_harmonic.wav,74.99999821186066,40.000001192092896,57.82725691795349,31.379892826080322
stim_76_harmonic.wav,15.000000447034836,0.0,36.23475819826126,31.664832830429077
stim_76_harmonic.wav,30.00000089406967,0.0,34.33623433113098,23.90111267566681
stim_76_harmonic.wav,40.000000298023224,30.0,45.208396911621094,27.68953800201416
stim_76_harmonic.wav,84.99999761581421,40.000001192092896,52.70687699317932,32.737934589385986
stim_76_harmonic.wav,0.0,30.0,5.865403711795807,26.831717491149902
stim_76_harmonic.wav,25.000001192092896,30.0,27.001079320907593,22.595672607421875
stim_76_harmonic.wav,30.00000089406967,30.0,30.208330750465393,26.223272681236267
stim_76_harmonic.wav,70.0000011920929,60.0,41.09253376722336,29.981685876846313
stim_76_harmonic.wav,84.99999761581421,10.000000298023224,67.90412306785583,11.669413447380066
stim_76_harmonic.wav,84.99999761581421,0.0,47.28758096694946,24.20649290084839
stim_76_harmonic.wav,64.9999988079071,49.999998807907104,46.06043815612793,30.66706895828247
stim_76_harmonic.wav,60.00000178813934,49.999998807907104,60.074095129966736,29.702088832855225
stim_76_harmonic.wav,60.00000178813934,60.0,58.385193943977356,34.71768379211426
stim_76_harmonic.wav,40.000000298023224,20.000000596046448,48.264285922050476,30.5704128742218
stim_76_harmonic.wav,25.000001192092896,30.0,36.707924008369446,26.581386923789978
stim_76_harmonic.wav,30.00000089406967,49.999998807907104,33.247026801109314,27.96498477458954
stim_76_harmonic.wav,20.000000149011612,60.0,36.674991846084595,28.752100467681885
stim_76_harmonic.wav,45.0,40.000001192092896,41.79215580224991,29.38995122909546
stim_76_harmonic.wav,54.99999940395355,49.999998807907104,38.598572909832,29.066609144210815
stim_76_harmonic.wav,35.00000059604645,30.0,47.879050970077515,30.284435749053955
stim_76_harmonic.wav,20.000000149011612,20.000000596046448,35.79103231430054,28.039535880088806
stim_76_harmonic.wav,25.000001192092896,0.0,42.923739552497864,27.490739822387695
stim_76_harmonic.wav,35.00000059604645,30.0,42.486024498939514,27.271660566329956
stim_76_harmonic.wav,70.0000011920929,30.0,60.563753843307495,33.763121366500854
stim_76_harmonic.wav,35.00000059604645,60.0,41.893492341041565,36.93703293800354
stim_76_harmonic.wav,84.99999761581421,0.0,43.71743470430374,29.26677167415619
stim_76_harmonic.wav,5.000000037252903,10.000000298023224,6.0530886054039,21.142033338546753
stim_76_harmonic.wav,5.000000037252903,20.000000596046448,33.74055862426758,27.37057328224182
stim_76_harmonic.wav,80.00000059604645,20.000000596046448,44.67316746711731,24.907209277153015
stim_76_harmonic.wav,15.000000447034836,10.000000298023224,19.607595652341843,16.165918707847595
stim_76_harmonic.wav,25.000001192092896,0.0,42.63773560523987,28.919541835784912
stim_76_harmonic.wav,30.00000089406967,60.0,35.26256203651428,32.163037061691284
stim_76_harmonic.wav,54.99999940395355,49.999998807907104,45.324751138687134,35.51433563232422
stim_76_harmonic.wav,35.00000059604645,0.0,41.68096482753754,28.326181769371033
stim_76_harmonic.wav,25.000001192092896,49.999998807907104,33.222312927246094,27.29300558567047
stim_76_harmonic.wav,35.00000059604645,30.0,43.29929709434509,29.20875906944275
stim_76_harmonic.wav,64.9999988079071,49.999998807907104,40.98517298698425,28.39059591293335
stim_76_harmonic.wav,74.99999821186066,49.999998807907104,44.943807721138,30.197582244873047
stim_76_harmonic.wav,70.0000011920929,49.999998807907104,49.39334571361542,31.742913722991943
stim_76_harmonic.wav,54.99999940395355,30.0,47.95659363269806,34.037182331085205
stim_76_harmonic.wav,70.0000011920929,0.0,42.14519888162613,27.794310450553894
stim_76_harmonic.wav,50.00000238418579,30.0,39.35323387384415,28.83448898792267
stim_76_harmonic.wav,20.000000149011612,49.999998807907104,28.301698565483093,21.924070715904236
stim_76_harmonic.wav,15.000000447034836,20.000000596046448,22.887198328971863,15.332713723182678
stim_76_harmonic.wav,50.00000238418579,40.000001192092896,40.250505208969116,28.69524836540222
stim_76_harmonic.wav,54.99999940395355,40.000001192092896,44.3603977560997,31.961714029312134
stim_87_harmonic.wav,10.000000074505806,30.0,36.629313826560974,28.774808049201965
stim_87_harmonic.wav,70.0000011920929,60.0,58.66300106048584,33.931978940963745
stim_87_harmonic.wav,40.000000298023224,10.000000298023224,32.49287009239197,22.177104949951172
stim_87_harmonic.wav,60.00000178813934,30.0,38.868859112262726,28.540241718292236
stim_87_harmonic.wav,0.0,30.0,14.391193985939026,26.444115042686462
stim_87_harmonic.wav,35.00000059604645,60.0,45.909461975097656,28.881070017814636
stim_87_harmonic.wav,54.99999940395355,10.000000298023224,57.42274761199951,28.421190977096558
stim_87_harmonic.wav,70.0000011920929,0.0,57.2745019197464,18.817402124404907
stim_87_harmonic.wav,25.000001192092896,20.000000596046448,29.645917117595673,30.495282411575317
stim_87_harmonic.wav,5.000000037252903,10.000000298023224,27.86411762237549,26.50691270828247
stim_87_harmonic.wav,64.9999988079071,20.000000596046448,59.31385517120361,30.64455270767212
stim_87_harmonic.wav,15.000000447034836,30.0,29.955650568008423,29.690455198287964
stim_87_harmonic.wav,90.0,60.0,58.24603021144867,32.793166637420654
stim_87_harmonic.wav,30.00000089406967,30.0,37.26568937301636,34.68103051185608
stim_87_harmonic.wav,20.000000149011612,40.000001192092896,32.1158292889595,29.129846692085266
stim_87_harmonic.wav,10.000000074505806,20.000000596046448,42.53162205219269,28.104599118232727
stim_87_harmonic.wav,70.0000011920929,10.000000298023224,47.86515176296234,27.117757201194763
stim_87_harmonic.wav,45.0,60.0,40.91718167066574,28.440388441085815
stim_87_harmonic.wav,25.000001192092896,40.000001192092896,31.795501112937927,28.120923042297363
stim_87_harmonic.wav,74.99999821186066,10.000000298023224,44.36858117580414,27.42145299911499
stim_87_harmonic.wav,74.99999821186066,60.0,41.48086667060852,28.3615905046463
stim_87_harmonic.wav,5.000000037252903,49.999998807907104,38.99304002523422,29.127037525177002
stim_87_harmonic.wav,74.99999821186066,49.999998807907104,40.035174787044525,28.42723846435547
stim_87_harmonic.wav,50.00000238418579,30.0,45.574185848236084,29.792232513427734
stim_87_harmonic.wav,25.000001192092896,60.0,37.11052626371384,39.644941091537476
stim_87_harmonic.wav,30.00000089406967,49.999998807907104,36.49908185005188,26.29798114299774
stim_87_harmonic.wav,0.0,10.000000298023224,19.982687830924988,26.71102523803711
stim_87_harmonic.wav,70.0000011920929,60.0,42.33402371406555,27.693656086921692
stim_87_harmonic.wav,10.000000074505806,40.000001192092896,23.39517652988434,33.93834471702576
stim_87_harmonic.wav,20.000000149011612,0.0,26.495418548583984,29.90330457687378
stim_87_harmonic.wav,84.99999761581421,10.000000298023224,54.10733342170715,22.124286890029907
stim_87_harmonic.wav,70.0000011920929,40.000001192092896,53.416407108306885,27.37267255783081
stim_87_harmonic.wav,50.00000238418579,0.0,42.610712349414825,28.23522448539734
stim_87_harmonic.wav,25.000001192092896,60.0,39.09991532564163,28.522353172302246
stim_87_harmonic.wav,80.00000059604645,0.0,50.795164704322815,27.00706958770752
stim_87_harmonic.wav,45.0,0.0,48.98849308490753,32.66088008880615
stim_87_harmonic.wav,40.000000298023224,30.0,41.3615620136261,28.559330105781555
stim_87_harmonic.wav,64.9999988079071,0.0,40.911680459976196,28.49635899066925
stim_87_harmonic.wav,50.00000238418579,49.999998807907104,37.96845763921738,29.150043725967407
stim_87_harmonic.wav,90.0,10.000000298023224,45.70239543914795,28.204391598701477
stim_87_harmonic.wav,0.0,30.0,39.70538914203644,28.462260961532593
stim_87_harmonic.wav,74.99999821186066,20.000000596046448,48.073044419288635,24.201464653015137
stim_87_harmonic.wav,64.9999988079071,20.000000596046448,42.08433955907822,28.91990303993225
stim_87_harmonic.wav,70.0000011920929,40.000001192092896,42.98562616109848,28.227919936180115
stim_87_harmonic.wav,60.00000178813934,40.000001192092896,43.89402598142624,26.213024854660034
stim_87_harmonic.wav,5.000000037252903,30.0,38.50277781486511,28.539156317710876
stim_87_harmonic.wav,5.000000037252903,49.999998807907104,18.251670598983765,26.541643738746643
stim_87_harmonic.wav,70.0000011920929,30.0,52.401410937309265,26.53857171535492
stim_87_harmonic.wav,84.99999761581421,0.0,45.27940571308136,27.513892650604248
stim_87_harmonic.wav,54.99999940395355,30.0,39.40328657627106,28.4897518157959
stim_87_harmonic.wav,20.000000149011612,60.0,28.220502734184265,32.88578510284424
stim_87_harmonic.wav,74.99999821186066,20.000000596046448,39.891596138477325,28.82859170436859
stim_87_harmonic.wav,70.0000011920929,49.999998807907104,42.58089154958725,28.211254477500916
stim_87_harmonic.wav,74.99999821186066,40.000001192092896,40.496866106987,28.405086994171143
stim_87_harmonic.wav,90.0,30.0,55.45880198478699,18.93286943435669
stim_87_harmonic.wav,90.0,40.000001192092896,52.50994920730591,25.209853649139404
stim_87_harmonic.wav,60.00000178813934,10.000000298023224,51.810117959976196,23.09025228023529
stim_87_harmonic.wav,50.00000238418579,20.000000596046448,51.486976146698,29.940690994262695
stim_87_harmonic.wav,10.000000074505806,10.000000298023224,39.42651718854904,28.524836897850037
stim_87_harmonic.wav,5.000000037252903,20.000000596046448,39.45057928562164,28.514939546585083
stim_87_harmonic.wav,64.9999988079071,30.0,41.072358191013336,28.469461798667908
stim_87_harmonic.wav,54.99999940395355,30.0,41.669385731220245,28.199658393859863
stim_87_harmonic.wav,40.000000298023224,10.000000298023224,39.38094109296799,28.50332021713257
stim_87_harmonic.wav,40.000000298023224,10.000000298023224,40.65261125564575,28.419612050056458
stim_87_harmonic.wav,84.99999761581421,10.000000298023224,58.950490951538086,24.098421335220337
stim_87_harmonic.wav,70.0000011920929,10.000000298023224,42.016573548316956,28.629130125045776
stim_87_harmonic.wav,10.000000074505806,49.999998807907104,40.856150686740875,28.558874130249023
stim_87_harmonic.wav,90.0,60.0,64.26178514957428,33.97961497306824
stim_87_harmonic.wav,84.99999761581421,40.000001192092896,51.42325758934021,28.78212332725525
stim_87_harmonic.wav,25.000001192092896,30.0,40.786142349243164,28.444225788116455
stim_87_harmonic.wav,40.000000298023224,0.0,44.95073586702347,29.82953131198883
stim_87_harmonic.wav,54.99999940395355,60.0,59.62886989116669,30.08160710334778
stim_87_harmonic.wav,40.000000298023224,30.0,41.67107552289963,28.197789788246155
stim_87_harmonic.wav,40.000000298023224,60.0,40.626068115234375,28.427998423576355
stim_87_harmonic.wav,64.9999988079071,40.000001192092896,61.07592701911926,31.728039979934692
stim_87_harmonic.wav,80.00000059604645,20.000000596046448,43.95962744951248,28.049713969230652
stim_87_harmonic.wav,10.000000074505806,30.0,49.83681678771973,25.80729603767395
stim_87_harmonic.wav,25.000001192092896,20.000000596046448,41.6424161195755,28.258838653564453
stim_87_harmonic.wav,35.00000059604645,10.000000298023224,48.90513002872467,33.65859031677246
stim_87_harmonic.wav,90.0,40.000001192092896,62.184709310531616,20.31287133693695
stim_87_harmonic.wav,60.00000178813934,30.0,38.51721614599228,28.538671731948853
stim_87_harmonic.wav,74.99999821186066,49.999998807907104,42.310583889484406,28.699055314064026
stim_87_harmonic.wav,45.0,40.000001192092896,38.156858682632446,28.17273259162903
stim_87_harmonic.wav,84.99999761581421,10.000000298023224,42.93340355157852,28.42306673526764
stim_87_harmonic.wav,70.0000011920929,0.0,41.44128531217575,28.40652108192444
stim_87_harmonic.wav,10.000000074505806,10.000000298023224,18.90383630990982,33.969597816467285
stim_87_harmonic.wav,10.000000074505806,60.0,38.71825307607651,28.538079857826233
stim_87_harmonic.wav,20.000000149011612,30.0,48.09008717536926,26.42882466316223
stim_87_harmonic.wav,25.000001192092896,49.999998807907104,38.895689249038696,28.367457389831543
stim_87_harmonic.wav,15.000000447034836,49.999998807907104,39.01610970497131,28.675968647003174
stim_87_harmonic.wav,50.00000238418579,40.000001192092896,38.952375054359436,28.52443277835846
stim_87_harmonic.wav,64.9999988079071,40.000001192092896,51.41268968582153,25.71930170059204
stim_87_harmonic.wav,50.00000238418579,10.000000298023224,40.76186567544937,28.253570795059204
stim_87_harmonic.wav,10.000000074505806,30.0,39.843171536922455,28.4649395942688
stim_87_harmonic.wav,84.99999761581421,10.000000298023224,41.434587836265564,28.53409767150879
stim_87_harmonic.wav,70.0000011920929,10.000000298023224,42.50435471534729,28.117992281913757
stim_87_harmonic.wav,40.000000298023224,60.0,39.42852884531021,28.472962975502014
stim_87_harmonic.wav,35.00000059604645,40.000001192092896,40.006990134716034,28.65205228328705
stim_87_harmonic.wav,80.00000059604645,49.999998807907104,43.20859283208847,28.255074620246887
stim_87_harmonic.wav,10.000000074505806,10.000000298023224,36.7382088303566,28.8946795463562
stim_87_harmonic.wav,40.000000298023224,49.999998807907104,40.94472259283066,28.525521755218506
stim_87_harmonic.wav,64.9999988079071,20.000000596046448,39.78622555732727,28.553963899612427
stim_87_harmonic.wav,74.99999821186066,0.0,40.603234469890594,28.462470173835754
stim_87_harmonic.wav,50.00000238418579,10.000000298023224,44.74911153316498,28.947325944900513
stim_87_harmonic.wav,40.000000298023224,0.0,41.02012485265732,29.19796586036682
stim_87_harmonic.wav,70.0000011920929,20.000000596046448,39.89937722682953,27.977596521377563
stim_87_harmonic.wav,50.00000238418579,0.0,39.68787431716919,28.593907356262207
stim_87_harmonic.wav,50.00000238418579,0.0,52.94386088848114,29.368906617164612
stim_87_harmonic.wav,5.000000037252903,30.0,38.67403417825699,28.652341961860657
stim_87_harmonic.wav,10.000000074505806,20.000000596046448,40.67964792251587,28.41192126274109
stim_87_harmonic.wav,45.0,0.0,41.362366676330566,28.342317938804626
stim_87_harmonic.wav,54.99999940395355,49.999998807907104,41.10717594623566,28.482118248939514
stim_87_harmonic.wav,0.0,40.000001192092896,39.88015919923782,28.66365909576416
stim_87_harmonic.wav,15.000000447034836,49.999998807907104,38.250558972358704,28.538898825645447
stim_87_harmonic.wav,90.0,40.000001192092896,53.06504845619202,23.879331350326538
stim_87_harmonic.wav,30.00000089406967,30.0,39.83335465192795,28.580574989318848
stim_87_harmonic.wav,64.9999988079071,30.0,48.93065929412842,27.723623514175415
stim_87_harmonic.wav,5.000000037252903,20.000000596046448,40.40142506361008,28.843780159950256
stim_87_harmonic.wav,54.99999940395355,0.0,42.57967382669449,28.561863899230957
stim_87_harmonic.wav,30.00000089406967,49.999998807907104,35.50285041332245,23.974263668060303
stim_87_harmonic.wav,35.00000059604645,10.000000298023224,39.37267988920212,30.159122943878174
stim_87_harmonic.wav,60.00000178813934,10.000000298023224,48.29123139381409,25.215883255004883
stim_87_harmonic.wav,50.00000238418579,30.0,39.88719195127487,28.587021231651306
stim_87_harmonic.wav,35.00000059604645,20.000000596046448,38.26483905315399,28.79120171070099
stim_73_harmonic.wav,0.0,60.0,33.18550229072571,32.384469509124756
stim_73_harmonic.wav,35.00000059604645,60.0,43.79968196153641,31.614296436309814
stim_73_harmonic.wav,25.000001192092896,40.000001192092896,35.247750878334045,27.956256866455078
stim_73_harmonic.wav,10.000000074505806,10.000000298023224,18.15206676721573,30.27592420578003
stim_73_harmonic.wav,54.99999940395355,40.000001192092896,47.08182334899902,33.293362855911255
stim_73_harmonic.wav,64.9999988079071,30.0,54.17460858821869,25.66819667816162
stim_73_harmonic.wav,0.0,10.000000298023224,31.48804485797882,28.841816782951355
stim_73_harmonic.wav,30.00000089406967,60.0,35.799593925476074,36.02231740951538
stim_73_harmonic.wav,70.0000011920929,10.000000298023224,64.63662385940552,13.90760600566864
stim_73_harmonic.wav,74.99999821186066,60.0,66.23804748058319,26.598402857780457
stim_73_harmonic.wav,40.000000298023224,49.999998807907104,50.44502913951874,22.722820043563843
stim_73_harmonic.wav,74.99999821186066,10.000000298023224,44.14375841617584,28.639111518859863
stim_73_harmonic.wav,40.000000298023224,20.000000596046448,40.38653612136841,28.28213095664978
stim_73_harmonic.wav,5.000000037252903,30.0,11.4126518368721,29.472341537475586
stim_73_harmonic.wav,25.000001192092896,20.000000596046448,42.66036808490753,27.85073697566986
stim_73_harmonic.wav,40.000000298023224,40.000001192092896,47.91607081890106,34.002227783203125
stim_73_harmonic.wav,84.99999761581421,40.000001192092896,56.06355428695679,33.19851994514465
stim_73_harmonic.wav,84.99999761581421,10.000000298023224,64.10416781902313,17.402279376983643
stim_73_harmonic.wav,80.00000059604645,30.0,62.42003560066223,36.40206456184387
stim_73_harmonic.wav,70.0000011920929,49.999998807907104,36.16864711046219,28.086000680923462
stim_73_harmonic.wav,45.0,49.999998807907104,40.2519965171814,32.35083818435669
stim_73_harmonic.wav,35.00000059604645,20.000000596046448,50.02049446105957,32.74851679801941
stim_73_harmonic.wav,74.99999821186066,0.0,45.74207603931427,27.94365406036377
stim_73_harmonic.wav,74.99999821186066,10.000000298023224,44.33225333690643,25.47591984272003
stim_73_harmonic.wav,70.0000011920929,20.000000596046448,47.910245060920715,32.432509660720825
stim_73_harmonic.wav,70.0000011920929,49.999998807907104,39.28266495466232,29.376139640808105
stim_73_harmonic.wav,50.00000238418579,49.999998807907104,48.69731247425079,38.98074388504028
stim_73_harmonic.wav,60.00000178813934,40.000001192092896,45.614842772483826,32.76247501373291
stim_73_harmonic.wav,0.0,49.999998807907104,34.82757210731506,31.918365955352783
stim_73_harmonic.wav,25.000001192092896,0.0,45.11941194534302,26.096409559249878
stim_73_harmonic.wav,50.00000238418579,10.000000298023224,45.32060980796814,31.30842089653015
stim_73_harmonic.wav,84.99999761581421,20.000000596046448,49.78311896324158,26.587223410606384
stim_73_harmonic.wav,25.000001192092896,49.999998807907104,28.521596789360046,38.32570552825928
stim_73_harmonic.wav,15.000000447034836,30.0,39.007695615291595,32.78220176696777
stim_73_harmonic.wav,10.000000074505806,20.000000596046448,30.62110662460327,34.79641556739807
stim_73_harmonic.wav,15.000000447034836,49.999998807907104,17.000725865364075,35.61005115509033
stim_73_harmonic.wav,64.9999988079071,40.000001192092896,49.96754765510559,41.176414489746094
stim_73_harmonic.wav,5.000000037252903,60.0,5.338124334812164,32.48743772506714
stim_73_harmonic.wav,74.99999821186066,40.000001192092896,57.080336809158325,33.041006326675415
stim_73_harmonic.wav,80.00000059604645,30.0,46.80754065513611,28.464592695236206
stim_73_harmonic.wav,35.00000059604645,49.999998807907104,34.761984050273895,38.16699743270874
stim_73_harmonic.wav,74.99999821186066,60.0,49.3009489774704,27.793654203414917
stim_73_harmonic.wav,74.99999821186066,60.0,33.015519976615906,26.667643189430237
stim_73_harmonic.wav,15.000000447034836,49.999998807907104,27.52316325902939,35.64282417297363
stim_73_harmonic.wav,50.00000238418579,60.0,57.77811884880066,24.59212303161621
stim_73_harmonic.wav,35.00000059604645,30.0,39.69192713499069,41.0814893245697
stim_73_harmonic.wav,15.000000447034836,20.000000596046448,15.105490386486053,19.111170172691345
stim_73_harmonic.wav,25.000001192092896,49.999998807907104,34.422378838062286,33.69112014770508
stim_73_harmonic.wav,45.0,10.000000298023224,38.42523247003555,28.628915548324585
stim_73_harmonic.wav,54.99999940395355,20.000000596046448,45.983410477638245,32.11920619010925
stim_73_harmonic.wav,5.000000037252903,40.000001192092896,29.344155192375183,29.978567361831665
stim_73_harmonic.wav,45.0,10.000000298023224,38.174083828926086,32.59260177612305
stim_73_harmonic.wav,84.99999761581421,30.0,71.03309154510498,22.014427185058594
stim_73_harmonic.wav,64.9999988079071,0.0,54.16725933551788,25.29980778694153
stim_73_harmonic.wav,20.000000149011612,30.0,23.562573194503784,18.85033428668976
stim_73_harmonic.wav,15.000000447034836,60.0,28.977379202842712,38.09758543968201
stim_73_harmonic.wav,84.99999761581421,40.000001192092896,65.17049610614777,36.331565380096436
stim_73_harmonic.wav,15.000000447034836,0.0,31.108252108097076,25.09177565574646
stim_73_harmonic.wav,20.000000149011612,10.000000298023224,30.691780149936676,29.65593695640564
stim_73_harmonic.wav,74.99999821186066,20.000000596046448,43.90062689781189,31.633139848709106
stim_73_harmonic.wav,5.000000037252903,20.000000596046448,28.872756958007812,26.28173589706421
stim_73_harmonic.wav,25.000001192092896,60.0,32.33776330947876,33.64146709442139
stim_73_harmonic.wav,25.000001192092896,10.000000298023224,29.981756508350372,36.88551306724548
stim_73_harmonic.wav,54.99999940395355,60.0,50.355201959609985,29.3036288022995
stim_73_harmonic.wav,60.00000178813934,20.000000596046448,35.26711106300354,31.42240047454834
stim_73_harmonic.wav,30.00000089406967,40.000001192092896,34.9205482006073,32.10346698760986
stim_73_harmonic.wav,10.000000074505806,10.000000298023224,28.550266921520233,24.234888553619385
stim_73_harmonic.wav,80.00000059604645,49.999998807907104,44.40238505601883,35.880171060562134
stim_73_harmonic.wav,15.000000447034836,40.000001192092896,17.06339567899704,39.847809076309204
stim_73_harmonic.wav,35.00000059604645,40.000001192092896,33.88529598712921,31.554054021835327
stim_73_harmonic.wav,50.00000238418579,40.000001192092896,45.90890407562256,30.635905265808105
stim_73_harmonic.wav,64.9999988079071,30.0,38.737438917160034,30.296595096588135
stim_73_harmonic.wav,64.9999988079071,0.0,65.62936842441559,18.59203577041626
stim_73_harmonic.wav,64.9999988079071,30.0,50.491012930870056,27.23720133304596
stim_73_harmonic.wav,5.000000037252903,40.000001192092896,8.953162729740143,19.09764289855957
stim_73_harmonic.wav,15.000000447034836,49.999998807907104,24.3326997756958,40.69668531417847
stim_73_harmonic.wav,30.00000089406967,20.000000596046448,38.982751071453094,25.110797882080078
stim_73_harmonic.wav,35.00000059604645,49.999998807907104,34.324998557567596,35.00865697860718
stim_73_harmonic.wav,54.99999940395355,40.000001192092896,44.90218251943588,33.3324658870697
stim_73_harmonic.wav,50.00000238418579,30.0,45.138418078422546,29.228864908218384
stim_73_harmonic.wav,30.00000089406967,10.000000298023224,44.63857501745224,27.894017100334167
stim_73_harmonic.wav,30.00000089406967,40.000001192092896,35.51108479499817,27.01960802078247
stim_73_harmonic.wav,40.000000298023224,0.0,45.30855596065521,30.626903772354126
stim_73_harmonic.wav,54.99999940395355,60.0,48.00858020782471,36.64885997772217
stim_73_harmonic.wav,40.000000298023224,40.000001192092896,35.01749932765961,34.10816431045532
stim_73_harmonic.wav,54.99999940395355,60.0,48.063592314720154,30.573692321777344
stim_73_harmonic.wav,40.000000298023224,10.000000298023224,50.264328718185425,35.22988557815552
stim_73_harmonic.wav,30.00000089406967,49.999998807907104,39.26635980606079,29.66312885284424
stim_73_harmonic.wav,25.000001192092896,60.0,45.6189090013504,16.262406706809998
stim_73_harmonic.wav,35.00000059604645,60.0,38.69345873594284,41.97273373603821
stim_73_harmonic.wav,54.99999940395355,40.000001192092896,44.533357322216034,27.327654361724854
stim_73_harmonic.wav,40.000000298023224,30.0,42.104743123054504,33.294832706451416
stim_73_harmonic.wav,40.000000298023224,40.000001192092896,41.87765121459961,28.296462893486023
stim_73_harmonic.wav,70.0000011920929,10.000000298023224,43.79599928855896,29.905682802200317
stim_73_harmonic.wav,80.00000059604645,49.999998807907104,33.42298239469528,27.605255842208862
stim_73_harmonic.wav,25.000001192092896,30.0,20.681467652320862,33.85155200958252
stim_73_harmonic.wav,30.00000089406967,20.000000596046448,42.21167743206024,30.495675802230835
stim_73_harmonic.wav,35.00000059604645,60.0,42.80753552913666,24.955124258995056
stim_73_harmonic.wav,25.000001192092896,60.0,44.999608397483826,26.74360156059265
stim_73_harmonic.wav,10.000000074505806,10.000000298023224,27.741626501083374,33.95612955093384
stim_73_harmonic.wav,0.0,0.0,39.04774367809296,28.48849654197693
stim_73_harmonic.wav,74.99999821186066,30.0,43.78119349479675,30.86652159690857
stim_73_harmonic.wav,90.0,0.0,69.78793501853943,27.374653816223145
stim_73_harmonic.wav,30.00000089406967,60.0,32.79760658740997,31.74464464187622
stim_73_harmonic.wav,25.000001192092896,49.999998807907104,38.91589164733887,30.20620822906494
stim_73_harmonic.wav,45.0,49.999998807907104,47.35188961029053,33.02214860916138
stim_73_harmonic.wav,45.0,40.000001192092896,43.94422888755798,31.526684761047363
stim_73_harmonic.wav,84.99999761581421,0.0,49.06585335731506,28.797637224197388
stim_73_harmonic.wav,64.9999988079071,60.0,35.97614765167236,29.00425136089325
stim_73_harmonic.wav,45.0,60.0,42.240170538425446,33.035398721694946
stim_73_harmonic.wav,64.9999988079071,10.000000298023224,60.903578996658325,27.89717674255371
stim_73_harmonic.wav,45.0,10.000000298023224,38.45797955989838,31.33254647254944
stim_73_harmonic.wav,60.00000178813934,0.0,34.72714215517044,34.04502511024475
stim_73_harmonic.wav,35.00000059604645,40.000001192092896,34.44171488285065,25.326683521270752
stim_73_harmonic.wav,30.00000089406967,40.000001192092896,34.80591058731079,26.82366907596588
stim_73_harmonic.wav,10.000000074505806,40.000001192092896,15.111959874629974,31.031806468963623
stim_73_harmonic.wav,5.000000037252903,10.000000298023224,34.70131516456604,29.07369554042816
stim_73_harmonic.wav,5.000000037252903,20.000000596046448,22.655769288539886,27.05574631690979
stim_73_harmonic.wav,20.000000149011612,10.000000298023224,38.376276791095734,27.77662754058838
stim_73_harmonic.wav,15.000000447034836,30.0,14.357339143753052,23.18382740020752
stim_73_harmonic.wav,20.000000149011612,49.999998807907104,19.507169723510742,22.371572256088257
stim_73_harmonic.wav,35.00000059604645,0.0,39.36521798372269,29.798324704170227
stim_73_harmonic.wav,84.99999761581421,10.000000298023224,44.40230995416641,27.600279450416565
stim_73_harmonic.wav,50.00000238418579,10.000000298023224,41.52356743812561,23.961668014526367
stim_73_harmonic.wav,15.000000447034836,30.0,14.739009439945221,33.44908118247986
stim_73_harmonic.wav,10.000000074505806,0.0,12.890135943889618,39.52752470970154
stim_73_harmonic.wav,60.00000178813934,10.000000298023224,63.995012640953064,31.85382843017578
stim_73_harmonic.wav,10.000000074505806,20.000000596046448,26.58378928899765,39.756245613098145
stim_73_harmonic.wav,64.9999988079071,20.000000596046448,49.77060914039612,30.891666412353516
stim_73_harmonic.wav,84.99999761581421,20.000000596046448,45.22020399570465,25.113236904144287
stim_73_harmonic.wav,15.000000447034836,40.000001192092896,28.512380719184875,38.193079233169556
stim_73_harmonic.wav,10.000000074505806,49.999998807907104,14.296128451824188,41.772587299346924
stim_73_harmonic.wav,64.9999988079071,20.000000596046448,49.98662352561951,30.242353677749634
stim_73_harmonic.wav,35.00000059604645,30.0,40.915813744068146,29.109381437301636
stim_73_harmonic.wav,15.000000447034836,20.000000596046448,31.742168068885803,26.44234299659729
stim_79_harmonic.wav,64.9999988079071,0.0,46.649837493896484,27.930396795272827
stim_79_harmonic.wav,54.99999940395355,10.000000298023224,41.10693722963333,28.835896253585815
stim_79_harmonic.wav,40.000000298023224,20.000000596046448,41.81764751672745,22.116762399673462
stim_79_harmonic.wav,40.000000298023224,49.999998807907104,44.251529574394226,28.62685203552246
stim_79_harmonic.wav,35.00000059604645,40.000001192092896,24.78854924440384,25.566442608833313
stim_79_harmonic.wav,25.000001192092896,20.000000596046448,33.49837124347687,21.17748498916626
stim_79_harmonic.wav,60.00000178813934,49.999998807907104,38.45898002386093,29.454345703125
stim_79_harmonic.wav,80.00000059604645,30.0,40.06356596946716,28.992531895637512
stim_79_harmonic.wav,60.00000178813934,49.999998807907104,58.1273478269577,27.124866843223572
stim_79_harmonic.wav,40.000000298023224,20.000000596046448,44.38256621360779,22.734054923057556
stim_79_harmonic.wav,15.000000447034836,60.0,32.42560029029846,30.246866941452026
stim_79_harmonic.wav,40.000000298023224,40.000001192092896,42.699222564697266,27.944929003715515
stim_79_harmonic.wav,60.00000178813934,10.000000298023224,54.19426918029785,23.727829456329346
stim_79_harmonic.wav,70.0000011920929,40.000001192092896,52.212626338005066,26.49508774280548
stim_79_harmonic.wav,64.9999988079071,10.000000298023224,58.893799781799316,24.193080067634583
stim_79_harmonic.wav,30.00000089406967,0.0,41.0041469335556,28.525899052619934
stim_79_harmonic.wav,84.99999761581421,10.000000298023224,65.30952572822571,20.268609523773193
stim_79_harmonic.wav,90.0,49.999998807907104,54.256367683410645,28.835456371307373
stim_79_harmonic.wav,70.0000011920929,30.0,58.11991274356842,31.042009592056274
stim_79_harmonic.wav,54.99999940395355,20.000000596046448,51.990190744400024,24.54905390739441
stim_79_harmonic.wav,0.0,49.999998807907104,9.250590205192566,29.035804867744446
stim_79_harmonic.wav,30.00000089406967,49.999998807907104,30.02065658569336,29.798975586891174
stim_79_harmonic.wav,50.00000238418579,20.000000596046448,48.30585479736328,18.775477409362793
stim_79_harmonic.wav,74.99999821186066,0.0,57.00661897659302,26.57523214817047
stim_79_harmonic.wav,0.0,30.0,31.569015383720398,29.857531785964966
stim_79_harmonic.wav,70.0000011920929,40.000001192092896,55.10784029960632,29.97321367263794
stim_79_harmonic.wav,10.000000074505806,60.0,15.283366441726685,29.307873845100403
stim_79_harmonic.wav,5.000000037252903,49.999998807907104,22.10327446460724,30.2360200881958
stim_79_harmonic.wav,10.000000074505806,40.000001192092896,17.4626424908638,36.30910634994507
stim_79_harmonic.wav,84.99999761581421,0.0,49.737982749938965,29.209261536598206
stim_79_harmonic.wav,20.000000149011612,49.999998807907104,38.22722375392914,29.338924884796143
stim_79_harmonic.wav,15.000000447034836,40.000001192092896,29.436146914958954,33.10598015785217
stim_79_harmonic.wav,15.000000447034836,49.999998807907104,35.95903515815735,28.85330379009247
stim_79_harmonic.wav,0.0,10.000000298023224,39.55111920833588,28.60554814338684
stim_79_harmonic.wav,35.00000059604645,30.0,39.766256511211395,32.17670202255249
stim_79_harmonic.wav,25.000001192092896,60.0,43.86783421039581,28.751798272132874
stim_79_harmonic.wav,5.000000037252903,0.0,33.92470836639404,29.05681014060974
stim_79_harmonic.wav,15.000000447034836,0.0,15.293770730495453,20.88453769683838
stim_79_harmonic.wav,74.99999821186066,0.0,51.801196932792664,30.520048141479492
stim_79_harmonic.wav,10.000000074505806,10.000000298023224,14.063023030757904,23.42708945274353
stim_79_harmonic.wav,74.99999821186066,10.000000298023224,52.66373097896576,26.550158858299255
stim_79_harmonic.wav,90.0,0.0,43.46030205488205,29.838557839393616
stim_79_harmonic.wav,20.000000149011612,0.0,25.2574422955513,14.831517934799194
stim_79_harmonic.wav,25.000001192092896,30.0,37.4532026052475,26.800881028175354
stim_79_harmonic.wav,74.99999821186066,10.000000298023224,63.09469699859619,22.65801429748535
stim_79_harmonic.wav,25.000001192092896,60.0,42.16170519590378,25.938745737075806
stim_79_harmonic.wav,0.0,40.000001192092896,37.211425602436066,28.514415621757507
stim_79_harmonic.wav,45.0,10.000000298023224,42.62549936771393,29.721107482910156
stim_79_harmonic.wav,54.99999940395355,10.000000298023224,49.67946231365204,22.998143434524536
stim_79_harmonic.wav,0.0,20.000000596046448,9.06508594751358,29.777314066886902
stim_79_harmonic.wav,74.99999821186066,10.000000298023224,43.37440699338913,27.137349843978882
stim_79_harmonic.wav,15.000000447034836,30.0,36.56549334526062,25.667356252670288
stim_79_harmonic.wav,35.00000059604645,30.0,38.17630738019943,21.12568438053131
stim_79_harmonic.wav,80.00000059604645,0.0,63.70421290397644,21.295952796936035
stim_79_harmonic.wav,15.000000447034836,10.000000298023224,32.30860769748688,27.393110990524292
stim_79_harmonic.wav,80.00000059604645,60.0,49.33054983615875,30.32285213470459
stim_79_harmonic.wav,80.00000059604645,10.000000298023224,39.92375046014786,30.17553448677063
stim_79_harmonic.wav,64.9999988079071,40.000001192092896,54.00186896324158,34.227293729782104
stim_79_harmonic.wav,45.0,49.999998807907104,50.75333297252655,27.17098295688629
stim_79_harmonic.wav,70.0000011920929,0.0,57.68378019332886,27.480955123901367
stim_79_harmonic.wav,35.00000059604645,20.000000596046448,42.91704744100571,28.220348954200745
stim_79_harmonic.wav,40.000000298023224,20.000000596046448,44.072760343551636,33.39136362075806
stim_79_harmonic.wav,74.99999821186066,60.0,42.78145641088486,29.151921272277832
stim_79_harmonic.wav,25.000001192092896,20.000000596046448,28.591495156288147,24.280532598495483
stim_79_harmonic.wav,84.99999761581421,49.999998807907104,45.18045365810394,29.51870083808899
stim_79_harmonic.wav,80.00000059604645,30.0,61.1419415473938,31.930521726608276
stim_79_harmonic.wav,64.9999988079071,20.000000596046448,56.20985269546509,27.851949334144592
stim_79_harmonic.wav,50.00000238418579,30.0,35.11278748512268,29.84466254711151
stim_79_harmonic.wav,35.00000059604645,0.0,42.4530628323555,32.91052579879761
stim_79_harmonic.wav,25.000001192092896,40.000001192092896,32.65068858861923,28.993422389030457
stim_79_harmonic.wav,15.000000447034836,60.0,22.133574038743973,28.21514904499054
stim_79_harmonic.wav,15.000000447034836,30.0,18.040776550769806,26.136980652809143
stim_79_harmonic.wav,90.0,30.0,64.41639304161072,20.79288125038147
stim_79_harmonic.wav,40.000000298023224,10.000000298023224,40.62796175479889,28.684669733047485
stim_79_harmonic.wav,40.000000298023224,20.000000596046448,44.85225588083267,25.67844808101654
stim_79_harmonic.wav,74.99999821186066,20.000000596046448,55.00679075717926,21.743570566177368
stim_79_harmonic.wav,5.000000037252903,49.999998807907104,38.10699373483658,29.208213686943054
stim_79_harmonic.wav,10.000000074505806,60.0,14.455532133579254,44.907063245773315
stim_79_harmonic.wav,25.000001192092896,30.0,25.542874932289124,19.69320774078369
stim_79_harmonic.wav,25.000001192092896,40.000001192092896,27.399247884750366,29.04938578605652
stim_79_harmonic.wav,50.00000238418579,10.000000298023224,39.64944630861282,27.758304476737976
stim_79_harmonic.wav,10.000000074505806,20.000000596046448,30.43896585702896,27.136226892471313
stim_79_harmonic.wav,45.0,0.0,43.607622385025024,28.976454734802246
stim_79_harmonic.wav,10.000000074505806,0.0,16.328164637088776,25.119683146476746
stim_79_harmonic.wav,80.00000059604645,30.0,42.627175748348236,29.380838871002197
stim_79_harmonic.wav,60.00000178813934,49.999998807907104,35.757150650024414,30.372955799102783
stim_79_harmonic.wav,35.00000059604645,49.999998807907104,44.108141362667084,30.05362629890442
stim_79_harmonic.wav,50.00000238418579,60.0,46.170950531959534,25.95743715763092
stim_79_harmonic.wav,54.99999940395355,20.000000596046448,51.32586658000946,23.555606603622437
stim_79_harmonic.wav,84.99999761581421,10.000000298023224,51.970374584198,28.00707757472992
stim_79_harmonic.wav,10.000000074505806,0.0,32.100661396980286,30.891480445861816
stim_79_harmonic.wav,30.00000089406967,20.000000596046448,36.97889417409897,26.622315645217896
stim_79_harmonic.wav,40.000000298023224,30.0,43.0626055598259,34.16160821914673
stim_79_harmonic.wav,35.00000059604645,0.0,43.9921760559082,35.73567509651184
stim_79_harmonic.wav,20.000000149011612,40.000001192092896,33.86457324028015,29.47829246520996
stim_79_harmonic.wav,30.00000089406967,60.0,35.68476855754852,36.5260648727417
stim_79_harmonic.wav,20.000000149011612,0.0,29.57348942756653,24.22405242919922
stim_79_harmonic.wav,90.0,0.0,39.88141447305679,28.805501461029053
stim_79_harmonic.wav,35.00000059604645,20.000000596046448,39.34735178947449,24.535322785377502
stim_79_harmonic.wav,84.99999761581421,30.0,46.01271629333496,27.93335795402527
stim_79_harmonic.wav,35.00000059604645,20.000000596046448,43.8124680519104,29.345333576202393
stim_79_harmonic.wav,10.000000074505806,0.0,27.54546046257019,27.029348015785217
stim_79_harmonic.wav,15.000000447034836,0.0,33.33204209804535,28.08723270893097
stim_79_harmonic.wav,25.000001192092896,0.0,29.38542902469635,12.582288980484009
stim_79_harmonic.wav,50.00000238418579,40.000001192092896,41.421300172805786,27.597023248672485
stim_79_harmonic.wav,40.000000298023224,30.0,44.191493690013885,29.76609706878662
stim_79_harmonic.wav,90.0,49.999998807907104,35.828524231910706,28.379961848258972
stim_79_harmonic.wav,50.00000238418579,49.999998807907104,38.55259716510773,29.619022607803345
stim_79_harmonic.wav,15.000000447034836,10.000000298023224,27.760753333568573,28.96428644657135
stim_79_harmonic.wav,10.000000074505806,40.000001192092896,33.11499238014221,29.02314305305481
stim_79_harmonic.wav,50.00000238418579,49.999998807907104,42.512618601322174,30.069544315338135
stim_79_harmonic.wav,54.99999940395355,20.000000596046448,53.9708948135376,25.577666759490967
stim_79_harmonic.wav,64.9999988079071,20.000000596046448,28.028440475463867,29.16237473487854
stim_79_harmonic.wav,10.000000074505806,30.0,36.46981626749039,29.68011975288391
stim_79_harmonic.wav,5.000000037252903,60.0,27.3113813996315,29.219824075698853
stim_79_harmonic.wav,80.00000059604645,60.0,50.98847150802612,28.583232164382935
stim_79_harmonic.wav,74.99999821186066,60.0,62.67230808734894,29.36158061027527
stim_79_harmonic.wav,60.00000178813934,40.000001192092896,45.91881215572357,30.49314022064209
stim_79_harmonic.wav,40.000000298023224,0.0,47.0522278547287,29.9693763256073
stim_79_harmonic.wav,10.000000074505806,49.999998807907104,16.62245124578476,35.14676213264465
stim_79_harmonic.wav,15.000000447034836,40.000001192092896,35.36578416824341,30.040740966796875
stim_79_harmonic.wav,35.00000059604645,40.000001192092896,36.67997270822525,23.884745836257935
stim_79_harmonic.wav,15.000000447034836,49.999998807907104,28.706352710723877,26.83750569820404
stim_79_harmonic.wav,5.000000037252903,49.999998807907104,11.185238063335419,24.714669585227966
stim_79_harmonic.wav,84.99999761581421,20.000000596046448,68.87572646141052,37.687904834747314
stim_79_harmonic.wav,40.000000298023224,0.0,40.050069093704224,29.131271839141846
stim_79_harmonic.wav,10.000000074505806,0.0,28.845033645629883,31.336323022842407
stim_79_harmonic.wav,80.00000059604645,20.000000596046448,40.771368741989136,28.890080451965332
stim_79_harmonic.wav,54.99999940395355,0.0,47.73628234863281,22.414119243621826
stim_79_harmonic.wav,90.0,0.0,40.903126895427704,28.96430790424347
stim_79_harmonic.wav,54.99999940395355,60.0,43.014996349811554,28.746743202209473
stim_105_harmonic.wav,5.000000037252903,49.999998807907104,41.1357119679451,28.3735853433609
stim_105_harmonic.wav,5.000000037252903,20.000000596046448,41.89546376466751,28.414682149887085
stim_105_harmonic.wav,25.000001192092896,40.000001192092896,41.596115827560425,28.33591103553772
stim_105_harmonic.wav,80.00000059604645,40.000001192092896,40.128963589668274,28.453999757766724
stim_105_harmonic.wav,60.00000178813934,49.999998807907104,41.78553879261017,28.357300758361816
stim_105_harmonic.wav,45.0,10.000000298023224,43.89746993780136,27.77920961380005
stim_105_harmonic.wav,70.0000011920929,20.000000596046448,41.64132446050644,28.327975273132324
stim_105_harmonic.wav,70.0000011920929,30.0,39.73569542169571,27.94588029384613
stim_105_harmonic.wav,54.99999940395355,30.0,41.733954548835754,28.327826857566833
stim_105_harmonic.wav,84.99999761581421,30.0,41.64197891950607,28.726240396499634
stim_105_harmonic.wav,70.0000011920929,0.0,40.990140438079834,30.40504217147827
stim_105_harmonic.wav,0.0,49.999998807907104,34.95452642440796,27.841359972953796
stim_105_harmonic.wav,10.000000074505806,49.999998807907104,40.90396910905838,28.40143382549286
stim_105_harmonic.wav,40.000000298023224,30.0,41.391246020793915,28.37522327899933
stim_105_harmonic.wav,25.000001192092896,0.0,41.769890785217285,28.32329750061035
stim_105_harmonic.wav,0.0,40.000001192092896,39.394990503787994,28.66582989692688
stim_105_harmonic.wav,25.000001192092896,0.0,42.04612612724304,28.382488489151
stim_105_harmonic.wav,10.000000074505806,40.000001192092896,40.143562853336334,28.519792556762695
stim_105_harmonic.wav,70.0000011920929,0.0,41.692844331264496,28.875110149383545
stim_105_harmonic.wav,74.99999821186066,30.0,41.1501744389534,28.361724615097046
stim_105_harmonic.wav,35.00000059604645,30.0,41.774155497550964,28.567392826080322
stim_105_harmonic.wav,45.0,30.0,41.87537133693695,28.465567231178284
stim_105_harmonic.wav,74.99999821186066,40.000001192092896,41.88800722360611,27.574980854988098
stim_105_harmonic.wav,84.99999761581421,30.0,41.590223014354706,28.333325386047363
stim_105_harmonic.wav,60.00000178813934,20.000000596046448,41.55734181404114,28.33312690258026
stim_105_harmonic.wav,60.00000178813934,0.0,41.695733070373535,27.566406726837158
stim_105_harmonic.wav,60.00000178813934,30.0,41.959777772426605,28.313950896263123
stim_105_harmonic.wav,80.00000059604645,0.0,41.46553248167038,28.3450448513031
stim_105_harmonic.wav,70.0000011920929,60.0,42.74441510438919,28.400203585624695
stim_105_harmonic.wav,60.00000178813934,0.0,41.70602470636368,28.07937741279602
stim_105_harmonic.wav,25.000001192092896,60.0,42.18057990074158,28.599005341529846
stim_105_harmonic.wav,10.000000074505806,0.0,40.56698441505432,28.601004481315613
stim_105_harmonic.wav,0.0,40.000001192092896,42.27843761444092,28.540021777153015
stim_105_harmonic.wav,40.000000298023224,30.0,40.85104376077652,28.689061403274536
stim_105_harmonic.wav,45.0,0.0,44.352528154850006,29.66862380504608
stim_105_harmonic.wav,15.000000447034836,49.999998807907104,41.35179877281189,28.413278460502625
stim_105_harmonic.wav,70.0000011920929,30.0,37.181848883628845,27.903372645378113
stim_105_harmonic.wav,50.00000238418579,10.000000298023224,41.78467243909836,28.85205566883087
stim_105_harmonic.wav,90.0,20.000000596046448,39.92652386426926,28.227767944335938
stim_105_harmonic.wav,5.000000037252903,10.000000298023224,41.4672115445137,28.486576080322266
stim_105_harmonic.wav,10.000000074505806,20.000000596046448,41.827292740345,28.32287907600403
stim_105_harmonic.wav,64.9999988079071,49.999998807907104,40.849434435367584,28.37815225124359
stim_105_harmonic.wav,20.000000149011612,10.000000298023224,39.514815509319305,28.404391407966614
stim_105_harmonic.wav,64.9999988079071,49.999998807907104,40.67089855670929,32.38687992095947
stim_105_harmonic.wav,90.0,60.0,42.516998648643494,30.69214940071106
stim_105_harmonic.wav,60.00000178813934,49.999998807907104,41.95962756872177,27.337253093719482
stim_105_harmonic.wav,35.00000059604645,10.000000298023224,41.57620042562485,28.49636971950531
stim_105_harmonic.wav,15.000000447034836,40.000001192092896,37.97940105199814,29.538631439208984
stim_105_harmonic.wav,84.99999761581421,0.0,40.09759783744812,27.09906041622162
stim_105_harmonic.wav,5.000000037252903,60.0,41.49955898523331,28.342058658599854
stim_105_harmonic.wav,60.00000178813934,60.0,41.542450189590454,28.33867371082306
stim_105_harmonic.wav,40.000000298023224,0.0,40.81233412027359,28.67997944355011
stim_105_harmonic.wav,20.000000149011612,30.0,39.05743986368179,28.865747451782227
stim_105_harmonic.wav,50.00000238418579,49.999998807907104,41.537965536117554,28.33409070968628
stim_105_harmonic.wav,5.000000037252903,60.0,36.88540577888489,32.33827829360962
stim_105_harmonic.wav,84.99999761581421,20.000000596046448,41.753794848918915,28.408668637275696
stim_105_harmonic.wav,50.00000238418579,30.0,41.56606703996658,28.33927810192108
stim_105_harmonic.wav,5.000000037252903,10.000000298023224,41.242673099040985,28.63476276397705
stim_105_harmonic.wav,70.0000011920929,30.0,41.47536277770996,28.34152579307556
stim_105_harmonic.wav,35.00000059604645,10.000000298023224,40.8591091632843,28.416622281074524
stim_105_harmonic.wav,74.99999821186066,30.0,44.790237843990326,31.109154224395752
stim_105_harmonic.wav,80.00000059604645,60.0,41.68541729450226,28.3315247297287
stim_105_harmonic.wav,84.99999761581421,20.000000596046448,41.225217282772064,28.36825132369995
stim_105_harmonic.wav,54.99999940395355,0.0,41.57495319843292,28.337255716323853
stim_105_harmonic.wav,25.000001192092896,0.0,40.75197637081146,26.37092649936676
stim_105_harmonic.wav,40.000000298023224,30.0,41.29182726144791,28.39614450931549
stim_105_harmonic.wav,54.99999940395355,40.000001192092896,41.42094612121582,28.581531643867493
stim_105_harmonic.wav,30.00000089406967,20.000000596046448,40.82628160715103,28.90696406364441
stim_105_harmonic.wav,5.000000037252903,10.000000298023224,41.30232274532318,28.80572497844696
stim_105_harmonic.wav,20.000000149011612,30.0,40.66444516181946,28.499863743782043
stim_105_harmonic.wav,40.000000298023224,30.0,39.44957077503204,28.504731059074402
stim_105_harmonic.wav,70.0000011920929,0.0,41.55290812253952,28.927313089370728
stim_105_harmonic.wav,35.00000059604645,40.000001192092896,41.84168815612793,26.14833891391754
stim_105_harmonic.wav,40.000000298023224,49.999998807907104,41.870006918907166,28.35418939590454
stim_105_harmonic.wav,70.0000011920929,60.0,46.29610240459442,32.845730781555176
stim_105_harmonic.wav,20.000000149011612,40.000001192092896,41.19275987148285,27.7191424369812
stim_105_harmonic.wav,30.00000089406967,30.0,41.38759821653366,28.39717447757721
stim_105_harmonic.wav,30.00000089406967,49.999998807907104,37.99018621444702,27.654622793197632
stim_105_harmonic.wav,70.0000011920929,49.999998807907104,41.02470874786377,29.95891571044922
stim_105_harmonic.wav,20.000000149011612,0.0,40.252532958984375,28.783698678016663
stim_105_harmonic.wav,25.000001192092896,0.0,40.59689104557037,25.86948573589325
stim_105_harmonic.wav,45.0,60.0,41.57893896102905,28.33622932434082
stim_105_harmonic.wav,90.0,0.0,39.48732018470764,30.72988986968994
stim_105_harmonic.wav,64.9999988079071,30.0,37.50155210494995,29.393720626831055
stim_105_harmonic.wav,80.00000059604645,20.000000596046448,42.11864769458771,28.448302745819092
stim_105_harmonic.wav,90.0,20.000000596046448,41.31456434726715,28.131526708602905
stim_105_harmonic.wav,84.99999761581421,49.999998807907104,41.76767796278,28.577186465263367
stim_105_harmonic.wav,54.99999940395355,40.000001192092896,41.81757777929306,28.326154947280884
stim_105_harmonic.wav,45.0,30.0,40.578761994838715,28.52640151977539
stim_105_harmonic.wav,45.0,40.000001192092896,41.461018323898315,28.434035181999207
stim_105_harmonic.wav,30.00000089406967,49.999998807907104,39.798343777656555,28.56461226940155
stim_105_harmonic.wav,50.00000238418579,30.0,41.789709627628326,28.31982672214508
stim_105_harmonic.wav,64.9999988079071,40.000001192092896,41.19256675243378,28.37588131427765
stim_105_harmonic.wav,84.99999761581421,10.000000298023224,41.352042853832245,28.420228958129883
stim_105_harmonic.wav,15.000000447034836,10.000000298023224,41.05229526758194,28.359546661376953
stim_105_harmonic.wav,15.000000447034836,20.000000596046448,41.22654229402542,28.45755100250244
stim_105_harmonic.wav,45.0,60.0,42.356650829315186,28.620271682739258
stim_105_harmonic.wav,25.000001192092896,49.999998807907104,41.62402153015137,28.331515789031982
stim_105_harmonic.wav,40.000000298023224,20.000000596046448,40.918581783771515,29.709116220474243
stim_105_harmonic.wav,74.99999821186066,30.0,46.668301820755005,30.999222993850708
stim_105_harmonic.wav,0.0,60.0,34.50252592563629,28.685651421546936
stim_105_harmonic.wav,25.000001192092896,30.0,41.476247906684875,28.34424912929535
stim_105_harmonic.wav,74.99999821186066,49.999998807907104,41.22200936079025,28.38587522506714
stim_105_harmonic.wav,54.99999940395355,40.000001192092896,41.594954431056976,28.338911533355713
stim_105_harmonic.wav,64.9999988079071,40.000001192092896,40.94520807266235,29.209100604057312
stim_105_harmonic.wav,80.00000059604645,30.0,41.71051740646362,28.32740843296051
stim_105_harmonic.wav,5.000000037252903,49.999998807907104,41.49288296699524,28.351929187774658
stim_105_harmonic.wav,30.00000089406967,49.999998807907104,41.14243894815445,28.37757110595703
stim_105_harmonic.wav,74.99999821186066,30.0,41.60110741853714,28.333473801612854
stim_105_harmonic.wav,80.00000059604645,49.999998807907104,41.93172723054886,28.31492006778717
stim_105_harmonic.wav,5.000000037252903,60.0,41.41701400279999,28.348885774612427
stim_105_harmonic.wav,54.99999940395355,0.0,41.83169424533844,28.32288086414337
stim_105_harmonic.wav,10.000000074505806,60.0,41.92041635513306,28.316291570663452
stim_105_harmonic.wav,40.000000298023224,0.0,41.862244606018066,28.320627808570862
stim_105_harmonic.wav,25.000001192092896,20.000000596046448,39.00962680578232,28.513185381889343
stim_105_harmonic.wav,60.00000178813934,49.999998807907104,40.020575523376465,28.41785430908203
stim_105_harmonic.wav,54.99999940395355,40.000001192092896,41.47947996854782,28.344646096229553
stim_105_harmonic.wav,80.00000059604645,0.0,44.82813209295273,29.746391773223877
stim_105_harmonic.wav,80.00000059604645,49.999998807907104,41.586588621139526,29.52652931213379
stim_105_harmonic.wav,20.000000149011612,30.0,41.78358614444733,28.375672101974487
stim_105_harmonic.wav,10.000000074505806,10.000000298023224,41.839537024497986,28.322169184684753
stim_64_harmonic.wav,40.000000298023224,10.000000298023224,34.25029367208481,28.0121111869812
stim_64_harmonic.wav,60.00000178813934,60.0,56.49714946746826,33.266841173172
stim_64_harmonic.wav,80.00000059604645,30.0,55.68224608898163,32.631272077560425
stim_64_harmonic.wav,0.0,0.0,36.2264809012413,27.890716195106506
stim_64_harmonic.wav,0.0,10.000000298023224,29.803510308265686,26.63423001766205
stim_64_harmonic.wav,0.0,0.0,3.9326199889183044,25.117621421813965
stim_64_harmonic.wav,50.00000238418579,30.0,44.90275114774704,23.566439151763916
stim_64_harmonic.wav,74.99999821186066,10.000000298023224,36.23087167739868,24.80770468711853
stim_64_harmonic.wav,45.0,20.000000596046448,32.517669796943665,26.753607988357544
stim_64_harmonic.wav,25.000001192092896,10.000000298023224,39.38890188932419,25.289536714553833
stim_64_harmonic.wav,30.00000089406967,49.999998807907104,36.35556757450104,32.34245538711548
stim_64_harmonic.wav,35.00000059604645,0.0,41.322602927684784,29.325122237205505
stim_64_harmonic.wav,40.000000298023224,30.0,35.57071030139923,22.17011332511902
stim_64_harmonic.wav,35.00000059604645,10.000000298023224,37.65451043844223,25.004358887672424
stim_64_harmonic.wav,30.00000089406967,10.000000298023224,32.60874152183533,20.865161418914795
stim_64_harmonic.wav,60.00000178813934,40.000001192092896,51.42393887042999,23.996956944465637
stim_64_harmonic.wav,80.00000059604645,40.000001192092896,45.99705755710602,28.69219422340393
stim_64_harmonic.wav,40.000000298023224,60.0,41.95636868476868,26.845550537109375
stim_64_harmonic.wav,10.000000074505806,49.999998807907104,28.530061841011047,27.55242347717285
stim_64_harmonic.wav,25.000001192092896,30.0,33.901968598365784,28.693501353263855
stim_64_harmonic.wav,45.0,20.000000596046448,46.297545433044434,15.771850347518921
stim_64_harmonic.wav,20.000000149011612,40.000001192092896,23.55996608734131,33.600590229034424
stim_64_harmonic.wav,30.00000089406967,0.0,33.796919882297516,14.868040680885315
stim_64_harmonic.wav,60.00000178813934,0.0,47.94787645339966,29.456714987754822
stim_64_harmonic.wav,90.0,30.0,68.94036769866943,10.88403582572937
stim_64_harmonic.wav,35.00000059604645,40.000001192092896,35.91378092765808,23.34577202796936
stim_64_harmonic.wav,10.000000074505806,49.999998807907104,15.294312536716461,31.011757850646973
stim_64_harmonic.wav,30.00000089406967,0.0,39.36354160308838,16.9988876581192
stim_64_harmonic.wav,64.9999988079071,20.000000596046448,60.18089532852173,32.76609420776367
stim_64_harmonic.wav,74.99999821186066,30.0,39.86094385385513,26.871732473373413
stim_64_harmonic.wav,74.99999821186066,30.0,54.71399545669556,30.374207496643066
stim_64_harmonic.wav,30.00000089406967,0.0,30.366412103176117,22.029050588607788
stim_64_harmonic.wav,50.00000238418579,30.0,52.22306549549103,28.960981965065002
stim_64_harmonic.wav,60.00000178813934,40.000001192092896,52.304068207740784,28.51205885410309
stim_64_harmonic.wav,84.99999761581421,20.000000596046448,42.74888902902603,23.85265588760376
stim_64_harmonic.wav,90.0,49.999998807907104,44.40255403518677,29.823973774909973
stim_64_harmonic.wav,5.000000037252903,0.0,9.422616362571716,24.9076509475708
stim_64_harmonic.wav,20.000000149011612,30.0,25.413452982902527,24.832411408424377
stim_64_harmonic.wav,54.99999940395355,40.000001192092896,50.75636386871338,28.74323308467865
stim_64_harmonic.wav,0.0,0.0,50.121747851371765,29.24922466278076
stim_64_harmonic.wav,80.00000059604645,20.000000596046448,47.90092170238495,26.365486979484558
stim_64_harmonic.wav,50.00000238418579,40.000001192092896,40.63300967216492,25.640416145324707
stim_64_harmonic.wav,74.99999821186066,60.0,45.15855073928833,30.277186632156372
stim_64_harmonic.wav,80.00000059604645,0.0,62.988025546073914,15.647109746932983
stim_64_harmonic.wav,50.00000238418579,49.999998807907104,49.65450704097748,34.72919940948486
stim_64_harmonic.wav,20.000000149011612,20.000000596046448,27.263667583465576,26.072160601615906
stim_64_harmonic.wav,80.00000059604645,30.0,59.43820774555206,31.2469482421875
stim_64_harmonic.wav,20.000000149011612,20.000000596046448,31.68920785188675,20.38697361946106
stim_64_harmonic.wav,0.0,40.000001192092896,6.526139080524445,26.717458963394165
stim_64_harmonic.wav,64.9999988079071,30.0,55.32099008560181,33.63408923149109
stim_64_harmonic.wav,84.99999761581421,30.0,66.32150173187256,30.08081316947937
stim_64_harmonic.wav,60.00000178813934,49.999998807907104,40.62223255634308,27.745614051818848
stim_64_harmonic.wav,30.00000089406967,30.0,36.314653158187866,23.25818181037903
stim_64_harmonic.wav,20.000000149011612,0.0,29.50626254081726,23.189263343811035
stim_64_harmonic.wav,50.00000238418579,20.000000596046448,58.74695420265198,28.076332211494446
stim_64_harmonic.wav,25.000001192092896,60.0,52.276586294174194,21.10286593437195
stim_64_harmonic.wav,64.9999988079071,40.000001192092896,55.11461019515991,26.514676809310913
stim_64_harmonic.wav,80.00000059604645,20.000000596046448,45.4040801525116,25.405973196029663
stim_64_harmonic.wav,90.0,0.0,46.91684067249298,30.17622470855713
stim_64_harmonic.wav,74.99999821186066,10.000000298023224,51.2052047252655,26.87337577342987
stim_64_harmonic.wav,80.00000059604645,49.999998807907104,46.214348673820496,25.585554242134094
stim_64_harmonic.wav,74.99999821186066,10.000000298023224,33.61583858728409,25.997689962387085
stim_64_harmonic.wav,10.000000074505806,0.0,32.042269706726074,28.412076830863953
stim_64_harmonic.wav,10.000000074505806,10.000000298023224,15.81133782863617,24.042173624038696
stim_64_harmonic.wav,40.000000298023224,49.999998807907104,49.14752125740051,27.60835111141205
stim_64_harmonic.wav,70.0000011920929,30.0,63.282381892204285,30.572147369384766
stim_64_harmonic.wav,84.99999761581421,60.0,63.84849965572357,24.792498350143433
stim_64_harmonic.wav,10.000000074505806,10.000000298023224,16.75353080034256,29.719778895378113
stim_64_harmonic.wav,90.0,40.000001192092896,66.32759034633636,12.136908173561096
stim_64_harmonic.wav,5.000000037252903,10.000000298023224,36.21910214424133,29.839434027671814
stim_64_harmonic.wav,45.0,60.0,50.502294301986694,18.242227435112
stim_64_harmonic.wav,25.000001192092896,30.0,28.80615234375,33.346391916275024
stim_64_harmonic.wav,0.0,60.0,3.8692018389701843,27.942835092544556
stim_64_harmonic.wav,54.99999940395355,40.000001192092896,43.290762305259705,20.638593435287476
stim_64_harmonic.wav,20.000000149011612,30.0,26.149805188179016,32.0351779460907
stim_64_harmonic.wav,25.000001192092896,30.0,29.10505771636963,30.463532209396362
stim_64_harmonic.wav,25.000001192092896,40.000001192092896,31.49197429418564,26.745636463165283
stim_64_harmonic.wav,40.000000298023224,49.999998807907104,40.19975781440735,28.710806965827942
stim_64_harmonic.wav,54.99999940395355,40.000001192092896,45.99072217941284,30.098594427108765
stim_64_harmonic.wav,54.99999940395355,60.0,43.94038528203964,22.861433029174805
stim_64_harmonic.wav,5.000000037252903,49.999998807907104,37.117060124874115,29.330570697784424
stim_64_harmonic.wav,70.0000011920929,60.0,69.45403218269348,31.574435234069824
stim_64_harmonic.wav,74.99999821186066,30.0,39.07666593790054,26.907920837402344
stim_64_harmonic.wav,74.99999821186066,60.0,46.92566514015198,26.105178594589233
stim_64_harmonic.wav,5.000000037252903,10.000000298023224,24.255095422267914,26.140978932380676
stim_64_harmonic.wav,84.99999761581421,0.0,70.17072916030884,12.558528184890747
stim_64_harmonic.wav,0.0,60.0,21.880655139684677,27.55487859249115
stim_64_harmonic.wav,35.00000059604645,49.999998807907104,36.42812937498093,30.530948638916016
stim_64_harmonic.wav,35.00000059604645,10.000000298023224,47.35081672668457,21.477245092391968
stim_64_harmonic.wav,64.9999988079071,0.0,45.45748293399811,25.4993337392807
stim_64_harmonic.wav,90.0,10.000000298023224,63.1738007068634,14.964702129364014
stim_64_harmonic.wav,64.9999988079071,49.999998807907104,57.91486859321594,31.607097387313843
stim_64_harmonic.wav,50.00000238418579,0.0,48.69493067264557,30.25977373123169
stim_64_harmonic.wav,35.00000059604645,30.0,54.38590228557587,32.88801312446594
stim_64_harmonic.wav,80.00000059604645,40.000001192092896,43.80917698144913,30.18328070640564
stim_64_harmonic.wav,5.000000037252903,40.000001192092896,31.52989000082016,29.10376489162445
stim_64_harmonic.wav,30.00000089406967,60.0,29.152801036834717,26.468034982681274
stim_64_harmonic.wav,10.000000074505806,60.0,21.041799634695053,23.488858938217163
stim_64_harmonic.wav,35.00000059604645,30.0,42.42312669754028,23.674655556678772
stim_64_harmonic.wav,20.000000149011612,60.0,29.707422852516174,23.52766513824463
stim_64_harmonic.wav,20.000000149011612,60.0,27.086443305015564,26.506614089012146
stim_64_harmonic.wav,0.0,49.999998807907104,15.955667495727539,29.85687553882599
stim_64_harmonic.wav,54.99999940395355,10.000000298023224,58.560025691986084,33.99860143661499
stim_64_harmonic.wav,40.000000298023224,0.0,41.35272145271301,7.563570141792297
stim_64_harmonic.wav,5.000000037252903,40.000001192092896,41.65598273277283,26.626732349395752
stim_64_harmonic.wav,30.00000089406967,30.0,36.18741720914841,22.62197971343994
stim_64_harmonic.wav,50.00000238418579,60.0,51.84652090072632,19.816081523895264
stim_64_harmonic.wav,20.000000149011612,49.999998807907104,22.245919704437256,27.944281697273254
stim_64_harmonic.wav,54.99999940395355,49.999998807907104,44.05942440032959,27.974748015403748
stim_64_harmonic.wav,25.000001192092896,30.0,26.285613477230072,20.526702404022217
stim_64_harmonic.wav,45.0,60.0,49.06719446182251,26.774039268493652
stim_64_harmonic.wav,45.0,60.0,37.451534271240234,19.931114315986633
stim_64_harmonic.wav,10.000000074505806,20.000000596046448,32.14928716421127,26.773735284805298
stim_64_harmonic.wav,15.000000447034836,0.0,30.721193253993988,19.983426332473755
stim_64_harmonic.wav,40.000000298023224,40.000001192092896,42.56839245557785,25.905116200447083
stim_64_harmonic.wav,50.00000238418579,20.000000596046448,46.63929104804993,28.824339509010315
stim_64_harmonic.wav,84.99999761581421,60.0,52.4269562959671,21.6049861907959
stim_64_harmonic.wav,25.000001192092896,49.999998807907104,28.32770526409149,38.029035329818726
stim_64_harmonic.wav,0.0,49.999998807907104,7.411965429782867,26.98259174823761
stim_64_harmonic.wav,10.000000074505806,30.0,27.317553162574768,24.438761472702026
stim_64_harmonic.wav,30.00000089406967,49.999998807907104,41.822684705257416,34.43954944610596
stim_64_harmonic.wav,54.99999940395355,0.0,39.25573021173477,29.031261205673218
stim_64_harmonic.wav,25.000001192092896,60.0,32.83262550830841,31.019529104232788
stim_64_harmonic.wav,20.000000149011612,60.0,23.76757174730301,32.542744874954224
stim_64_harmonic.wav,54.99999940395355,40.000001192092896,49.02581334114075,31.9736909866333
stim_64_harmonic.wav,5.000000037252903,0.0,9.88531619310379,26.307762265205383
stim_80_harmonic.wav,80.00000059604645,0.0,42.77887612581253,28.106995224952698
stim_80_harmonic.wav,25.000001192092896,40.000001192092896,39.45546895265579,28.473206162452698
stim_80_harmonic.wav,40.000000298023224,40.000001192092896,41.34739190340042,28.46510410308838
stim_80_harmonic.wav,5.000000037252903,10.000000298023224,39.90003973245621,28.468294143676758
stim_80_harmonic.wav,20.000000149011612,10.000000298023224,39.361658692359924,28.58098268508911
stim_80_harmonic.wav,15.000000447034836,20.000000596046448,38.866007924079895,28.578770756721497
stim_80_harmonic.wav,20.000000149011612,10.000000298023224,39.59526836872101,28.491164445877075
stim_80_harmonic.wav,20.000000149011612,49.999998807907104,17.714448273181915,28.967111706733704
stim_80_harmonic.wav,40.000000298023224,30.0,41.19698166847229,28.450337648391724
stim_80_harmonic.wav,0.0,30.0,37.318394780159,28.736767172813416
stim_80_harmonic.wav,84.99999761581421,49.999998807907104,67.68962144851685,34.47500467300415
stim_80_harmonic.wav,20.000000149011612,40.000001192092896,37.65598565340042,28.518149256706238
stim_80_harmonic.wav,64.9999988079071,10.000000298023224,56.95310890674591,31.383544206619263
stim_80_harmonic.wav,5.000000037252903,60.0,21.874207109212875,28.82264792919159
stim_80_harmonic.wav,84.99999761581421,49.999998807907104,40.259911715984344,28.69604229927063
stim_80_harmonic.wav,74.99999821186066,40.000001192092896,41.82175934314728,28.487781286239624
stim_80_harmonic.wav,15.000000447034836,0.0,16.619329154491425,23.299219608306885
stim_80_harmonic.wav,64.9999988079071,40.000001192092896,41.09956920146942,28.37959885597229
stim_80_harmonic.wav,20.000000149011612,49.999998807907104,17.860153913497925,25.77246129512787
stim_80_harmonic.wav,70.0000011920929,0.0,40.83038002252579,28.400056958198547
stim_80_harmonic.wav,35.00000059604645,0.0,40.248037576675415,28.543841242790222
stim_80_harmonic.wav,54.99999940395355,49.999998807907104,41.918106973171234,28.35828423500061
stim_80_harmonic.wav,70.0000011920929,20.000000596046448,41.30702465772629,28.641967177391052
stim_80_harmonic.wav,74.99999821186066,30.0,40.75116902589798,28.41290831565857
stim_80_harmonic.wav,50.00000238418579,49.999998807907104,41.59369111061096,28.343621492385864
stim_80_harmonic.wav,25.000001192092896,49.999998807907104,25.138816237449646,24.723551273345947
stim_80_harmonic.wav,64.9999988079071,0.0,52.588714957237244,23.747767210006714
stim_80_harmonic.wav,20.000000149011612,40.000001192092896,38.27580124139786,28.670992255210876
stim_80_harmonic.wav,60.00000178813934,60.0,42.514126002788544,28.7910658121109
stim_80_harmonic.wav,90.0,60.0,41.359059512615204,28.51747691631317
stim_80_harmonic.wav,35.00000059604645,49.999998807907104,38.7797212600708,28.534006476402283
stim_80_harmonic.wav,10.000000074505806,49.999998807907104,40.03910958766937,28.55369210243225
stim_80_harmonic.wav,30.00000089406967,10.000000298023224,40.8096706867218,28.415000438690186
stim_80_harmonic.wav,45.0,0.0,42.39230811595917,28.50315034389496
stim_80_harmonic.wav,54.99999940395355,40.000001192092896,42.6082581281662,23.709486722946167
stim_80_harmonic.wav,50.00000238418579,10.000000298023224,40.19954323768616,28.73167634010315
stim_80_harmonic.wav,15.000000447034836,0.0,15.892187654972076,16.274828910827637
stim_80_harmonic.wav,54.99999940395355,20.000000596046448,47.070016264915466,29.346558451652527
stim_80_harmonic.wav,35.00000059604645,60.0,40.93945473432541,28.444150686264038
stim_80_harmonic.wav,45.0,10.000000298023224,41.10202878713608,28.4785258769989
stim_80_harmonic.wav,64.9999988079071,0.0,42.37074315547943,28.171130418777466
stim_80_harmonic.wav,30.00000089406967,30.0,43.61621618270874,32.72516369819641
stim_80_harmonic.wav,10.000000074505806,10.000000298023224,39.40571665763855,28.673382997512817
stim_80_harmonic.wav,60.00000178813934,30.0,39.98204290866852,28.52524995803833
stim_80_harmonic.wav,70.0000011920929,0.0,41.94672077894211,28.44604790210724
stim_80_harmonic.wav,35.00000059604645,20.000000596046448,38.79369556903839,25.480302572250366
stim_80_harmonic.wav,70.0000011920929,60.0,42.40561455488205,28.104722499847412
stim_80_harmonic.wav,35.00000059604645,10.000000298023224,40.905122458934784,28.533246517181396
stim_80_harmonic.wav,5.000000037252903,49.999998807907104,14.731960594654083,25.444858074188232
stim_80_harmonic.wav,84.99999761581421,40.000001192092896,41.94044977426529,28.528026938438416
stim_80_harmonic.wav,0.0,40.000001192092896,12.557660043239594,27.284427881240845
stim_80_harmonic.wav,0.0,20.000000596046448,40.76403558254242,28.87207567691803
stim_80_harmonic.wav,30.00000089406967,60.0,41.14400804042816,28.454911708831787
stim_80_harmonic.wav,74.99999821186066,20.000000596046448,42.12624102830887,28.272850513458252
stim_80_harmonic.wav,10.000000074505806,40.000001192092896,19.262833893299103,30.236932039260864
stim_80_harmonic.wav,50.00000238418579,30.0,46.54115438461304,30.733466148376465
stim_80_harmonic.wav,0.0,0.0,16.290675401687622,27.516496181488037
stim_80_harmonic.wav,20.000000149011612,20.000000596046448,40.12388348579407,28.55608642101288
stim_80_harmonic.wav,25.000001192092896,10.000000298023224,31.877469420433044,24.153156280517578
stim_80_harmonic.wav,10.000000074505806,0.0,39.80299472808838,28.487366437911987
stim_80_harmonic.wav,45.0,49.999998807907104,40.83599120378494,28.41623604297638
stim_80_harmonic.wav,64.9999988079071,60.0,44.94666963815689,29.243448972702026
stim_80_harmonic.wav,64.9999988079071,40.000001192092896,52.2951203584671,35.24490237236023
stim_80_harmonic.wav,60.00000178813934,10.000000298023224,49.37784790992737,30.260285139083862
stim_80_harmonic.wav,5.000000037252903,10.000000298023224,38.953997790813446,28.673293590545654
stim_80_harmonic.wav,25.000001192092896,0.0,32.683923840522766,17.305997014045715
stim_80_harmonic.wav,15.000000447034836,0.0,39.99115973711014,28.571659326553345
stim_80_harmonic.wav,20.000000149011612,60.0,38.21596384048462,28.69838297367096
stim_80_harmonic.wav,40.000000298023224,60.0,40.177146792411804,33.44167470932007
stim_80_harmonic.wav,5.000000037252903,10.000000298023224,14.555522203445435,22.59453535079956
stim_80_harmonic.wav,35.00000059604645,20.000000596046448,41.24349385499954,28.35711121559143
stim_80_harmonic.wav,50.00000238418579,0.0,39.20976519584656,28.546382188796997
stim_80_harmonic.wav,40.000000298023224,40.000001192092896,40.23100823163986,29.562841057777405
stim_80_harmonic.wav,80.00000059604645,40.000001192092896,39.492464661598206,28.475507497787476
stim_80_harmonic.wav,25.000001192092896,60.0,39.82597589492798,28.50664794445038
stim_80_harmonic.wav,80.00000059604645,30.0,59.96459126472473,36.00751876831055
stim_80_harmonic.wav,80.00000059604645,20.000000596046448,41.53598874807358,28.471992015838623
stim_80_harmonic.wav,74.99999821186066,49.999998807907104,38.66269648075104,28.53257954120636
stim_80_harmonic.wav,30.00000089406967,0.0,39.42956954240799,28.45628321170807
stim_80_harmonic.wav,70.0000011920929,0.0,39.63832050561905,28.474552631378174
stim_80_harmonic.wav,20.000000149011612,0.0,30.346673727035522,26.880404949188232
stim_80_harmonic.wav,54.99999940395355,0.0,42.0213720202446,28.26991617679596
stim_80_harmonic.wav,80.00000059604645,10.000000298023224,40.703439116477966,28.423016667366028
stim_80_harmonic.wav,84.99999761581421,60.0,42.92675971984863,28.121657967567444
stim_80_harmonic.wav,60.00000178813934,10.000000298023224,46.65644645690918,30.086642503738403
stim_80_harmonic.wav,20.000000149011612,20.000000596046448,40.389006435871124,28.413105010986328
stim_80_harmonic.wav,45.0,49.999998807907104,40.86680442094803,28.41820478439331
stim_80_harmonic.wav,74.99999821186066,49.999998807907104,61.84257745742798,34.21191930770874
stim_80_harmonic.wav,35.00000059604645,0.0,40.980634689331055,29.475349187850952
stim_80_harmonic.wav,20.000000149011612,20.000000596046448,39.40340995788574,28.48532259464264
stim_80_harmonic.wav,25.000001192092896,0.0,39.55910414457321,28.471662998199463
stim_80_harmonic.wav,84.99999761581421,60.0,41.979875564575195,28.45644772052765
stim_80_harmonic.wav,50.00000238418579,20.000000596046448,40.399724543094635,28.438013792037964
stim_80_harmonic.wav,60.00000178813934,10.000000298023224,40.56061953306198,28.604881167411804
stim_80_harmonic.wav,74.99999821186066,40.000001192092896,40.81530064344406,28.40379238128662
stim_80_harmonic.wav,20.000000149011612,0.0,32.03062355518341,24.64853346347809
stim_80_harmonic.wav,54.99999940395355,30.0,41.0629865527153,28.560556769371033
stim_80_harmonic.wav,30.00000089406967,49.999998807907104,30.43525904417038,20.39810299873352
stim_80_harmonic.wav,50.00000238418579,60.0,39.93124455213547,28.558679223060608
stim_80_harmonic.wav,74.99999821186066,20.000000596046448,42.13165104389191,28.732532858848572
stim_80_harmonic.wav,40.000000298023224,40.000001192092896,40.77997863292694,28.404391407966614
stim_80_harmonic.wav,20.000000149011612,40.000001192092896,38.82688522338867,28.541715145111084
stim_80_harmonic.wav,0.0,10.000000298023224,38.69717359542847,28.544302582740784
stim_80_harmonic.wav,15.000000447034836,49.999998807907104,18.85082244873047,27.828969955444336
stim_80_harmonic.wav,10.000000074505806,49.999998807907104,14.920611083507538,30.28062343597412
stim_80_harmonic.wav,45.0,0.0,40.83774000406265,28.565613627433777
stim_80_harmonic.wav,5.000000037252903,0.0,15.441297590732574,27.97376275062561
stim_80_harmonic.wav,20.000000149011612,20.000000596046448,40.2623176574707,28.42101216316223
stim_80_harmonic.wav,54.99999940395355,40.000001192092896,40.95075219869614,28.40296983718872
stim_95_harmonic.wav,10.000000074505806,60.0,40.940428376197815,28.40402662754059
stim_95_harmonic.wav,40.000000298023224,0.0,41.21838569641113,27.99700140953064
stim_95_harmonic.wav,25.000001192092896,49.999998807907104,36.360505521297455,26.19105041027069
stim_95_harmonic.wav,30.00000089406967,30.0,41.08668923377991,28.356385231018066
stim_95_harmonic.wav,5.000000037252903,30.0,38.98994743824005,21.981364488601685
stim_95_harmonic.wav,64.9999988079071,49.999998807907104,41.1473286151886,28.335952162742615
stim_95_harmonic.wav,30.00000089406967,30.0,40.397997200489044,28.448365330696106
stim_95_harmonic.wav,74.99999821186066,0.0,41.5214940905571,28.707945942878723
stim_95_harmonic.wav,45.0,40.000001192092896,41.024673879146576,28.493610620498657
stim_95_harmonic.wav,90.0,20.000000596046448,40.684508085250854,28.428547382354736
stim_95_harmonic.wav,45.0,20.000000596046448,40.70573776960373,28.414430022239685
stim_95_harmonic.wav,74.99999821186066,20.000000596046448,39.722557961940765,28.58767569065094
stim_95_harmonic.wav,0.0,30.0,35.363753736019135,30.70873260498047
stim_95_harmonic.wav,45.0,0.0,42.06303209066391,28.235880732536316
stim_95_harmonic.wav,60.00000178813934,60.0,40.92325150966644,28.40588092803955
stim_95_harmonic.wav,25.000001192092896,0.0,37.892604768276215,24.407529830932617
stim_95_harmonic.wav,35.00000059604645,40.000001192092896,42.15607792139053,28.275370001792908
stim_95_harmonic.wav,15.000000447034836,20.000000596046448,40.84903746843338,28.388417959213257
stim_95_harmonic.wav,90.0,49.999998807907104,41.055500507354736,28.38323414325714
stim_95_harmonic.wav,35.00000059604645,49.999998807907104,42.83746898174286,28.324586749076843
stim_95_harmonic.wav,35.00000059604645,60.0,37.94429361820221,28.17294716835022
stim_95_harmonic.wav,5.000000037252903,0.0,39.09959614276886,27.969049215316772
stim_95_harmonic.wav,30.00000089406967,49.999998807907104,42.816212475299835,23.178638219833374
stim_95_harmonic.wav,60.00000178813934,10.000000298023224,47.49934673309326,25.555644035339355
stim_95_harmonic.wav,84.99999761581421,20.000000596046448,43.505988121032715,28.845800757408142
stim_95_harmonic.wav,80.00000059604645,40.000001192092896,40.76582729816437,28.501222729682922
stim_95_harmonic.wav,35.00000059604645,10.000000298023224,37.35429346561432,21.296331882476807
stim_95_harmonic.wav,15.000000447034836,49.999998807907104,39.984706342220306,32.04123616218567
stim_95_harmonic.wav,5.000000037252903,49.999998807907104,40.71393460035324,28.42482089996338
stim_95_harmonic.wav,64.9999988079071,20.000000596046448,53.535277247428894,32.21556901931763
stim_95_harmonic.wav,80.00000059604645,20.000000596046448,41.51760756969452,28.335717916488647
stim_95_harmonic.wav,50.00000238418579,20.000000596046448,39.303701519966125,27.58917510509491
stim_95_harmonic.wav,40.000000298023224,40.000001192092896,37.53469616174698,27.13327467441559
stim_95_harmonic.wav,10.000000074505806,60.0,39.950771033763885,28.653733134269714
stim_95_harmonic.wav,5.000000037252903,60.0,33.625035881996155,30.111218690872192
stim_95_harmonic.wav,25.000001192092896,30.0,39.291250705718994,23.33958864212036
stim_95_harmonic.wav,54.99999940395355,49.999998807907104,40.90584397315979,25.402017831802368
stim_95_harmonic.wav,90.0,30.0,40.73334038257599,28.375790119171143
stim_95_harmonic.wav,64.9999988079071,60.0,51.02895140647888,27.619970440864563
stim_95_harmonic.wav,74.99999821186066,20.000000596046448,45.30386745929718,29.448400139808655
stim_95_harmonic.wav,45.0,20.000000596046448,40.697380006313324,28.419023752212524
stim_95_harmonic.wav,90.0,30.0,42.34298497438431,28.29619288444519
stim_95_harmonic.wav,45.0,30.0,41.39151155948639,28.345815539360046
stim_95_harmonic.wav,64.9999988079071,20.000000596046448,44.53339219093323,29.154642820358276
stim_95_harmonic.wav,84.99999761581421,10.000000298023224,41.236297488212585,28.359904289245605
stim_95_harmonic.wav,10.000000074505806,30.0,39.436950981616974,28.538657426834106
stim_95_harmonic.wav,70.0000011920929,10.000000298023224,40.92441022396088,28.597140312194824
stim_95_harmonic.wav,74.99999821186066,40.000001192092896,50.464346408843994,29.28111433982849
stim_95_harmonic.wav,74.99999821186066,60.0,41.31665915250778,28.35473120212555
stim_95_harmonic.wav,50.00000238418579,40.000001192092896,40.214821100234985,28.52086901664734
stim_95_harmonic.wav,25.000001192092896,49.999998807907104,39.95635807514191,28.467881083488464
stim_95_harmonic.wav,70.0000011920929,30.0,41.24812871217728,28.357413411140442
stim_95_harmonic.wav,64.9999988079071,60.0,50.26760637760162,25.084524750709534
stim_95_harmonic.wav,0.0,10.000000298023224,39.3592232465744,29.135783314704895
stim_95_harmonic.wav,5.000000037252903,10.000000298023224,41.45030289888382,28.692398071289062
stim_95_harmonic.wav,45.0,30.0,41.628050208091736,28.32541286945343
stim_95_harmonic.wav,54.99999940395355,30.0,46.864542961120605,25.763019919395447
stim_95_harmonic.wav,60.00000178813934,0.0,41.166876554489136,28.360299468040466
stim_95_harmonic.wav,80.00000059604645,0.0,41.51306390762329,28.32633912563324
stim_95_harmonic.wav,30.00000089406967,0.0,39.4049870967865,27.23091423511505
stim_95_harmonic.wav,45.0,20.000000596046448,41.3332325220108,28.413398265838623
stim_95_harmonic.wav,45.0,60.0,41.69444292783737,28.37202250957489
stim_95_harmonic.wav,54.99999940395355,30.0,41.087636053562164,28.368950486183167
stim_95_harmonic.wav,25.000001192092896,20.000000596046448,40.36574900150299,28.44250202178955
stim_95_harmonic.wav,60.00000178813934,60.0,41.6885581612587,28.323322534561157
stim_95_harmonic.wav,50.00000238418579,40.000001192092896,40.82792580127716,30.860356092453003
stim_95_harmonic.wav,45.0,30.0,41.02677136659622,28.374962210655212
stim_95_harmonic.wav,15.000000447034836,60.0,42.36507564783096,31.901990175247192
stim_95_harmonic.wav,10.000000074505806,30.0,28.231116235256195,29.23860490322113
stim_95_harmonic.wav,64.9999988079071,20.000000596046448,41.011461317539215,28.38226854801178
stim_95_harmonic.wav,10.000000074505806,40.000001192092896,45.15231192111969,30.156469345092773
stim_95_harmonic.wav,54.99999940395355,10.000000298023224,41.14167720079422,28.3580482006073
stim_95_harmonic.wav,5.000000037252903,20.000000596046448,38.98521602153778,24.47464406490326
stim_95_harmonic.wav,0.0,49.999998807907104,36.06289565563202,33.21457028388977
stim_95_harmonic.wav,80.00000059604645,49.999998807907104,41.23448967933655,28.359557390213013
stim_95_harmonic.wav,45.0,10.000000298023224,40.681388676166534,28.424572348594666
stim_95_harmonic.wav,45.0,49.999998807907104,38.22033315896988,23.262526988983154
stim_95_harmonic.wav,40.000000298023224,49.999998807907104,41.92205786705017,30.496387481689453
stim_95_harmonic.wav,0.0,60.0,41.13575488328934,29.76413905620575
stim_95_harmonic.wav,15.000000447034836,20.000000596046448,40.69888472557068,28.389317393302917
stim_95_harmonic.wav,80.00000059604645,40.000001192092896,51.6788774728775,29.666975140571594
stim_95_harmonic.wav,30.00000089406967,60.0,39.152634143829346,25.99256157875061
stim_95_harmonic.wav,90.0,30.0,41.93429946899414,28.311826586723328
stim_95_harmonic.wav,5.000000037252903,60.0,33.60290765762329,28.95999848842621
stim_95_harmonic.wav,5.000000037252903,49.999998807907104,34.60336089134216,25.808404684066772
stim_95_harmonic.wav,30.00000089406967,40.000001192092896,42.26992964744568,27.780008912086487
stim_95_harmonic.wav,5.000000037252903,0.0,40.76123803853989,28.605228066444397
stim_95_harmonic.wav,15.000000447034836,10.000000298023224,40.63110262155533,28.414952158927917
stim_95_harmonic.wav,0.0,49.999998807907104,41.675004959106445,28.323791027069092
stim_95_harmonic.wav,45.0,60.0,41.336040794849396,28.356953859329224
stim_95_harmonic.wav,64.9999988079071,0.0,41.557795107364655,28.331809043884277
stim_95_harmonic.wav,84.99999761581421,40.000001192092896,54.12009000778198,30.603851079940796
stim_95_harmonic.wav,74.99999821186066,0.0,42.538056671619415,25.237868428230286
stim_95_harmonic.wav,74.99999821186066,30.0,41.60602658987045,28.32349419593811
stim_95_harmonic.wav,50.00000238418579,40.000001192092896,39.04572397470474,23.680447340011597
stim_95_harmonic.wav,5.000000037252903,60.0,33.71803879737854,30.39271831512451
stim_95_harmonic.wav,10.000000074505806,30.0,41.43422842025757,28.59469771385193
stim_95_harmonic.wav,35.00000059604645,49.999998807907104,41.25229150056839,28.431814312934875
stim_95_harmonic.wav,10.000000074505806,10.000000298023224,29.951348304748535,27.591322660446167
stim_95_harmonic.wav,54.99999940395355,49.999998807907104,40.81302881240845,28.404166102409363
stim_95_harmonic.wav,74.99999821186066,40.000001192092896,40.99612444639206,28.37214946746826
stim_95_harmonic.wav,80.00000059604645,60.0,41.89152628183365,31.761066913604736
stim_95_harmonic.wav,60.00000178813934,49.999998807907104,41.552411913871765,28.484771847724915
stim_95_harmonic.wav,15.000000447034836,10.000000298023224,27.092188596725464,21.907373070716858
stim_95_harmonic.wav,54.99999940395355,60.0,41.32337540388107,28.347469568252563
stim_95_harmonic.wav,60.00000178813934,60.0,50.32306909561157,30.921632051467896
stim_95_harmonic.wav,80.00000059604645,0.0,42.47769355773926,28.518515825271606
stim_95_harmonic.wav,60.00000178813934,49.999998807907104,41.65026694536209,28.32464575767517
stim_95_harmonic.wav,20.000000149011612,60.0,40.8960485458374,28.427438735961914
stim_95_harmonic.wav,74.99999821186066,30.0,40.94500958919525,28.40901553630829
stim_95_harmonic.wav,50.00000238418579,49.999998807907104,47.754912972450256,29.40649688243866
stim_95_harmonic.wav,80.00000059604645,10.000000298023224,41.21365964412689,28.373236656188965
stim_95_harmonic.wav,60.00000178813934,40.000001192092896,41.49005323648453,28.33018183708191
stim_95_harmonic.wav,35.00000059604645,20.000000596046448,35.426037311553955,24.67649817466736
stim_95_harmonic.wav,0.0,49.999998807907104,40.98479479551315,28.5337096452713
stim_95_harmonic.wav,0.0,20.000000596046448,39.754245579242706,31.26427173614502
stim_95_harmonic.wav,60.00000178813934,0.0,41.134553253650665,28.36366832256317
stim_95_harmonic.wav,90.0,10.000000298023224,43.235441744327545,29.50045108795166
stim_95_harmonic.wav,45.0,49.999998807907104,39.42754715681076,26.27358913421631
stim_95_harmonic.wav,5.000000037252903,60.0,39.89247053861618,28.57172727584839
stim_95_harmonic.wav,70.0000011920929,60.0,40.706437826156616,28.428263068199158
stim_95_harmonic.wav,80.00000059604645,60.0,46.44914388656616,29.49767768383026
stim_95_harmonic.wav,54.99999940395355,10.000000298023224,48.72084617614746,24.249958992004395
stim_95_harmonic.wav,40.000000298023224,49.999998807907104,38.02806705236435,26.84635877609253
stim_95_harmonic.wav,25.000001192092896,40.000001192092896,31.98146939277649,24.86396312713623
stim_95_harmonic.wav,74.99999821186066,20.000000596046448,40.561241805553436,28.439369201660156
stim_95_harmonic.wav,64.9999988079071,60.0,41.53701066970825,28.328558206558228
stim_95_harmonic.wav,80.00000059604645,60.0,41.046531200408936,28.388405442237854
stim_95_harmonic.wav,20.000000149011612,60.0,40.364533960819244,27.97744631767273
stim_95_harmonic.wav,70.0000011920929,49.999998807907104,53.65730166435242,31.863967180252075
stim_95_harmonic.wav,60.00000178813934,60.0,39.875516295433044,28.4723961353302
stim_95_harmonic.wav,54.99999940395355,40.000001192092896,41.29782199859619,28.336331248283386
stim_95_harmonic.wav,25.000001192092896,49.999998807907104,35.18625319004059,26.914620995521545
stim_95_harmonic.wav,0.0,0.0,35.130514204502106,29.032800793647766
stim_81_harmonic.wav,84.99999761581421,60.0,32.80803769826889,30.890893936157227
stim_81_harmonic.wav,80.00000059604645,0.0,67.65260696411133,20.275357961654663
stim_81_harmonic.wav,70.0000011920929,30.0,41.515067517757416,28.346813321113586
stim_81_harmonic.wav,80.00000059604645,0.0,60.34493923187256,21.91902458667755
stim_81_harmonic.wav,15.000000447034836,49.999998807907104,32.403584718704224,30.42113184928894
stim_81_harmonic.wav,15.000000447034836,60.0,24.369722306728363,35.28764605522156
stim_81_harmonic.wav,20.000000149011612,60.0,25.758991241455078,26.102957725524902
stim_81_harmonic.wav,35.00000059604645,0.0,39.30714547634125,28.425207138061523
stim_81_harmonic.wav,80.00000059604645,30.0,64.28676724433899,35.932602882385254
stim_81_harmonic.wav,30.00000089406967,40.000001192092896,37.06953674554825,28.68735909461975
stim_81_harmonic.wav,54.99999940395355,30.0,42.35471963882446,28.21921706199646
stim_81_harmonic.wav,35.00000059604645,0.0,36.66442662477493,28.704480528831482
stim_81_harmonic.wav,50.00000238418579,30.0,42.01011210680008,28.312777876853943
stim_81_harmonic.wav,90.0,10.000000298023224,59.0075147151947,25.25785982608795
stim_81_harmonic.wav,10.000000074505806,40.000001192092896,14.491371810436249,41.19441747665405
stim_81_harmonic.wav,64.9999988079071,60.0,41.81305289268494,27.888209223747253
stim_81_harmonic.wav,15.000000447034836,30.0,35.10938912630081,29.0757018327713
stim_81_harmonic.wav,45.0,60.0,42.29991674423218,18.612762093544006
stim_81_harmonic.wav,74.99999821186066,60.0,60.50528705120087,35.28259634971619
stim_81_harmonic.wav,15.000000447034836,20.000000596046448,38.58560174703598,28.526228070259094
stim_81_harmonic.wav,15.000000447034836,30.0,33.072248697280884,32.485713958740234
stim_81_harmonic.wav,45.0,49.999998807907104,41.59247875213623,28.343952298164368
stim_81_harmonic.wav,30.00000089406967,10.000000298023224,36.73787087202072,29.039407968521118
stim_81_harmonic.wav,15.000000447034836,60.0,14.383898377418518,42.493590116500854
stim_81_harmonic.wav,64.9999988079071,0.0,43.54439198970795,28.514283299446106
stim_81_harmonic.wav,70.0000011920929,40.000001192092896,43.876991271972656,27.81908690929413
stim_81_harmonic.wav,35.00000059604645,20.000000596046448,40.714489817619324,32.45114207267761
stim_81_harmonic.wav,80.00000059604645,10.000000298023224,43.569379448890686,28.38440716266632
stim_81_harmonic.wav,74.99999821186066,20.000000596046448,62.98057436943054,15.568281412124634
stim_81_harmonic.wav,54.99999940395355,0.0,46.287798285484314,26.869568824768066
stim_81_harmonic.wav,20.000000149011612,10.000000298023224,40.71499675512314,28.379915356636047
stim_81_harmonic.wav,5.000000037252903,0.0,39.7917777299881,28.449257612228394
stim_81_harmonic.wav,5.000000037252903,30.0,36.691685914993286,28.662191033363342
stim_81_harmonic.wav,35.00000059604645,0.0,43.05449724197388,28.026773929595947
stim_81_harmonic.wav,54.99999940395355,40.000001192092896,53.97085189819336,36.20519399642944
stim_81_harmonic.wav,84.99999761581421,0.0,56.537736654281616,23.259648084640503
stim_81_harmonic.wav,64.9999988079071,20.000000596046448,44.247219264507294,28.179239630699158
stim_81_harmonic.wav,25.000001192092896,60.0,36.29052132368088,28.901333212852478
stim_81_harmonic.wav,40.000000298023224,60.0,42.06688642501831,28.294939398765564
stim_81_harmonic.wav,70.0000011920929,20.000000596046448,42.11500257253647,28.146952986717224
stim_81_harmonic.wav,54.99999940395355,30.0,52.1134489774704,40.88544845581055
stim_81_harmonic.wav,20.000000149011612,30.0,19.030860364437103,20.875682830810547
stim_81_harmonic.wav,0.0,10.000000298023224,31.271687150001526,28.543810844421387
stim_81_harmonic.wav,45.0,10.000000298023224,40.470400750637054,28.399808406829834
stim_81_harmonic.wav,5.000000037252903,60.0,34.53069448471069,30.05716323852539
stim_81_harmonic.wav,5.000000037252903,49.999998807907104,31.8328857421875,29.32272434234619
stim_81_harmonic.wav,25.000001192092896,30.0,40.32638221979141,28.496156930923462
stim_81_harmonic.wav,45.0,10.000000298023224,44.31201070547104,21.232901215553284
stim_81_harmonic.wav,50.00000238418579,10.000000298023224,41.38566434383392,28.63354504108429
stim_81_harmonic.wav,10.000000074505806,60.0,36.98135644197464,28.637407422065735
stim_81_harmonic.wav,35.00000059604645,20.000000596046448,38.15966695547104,23.62159252166748
stim_81_harmonic.wav,50.00000238418579,10.000000298023224,41.27447873353958,28.303940892219543
stim_81_harmonic.wav,15.000000447034836,40.000001192092896,35.908459424972534,28.84225845336914
stim_81_harmonic.wav,30.00000089406967,0.0,41.010935604572296,28.37132155895233
stim_81_harmonic.wav,30.00000089406967,10.000000298023224,43.46159219741821,28.57001781463623
stim_81_harmonic.wav,5.000000037252903,20.000000596046448,18.861374258995056,24.93768274784088
stim_81_harmonic.wav,0.0,60.0,35.82076460123062,27.99674928188324
stim_81_harmonic.wav,10.000000074505806,20.000000596046448,35.76530456542969,28.889962434768677
stim_81_harmonic.wav,25.000001192092896,49.999998807907104,29.635523557662964,15.36347508430481
stim_81_harmonic.wav,70.0000011920929,10.000000298023224,43.619947135448456,28.357844352722168
stim_81_harmonic.wav,45.0,40.000001192092896,41.510499715805054,28.240293860435486
stim_81_harmonic.wav,20.000000149011612,40.000001192092896,19.85420197248459,34.9612033367157
stim_81_harmonic.wav,70.0000011920929,60.0,44.66860234737396,28.234750628471375
stim_81_harmonic.wav,70.0000011920929,30.0,42.109753489494324,28.26840877532959
stim_81_harmonic.wav,84.99999761581421,60.0,38.1318336725235,28.57934832572937
stim_81_harmonic.wav,30.00000089406967,49.999998807907104,39.08978193998337,28.44280242919922
stim_81_harmonic.wav,5.000000037252903,10.000000298023224,10.76971560716629,23.113816380500793
stim_81_harmonic.wav,80.00000059604645,40.000001192092896,44.73792940378189,26.41628623008728
stim_81_harmonic.wav,60.00000178813934,20.000000596046448,39.46970611810684,28.504541516304016
stim_81_harmonic.wav,10.000000074505806,30.0,39.46827918291092,28.623168468475342
stim_81_harmonic.wav,50.00000238418579,49.999998807907104,41.67644530534744,28.23622763156891
stim_81_harmonic.wav,15.000000447034836,49.999998807907104,36.21490716934204,28.69708478450775
stim_81_harmonic.wav,80.00000059604645,40.000001192092896,38.69665056467056,28.495938777923584
stim_81_harmonic.wav,84.99999761581421,0.0,43.18221062421799,28.006988167762756
stim_81_harmonic.wav,15.000000447034836,60.0,33.40047597885132,30.390758514404297
stim_81_harmonic.wav,40.000000298023224,20.000000596046448,38.50634515285492,28.52493166923523
stim_81_harmonic.wav,40.000000298023224,60.0,38.34759056568146,28.549241423606873
stim_81_harmonic.wav,50.00000238418579,0.0,47.8677374124527,20.26769757270813
stim_81_harmonic.wav,84.99999761581421,49.999998807907104,38.00139516592026,28.682488203048706
stim_81_harmonic.wav,5.000000037252903,20.000000596046448,30.97920298576355,29.079750180244446
stim_81_harmonic.wav,0.0,20.000000596046448,11.07285350561142,30.618399381637573
stim_81_harmonic.wav,40.000000298023224,30.0,43.144541680812836,27.721579670906067
stim_81_harmonic.wav,84.99999761581421,10.000000298023224,42.29378789663315,28.25905680656433
stim_81_harmonic.wav,54.99999940395355,40.000001192092896,41.16785287857056,28.371241092681885
stim_81_harmonic.wav,0.0,40.000001192092896,8.296675980091095,29.241453409194946
stim_81_harmonic.wav,10.000000074505806,60.0,37.725457549095154,28.66653800010681
stim_81_harmonic.wav,40.000000298023224,20.000000596046448,44.88256484270096,29.857020378112793
stim_81_harmonic.wav,60.00000178813934,49.999998807907104,42.29024201631546,29.483261704444885
stim_81_harmonic.wav,45.0,10.000000298023224,45.5608069896698,30.82805871963501
stim_81_harmonic.wav,50.00000238418579,10.000000298023224,42.37706780433655,28.200148344039917
stim_81_harmonic.wav,84.99999761581421,10.000000298023224,43.460141122341156,27.80713140964508
stim_81_harmonic.wav,84.99999761581421,20.000000596046448,44.841824769973755,29.46277141571045
stim_81_harmonic.wav,10.000000074505806,60.0,12.940647304058075,44.72038507461548
stim_81_harmonic.wav,50.00000238418579,0.0,42.53263592720032,27.82088041305542
stim_81_harmonic.wav,64.9999988079071,60.0,42.041182816028595,28.28377068042755
stim_81_harmonic.wav,50.00000238418579,20.000000596046448,41.54977798461914,28.339072465896606
stim_81_harmonic.wav,35.00000059604645,20.000000596046448,33.647113144397736,32.474141120910645
stim_81_harmonic.wav,40.000000298023224,40.000001192092896,41.03661239147186,28.37602436542511
stim_81_harmonic.wav,64.9999988079071,49.999998807907104,44.45942223072052,28.83549928665161
stim_81_harmonic.wav,84.99999761581421,10.000000298023224,61.74519717693329,21.186379194259644
stim_81_harmonic.wav,0.0,60.0,30.95694065093994,28.640209436416626
stim_81_harmonic.wav,25.000001192092896,20.000000596046448,40.49600511789322,28.420338034629822
stim_81_harmonic.wav,90.0,10.000000298023224,40.990832448005676,28.39135229587555
stim_81_harmonic.wav,45.0,20.000000596046448,45.49806475639343,29.38264310359955
stim_81_harmonic.wav,45.0,60.0,39.69185471534729,28.45681607723236
stim_81_harmonic.wav,60.00000178813934,49.999998807907104,54.16607916355133,28.355764746665955
stim_81_harmonic.wav,10.000000074505806,49.999998807907104,34.40823554992676,29.237709045410156
stim_81_harmonic.wav,84.99999761581421,49.999998807907104,39.13483768701553,28.48642587661743
stim_81_harmonic.wav,20.000000149011612,60.0,19.505289494991302,23.69779944419861
stim_81_harmonic.wav,30.00000089406967,0.0,43.445684015750885,27.976638078689575
stim_81_harmonic.wav,40.000000298023224,0.0,40.51605463027954,21.27052903175354
stim_81_harmonic.wav,45.0,40.000001192092896,41.82837635278702,28.30418586730957
stim_81_harmonic.wav,5.000000037252903,40.000001192092896,28.615227341651917,34.596383571624756
stim_81_harmonic.wav,50.00000238418579,10.000000298023224,41.512709856033325,28.340063095092773
stim_81_harmonic.wav,54.99999940395355,10.000000298023224,37.30756938457489,28.62751007080078
stim_81_harmonic.wav,64.9999988079071,20.000000596046448,57.5558602809906,31.664217710494995
stim_81_harmonic.wav,80.00000059604645,20.000000596046448,67.85134792327881,22.108288407325745
stim_81_harmonic.wav,35.00000059604645,0.0,42.22175180912018,28.409716486930847
stim_81_harmonic.wav,20.000000149011612,30.0,35.371489226818085,29.610825777053833
stim_81_harmonic.wav,45.0,49.999998807907104,41.74327254295349,28.23516547679901
stim_81_harmonic.wav,80.00000059604645,10.000000298023224,41.314813792705536,28.353354334831238
stim_81_harmonic.wav,84.99999761581421,40.000001192092896,43.76861125230789,27.99901843070984
stim_81_harmonic.wav,40.000000298023224,30.0,41.442559361457825,28.355936408042908
stim_91_harmonic.wav,15.000000447034836,10.000000298023224,33.71998608112335,18.73889923095703
stim_91_harmonic.wav,74.99999821186066,20.000000596046448,42.59871482849121,28.727338314056396
stim_91_harmonic.wav,10.000000074505806,20.000000596046448,27.019039392471313,30.705631971359253
stim_91_harmonic.wav,35.00000059604645,30.0,40.7278847694397,28.39535415172577
stim_91_harmonic.wav,15.000000447034836,49.999998807907104,40.08406609296799,28.448204398155212
stim_91_harmonic.wav,54.99999940395355,0.0,54.44677770137787,30.895063877105713
stim_91_harmonic.wav,70.0000011920929,10.000000298023224,42.64612019062042,29.453299641609192
stim_91_harmonic.wav,50.00000238418579,30.0,41.22903674840927,28.348896503448486
stim_91_harmonic.wav,15.000000447034836,0.0,27.757017016410828,20.350361466407776
stim_91_harmonic.wav,10.000000074505806,20.000000596046448,41.296328008174896,28.53727161884308
stim_91_harmonic.wav,74.99999821186066,0.0,42.62428164482117,31.799808740615845
stim_91_harmonic.wav,50.00000238418579,40.000001192092896,42.9071581363678,29.927533864974976
stim_91_harmonic.wav,84.99999761581421,60.0,53.13017249107361,31.348775625228882
stim_91_harmonic.wav,50.00000238418579,49.999998807907104,41.58639818429947,28.328393697738647
stim_91_harmonic.wav,50.00000238418579,49.999998807907104,41.176140904426575,28.354212641716003
stim_91_harmonic.wav,54.99999940395355,30.0,41.46400898694992,28.34290087223053
stim_91_harmonic.wav,70.0000011920929,0.0,41.212997138500214,28.36274564266205
stim_91_harmonic.wav,74.99999821186066,60.0,52.66516327857971,31.555180549621582
stim_91_harmonic.wav,30.00000089406967,40.000001192092896,41.42299801111221,28.900855779647827
stim_91_harmonic.wav,50.00000238418579,49.999998807907104,41.65293037891388,28.901730179786682
stim_91_harmonic.wav,64.9999988079071,49.999998807907104,42.26120710372925,28.857232332229614
stim_91_harmonic.wav,35.00000059604645,49.999998807907104,35.29560685157776,26.883289217948914
stim_91_harmonic.wav,74.99999821186066,49.999998807907104,46.56609356403351,33.53313446044922
stim_91_harmonic.wav,64.9999988079071,30.0,41.66225105524063,28.507522344589233
stim_91_harmonic.wav,5.000000037252903,40.000001192092896,41.30555748939514,30.975873470306396
stim_91_harmonic.wav,0.0,0.0,46.17111146450043,27.65714406967163
stim_91_harmonic.wav,74.99999821186066,20.000000596046448,42.1751993894577,28.703445196151733
stim_91_harmonic.wav,84.99999761581421,49.999998807907104,59.18813467025757,33.62092852592468
stim_91_harmonic.wav,35.00000059604645,60.0,40.97570210695267,28.82462203502655
stim_91_harmonic.wav,5.000000037252903,20.000000596046448,39.268274903297424,32.935030460357666
stim_91_harmonic.wav,45.0,40.000001192092896,41.58704996109009,28.330591320991516
stim_91_harmonic.wav,60.00000178813934,40.000001192092896,50.082287192344666,33.81183385848999
stim_91_harmonic.wav,45.0,40.000001192092896,46.259318590164185,34.58556890487671
stim_91_harmonic.wav,30.00000089406967,30.0,40.951074063777924,28.38149607181549
stim_91_harmonic.wav,40.000000298023224,60.0,41.42751485109329,29.408873319625854
stim_91_harmonic.wav,10.000000074505806,60.0,40.53397178649902,28.426911234855652
stim_91_harmonic.wav,60.00000178813934,30.0,44.54162657260895,28.95267605781555
stim_91_harmonic.wav,50.00000238418579,60.0,41.33153736591339,28.348424434661865
stim_91_harmonic.wav,70.0000011920929,10.000000298023224,49.57061290740967,26.495327353477478
stim_91_harmonic.wav,50.00000238418579,30.0,42.222489416599274,28.540958762168884
stim_91_harmonic.wav,20.000000149011612,60.0,40.546575486660004,28.39626431465149
stim_91_harmonic.wav,25.000001192092896,49.999998807907104,41.00043207406998,28.36766481399536
stim_91_harmonic.wav,80.00000059604645,20.000000596046448,43.03513705730438,32.28364706039429
stim_91_harmonic.wav,84.99999761581421,20.000000596046448,53.32555532455444,31.988883018493652
stim_91_harmonic.wav,35.00000059604645,20.000000596046448,44.72059965133667,31.82224988937378
stim_91_harmonic.wav,15.000000447034836,10.000000298023224,41.756184697151184,28.918771147727966
stim_91_harmonic.wav,15.000000447034836,49.999998807907104,40.92439144849777,28.400604128837585
stim_91_harmonic.wav,15.000000447034836,20.000000596046448,40.54355800151825,28.43294620513916
stim_91_harmonic.wav,54.99999940395355,20.000000596046448,41.089736223220825,28.447349667549133
stim_91_harmonic.wav,25.000001192092896,40.000001192092896,30.80041229724884,27.66157865524292
stim_91_harmonic.wav,15.000000447034836,10.000000298023224,41.45142674446106,28.541085720062256
stim_91_harmonic.wav,64.9999988079071,40.000001192092896,41.100507974624634,28.589000701904297
stim_91_harmonic.wav,45.0,60.0,44.504354596138,27.72768259048462
stim_91_harmonic.wav,35.00000059604645,49.999998807907104,40.394231379032135,28.407878279685974
stim_91_harmonic.wav,84.99999761581421,20.000000596046448,43.662427961826324,28.717678785324097
stim_91_harmonic.wav,25.000001192092896,49.999998807907104,41.447658240795135,28.694854974746704
stim_91_harmonic.wav,50.00000238418579,10.000000298023224,41.07120484113693,28.371171355247498
stim_91_harmonic.wav,50.00000238418579,60.0,41.62453651428223,28.341795802116394
stim_91_harmonic.wav,0.0,30.0,52.935991287231445,28.39730679988861
stim_91_harmonic.wav,20.000000149011612,40.000001192092896,28.892428278923035,26.884977221488953
stim_91_harmonic.wav,54.99999940395355,20.000000596046448,41.680098474025726,28.328266739845276
stim_91_harmonic.wav,15.000000447034836,10.000000298023224,39.91100996732712,28.453166484832764
stim_91_harmonic.wav,50.00000238418579,0.0,41.430213153362274,28.6255145072937
stim_91_harmonic.wav,60.00000178813934,30.0,51.70686364173889,31.71920657157898
stim_91_harmonic.wav,45.0,10.000000298023224,40.2342027425766,28.452946543693542
stim_91_harmonic.wav,84.99999761581421,40.000001192092896,53.81258547306061,29.748650193214417
stim_91_harmonic.wav,40.000000298023224,40.000001192092896,38.48336935043335,30.216550827026367
stim_91_harmonic.wav,30.00000089406967,30.0,41.27120107412338,28.367983102798462
stim_91_harmonic.wav,10.000000074505806,40.000001192092896,40.8220437169075,28.387007117271423
stim_91_harmonic.wav,84.99999761581421,0.0,41.63278967142105,28.345511555671692
stim_91_harmonic.wav,50.00000238418579,10.000000298023224,43.54000121355057,28.98039221763611
stim_91_harmonic.wav,74.99999821186066,20.000000596046448,41.18994891643524,28.47550928592682
stim_91_harmonic.wav,10.000000074505806,40.000001192092896,25.805522203445435,28.409777283668518
stim_91_harmonic.wav,10.000000074505806,40.000001192092896,40.93345195055008,28.669735193252563
stim_91_harmonic.wav,30.00000089406967,10.000000298023224,42.04007774591446,29.375077486038208
stim_91_harmonic.wav,45.0,60.0,41.30439341068268,28.350600600242615
stim_91_harmonic.wav,74.99999821186066,20.000000596046448,41.058778166770935,28.384888172149658
stim_91_harmonic.wav,80.00000059604645,0.0,41.199363470077515,32.949557304382324
stim_91_harmonic.wav,35.00000059604645,20.000000596046448,40.717424154281616,28.38846981525421
stim_91_harmonic.wav,20.000000149011612,30.0,39.54347491264343,28.4819895029068
stim_91_harmonic.wav,74.99999821186066,20.000000596046448,41.87614381313324,28.582288026809692
stim_91_harmonic.wav,70.0000011920929,40.000001192092896,41.4291912317276,28.34040105342865
stim_91_harmonic.wav,45.0,10.000000298023224,41.51924639940262,31.864829063415527
stim_91_harmonic.wav,20.000000149011612,60.0,40.86509585380554,28.37656080722809
stim_91_harmonic.wav,25.000001192092896,30.0,37.56440430879593,27.000723481178284
stim_91_harmonic.wav,74.99999821186066,30.0,41.76492601633072,28.320683240890503
stim_91_harmonic.wav,64.9999988079071,40.000001192092896,41.426036953926086,28.30764412879944
stim_91_harmonic.wav,80.00000059604645,10.000000298023224,39.78199303150177,28.469581604003906
stim_91_harmonic.wav,50.00000238418579,30.0,41.508450508117676,28.337126970291138
stim_91_harmonic.wav,0.0,20.000000596046448,41.89030587673187,29.007691740989685
stim_91_harmonic.wav,90.0,0.0,41.31285846233368,28.416847586631775
stim_91_harmonic.wav,54.99999940395355,60.0,41.40300750732422,28.368040323257446
stim_91_harmonic.wav,5.000000037252903,49.999998807907104,41.58196985721588,28.328890800476074
stim_91_harmonic.wav,0.0,30.0,46.5649938583374,28.311676383018494
stim_91_harmonic.wav,54.99999940395355,10.000000298023224,53.24354410171509,29.75565254688263
stim_91_harmonic.wav,50.00000238418579,49.999998807907104,40.925971269607544,28.397660851478577
stim_91_harmonic.wav,60.00000178813934,30.0,41.63049638271332,28.50628137588501
stim_91_harmonic.wav,35.00000059604645,20.000000596046448,41.74394577741623,28.753995895385742
stim_91_harmonic.wav,15.000000447034836,20.000000596046448,41.01894736289978,28.395225405693054
stim_91_harmonic.wav,45.0,20.000000596046448,41.88190519809723,28.416924476623535
stim_91_harmonic.wav,70.0000011920929,20.000000596046448,41.66076511144638,28.32428276538849
stim_91_harmonic.wav,74.99999821186066,10.000000298023224,38.73155415058136,28.51692259311676
stim_91_harmonic.wav,15.000000447034836,30.0,40.163649916648865,28.452056050300598
stim_91_harmonic.wav,10.000000074505806,0.0,40.37829637527466,28.439340591430664
stim_91_harmonic.wav,30.00000089406967,20.000000596046448,40.57554870843887,30.36732316017151
stim_91_harmonic.wav,54.99999940395355,40.000001192092896,41.92177891731262,28.553561568260193
stim_91_harmonic.wav,60.00000178813934,40.000001192092896,41.27844035625458,28.348578214645386
stim_91_harmonic.wav,80.00000059604645,10.000000298023224,41.31353437900543,28.47944140434265
stim_91_harmonic.wav,54.99999940395355,30.0,43.60865771770477,34.32493329048157
stim_101_harmonic.wav,74.99999821186066,60.0,45.0322562456131,28.16012442111969
stim_101_harmonic.wav,60.00000178813934,40.000001192092896,41.58067435026169,28.448612093925476
stim_101_harmonic.wav,25.000001192092896,49.999998807907104,41.38948917388916,28.389376401901245
stim_101_harmonic.wav,80.00000059604645,40.000001192092896,41.85210585594177,28.332772850990295
stim_101_harmonic.wav,54.99999940395355,40.000001192092896,49.80306386947632,30.549323558807373
stim_101_harmonic.wav,20.000000149011612,30.0,36.374018490314484,28.112372159957886
stim_101_harmonic.wav,20.000000149011612,0.0,41.42423719167709,28.34570288658142
stim_101_harmonic.wav,50.00000238418579,30.0,41.47047311067581,28.341323733329773
stim_101_harmonic.wav,80.00000059604645,40.000001192092896,41.53910547494888,28.432291746139526
stim_101_harmonic.wav,20.000000149011612,49.999998807907104,41.503252387046814,28.456433415412903
stim_101_harmonic.wav,54.99999940395355,30.0,42.068989276885986,28.333314657211304
stim_101_harmonic.wav,70.0000011920929,49.999998807907104,42.30767637491226,28.441473841667175
stim_101_harmonic.wav,50.00000238418579,40.000001192092896,41.60822331905365,28.3260977268219
stim_101_harmonic.wav,80.00000059604645,40.000001192092896,45.59633016586304,26.87620460987091
stim_101_harmonic.wav,90.0,30.0,41.88368886709213,28.317856192588806
stim_101_harmonic.wav,25.000001192092896,49.999998807907104,40.823663771152496,28.46007764339447
stim_101_harmonic.wav,35.00000059604645,49.999998807907104,42.09628880023956,28.861881494522095
stim_101_harmonic.wav,64.9999988079071,49.999998807907104,41.99042469263077,28.31289052963257
stim_101_harmonic.wav,20.000000149011612,49.999998807907104,37.2692996263504,29.07391369342804
stim_101_harmonic.wav,30.00000089406967,30.0,44.74950850009918,28.154541850090027
stim_101_harmonic.wav,60.00000178813934,49.999998807907104,42.018848061561584,27.373931407928467
stim_101_harmonic.wav,30.00000089406967,20.000000596046448,46.577680706977844,29.78004276752472
stim_101_harmonic.wav,25.000001192092896,20.000000596046448,41.75194412469864,28.37454915046692
stim_101_harmonic.wav,60.00000178813934,40.000001192092896,42.02154368162155,28.311815857887268
stim_101_harmonic.wav,70.0000011920929,40.000001192092896,41.59854054450989,28.333738446235657
stim_101_harmonic.wav,20.000000149011612,20.000000596046448,41.741038262844086,28.353365063667297
stim_101_harmonic.wav,64.9999988079071,40.000001192092896,41.674894988536835,28.348149061203003
stim_101_harmonic.wav,74.99999821186066,0.0,40.436795353889465,28.518970012664795
stim_101_harmonic.wav,70.0000011920929,20.000000596046448,43.42253655195236,28.2046240568161
stim_101_harmonic.wav,40.000000298023224,49.999998807907104,41.950797736644745,28.56171190738678
stim_101_harmonic.wav,5.000000037252903,30.0,41.94372475147247,28.50418746471405
stim_101_harmonic.wav,80.00000059604645,30.0,41.67407959699631,28.331199288368225
stim_101_harmonic.wav,74.99999821186066,40.000001192092896,42.02154368162155,28.311815857887268
stim_101_harmonic.wav,45.0,40.000001192092896,41.821839809417725,28.318716287612915
stim_101_harmonic.wav,15.000000447034836,10.000000298023224,41.73332154750824,28.46237540245056
stim_101_harmonic.wav,0.0,10.000000298023224,42.02413737773895,28.46272587776184
stim_101_harmonic.wav,5.000000037252903,60.0,43.3024862408638,28.40213119983673
stim_101_harmonic.wav,54.99999940395355,30.0,45.10705769062042,29.42850887775421
stim_101_harmonic.wav,0.0,0.0,41.67166292667389,28.511146903038025
stim_101_harmonic.wav,50.00000238418579,49.999998807907104,48.849828243255615,29.020696878433228
stim_101_harmonic.wav,30.00000089406967,30.0,44.35495287179947,30.462005138397217
stim_101_harmonic.wav,84.99999761581421,30.0,41.92265599966049,28.277517557144165
stim_101_harmonic.wav,64.9999988079071,60.0,41.69157028198242,28.64089608192444
stim_101_harmonic.wav,60.00000178813934,0.0,51.07237100601196,32.01113820075989
stim_101_harmonic.wav,45.0,49.999998807907104,45.822354555130005,30.27172565460205
stim_101_harmonic.wav,30.00000089406967,0.0,42.40095019340515,28.555855751037598
stim_101_harmonic.wav,30.00000089406967,30.0,45.530208349227905,29.986642599105835
stim_101_harmonic.wav,0.0,0.0,43.58381509780884,28.176864981651306
stim_101_harmonic.wav,0.0,20.000000596046448,43.6405947804451,29.013397693634033
stim_101_harmonic.wav,5.000000037252903,40.000001192092896,32.45715647935867,31.414976119995117
stim_101_harmonic.wav,90.0,60.0,41.77895396947861,28.3238285779953
stim_101_harmonic.wav,50.00000238418579,60.0,46.48697912693024,30.2726411819458
stim_101_harmonic.wav,20.000000149011612,40.000001192092896,41.48440718650818,28.343149423599243
stim_101_harmonic.wav,60.00000178813934,0.0,41.91282033920288,28.51820468902588
stim_101_harmonic.wav,45.0,49.999998807907104,40.24437367916107,28.83187472820282
stim_101_harmonic.wav,40.000000298023224,0.0,53.302241563797,32.29032039642334
stim_101_harmonic.wav,45.0,0.0,41.64436340332031,28.32971155643463
stim_101_harmonic.wav,10.000000074505806,30.0,40.8488067984581,28.411964178085327
stim_101_harmonic.wav,40.000000298023224,0.0,41.82117998600006,28.334843516349792
stim_101_harmonic.wav,25.000001192092896,40.000001192092896,41.900109350681305,29.061582684516907
stim_101_harmonic.wav,30.00000089406967,20.000000596046448,48.12335193157196,31.01035237312317
stim_101_harmonic.wav,54.99999940395355,60.0,42.13423937559128,28.314562439918518
stim_101_harmonic.wav,84.99999761581421,0.0,41.733292043209076,28.32497477531433
stim_101_harmonic.wav,20.000000149011612,10.000000298023224,41.71890199184418,28.32741379737854
stim_101_harmonic.wav,70.0000011920929,10.000000298023224,41.77267223596573,28.303365111351013
stim_101_harmonic.wav,35.00000059604645,10.000000298023224,41.46452933549881,28.322246074676514
stim_101_harmonic.wav,0.0,20.000000596046448,41.667180955410004,28.398853540420532
stim_101_harmonic.wav,30.00000089406967,49.999998807907104,41.00101947784424,29.6998393535614
stim_101_harmonic.wav,60.00000178813934,60.0,40.995207130908966,28.469114899635315
stim_101_harmonic.wav,70.0000011920929,49.999998807907104,41.85392439365387,28.32153081893921
stim_101_harmonic.wav,74.99999821186066,49.999998807907104,46.4372992515564,27.440165877342224
stim_101_harmonic.wav,90.0,40.000001192092896,41.622337102890015,28.33271026611328
stim_101_harmonic.wav,74.99999821186066,49.999998807907104,42.56648808717728,28.365837335586548
stim_101_harmonic.wav,30.00000089406967,40.000001192092896,42.1726593375206,28.578978180885315
stim_101_harmonic.wav,30.00000089406967,20.000000596046448,46.761712431907654,30.84884762763977
stim_101_harmonic.wav,30.00000089406967,40.000001192092896,41.372360587120056,28.348798155784607
stim_101_harmonic.wav,50.00000238418579,0.0,41.77385777235031,28.648257851600647
stim_101_harmonic.wav,10.000000074505806,10.000000298023224,41.91532552242279,28.494449257850647
stim_101_harmonic.wav,10.000000074505806,40.000001192092896,42.25592851638794,28.532493710517883
stim_101_harmonic.wav,0.0,40.000001192092896,41.94076359272003,28.415585160255432
stim_101_harmonic.wav,90.0,40.000001192092896,41.881524324417114,28.357733488082886
stim_101_harmonic.wav,74.99999821186066,10.000000298023224,44.43565517663956,26.442970633506775
stim_101_harmonic.wav,64.9999988079071,0.0,41.770609617233276,28.330973982810974
stim_101_harmonic.wav,80.00000059604645,30.0,46.332494616508484,27.65348732471466
stim_101_harmonic.wav,0.0,60.0,45.23497760295868,28.00291657447815
stim_101_harmonic.wav,0.0,0.0,41.5867817401886,28.371580839157104
stim_101_harmonic.wav,70.0000011920929,49.999998807907104,43.02535504102707,28.24301540851593
stim_101_harmonic.wav,0.0,40.000001192092896,42.222347259521484,28.462493419647217
stim_101_harmonic.wav,35.00000059604645,40.000001192092896,41.97465866804123,28.34589421749115
stim_101_harmonic.wav,20.000000149011612,60.0,41.95122689008713,28.376258611679077
stim_101_harmonic.wav,70.0000011920929,0.0,41.68055176734924,28.333407640457153
stim_101_harmonic.wav,25.000001192092896,49.999998807907104,41.930227875709534,28.4729665517807
stim_101_harmonic.wav,54.99999940395355,20.000000596046448,41.602722108364105,28.5022634267807
stim_101_harmonic.wav,80.00000059604645,10.000000298023224,42.995129227638245,27.8201025724411
stim_101_harmonic.wav,70.0000011920929,60.0,41.87264621257782,28.350541591644287
stim_101_harmonic.wav,35.00000059604645,20.000000596046448,41.163411140441895,28.387479186058044
stim_101_harmonic.wav,60.00000178813934,0.0,42.69703656435013,28.742331862449646
stim_101_harmonic.wav,30.00000089406967,49.999998807907104,41.71121209859848,28.490009307861328
stim_101_harmonic.wav,40.000000298023224,30.0,41.7367359995842,28.327226042747498
stim_101_harmonic.wav,45.0,20.000000596046448,41.845314502716064,28.689801692962646
stim_101_harmonic.wav,84.99999761581421,0.0,41.58238559961319,28.385637402534485
stim_101_harmonic.wav,10.000000074505806,0.0,33.8666895031929,31.14609718322754
stim_101_harmonic.wav,5.000000037252903,40.000001192092896,42.41354048252106,28.541516661643982
stim_101_harmonic.wav,80.00000059604645,10.000000298023224,41.192955672740936,28.35835576057434
stim_101_harmonic.wav,64.9999988079071,30.0,41.678985357284546,28.345545530319214
stim_101_harmonic.wav,15.000000447034836,60.0,31.81300789117813,31.332478523254395
stim_101_harmonic.wav,45.0,49.999998807907104,48.24342370033264,29.18790578842163
stim_101_harmonic.wav,80.00000059604645,30.0,41.88445329666138,28.18928360939026
stim_101_harmonic.wav,15.000000447034836,49.999998807907104,35.40793240070343,29.771851301193237
stim_101_harmonic.wav,64.9999988079071,60.0,40.52586078643799,28.78738224506378
stim_101_harmonic.wav,84.99999761581421,0.0,44.94052737951279,29.377630949020386
stim_101_harmonic.wav,50.00000238418579,0.0,44.47682976722717,25.502516627311707
stim_101_harmonic.wav,0.0,30.0,41.74255907535553,28.57903003692627
stim_101_harmonic.wav,54.99999940395355,49.999998807907104,48.31090271472931,31.927918195724487
stim_101_harmonic.wav,35.00000059604645,60.0,48.82395565509796,27.541866302490234
stim_101_harmonic.wav,10.000000074505806,60.0,42.17541128396988,28.561457991600037
stim_101_harmonic.wav,70.0000011920929,20.000000596046448,41.62128299474716,28.468058109283447
stim_101_harmonic.wav,70.0000011920929,30.0,42.105225920677185,28.436846137046814
stim_101_harmonic.wav,60.00000178813934,20.000000596046448,41.87355816364288,28.316929936408997
stim_101_harmonic.wav,60.00000178813934,20.000000596046448,41.39646828174591,28.43109369277954
stim_101_harmonic.wav,84.99999761581421,60.0,41.731165051460266,28.708394765853882
stim_101_harmonic.wav,90.0,20.000000596046448,42.02154368162155,28.311815857887268
stim_101_harmonic.wav,54.99999940395355,10.000000298023224,41.80244207382202,28.319386839866638
stim_101_harmonic.wav,0.0,49.999998807907104,42.29132026433945,28.574482798576355
stim_101_harmonic.wav,74.99999821186066,60.0,41.41352713108063,28.32199215888977
stim_101_harmonic.wav,40.000000298023224,40.000001192092896,41.99810117483139,28.453892469406128
stim_101_harmonic.wav,25.000001192092896,60.0,41.745429039001465,28.1832093000412
stim_101_harmonic.wav,35.00000059604645,30.0,44.40357327461243,28.53942096233368
stim_101_harmonic.wav,5.000000037252903,20.000000596046448,41.92188620567322,28.370688557624817
stim_101_harmonic.wav,40.000000298023224,40.000001192092896,41.370984613895416,28.34604263305664
stim_101_harmonic.wav,54.99999940395355,49.999998807907104,51.11905753612518,30.224486589431763
stim_101_harmonic.wav,40.000000298023224,0.0,49.026124477386475,31.07667088508606
stim_106_harmonic.wav,10.000000074505806,49.999998807907104,40.05558639764786,28.845022916793823
stim_106_harmonic.wav,45.0,20.000000596046448,41.3319531083107,28.35175395011902
stim_106_harmonic.wav,40.000000298023224,60.0,40.39975941181183,28.511821031570435
stim_106_harmonic.wav,5.000000037252903,60.0,41.1597204208374,28.442453742027283
stim_106_harmonic.wav,60.00000178813934,20.000000596046448,47.96562194824219,27.58353352546692
stim_106_harmonic.wav,90.0,60.0,40.50300568342209,28.581377863883972
stim_106_harmonic.wav,70.0000011920929,49.999998807907104,43.34094911813736,30.159705877304077
stim_106_harmonic.wav,0.0,49.999998807907104,41.53517335653305,28.338299989700317
stim_106_harmonic.wav,30.00000089406967,10.000000298023224,42.02154368162155,28.311815857887268
stim_106_harmonic.wav,25.000001192092896,40.000001192092896,40.70458710193634,28.387797474861145
stim_106_harmonic.wav,80.00000059604645,49.999998807907104,45.80067694187164,26.608083844184875
stim_106_harmonic.wav,50.00000238418579,30.0,43.16273242235184,28.72825562953949
stim_106_harmonic.wav,45.0,0.0,41.2104195356369,28.389118909835815
stim_106_harmonic.wav,20.000000149011612,0.0,41.32247418165207,28.362135887145996
stim_106_harmonic.wav,45.0,40.000001192092896,41.38540416955948,28.796194195747375
stim_106_harmonic.wav,70.0000011920929,30.0,41.85686409473419,28.318482041358948
stim_106_harmonic.wav,0.0,10.000000298023224,41.29527658224106,28.369874954223633
stim_106_harmonic.wav,50.00000238418579,10.000000298023224,42.856802344322205,26.457631587982178
stim_106_harmonic.wav,40.000000298023224,30.0,33.00774693489075,25.81841468811035
stim_106_harmonic.wav,45.0,49.999998807907104,41.211100816726685,28.368462324142456
stim_106_harmonic.wav,54.99999940395355,0.0,50.773669481277466,25.572379231452942
stim_106_harmonic.wav,54.99999940395355,30.0,39.971598386764526,28.50064516067505
stim_106_harmonic.wav,25.000001192092896,30.0,40.841189324855804,28.49427580833435
stim_106_harmonic.wav,80.00000059604645,40.000001192092896,48.15007209777832,25.254896879196167
stim_106_harmonic.wav,84.99999761581421,10.000000298023224,45.48337697982788,27.937297224998474
stim_106_harmonic.wav,15.000000447034836,20.000000596046448,38.46050351858139,28.878502249717712
stim_106_harmonic.wav,15.000000447034836,30.0,40.60617953538895,28.718773126602173
stim_106_harmonic.wav,60.00000178813934,20.000000596046448,44.274915754795074,27.593016028404236
stim_106_harmonic.wav,74.99999821186066,20.000000596046448,41.76773428916931,28.323826789855957
stim_106_harmonic.wav,5.000000037252903,20.000000596046448,41.635675728321075,28.33173930644989
stim_106_harmonic.wav,60.00000178813934,49.999998807907104,41.71782374382019,28.32231044769287
stim_106_harmonic.wav,64.9999988079071,20.000000596046448,41.95985287427902,28.313947319984436
stim_106_harmonic.wav,74.99999821186066,49.999998807907104,40.78594386577606,28.43705713748932
stim_106_harmonic.wav,90.0,49.999998807907104,43.810821175575256,28.359798789024353
stim_106_harmonic.wav,74.99999821186066,20.000000596046448,40.198998749256134,28.58248472213745
stim_106_harmonic.wav,80.00000059604645,0.0,40.19603222608566,28.61787736415863
stim_106_harmonic.wav,0.0,0.0,37.650302052497864,28.695979714393616
stim_106_harmonic.wav,45.0,20.000000596046448,43.10228079557419,28.35858464241028
stim_106_harmonic.wav,70.0000011920929,30.0,49.6339076757431,25.612751841545105
stim_106_harmonic.wav,54.99999940395355,40.000001192092896,41.031591296195984,28.392194509506226
stim_106_harmonic.wav,15.000000447034836,20.000000596046448,39.90588963031769,28.500439524650574
stim_106_harmonic.wav,10.000000074505806,10.000000298023224,36.12087696790695,30.144946575164795
stim_106_harmonic.wav,30.00000089406967,30.0,42.01186090707779,28.312150239944458
stim_106_harmonic.wav,50.00000238418579,20.000000596046448,41.01313769817352,28.453320264816284
stim_106_harmonic.wav,15.000000447034836,60.0,38.177838921546936,28.540642261505127
stim_106_harmonic.wav,5.000000037252903,20.000000596046448,29.98071312904358,26.34332299232483
stim_106_harmonic.wav,30.00000089406967,49.999998807907104,39.75551962852478,28.49346935749054
stim_106_harmonic.wav,50.00000238418579,20.000000596046448,41.537922620773315,28.525482416152954
stim_106_harmonic.wav,64.9999988079071,10.000000298023224,43.965276181697845,26.471105217933655
stim_106_harmonic.wav,80.00000059604645,49.999998807907104,40.15332072973251,28.428096771240234
stim_106_harmonic.wav,0.0,30.0,41.02830022573471,28.380280137062073
stim_106_harmonic.wav,35.00000059604645,30.0,41.749041974544525,28.324701189994812
stim_106_harmonic.wav,0.0,40.000001192092896,41.40118896961212,28.346441388130188
stim_106_harmonic.wav,54.99999940395355,60.0,47.80132591724396,27.73414134979248
stim_106_harmonic.wav,80.00000059604645,40.000001192092896,41.046761870384216,28.375473618507385
stim_106_harmonic.wav,50.00000238418579,40.000001192092896,41.14836931228638,28.37812900543213
stim_106_harmonic.wav,80.00000059604645,49.999998807907104,42.287404239177704,28.000752925872803
stim_106_harmonic.wav,0.0,20.000000596046448,41.90816938877106,28.315733671188354
stim_106_harmonic.wav,50.00000238418579,49.999998807907104,42.00441241264343,28.312407732009888
stim_106_harmonic.wav,84.99999761581421,10.000000298023224,40.297443866729736,28.454859852790833
stim_106_harmonic.wav,45.0,10.000000298023224,39.938803017139435,28.458248376846313
stim_106_harmonic.wav,84.99999761581421,40.000001192092896,47.294248938560486,27.05883800983429
stim_106_harmonic.wav,15.000000447034836,49.999998807907104,39.42951858043671,28.65620791912079
stim_106_harmonic.wav,20.000000149011612,20.000000596046448,40.368109345436096,28.580052852630615
stim_106_harmonic.wav,74.99999821186066,30.0,41.45498067140579,28.34312617778778
stim_106_harmonic.wav,74.99999821186066,10.000000298023224,40.25607615709305,28.44517707824707
stim_106_harmonic.wav,20.000000149011612,60.0,39.32613283395767,28.381227850914
stim_106_harmonic.wav,70.0000011920929,60.0,40.7600873708725,28.71441900730133
stim_106_harmonic.wav,74.99999821186066,30.0,44.52281355857849,27.604118585586548
stim_106_harmonic.wav,0.0,20.000000596046448,41.96400225162506,28.313804268836975
stim_106_harmonic.wav,10.000000074505806,10.000000298023224,37.85731494426727,30.94891905784607
stim_106_harmonic.wav,54.99999940395355,0.0,43.16622734069824,26.11807107925415
stim_106_harmonic.wav,54.99999940395355,40.000001192092896,39.99525010585785,28.458781242370605
stim_106_harmonic.wav,50.00000238418579,0.0,40.96145689487457,28.3980131149292
stim_106_harmonic.wav,45.0,40.000001192092896,41.60447359085083,28.33423912525177
stim_106_harmonic.wav,30.00000089406967,30.0,40.7054078578949,28.43575894832611
stim_106_harmonic.wav,0.0,49.999998807907104,40.78718304634094,28.63909900188446
stim_106_harmonic.wav,0.0,0.0,29.336749613285065,29.468552470207214
stim_106_harmonic.wav,10.000000074505806,30.0,40.00625520944595,28.575841784477234
stim_106_harmonic.wav,35.00000059604645,20.000000596046448,35.946144461631775,29.64942455291748
stim_106_harmonic.wav,70.0000011920929,30.0,47.19897150993347,25.977550148963928
stim_106_harmonic.wav,80.00000059604645,20.000000596046448,47.949947118759155,26.883103251457214
stim_106_harmonic.wav,70.0000011920929,60.0,40.77654808759689,28.42057228088379
stim_106_harmonic.wav,15.000000447034836,40.000001192092896,41.495490074157715,28.34359109401703
stim_106_harmonic.wav,25.000001192092896,20.000000596046448,44.08344358205795,26.878892183303833
stim_106_harmonic.wav,54.99999940395355,20.000000596046448,41.05301946401596,28.381916284561157
stim_106_harmonic.wav,0.0,10.000000298023224,41.29456043243408,28.353599309921265
stim_106_harmonic.wav,10.000000074505806,40.000001192092896,39.845781326293945,28.469579815864563
stim_106_harmonic.wav,64.9999988079071,10.000000298023224,44.02797281742096,27.1718966960907
stim_106_harmonic.wav,70.0000011920929,60.0,41.657401621341705,28.32724928855896
stim_106_harmonic.wav,64.9999988079071,49.999998807907104,40.67178100347519,28.42370867729187
stim_106_harmonic.wav,40.000000298023224,30.0,41.92676246166229,28.647567629814148
stim_106_harmonic.wav,0.0,40.000001192092896,41.79858237504959,28.320677876472473
stim_106_harmonic.wav,54.99999940395355,60.0,43.17791908979416,25.594287514686584
stim_106_harmonic.wav,64.9999988079071,40.000001192092896,46.28967046737671,29.957059621810913
stim_106_harmonic.wav,80.00000059604645,10.000000298023224,40.05201905965805,27.550740838050842
stim_106_harmonic.wav,45.0,10.000000298023224,40.491480231285095,28.679593205451965
stim_106_harmonic.wav,20.000000149011612,20.000000596046448,34.96192932128906,28.493022322654724
stim_106_harmonic.wav,15.000000447034836,0.0,39.815228283405304,28.574861884117126
stim_106_harmonic.wav,74.99999821186066,20.000000596046448,43.940210938453674,28.686334490776062
stim_106_harmonic.wav,15.000000447034836,0.0,42.01840281486511,28.3610200881958
stim_106_harmonic.wav,10.000000074505806,60.0,37.3092457652092,30.33026933670044
stim_106_harmonic.wav,35.00000059604645,40.000001192092896,41.2215319275856,28.35541069507599
stim_106_harmonic.wav,74.99999821186066,10.000000298023224,45.64448118209839,27.800268530845642
stim_106_harmonic.wav,20.000000149011612,49.999998807907104,40.91264873743057,24.7480309009552
stim_106_harmonic.wav,35.00000059604645,49.999998807907104,43.39824378490448,24.614689350128174
stim_106_harmonic.wav,70.0000011920929,40.000001192092896,41.13070160150528,28.375806212425232
stim_106_harmonic.wav,30.00000089406967,30.0,41.900130808353424,29.189915657043457
stim_106_harmonic.wav,10.000000074505806,40.000001192092896,40.279604494571686,29.136516451835632
stim_106_harmonic.wav,5.000000037252903,60.0,34.060256481170654,31.420083045959473
stim_106_harmonic.wav,80.00000059604645,20.000000596046448,41.95357918739319,28.31416368484497
stim_106_harmonic.wav,50.00000238418579,20.000000596046448,42.7145916223526,27.346789240837097
stim_106_harmonic.wav,35.00000059604645,20.000000596046448,40.71983814239502,28.419232964515686
stim_106_harmonic.wav,60.00000178813934,10.000000298023224,45.82326650619507,24.83476459980011
stim_106_harmonic.wav,90.0,20.000000596046448,41.35413497686386,24.67493176460266
stim_106_harmonic.wav,74.99999821186066,10.000000298023224,41.24440312385559,28.368625044822693
stim_106_harmonic.wav,15.000000447034836,40.000001192092896,32.71932899951935,30.705814361572266
stim_106_harmonic.wav,45.0,49.999998807907104,40.78180253505707,28.42506229877472
stim_106_harmonic.wav,30.00000089406967,10.000000298023224,41.98625922203064,28.313035368919373
stim_106_harmonic.wav,15.000000447034836,30.0,40.71705400943756,28.396602272987366
stim_106_harmonic.wav,40.000000298023224,0.0,41.965166330337524,28.31376314163208
stim_106_harmonic.wav,60.00000178813934,20.000000596046448,43.555169105529785,27.985693216323853
stim_106_harmonic.wav,15.000000447034836,10.000000298023224,41.25172287225723,28.407028913497925
stim_106_harmonic.wav,40.000000298023224,20.000000596046448,40.925976634025574,27.156440019607544
stim_106_harmonic.wav,64.9999988079071,60.0,50.00745356082916,26.070939302444458
stim_106_harmonic.wav,20.000000149011612,40.000001192092896,38.67145121097565,28.737242817878723
stim_106_harmonic.wav,25.000001192092896,20.000000596046448,41.92115396261215,25.106969475746155
stim_106_harmonic.wav,40.000000298023224,10.000000298023224,41.523680090904236,29.669553637504578
stim_106_harmonic.wav,54.99999940395355,0.0,48.30957770347595,26.177841424942017
stim_106_harmonic.wav,70.0000011920929,0.0,41.86978429555893,28.31750750541687
stim_106_harmonic.wav,70.0000011920929,30.0,41.749310195446014,28.251144289970398
stim_106_harmonic.wav,84.99999761581421,60.0,41.298996806144714,28.35505485534668
stim_106_harmonic.wav,90.0,20.000000596046448,40.062498450279236,28.524593710899353
stim_106_harmonic.wav,25.000001192092896,10.000000298023224,47.009875774383545,27.422720789909363
stim_106_harmonic.wav,60.00000178813934,20.000000596046448,50.00970125198364,24.8984295129776
stim_106_harmonic.wav,40.000000298023224,10.000000298023224,41.36298090219498,28.352821469306946
stim_106_harmonic.wav,20.000000149011612,20.000000596046448,40.245012044906616,28.49025249481201
stim_106_harmonic.wav,60.00000178813934,30.0,44.42601263523102,25.960779190063477
stim_106_harmonic.wav,90.0,20.000000596046448,37.42809444665909,26.887882947921753
stim_56_harmonic.wav,70.0000011920929,30.0,48.94964933395386,25.511040687561035
stim_56_harmonic.wav,60.00000178813934,10.000000298023224,55.115007162094116,29.124194383621216
stim_56_harmonic.wav,20.000000149011612,10.000000298023224,34.977236688137054,31.684513092041016
stim_56_harmonic.wav,5.000000037252903,20.000000596046448,30.35795509815216,29.874497652053833
stim_56_harmonic.wav,84.99999761581421,0.0,60.8999902009964,17.830561995506287
stim_56_harmonic.wav,74.99999821186066,40.000001192092896,50.43177902698517,37.3710572719574
stim_56_harmonic.wav,64.9999988079071,20.000000596046448,58.39114308357239,26.930952072143555
stim_56_harmonic.wav,74.99999821186066,40.000001192092896,54.06925141811371,33.18638205528259
stim_56_harmonic.wav,25.000001192092896,0.0,38.06788444519043,29.104381799697876
stim_56_harmonic.wav,15.000000447034836,0.0,42.72163510322571,27.885162234306335
stim_56_harmonic.wav,84.99999761581421,30.0,60.30942678451538,26.23698592185974
stim_56_harmonic.wav,50.00000238418579,0.0,50.002920627593994,29.85800564289093
stim_56_harmonic.wav,74.99999821186066,20.000000596046448,60.06329119205475,24.71868932247162
stim_56_harmonic.wav,80.00000059604645,10.000000298023224,52.58461117744446,24.889626502990723
stim_56_harmonic.wav,60.00000178813934,60.0,36.751480400562286,28.311933875083923
stim_56_harmonic.wav,35.00000059604645,49.999998807907104,33.288702964782715,29.518707990646362
stim_56_harmonic.wav,70.0000011920929,10.000000298023224,53.07973623275757,24.96469795703888
stim_56_harmonic.wav,50.00000238418579,20.000000596046448,43.92762064933777,28.82361352443695
stim_56_harmonic.wav,15.000000447034836,60.0,35.57646632194519,30.85689425468445
stim_56_harmonic.wav,25.000001192092896,10.000000298023224,31.538309454917908,28.868093490600586
stim_56_harmonic.wav,54.99999940395355,20.000000596046448,48.69534373283386,28.222872018814087
stim_56_harmonic.wav,0.0,30.0,37.50361740589142,28.065488934516907
stim_56_harmonic.wav,90.0,60.0,27.738547325134277,26.268956065177917
stim_56_harmonic.wav,74.99999821186066,20.000000596046448,39.55280363559723,28.620457649230957
stim_56_harmonic.wav,90.0,30.0,49.57036077976227,17.83262550830841
stim_56_harmonic.wav,54.99999940395355,10.000000298023224,55.33944368362427,32.351428270339966
stim_56_harmonic.wav,35.00000059604645,30.0,38.535436391830444,32.384644746780396
stim_56_harmonic.wav,40.000000298023224,30.0,37.82023072242737,31.608874797821045
stim_56_harmonic.wav,35.00000059604645,49.999998807907104,55.45043885707855,24.476691484451294
stim_56_harmonic.wav,64.9999988079071,0.0,58.940765261650085,17.006152868270874
stim_56_harmonic.wav,15.000000447034836,60.0,31.862864792346954,28.09473216533661
stim_56_harmonic.wav,30.00000089406967,10.000000298023224,44.77634131908417,38.51297736167908
stim_56_harmonic.wav,54.99999940395355,40.000001192092896,39.13428783416748,30.60782790184021
stim_56_harmonic.wav,80.00000059604645,30.0,57.585225105285645,29.369219541549683
stim_56_harmonic.wav,64.9999988079071,30.0,39.27966356277466,29.264232516288757
stim_56_harmonic.wav,35.00000059604645,30.0,43.78652572631836,33.94276142120361
stim_56_harmonic.wav,35.00000059604645,60.0,44.502646028995514,34.23600912094116
stim_56_harmonic.wav,10.000000074505806,49.999998807907104,11.919428408145905,20.472089052200317
stim_56_harmonic.wav,0.0,0.0,37.61301130056381,26.80889368057251
stim_56_harmonic.wav,5.000000037252903,40.000001192092896,31.299185156822205,22.224183082580566
stim_56_harmonic.wav,20.000000149011612,0.0,21.941641867160797,15.542728900909424
stim_56_harmonic.wav,70.0000011920929,0.0,46.710251569747925,22.300044894218445
stim_56_harmonic.wav,50.00000238418579,30.0,43.27789843082428,29.657485485076904
stim_56_harmonic.wav,5.000000037252903,30.0,13.626206517219543,28.874167799949646
stim_56_harmonic.wav,84.99999761581421,60.0,66.79515838623047,25.849369168281555
stim_56_harmonic.wav,45.0,30.0,56.07345700263977,32.13434100151062
stim_56_harmonic.wav,20.000000149011612,40.000001192092896,26.400932371616364,17.74996519088745
stim_56_harmonic.wav,25.000001192092896,49.999998807907104,37.134931683540344,30.980229377746582
stim_56_harmonic.wav,80.00000059604645,49.999998807907104,63.33675563335419,27.767942547798157
stim_56_harmonic.wav,10.000000074505806,30.0,21.815417110919952,17.840555906295776
stim_56_harmonic.wav,30.00000089406967,30.0,39.541651010513306,36.875553131103516
stim_56_harmonic.wav,40.000000298023224,0.0,47.45289087295532,34.6616792678833
stim_56_harmonic.wav,64.9999988079071,40.000001192092896,51.132259368896484,31.100499629974365
stim_56_harmonic.wav,54.99999940395355,30.0,52.87919282913208,34.42761540412903
stim_56_harmonic.wav,50.00000238418579,0.0,43.322213888168335,27.644646763801575
stim_56_harmonic.wav,84.99999761581421,30.0,58.12733709812164,32.237573862075806
stim_56_harmonic.wav,45.0,49.999998807907104,48.823354840278625,32.578890323638916
stim_56_harmonic.wav,74.99999821186066,20.000000596046448,65.18163800239563,30.951422452926636
stim_56_harmonic.wav,74.99999821186066,60.0,38.98578733205795,28.467907905578613
stim_56_harmonic.wav,90.0,40.000001192092896,50.05795955657959,25.213868021965027
stim_56_harmonic.wav,54.99999940395355,20.000000596046448,57.05617547035217,29.488348960876465
stim_56_harmonic.wav,10.000000074505806,0.0,39.24882352352142,34.05029296875
stim_56_harmonic.wav,25.000001192092896,0.0,33.36062639951706,25.194230675697327
stim_56_harmonic.wav,64.9999988079071,40.000001192092896,49.941734075546265,41.47356033325195
stim_56_harmonic.wav,90.0,49.999998807907104,52.37549006938934,32.92369365692139
stim_56_harmonic.wav,30.00000089406967,60.0,52.54743576049805,33.31753849983215
stim_56_harmonic.wav,60.00000178813934,10.000000298023224,66.38804197311401,34.88299369812012
stim_56_harmonic.wav,84.99999761581421,0.0,62.36093044281006,18.8114333152771
stim_56_harmonic.wav,25.000001192092896,30.0,35.10979950428009,31.41257643699646
stim_56_harmonic.wav,50.00000238418579,49.999998807907104,50.130518674850464,29.706929326057434
stim_56_harmonic.wav,70.0000011920929,49.999998807907104,59.73717212677002,25.6552916765213
stim_56_harmonic.wav,74.99999821186066,20.000000596046448,70.04138767719269,21.293141841888428
stim_56_harmonic.wav,40.000000298023224,10.000000298023224,48.90766739845276,26.317763328552246
stim_56_harmonic.wav,40.000000298023224,60.0,49.90612506866455,29.036949276924133
stim_56_harmonic.wav,35.00000059604645,49.999998807907104,26.81722730398178,24.284468293190002
stim_56_harmonic.wav,15.000000447034836,0.0,16.701300144195557,23.483941555023193
stim_56_harmonic.wav,45.0,10.000000298023224,55.65471589565277,35.79696178436279
stim_56_harmonic.wav,40.000000298023224,10.000000298023224,45.09754657745361,29.926496744155884
stim_56_harmonic.wav,35.00000059604645,60.0,43.60065668821335,32.679702043533325
stim_56_harmonic.wav,15.000000447034836,10.000000298023224,36.51051610708237,28.80164623260498
stim_56_harmonic.wav,5.000000037252903,49.999998807907104,4.510861337184906,23.48995327949524
stim_56_harmonic.wav,0.0,10.000000298023224,33.6487278342247,27.640863060951233
stim_56_harmonic.wav,35.00000059604645,49.999998807907104,32.305541932582855,31.375569105148315
stim_56_harmonic.wav,74.99999821186066,40.000001192092896,55.66571831703186,25.40023684501648
stim_56_harmonic.wav,20.000000149011612,49.999998807907104,33.326508700847626,29.3807190656662
stim_56_harmonic.wav,5.000000037252903,10.000000298023224,32.36979961395264,27.060107588768005
stim_56_harmonic.wav,74.99999821186066,10.000000298023224,62.63904333114624,21.603477001190186
stim_56_harmonic.wav,70.0000011920929,30.0,66.54052019119263,25.441728830337524
stim_56_harmonic.wav,5.000000037252903,20.000000596046448,26.589620411396027,27.720553278923035
stim_56_harmonic.wav,0.0,60.0,31.765664219856262,27.05799400806427
stim_56_harmonic.wav,80.00000059604645,20.000000596046448,63.87479066848755,25.05016028881073
stim_56_harmonic.wav,10.000000074505806,60.0,32.15067386627197,30.20646572113037
stim_56_harmonic.wav,5.000000037252903,60.0,34.85442370176315,28.732407689094543
stim_56_harmonic.wav,20.000000149011612,20.000000596046448,28.63715171813965,25.50502896308899
stim_56_harmonic.wav,80.00000059604645,49.999998807907104,62.15172350406647,25.059049129486084
stim_56_harmonic.wav,70.0000011920929,30.0,45.77424645423889,24.817798733711243
stim_56_harmonic.wav,15.000000447034836,30.0,23.68674874305725,28.97615075111389
stim_56_harmonic.wav,70.0000011920929,0.0,47.48987317085266,30.998951196670532
stim_56_harmonic.wav,45.0,49.999998807907104,41.778361201286316,33.156023025512695
stim_56_harmonic.wav,10.000000074505806,60.0,21.390889137983322,29.52673316001892
stim_56_harmonic.wav,35.00000059604645,20.000000596046448,52.72406458854675,37.95010328292847
stim_56_harmonic.wav,30.00000089406967,20.000000596046448,53.053600788116455,24.88117754459381
stim_56_harmonic.wav,20.000000149011612,10.000000298023224,37.319078743457794,35.2222466468811
stim_56_harmonic.wav,64.9999988079071,0.0,64.92444634437561,20.364466309547424
stim_56_harmonic.wav,70.0000011920929,60.0,61.98286771774292,33.37769150733948
stim_56_harmonic.wav,74.99999821186066,20.000000596046448,41.03384971618652,28.781381249427795
stim_56_harmonic.wav,10.000000074505806,60.0,26.870225071907043,28.00795018672943
stim_56_harmonic.wav,40.000000298023224,20.000000596046448,54.88711595535278,25.82798480987549
stim_56_harmonic.wav,64.9999988079071,0.0,48.9909553527832,29.794821739196777
stim_56_harmonic.wav,50.00000238418579,10.000000298023224,57.99431562423706,18.55620503425598
stim_56_harmonic.wav,74.99999821186066,20.000000596046448,65.06853461265564,18.717856407165527
stim_56_harmonic.wav,60.00000178813934,10.000000298023224,57.95239269733429,30.28411030769348
stim_56_harmonic.wav,40.000000298023224,40.000001192092896,28.474800288677216,35.909528732299805
stim_56_harmonic.wav,15.000000447034836,10.000000298023224,14.4357830286026,25.65518081188202
stim_56_harmonic.wav,20.000000149011612,30.0,32.425267696380615,28.612672090530396
stim_56_harmonic.wav,54.99999940395355,40.000001192092896,49.67020869255066,32.37946629524231
stim_56_harmonic.wav,70.0000011920929,60.0,36.84459328651428,31.00488781929016
stim_56_harmonic.wav,15.000000447034836,0.0,23.39455157518387,19.334274530410767
stim_56_harmonic.wav,10.000000074505806,10.000000298023224,24.390828609466553,35.22909164428711
stim_56_harmonic.wav,45.0,49.999998807907104,46.38560771942139,32.74058818817139
stim_56_harmonic.wav,40.000000298023224,30.0,49.565479159355164,36.60435676574707
stim_56_harmonic.wav,20.000000149011612,60.0,37.86958873271942,26.136204600334167
stim_56_harmonic.wav,84.99999761581421,40.000001192092896,48.479812145233154,28.119125962257385
stim_56_harmonic.wav,30.00000089406967,40.000001192092896,34.09954011440277,23.376095294952393
stim_56_harmonic.wav,74.99999821186066,0.0,61.65098190307617,22.605770230293274
stim_56_harmonic.wav,74.99999821186066,30.0,59.979981780052185,29.691383242607117
stim_56_harmonic.wav,20.000000149011612,30.0,32.06316143274307,25.59876322746277
stim_56_harmonic.wav,0.0,40.000001192092896,9.344309270381927,26.77865445613861
stim_56_harmonic.wav,35.00000059604645,49.999998807907104,34.757362604141235,27.883243560791016
stim_56_harmonic.wav,84.99999761581421,40.000001192092896,63.338778018951416,30.946526527404785
stim_56_harmonic.wav,35.00000059604645,49.999998807907104,44.14444774389267,31.665608882904053
stim_102_harmonic.wav,15.000000447034836,10.000000298023224,39.7473281621933,27.13890016078949
stim_102_harmonic.wav,35.00000059604645,30.0,41.90277546644211,28.315919637680054
stim_102_harmonic.wav,35.00000059604645,40.000001192092896,42.02154368162155,28.311815857887268
stim_102_harmonic.wav,25.000001192092896,20.000000596046448,41.744640469551086,28.32654297351837
stim_102_harmonic.wav,64.9999988079071,49.999998807907104,41.973280012607574,28.340134620666504
stim_102_harmonic.wav,40.000000298023224,30.0,41.719175577163696,28.505830764770508
stim_102_harmonic.wav,40.000000298023224,40.000001192092896,41.45370662212372,28.348061442375183
stim_102_harmonic.wav,84.99999761581421,20.000000596046448,40.861029624938965,28.51164400577545
stim_102_harmonic.wav,10.000000074505806,20.000000596046448,40.34656584262848,28.64008069038391
stim_102_harmonic.wav,15.000000447034836,40.000001192092896,41.34749382734299,28.437373638153076
stim_102_harmonic.wav,90.0,20.000000596046448,41.87481611967087,28.316885232925415
stim_102_harmonic.wav,54.99999940395355,20.000000596046448,36.210714876651764,29.589620232582092
stim_102_harmonic.wav,35.00000059604645,49.999998807907104,41.83625400066376,28.31821918487549
stim_102_harmonic.wav,0.0,10.000000298023224,45.04661679267883,29.267334938049316
stim_102_harmonic.wav,5.000000037252903,49.999998807907104,41.30231738090515,28.43620240688324
stim_102_harmonic.wav,45.0,49.999998807907104,42.15149134397507,28.37070107460022
stim_102_harmonic.wav,64.9999988079071,30.0,41.99438899755478,28.31275463104248
stim_102_harmonic.wav,45.0,10.000000298023224,41.068047881126404,28.383121490478516
stim_102_harmonic.wav,10.000000074505806,0.0,41.340573728084564,28.3490788936615
stim_102_harmonic.wav,5.000000037252903,40.000001192092896,41.66269898414612,28.3310329914093
stim_102_harmonic.wav,54.99999940395355,60.0,41.24846130609512,28.3537495136261
stim_102_harmonic.wav,50.00000238418579,0.0,40.71548491716385,28.37458312511444
stim_102_harmonic.wav,0.0,60.0,45.686795711517334,29.504658579826355
stim_102_harmonic.wav,5.000000037252903,10.000000298023224,41.41963988542557,28.343008160591125
stim_102_harmonic.wav,40.000000298023224,0.0,43.46511125564575,29.382192492485046
stim_102_harmonic.wav,54.99999940395355,40.000001192092896,41.67264461517334,28.368943333625793
stim_102_harmonic.wav,5.000000037252903,20.000000596046448,39.88446682691574,28.47285568714142
stim_102_harmonic.wav,20.000000149011612,30.0,38.77480208873749,27.045806050300598
stim_102_harmonic.wav,45.0,20.000000596046448,46.72411859035492,31.21469020843506
stim_102_harmonic.wav,54.99999940395355,49.999998807907104,41.62597417831421,28.331161737442017
stim_102_harmonic.wav,80.00000059604645,10.000000298023224,41.56720161437988,28.33530843257904
stim_102_harmonic.wav,50.00000238418579,60.0,41.79682821035385,28.320806622505188
stim_102_harmonic.wav,60.00000178813934,60.0,41.92531406879425,28.122621774673462
stim_102_harmonic.wav,60.00000178813934,10.000000298023224,41.9135257601738,28.315547704696655
stim_102_harmonic.wav,0.0,0.0,41.09419137239456,28.36921513080597
stim_102_harmonic.wav,10.000000074505806,10.000000298023224,38.53362858295441,28.69388222694397
stim_102_harmonic.wav,20.000000149011612,10.000000298023224,41.59790217876434,28.333346843719482
stim_102_harmonic.wav,54.99999940395355,0.0,41.8972983956337,28.31610918045044
stim_102_harmonic.wav,70.0000011920929,49.999998807907104,41.25421196222305,28.3502197265625
stim_102_harmonic.wav,60.00000178813934,10.000000298023224,41.484345495700836,28.34075152873993
stim_102_harmonic.wav,45.0,30.0,44.33739244937897,29.541483521461487
stim_102_harmonic.wav,0.0,30.0,41.63593590259552,28.33403170108795
stim_102_harmonic.wav,5.000000037252903,40.000001192092896,40.95322251319885,28.398706912994385
stim_102_harmonic.wav,70.0000011920929,0.0,41.14931881427765,28.355387449264526
stim_102_harmonic.wav,90.0,10.000000298023224,41.85572415590286,28.32137167453766
stim_102_harmonic.wav,60.00000178813934,49.999998807907104,41.701451539993286,28.3304625749588
stim_102_harmonic.wav,54.99999940395355,30.0,42.02154368162155,28.311815857887268
stim_102_harmonic.wav,5.000000037252903,49.999998807907104,48.47316026687622,33.16256046295166
stim_102_harmonic.wav,0.0,40.000001192092896,41.97128176689148,28.313552141189575
stim_102_harmonic.wav,60.00000178813934,0.0,41.58994674682617,28.336299061775208
stim_102_harmonic.wav,84.99999761581421,40.000001192092896,48.21997046470642,27.014644145965576
stim_102_harmonic.wav,40.000000298023224,20.000000596046448,41.76928997039795,28.326351642608643
stim_102_harmonic.wav,45.0,10.000000298023224,42.01985388994217,28.311874866485596
stim_102_harmonic.wav,35.00000059604645,10.000000298023224,42.02154368162155,28.311815857887268
stim_102_harmonic.wav,40.000000298023224,10.000000298023224,41.777642369270325,28.32405924797058
stim_102_harmonic.wav,70.0000011920929,60.0,41.86972796916962,28.317062258720398
stim_102_harmonic.wav,90.0,10.000000298023224,45.60503125190735,28.404847383499146
stim_102_harmonic.wav,35.00000059604645,49.999998807907104,41.32093459367752,28.357958793640137
stim_102_harmonic.wav,0.0,60.0,47.30364739894867,30.09230375289917
stim_102_harmonic.wav,84.99999761581421,49.999998807907104,40.25220304727554,28.300001621246338
stim_102_harmonic.wav,74.99999821186066,10.000000298023224,41.59155875444412,28.33467185497284
stim_102_harmonic.wav,60.00000178813934,60.0,41.73662602901459,28.30325961112976
stim_102_harmonic.wav,35.00000059604645,40.000001192092896,41.83113366365433,28.31839621067047
stim_102_harmonic.wav,54.99999940395355,20.000000596046448,43.51240664720535,27.175952196121216
stim_102_harmonic.wav,10.000000074505806,0.0,36.946761310100555,28.220261335372925
stim_102_harmonic.wav,20.000000149011612,0.0,40.616857409477234,28.33984136581421
stim_102_harmonic.wav,90.0,40.000001192092896,42.02154368162155,28.311815857887268
stim_102_harmonic.wav,64.9999988079071,40.000001192092896,41.759540140628815,28.32273244857788
stim_102_harmonic.wav,50.00000238418579,0.0,41.19211882352829,28.475475311279297
stim_102_harmonic.wav,50.00000238418579,20.000000596046448,34.54902470111847,30.682625770568848
stim_102_harmonic.wav,54.99999940395355,49.999998807907104,41.36504888534546,28.34509313106537
stim_102_harmonic.wav,10.000000074505806,0.0,36.77291929721832,29.351284503936768
stim_102_harmonic.wav,45.0,10.000000298023224,41.46170228719711,28.33838939666748
stim_102_harmonic.wav,80.00000059604645,40.000001192092896,41.251012086868286,28.357874751091003
stim_102_harmonic.wav,54.99999940395355,49.999998807907104,49.502785205841064,33.17330002784729
stim_102_harmonic.wav,20.000000149011612,60.0,41.92825376987457,28.348544239997864
stim_102_harmonic.wav,50.00000238418579,0.0,41.8281027674675,28.31963360309601
stim_102_harmonic.wav,40.000000298023224,10.000000298023224,43.15670549869537,29.053205251693726
stim_102_harmonic.wav,54.99999940395355,60.0,41.74986004829407,28.32473337650299
stim_102_harmonic.wav,25.000001192092896,10.000000298023224,41.20714724063873,28.35339367389679
stim_102_harmonic.wav,5.000000037252903,10.000000298023224,41.673907935619354,28.33036780357361
stim_102_harmonic.wav,84.99999761581421,10.000000298023224,42.713003754615784,27.84751296043396
stim_102_harmonic.wav,30.00000089406967,40.000001192092896,41.18209272623062,28.370895981788635
stim_102_harmonic.wav,64.9999988079071,20.000000596046448,41.43339961767197,28.342110514640808
stim_102_harmonic.wav,84.99999761581421,60.0,41.18870168924332,28.103939294815063
stim_102_harmonic.wav,15.000000447034836,60.0,41.86650663614273,28.31717312335968
stim_102_harmonic.wav,15.000000447034836,10.000000298023224,41.64679616689682,28.40520143508911
stim_102_harmonic.wav,60.00000178813934,49.999998807907104,45.277007818222046,30.84925889968872
stim_102_harmonic.wav,30.00000089406967,40.000001192092896,41.750012934207916,28.322612643241882
stim_102_harmonic.wav,74.99999821186066,0.0,41.89210295677185,28.316654562950134
stim_102_harmonic.wav,10.000000074505806,10.000000298023224,41.802093386650085,28.321732878684998
stim_102_harmonic.wav,90.0,60.0,41.29210889339447,28.350024819374084
stim_102_harmonic.wav,20.000000149011612,20.000000596046448,41.21319830417633,28.355353474617004
stim_102_harmonic.wav,50.00000238418579,60.0,42.790648341178894,27.16468334197998
stim_102_harmonic.wav,35.00000059604645,0.0,41.4884090423584,28.30851674079895
stim_102_harmonic.wav,50.00000238418579,30.0,41.01724147796631,28.39273452758789
stim_102_harmonic.wav,60.00000178813934,40.000001192092896,41.730937063694,28.324676156044006
stim_102_harmonic.wav,54.99999940395355,40.000001192092896,41.797893047332764,28.32379639148712
stim_102_harmonic.wav,30.00000089406967,10.000000298023224,38.679623901844025,26.063949465751648
stim_102_harmonic.wav,35.00000059604645,60.0,46.701239347457886,31.73816442489624
stim_102_harmonic.wav,60.00000178813934,0.0,40.83508998155594,28.424665331840515
stim_102_harmonic.wav,84.99999761581421,0.0,42.20169961452484,28.471684455871582
stim_102_harmonic.wav,60.00000178813934,20.000000596046448,42.04785346984863,28.625594973564148
stim_102_harmonic.wav,20.000000149011612,10.000000298023224,41.38444393873215,28.440009355545044
stim_102_harmonic.wav,5.000000037252903,10.000000298023224,41.60779416561127,28.35416078567505
stim_102_harmonic.wav,64.9999988079071,30.0,46.74026012420654,26.016247272491455
stim_102_harmonic.wav,84.99999761581421,49.999998807907104,41.50946170091629,28.495922684669495
stim_102_harmonic.wav,25.000001192092896,30.0,41.92122370004654,28.4130996465683
stim_102_harmonic.wav,50.00000238418579,0.0,41.5186482667923,28.338299989700317
stim_102_harmonic.wav,40.000000298023224,30.0,41.40137404203415,28.339297771453857
stim_102_harmonic.wav,54.99999940395355,10.000000298023224,41.118173003196716,28.36081624031067
stim_102_harmonic.wav,40.000000298023224,10.000000298023224,41.784216463565826,28.322378396987915
stim_102_harmonic.wav,45.0,49.999998807907104,45.6204217672348,30.619425773620605
stim_102_harmonic.wav,15.000000447034836,60.0,41.61038786172867,28.33179473876953
stim_102_harmonic.wav,74.99999821186066,10.000000298023224,41.919960379600525,28.31532597541809
stim_102_harmonic.wav,40.000000298023224,60.0,41.82326138019562,28.318668007850647
stim_102_harmonic.wav,60.00000178813934,49.999998807907104,41.51428699493408,28.578171730041504
stim_102_harmonic.wav,70.0000011920929,30.0,43.95311772823334,27.65433669090271
stim_102_harmonic.wav,50.00000238418579,0.0,33.886312544345856,30.831749439239502
stim_102_harmonic.wav,50.00000238418579,60.0,41.85335844755173,30.94669818878174
stim_102_harmonic.wav,74.99999821186066,20.000000596046448,41.73087537288666,28.328692317008972
stim_102_harmonic.wav,74.99999821186066,60.0,42.20307558774948,28.610005974769592
stim_102_harmonic.wav,70.0000011920929,20.000000596046448,41.96660131216049,28.313714861869812
stim_102_harmonic.wav,0.0,60.0,42.487725019454956,28.349291682243347
stim_98_harmonic.wav,84.99999761581421,20.000000596046448,41.85797184705734,28.16608428955078
stim_98_harmonic.wav,20.000000149011612,49.999998807907104,30.48116236925125,29.698382019996643
stim_98_harmonic.wav,35.00000059604645,49.999998807907104,40.32895714044571,29.181795716285706
stim_98_harmonic.wav,74.99999821186066,40.000001192092896,41.85359984636307,28.50548028945923
stim_98_harmonic.wav,5.000000037252903,49.999998807907104,40.47433018684387,28.817875385284424
stim_98_harmonic.wav,60.00000178813934,30.0,44.30991321802139,29.756795167922974
stim_98_harmonic.wav,90.0,10.000000298023224,40.99353611469269,29.02330756187439
stim_98_harmonic.wav,40.000000298023224,0.0,41.344165205955505,28.53619873523712
stim_98_harmonic.wav,0.0,30.0,41.334680914878845,28.429269790649414
stim_98_harmonic.wav,0.0,49.999998807907104,40.27397185564041,28.457931876182556
stim_98_harmonic.wav,80.00000059604645,40.000001192092896,42.063139379024506,28.14342498779297
stim_98_harmonic.wav,60.00000178813934,40.000001192092896,47.91207432746887,27.703349590301514
stim_98_harmonic.wav,80.00000059604645,49.999998807907104,40.846199691295624,28.557894229888916
stim_98_harmonic.wav,45.0,49.999998807907104,44.0180566906929,30.66209077835083
stim_98_harmonic.wav,40.000000298023224,40.000001192092896,41.15796089172363,28.488439321517944
stim_98_harmonic.wav,50.00000238418579,40.000001192092896,41.16731375455856,28.378182649612427
stim_98_harmonic.wav,70.0000011920929,40.000001192092896,41.17709845304489,28.491218090057373
stim_98_harmonic.wav,10.000000074505806,10.000000298023224,41.2535360455513,28.415358066558838
stim_98_harmonic.wav,5.000000037252903,20.000000596046448,40.3643274307251,28.510188460350037
stim_98_harmonic.wav,30.00000089406967,49.999998807907104,41.21154606342316,28.388360738754272
stim_98_harmonic.wav,50.00000238418579,60.0,41.45649343729019,28.536243438720703
stim_98_harmonic.wav,54.99999940395355,10.000000298023224,41.00849747657776,28.503048419952393
stim_98_harmonic.wav,25.000001192092896,10.000000298023224,43.64970088005066,27.33434021472931
stim_98_harmonic.wav,25.000001192092896,49.999998807907104,38.77045154571533,28.790168166160583
stim_98_harmonic.wav,54.99999940395355,30.0,41.24063193798065,28.45462918281555
stim_98_harmonic.wav,40.000000298023224,30.0,41.31175607442856,28.35060954093933
stim_98_harmonic.wav,30.00000089406967,40.000001192092896,40.53777515888214,28.91582429409027
stim_98_harmonic.wav,84.99999761581421,0.0,41.1505526304245,28.376262187957764
stim_98_harmonic.wav,84.99999761581421,60.0,40.869164764881134,28.400149941444397
stim_98_harmonic.wav,64.9999988079071,40.000001192092896,41.12200051546097,28.415806889533997
stim_98_harmonic.wav,70.0000011920929,60.0,40.12874633073807,25.81095278263092
stim_98_harmonic.wav,25.000001192092896,30.0,40.84110617637634,28.400720357894897
stim_98_harmonic.wav,40.000000298023224,30.0,41.21887117624283,28.502261638641357
stim_98_harmonic.wav,70.0000011920929,20.000000596046448,41.35043889284134,28.364510536193848
stim_98_harmonic.wav,80.00000059604645,10.000000298023224,41.56502366065979,28.20488154888153
stim_98_harmonic.wav,64.9999988079071,20.000000596046448,41.64031058549881,28.49578320980072
stim_98_harmonic.wav,25.000001192092896,49.999998807907104,40.83273231983185,28.414950370788574
stim_98_harmonic.wav,15.000000447034836,40.000001192092896,31.147119998931885,32.02226758003235
stim_98_harmonic.wav,10.000000074505806,49.999998807907104,41.24389350414276,28.352120518684387
stim_98_harmonic.wav,80.00000059604645,20.000000596046448,40.598586201667786,28.466472029685974
stim_98_harmonic.wav,0.0,40.000001192092896,41.11044555902481,28.620269894599915
stim_98_harmonic.wav,64.9999988079071,20.000000596046448,41.112103164196014,28.384244441986084
stim_98_harmonic.wav,40.000000298023224,30.0,41.183356046676636,28.366504311561584
stim_98_harmonic.wav,20.000000149011612,10.000000298023224,37.22353309392929,29.003251791000366
stim_98_harmonic.wav,15.000000447034836,30.0,40.98272144794464,28.377261757850647
stim_98_harmonic.wav,35.00000059604645,10.000000298023224,45.44266641139984,32.942694425582886
stim_98_harmonic.wav,70.0000011920929,20.000000596046448,40.938207507133484,28.193376660346985
stim_98_harmonic.wav,64.9999988079071,0.0,41.22948199510574,28.384687900543213
stim_98_harmonic.wav,40.000000298023224,40.000001192092896,41.567247211933136,28.62185776233673
stim_98_harmonic.wav,5.000000037252903,20.000000596046448,41.17894917726517,28.3660626411438
stim_98_harmonic.wav,25.000001192092896,20.000000596046448,40.926322638988495,28.404166102409363
stim_98_harmonic.wav,35.00000059604645,10.000000298023224,40.15435606241226,28.768545985221863
stim_98_harmonic.wav,5.000000037252903,40.000001192092896,41.339181661605835,29.81784760951996
stim_98_harmonic.wav,40.000000298023224,0.0,45.16307294368744,29.96055543422699
stim_98_harmonic.wav,45.0,10.000000298023224,44.779755771160126,24.9612557888031
stim_98_harmonic.wav,60.00000178813934,30.0,40.563516318798065,26.193882822990417
stim_98_harmonic.wav,64.9999988079071,40.000001192092896,43.223194777965546,26.91044569015503
stim_98_harmonic.wav,20.000000149011612,60.0,40.844582319259644,28.502079248428345
stim_98_harmonic.wav,25.000001192092896,49.999998807907104,38.96275520324707,28.923220038414
stim_98_harmonic.wav,60.00000178813934,30.0,41.067270040512085,28.39996039867401
stim_98_harmonic.wav,90.0,10.000000298023224,37.11205780506134,29.842970967292786
stim_98_harmonic.wav,54.99999940395355,40.000001192092896,41.187116503715515,28.39469611644745
stim_98_harmonic.wav,45.0,49.999998807907104,40.84587246179581,28.52347433567047
stim_98_harmonic.wav,10.000000074505806,49.999998807907104,41.37858599424362,28.364959359169006
stim_98_harmonic.wav,15.000000447034836,60.0,35.070006251335144,28.599538207054138
stim_98_harmonic.wav,70.0000011920929,10.000000298023224,40.82158237695694,28.37790012359619
stim_98_harmonic.wav,84.99999761581421,49.999998807907104,38.26060652732849,29.464502334594727
stim_98_harmonic.wav,74.99999821186066,60.0,40.91342389583588,28.388493061065674
stim_98_harmonic.wav,60.00000178813934,30.0,41.99969440698624,28.461905121803284
stim_98_harmonic.wav,50.00000238418579,49.999998807907104,41.40762358903885,28.490096926689148
stim_98_harmonic.wav,60.00000178813934,49.999998807907104,41.09511137008667,28.393102884292603
stim_98_harmonic.wav,80.00000059604645,20.000000596046448,40.45827716588974,28.46703350543976
stim_98_harmonic.wav,64.9999988079071,0.0,41.1175212264061,28.534512519836426
stim_98_harmonic.wav,5.000000037252903,10.000000298023224,42.894229888916016,31.208821535110474
stim_98_harmonic.wav,50.00000238418579,40.000001192092896,50.781185030937195,33.26051473617554
stim_98_harmonic.wav,15.000000447034836,30.0,33.708688616752625,29.95999574661255
stim_98_harmonic.wav,80.00000059604645,0.0,41.18892967700958,28.40630292892456
stim_98_harmonic.wav,70.0000011920929,30.0,44.08334702253342,26.817471385002136
stim_98_harmonic.wav,35.00000059604645,60.0,39.503413438797,28.480094075202942
stim_98_harmonic.wav,0.0,40.000001192092896,35.44255971908569,28.150867223739624
stim_98_harmonic.wav,10.000000074505806,30.0,29.681915044784546,33.910378217697144
stim_98_harmonic.wav,80.00000059604645,30.0,41.13648444414139,28.376516103744507
stim_98_harmonic.wav,0.0,49.999998807907104,41.67294770479202,28.324769139289856
stim_98_harmonic.wav,80.00000059604645,49.999998807907104,38.18977743387222,28.61052095890045
stim_98_harmonic.wav,45.0,20.000000596046448,40.85534334182739,28.42626929283142
stim_98_harmonic.wav,40.000000298023224,40.000001192092896,43.30951362848282,27.77464270591736
stim_98_harmonic.wav,20.000000149011612,60.0,41.40317112207413,28.34640920162201
stim_98_harmonic.wav,20.000000149011612,60.0,40.53274601697922,28.386383056640625
stim_98_harmonic.wav,40.000000298023224,30.0,44.780171513557434,31.518949270248413
stim_98_harmonic.wav,64.9999988079071,0.0,41.37745410203934,28.51958692073822
stim_98_harmonic.wav,74.99999821186066,30.0,40.82810550928116,28.39528799057007
stim_98_harmonic.wav,35.00000059604645,49.999998807907104,42.027066349983215,27.737295627593994
stim_98_harmonic.wav,20.000000149011612,10.000000298023224,37.03911781311035,30.754390954971313
stim_98_harmonic.wav,0.0,60.0,40.51665812730789,25.028940439224243
stim_98_harmonic.wav,30.00000089406967,40.000001192092896,41.2574627995491,28.425943851470947
stim_98_harmonic.wav,84.99999761581421,10.000000298023224,41.060773730278015,28.359915018081665
stim_98_harmonic.wav,60.00000178813934,30.0,41.18445038795471,28.37791085243225
stim_98_harmonic.wav,40.000000298023224,40.000001192092896,40.76031267642975,24.31065559387207
stim_98_harmonic.wav,70.0000011920929,49.999998807907104,41.100459694862366,28.509271144866943
stim_98_harmonic.wav,60.00000178813934,30.0,41.39676332473755,28.34398627281189
stim_98_harmonic.wav,5.000000037252903,20.000000596046448,41.19943588972092,28.376580476760864
stim_98_harmonic.wav,0.0,0.0,41.76383703947067,29.143404364585876
stim_98_harmonic.wav,0.0,30.0,42.33226150274277,28.513180017471313
stim_98_harmonic.wav,64.9999988079071,0.0,42.403763830661774,28.55762243270874
stim_98_harmonic.wav,5.000000037252903,49.999998807907104,41.02050840854645,28.39805781841278
stim_98_harmonic.wav,60.00000178813934,60.0,38.84033113718033,29.801389575004578
stim_98_harmonic.wav,5.000000037252903,30.0,41.1760550737381,28.38534414768219
stim_98_harmonic.wav,30.00000089406967,60.0,40.9732586145401,28.476077914237976
stim_98_harmonic.wav,64.9999988079071,40.000001192092896,41.2162908911705,28.42733323574066
stim_98_harmonic.wav,80.00000059604645,20.000000596046448,46.97846710681915,31.277475357055664
stim_98_harmonic.wav,50.00000238418579,0.0,42.527984976768494,28.555641174316406
stim_98_harmonic.wav,84.99999761581421,49.999998807907104,41.176393032073975,28.362813591957092
stim_98_harmonic.wav,40.000000298023224,60.0,40.851193964481354,28.482633233070374
stim_98_harmonic.wav,20.000000149011612,10.000000298023224,38.74771177768707,29.878483414649963
stim_98_harmonic.wav,20.000000149011612,20.000000596046448,41.55134975910187,28.533223271369934
stim_98_harmonic.wav,45.0,40.000001192092896,44.41154211759567,26.11770272254944
stim_98_harmonic.wav,90.0,30.0,46.04162514209747,29.07934069633484
stim_98_harmonic.wav,80.00000059604645,10.000000298023224,43.34583342075348,28.317532539367676
stim_98_harmonic.wav,30.00000089406967,10.000000298023224,40.64387798309326,28.423814177513123
stim_98_harmonic.wav,60.00000178813934,30.0,42.32590198516846,28.616985082626343
stim_98_harmonic.wav,45.0,20.000000596046448,41.86098128557205,28.31736445426941
stim_98_harmonic.wav,30.00000089406967,60.0,41.703380048274994,28.284929394721985
stim_98_harmonic.wav,0.0,0.0,38.51361662149429,26.470624208450317
stim_98_harmonic.wav,20.000000149011612,30.0,38.29353600740433,28.557897806167603
stim_98_harmonic.wav,40.000000298023224,49.999998807907104,41.24285012483597,28.468315601348877
stim_98_harmonic.wav,70.0000011920929,10.000000298023224,41.14894598722458,28.358452320098877
stim_98_harmonic.wav,35.00000059604645,40.000001192092896,41.148811876773834,28.398696184158325
stim_98_harmonic.wav,80.00000059604645,20.000000596046448,47.62167155742645,30.805606842041016
stim_98_harmonic.wav,90.0,0.0,41.33574038743973,28.450838327407837
stim_98_harmonic.wav,20.000000149011612,10.000000298023224,41.770663261413574,28.441359400749207
stim_98_harmonic.wav,54.99999940395355,20.000000596046448,42.26432114839554,28.93554389476776
stim_98_harmonic.wav,0.0,60.0,41.345914006233215,28.421722054481506
stim_98_harmonic.wav,30.00000089406967,20.000000596046448,42.09581941366196,30.415241718292236
stim_98_harmonic.wav,80.00000059604645,40.000001192092896,41.16227924823761,28.43190908432007
stim_98_harmonic.wav,60.00000178813934,49.999998807907104,41.52726083993912,28.34178864955902
stim_70_harmonic.wav,50.00000238418579,20.000000596046448,49.005916714668274,27.202967405319214
stim_70_harmonic.wav,10.000000074505806,40.000001192092896,14.647833108901978,26.99432373046875
stim_70_harmonic.wav,10.000000074505806,60.0,20.480209439992905,38.77002239227295
stim_70_harmonic.wav,15.000000447034836,60.0,16.614275872707367,28.84385347366333
stim_70_harmonic.wav,84.99999761581421,30.0,51.3370943069458,29.92321014404297
stim_70_harmonic.wav,84.99999761581421,60.0,53.51421117782593,29.31333303451538
stim_70_harmonic.wav,60.00000178813934,10.000000298023224,60.80613970756531,26.01378321647644
stim_70_harmonic.wav,90.0,30.0,37.94909745454788,28.53277087211609
stim_70_harmonic.wav,60.00000178813934,60.0,65.5762231349945,34.512516260147095
stim_70_harmonic.wav,50.00000238418579,40.000001192092896,53.96483302116394,36.34545922279358
stim_70_harmonic.wav,30.00000089406967,20.000000596046448,38.28482687473297,32.95095920562744
stim_70_harmonic.wav,10.000000074505806,0.0,22.47750163078308,28.677492141723633
stim_70_harmonic.wav,30.00000089406967,30.0,43.07546943426132,32.32499957084656
stim_70_harmonic.wav,25.000001192092896,60.0,41.551419496536255,28.55980396270752
stim_70_harmonic.wav,80.00000059604645,60.0,69.8591423034668,38.009419441223145
stim_70_harmonic.wav,84.99999761581421,0.0,73.6248242855072,15.695414543151855
stim_70_harmonic.wav,50.00000238418579,49.999998807907104,46.40771448612213,44.144718647003174
stim_70_harmonic.wav,35.00000059604645,10.000000298023224,40.66230207681656,28.943921327590942
stim_70_harmonic.wav,30.00000089406967,0.0,42.65597462654114,28.549702763557434
stim_70_harmonic.wav,50.00000238418579,10.000000298023224,45.648815631866455,30.21286368370056
stim_70_harmonic.wav,70.0000011920929,10.000000298023224,65.30712246894836,21.787151098251343
stim_70_harmonic.wav,40.000000298023224,60.0,48.38576316833496,31.063345670700073
stim_70_harmonic.wav,84.99999761581421,49.999998807907104,63.86529564857483,34.69161629676819
stim_70_harmonic.wav,0.0,30.0,28.030055165290833,29.519673585891724
stim_70_harmonic.wav,20.000000149011612,60.0,46.68648719787598,26.39266848564148
stim_70_harmonic.wav,60.00000178813934,0.0,44.688641130924225,32.344300746917725
stim_70_harmonic.wav,45.0,20.000000596046448,45.23200035095215,30.435619354248047
stim_70_harmonic.wav,0.0,20.000000596046448,33.230987191200256,28.795425295829773
stim_70_harmonic.wav,40.000000298023224,40.000001192092896,41.33200138807297,32.78934717178345
stim_70_harmonic.wav,35.00000059604645,0.0,39.79364722967148,29.267422556877136
stim_70_harmonic.wav,10.000000074505806,49.999998807907104,17.394085228443146,32.502615451812744
stim_70_harmonic.wav,15.000000447034836,10.000000298023224,21.462241262197495,31.079031229019165
stim_70_harmonic.wav,30.00000089406967,0.0,41.56407952308655,28.625457286834717
stim_70_harmonic.wav,80.00000059604645,0.0,40.359309017658234,28.300577402114868
stim_70_harmonic.wav,50.00000238418579,10.000000298023224,49.250083565711975,18.193947672843933
stim_70_harmonic.wav,5.000000037252903,60.0,33.89803647994995,32.12720274925232
stim_70_harmonic.wav,10.000000074505806,20.000000596046448,13.956120908260345,18.424564003944397
stim_70_harmonic.wav,70.0000011920929,60.0,49.453604221343994,31.673837900161743
stim_70_harmonic.wav,60.00000178813934,40.000001192092896,50.074573159217834,32.70009756088257
stim_70_harmonic.wav,74.99999821186066,20.000000596046448,52.64928996562958,25.683265328407288
stim_70_harmonic.wav,64.9999988079071,10.000000298023224,52.3429012298584,33.33768367767334
stim_70_harmonic.wav,25.000001192092896,30.0,31.05568617582321,28.784049153327942
stim_70_harmonic.wav,54.99999940395355,20.000000596046448,25.808861553668976,33.618271350860596
stim_70_harmonic.wav,60.00000178813934,10.000000298023224,40.376864075660706,28.96320104598999
stim_70_harmonic.wav,35.00000059604645,20.000000596046448,32.682958245277405,26.613664627075195
stim_70_harmonic.wav,70.0000011920929,10.000000298023224,44.0672966837883,29.166884422302246
stim_70_harmonic.wav,80.00000059604645,60.0,64.26649510860443,24.880630373954773
stim_70_harmonic.wav,25.000001192092896,10.000000298023224,33.58678221702576,29.76246178150177
stim_70_harmonic.wav,70.0000011920929,20.000000596046448,55.27679264545441,25.45812427997589
stim_70_harmonic.wav,40.000000298023224,60.0,46.90909445285797,38.90768766403198
stim_70_harmonic.wav,74.99999821186066,49.999998807907104,30.00592052936554,26.791146397590637
stim_70_harmonic.wav,64.9999988079071,60.0,40.02461493015289,28.00110697746277
stim_70_harmonic.wav,25.000001192092896,10.000000298023224,48.152722120285034,30.548590421676636
stim_70_harmonic.wav,84.99999761581421,30.0,72.02553033828735,32.93107509613037
stim_70_harmonic.wav,54.99999940395355,0.0,46.48863673210144,30.379865169525146
stim_70_harmonic.wav,45.0,10.000000298023224,49.807156920433044,18.966745734214783
stim_70_harmonic.wav,15.000000447034836,30.0,13.343338072299957,28.64106774330139
stim_70_harmonic.wav,40.000000298023224,49.999998807907104,42.01502054929733,33.059914112091064
stim_70_harmonic.wav,50.00000238418579,0.0,47.43189454078674,25.659159421920776
stim_70_harmonic.wav,64.9999988079071,20.000000596046448,40.46559423208237,29.40944015979767
stim_70_harmonic.wav,64.9999988079071,60.0,61.06420040130615,36.237605810165405
stim_70_harmonic.wav,45.0,40.000001192092896,46.52990520000458,29.22929584980011
stim_70_harmonic.wav,30.00000089406967,0.0,45.94935178756714,27.38352119922638
stim_70_harmonic.wav,50.00000238418579,0.0,33.666492104530334,28.997812271118164
stim_70_harmonic.wav,70.0000011920929,20.000000596046448,59.99103784561157,20.173553824424744
stim_70_harmonic.wav,20.000000149011612,0.0,26.694476008415222,28.63674759864807
stim_70_harmonic.wav,0.0,20.000000596046448,8.854773938655853,26.86038315296173
stim_70_harmonic.wav,10.000000074505806,60.0,26.853791177272797,37.041181325912476
stim_70_harmonic.wav,90.0,60.0,60.614710450172424,33.663843870162964
stim_70_harmonic.wav,25.000001192092896,40.000001192092896,43.248538970947266,25.963085889816284
stim_70_harmonic.wav,54.99999940395355,49.999998807907104,49.270564913749695,33.165786266326904
stim_70_harmonic.wav,80.00000059604645,20.000000596046448,73.15470814704895,17.59775161743164
stim_70_harmonic.wav,54.99999940395355,10.000000298023224,42.32204228639603,31.308234930038452
stim_70_harmonic.wav,5.000000037252903,40.000001192092896,33.514426946640015,28.896900415420532
stim_70_harmonic.wav,25.000001192092896,30.0,33.06864380836487,24.24697995185852
stim_70_harmonic.wav,74.99999821186066,20.000000596046448,58.18585753440857,32.40817308425903
stim_70_harmonic.wav,90.0,30.0,42.54331648349762,30.063360929489136
stim_70_harmonic.wav,5.000000037252903,0.0,33.22023153305054,27.885015606880188
stim_70_harmonic.wav,25.000001192092896,10.000000298023224,35.8180770277977,42.001633644104004
stim_70_harmonic.wav,20.000000149011612,20.000000596046448,37.06042528152466,28.89259099960327
stim_70_harmonic.wav,5.000000037252903,60.0,20.42154148221016,35.18137335777283
stim_70_harmonic.wav,90.0,30.0,74.5252525806427,12.4435955286026
stim_70_harmonic.wav,74.99999821186066,0.0,41.8514084815979,28.17028284072876
stim_70_harmonic.wav,50.00000238418579,40.000001192092896,44.133069813251495,27.882953882217407
stim_70_harmonic.wav,70.0000011920929,49.999998807907104,51.13239347934723,31.617000102996826
stim_70_harmonic.wav,64.9999988079071,0.0,40.86146682500839,27.03756809234619
stim_70_harmonic.wav,35.00000059604645,0.0,40.85726648569107,30.631502866744995
stim_70_harmonic.wav,15.000000447034836,60.0,23.757360577583313,38.389549255371094
stim_70_harmonic.wav,40.000000298023224,20.000000596046448,45.089033246040344,32.26846218109131
stim_70_harmonic.wav,84.99999761581421,49.999998807907104,47.21382558345795,29.597193002700806
stim_70_harmonic.wav,84.99999761581421,49.999998807907104,37.27617681026459,28.48555326461792
stim_70_harmonic.wav,70.0000011920929,60.0,65.25444388389587,28.445972800254822
stim_70_harmonic.wav,25.000001192092896,20.000000596046448,36.169331073760986,28.38258147239685
stim_70_harmonic.wav,30.00000089406967,30.0,41.60312443971634,33.278077840805054
stim_70_harmonic.wav,90.0,49.999998807907104,52.819411754608154,34.37339544296265
stim_70_harmonic.wav,64.9999988079071,30.0,42.95630693435669,29.682052731513977
stim_70_harmonic.wav,20.000000149011612,10.000000298023224,39.46812629699707,29.935848712921143
stim_70_harmonic.wav,5.000000037252903,30.0,11.015467643737793,23.291187286376953
stim_70_harmonic.wav,74.99999821186066,0.0,45.23953199386597,28.567911386489868
stim_70_harmonic.wav,5.000000037252903,10.000000298023224,25.318478643894196,27.26882815361023
stim_70_harmonic.wav,10.000000074505806,30.0,16.49687021970749,19.27253007888794
stim_70_harmonic.wav,80.00000059604645,30.0,70.94407439231873,36.74243688583374
stim_70_harmonic.wav,54.99999940395355,49.999998807907104,43.874671161174774,29.15927231311798
stim_70_harmonic.wav,10.000000074505806,10.000000298023224,15.65927803516388,27.54349708557129
stim_70_harmonic.wav,20.000000149011612,30.0,26.75733357667923,24.217692017555237
stim_70_harmonic.wav,25.000001192092896,49.999998807907104,40.94516783952713,28.13533902168274
stim_70_harmonic.wav,35.00000059604645,10.000000298023224,49.390159249305725,32.83109664916992
stim_70_harmonic.wav,35.00000059604645,30.0,41.836050152778625,35.48446297645569
stim_70_harmonic.wav,25.000001192092896,0.0,44.96910899877548,29.697225093841553
stim_70_harmonic.wav,5.000000037252903,49.999998807907104,15.499270856380463,31.497223377227783
stim_70_harmonic.wav,80.00000059604645,49.999998807907104,68.15056443214417,24.073230028152466
stim_70_harmonic.wav,80.00000059604645,60.0,65.0078684091568,28.354859948158264
stim_70_harmonic.wav,64.9999988079071,0.0,40.40253818035126,28.426135182380676
stim_70_harmonic.wav,0.0,10.000000298023224,20.612832605838776,31.304140090942383
stim_70_harmonic.wav,15.000000447034836,0.0,38.08640778064728,31.436662673950195
stim_70_harmonic.wav,60.00000178813934,0.0,62.47722029685974,32.5370979309082
stim_70_harmonic.wav,35.00000059604645,49.999998807907104,41.487381756305695,23.460626006126404
stim_70_harmonic.wav,90.0,30.0,72.98128724098206,17.303073406219482
stim_70_harmonic.wav,10.000000074505806,10.000000298023224,19.143636524677277,23.76916766166687
stim_70_harmonic.wav,54.99999940395355,49.999998807907104,43.37502121925354,42.66580581665039
stim_70_harmonic.wav,74.99999821186066,60.0,58.30909967422485,31.97733163833618
stim_70_harmonic.wav,5.000000037252903,40.000001192092896,35.44952005147934,31.62728190422058
stim_70_harmonic.wav,80.00000059604645,60.0,55.831650495529175,25.266013741493225
stim_70_harmonic.wav,45.0,30.0,41.688222885131836,28.57994556427002
stim_70_harmonic.wav,54.99999940395355,60.0,42.43996560573578,28.736661672592163
stim_70_harmonic.wav,54.99999940395355,60.0,53.482550382614136,30.75718402862549
stim_62_harmonic.wav,15.000000447034836,49.999998807907104,30.68603754043579,29.792826175689697
stim_62_harmonic.wav,10.000000074505806,60.0,26.48344784975052,31.15664005279541
stim_62_harmonic.wav,74.99999821186066,0.0,60.691346526145935,10.006336569786072
stim_62_harmonic.wav,50.00000238418579,0.0,49.96932864189148,32.95130968093872
stim_62_harmonic.wav,90.0,40.000001192092896,55.248366594314575,23.72343420982361
stim_62_harmonic.wav,50.00000238418579,0.0,40.339447259902954,27.999531626701355
stim_62_harmonic.wav,30.00000089406967,40.000001192092896,31.09192818403244,24.531705379486084
stim_62_harmonic.wav,60.00000178813934,60.0,52.11763858795166,34.830594062805176
stim_62_harmonic.wav,80.00000059604645,30.0,65.10721206665039,31.841400861740112
stim_62_harmonic.wav,90.0,30.0,62.11795449256897,12.828395962715149
stim_62_harmonic.wav,80.00000059604645,49.999998807907104,59.19311285018921,34.17795181274414
stim_62_harmonic.wav,25.000001192092896,40.000001192092896,28.302578330039978,37.807302474975586
stim_62_harmonic.wav,84.99999761581421,10.000000298023224,42.712829411029816,24.52420949935913
stim_62_harmonic.wav,84.99999761581421,49.999998807907104,71.28122806549072,35.82977771759033
stim_62_harmonic.wav,60.00000178813934,20.000000596046448,34.67847615480423,28.468857407569885
stim_62_harmonic.wav,35.00000059604645,20.000000596046448,35.38890480995178,29.623711109161377
stim_62_harmonic.wav,60.00000178813934,40.000001192092896,50.24176597595215,29.518970847129822
stim_62_harmonic.wav,54.99999940395355,30.0,42.643046379089355,30.78779697418213
stim_62_harmonic.wav,0.0,10.000000298023224,34.98701870441437,27.460463047027588
stim_62_harmonic.wav,20.000000149011612,60.0,27.389291524887085,36.13582134246826
stim_62_harmonic.wav,84.99999761581421,30.0,55.72137415409088,34.513843059539795
stim_62_harmonic.wav,64.9999988079071,20.000000596046448,53.95868003368378,32.91564345359802
stim_62_harmonic.wav,10.000000074505806,49.999998807907104,26.67414218187332,26.03497624397278
stim_62_harmonic.wav,84.99999761581421,49.999998807907104,52.3355895280838,33.658543825149536
stim_62_harmonic.wav,74.99999821186066,20.000000596046448,54.423131346702576,18.83695900440216
stim_62_harmonic.wav,30.00000089406967,20.000000596046448,41.82572364807129,21.910929679870605
stim_62_harmonic.wav,35.00000059604645,10.000000298023224,39.334155321121216,26.065821647644043
stim_62_harmonic.wav,60.00000178813934,30.0,36.18124544620514,25.509472489356995
stim_62_harmonic.wav,80.00000059604645,10.000000298023224,62.86147892475128,10.96137821674347
stim_62_harmonic.wav,60.00000178813934,30.0,53.39183807373047,26.83243453502655
stim_62_harmonic.wav,15.000000447034836,20.000000596046448,29.160726964473724,15.672345757484436
stim_62_harmonic.wav,64.9999988079071,40.000001192092896,44.65769648551941,29.950804710388184
stim_62_harmonic.wav,0.0,30.0,30.69552183151245,29.127777814865112
stim_62_harmonic.wav,35.00000059604645,49.999998807907104,39.80774760246277,27.99176573753357
stim_62_harmonic.wav,25.000001192092896,0.0,26.309895515441895,15.934445858001709
stim_62_harmonic.wav,5.000000037252903,60.0,54.67823624610901,29.48909103870392
stim_62_harmonic.wav,60.00000178813934,0.0,51.5438175201416,32.40363836288452
stim_62_harmonic.wav,45.0,30.0,40.82751274108887,27.34524965286255
stim_62_harmonic.wav,25.000001192092896,60.0,37.95144975185394,26.760554909706116
stim_62_harmonic.wav,80.00000059604645,60.0,46.82348370552063,30.368950366973877
stim_62_harmonic.wav,10.000000074505806,0.0,16.5260311961174,35.31266927719116
stim_62_harmonic.wav,0.0,0.0,31.744048297405243,27.870415449142456
stim_62_harmonic.wav,30.00000089406967,60.0,46.13311529159546,27.3974472284317
stim_62_harmonic.wav,80.00000059604645,10.000000298023224,60.854612588882446,14.741367101669312
stim_62_harmonic.wav,60.00000178813934,60.0,49.6304315328598,32.029677629470825
stim_62_harmonic.wav,54.99999940395355,49.999998807907104,44.611101150512695,32.31158137321472
stim_62_harmonic.wav,20.000000149011612,60.0,27.411060333251953,33.44830870628357
stim_62_harmonic.wav,15.000000447034836,49.999998807907104,36.55929744243622,25.092657208442688
stim_62_harmonic.wav,45.0,49.999998807907104,46.011847257614136,28.36499333381653
stim_62_harmonic.wav,84.99999761581421,10.000000298023224,37.49454617500305,24.505836367607117
stim_62_harmonic.wav,35.00000059604645,40.000001192092896,26.722360253334045,30.625412464141846
stim_62_harmonic.wav,54.99999940395355,30.0,46.108514070510864,31.33966326713562
stim_62_harmonic.wav,84.99999761581421,40.000001192092896,45.40404260158539,27.72566020488739
stim_62_harmonic.wav,45.0,20.000000596046448,36.11998647451401,21.316033601760864
stim_62_harmonic.wav,25.000001192092896,49.999998807907104,31.484818160533905,20.53198277950287
stim_62_harmonic.wav,40.000000298023224,60.0,45.05661070346832,33.653544187545776
stim_62_harmonic.wav,74.99999821186066,0.0,61.00303530693054,20.179799795150757
stim_62_harmonic.wav,50.00000238418579,10.000000298023224,58.88203024864197,34.027111530303955
stim_62_harmonic.wav,30.00000089406967,20.000000596046448,31.283016800880432,14.88698959350586
stim_62_harmonic.wav,84.99999761581421,10.000000298023224,61.89299762248993,16.84363603591919
stim_62_harmonic.wav,35.00000059604645,30.0,34.04181092977524,28.556479811668396
stim_62_harmonic.wav,10.000000074505806,20.000000596046448,41.43748998641968,29.872207045555115
stim_62_harmonic.wav,50.00000238418579,20.000000596046448,41.69315814971924,29.44344162940979
stim_62_harmonic.wav,5.000000037252903,49.999998807907104,23.12524974346161,28.80603790283203
stim_62_harmonic.wav,60.00000178813934,49.999998807907104,58.47280561923981,38.00025701522827
stim_62_harmonic.wav,74.99999821186066,30.0,26.908288300037384,28.06757926940918
stim_62_harmonic.wav,90.0,10.000000298023224,33.175304532051086,19.71826136112213
stim_62_harmonic.wav,60.00000178813934,49.999998807907104,63.592203855514526,34.67211842536926
stim_62_harmonic.wav,50.00000238418579,10.000000298023224,55.31536281108856,27.395485639572144
stim_62_harmonic.wav,80.00000059604645,30.0,52.51008331775665,34.8425817489624
stim_62_harmonic.wav,50.00000238418579,49.999998807907104,53.997893929481506,36.36433124542236
stim_62_harmonic.wav,60.00000178813934,40.000001192092896,41.72811537981033,27.10750937461853
stim_62_harmonic.wav,74.99999821186066,60.0,60.75121879577637,30.83290457725525
stim_62_harmonic.wav,80.00000059604645,60.0,61.723353266716,31.94106101989746
stim_62_harmonic.wav,80.00000059604645,49.999998807907104,61.905094385147095,30.50091862678528
stim_62_harmonic.wav,30.00000089406967,60.0,35.173834562301636,27.562960982322693
stim_62_harmonic.wav,30.00000089406967,60.0,34.47177708148956,28.652309775352478
stim_62_harmonic.wav,20.000000149011612,60.0,27.04038441181183,21.036876440048218
stim_62_harmonic.wav,74.99999821186066,30.0,47.56531298160553,31.46317720413208
stim_62_harmonic.wav,84.99999761581421,60.0,33.060385286808014,22.115421295166016
stim_62_harmonic.wav,30.00000089406967,30.0,34.98830884695053,22.3526930809021
stim_62_harmonic.wav,10.000000074505806,20.000000596046448,16.198801696300507,29.858368635177612
stim_62_harmonic.wav,10.000000074505806,60.0,21.29633456468582,24.40152883529663
stim_62_harmonic.wav,30.00000089406967,49.999998807907104,38.62874776124954,30.679335594177246
stim_62_harmonic.wav,45.0,60.0,48.83377254009247,31.551371812820435
stim_62_harmonic.wav,30.00000089406967,0.0,30.22386074066162,15.718054175376892
stim_62_harmonic.wav,15.000000447034836,60.0,28.5051092505455,29.796672463417053
stim_62_harmonic.wav,70.0000011920929,40.000001192092896,54.45605278015137,33.08480501174927
stim_62_harmonic.wav,30.00000089406967,0.0,51.22767090797424,31.711013317108154
stim_62_harmonic.wav,60.00000178813934,49.999998807907104,37.3183599114418,25.740861296653748
stim_62_harmonic.wav,80.00000059604645,49.999998807907104,56.86066389083862,23.383018970489502
stim_62_harmonic.wav,40.000000298023224,30.0,67.08468675613403,41.35839343070984
stim_62_harmonic.wav,74.99999821186066,30.0,69.86712455749512,38.75125765800476
stim_62_harmonic.wav,10.000000074505806,10.000000298023224,35.649518966674805,26.700748801231384
stim_62_harmonic.wav,10.000000074505806,60.0,29.162137806415558,36.62688732147217
stim_62_harmonic.wav,50.00000238418579,30.0,53.13978552818298,31.56182885169983
stim_62_harmonic.wav,74.99999821186066,0.0,41.84969186782837,25.427849292755127
stim_62_harmonic.wav,84.99999761581421,30.0,65.51038026809692,31.712629795074463
stim_62_harmonic.wav,10.000000074505806,40.000001192092896,24.650970697402954,19.612741470336914
stim_62_harmonic.wav,25.000001192092896,40.000001192092896,24.759195148944855,37.54060506820679
stim_62_harmonic.wav,25.000001192092896,60.0,46.128442883491516,28.2267826795578
stim_62_harmonic.wav,45.0,60.0,32.49477446079254,27.20581591129303
stim_62_harmonic.wav,40.000000298023224,10.000000298023224,40.44638693332672,28.149030804634094
stim_62_harmonic.wav,84.99999761581421,30.0,54.80822145938873,23.993715047836304
stim_62_harmonic.wav,64.9999988079071,40.000001192092896,37.80207484960556,29.112099409103394
stim_62_harmonic.wav,54.99999940395355,20.000000596046448,60.337783098220825,33.42049598693848
stim_62_harmonic.wav,50.00000238418579,0.0,48.665576577186584,27.948167324066162
stim_62_harmonic.wav,0.0,40.000001192092896,3.878219425678253,26.193811297416687
stim_62_harmonic.wav,30.00000089406967,0.0,37.44456321001053,29.412887692451477
stim_62_harmonic.wav,70.0000011920929,30.0,61.75955772399902,30.93759298324585
stim_62_harmonic.wav,30.00000089406967,40.000001192092896,28.401503562927246,28.435946702957153
stim_62_harmonic.wav,40.000000298023224,10.000000298023224,37.287721037864685,28.538448214530945
stim_62_harmonic.wav,80.00000059604645,20.000000596046448,51.58482849597931,22.82042384147644
stim_62_harmonic.wav,40.000000298023224,0.0,43.13841015100479,29.72716748714447
stim_62_harmonic.wav,10.000000074505806,10.000000298023224,29.543539881706238,28.15492808818817
stim_62_harmonic.wav,70.0000011920929,40.000001192092896,40.64796298742294,29.66083288192749
stim_62_harmonic.wav,5.000000037252903,0.0,12.236650586128235,27.12028741836548
stim_99_harmonic.wav,20.000000149011612,20.000000596046448,42.281785011291504,29.946295022964478
stim_99_harmonic.wav,80.00000059604645,0.0,49.03280854225159,30.120023488998413
stim_99_harmonic.wav,45.0,49.999998807907104,42.72198647260666,28.920629024505615
stim_99_harmonic.wav,40.000000298023224,20.000000596046448,41.619322299957275,28.547750115394592
stim_99_harmonic.wav,64.9999988079071,30.0,41.314457058906555,28.34884822368622
stim_99_harmonic.wav,74.99999821186066,0.0,40.87348312139511,28.474960327148438
stim_99_harmonic.wav,90.0,10.000000298023224,41.286897361278534,28.359235525131226
stim_99_harmonic.wav,35.00000059604645,60.0,41.5374881029129,28.406996726989746
stim_99_harmonic.wav,54.99999940395355,49.999998807907104,49.94231879711151,30.76541304588318
stim_99_harmonic.wav,20.000000149011612,0.0,41.84819519519806,28.43150496482849
stim_99_harmonic.wav,40.000000298023224,30.0,41.83592677116394,28.428128957748413
stim_99_harmonic.wav,64.9999988079071,30.0,41.74148619174957,28.521595001220703
stim_99_harmonic.wav,70.0000011920929,60.0,41.06129139661789,28.38463604450226
stim_99_harmonic.wav,64.9999988079071,49.999998807907104,45.0166779756546,23.902841806411743
stim_99_harmonic.wav,74.99999821186066,49.999998807907104,41.24082237482071,28.36478590965271
stim_99_harmonic.wav,74.99999821186066,0.0,41.12867385149002,28.4833824634552
stim_99_harmonic.wav,15.000000447034836,40.000001192092896,42.135964035987854,28.63209843635559
stim_99_harmonic.wav,40.000000298023224,0.0,41.59094989299774,28.518667817115784
stim_99_harmonic.wav,74.99999821186066,60.0,40.301577150821686,28.367961645126343
stim_99_harmonic.wav,35.00000059604645,40.000001192092896,41.82961016893387,28.320345282554626
stim_99_harmonic.wav,74.99999821186066,30.0,34.48092877864838,31.54320001602173
stim_99_harmonic.wav,15.000000447034836,20.000000596046448,41.8210431933403,28.398086428642273
stim_99_harmonic.wav,64.9999988079071,40.000001192092896,40.62322497367859,26.03197932243347
stim_99_harmonic.wav,10.000000074505806,49.999998807907104,33.14467906951904,34.07944321632385
stim_99_harmonic.wav,60.00000178813934,10.000000298023224,39.72570151090622,28.45770299434662
stim_99_harmonic.wav,0.0,10.000000298023224,40.87456941604614,28.415769338607788
stim_99_harmonic.wav,0.0,40.000001192092896,41.02980226278305,28.376407027244568
stim_99_harmonic.wav,30.00000089406967,10.000000298023224,41.57045781612396,28.56585144996643
stim_99_harmonic.wav,70.0000011920929,49.999998807907104,31.86838209629059,34.57734704017639
stim_99_harmonic.wav,40.000000298023224,20.000000596046448,43.01801651716232,28.718976974487305
stim_99_harmonic.wav,84.99999761581421,0.0,41.23748302459717,28.630998730659485
stim_99_harmonic.wav,70.0000011920929,10.000000298023224,45.13961434364319,22.93297827243805
stim_99_harmonic.wav,84.99999761581421,49.999998807907104,42.07646995782852,28.413337469100952
stim_99_harmonic.wav,54.99999940395355,60.0,41.20831400156021,28.543843030929565
stim_99_harmonic.wav,5.000000037252903,60.0,41.50392025709152,28.500981330871582
stim_99_harmonic.wav,25.000001192092896,10.000000298023224,44.13593977689743,27.989155054092407
stim_99_harmonic.wav,45.0,10.000000298023224,41.08446031808853,26.114872097969055
stim_99_harmonic.wav,64.9999988079071,20.000000596046448,40.96624195575714,28.43238115310669
stim_99_harmonic.wav,25.000001192092896,0.0,41.27085238695145,28.459530472755432
stim_99_harmonic.wav,15.000000447034836,30.0,41.54474347829819,28.33918333053589
stim_99_harmonic.wav,15.000000447034836,49.999998807907104,41.71214818954468,28.610029220581055
stim_99_harmonic.wav,0.0,20.000000596046448,38.4827846288681,28.284639716148376
stim_99_harmonic.wav,84.99999761581421,30.0,40.78066796064377,28.41903805732727
stim_99_harmonic.wav,84.99999761581421,49.999998807907104,41.920947432518005,27.54690170288086
stim_99_harmonic.wav,54.99999940395355,49.999998807907104,41.41267150640488,28.499584794044495
stim_99_harmonic.wav,10.000000074505806,10.000000298023224,41.40223503112793,28.64414691925049
stim_99_harmonic.wav,0.0,40.000001192092896,39.9493870139122,28.02059769630432
stim_99_harmonic.wav,10.000000074505806,49.999998807907104,35.47589421272278,31.38654112815857
stim_99_harmonic.wav,70.0000011920929,30.0,41.4066419005394,28.350700736045837
stim_99_harmonic.wav,15.000000447034836,10.000000298023224,41.553940773010254,28.33643138408661
stim_99_harmonic.wav,54.99999940395355,60.0,37.1881628036499,30.94311833381653
stim_99_harmonic.wav,84.99999761581421,40.000001192092896,41.69725388288498,28.3670175075531
stim_99_harmonic.wav,20.000000149011612,0.0,45.736470222473145,30.243659019470215
stim_99_harmonic.wav,20.000000149011612,30.0,41.46231651306152,28.64964008331299
stim_99_harmonic.wav,20.000000149011612,60.0,40.33182978630066,28.78324806690216
stim_99_harmonic.wav,15.000000447034836,20.000000596046448,41.724470257759094,28.431445956230164
stim_99_harmonic.wav,15.000000447034836,60.0,41.14934027194977,28.37897479534149
stim_99_harmonic.wav,80.00000059604645,0.0,41.452153623104095,28.4452486038208
stim_99_harmonic.wav,45.0,10.000000298023224,41.79594576358795,28.708589673042297
stim_99_harmonic.wav,40.000000298023224,49.999998807907104,46.217384934425354,26.925228238105774
stim_99_harmonic.wav,80.00000059604645,0.0,41.07628494501114,28.40299129486084
stim_99_harmonic.wav,84.99999761581421,30.0,41.61063462495804,28.16415309906006
stim_99_harmonic.wav,64.9999988079071,49.999998807907104,41.38057082891464,28.36878776550293
stim_99_harmonic.wav,60.00000178813934,20.000000596046448,33.7915313243866,33.516894578933716
stim_99_harmonic.wav,45.0,40.000001192092896,41.9936004281044,28.240052461624146
stim_99_harmonic.wav,40.000000298023224,0.0,41.22972875833511,28.44059944152832
stim_99_harmonic.wav,50.00000238418579,40.000001192092896,41.13810181617737,28.511624336242676
stim_99_harmonic.wav,54.99999940395355,0.0,41.730923652648926,28.581016659736633
stim_99_harmonic.wav,84.99999761581421,10.000000298023224,47.07109451293945,29.88469898700714
stim_99_harmonic.wav,60.00000178813934,40.000001192092896,41.15149676799774,28.477630019187927
stim_99_harmonic.wav,35.00000059604645,40.000001192092896,43.21307212114334,30.648715496063232
stim_99_harmonic.wav,45.0,30.0,41.72209918498993,28.554296493530273
stim_99_harmonic.wav,50.00000238418579,30.0,43.79868149757385,26.84750497341156
stim_99_harmonic.wav,50.00000238418579,60.0,41.19750201702118,27.78156816959381
stim_99_harmonic.wav,30.00000089406967,20.000000596046448,41.1475270986557,28.397483825683594
stim_99_harmonic.wav,74.99999821186066,40.000001192092896,40.70192635059357,31.508113145828247
stim_99_harmonic.wav,74.99999821186066,49.999998807907104,41.79524302482605,28.46473217010498
stim_99_harmonic.wav,20.000000149011612,10.000000298023224,41.23532384634018,28.47665011882782
stim_99_harmonic.wav,54.99999940395355,20.000000596046448,41.483658850193024,28.37183117866516
stim_99_harmonic.wav,70.0000011920929,49.999998807907104,41.301700472831726,28.353599309921265
stim_99_harmonic.wav,74.99999821186066,40.000001192092896,41.51365131139755,28.421097993850708
stim_99_harmonic.wav,60.00000178813934,40.000001192092896,40.54062098264694,28.449538350105286
stim_99_harmonic.wav,54.99999940395355,10.000000298023224,41.83313190937042,28.405668139457703
stim_99_harmonic.wav,54.99999940395355,40.000001192092896,42.653203904628754,28.69639813899994
stim_99_harmonic.wav,45.0,40.000001192092896,41.98287159204483,26.688458919525146
stim_99_harmonic.wav,15.000000447034836,40.000001192092896,42.26661175489426,28.79323661327362
stim_99_harmonic.wav,10.000000074505806,40.000001192092896,41.23201668262482,28.474257588386536
stim_99_harmonic.wav,35.00000059604645,20.000000596046448,41.00248396396637,28.39299738407135
stim_99_harmonic.wav,74.99999821186066,10.000000298023224,41.22218906879425,28.491504192352295
stim_99_harmonic.wav,80.00000059604645,30.0,41.10497921705246,28.644551038742065
stim_99_harmonic.wav,40.000000298023224,60.0,41.322680711746216,28.372803926467896
stim_99_harmonic.wav,30.00000089406967,10.000000298023224,41.37446075677872,28.612273335456848
stim_99_harmonic.wav,60.00000178813934,0.0,41.22988432645798,28.2807594537735
stim_99_harmonic.wav,40.000000298023224,49.999998807907104,42.03699052333832,28.603402376174927
stim_99_harmonic.wav,15.000000447034836,30.0,37.57844835519791,31.29636526107788
stim_99_harmonic.wav,30.00000089406967,10.000000298023224,41.80505186319351,28.553672432899475
stim_99_harmonic.wav,54.99999940395355,49.999998807907104,41.72448366880417,28.489202857017517
stim_99_harmonic.wav,84.99999761581421,20.000000596046448,46.45028114318848,26.21309459209442
stim_99_harmonic.wav,5.000000037252903,40.000001192092896,38.18951457738876,28.83557438850403
stim_99_harmonic.wav,10.000000074505806,49.999998807907104,40.509713888168335,28.526344299316406
stim_99_harmonic.wav,70.0000011920929,20.000000596046448,41.892017126083374,28.479974269866943
stim_99_harmonic.wav,50.00000238418579,20.000000596046448,41.36308550834656,28.578554391860962
stim_99_harmonic.wav,35.00000059604645,20.000000596046448,41.14592045545578,28.460471034049988
stim_99_harmonic.wav,35.00000059604645,49.999998807907104,44.98149275779724,31.675379276275635
stim_99_harmonic.wav,84.99999761581421,20.000000596046448,41.216484010219574,28.39202105998993
stim_99_harmonic.wav,60.00000178813934,30.0,41.087088882923126,31.302974224090576
stim_99_harmonic.wav,0.0,20.000000596046448,40.17605245113373,26.52293086051941
stim_99_harmonic.wav,45.0,10.000000298023224,40.832329988479614,28.547843098640442
stim_99_harmonic.wav,90.0,20.000000596046448,46.16010904312134,31.744601726531982
stim_99_harmonic.wav,84.99999761581421,20.000000596046448,44.42988038063049,26.973992586135864
stim_99_harmonic.wav,10.000000074505806,60.0,41.75519496202469,28.68065357208252
stim_99_harmonic.wav,5.000000037252903,30.0,41.65563404560089,28.504925966262817
stim_99_harmonic.wav,70.0000011920929,49.999998807907104,41.16683632135391,28.529911637306213
stim_99_harmonic.wav,50.00000238418579,49.999998807907104,41.2237823009491,28.36329996585846
stim_99_harmonic.wav,15.000000447034836,49.999998807907104,32.398558259010315,33.019752502441406
stim_99_harmonic.wav,25.000001192092896,30.0,40.444080233573914,28.426913022994995
stim_99_harmonic.wav,40.000000298023224,10.000000298023224,41.5833055973053,28.45101535320282
stim_99_harmonic.wav,35.00000059604645,10.000000298023224,41.881355345249176,28.823094964027405
stim_99_harmonic.wav,84.99999761581421,0.0,41.32066637277603,28.44639301300049
stim_99_harmonic.wav,90.0,20.000000596046448,41.30732774734497,28.369619250297546
stim_99_harmonic.wav,0.0,49.999998807907104,41.12290978431702,28.503733277320862
stim_99_harmonic.wav,54.99999940395355,49.999998807907104,44.51748937368393,30.1076602935791
stim_99_harmonic.wav,5.000000037252903,10.000000298023224,40.54873734712601,28.497381806373596
stim_99_harmonic.wav,15.000000447034836,30.0,40.90867906808853,28.52409303188324
stim_99_harmonic.wav,20.000000149011612,20.000000596046448,42.282777428627014,29.092835783958435
stim_99_harmonic.wav,70.0000011920929,30.0,41.53073698282242,28.401405215263367
stim_99_harmonic.wav,0.0,40.000001192092896,41.3318994641304,26.386638879776
stim_99_harmonic.wav,40.000000298023224,0.0,44.978933930397034,29.5251202583313
stim_99_harmonic.wav,60.00000178813934,10.000000298023224,38.59173595905304,30.413188934326172
stim_99_harmonic.wav,60.00000178813934,49.999998807907104,40.21754890680313,28.533979654312134
stim_99_harmonic.wav,40.000000298023224,30.0,41.67381137609482,28.33062708377838
stim_99_harmonic.wav,35.00000059604645,60.0,41.8554425239563,28.609728813171387
stim_99_harmonic.wav,25.000001192092896,20.000000596046448,41.964026391506195,28.51205885410309
stim_99_harmonic.wav,40.000000298023224,49.999998807907104,41.79510623216629,28.405006527900696
stim_99_harmonic.wav,40.000000298023224,10.000000298023224,41.99244976043701,28.39125394821167
stim_99_harmonic.wav,35.00000059604645,60.0,45.8484148979187,29.73102629184723
stim_99_harmonic.wav,15.000000447034836,30.0,40.72011440992355,28.545992374420166
stim_99_harmonic.wav,70.0000011920929,30.0,38.57146918773651,30.30644416809082
stim_99_harmonic.wav,54.99999940395355,49.999998807907104,49.7431755065918,31.297245025634766
stim_99_harmonic.wav,45.0,0.0,41.38682574033737,28.6166113615036
stim_99_harmonic.wav,80.00000059604645,40.000001192092896,40.56364506483078,28.442434072494507
stim_99_harmonic.wav,25.000001192092896,20.000000596046448,40.77155917882919,28.54247510433197
stim_77_harmonic.wav,70.0000011920929,40.000001192092896,40.83803504705429,29.02551770210266
stim_77_harmonic.wav,84.99999761581421,60.0,59.96610403060913,33.90013575553894
stim_77_harmonic.wav,20.000000149011612,0.0,37.208968698978424,27.378342747688293
stim_77_harmonic.wav,70.0000011920929,10.000000298023224,47.68724083900452,27.878694534301758
stim_77_harmonic.wav,50.00000238418579,20.000000596046448,40.68840801715851,18.456668257713318
stim_77_harmonic.wav,40.000000298023224,60.0,41.2356698513031,32.266974449157715
stim_77_harmonic.wav,25.000001192092896,10.000000298023224,39.44586664438248,28.125382661819458
stim_77_harmonic.wav,30.00000089406967,49.999998807907104,43.007502257823944,27.528331875801086
stim_77_harmonic.wav,0.0,40.000001192092896,31.000301241874695,29.333866238594055
stim_77_harmonic.wav,35.00000059604645,30.0,37.18320071697235,24.740561842918396
stim_77_harmonic.wav,25.000001192092896,10.000000298023224,31.5120130777359,22.817521691322327
stim_77_harmonic.wav,40.000000298023224,20.000000596046448,47.453829646110535,31.4726722240448
stim_77_harmonic.wav,40.000000298023224,40.000001192092896,40.31635880470276,29.72102165222168
stim_77_harmonic.wav,20.000000149011612,40.000001192092896,16.013503968715668,15.998327136039734
stim_77_harmonic.wav,74.99999821186066,20.000000596046448,36.17181211709976,25.832186937332153
stim_77_harmonic.wav,50.00000238418579,30.0,46.403127908706665,31.82925581932068
stim_77_harmonic.wav,40.000000298023224,49.999998807907104,43.93326133489609,39.623647928237915
stim_77_harmonic.wav,64.9999988079071,0.0,33.06418597698212,28.857616782188416
stim_77_harmonic.wav,64.9999988079071,20.000000596046448,59.704599380493164,34.224443435668945
stim_77_harmonic.wav,74.99999821186066,60.0,64.69457030296326,29.208011627197266
stim_77_harmonic.wav,10.000000074505806,20.000000596046448,24.906936585903168,27.582285404205322
stim_77_harmonic.wav,80.00000059604645,20.000000596046448,66.10559463500977,22.42870330810547
stim_77_harmonic.wav,45.0,0.0,40.41183739900589,28.53850543498993
stim_77_harmonic.wav,5.000000037252903,40.000001192092896,11.837835609912872,28.564023971557617
stim_77_harmonic.wav,10.000000074505806,10.000000298023224,24.402375519275665,31.426641941070557
stim_77_harmonic.wav,20.000000149011612,60.0,23.846788108348846,34.739874601364136
stim_77_harmonic.wav,60.00000178813934,40.000001192092896,44.800269305706024,30.162752866744995
stim_77_harmonic.wav,70.0000011920929,49.999998807907104,40.54782271385193,27.397629618644714
stim_77_harmonic.wav,54.99999940395355,20.000000596046448,54.88136529922485,29.460972547531128
stim_77_harmonic.wav,40.000000298023224,60.0,42.92160987854004,39.14416193962097
stim_77_harmonic.wav,25.000001192092896,60.0,41.67271971702576,29.86635982990265
stim_77_harmonic.wav,10.000000074505806,30.0,30.248231291770935,26.513328552246094
stim_77_harmonic.wav,30.00000089406967,40.000001192092896,31.773769855499268,26.381312012672424
stim_77_harmonic.wav,50.00000238418579,0.0,60.1426362991333,25.68494975566864
stim_77_harmonic.wav,35.00000059604645,10.000000298023224,40.85895359516144,28.709880709648132
stim_77_harmonic.wav,74.99999821186066,0.0,65.09852707386017,25.72279930114746
stim_77_harmonic.wav,35.00000059604645,60.0,39.116319715976715,29.25729274749756
stim_77_harmonic.wav,15.000000447034836,49.999998807907104,29.478370249271393,24.868505001068115
stim_77_harmonic.wav,30.00000089406967,10.000000298023224,43.842457830905914,28.795888423919678
stim_77_harmonic.wav,64.9999988079071,49.999998807907104,31.20316207408905,28.696632385253906
stim_77_harmonic.wav,70.0000011920929,10.000000298023224,44.6961110830307,28.89091193675995
stim_77_harmonic.wav,84.99999761581421,10.000000298023224,45.22442042827606,28.45169484615326
stim_77_harmonic.wav,40.000000298023224,0.0,40.67182660102844,28.79000186920166
stim_77_harmonic.wav,15.000000447034836,20.000000596046448,27.000604569911957,26.38359546661377
stim_77_harmonic.wav,0.0,20.000000596046448,7.362540364265442,27.513050436973572
stim_77_harmonic.wav,35.00000059604645,30.0,41.893234848976135,29.738030433654785
stim_77_harmonic.wav,15.000000447034836,20.000000596046448,36.88563644886017,28.9129239320755
stim_77_harmonic.wav,35.00000059604645,40.000001192092896,30.15859991312027,20.57718336582184
stim_77_harmonic.wav,10.000000074505806,30.0,11.760593354701996,23.99703025817871
stim_77_harmonic.wav,54.99999940395355,40.000001192092896,43.626081347465515,28.785948157310486
stim_77_harmonic.wav,60.00000178813934,49.999998807907104,48.20350706577301,40.53677201271057
stim_77_harmonic.wav,80.00000059604645,20.000000596046448,45.353434681892395,26.573418974876404
stim_77_harmonic.wav,70.0000011920929,60.0,42.186982333660126,28.18655490875244
stim_77_harmonic.wav,0.0,10.000000298023224,22.369033098220825,29.198911786079407
stim_77_harmonic.wav,10.000000074505806,40.000001192092896,36.3153076171875,28.73282790184021
stim_77_harmonic.wav,20.000000149011612,20.000000596046448,23.62674504518509,19.55176055431366
stim_77_harmonic.wav,25.000001192092896,20.000000596046448,30.19664168357849,33.583513498306274
stim_77_harmonic.wav,70.0000011920929,30.0,63.16767454147339,33.21131944656372
stim_77_harmonic.wav,35.00000059604645,20.000000596046448,40.94995826482773,29.524497985839844
stim_77_harmonic.wav,25.000001192092896,40.000001192092896,27.80093550682068,25.91250479221344
stim_77_harmonic.wav,45.0,40.000001192092896,49.334964752197266,39.87695932388306
stim_77_harmonic.wav,70.0000011920929,0.0,44.68388557434082,29.453932642936707
stim_77_harmonic.wav,40.000000298023224,0.0,40.73682725429535,28.459083437919617
stim_77_harmonic.wav,5.000000037252903,0.0,6.40641063451767,17.4104243516922
stim_77_harmonic.wav,20.000000149011612,40.000001192092896,19.77532222867012,34.05783534049988
stim_77_harmonic.wav,5.000000037252903,40.000001192092896,24.699971973896027,23.113614320755005
stim_77_harmonic.wav,5.000000037252903,30.0,34.021047949790955,28.17195475101471
stim_77_harmonic.wav,10.000000074505806,20.000000596046448,16.5041846036911,28.66915762424469
stim_77_harmonic.wav,10.000000074505806,40.000001192092896,15.697934031486511,33.1772518157959
stim_77_harmonic.wav,25.000001192092896,30.0,24.801549911499023,23.972116112709045
stim_77_harmonic.wav,54.99999940395355,20.000000596046448,47.566911578178406,27.20570683479309
stim_77_harmonic.wav,40.000000298023224,0.0,45.41973352432251,29.743845462799072
stim_77_harmonic.wav,60.00000178813934,40.000001192092896,42.24198907613754,28.975553512573242
stim_77_harmonic.wav,70.0000011920929,60.0,47.99400508403778,28.942666053771973
stim_77_harmonic.wav,70.0000011920929,60.0,47.53161907196045,25.064401030540466
stim_77_harmonic.wav,10.000000074505806,60.0,27.748841643333435,27.738924622535706
stim_77_harmonic.wav,15.000000447034836,60.0,35.390063524246216,29.149153232574463
stim_77_harmonic.wav,54.99999940395355,40.000001192092896,40.54186284542084,29.07051980495453
stim_77_harmonic.wav,70.0000011920929,20.000000596046448,46.839324831962585,29.71448063850403
stim_77_harmonic.wav,0.0,20.000000596046448,5.83486944437027,27.50256836414337
stim_77_harmonic.wav,30.00000089406967,30.0,35.078712701797485,29.954885244369507
stim_77_harmonic.wav,64.9999988079071,30.0,52.85339534282684,30.4883873462677
stim_77_harmonic.wav,15.000000447034836,30.0,11.549165546894073,18.719379901885986
stim_77_harmonic.wav,50.00000238418579,20.000000596046448,50.34513831138611,22.135283946990967
stim_77_harmonic.wav,60.00000178813934,40.000001192092896,39.39536064863205,29.605629444122314
stim_77_harmonic.wav,35.00000059604645,60.0,38.59785944223404,29.455613493919373
stim_77_harmonic.wav,84.99999761581421,40.000001192092896,46.99895918369293,30.08366346359253
stim_77_harmonic.wav,50.00000238418579,40.000001192092896,50.31933009624481,43.33343982696533
stim_77_harmonic.wav,15.000000447034836,20.000000596046448,14.69458669424057,12.9954332113266
stim_77_harmonic.wav,25.000001192092896,60.0,37.65621364116669,31.90287709236145
stim_77_harmonic.wav,60.00000178813934,0.0,40.22305279970169,28.464948534965515
stim_77_harmonic.wav,50.00000238418579,10.000000298023224,41.131559908390045,27.794750332832336
stim_77_harmonic.wav,80.00000059604645,40.000001192092896,61.958009004592896,32.575260400772095
stim_77_harmonic.wav,60.00000178813934,49.999998807907104,55.347994565963745,31.50364637374878
stim_77_harmonic.wav,80.00000059604645,10.000000298023224,58.38914215564728,20.34912407398224
stim_77_harmonic.wav,74.99999821186066,20.000000596046448,42.49529153108597,27.97897160053253
stim_77_harmonic.wav,50.00000238418579,0.0,54.329270124435425,26.41925811767578
stim_77_harmonic.wav,35.00000059604645,60.0,35.170578360557556,30.470080375671387
stim_77_harmonic.wav,40.000000298023224,10.000000298023224,41.29383623600006,27.96888828277588
stim_77_harmonic.wav,35.00000059604645,10.000000298023224,36.25267803668976,32.07190990447998
stim_77_harmonic.wav,15.000000447034836,0.0,11.707128882408142,7.364543080329895
stim_77_harmonic.wav,10.000000074505806,49.999998807907104,24.019377529621124,30.126614570617676
stim_77_harmonic.wav,10.000000074505806,30.0,14.13016140460968,22.04786717891693
stim_77_harmonic.wav,54.99999940395355,49.999998807907104,31.34286493062973,31.176059246063232
stim_77_harmonic.wav,70.0000011920929,10.000000298023224,36.395355463027954,26.992505192756653
stim_77_harmonic.wav,20.000000149011612,40.000001192092896,19.82957124710083,24.703842401504517
stim_77_harmonic.wav,60.00000178813934,30.0,59.45295453071594,27.396764159202576
stim_77_harmonic.wav,30.00000089406967,0.0,32.75423526763916,27.747514843940735
stim_77_harmonic.wav,35.00000059604645,30.0,35.8870929479599,26.931785345077515
stim_77_harmonic.wav,60.00000178813934,20.000000596046448,37.79917269945145,28.923105597496033
stim_77_harmonic.wav,74.99999821186066,0.0,63.94635200500488,23.112924098968506
stim_77_harmonic.wav,64.9999988079071,30.0,40.829709470272064,28.436408042907715
stim_77_harmonic.wav,25.000001192092896,60.0,34.14442420005798,31.741594076156616
stim_77_harmonic.wav,70.0000011920929,49.999998807907104,64.05410170555115,35.33649802207947
stim_77_harmonic.wav,30.00000089406967,49.999998807907104,24.269745647907257,23.670546412467957
stim_77_harmonic.wav,50.00000238418579,20.000000596046448,37.31824725866318,28.74586522579193
stim_77_harmonic.wav,84.99999761581421,40.000001192092896,65.35120725631714,35.76757550239563
stim_77_harmonic.wav,84.99999761581421,10.000000298023224,43.55585843324661,28.105745315551758
stim_77_harmonic.wav,35.00000059604645,30.0,37.8463152050972,28.553295135498047
stim_77_harmonic.wav,30.00000089406967,0.0,35.9109029173851,28.069308400154114
stim_77_harmonic.wav,10.000000074505806,60.0,32.68259346485138,28.06410312652588
stim_77_harmonic.wav,40.000000298023224,49.999998807907104,38.27360987663269,29.013118743896484
stim_77_harmonic.wav,30.00000089406967,20.000000596046448,40.93899339437485,28.04280459880829
stim_107_harmonic.wav,0.0,20.000000596046448,41.57064288854599,28.3551424741745
stim_107_harmonic.wav,5.000000037252903,20.000000596046448,41.999359130859375,28.493823409080505
stim_107_harmonic.wav,64.9999988079071,40.000001192092896,41.77870452404022,28.323184847831726
stim_107_harmonic.wav,10.000000074505806,20.000000596046448,41.12374663352966,30.331714153289795
stim_107_harmonic.wav,15.000000447034836,30.0,43.00219684839249,28.62700581550598
stim_107_harmonic.wav,35.00000059604645,10.000000298023224,41.62352532148361,28.329169750213623
stim_107_harmonic.wav,54.99999940395355,60.0,43.549303114414215,26.6261887550354
stim_107_harmonic.wav,45.0,60.0,41.804823875427246,28.32476019859314
stim_107_harmonic.wav,35.00000059604645,20.000000596046448,37.22588002681732,28.028780221939087
stim_107_harmonic.wav,0.0,30.0,41.048017144203186,28.427921533584595
stim_107_harmonic.wav,60.00000178813934,40.000001192092896,42.01916456222534,28.311898112297058
stim_107_harmonic.wav,90.0,40.000001192092896,43.3090603351593,27.24402666091919
stim_107_harmonic.wav,84.99999761581421,20.000000596046448,41.79227650165558,28.322850465774536
stim_107_harmonic.wav,74.99999821186066,0.0,42.670123279094696,26.429436206817627
stim_107_harmonic.wav,0.0,40.000001192092896,42.05838918685913,28.345205783843994
stim_107_harmonic.wav,30.00000089406967,10.000000298023224,41.599860191345215,28.330019116401672
stim_107_harmonic.wav,60.00000178813934,40.000001192092896,43.5528489947319,26.194058060646057
stim_107_harmonic.wav,80.00000059604645,49.999998807907104,46.21490120887756,26.312144994735718
stim_107_harmonic.wav,80.00000059604645,30.0,44.112703800201416,27.666796445846558
stim_107_harmonic.wav,5.000000037252903,40.000001192092896,42.101891934871674,28.417621850967407
stim_107_harmonic.wav,84.99999761581421,49.999998807907104,42.19678312540054,27.447402477264404
stim_107_harmonic.wav,64.9999988079071,20.000000596046448,43.59335571527481,27.78970956802368
stim_107_harmonic.wav,64.9999988079071,40.000001192092896,44.297497272491455,26.977327466011047
stim_107_harmonic.wav,74.99999821186066,60.0,41.34214550256729,28.359475135803223
stim_107_harmonic.wav,40.000000298023224,60.0,41.66011869907379,25.943080186843872
stim_107_harmonic.wav,25.000001192092896,40.000001192092896,41.959557831287384,28.313958048820496
stim_107_harmonic.wav,15.000000447034836,10.000000298023224,41.54679536819458,27.333231568336487
stim_107_harmonic.wav,15.000000447034836,49.999998807907104,41.424414217472076,28.345720767974854
stim_107_harmonic.wav,70.0000011920929,0.0,41.915228962898254,28.315488696098328
stim_107_harmonic.wav,80.00000059604645,30.0,40.860882103443146,28.700437545776367
stim_107_harmonic.wav,5.000000037252903,30.0,43.34011495113373,26.03567898273468
stim_107_harmonic.wav,64.9999988079071,10.000000298023224,41.827107667922974,28.318533897399902
stim_107_harmonic.wav,74.99999821186066,49.999998807907104,41.77382290363312,28.32428812980652
stim_107_harmonic.wav,40.000000298023224,10.000000298023224,41.66384160518646,28.465880155563354
stim_107_harmonic.wav,25.000001192092896,40.000001192092896,42.0033985376358,28.476893305778503
stim_107_harmonic.wav,20.000000149011612,30.0,40.968792736530304,28.520849347114563
stim_107_harmonic.wav,15.000000447034836,49.999998807907104,41.327712535858154,28.463813066482544
stim_107_harmonic.wav,25.000001192092896,0.0,41.81164741516113,28.319275975227356
stim_107_harmonic.wav,74.99999821186066,49.999998807907104,41.898717284202576,28.31606090068817
stim_107_harmonic.wav,10.000000074505806,30.0,41.613319516181946,28.44640016555786
stim_107_harmonic.wav,70.0000011920929,0.0,41.16926372051239,27.643266320228577
stim_107_harmonic.wav,15.000000447034836,10.000000298023224,41.29575937986374,28.354854583740234
stim_107_harmonic.wav,0.0,49.999998807907104,39.71789091825485,28.4855854511261
stim_107_harmonic.wav,84.99999761581421,30.0,40.6973397731781,28.746301531791687
stim_107_harmonic.wav,74.99999821186066,40.000001192092896,41.72125965356827,28.684637546539307
stim_107_harmonic.wav,60.00000178813934,10.000000298023224,41.5560382604599,28.335580229759216
stim_107_harmonic.wav,80.00000059604645,20.000000596046448,41.66244953870773,28.330194354057312
stim_107_harmonic.wav,40.000000298023224,20.000000596046448,41.88810646533966,28.31642746925354
stim_107_harmonic.wav,15.000000447034836,20.000000596046448,41.88794553279877,28.31643283367157
stim_107_harmonic.wav,10.000000074505806,40.000001192092896,42.976412773132324,29.66486155986786
stim_107_harmonic.wav,54.99999940395355,30.0,40.836924612522125,28.701440691947937
stim_107_harmonic.wav,30.00000089406967,40.000001192092896,41.38842165470123,28.638553619384766
stim_107_harmonic.wav,30.00000089406967,0.0,41.97399616241455,28.313459157943726
stim_107_harmonic.wav,84.99999761581421,60.0,41.88029587268829,28.316697478294373
stim_107_harmonic.wav,64.9999988079071,20.000000596046448,41.95104718208313,28.31425130367279
stim_107_harmonic.wav,40.000000298023224,60.0,42.0088192820549,28.31225574016571
stim_107_harmonic.wav,5.000000037252903,10.000000298023224,41.39791131019592,28.70825707912445
stim_107_harmonic.wav,90.0,20.000000596046448,46.811150908470154,25.47062873840332
stim_107_harmonic.wav,84.99999761581421,49.999998807907104,41.60258263349533,28.33544433116913
stim_107_harmonic.wav,0.0,49.999998807907104,39.476894438266754,28.267836570739746
stim_107_harmonic.wav,30.00000089406967,40.000001192092896,41.70276582241058,28.32248568534851
stim_107_harmonic.wav,80.00000059604645,40.000001192092896,47.863054275512695,26.868292093276978
stim_107_harmonic.wav,64.9999988079071,60.0,41.950660943984985,28.314265608787537
stim_107_harmonic.wav,74.99999821186066,20.000000596046448,41.74098998308182,28.324406147003174
stim_107_harmonic.wav,80.00000059604645,60.0,41.93061679601669,28.31495761871338
stim_107_harmonic.wav,25.000001192092896,20.000000596046448,39.46720361709595,27.94430136680603
stim_107_harmonic.wav,5.000000037252903,10.000000298023224,42.11603254079819,28.496925830841064
stim_107_harmonic.wav,80.00000059604645,40.000001192092896,41.88643544912338,28.65388512611389
stim_107_harmonic.wav,40.000000298023224,60.0,41.73557996749878,28.321697115898132
stim_107_harmonic.wav,15.000000447034836,40.000001192092896,41.56061142683029,28.340163230895996
stim_107_harmonic.wav,45.0,0.0,41.83337867259979,28.319313526153564
stim_107_harmonic.wav,84.99999761581421,0.0,41.916441321372986,28.315447568893433
stim_107_harmonic.wav,35.00000059604645,30.0,40.144029557704926,28.45229923725128
stim_107_harmonic.wav,30.00000089406967,30.0,41.659145057201385,29.113669395446777
stim_107_harmonic.wav,90.0,30.0,42.651033997535706,28.224597573280334
stim_107_harmonic.wav,80.00000059604645,0.0,42.97948658466339,27.122649550437927
stim_107_harmonic.wav,74.99999821186066,40.000001192092896,42.02154368162155,28.311815857887268
stim_107_harmonic.wav,5.000000037252903,49.999998807907104,37.31155514717102,26.513237357139587
stim_107_harmonic.wav,40.000000298023224,30.0,42.12095707654953,27.766621112823486
stim_107_harmonic.wav,20.000000149011612,0.0,40.712577402591705,28.668007850646973
stim_107_harmonic.wav,25.000001192092896,60.0,40.24373799562454,28.472712635993958
stim_107_harmonic.wav,45.0,20.000000596046448,41.9483944773674,28.31434428691864
stim_107_harmonic.wav,90.0,30.0,41.85503214597702,27.93453812599182
stim_107_harmonic.wav,45.0,40.000001192092896,41.60105377435684,28.33182692527771
stim_107_harmonic.wav,0.0,40.000001192092896,41.7845544219017,28.320005536079407
stim_107_harmonic.wav,0.0,0.0,41.25585347414017,28.265753388404846
stim_107_harmonic.wav,50.00000238418579,49.999998807907104,41.19899868965149,28.69935393333435
stim_107_harmonic.wav,40.000000298023224,20.000000596046448,41.98121130466461,28.31320881843567
stim_107_harmonic.wav,90.0,49.999998807907104,42.81720221042633,27.67050862312317
stim_107_harmonic.wav,20.000000149011612,60.0,41.68985903263092,28.46238613128662
stim_107_harmonic.wav,15.000000447034836,30.0,41.948077976703644,28.3143550157547
stim_107_harmonic.wav,84.99999761581421,49.999998807907104,41.65925234556198,28.333166241645813
stim_107_harmonic.wav,30.00000089406967,10.000000298023224,40.767283737659454,28.742090463638306
stim_107_harmonic.wav,54.99999940395355,40.000001192092896,41.2541663646698,28.727096915245056
stim_107_harmonic.wav,54.99999940395355,49.999998807907104,41.98272943496704,28.313156962394714
stim_107_harmonic.wav,64.9999988079071,30.0,39.31851804256439,28.625183701515198
stim_107_harmonic.wav,10.000000074505806,0.0,39.55307990312576,28.715869188308716
stim_107_harmonic.wav,25.000001192092896,49.999998807907104,45.513471364974976,26.559051275253296
stim_107_harmonic.wav,84.99999761581421,40.000001192092896,41.897620260715485,28.31609845161438
stim_107_harmonic.wav,45.0,40.000001192092896,43.322806656360626,27.386764883995056
stim_107_harmonic.wav,40.000000298023224,60.0,40.980371832847595,28.43447506427765
stim_107_harmonic.wav,15.000000447034836,30.0,41.64453238248825,28.332447409629822
stim_107_harmonic.wav,90.0,40.000001192092896,41.94846421480179,28.314340710639954
stim_107_harmonic.wav,50.00000238418579,20.000000596046448,41.89684510231018,28.31612527370453
stim_107_harmonic.wav,45.0,60.0,42.711107432842255,25.51859200000763
stim_107_harmonic.wav,5.000000037252903,20.000000596046448,40.14765053987503,28.921000957489014
stim_107_harmonic.wav,10.000000074505806,60.0,41.382475197315216,27.695762515068054
stim_107_harmonic.wav,70.0000011920929,49.999998807907104,41.917559802532196,28.31540822982788
stim_107_harmonic.wav,40.000000298023224,10.000000298023224,41.44506186246872,28.513977527618408
stim_107_harmonic.wav,10.000000074505806,10.000000298023224,41.192000806331635,29.306711554527283
stim_107_harmonic.wav,20.000000149011612,40.000001192092896,41.90996378660202,28.316502571105957
stim_107_harmonic.wav,45.0,10.000000298023224,41.958999931812286,28.317509293556213
stim_107_harmonic.wav,10.000000074505806,0.0,41.872029304504395,28.31698179244995
stim_107_harmonic.wav,80.00000059604645,20.000000596046448,40.87895750999451,28.587135672569275
stim_107_harmonic.wav,35.00000059604645,10.000000298023224,40.73927879333496,28.548799753189087
stim_107_harmonic.wav,10.000000074505806,0.0,43.09383183717728,29.69361126422882
stim_107_harmonic.wav,54.99999940395355,0.0,44.06924664974213,27.23650574684143
stim_107_harmonic.wav,54.99999940395355,20.000000596046448,45.99423050880432,26.28238320350647
stim_107_harmonic.wav,40.000000298023224,60.0,41.72029137611389,28.326140642166138
stim_107_harmonic.wav,50.00000238418579,60.0,41.81826174259186,28.3188396692276
stim_107_harmonic.wav,35.00000059604645,49.999998807907104,40.91682493686676,28.663194179534912
stim_107_harmonic.wav,80.00000059604645,10.000000298023224,41.97911649942398,28.313282132148743
stim_107_harmonic.wav,60.00000178813934,30.0,41.73701226711273,28.32814872264862
stim_107_harmonic.wav,35.00000059604645,10.000000298023224,40.963777005672455,28.488560914993286
stim_107_harmonic.wav,80.00000059604645,30.0,41.96693927049637,28.31370234489441
stim_107_harmonic.wav,0.0,20.000000596046448,41.46662950515747,28.50881338119507
stim_107_harmonic.wav,5.000000037252903,49.999998807907104,41.484975814819336,28.344059586524963
stim_107_harmonic.wav,35.00000059604645,40.000001192092896,41.3642093539238,28.36327850818634
stim_107_harmonic.wav,30.00000089406967,30.0,40.99749505519867,27.754000425338745
stim_107_harmonic.wav,20.000000149011612,10.000000298023224,41.5356507897377,28.336299061775208
stim_107_harmonic.wav,40.000000298023224,20.000000596046448,41.87693238258362,28.317339420318604
stim_107_harmonic.wav,30.00000089406967,10.000000298023224,41.872150003910065,28.316978216171265
stim_107_harmonic.wav,40.000000298023224,40.000001192092896,41.94028079509735,28.31462323665619
stim_107_harmonic.wav,70.0000011920929,40.000001192092896,42.02154368162155,28.311815857887268
stim_107_harmonic.wav,30.00000089406967,20.000000596046448,41.63600564002991,28.332847952842712
stim_60_harmonic.wav,10.000000074505806,30.0,19.963126480579376,24.27228569984436
stim_60_harmonic.wav,74.99999821186066,0.0,67.74094820022583,14.68300312757492
stim_60_harmonic.wav,80.00000059604645,20.000000596046448,61.620705127716064,17.152231335639954
stim_60_harmonic.wav,45.0,10.000000298023224,44.01101589202881,32.15956449508667
stim_60_harmonic.wav,70.0000011920929,60.0,69.56724286079407,27.472068071365356
stim_60_harmonic.wav,84.99999761581421,60.0,41.38424813747406,29.966672658920288
stim_60_harmonic.wav,70.0000011920929,10.000000298023224,49.52143728733063,29.511736035346985
stim_60_harmonic.wav,45.0,20.000000596046448,40.50358772277832,26.9817852973938
stim_60_harmonic.wav,45.0,60.0,47.644802927970886,37.80468463897705
stim_60_harmonic.wav,45.0,20.000000596046448,53.38209629058838,33.72336745262146
stim_60_harmonic.wav,60.00000178813934,0.0,37.43243157863617,33.00217151641846
stim_60_harmonic.wav,25.000001192092896,49.999998807907104,29.771165549755096,28.940699100494385
stim_60_harmonic.wav,25.000001192092896,60.0,31.491258144378662,26.81797742843628
stim_60_harmonic.wav,64.9999988079071,49.999998807907104,59.77185845375061,41.1013662815094
stim_60_harmonic.wav,0.0,10.000000298023224,35.26412844657898,23.217430114746094
stim_60_harmonic.wav,40.000000298023224,10.000000298023224,51.081544160842896,24.717196226119995
stim_60_harmonic.wav,5.000000037252903,20.000000596046448,13.891941010951996,31.54616117477417
stim_60_harmonic.wav,54.99999940395355,30.0,52.438108921051025,32.03970909118652
stim_60_harmonic.wav,45.0,10.000000298023224,28.604321479797363,19.485474228858948
stim_60_harmonic.wav,10.000000074505806,10.000000298023224,22.82396525144577,23.890036940574646
stim_60_harmonic.wav,25.000001192092896,0.0,35.11568695306778,26.172768473625183
stim_60_harmonic.wav,64.9999988079071,20.000000596046448,71.0550320148468,31.96467161178589
stim_60_harmonic.wav,50.00000238418579,49.999998807907104,53.276352882385254,45.377748012542725
stim_60_harmonic.wav,70.0000011920929,0.0,48.84655058383942,31.179345846176147
stim_60_harmonic.wav,90.0,30.0,65.53763151168823,8.557789921760559
stim_60_harmonic.wav,30.00000089406967,10.000000298023224,28.486642241477966,28.23808193206787
stim_60_harmonic.wav,0.0,30.0,42.614352107048035,31.067383289337158
stim_60_harmonic.wav,50.00000238418579,10.000000298023224,55.320045948028564,29.42251145839691
stim_60_harmonic.wav,90.0,49.999998807907104,55.10116159915924,35.268062353134155
stim_60_harmonic.wav,60.00000178813934,30.0,57.74743437767029,30.832092761993408
stim_60_harmonic.wav,45.0,60.0,57.92869806289673,37.294875383377075
stim_60_harmonic.wav,70.0000011920929,30.0,44.98201847076416,28.619059324264526
stim_60_harmonic.wav,60.00000178813934,20.000000596046448,56.97293043136597,32.64859914779663
stim_60_harmonic.wav,30.00000089406967,0.0,45.81300437450409,27.47755765914917
stim_60_harmonic.wav,0.0,20.000000596046448,43.803091049194336,27.761215567588806
stim_60_harmonic.wav,0.0,40.000001192092896,11.174530684947968,19.973005056381226
stim_60_harmonic.wav,15.000000447034836,30.0,29.172284603118896,26.86675786972046
stim_60_harmonic.wav,84.99999761581421,0.0,55.66821277141571,33.81529211997986
stim_60_harmonic.wav,64.9999988079071,0.0,43.358938694000244,25.392673015594482
stim_60_harmonic.wav,84.99999761581421,40.000001192092896,65.65941452980042,37.02404022216797
stim_60_harmonic.wav,64.9999988079071,40.000001192092896,50.57128071784973,35.70760130882263
stim_60_harmonic.wav,0.0,0.0,26.45683765411377,27.238957285881042
stim_60_harmonic.wav,45.0,10.000000298023224,48.01570415496826,31.364657878875732
stim_60_harmonic.wav,70.0000011920929,49.999998807907104,66.21771097183228,46.13525032997131
stim_60_harmonic.wav,45.0,40.000001192092896,55.112534165382385,33.22567820549011
stim_60_harmonic.wav,10.000000074505806,60.0,34.02446508407593,35.71172475814819
stim_60_harmonic.wav,64.9999988079071,20.000000596046448,63.41981828212738,29.08125400543213
stim_60_harmonic.wav,64.9999988079071,30.0,49.69173073768616,29.876890182495117
stim_60_harmonic.wav,74.99999821186066,40.000001192092896,59.26070988178253,32.51417398452759
stim_60_harmonic.wav,5.000000037252903,10.000000298023224,32.17262506484985,28.446063995361328
stim_60_harmonic.wav,10.000000074505806,20.000000596046448,11.126486957073212,32.86728501319885
stim_60_harmonic.wav,70.0000011920929,0.0,45.50004959106445,30.71413278579712
stim_60_harmonic.wav,64.9999988079071,20.000000596046448,34.13584649562836,26.834505200386047
stim_60_harmonic.wav,20.000000149011612,10.000000298023224,26.703354120254517,27.506736516952515
stim_60_harmonic.wav,15.000000447034836,60.0,31.94812148809433,27.08634316921234
stim_60_harmonic.wav,40.000000298023224,10.000000298023224,42.334536015987396,30.99901556968689
stim_60_harmonic.wav,60.00000178813934,10.000000298023224,56.1094468832016,31.831952333450317
stim_60_harmonic.wav,15.000000447034836,49.999998807907104,29.785829186439514,29.099430441856384
stim_60_harmonic.wav,15.000000447034836,60.0,38.4147584438324,30.31606435775757
stim_60_harmonic.wav,30.00000089406967,10.000000298023224,37.9832661151886,26.146772503852844
stim_60_harmonic.wav,84.99999761581421,10.000000298023224,59.932780265808105,15.208193063735962
stim_60_harmonic.wav,0.0,49.999998807907104,17.485757768154144,26.933748722076416
stim_60_harmonic.wav,5.000000037252903,60.0,16.388930082321167,35.28189182281494
stim_60_harmonic.wav,20.000000149011612,30.0,41.61433607339859,33.29845905303955
stim_60_harmonic.wav,20.000000149011612,49.999998807907104,29.11006808280945,27.55356788635254
stim_60_harmonic.wav,60.00000178813934,10.000000298023224,66.36110186576843,34.601991176605225
stim_60_harmonic.wav,45.0,40.000001192092896,43.840199410915375,26.33194327354431
stim_60_harmonic.wav,80.00000059604645,60.0,46.52353763580322,24.395710229873657
stim_60_harmonic.wav,80.00000059604645,20.000000596046448,31.24350517988205,30.940629243850708
stim_60_harmonic.wav,70.0000011920929,60.0,51.23366296291351,24.93694245815277
stim_60_harmonic.wav,15.000000447034836,20.000000596046448,12.387752830982208,23.745882511138916
stim_60_harmonic.wav,54.99999940395355,20.000000596046448,49.43305313587189,27.299607396125793
stim_60_harmonic.wav,45.0,40.000001192092896,56.12288475036621,37.948429584503174
stim_60_harmonic.wav,20.000000149011612,40.000001192092896,23.866067826747894,38.11660051345825
stim_60_harmonic.wav,60.00000178813934,20.000000596046448,66.04746580123901,32.92133688926697
stim_60_harmonic.wav,54.99999940395355,0.0,47.884758710861206,30.396312475204468
stim_60_harmonic.wav,5.000000037252903,60.0,27.745743691921234,27.43393063545227
stim_60_harmonic.wav,20.000000149011612,49.999998807907104,29.240289330482483,31.28722071647644
stim_60_harmonic.wav,45.0,60.0,40.23721486330032,37.08949327468872
stim_60_harmonic.wav,90.0,0.0,66.76187753677368,27.082350254058838
stim_60_harmonic.wav,80.00000059604645,30.0,56.9826078414917,33.50420594215393
stim_60_harmonic.wav,15.000000447034836,40.000001192092896,26.156427562236786,28.490379452705383
stim_60_harmonic.wav,5.000000037252903,40.000001192092896,19.327974021434784,35.628225803375244
stim_60_harmonic.wav,10.000000074505806,10.000000298023224,16.19499295949936,21.262181997299194
stim_60_harmonic.wav,45.0,30.0,49.73069787025452,32.74702548980713
stim_60_harmonic.wav,90.0,10.000000298023224,54.320268630981445,17.719361186027527
stim_60_harmonic.wav,30.00000089406967,40.000001192092896,35.633286237716675,21.59475088119507
stim_60_harmonic.wav,30.00000089406967,30.0,36.05691969394684,25.183521509170532
stim_60_harmonic.wav,74.99999821186066,10.000000298023224,66.8414855003357,11.678436398506165
stim_60_harmonic.wav,90.0,20.000000596046448,68.73746395111084,7.357301115989685
stim_60_harmonic.wav,90.0,40.000001192092896,27.867132425308228,24.491629600524902
stim_60_harmonic.wav,60.00000178813934,0.0,53.69215428829193,35.74560284614563
stim_60_harmonic.wav,5.000000037252903,20.000000596046448,20.518982112407684,23.371238708496094
stim_60_harmonic.wav,64.9999988079071,60.0,69.82267498970032,32.74425029754639
stim_60_harmonic.wav,84.99999761581421,0.0,64.0412700176239,15.389807224273682
stim_60_harmonic.wav,80.00000059604645,20.000000596046448,55.4909884929657,22.341020107269287
stim_60_harmonic.wav,50.00000238418579,10.000000298023224,55.36113739013672,32.8478729724884
stim_60_harmonic.wav,60.00000178813934,49.999998807907104,62.61862635612488,32.906670570373535
stim_60_harmonic.wav,35.00000059604645,40.000001192092896,25.593279004096985,22.886441946029663
stim_60_harmonic.wav,84.99999761581421,30.0,49.66103553771973,31.950881481170654
stim_60_harmonic.wav,84.99999761581421,49.999998807907104,63.95169496536255,26.33108139038086
stim_60_harmonic.wav,64.9999988079071,49.999998807907104,54.98310685157776,36.26026153564453
stim_60_harmonic.wav,40.000000298023224,30.0,41.38112872838974,22.098315954208374
stim_60_harmonic.wav,5.000000037252903,49.999998807907104,35.333388447761536,25.24022877216339
stim_60_harmonic.wav,74.99999821186066,40.000001192092896,48.46487760543823,31.25254511833191
stim_60_harmonic.wav,90.0,30.0,63.112581968307495,16.132410764694214
stim_60_harmonic.wav,20.000000149011612,30.0,21.259108185768127,28.636629581451416
stim_60_harmonic.wav,50.00000238418579,0.0,42.82215088605881,26.265281438827515
stim_60_harmonic.wav,74.99999821186066,10.000000298023224,44.31634783744812,28.625219464302063
stim_60_harmonic.wav,0.0,20.000000596046448,11.616762578487396,23.815022706985474
stim_60_harmonic.wav,50.00000238418579,30.0,42.6179838180542,38.226120471954346
stim_60_harmonic.wav,20.000000149011612,30.0,30.504210591316223,30.39907693862915
stim_60_harmonic.wav,40.000000298023224,49.999998807907104,51.05589687824249,29.329758882522583
stim_60_harmonic.wav,35.00000059604645,0.0,35.6475904583931,32.56634473800659
stim_60_harmonic.wav,30.00000089406967,49.999998807907104,29.35773253440857,34.08449649810791
stim_60_harmonic.wav,60.00000178813934,49.999998807907104,58.643619418144226,35.84076762199402
stim_60_harmonic.wav,20.000000149011612,0.0,34.47196751832962,26.090165376663208
stim_60_harmonic.wav,10.000000074505806,0.0,15.745663940906525,26.52950406074524
stim_60_harmonic.wav,45.0,10.000000298023224,42.750053107738495,32.9300594329834
stim_60_harmonic.wav,20.000000149011612,30.0,26.91301703453064,36.65529012680054
stim_60_harmonic.wav,60.00000178813934,60.0,67.52755165100098,33.88798713684082
stim_60_harmonic.wav,30.00000089406967,40.000001192092896,37.10560977458954,20.597805976867676
stim_60_harmonic.wav,70.0000011920929,49.999998807907104,66.52150869369507,33.95609378814697
stim_60_harmonic.wav,74.99999821186066,60.0,59.16655898094177,33.37165832519531
stim_60_harmonic.wav,64.9999988079071,49.999998807907104,61.52784705162048,41.75327181816101
stim_60_harmonic.wav,45.0,0.0,50.695053935050964,35.33422350883484
stim_60_harmonic.wav,15.000000447034836,10.000000298023224,30.720444917678833,26.849189400672913
stim_60_harmonic.wav,84.99999761581421,0.0,41.4384126663208,28.081018924713135
stim_92_harmonic.wav,74.99999821186066,10.000000298023224,42.05434709787369,28.51893961429596
stim_92_harmonic.wav,50.00000238418579,10.000000298023224,46.80221915245056,30.505836009979248
stim_92_harmonic.wav,50.00000238418579,20.000000596046448,42.433791160583496,28.085047602653503
stim_92_harmonic.wav,64.9999988079071,30.0,41.07754290103912,28.372963070869446
stim_92_harmonic.wav,60.00000178813934,49.999998807907104,41.87679022550583,28.367396593093872
stim_92_harmonic.wav,25.000001192092896,0.0,41.15223169326782,28.50452721118927
stim_92_harmonic.wav,45.0,49.999998807907104,41.82840317487717,30.00198483467102
stim_92_harmonic.wav,70.0000011920929,0.0,41.2280336022377,28.345141410827637
stim_92_harmonic.wav,70.0000011920929,40.000001192092896,52.65094757080078,33.87547016143799
stim_92_harmonic.wav,60.00000178813934,40.000001192092896,43.87434393167496,31.85335636138916
stim_92_harmonic.wav,20.000000149011612,40.000001192092896,33.133633732795715,26.063318252563477
stim_92_harmonic.wav,15.000000447034836,60.0,41.02542757987976,28.381104469299316
stim_92_harmonic.wav,30.00000089406967,30.0,41.47010564804077,28.399125337600708
stim_92_harmonic.wav,70.0000011920929,0.0,41.75817757844925,28.374842405319214
stim_92_harmonic.wav,74.99999821186066,10.000000298023224,40.34466415643692,28.46679389476776
stim_92_harmonic.wav,20.000000149011612,40.000001192092896,31.35710209608078,23.893112540245056
stim_92_harmonic.wav,70.0000011920929,20.000000596046448,55.904590487480164,34.48169946670532
stim_92_harmonic.wav,25.000001192092896,20.000000596046448,40.40016978979111,28.427115082740784
stim_92_harmonic.wav,0.0,49.999998807907104,46.78352415561676,32.58623242378235
stim_92_harmonic.wav,70.0000011920929,49.999998807907104,41.296338737010956,28.343127965927124
stim_92_harmonic.wav,25.000001192092896,10.000000298023224,41.667647659778595,28.449429273605347
stim_92_harmonic.wav,84.99999761581421,49.999998807907104,59.446667432785034,31.951961517333984
stim_92_harmonic.wav,25.000001192092896,60.0,40.90166509151459,28.545169830322266
stim_92_harmonic.wav,20.000000149011612,10.000000298023224,34.95345622301102,24.09290313720703
stim_92_harmonic.wav,20.000000149011612,60.0,40.23887783288956,28.547478318214417
stim_92_harmonic.wav,40.000000298023224,10.000000298023224,41.1355859041214,28.35707724094391
stim_92_harmonic.wav,50.00000238418579,40.000001192092896,41.10167741775513,28.36004376411438
stim_92_harmonic.wav,84.99999761581421,40.000001192092896,41.61100476980209,28.333963751792908
stim_92_harmonic.wav,80.00000059604645,49.999998807907104,41.196885108947754,28.34659516811371
stim_92_harmonic.wav,60.00000178813934,10.000000298023224,41.89047485589981,28.412545323371887
stim_92_harmonic.wav,15.000000447034836,0.0,40.727192759513855,28.395681381225586
stim_92_harmonic.wav,50.00000238418579,60.0,40.98541438579559,28.363060355186462
stim_92_harmonic.wav,70.0000011920929,0.0,41.12246721982956,28.432747721672058
stim_92_harmonic.wav,90.0,49.999998807907104,41.00076735019684,28.455573320388794
stim_92_harmonic.wav,25.000001192092896,30.0,33.57269525527954,26.78279221057892
stim_92_harmonic.wav,60.00000178813934,30.0,41.83482438325882,28.38944971561432
stim_92_harmonic.wav,80.00000059604645,20.000000596046448,41.28807216882706,28.501389026641846
stim_92_harmonic.wav,15.000000447034836,30.0,40.7606104016304,28.40591311454773
stim_92_harmonic.wav,20.000000149011612,20.000000596046448,40.67969620227814,28.397934436798096
stim_92_harmonic.wav,30.00000089406967,20.000000596046448,39.81554478406906,27.459974884986877
stim_92_harmonic.wav,20.000000149011612,60.0,40.772371888160706,28.547548055648804
stim_92_harmonic.wav,35.00000059604645,20.000000596046448,41.8610617518425,28.317360877990723
stim_92_harmonic.wav,45.0,0.0,50.06566822528839,30.291109085083008
stim_92_harmonic.wav,54.99999940395355,49.999998807907104,41.15275204181671,28.349958658218384
stim_92_harmonic.wav,70.0000011920929,0.0,41.566238701343536,28.330432176589966
stim_92_harmonic.wav,70.0000011920929,40.000001192092896,40.7956936955452,28.38592529296875
stim_92_harmonic.wav,70.0000011920929,10.000000298023224,46.90832197666168,23.68120014667511
stim_92_harmonic.wav,84.99999761581421,30.0,41.31594568490982,28.345788717269897
stim_92_harmonic.wav,70.0000011920929,40.000001192092896,45.11133849620819,29.479597806930542
stim_92_harmonic.wav,10.000000074505806,49.999998807907104,39.97705399990082,28.461747765541077
stim_92_harmonic.wav,15.000000447034836,40.000001192092896,40.35801351070404,28.46565842628479
stim_92_harmonic.wav,30.00000089406967,30.0,41.69769644737244,28.692739605903625
stim_92_harmonic.wav,0.0,0.0,41.44057184457779,28.498882055282593
stim_92_harmonic.wav,0.0,40.000001192092896,32.873102724552155,31.614171266555786
stim_92_harmonic.wav,45.0,0.0,41.02260321378708,28.3730149269104
stim_92_harmonic.wav,0.0,60.0,30.715485513210297,30.69362998008728
stim_92_harmonic.wav,30.00000089406967,49.999998807907104,41.81524693965912,28.55772078037262
stim_92_harmonic.wav,50.00000238418579,30.0,41.49170011281967,28.42625319957733
stim_92_harmonic.wav,80.00000059604645,49.999998807907104,48.184774518013,30.050100088119507
stim_92_harmonic.wav,90.0,60.0,44.932478070259094,32.63176918029785
stim_92_harmonic.wav,40.000000298023224,49.999998807907104,42.0710813999176,28.03592026233673
stim_92_harmonic.wav,15.000000447034836,49.999998807907104,40.67845970392227,28.44657003879547
stim_92_harmonic.wav,74.99999821186066,40.000001192092896,52.04980552196503,31.074607372283936
stim_92_harmonic.wav,80.00000059604645,0.0,41.44885450601578,28.335835933685303
stim_92_harmonic.wav,45.0,10.000000298023224,41.154887080192566,29.802938103675842
stim_92_harmonic.wav,0.0,30.0,33.24563205242157,31.34880781173706
stim_92_harmonic.wav,60.00000178813934,20.000000596046448,42.51821368932724,28.73697280883789
stim_92_harmonic.wav,20.000000149011612,10.000000298023224,37.63408541679382,23.041223287582397
stim_92_harmonic.wav,35.00000059604645,10.000000298023224,41.51206612586975,28.33109200000763
stim_92_harmonic.wav,50.00000238418579,30.0,40.97399890422821,28.36691379547119
stim_92_harmonic.wav,80.00000059604645,10.000000298023224,41.358254849910736,28.34304928779602
stim_92_harmonic.wav,70.0000011920929,10.000000298023224,47.21992492675781,24.29684042930603
stim_92_harmonic.wav,0.0,30.0,43.06578129529953,28.07614803314209
stim_92_harmonic.wav,90.0,49.999998807907104,40.88742792606354,28.40072751045227
stim_92_harmonic.wav,25.000001192092896,40.000001192092896,41.6704398393631,28.45103144645691
stim_92_harmonic.wav,20.000000149011612,0.0,40.90614438056946,28.550700545310974
stim_92_harmonic.wav,90.0,30.0,41.85849487781525,28.363659381866455
stim_92_harmonic.wav,54.99999940395355,30.0,41.95888727903366,28.4891939163208
stim_92_harmonic.wav,20.000000149011612,40.000001192092896,32.776468098163605,28.110169172286987
stim_92_harmonic.wav,45.0,0.0,41.86023831367493,28.328901529312134
stim_92_harmonic.wav,60.00000178813934,30.0,49.52411413192749,29.835543036460876
stim_92_harmonic.wav,40.000000298023224,0.0,42.40391671657562,29.132618308067322
stim_92_harmonic.wav,20.000000149011612,60.0,40.848299860954285,28.394853472709656
stim_92_harmonic.wav,45.0,10.000000298023224,41.02956086397171,32.55570888519287
stim_92_harmonic.wav,35.00000059604645,0.0,41.47092908620834,28.39475154876709
stim_92_harmonic.wav,15.000000447034836,10.000000298023224,40.98479479551315,28.38117778301239
stim_92_harmonic.wav,40.000000298023224,60.0,33.22097182273865,26.558287739753723
stim_92_harmonic.wav,10.000000074505806,40.000001192092896,31.15636557340622,27.9031240940094
stim_92_harmonic.wav,5.000000037252903,40.000001192092896,40.86595147848129,28.685320615768433
stim_92_harmonic.wav,10.000000074505806,49.999998807907104,40.75015515089035,28.405537605285645
stim_92_harmonic.wav,25.000001192092896,60.0,41.59965097904205,28.455777168273926
stim_92_harmonic.wav,40.000000298023224,0.0,39.72623527050018,30.49028992652893
stim_92_harmonic.wav,45.0,60.0,40.24836748838425,28.471097946166992
stim_92_harmonic.wav,90.0,30.0,41.788092255592346,28.529902696609497
stim_92_harmonic.wav,40.000000298023224,10.000000298023224,41.48953288793564,28.335131406784058
stim_92_harmonic.wav,64.9999988079071,49.999998807907104,46.59749150276184,30.179189443588257
stim_92_harmonic.wav,74.99999821186066,30.0,41.61728382110596,28.637616634368896
stim_92_harmonic.wav,54.99999940395355,40.000001192092896,41.537922620773315,28.336588740348816
stim_92_harmonic.wav,74.99999821186066,60.0,44.59773302078247,31.044552326202393
stim_92_harmonic.wav,60.00000178813934,20.000000596046448,52.273807525634766,29.825860261917114
stim_92_harmonic.wav,40.000000298023224,10.000000298023224,42.79206454753876,28.741475343704224
stim_92_harmonic.wav,5.000000037252903,49.999998807907104,41.29631459712982,28.471198081970215
stim_92_harmonic.wav,40.000000298023224,0.0,39.04760420322418,28.524089455604553
stim_92_harmonic.wav,45.0,49.999998807907104,41.83999836444855,28.31808865070343
stim_92_harmonic.wav,80.00000059604645,60.0,46.34552478790283,31.60126805305481
stim_92_harmonic.wav,74.99999821186066,40.000001192092896,40.58857887983322,28.403640389442444
stim_92_harmonic.wav,20.000000149011612,49.999998807907104,40.78998327255249,28.396727442741394
stim_92_harmonic.wav,54.99999940395355,20.000000596046448,41.11491143703461,28.36024045944214
stim_92_harmonic.wav,20.000000149011612,40.000001192092896,40.89953273534775,28.478227257728577
stim_92_harmonic.wav,54.99999940395355,20.000000596046448,41.280132830142975,28.35068643093109
stim_92_harmonic.wav,54.99999940395355,0.0,41.03327840566635,28.37491750717163
stim_92_harmonic.wav,84.99999761581421,10.000000298023224,45.63925087451935,30.133280754089355
stim_92_harmonic.wav,40.000000298023224,0.0,41.79436057806015,29.722445011138916
stim_92_harmonic.wav,20.000000149011612,10.000000298023224,38.534285724163055,28.33353102207184
stim_92_harmonic.wav,64.9999988079071,20.000000596046448,41.09418869018555,28.35535168647766
stim_92_harmonic.wav,84.99999761581421,0.0,42.265804409980774,28.554330468177795
stim_92_harmonic.wav,54.99999940395355,60.0,38.44529002904892,33.23226571083069
stim_92_harmonic.wav,45.0,30.0,34.79257732629776,24.902063012123108
stim_92_harmonic.wav,70.0000011920929,20.000000596046448,42.33325928449631,28.592310547828674
stim_92_harmonic.wav,80.00000059604645,0.0,43.200524747371674,28.743492364883423
stim_92_harmonic.wav,80.00000059604645,30.0,60.64207434654236,32.9348623752594
stim_92_harmonic.wav,70.0000011920929,10.000000298023224,41.0559806227684,28.447659015655518
stim_92_harmonic.wav,15.000000447034836,40.000001192092896,25.34007042646408,27.577205300331116
stim_92_harmonic.wav,60.00000178813934,10.000000298023224,41.171256601810455,28.36429238319397
stim_92_harmonic.wav,84.99999761581421,40.000001192092896,54.48413550853729,29.498607516288757
stim_65_harmonic.wav,35.00000059604645,20.000000596046448,44.80938881635666,29.234390258789062
stim_65_harmonic.wav,50.00000238418579,30.0,44.88046735525131,27.652217745780945
stim_65_harmonic.wav,35.00000059604645,0.0,35.81186234951019,19.21795964241028
stim_65_harmonic.wav,10.000000074505806,20.000000596046448,16.740103662014008,26.657633185386658
stim_65_harmonic.wav,60.00000178813934,10.000000298023224,58.07391285896301,29.303768277168274
stim_65_harmonic.wav,5.000000037252903,60.0,0.338079035282135,22.069988250732422
stim_65_harmonic.wav,10.000000074505806,10.000000298023224,28.1577068567276,25.741220712661743
stim_65_harmonic.wav,80.00000059604645,40.000001192092896,52.73204684257507,34.65495944023132
stim_65_harmonic.wav,45.0,30.0,39.399689733982086,23.751879930496216
stim_65_harmonic.wav,54.99999940395355,20.000000596046448,42.30622798204422,28.922789096832275
stim_65_harmonic.wav,40.000000298023224,0.0,35.50872981548309,23.861693143844604
stim_65_harmonic.wav,80.00000059604645,30.0,64.19832944869995,27.193756699562073
stim_65_harmonic.wav,50.00000238418579,30.0,47.36500024795532,30.11652946472168
stim_65_harmonic.wav,30.00000089406967,0.0,37.180730402469635,26.95127785205841
stim_65_harmonic.wav,5.000000037252903,20.000000596046448,12.048901319503784,22.79116988182068
stim_65_harmonic.wav,60.00000178813934,0.0,62.280587553977966,33.79502892494202
stim_65_harmonic.wav,64.9999988079071,20.000000596046448,41.57459914684296,28.967590928077698
stim_65_harmonic.wav,35.00000059604645,49.999998807907104,35.53078830242157,28.94569158554077
stim_65_harmonic.wav,20.000000149011612,0.0,32.53609657287598,27.20509707927704
stim_65_harmonic.wav,15.000000447034836,20.000000596046448,22.660302221775055,30.43513298034668
stim_65_harmonic.wav,50.00000238418579,20.000000596046448,43.00905257463455,30.400632619857788
stim_65_harmonic.wav,80.00000059604645,40.000001192092896,44.44238215684891,29.257405400276184
stim_65_harmonic.wav,35.00000059604645,30.0,32.997533082962036,23.494566679000854
stim_65_harmonic.wav,90.0,20.000000596046448,35.394811034202576,26.256462335586548
stim_65_harmonic.wav,54.99999940395355,0.0,59.51887249946594,35.36571979522705
stim_65_harmonic.wav,10.000000074505806,30.0,12.561522424221039,24.20180082321167
stim_65_harmonic.wav,15.000000447034836,20.000000596046448,38.26521724462509,29.34338092803955
stim_65_harmonic.wav,0.0,40.000001192092896,4.262217879295349,24.928874373435974
stim_65_harmonic.wav,35.00000059604645,0.0,46.877567768096924,29.257421493530273
stim_65_harmonic.wav,60.00000178813934,40.000001192092896,48.39148163795471,22.721024751663208
stim_65_harmonic.wav,30.00000089406967,0.0,34.03981268405914,20.758851170539856
stim_65_harmonic.wav,60.00000178813934,10.000000298023224,52.6425576210022,33.188631534576416
stim_65_harmonic.wav,60.00000178813934,30.0,54.8908656835556,37.33736515045166
stim_65_harmonic.wav,30.00000089406967,10.000000298023224,38.287329375743866,28.183849453926086
stim_65_harmonic.wav,74.99999821186066,49.999998807907104,30.353735983371735,28.405553698539734
stim_65_harmonic.wav,30.00000089406967,30.0,34.907070100307465,26.930413842201233
stim_65_harmonic.wav,10.000000074505806,60.0,18.24843317270279,28.79519820213318
stim_65_harmonic.wav,64.9999988079071,0.0,55.26920199394226,32.749106884002686
stim_65_harmonic.wav,84.99999761581421,0.0,70.72826385498047,13.17666471004486
stim_65_harmonic.wav,15.000000447034836,20.000000596046448,29.09005343914032,28.985989093780518
stim_65_harmonic.wav,40.000000298023224,10.000000298023224,46.845606565475464,26.410213708877563
stim_65_harmonic.wav,45.0,10.000000298023224,46.275030970573425,28.718352913856506
stim_65_harmonic.wav,84.99999761581421,49.999998807907104,51.95707619190216,28.65205943584442
stim_65_harmonic.wav,10.000000074505806,10.000000298023224,22.13250383734703,22.073668241500854
stim_65_harmonic.wav,70.0000011920929,30.0,47.01007962226868,32.56827235221863
stim_65_harmonic.wav,90.0,0.0,68.65695476531982,31.47954225540161
stim_65_harmonic.wav,15.000000447034836,30.0,19.475264847278595,22.766881585121155
stim_65_harmonic.wav,5.000000037252903,49.999998807907104,27.160756587982178,27.371984124183655
stim_65_harmonic.wav,20.000000149011612,20.000000596046448,38.27004790306091,26.632549166679382
stim_65_harmonic.wav,64.9999988079071,30.0,66.2075936794281,34.75578188896179
stim_65_harmonic.wav,70.0000011920929,49.999998807907104,49.016093015670776,30.44693112373352
stim_65_harmonic.wav,74.99999821186066,40.000001192092896,68.5252583026886,33.88802647590637
stim_65_harmonic.wav,84.99999761581421,10.000000298023224,70.06582260131836,11.735549569129944
stim_65_harmonic.wav,5.000000037252903,30.0,31.68266326189041,28.418886065483093
stim_65_harmonic.wav,90.0,49.999998807907104,57.93697535991669,31.455416679382324
stim_65_harmonic.wav,84.99999761581421,20.000000596046448,54.67452943325043,33.261544704437256
stim_65_harmonic.wav,40.000000298023224,49.999998807907104,42.68132954835892,27.712808847427368
stim_65_harmonic.wav,35.00000059604645,40.000001192092896,35.30151307582855,28.840654492378235
stim_65_harmonic.wav,30.00000089406967,30.0,39.77063924074173,23.59607756137848
stim_65_harmonic.wav,30.00000089406967,0.0,39.182631969451904,28.824563026428223
stim_65_harmonic.wav,20.000000149011612,30.0,23.280839323997498,24.996594786643982
stim_65_harmonic.wav,10.000000074505806,20.000000596046448,17.156739234924316,34.23876643180847
stim_65_harmonic.wav,70.0000011920929,60.0,68.93218159675598,33.25359106063843
stim_65_harmonic.wav,40.000000298023224,20.000000596046448,43.74059021472931,25.16707420349121
stim_65_harmonic.wav,20.000000149011612,10.000000298023224,33.65379452705383,27.910505533218384
stim_65_harmonic.wav,50.00000238418579,60.0,51.88699007034302,32.2303032875061
stim_65_harmonic.wav,80.00000059604645,0.0,48.341721296310425,25.95332443714142
stim_65_harmonic.wav,20.000000149011612,60.0,22.774765491485596,36.60829424858093
stim_65_harmonic.wav,5.000000037252903,20.000000596046448,32.94202208518982,31.15535259246826
stim_65_harmonic.wav,20.000000149011612,60.0,28.289612531661987,34.0332555770874
stim_65_harmonic.wav,84.99999761581421,0.0,50.13890862464905,22.601822018623352
stim_65_harmonic.wav,10.000000074505806,60.0,21.039129495620728,28.641251921653748
stim_65_harmonic.wav,25.000001192092896,40.000001192092896,35.31227946281433,28.228002190589905
stim_65_harmonic.wav,40.000000298023224,20.000000596046448,40.20817995071411,19.158740043640137
stim_65_harmonic.wav,74.99999821186066,20.000000596046448,69.48700189590454,25.207260847091675
stim_65_harmonic.wav,30.00000089406967,30.0,42.22756415605545,28.453379273414612
stim_65_harmonic.wav,74.99999821186066,30.0,72.39387273788452,33.74359130859375
stim_65_harmonic.wav,70.0000011920929,49.999998807907104,43.7566539645195,29.107502102851868
stim_65_harmonic.wav,15.000000447034836,30.0,31.778165996074677,28.0728542804718
stim_65_harmonic.wav,15.000000447034836,60.0,14.166097640991211,33.11168074607849
stim_65_harmonic.wav,45.0,20.000000596046448,41.09955310821533,30.126596689224243
stim_65_harmonic.wav,80.00000059604645,49.999998807907104,61.83022320270538,19.724072813987732
stim_65_harmonic.wav,80.00000059604645,40.000001192092896,59.62560296058655,32.091389894485474
stim_65_harmonic.wav,35.00000059604645,40.000001192092896,30.016027092933655,22.45292901992798
stim_65_harmonic.wav,10.000000074505806,10.000000298023224,15.177448689937592,34.28289771080017
stim_65_harmonic.wav,10.000000074505806,60.0,36.54532313346863,36.8177604675293
stim_65_harmonic.wav,25.000001192092896,40.000001192092896,33.6214417219162,34.32459354400635
stim_65_harmonic.wav,70.0000011920929,20.000000596046448,60.87580740451813,22.825380563735962
stim_65_harmonic.wav,74.99999821186066,20.000000596046448,66.75346612930298,23.895410299301147
stim_65_harmonic.wav,45.0,49.999998807907104,43.44424098730087,22.561524510383606
stim_65_harmonic.wav,0.0,0.0,10.30306488275528,24.513591527938843
stim_65_harmonic.wav,90.0,10.000000298023224,27.762942016124725,24.125983715057373
stim_65_harmonic.wav,74.99999821186066,20.000000596046448,46.23344600200653,30.42447566986084
stim_65_harmonic.wav,54.99999940395355,0.0,41.86632424592972,29.14646565914154
stim_65_harmonic.wav,5.000000037252903,20.000000596046448,6.735533773899078,21.939464807510376
stim_65_harmonic.wav,45.0,0.0,65.32856941223145,39.247684478759766
stim_65_harmonic.wav,15.000000447034836,40.000001192092896,25.348103642463684,23.005335330963135
stim_65_harmonic.wav,60.00000178813934,60.0,58.726059794425964,24.699479341506958
stim_65_harmonic.wav,70.0000011920929,20.000000596046448,65.36089539527893,30.710545778274536
stim_65_harmonic.wav,70.0000011920929,49.999998807907104,65.24854838848114,32.54665732383728
stim_65_harmonic.wav,54.99999940395355,40.000001192092896,47.657843828201294,28.82546067237854
stim_65_harmonic.wav,25.000001192092896,40.000001192092896,29.41763699054718,30.46810269355774
stim_65_harmonic.wav,15.000000447034836,49.999998807907104,36.05342745780945,26.375516653060913
stim_65_harmonic.wav,25.000001192092896,10.000000298023224,41.060033440589905,23.061073422431946
stim_65_harmonic.wav,74.99999821186066,60.0,65.21952152252197,25.85611581802368
stim_65_harmonic.wav,35.00000059604645,60.0,48.33985984325409,24.15277898311615
stim_65_harmonic.wav,40.000000298023224,60.0,42.00198233127594,30.60634732246399
stim_65_harmonic.wav,64.9999988079071,30.0,51.8512898683548,33.79349112510681
stim_65_harmonic.wav,64.9999988079071,60.0,42.38452970981598,29.230526089668274
stim_65_harmonic.wav,35.00000059604645,20.000000596046448,44.91960883140564,31.123459339141846
stim_65_harmonic.wav,80.00000059604645,40.000001192092896,43.27173739671707,35.5155873298645
stim_65_harmonic.wav,74.99999821186066,0.0,50.69161534309387,30.03864884376526
stim_65_harmonic.wav,45.0,20.000000596046448,48.834829330444336,27.765128016471863
stim_65_harmonic.wav,40.000000298023224,20.000000596046448,40.92674911022186,14.521674513816833
stim_65_harmonic.wav,20.000000149011612,49.999998807907104,29.087440967559814,27.140389680862427
stim_65_harmonic.wav,90.0,49.999998807907104,32.649395763874054,22.503429651260376
stim_65_harmonic.wav,74.99999821186066,10.000000298023224,56.340985894203186,25.836755633354187
stim_65_harmonic.wav,64.9999988079071,40.000001192092896,62.608702182769775,32.57796764373779
stim_65_harmonic.wav,5.000000037252903,49.999998807907104,34.868507981300354,28.218780755996704
stim_65_harmonic.wav,10.000000074505806,49.999998807907104,17.626233100891113,35.57796120643616
stim_65_harmonic.wav,45.0,10.000000298023224,48.04275155067444,28.87966275215149
stim_65_harmonic.wav,30.00000089406967,10.000000298023224,34.54110950231552,17.767903804779053
stim_65_harmonic.wav,30.00000089406967,20.000000596046448,31.93072736263275,19.076698422431946
stim_65_harmonic.wav,54.99999940395355,30.0,38.347880244255066,28.25202763080597
stim_65_harmonic.wav,90.0,60.0,49.022642970085144,29.458699822425842
stim_65_harmonic.wav,84.99999761581421,60.0,38.1128865480423,28.31756830215454
stim_65_harmonic.wav,50.00000238418579,0.0,55.7308691740036,31.24802827835083
stim_65_harmonic.wav,5.000000037252903,30.0,30.9809410572052,32.693549394607544
stim_65_harmonic.wav,80.00000059604645,40.000001192092896,48.373939990997314,31.46062731742859
stim_65_harmonic.wav,54.99999940395355,10.000000298023224,47.49890148639679,30.96889615058899
stim_65_harmonic.wav,25.000001192092896,10.000000298023224,31.249835193157196,26.20431125164032
stim_65_harmonic.wav,54.99999940395355,60.0,48.60923409461975,23.497933745384216
stim_65_harmonic.wav,64.9999988079071,60.0,68.46965074539185,36.529566049575806
stim_55_harmonic.wav,80.00000059604645,30.0,59.36969339847565,31.37182116508484
stim_55_harmonic.wav,25.000001192092896,20.000000596046448,44.521751403808594,33.228771686553955
stim_55_harmonic.wav,20.000000149011612,0.0,28.291634917259216,24.74827229976654
stim_55_harmonic.wav,10.000000074505806,60.0,15.996501445770264,19.153751134872437
stim_55_harmonic.wav,30.00000089406967,60.0,50.218870639801025,28.96798610687256
stim_55_harmonic.wav,45.0,20.000000596046448,52.17188894748688,26.96260929107666
stim_55_harmonic.wav,60.00000178813934,10.000000298023224,70.57546377182007,32.18896508216858
stim_55_harmonic.wav,64.9999988079071,30.0,57.20825135707855,28.534839749336243
stim_55_harmonic.wav,90.0,20.000000596046448,46.542474031448364,22.028655409812927
stim_55_harmonic.wav,64.9999988079071,10.000000298023224,66.70629680156708,26.07916831970215
stim_55_harmonic.wav,74.99999821186066,10.000000298023224,53.04127871990204,25.119649171829224
stim_55_harmonic.wav,90.0,40.000001192092896,34.98741298913956,24.717568159103394
stim_55_harmonic.wav,64.9999988079071,49.999998807907104,58.368993401527405,37.07618594169617
stim_55_harmonic.wav,35.00000059604645,60.0,30.242644250392914,29.62798297405243
stim_55_harmonic.wav,25.000001192092896,40.000001192092896,47.44250535964966,35.259000062942505
stim_55_harmonic.wav,40.000000298023224,10.000000298023224,41.73771768808365,25.595937967300415
stim_55_harmonic.wav,40.000000298023224,20.000000596046448,55.22697329521179,33.29019784927368
stim_55_harmonic.wav,70.0000011920929,40.000001192092896,64.28444981575012,34.10042881965637
stim_55_harmonic.wav,60.00000178813934,30.0,63.842180371284485,21.631824374198914
stim_55_harmonic.wav,5.000000037252903,40.000001192092896,22.817702293395996,23.313395977020264
stim_55_harmonic.wav,20.000000149011612,20.000000596046448,26.625073850154877,24.610281586647034
stim_55_harmonic.wav,80.00000059604645,10.000000298023224,57.173725962638855,17.16846227645874
stim_55_harmonic.wav,45.0,20.000000596046448,55.06255924701691,23.957512378692627
stim_55_harmonic.wav,20.000000149011612,10.000000298023224,41.83556467294693,22.967348098754883
stim_55_harmonic.wav,54.99999940395355,40.000001192092896,55.248591899871826,31.69846773147583
stim_55_harmonic.wav,80.00000059604645,49.999998807907104,66.7288327217102,23.85375738143921
stim_55_harmonic.wav,70.0000011920929,10.000000298023224,64.4476568698883,16.563942432403564
stim_55_harmonic.wav,45.0,30.0,46.758944392204285,25.36863684654236
stim_55_harmonic.wav,20.000000149011612,60.0,33.015882074832916,19.104486107826233
stim_55_harmonic.wav,0.0,30.0,29.028491377830505,29.68911588191986
stim_55_harmonic.wav,70.0000011920929,49.999998807907104,42.47136354446411,32.40405321121216
stim_55_harmonic.wav,40.000000298023224,49.999998807907104,48.455854654312134,38.28630566596985
stim_55_harmonic.wav,5.000000037252903,30.0,20.429818779230118,27.926897406578064
stim_55_harmonic.wav,5.000000037252903,60.0,23.35847318172455,29.628864526748657
stim_55_harmonic.wav,45.0,60.0,54.65601682662964,31.70242667198181
stim_55_harmonic.wav,74.99999821186066,20.000000596046448,64.83843326568604,20.745785236358643
stim_55_harmonic.wav,74.99999821186066,60.0,62.69629776477814,24.477542638778687
stim_55_harmonic.wav,80.00000059604645,40.000001192092896,46.81257784366608,23.61812174320221
stim_55_harmonic.wav,45.0,10.000000298023224,57.07305192947388,28.745056986808777
stim_55_harmonic.wav,15.000000447034836,40.000001192092896,31.715431809425354,30.505571365356445
stim_55_harmonic.wav,90.0,0.0,63.23189198970795,29.093259572982788
stim_55_harmonic.wav,30.00000089406967,20.000000596046448,42.7293786406517,28.033141493797302
stim_55_harmonic.wav,20.000000149011612,40.000001192092896,31.39556497335434,29.121215343475342
stim_55_harmonic.wav,25.000001192092896,10.000000298023224,36.597095131874084,24.442116022109985
stim_55_harmonic.wav,35.00000059604645,60.0,56.740275621414185,31.562983989715576
stim_55_harmonic.wav,15.000000447034836,20.000000596046448,32.58604735136032,21.583635807037354
stim_55_harmonic.wav,60.00000178813934,60.0,52.63826608657837,30.504995584487915
stim_55_harmonic.wav,15.000000447034836,49.999998807907104,39.33882236480713,28.172269463539124
stim_55_harmonic.wav,74.99999821186066,20.000000596046448,60.26441931724548,28.229656219482422
stim_55_harmonic.wav,20.000000149011612,40.000001192092896,45.491294860839844,19.900224208831787
stim_55_harmonic.wav,35.00000059604645,40.000001192092896,41.298229694366455,31.11494779586792
stim_55_harmonic.wav,80.00000059604645,0.0,59.23578143119812,24.50000524520874
stim_55_harmonic.wav,45.0,60.0,49.54131245613098,34.83782172203064
stim_55_harmonic.wav,54.99999940395355,20.000000596046448,53.44715595245361,29.01513934135437
stim_55_harmonic.wav,74.99999821186066,30.0,63.33235681056976,25.250576734542847
stim_55_harmonic.wav,20.000000149011612,40.000001192092896,15.766434967517853,18.516958951950073
stim_55_harmonic.wav,25.000001192092896,0.0,56.59109115600586,37.54281520843506
stim_55_harmonic.wav,15.000000447034836,20.000000596046448,24.17392373085022,27.503830790519714
stim_55_harmonic.wav,45.0,10.000000298023224,60.5336058139801,19.745821952819824
stim_55_harmonic.wav,60.00000178813934,60.0,49.76658582687378,29.615038633346558
stim_55_harmonic.wav,25.000001192092896,0.0,40.64604789018631,30.453325510025024
stim_55_harmonic.wav,15.000000447034836,40.000001192092896,35.338431000709534,35.572099685668945
stim_55_harmonic.wav,35.00000059604645,20.000000596046448,48.58995974063873,38.892738819122314
stim_55_harmonic.wav,5.000000037252903,30.0,8.191764056682587,24.705875515937805
stim_55_harmonic.wav,74.99999821186066,60.0,55.967960357666016,23.734034299850464
stim_55_harmonic.wav,50.00000238418579,40.000001192092896,34.92245256900787,31.77987813949585
stim_55_harmonic.wav,40.000000298023224,49.999998807907104,52.580695152282715,31.07982873916626
stim_55_harmonic.wav,60.00000178813934,20.000000596046448,68.63953113555908,26.728246808052063
stim_55_harmonic.wav,40.000000298023224,60.0,46.91662609577179,30.82870602607727
stim_55_harmonic.wav,30.00000089406967,20.000000596046448,49.367913007736206,25.82111120223999
stim_55_harmonic.wav,20.000000149011612,10.000000298023224,42.824862599372864,27.15783655643463
stim_55_harmonic.wav,30.00000089406967,49.999998807907104,36.828432977199554,33.26574683189392
stim_55_harmonic.wav,84.99999761581421,0.0,56.63721442222595,17.237931489944458
stim_55_harmonic.wav,15.000000447034836,40.000001192092896,37.94982969760895,28.840073347091675
stim_55_harmonic.wav,25.000001192092896,20.000000596046448,30.53878962993622,21.033554077148438
stim_55_harmonic.wav,35.00000059604645,49.999998807907104,41.16748005151749,40.38270950317383
stim_55_harmonic.wav,25.000001192092896,10.000000298023224,36.081461906433105,21.890069246292114
stim_55_harmonic.wav,25.000001192092896,20.000000596046448,36.601306200027466,25.523239374160767
stim_55_harmonic.wav,54.99999940395355,10.000000298023224,66.70444071292877,25.964959859848022
stim_55_harmonic.wav,15.000000447034836,60.0,37.66040325164795,30.456998348236084
stim_55_harmonic.wav,70.0000011920929,0.0,70.8292007446289,27.18262553215027
stim_55_harmonic.wav,45.0,0.0,47.7028888463974,31.594616174697876
stim_55_harmonic.wav,84.99999761581421,10.000000298023224,51.64374053478241,26.719273924827576
stim_55_harmonic.wav,84.99999761581421,20.000000596046448,50.875786542892456,25.36750316619873
stim_55_harmonic.wav,5.000000037252903,20.000000596046448,24.43280518054962,23.107100129127502
stim_55_harmonic.wav,20.000000149011612,49.999998807907104,28.838684856891632,19.198672771453857
stim_55_harmonic.wav,60.00000178813934,40.000001192092896,41.89880847930908,31.944648027420044
stim_55_harmonic.wav,90.0,49.999998807907104,43.78672152757645,23.88131082057953
stim_55_harmonic.wav,45.0,20.000000596046448,50.23016273975372,17.072351574897766
stim_55_harmonic.wav,64.9999988079071,20.000000596046448,57.535040974617004,27.30412781238556
stim_55_harmonic.wav,64.9999988079071,30.0,45.15931248664856,32.36080527305603
stim_55_harmonic.wav,0.0,10.000000298023224,25.85908055305481,27.97864079475403
stim_55_harmonic.wav,54.99999940395355,30.0,50.091776847839355,28.632797598838806
stim_55_harmonic.wav,90.0,20.000000596046448,68.06653618812561,19.660452604293823
stim_55_harmonic.wav,80.00000059604645,10.000000298023224,57.053343057632446,24.314922094345093
stim_55_harmonic.wav,80.00000059604645,40.000001192092896,65.70863842964172,25.93632996082306
stim_55_harmonic.wav,30.00000089406967,0.0,39.31801110506058,16.936447620391846
stim_55_harmonic.wav,80.00000059604645,49.999998807907104,65.09527087211609,29.465543031692505
stim_55_harmonic.wav,50.00000238418579,49.999998807907104,57.12970018386841,31.825246810913086
stim_55_harmonic.wav,15.000000447034836,30.0,10.261807143688202,24.096922874450684
stim_55_harmonic.wav,20.000000149011612,0.0,34.280119836330414,31.493815183639526
stim_55_harmonic.wav,35.00000059604645,40.000001192092896,29.364024996757507,29.980283975601196
stim_55_harmonic.wav,54.99999940395355,10.000000298023224,63.62783432006836,20.127954483032227
stim_55_harmonic.wav,35.00000059604645,30.0,45.188618302345276,32.4031126499176
stim_55_harmonic.wav,10.000000074505806,20.000000596046448,32.45042145252228,32.675392627716064
stim_55_harmonic.wav,35.00000059604645,10.000000298023224,28.080915212631226,27.427040934562683
stim_55_harmonic.wav,25.000001192092896,60.0,35.546261966228485,26.732699275016785
stim_55_harmonic.wav,35.00000059604645,20.000000596046448,34.14456635713577,31.54901146888733
stim_55_harmonic.wav,10.000000074505806,40.000001192092896,44.8775115609169,24.918229579925537
stim_55_harmonic.wav,20.000000149011612,10.000000298023224,33.28046053647995,30.47036647796631
stim_55_harmonic.wav,30.00000089406967,40.000001192092896,38.789004385471344,27.384506464004517
stim_55_harmonic.wav,35.00000059604645,20.000000596046448,38.36715191602707,31.94911479949951
stim_55_harmonic.wav,5.000000037252903,20.000000596046448,33.170873522758484,28.0201917886734
stim_55_harmonic.wav,15.000000447034836,49.999998807907104,21.587894707918167,25.891342163085938
stim_55_harmonic.wav,25.000001192092896,30.0,50.01951277256012,30.564908981323242
stim_55_harmonic.wav,80.00000059604645,10.000000298023224,49.202420711517334,22.31932282447815
stim_55_harmonic.wav,10.000000074505806,49.999998807907104,12.453922927379608,31.119253635406494
stim_55_harmonic.wav,45.0,49.999998807907104,56.21399939060211,33.54879856109619
stim_55_harmonic.wav,74.99999821186066,30.0,57.56006598472595,25.089104175567627
stim_55_harmonic.wav,35.00000059604645,20.000000596046448,37.59775757789612,27.82133638858795
stim_55_harmonic.wav,74.99999821186066,20.000000596046448,70.30974268913269,16.491025686264038
stim_55_harmonic.wav,84.99999761581421,49.999998807907104,65.38792133331299,19.57206666469574
stim_55_harmonic.wav,25.000001192092896,40.000001192092896,24.837228655815125,24.184752702713013
stim_55_harmonic.wav,5.000000037252903,60.0,41.081780791282654,21.422021985054016
stim_55_harmonic.wav,20.000000149011612,60.0,23.708887696266174,21.33998215198517
stim_55_harmonic.wav,50.00000238418579,20.000000596046448,57.62297987937927,29.09505844116211
stim_55_harmonic.wav,90.0,30.0,64.19025599956512,22.79168665409088
stim_55_harmonic.wav,80.00000059604645,20.000000596046448,71.16921901702881,17.384934425354004
stim_55_harmonic.wav,64.9999988079071,20.000000596046448,60.170960426330566,23.442365527153015
stim_84_harmonic.wav,60.00000178813934,49.999998807907104,47.912723422050476,27.477829456329346
stim_84_harmonic.wav,50.00000238418579,49.999998807907104,45.330437421798706,32.17856526374817
stim_84_harmonic.wav,64.9999988079071,0.0,57.83254623413086,22.086421251296997
stim_84_harmonic.wav,5.000000037252903,0.0,26.917898654937744,30.420559644699097
stim_84_harmonic.wav,70.0000011920929,10.000000298023224,42.25021541118622,28.220842480659485
stim_84_harmonic.wav,45.0,20.000000596046448,41.09252572059631,28.505555391311646
stim_84_harmonic.wav,30.00000089406967,0.0,40.628189742565155,28.42335283756256
stim_84_harmonic.wav,0.0,20.000000596046448,40.2863073348999,28.45378339290619
stim_84_harmonic.wav,20.000000149011612,49.999998807907104,40.267647206783295,28.45495104789734
stim_84_harmonic.wav,50.00000238418579,10.000000298023224,42.27957218885422,28.231698274612427
stim_84_harmonic.wav,15.000000447034836,0.0,24.493862986564636,23.791911005973816
stim_84_harmonic.wav,5.000000037252903,49.999998807907104,39.209588170051575,28.49610686302185
stim_84_harmonic.wav,35.00000059604645,49.999998807907104,44.50028032064438,29.82378602027893
stim_84_harmonic.wav,20.000000149011612,0.0,39.72165405750275,28.471621870994568
stim_84_harmonic.wav,5.000000037252903,0.0,40.42801648378372,28.410592675209045
stim_84_harmonic.wav,5.000000037252903,10.000000298023224,39.680339992046356,28.594459891319275
stim_84_harmonic.wav,54.99999940395355,10.000000298023224,42.33236074447632,28.233847618103027
stim_84_harmonic.wav,74.99999821186066,40.000001192092896,44.967762529850006,27.67390787601471
stim_84_harmonic.wav,74.99999821186066,60.0,40.19357532262802,28.4175843000412
stim_84_harmonic.wav,35.00000059604645,0.0,42.14426279067993,31.487728357315063
stim_84_harmonic.wav,54.99999940395355,0.0,40.10518580675125,28.46036732196808
stim_84_harmonic.wav,54.99999940395355,20.000000596046448,42.2856205701828,28.18652093410492
stim_84_harmonic.wav,50.00000238418579,60.0,45.41019558906555,27.93421447277069
stim_84_harmonic.wav,15.000000447034836,10.000000298023224,19.72799062728882,30.4337739944458
stim_84_harmonic.wav,20.000000149011612,49.999998807907104,40.308824479579926,28.439687490463257
stim_84_harmonic.wav,45.0,40.000001192092896,41.92303955554962,28.316035866737366
stim_84_harmonic.wav,54.99999940395355,20.000000596046448,48.842843770980835,20.631220936775208
stim_84_harmonic.wav,80.00000059604645,30.0,53.083351850509644,32.60726809501648
stim_84_harmonic.wav,54.99999940395355,30.0,40.014688074588776,28.45145881175995
stim_84_harmonic.wav,54.99999940395355,30.0,46.46036624908447,24.397194385528564
stim_84_harmonic.wav,45.0,0.0,44.04924273490906,24.05953824520111
stim_84_harmonic.wav,25.000001192092896,20.000000596046448,40.76840490102768,28.403524160385132
stim_84_harmonic.wav,15.000000447034836,20.000000596046448,18.172234296798706,31.493303775787354
stim_84_harmonic.wav,35.00000059604645,0.0,40.49222320318222,28.413816690444946
stim_84_harmonic.wav,35.00000059604645,40.000001192092896,39.388083815574646,28.53869140148163
stim_84_harmonic.wav,80.00000059604645,40.000001192092896,50.451343059539795,26.240429878234863
stim_84_harmonic.wav,20.000000149011612,40.000001192092896,39.854031801223755,28.43882918357849
stim_84_harmonic.wav,10.000000074505806,10.000000298023224,40.95728874206543,28.37989568710327
stim_84_harmonic.wav,10.000000074505806,10.000000298023224,40.09471446275711,28.449422121047974
stim_84_harmonic.wav,90.0,30.0,40.79280763864517,28.43155324459076
stim_84_harmonic.wav,5.000000037252903,40.000001192092896,39.46681201457977,28.52925181388855
stim_84_harmonic.wav,15.000000447034836,30.0,21.948234736919403,26.788389086723328
stim_84_harmonic.wav,35.00000059604645,20.000000596046448,44.00252401828766,27.84295678138733
stim_84_harmonic.wav,15.000000447034836,0.0,40.33061474561691,28.42418074607849
stim_84_harmonic.wav,45.0,60.0,41.52477711439133,28.32131266593933
stim_84_harmonic.wav,80.00000059604645,40.000001192092896,54.14585530757904,30.73678493499756
stim_84_harmonic.wav,40.000000298023224,20.000000596046448,40.70113778114319,28.393181562423706
stim_84_harmonic.wav,40.000000298023224,49.999998807907104,41.086512207984924,30.446451902389526
stim_84_harmonic.wav,25.000001192092896,0.0,39.78182405233383,28.47527503967285
stim_84_harmonic.wav,64.9999988079071,30.0,51.97676360607147,28.07065486907959
stim_84_harmonic.wav,10.000000074505806,0.0,22.95822322368622,28.02623748779297
stim_84_harmonic.wav,20.000000149011612,20.000000596046448,42.51797765493393,28.174281120300293
stim_84_harmonic.wav,15.000000447034836,20.000000596046448,25.94994306564331,28.83069634437561
stim_84_harmonic.wav,5.000000037252903,20.000000596046448,42.09384799003601,28.11303734779358
stim_84_harmonic.wav,20.000000149011612,60.0,37.50300854444504,28.564648032188416
stim_84_harmonic.wav,60.00000178813934,20.000000596046448,41.4361247420311,28.349093198776245
stim_84_harmonic.wav,0.0,10.000000298023224,39.782609939575195,28.504990339279175
stim_84_harmonic.wav,64.9999988079071,10.000000298023224,43.65400314331055,27.909411191940308
stim_84_harmonic.wav,30.00000089406967,20.000000596046448,40.81428945064545,28.397435545921326
stim_84_harmonic.wav,15.000000447034836,10.000000298023224,40.15311151742935,28.431615829467773
stim_84_harmonic.wav,10.000000074505806,30.0,38.91190320253372,28.610978722572327
stim_84_harmonic.wav,45.0,0.0,48.1112015247345,19.942687153816223
stim_84_harmonic.wav,80.00000059604645,60.0,41.60153657197952,28.33250641822815
stim_84_harmonic.wav,5.000000037252903,40.000001192092896,29.15130704641342,31.197584867477417
stim_84_harmonic.wav,0.0,40.000001192092896,39.21401917934418,28.499940633773804
stim_84_harmonic.wav,5.000000037252903,10.000000298023224,22.80744820833206,31.10619306564331
stim_84_harmonic.wav,64.9999988079071,60.0,41.52157187461853,28.335299491882324
stim_84_harmonic.wav,25.000001192092896,30.0,27.23559021949768,29.992858171463013
stim_84_harmonic.wav,80.00000059604645,30.0,41.40151619911194,28.354568481445312
stim_84_harmonic.wav,54.99999940395355,30.0,46.766175627708435,24.37115728855133
stim_84_harmonic.wav,80.00000059604645,40.000001192092896,42.24452644586563,28.424631357192993
stim_84_harmonic.wav,54.99999940395355,0.0,39.627709686756134,28.487534523010254
stim_84_harmonic.wav,40.000000298023224,0.0,46.344956159591675,31.138687133789062
stim_84_harmonic.wav,5.000000037252903,40.000001192092896,34.79252099990845,29.916617274284363
stim_84_harmonic.wav,50.00000238418579,40.000001192092896,48.06624233722687,35.81995368003845
stim_84_harmonic.wav,80.00000059604645,0.0,64.07517313957214,18.524054288864136
stim_84_harmonic.wav,60.00000178813934,20.000000596046448,45.16996622085571,29.683130979537964
stim_84_harmonic.wav,20.000000149011612,30.0,39.81628775596619,28.460029363632202
stim_84_harmonic.wav,15.000000447034836,40.000001192092896,40.510684847831726,28.42860996723175
stim_84_harmonic.wav,15.000000447034836,60.0,40.18251657485962,28.45054864883423
stim_84_harmonic.wav,64.9999988079071,30.0,42.52890765666962,28.08111548423767
stim_84_harmonic.wav,40.000000298023224,49.999998807907104,41.453556418418884,28.337282538414
stim_84_harmonic.wav,60.00000178813934,30.0,43.10518026351929,28.396475315093994
stim_84_harmonic.wav,15.000000447034836,60.0,22.305526435375214,33.19509744644165
stim_84_harmonic.wav,30.00000089406967,30.0,41.33760184049606,28.37103545665741
stim_84_harmonic.wav,45.0,60.0,41.20988309383392,28.34598183631897
stim_84_harmonic.wav,10.000000074505806,60.0,21.327080726623535,33.63784432411194
stim_84_harmonic.wav,74.99999821186066,10.000000298023224,65.70955038070679,18.67900550365448
stim_84_harmonic.wav,10.000000074505806,20.000000596046448,39.90830361843109,28.449482917785645
stim_84_harmonic.wav,50.00000238418579,49.999998807907104,43.19864183664322,28.038378953933716
stim_84_harmonic.wav,84.99999761581421,20.000000596046448,64.80683147907257,24.20812726020813
stim_84_harmonic.wav,35.00000059604645,49.999998807907104,40.080370008945465,28.459380269050598
stim_84_harmonic.wav,40.000000298023224,40.000001192092896,41.35424226522446,28.350014090538025
stim_84_harmonic.wav,45.0,49.999998807907104,46.45812392234802,25.642447471618652
stim_84_harmonic.wav,74.99999821186066,10.000000298023224,45.219839215278625,27.64523684978485
stim_84_harmonic.wav,60.00000178813934,49.999998807907104,49.978930950164795,32.45049476623535
stim_84_harmonic.wav,64.9999988079071,40.000001192092896,43.41668665409088,27.95859932899475
stim_84_harmonic.wav,70.0000011920929,30.0,40.68709373474121,28.418219089508057
stim_84_harmonic.wav,74.99999821186066,10.000000298023224,60.36157965660095,20.553971529006958
stim_84_harmonic.wav,35.00000059604645,60.0,43.905597031116486,27.831879258155823
stim_84_harmonic.wav,64.9999988079071,60.0,50.88748097419739,28.014782667160034
stim_84_harmonic.wav,5.000000037252903,30.0,22.742085456848145,33.0675995349884
stim_84_harmonic.wav,5.000000037252903,60.0,19.714711010456085,36.9436776638031
stim_84_harmonic.wav,30.00000089406967,10.000000298023224,38.87117654085159,28.515032529830933
stim_84_harmonic.wav,90.0,30.0,42.86735951900482,28.083860278129578
stim_84_harmonic.wav,30.00000089406967,60.0,40.4990816116333,28.40419828891754
stim_84_harmonic.wav,35.00000059604645,20.000000596046448,40.37930220365524,28.426961302757263
stim_84_harmonic.wav,30.00000089406967,49.999998807907104,32.40912616252899,32.19440460205078
stim_84_harmonic.wav,74.99999821186066,40.000001192092896,41.90678536891937,28.34229290485382
stim_84_harmonic.wav,80.00000059604645,49.999998807907104,40.923055708408356,28.425105214118958
stim_84_harmonic.wav,20.000000149011612,40.000001192092896,22.04501286149025,27.08397924900055
stim_84_harmonic.wav,84.99999761581421,10.000000298023224,41.2513393163681,28.356832265853882
stim_84_harmonic.wav,25.000001192092896,30.0,39.20375436544418,28.50309669971466
stim_84_harmonic.wav,80.00000059604645,60.0,55.377187728881836,24.354779720306396
stim_84_harmonic.wav,70.0000011920929,60.0,43.17807734012604,28.12050461769104
stim_84_harmonic.wav,90.0,20.000000596046448,57.244402170181274,20.180068016052246
stim_84_harmonic.wav,90.0,49.999998807907104,49.50113832950592,23.053237795829773
stim_84_harmonic.wav,30.00000089406967,49.999998807907104,32.65996903181076,31.631755828857422
stim_84_harmonic.wav,35.00000059604645,30.0,41.08443886041641,28.387561440467834
stim_84_harmonic.wav,40.000000298023224,0.0,43.680750131607056,30.027769804000854
stim_84_harmonic.wav,80.00000059604645,20.000000596046448,62.778748869895935,19.8063325881958
stim_84_harmonic.wav,74.99999821186066,0.0,40.73205292224884,28.40935707092285
stim_84_harmonic.wav,15.000000447034836,10.000000298023224,39.46742624044418,28.564136624336243
stim_84_harmonic.wav,25.000001192092896,60.0,39.52043741941452,28.472211956977844
stim_84_harmonic.wav,25.000001192092896,20.000000596046448,33.70792955160141,33.92575263977051
stim_84_harmonic.wav,25.000001192092896,49.999998807907104,29.988639056682587,36.5816330909729
stim_84_harmonic.wav,0.0,0.0,37.10413724184036,28.704864978790283
stim_84_harmonic.wav,90.0,10.000000298023224,41.770285069942474,28.381083011627197
stim_84_harmonic.wav,5.000000037252903,20.000000596046448,41.636662781238556,28.32855463027954
stim_63_harmonic.wav,15.000000447034836,60.0,14.023058116436005,38.630990982055664
stim_63_harmonic.wav,74.99999821186066,10.000000298023224,39.73457157611847,28.276008367538452
stim_63_harmonic.wav,35.00000059604645,60.0,32.81954973936081,16.724027395248413
stim_63_harmonic.wav,30.00000089406967,20.000000596046448,33.32996606826782,26.275046467781067
stim_63_harmonic.wav,30.00000089406967,49.999998807907104,31.822510957717896,32.574065923690796
stim_63_harmonic.wav,40.000000298023224,60.0,42.21406191587448,25.437414050102234
stim_63_harmonic.wav,80.00000059604645,0.0,51.81694149971008,16.257609128952026
stim_63_harmonic.wav,5.000000037252903,60.0,21.973021030426025,24.567294716835022
stim_63_harmonic.wav,10.000000074505806,10.000000298023224,17.11035043001175,33.34768295288086
stim_63_harmonic.wav,15.000000447034836,40.000001192092896,17.60424166917801,37.12105751037598
stim_63_harmonic.wav,5.000000037252903,30.0,24.35032457113266,31.57732844352722
stim_63_harmonic.wav,20.000000149011612,40.000001192092896,31.84599369764328,29.26673948764801
stim_63_harmonic.wav,90.0,20.000000596046448,56.93734288215637,10.848028063774109
stim_63_harmonic.wav,35.00000059604645,20.000000596046448,35.7197231054306,23.68483006954193
stim_63_harmonic.wav,74.99999821186066,20.000000596046448,59.33799505233765,18.910800218582153
stim_63_harmonic.wav,60.00000178813934,30.0,46.3630074262619,29.46113884449005
stim_63_harmonic.wav,54.99999940395355,20.000000596046448,60.18578767776489,32.87861108779907
stim_63_harmonic.wav,74.99999821186066,40.000001192092896,50.32681345939636,31.146233081817627
stim_63_harmonic.wav,45.0,60.0,38.12108874320984,25.366880893707275
stim_63_harmonic.wav,20.000000149011612,40.000001192092896,32.20112353563309,30.691230297088623
stim_63_harmonic.wav,5.000000037252903,30.0,15.38722425699234,30.231614112854004
stim_63_harmonic.wav,0.0,49.999998807907104,8.574853241443634,28.925426602363586
stim_63_harmonic.wav,84.99999761581421,60.0,46.82364463806152,21.89653515815735
stim_63_harmonic.wav,50.00000238418579,60.0,50.280046463012695,18.18771243095398
stim_63_harmonic.wav,80.00000059604645,49.999998807907104,32.99226254224777,27.619916796684265
stim_63_harmonic.wav,20.000000149011612,30.0,31.300413608551025,28.471593260765076
stim_63_harmonic.wav,80.00000059604645,30.0,63.704336285591125,27.390722036361694
stim_63_harmonic.wav,70.0000011920929,30.0,62.41385579109192,29.05229687690735
stim_63_harmonic.wav,15.000000447034836,40.000001192092896,18.067802488803864,34.715391397476196
stim_63_harmonic.wav,54.99999940395355,60.0,47.95815467834473,18.190287351608276
stim_63_harmonic.wav,74.99999821186066,60.0,64.79785144329071,32.241783142089844
stim_63_harmonic.wav,64.9999988079071,10.000000298023224,65.47482490539551,22.402782440185547
stim_63_harmonic.wav,30.00000089406967,30.0,32.91447579860687,25.00467360019684
stim_63_harmonic.wav,25.000001192092896,49.999998807907104,27.509915828704834,33.94984245300293
stim_63_harmonic.wav,10.000000074505806,49.999998807907104,30.92753827571869,29.073498845100403
stim_63_harmonic.wav,50.00000238418579,10.000000298023224,58.034870624542236,37.84827947616577
stim_63_harmonic.wav,40.000000298023224,0.0,42.91342377662659,28.8906329870224
stim_63_harmonic.wav,5.000000037252903,30.0,36.61938160657883,32.396249771118164
stim_63_harmonic.wav,40.000000298023224,40.000001192092896,34.51436251401901,28.94535183906555
stim_63_harmonic.wav,30.00000089406967,60.0,36.44577294588089,28.151212334632874
stim_63_harmonic.wav,0.0,10.000000298023224,15.894977152347565,26.794055700302124
stim_63_harmonic.wav,40.000000298023224,60.0,33.87245088815689,24.150631427764893
stim_63_harmonic.wav,64.9999988079071,40.000001192092896,49.43256497383118,32.55353093147278
stim_63_harmonic.wav,70.0000011920929,10.000000298023224,62.47324526309967,17.340999841690063
stim_63_harmonic.wav,84.99999761581421,0.0,42.43812561035156,26.223467588424683
stim_63_harmonic.wav,80.00000059604645,20.000000596046448,66.35692834854126,12.392685413360596
stim_63_harmonic.wav,15.000000447034836,60.0,32.59569525718689,32.88328528404236
stim_63_harmonic.wav,35.00000059604645,60.0,42.099097073078156,23.891825079917908
stim_63_harmonic.wav,50.00000238418579,30.0,46.209150552749634,16.90824866294861
stim_63_harmonic.wav,64.9999988079071,60.0,62.1890652179718,26.74555778503418
stim_63_harmonic.wav,74.99999821186066,60.0,49.76080298423767,28.178624510765076
stim_63_harmonic.wav,64.9999988079071,49.999998807907104,58.43057155609131,34.72426772117615
stim_63_harmonic.wav,45.0,30.0,41.129207611083984,27.529426217079163
stim_63_harmonic.wav,0.0,0.0,8.911119103431702,28.36190164089203
stim_63_harmonic.wav,84.99999761581421,10.000000298023224,62.02733874320984,20.26623845100403
stim_63_harmonic.wav,25.000001192092896,40.000001192092896,22.91014462709427,26.111222505569458
stim_63_harmonic.wav,10.000000074505806,40.000001192092896,20.74321210384369,37.15582609176636
stim_63_harmonic.wav,70.0000011920929,20.000000596046448,58.09502184391022,29.973714351654053
stim_63_harmonic.wav,54.99999940395355,10.000000298023224,48.63429665565491,31.589902639389038
stim_63_harmonic.wav,0.0,60.0,33.78289461135864,28.591182231903076
stim_63_harmonic.wav,15.000000447034836,0.0,36.67916268110275,26.179250478744507
stim_63_harmonic.wav,15.000000447034836,60.0,14.347873628139496,40.53878903388977
stim_63_harmonic.wav,20.000000149011612,20.000000596046448,41.11026048660278,31.016879081726074
stim_63_harmonic.wav,25.000001192092896,30.0,35.15644580125809,25.850306153297424
stim_63_harmonic.wav,45.0,49.999998807907104,58.893080949783325,33.78259062767029
stim_63_harmonic.wav,20.000000149011612,10.000000298023224,32.2971573472023,24.890445470809937
stim_63_harmonic.wav,0.0,0.0,26.787736415863037,27.243520617485046
stim_63_harmonic.wav,60.00000178813934,30.0,57.241408824920654,25.500031113624573
stim_63_harmonic.wav,84.99999761581421,30.0,59.75611388683319,37.272305488586426
stim_63_harmonic.wav,35.00000059604645,60.0,37.311804592609406,22.20238208770752
stim_63_harmonic.wav,20.000000149011612,49.999998807907104,23.582644164562225,36.00102782249451
stim_63_harmonic.wav,5.000000037252903,10.000000298023224,38.780139684677124,26.233237981796265
stim_63_harmonic.wav,64.9999988079071,20.000000596046448,69.240882396698,30.24697780609131
stim_63_harmonic.wav,80.00000059604645,40.000001192092896,61.29592180252075,25.024309158325195
stim_63_harmonic.wav,40.000000298023224,40.000001192092896,33.485552966594696,27.191380262374878
stim_63_harmonic.wav,10.000000074505806,49.999998807907104,21.10525667667389,30.128248929977417
stim_63_harmonic.wav,15.000000447034836,10.000000298023224,14.182574450969696,31.396411657333374
stim_63_harmonic.wav,15.000000447034836,20.000000596046448,39.67370688915253,25.89463233947754
stim_63_harmonic.wav,40.000000298023224,20.000000596046448,56.259634494781494,30.465456247329712
stim_63_harmonic.wav,5.000000037252903,60.0,36.63157761096954,25.414525866508484
stim_63_harmonic.wav,70.0000011920929,0.0,63.3790647983551,18.172287940979004
stim_63_harmonic.wav,10.000000074505806,40.000001192092896,39.011571407318115,29.076122045516968
stim_63_harmonic.wav,74.99999821186066,40.000001192092896,58.956778049468994,32.86353349685669
stim_63_harmonic.wav,50.00000238418579,10.000000298023224,60.560293793678284,31.22038722038269
stim_63_harmonic.wav,20.000000149011612,49.999998807907104,21.560644805431366,29.46125328540802
stim_63_harmonic.wav,60.00000178813934,40.000001192092896,53.45695674419403,33.04942488670349
stim_63_harmonic.wav,15.000000447034836,30.0,22.065589427947998,33.546985387802124
stim_63_harmonic.wav,0.0,30.0,22.950973212718964,26.92717730998993
stim_63_harmonic.wav,10.000000074505806,49.999998807907104,39.740413427352905,26.56570851802826
stim_63_harmonic.wav,15.000000447034836,0.0,28.70778501033783,21.554680466651917
stim_63_harmonic.wav,64.9999988079071,49.999998807907104,44.37535643577576,28.93812596797943
stim_63_harmonic.wav,45.0,49.999998807907104,35.042272210121155,28.64726185798645
stim_63_harmonic.wav,40.000000298023224,30.0,46.086766719818115,27.910271286964417
stim_63_harmonic.wav,5.000000037252903,49.999998807907104,15.630103647708893,39.51716423034668
stim_63_harmonic.wav,74.99999821186066,30.0,64.89774227142334,31.726137399673462
stim_63_harmonic.wav,30.00000089406967,10.000000298023224,29.293166399002075,11.05622112751007
stim_63_harmonic.wav,80.00000059604645,0.0,34.80537682771683,23.92953872680664
stim_63_harmonic.wav,80.00000059604645,40.000001192092896,59.93808031082153,32.23829984664917
stim_63_harmonic.wav,30.00000089406967,0.0,39.10959541797638,28.406580090522766
stim_63_harmonic.wav,60.00000178813934,60.0,63.5674524307251,31.634902954101562
stim_63_harmonic.wav,70.0000011920929,0.0,38.590362668037415,26.243891716003418
stim_63_harmonic.wav,35.00000059604645,20.000000596046448,45.02877473831177,27.014198899269104
stim_63_harmonic.wav,0.0,0.0,33.37275266647339,29.201576113700867
stim_63_harmonic.wav,30.00000089406967,30.0,33.852503299713135,20.946768522262573
stim_63_harmonic.wav,30.00000089406967,40.000001192092896,44.40044581890106,31.316839456558228
stim_63_harmonic.wav,84.99999761581421,40.000001192092896,58.436429500579834,28.660537004470825
stim_63_harmonic.wav,80.00000059604645,30.0,54.652143716812134,26.5076744556427
stim_63_harmonic.wav,10.000000074505806,10.000000298023224,16.688629388809204,32.488253116607666
stim_63_harmonic.wav,54.99999940395355,40.000001192092896,50.63380837440491,31.387628316879272
stim_63_harmonic.wav,64.9999988079071,49.999998807907104,60.12760519981384,35.155946016311646
stim_63_harmonic.wav,15.000000447034836,49.999998807907104,22.997627556324005,30.731388330459595
stim_63_harmonic.wav,15.000000447034836,20.000000596046448,32.32935458421707,25.02493143081665
stim_63_harmonic.wav,40.000000298023224,30.0,49.021629095077515,28.70598077774048
stim_63_harmonic.wav,80.00000059604645,0.0,39.534709453582764,29.17875051498413
stim_63_harmonic.wav,10.000000074505806,10.000000298023224,29.51303243637085,27.378594875335693
stim_63_harmonic.wav,35.00000059604645,30.0,34.998294711112976,24.95094895362854
stim_63_harmonic.wav,40.000000298023224,20.000000596046448,48.262585401535034,17.531198859214783
stim_63_harmonic.wav,54.99999940395355,20.000000596046448,54.10598158836365,27.838463187217712
stim_63_harmonic.wav,54.99999940395355,30.0,57.61874735355377,29.946407675743103
stim_63_harmonic.wav,20.000000149011612,20.000000596046448,33.97989213466644,28.699015974998474
stim_63_harmonic.wav,10.000000074505806,20.000000596046448,24.677532613277435,24.405773878097534
stim_63_harmonic.wav,74.99999821186066,60.0,57.411707639694214,31.500070095062256
stim_63_harmonic.wav,5.000000037252903,0.0,13.943337500095367,29.80611026287079
stim_63_harmonic.wav,90.0,20.000000596046448,59.98040020465851,9.878579378128052
stim_63_harmonic.wav,25.000001192092896,30.0,30.973717868328094,26.42790198326111
stim_63_harmonic.wav,10.000000074505806,30.0,19.341878592967987,26.3011372089386
stim_63_harmonic.wav,70.0000011920929,0.0,46.628594398498535,19.53042984008789
stim_63_harmonic.wav,84.99999761581421,0.0,69.31377410888672,7.904157042503357
stim_63_harmonic.wav,45.0,40.000001192092896,46.19947850704193,30.462419986724854
stim_63_harmonic.wav,10.000000074505806,20.000000596046448,17.027786672115326,30.396333932876587
stim_63_harmonic.wav,20.000000149011612,20.000000596046448,35.887221693992615,25.51739752292633
stim_63_harmonic.wav,40.000000298023224,0.0,45.0284743309021,28.271151781082153
stim_63_harmonic.wav,80.00000059604645,30.0,63.162792921066284,24.593331813812256
stim_63_harmonic.wav,25.000001192092896,40.000001192092896,31.86306059360504,28.475764989852905
stim_58_harmonic.wav,40.000000298023224,60.0,55.67441940307617,31.72739267349243
stim_58_harmonic.wav,40.000000298023224,20.000000596046448,55.049153566360474,39.78967308998108
stim_58_harmonic.wav,64.9999988079071,20.000000596046448,47.192614674568176,33.22389364242554
stim_58_harmonic.wav,50.00000238418579,49.999998807907104,46.09062910079956,24.336522817611694
stim_58_harmonic.wav,54.99999940395355,20.000000596046448,62.85707473754883,33.31806778907776
stim_58_harmonic.wav,70.0000011920929,40.000001192092896,58.380457162857056,35.725826025009155
stim_58_harmonic.wav,15.000000447034836,60.0,27.393014430999756,31.043057441711426
stim_58_harmonic.wav,60.00000178813934,20.000000596046448,51.62168204784393,34.51407551765442
stim_58_harmonic.wav,20.000000149011612,60.0,28.89267772436142,18.055332899093628
stim_58_harmonic.wav,84.99999761581421,0.0,31.159554719924927,26.628756523132324
stim_58_harmonic.wav,20.000000149011612,49.999998807907104,28.834664225578308,27.43791103363037
stim_58_harmonic.wav,70.0000011920929,30.0,64.72014784812927,25.322059392929077
stim_58_harmonic.wav,80.00000059604645,30.0,67.87617444992065,30.42281985282898
stim_58_harmonic.wav,45.0,0.0,42.04022526741028,30.25784969329834
stim_58_harmonic.wav,45.0,40.000001192092896,46.84800982475281,37.753357887268066
stim_58_harmonic.wav,20.000000149011612,49.999998807907104,30.817846655845642,32.08277463912964
stim_58_harmonic.wav,60.00000178813934,60.0,65.04603624343872,31.54391884803772
stim_58_harmonic.wav,54.99999940395355,60.0,55.05864858627319,34.29831862449646
stim_58_harmonic.wav,20.000000149011612,60.0,27.92547047138214,24.56745743751526
stim_58_harmonic.wav,64.9999988079071,60.0,57.112330198287964,29.365897178649902
stim_58_harmonic.wav,60.00000178813934,20.000000596046448,62.365050315856934,33.84183168411255
stim_58_harmonic.wav,45.0,20.000000596046448,40.47995209693909,32.965428829193115
stim_58_harmonic.wav,15.000000447034836,49.999998807907104,41.3459837436676,24.635193943977356
stim_58_harmonic.wav,20.000000149011612,20.000000596046448,45.11190176010132,34.23693537712097
stim_58_harmonic.wav,60.00000178813934,60.0,44.53233540058136,29.478591084480286
stim_58_harmonic.wav,45.0,49.999998807907104,46.428877115249634,38.130669593811035
stim_58_harmonic.wav,45.0,20.000000596046448,49.862603545188904,32.143120765686035
stim_58_harmonic.wav,15.000000447034836,49.999998807907104,27.54643142223358,27.523072957992554
stim_58_harmonic.wav,40.000000298023224,49.999998807907104,34.08701419830322,25.992234349250793
stim_58_harmonic.wav,60.00000178813934,49.999998807907104,44.26500767469406,30.067752599716187
stim_58_harmonic.wav,35.00000059604645,10.000000298023224,35.01512289047241,27.409136295318604
stim_58_harmonic.wav,20.000000149011612,40.000001192092896,26.93419575691223,32.26719617843628
stim_58_harmonic.wav,45.0,60.0,51.6776168346405,28.42849373817444
stim_58_harmonic.wav,74.99999821186066,60.0,61.39131188392639,25.980353951454163
stim_58_harmonic.wav,84.99999761581421,30.0,67.31243848800659,27.75629460811615
stim_58_harmonic.wav,64.9999988079071,30.0,67.29690313339233,30.805424451828003
stim_58_harmonic.wav,0.0,30.0,36.99391186237335,32.984172105789185
stim_58_harmonic.wav,45.0,10.000000298023224,57.48479783535004,32.43887186050415
stim_58_harmonic.wav,30.00000089406967,20.000000596046448,39.984617829322815,32.44339942932129
stim_58_harmonic.wav,40.000000298023224,30.0,35.585376620292664,35.03527879714966
stim_58_harmonic.wav,84.99999761581421,60.0,64.8178768157959,20.92609941959381
stim_58_harmonic.wav,60.00000178813934,30.0,58.44683647155762,27.270546555519104
stim_58_harmonic.wav,10.000000074505806,10.000000298023224,39.55596596002579,30.349738597869873
stim_58_harmonic.wav,50.00000238418579,0.0,61.69545292854309,25.775853395462036
stim_58_harmonic.wav,70.0000011920929,60.0,69.72682356834412,27.70370364189148
stim_58_harmonic.wav,25.000001192092896,30.0,38.4249883890152,32.804192304611206
stim_58_harmonic.wav,40.000000298023224,20.000000596046448,45.98622143268585,31.28349781036377
stim_58_harmonic.wav,74.99999821186066,10.000000298023224,60.661606192588806,24.08243179321289
stim_58_harmonic.wav,20.000000149011612,40.000001192092896,24.49888676404953,32.03122615814209
stim_58_harmonic.wav,15.000000447034836,20.000000596046448,24.57529217004776,32.270439863204956
stim_58_harmonic.wav,70.0000011920929,30.0,59.56658899784088,31.452609300613403
stim_58_harmonic.wav,35.00000059604645,10.000000298023224,46.58122658729553,32.92970538139343
stim_58_harmonic.wav,45.0,0.0,56.10060095787048,41.910502910614014
stim_58_harmonic.wav,30.00000089406967,49.999998807907104,25.727510154247284,29.57019567489624
stim_58_harmonic.wav,35.00000059604645,49.999998807907104,48.22155833244324,36.44432544708252
stim_58_harmonic.wav,50.00000238418579,0.0,53.68725657463074,35.50385355949402
stim_58_harmonic.wav,64.9999988079071,40.000001192092896,54.09472703933716,25.22537648677826
stim_58_harmonic.wav,15.000000447034836,20.000000596046448,25.998949706554413,26.428504586219788
stim_58_harmonic.wav,64.9999988079071,10.000000298023224,64.61290240287781,25.64509928226471
stim_58_harmonic.wav,5.000000037252903,10.000000298023224,16.331104338169098,24.53992009162903
stim_58_harmonic.wav,35.00000059604645,0.0,35.93165248632431,29.730534553527832
stim_58_harmonic.wav,70.0000011920929,49.999998807907104,31.186795234680176,30.971392393112183
stim_58_harmonic.wav,35.00000059604645,20.000000596046448,50.89558660984039,37.88327693939209
stim_58_harmonic.wav,10.000000074505806,60.0,17.027628421783447,35.650455951690674
stim_58_harmonic.wav,20.000000149011612,40.000001192092896,26.918172240257263,33.28849196434021
stim_58_harmonic.wav,80.00000059604645,0.0,57.790194153785706,18.683547377586365
stim_58_harmonic.wav,5.000000037252903,10.000000298023224,18.181053400039673,33.44663143157959
stim_58_harmonic.wav,20.000000149011612,40.000001192092896,29.03072029352188,32.12430953979492
stim_58_harmonic.wav,90.0,40.000001192092896,40.42696237564087,23.718899488449097
stim_58_harmonic.wav,40.000000298023224,0.0,34.23189640045166,30.13895273208618
stim_58_harmonic.wav,15.000000447034836,10.000000298023224,15.675154030323029,26.882248520851135
stim_58_harmonic.wav,5.000000037252903,60.0,31.218222677707672,29.83237624168396
stim_58_harmonic.wav,54.99999940395355,20.000000596046448,56.918030977249146,24.91188883781433
stim_58_harmonic.wav,54.99999940395355,10.000000298023224,60.627150535583496,37.808754444122314
stim_58_harmonic.wav,54.99999940395355,30.0,60.145313143730164,32.441017627716064
stim_58_harmonic.wav,35.00000059604645,40.000001192092896,44.673033356666565,29.424793124198914
stim_58_harmonic.wav,54.99999940395355,49.999998807907104,37.57753103971481,35.27353763580322
stim_58_harmonic.wav,15.000000447034836,40.000001192092896,34.1854727268219,28.742347955703735
stim_58_harmonic.wav,20.000000149011612,60.0,31.960781514644623,20.938414335250854
stim_58_harmonic.wav,74.99999821186066,10.000000298023224,64.35313582420349,17.659378051757812
stim_58_harmonic.wav,84.99999761581421,40.000001192092896,65.01176297664642,31.852991580963135
stim_58_harmonic.wav,74.99999821186066,60.0,50.193384289741516,28.245402574539185
stim_58_harmonic.wav,54.99999940395355,10.000000298023224,58.877588510513306,29.205565452575684
stim_58_harmonic.wav,50.00000238418579,60.0,58.64684879779816,35.218656063079834
stim_58_harmonic.wav,20.000000149011612,30.0,31.39689266681671,34.31305646896362
stim_58_harmonic.wav,0.0,49.999998807907104,36.18229418992996,29.143803119659424
stim_58_harmonic.wav,15.000000447034836,20.000000596046448,25.38375824689865,31.17844820022583
stim_58_harmonic.wav,60.00000178813934,40.000001192092896,39.65458810329437,29.670658707618713
stim_58_harmonic.wav,35.00000059604645,10.000000298023224,40.29199630022049,32.79972553253174
stim_58_harmonic.wav,60.00000178813934,30.0,50.38111746311188,25.89280664920807
stim_58_harmonic.wav,70.0000011920929,10.000000298023224,63.148781061172485,21.92202866077423
stim_58_harmonic.wav,20.000000149011612,10.000000298023224,26.242263615131378,24.196715354919434
stim_58_harmonic.wav,25.000001192092896,20.000000596046448,36.734129190444946,28.973953127861023
stim_58_harmonic.wav,40.000000298023224,60.0,51.003180742263794,34.82297658920288
stim_58_harmonic.wav,35.00000059604645,40.000001192092896,43.716466426849365,29.95420753955841
stim_58_harmonic.wav,15.000000447034836,10.000000298023224,23.52455824613571,37.45871186256409
stim_58_harmonic.wav,20.000000149011612,0.0,42.39221692085266,35.93960881233215
stim_58_harmonic.wav,25.000001192092896,30.0,49.78204607963562,31.12183928489685
stim_58_harmonic.wav,90.0,49.999998807907104,62.703813314437866,35.17230033874512
stim_58_harmonic.wav,64.9999988079071,10.000000298023224,44.4463974237442,27.552237510681152
stim_58_harmonic.wav,60.00000178813934,60.0,65.49567103385925,37.14805841445923
stim_58_harmonic.wav,54.99999940395355,10.000000298023224,56.0318398475647,26.80224359035492
stim_58_harmonic.wav,54.99999940395355,20.000000596046448,51.47278189659119,38.13016176223755
stim_58_harmonic.wav,60.00000178813934,0.0,34.585615396499634,31.080665588378906
stim_58_harmonic.wav,70.0000011920929,10.000000298023224,47.84547507762909,23.43380570411682
stim_58_harmonic.wav,70.0000011920929,49.999998807907104,55.300133228302,34.236305952072144
stim_58_harmonic.wav,64.9999988079071,30.0,61.21187746524811,35.56011199951172
stim_58_harmonic.wav,74.99999821186066,30.0,59.767277240753174,23.95665407180786
stim_58_harmonic.wav,70.0000011920929,30.0,49.158174991607666,39.49100732803345
stim_58_harmonic.wav,5.000000037252903,30.0,16.539908945560455,29.96380627155304
stim_58_harmonic.wav,30.00000089406967,20.000000596046448,33.81098002195358,22.324140071868896
stim_58_harmonic.wav,5.000000037252903,0.0,28.985613584518433,26.219735741615295
stim_58_harmonic.wav,30.00000089406967,20.000000596046448,35.47325223684311,25.682283639907837
stim_58_harmonic.wav,54.99999940395355,60.0,54.71385598182678,37.74770379066467
stim_58_harmonic.wav,74.99999821186066,40.000001192092896,62.57635474205017,21.530474424362183
stim_58_harmonic.wav,80.00000059604645,10.000000298023224,63.952011466026306,25.997761487960815
stim_96_harmonic.wav,5.000000037252903,49.999998807907104,40.536713004112244,28.424729704856873
stim_96_harmonic.wav,80.00000059604645,40.000001192092896,41.96625530719757,28.54669690132141
stim_96_harmonic.wav,10.000000074505806,0.0,39.968226850032806,28.563473224639893
stim_96_harmonic.wav,74.99999821186066,0.0,40.298951268196106,28.445904850959778
stim_96_harmonic.wav,80.00000059604645,40.000001192092896,40.974983274936676,28.4037584066391
stim_96_harmonic.wav,45.0,20.000000596046448,42.04262584447861,29.49296772480011
stim_96_harmonic.wav,54.99999940395355,40.000001192092896,39.92327302694321,29.457830786705017
stim_96_harmonic.wav,90.0,10.000000298023224,40.711475014686584,28.409568071365356
stim_96_harmonic.wav,70.0000011920929,30.0,51.33405804634094,29.831024408340454
stim_96_harmonic.wav,15.000000447034836,10.000000298023224,40.48464059829712,28.433613181114197
stim_96_harmonic.wav,15.000000447034836,40.000001192092896,40.361366271972656,28.447980880737305
stim_96_harmonic.wav,80.00000059604645,30.0,44.237933456897736,30.129146575927734
stim_96_harmonic.wav,5.000000037252903,40.000001192092896,41.22598171234131,28.35517108440399
stim_96_harmonic.wav,20.000000149011612,49.999998807907104,36.991731226444244,28.582509756088257
stim_96_harmonic.wav,25.000001192092896,0.0,40.39005249738693,28.455925583839417
stim_96_harmonic.wav,84.99999761581421,49.999998807907104,41.54062896966934,33.05964946746826
stim_96_harmonic.wav,15.000000447034836,10.000000298023224,29.80841875076294,29.347005486488342
stim_96_harmonic.wav,0.0,49.999998807907104,41.11266642808914,28.53482186794281
stim_96_harmonic.wav,10.000000074505806,60.0,31.9362473487854,30.054012537002563
stim_96_harmonic.wav,84.99999761581421,30.0,41.39299213886261,28.343190550804138
stim_96_harmonic.wav,70.0000011920929,49.999998807907104,40.757651925086975,28.484249711036682
stim_96_harmonic.wav,64.9999988079071,30.0,41.229302287101746,28.35718810558319
stim_96_harmonic.wav,74.99999821186066,20.000000596046448,37.30486035346985,26.722882390022278
stim_96_harmonic.wav,64.9999988079071,20.000000596046448,49.933252930641174,26.72810733318329
stim_96_harmonic.wav,20.000000149011612,49.999998807907104,40.83029955625534,28.407175540924072
stim_96_harmonic.wav,50.00000238418579,30.0,40.884745717048645,28.389755487442017
stim_96_harmonic.wav,84.99999761581421,0.0,40.80240458250046,28.41054081916809
stim_96_harmonic.wav,64.9999988079071,49.999998807907104,40.581125020980835,28.414726853370667
stim_96_harmonic.wav,10.000000074505806,30.0,39.18107360601425,28.679049611091614
stim_96_harmonic.wav,40.000000298023224,49.999998807907104,40.0027871131897,28.452696204185486
stim_96_harmonic.wav,64.9999988079071,30.0,40.77723741531372,28.409398198127747
stim_96_harmonic.wav,40.000000298023224,60.0,40.77860802412033,28.424570560455322
stim_96_harmonic.wav,50.00000238418579,60.0,43.97174835205078,26.763097643852234
stim_96_harmonic.wav,70.0000011920929,20.000000596046448,37.15156674385071,30.15190601348877
stim_96_harmonic.wav,5.000000037252903,20.000000596046448,33.71330738067627,30.104827880859375
stim_96_harmonic.wav,45.0,30.0,40.54860860109329,27.582051157951355
stim_96_harmonic.wav,74.99999821186066,0.0,40.744281113147736,28.419411778450012
stim_96_harmonic.wav,40.000000298023224,49.999998807907104,39.87580060958862,28.474450707435608
stim_96_harmonic.wav,0.0,20.000000596046448,40.62440246343613,28.41219663619995
stim_96_harmonic.wav,84.99999761581421,10.000000298023224,40.78130096197128,28.591817021369934
stim_96_harmonic.wav,50.00000238418579,0.0,43.01763832569122,28.589054346084595
stim_96_harmonic.wav,20.000000149011612,0.0,39.081096947193146,28.455634117126465
stim_96_harmonic.wav,40.000000298023224,0.0,39.2079359292984,28.690638542175293
stim_96_harmonic.wav,64.9999988079071,10.000000298023224,49.23100769519806,27.11016833782196
stim_96_harmonic.wav,15.000000447034836,10.000000298023224,34.66759443283081,28.056464195251465
stim_96_harmonic.wav,0.0,0.0,39.08038079738617,30.132168531417847
stim_96_harmonic.wav,84.99999761581421,10.000000298023224,41.00521445274353,28.543778657913208
stim_96_harmonic.wav,0.0,10.000000298023224,41.34352684020996,28.493728637695312
stim_96_harmonic.wav,0.0,40.000001192092896,40.73801279067993,28.49739968776703
stim_96_harmonic.wav,84.99999761581421,60.0,36.966470181941986,30.12364625930786
stim_96_harmonic.wav,15.000000447034836,0.0,32.79326140880585,27.439348697662354
stim_96_harmonic.wav,64.9999988079071,60.0,41.57233268022537,28.325727581977844
stim_96_harmonic.wav,25.000001192092896,49.999998807907104,38.73096138238907,28.38986098766327
stim_96_harmonic.wav,70.0000011920929,40.000001192092896,40.77562540769577,28.4208744764328
stim_96_harmonic.wav,10.000000074505806,49.999998807907104,31.097260415554047,27.113113403320312
stim_96_harmonic.wav,45.0,30.0,40.6489634513855,26.664966344833374
stim_96_harmonic.wav,74.99999821186066,60.0,40.69458246231079,28.419658541679382
stim_96_harmonic.wav,70.0000011920929,10.000000298023224,39.77728307247162,28.49741220474243
stim_96_harmonic.wav,15.000000447034836,10.000000298023224,40.68686842918396,28.420209288597107
stim_96_harmonic.wav,64.9999988079071,40.000001192092896,46.16326868534088,28.75016748905182
stim_96_harmonic.wav,74.99999821186066,20.000000596046448,40.227534770965576,28.45858097076416
stim_96_harmonic.wav,74.99999821186066,60.0,40.51240414381027,28.44682216644287
stim_96_harmonic.wav,15.000000447034836,20.000000596046448,28.471933007240295,30.509448051452637
stim_96_harmonic.wav,15.000000447034836,20.000000596046448,42.13234305381775,27.892003655433655
stim_96_harmonic.wav,25.000001192092896,20.000000596046448,41.268301606178284,28.379382491111755
stim_96_harmonic.wav,40.000000298023224,60.0,40.48774391412735,28.6913001537323
stim_96_harmonic.wav,25.000001192092896,20.000000596046448,39.83870029449463,29.670823216438293
stim_96_harmonic.wav,45.0,49.999998807907104,41.638028025627136,24.50146973133087
stim_96_harmonic.wav,60.00000178813934,30.0,40.256046652793884,33.242658376693726
stim_96_harmonic.wav,64.9999988079071,40.000001192092896,40.7894441485405,28.397566080093384
stim_96_harmonic.wav,5.000000037252903,60.0,32.526912689208984,27.047606706619263
stim_96_harmonic.wav,80.00000059604645,20.000000596046448,41.126917004585266,26.855167150497437
stim_96_harmonic.wav,35.00000059604645,30.0,40.44202297925949,28.42665731906891
stim_96_harmonic.wav,64.9999988079071,60.0,40.74905276298523,29.992874264717102
stim_96_harmonic.wav,64.9999988079071,40.000001192092896,45.91580808162689,26.586347222328186
stim_96_harmonic.wav,35.00000059604645,60.0,40.587972700595856,28.418585658073425
stim_96_harmonic.wav,45.0,49.999998807907104,40.32614886760712,28.427029252052307
stim_96_harmonic.wav,74.99999821186066,60.0,40.698088109493256,28.42879056930542
stim_96_harmonic.wav,40.000000298023224,40.000001192092896,40.44727474451065,28.429741859436035
stim_96_harmonic.wav,15.000000447034836,20.000000596046448,30.473056733608246,26.26911163330078
stim_96_harmonic.wav,30.00000089406967,30.0,41.062380373477936,28.353642225265503
stim_96_harmonic.wav,64.9999988079071,60.0,43.82172703742981,28.699230551719666
stim_96_harmonic.wav,0.0,60.0,39.350267350673676,28.498674631118774
stim_96_harmonic.wav,84.99999761581421,20.000000596046448,45.77276051044464,28.225738406181335
stim_96_harmonic.wav,70.0000011920929,20.000000596046448,39.29906129837036,28.4960800409317
stim_96_harmonic.wav,60.00000178813934,20.000000596046448,42.98913449048996,28.346285820007324
stim_96_harmonic.wav,50.00000238418579,20.000000596046448,40.60522735118866,28.442999124526978
stim_96_harmonic.wav,5.000000037252903,10.000000298023224,40.940575897693634,28.387362957000732
stim_96_harmonic.wav,5.000000037252903,20.000000596046448,40.66824048757553,28.409746885299683
stim_96_harmonic.wav,15.000000447034836,30.0,40.88051587343216,28.39901626110077
stim_96_harmonic.wav,64.9999988079071,10.000000298023224,42.86388337612152,27.84859299659729
stim_96_harmonic.wav,30.00000089406967,20.000000596046448,40.93116134405136,28.392056822776794
stim_96_harmonic.wav,60.00000178813934,49.999998807907104,46.44552290439606,30.472919940948486
stim_96_harmonic.wav,50.00000238418579,0.0,40.52405297756195,28.393197655677795
stim_96_harmonic.wav,0.0,0.0,42.369584441185,30.70332169532776
stim_96_harmonic.wav,10.000000074505806,30.0,40.99652141332626,28.374366760253906
stim_96_harmonic.wav,30.00000089406967,20.000000596046448,39.48632508516312,25.824748277664185
stim_96_harmonic.wav,74.99999821186066,10.000000298023224,40.4980194568634,28.426117300987244
stim_96_harmonic.wav,80.00000059604645,49.999998807907104,41.04665994644165,28.397040367126465
stim_96_harmonic.wav,70.0000011920929,49.999998807907104,39.753400683403015,28.4612900018692
stim_96_harmonic.wav,54.99999940395355,60.0,41.417813301086426,28.338502049446106
stim_96_harmonic.wav,70.0000011920929,60.0,40.68929582834244,28.56948673725128
stim_96_harmonic.wav,64.9999988079071,40.000001192092896,40.97184509038925,28.378790616989136
stim_96_harmonic.wav,84.99999761581421,20.000000596046448,46.71830356121063,28.885400891304016
stim_96_harmonic.wav,45.0,20.000000596046448,40.25555044412613,28.439742922782898
stim_96_harmonic.wav,25.000001192092896,10.000000298023224,36.84157580137253,28.547877073287964
stim_96_harmonic.wav,5.000000037252903,40.000001192092896,41.083261370658875,28.37902307510376
stim_96_harmonic.wav,74.99999821186066,10.000000298023224,40.936139523983,28.5328871011734
stim_96_harmonic.wav,70.0000011920929,40.000001192092896,42.09542512893677,28.067089319229126
stim_96_harmonic.wav,0.0,20.000000596046448,41.76948308944702,29.306822419166565
stim_96_harmonic.wav,45.0,49.999998807907104,41.13389074802399,28.37087631225586
stim_96_harmonic.wav,84.99999761581421,0.0,40.88397055864334,26.69139862060547
stim_96_harmonic.wav,40.000000298023224,49.999998807907104,40.69825440645218,28.42786431312561
stim_96_harmonic.wav,54.99999940395355,0.0,39.94366854429245,31.515004634857178
stim_96_harmonic.wav,50.00000238418579,60.0,39.822915494441986,28.470700979232788
stim_96_harmonic.wav,45.0,20.000000596046448,41.23648256063461,28.4698623418808
stim_96_harmonic.wav,90.0,40.000001192092896,39.843439757823944,28.472049236297607
stim_96_harmonic.wav,60.00000178813934,60.0,40.506578385829926,28.50896716117859
stim_96_harmonic.wav,10.000000074505806,20.000000596046448,31.481572687625885,26.760780215263367
stim_96_harmonic.wav,80.00000059604645,30.0,41.075367629528046,29.842965602874756
stim_96_harmonic.wav,5.000000037252903,60.0,40.87043613195419,28.391162753105164
stim_96_harmonic.wav,10.000000074505806,40.000001192092896,33.63067924976349,29.06547725200653
stim_96_harmonic.wav,74.99999821186066,0.0,41.0074245929718,28.37460458278656
stim_96_harmonic.wav,20.000000149011612,30.0,40.41808694601059,28.446155190467834
stim_100_harmonic.wav,64.9999988079071,60.0,41.88221901655197,28.545071482658386
stim_100_harmonic.wav,70.0000011920929,20.000000596046448,40.967483818531036,28.392221331596375
stim_100_harmonic.wav,25.000001192092896,60.0,41.881666481494904,28.439424633979797
stim_100_harmonic.wav,15.000000447034836,20.000000596046448,37.87630766630173,28.561025261878967
stim_100_harmonic.wav,30.00000089406967,10.000000298023224,41.52811646461487,28.338879346847534
stim_100_harmonic.wav,54.99999940395355,40.000001192092896,40.78050434589386,28.40729534626007
stim_100_harmonic.wav,20.000000149011612,0.0,42.837806940078735,27.849973440170288
stim_100_harmonic.wav,10.000000074505806,10.000000298023224,41.87020003795624,28.454630970954895
stim_100_harmonic.wav,64.9999988079071,60.0,41.655910313129425,28.330044150352478
stim_100_harmonic.wav,45.0,10.000000298023224,41.72293335199356,27.51164674758911
stim_100_harmonic.wav,35.00000059604645,40.000001192092896,43.020237386226654,28.923579454421997
stim_100_harmonic.wav,0.0,0.0,44.03313875198364,27.073504328727722
stim_100_harmonic.wav,40.000000298023224,49.999998807907104,42.075989842414856,28.504149913787842
stim_100_harmonic.wav,74.99999821186066,49.999998807907104,41.2432336807251,28.50337564945221
stim_100_harmonic.wav,80.00000059604645,0.0,42.884016036987305,27.980087399482727
stim_100_harmonic.wav,84.99999761581421,60.0,46.694270968437195,26.962273120880127
stim_100_harmonic.wav,0.0,30.0,44.605514109134674,27.111246585845947
stim_100_harmonic.wav,10.000000074505806,49.999998807907104,41.286350190639496,28.352580070495605
stim_100_harmonic.wav,35.00000059604645,60.0,41.19029223918915,28.427563905715942
stim_100_harmonic.wav,84.99999761581421,60.0,46.81479334831238,26.940611600875854
stim_100_harmonic.wav,20.000000149011612,60.0,41.81928366422653,28.21546733379364
stim_100_harmonic.wav,35.00000059604645,0.0,40.985092520713806,28.574577569961548
stim_100_harmonic.wav,40.000000298023224,10.000000298023224,46.296225786209106,29.439067840576172
stim_100_harmonic.wav,84.99999761581421,40.000001192092896,41.01287752389908,28.790112733840942
stim_100_harmonic.wav,74.99999821186066,10.000000298023224,42.95524746179581,27.707478404045105
stim_100_harmonic.wav,54.99999940395355,0.0,41.43599331378937,28.34406316280365
stim_100_harmonic.wav,30.00000089406967,60.0,40.37533521652222,28.388975858688354
stim_100_harmonic.wav,35.00000059604645,40.000001192092896,40.61574697494507,28.48552107810974
stim_100_harmonic.wav,54.99999940395355,10.000000298023224,41.093874871730804,28.81170630455017
stim_100_harmonic.wav,74.99999821186066,0.0,45.013105273246765,29.022379517555237
stim_100_harmonic.wav,15.000000447034836,10.000000298023224,42.33189404010773,28.489503264427185
stim_100_harmonic.wav,15.000000447034836,49.999998807907104,41.68394207954407,28.5010027885437
stim_100_harmonic.wav,35.00000059604645,10.000000298023224,41.38322353363037,28.429434299468994
stim_100_harmonic.wav,35.00000059604645,20.000000596046448,41.97908163070679,28.315760493278503
stim_100_harmonic.wav,84.99999761581421,30.0,43.240578174591064,28.045905232429504
stim_100_harmonic.wav,60.00000178813934,30.0,42.43575721979141,28.604173064231873
stim_100_harmonic.wav,25.000001192092896,20.000000596046448,42.506511211395264,28.166123628616333
stim_100_harmonic.wav,80.00000059604645,30.0,41.655690371990204,28.471484184265137
stim_100_harmonic.wav,45.0,49.999998807907104,47.63225555419922,30.684692859649658
stim_100_harmonic.wav,50.00000238418579,10.000000298023224,41.876261830329895,28.283050060272217
stim_100_harmonic.wav,70.0000011920929,10.000000298023224,41.50955557823181,28.337658047676086
stim_100_harmonic.wav,30.00000089406967,60.0,41.59264236688614,28.683369755744934
stim_100_harmonic.wav,35.00000059604645,49.999998807907104,40.29787302017212,28.38877022266388
stim_100_harmonic.wav,25.000001192092896,30.0,41.71199530363083,28.4960800409317
stim_100_harmonic.wav,74.99999821186066,10.000000298023224,41.62751913070679,28.331551551818848
stim_100_harmonic.wav,35.00000059604645,49.999998807907104,41.76071226596832,28.525065779685974
stim_100_harmonic.wav,15.000000447034836,10.000000298023224,40.789766013622284,28.772476315498352
stim_100_harmonic.wav,84.99999761581421,49.999998807907104,41.20255529880524,28.453502655029297
stim_100_harmonic.wav,15.000000447034836,0.0,41.372414231300354,28.407787084579468
stim_100_harmonic.wav,45.0,20.000000596046448,41.92600071430206,28.31511676311493
stim_100_harmonic.wav,5.000000037252903,40.000001192092896,39.24161374568939,28.680646419525146
stim_100_harmonic.wav,45.0,30.0,45.267325043678284,28.606696128845215
stim_100_harmonic.wav,80.00000059604645,30.0,42.69699901342392,28.242250084877014
stim_100_harmonic.wav,10.000000074505806,10.000000298023224,41.84674143791199,28.321343064308167
stim_100_harmonic.wav,40.000000298023224,10.000000298023224,46.88099563121796,29.719099402427673
stim_100_harmonic.wav,50.00000238418579,40.000001192092896,40.99018335342407,28.366591930389404
stim_100_harmonic.wav,80.00000059604645,30.0,41.39085441827774,28.729485869407654
stim_100_harmonic.wav,50.00000238418579,49.999998807907104,40.94738066196442,28.370779752731323
stim_100_harmonic.wav,64.9999988079071,30.0,45.6673926115036,26.386395692825317
stim_100_harmonic.wav,50.00000238418579,60.0,41.41342520713806,26.76417052745819
stim_100_harmonic.wav,64.9999988079071,60.0,41.57582759857178,28.335816264152527
stim_100_harmonic.wav,70.0000011920929,10.000000298023224,41.40094220638275,28.347296118736267
stim_100_harmonic.wav,60.00000178813934,0.0,41.647171676158905,28.41693341732025
stim_100_harmonic.wav,5.000000037252903,60.0,41.73356294631958,28.260088562965393
stim_100_harmonic.wav,0.0,30.0,41.76481068134308,28.231152892112732
stim_100_harmonic.wav,70.0000011920929,40.000001192092896,41.9262957572937,27.36463487148285
stim_100_harmonic.wav,74.99999821186066,40.000001192092896,41.45859628915787,28.46093237400055
stim_100_harmonic.wav,80.00000059604645,10.000000298023224,42.32211470603943,29.915050864219666
stim_100_harmonic.wav,40.000000298023224,20.000000596046448,41.35285288095474,28.346747159957886
stim_100_harmonic.wav,40.000000298023224,40.000001192092896,43.471679985523224,29.401068091392517
stim_100_harmonic.wav,50.00000238418579,60.0,41.5361550450325,28.694050312042236
stim_100_harmonic.wav,74.99999821186066,49.999998807907104,41.26211374998093,28.460558652877808
stim_100_harmonic.wav,74.99999821186066,60.0,41.926966309547424,28.39758574962616
stim_100_harmonic.wav,5.000000037252903,30.0,41.39596402645111,28.34444761276245
stim_100_harmonic.wav,10.000000074505806,10.000000298023224,41.37021750211716,28.570765256881714
stim_100_harmonic.wav,70.0000011920929,20.000000596046448,41.88062310218811,28.309028148651123
stim_100_harmonic.wav,25.000001192092896,10.000000298023224,41.02390676736832,28.47156822681427
stim_100_harmonic.wav,0.0,60.0,41.58970266580582,28.31555485725403
stim_100_harmonic.wav,40.000000298023224,20.000000596046448,41.770126819610596,28.294018507003784
stim_100_harmonic.wav,74.99999821186066,20.000000596046448,42.77174413204193,28.295053839683533
stim_100_harmonic.wav,64.9999988079071,60.0,36.123180985450745,29.628946781158447
stim_100_harmonic.wav,30.00000089406967,10.000000298023224,40.349156856536865,28.394640684127808
stim_100_harmonic.wav,10.000000074505806,20.000000596046448,32.14719772338867,32.77056097984314
stim_100_harmonic.wav,25.000001192092896,60.0,41.40231281518936,28.428792357444763
stim_100_harmonic.wav,64.9999988079071,60.0,40.992970168590546,28.52508544921875
stim_100_harmonic.wav,80.00000059604645,40.000001192092896,40.304313004016876,27.103689908981323
stim_100_harmonic.wav,54.99999940395355,20.000000596046448,45.11111319065094,25.32491683959961
stim_100_harmonic.wav,0.0,60.0,45.10666072368622,27.188202738761902
stim_100_harmonic.wav,20.000000149011612,49.999998807907104,41.689840257167816,28.331356644630432
stim_100_harmonic.wav,80.00000059604645,10.000000298023224,41.48804694414139,28.550305366516113
stim_100_harmonic.wav,50.00000238418579,49.999998807907104,41.259925067424774,28.357191681861877
stim_100_harmonic.wav,25.000001192092896,40.000001192092896,41.50041729211807,28.459877371788025
stim_100_harmonic.wav,35.00000059604645,49.999998807907104,42.31586515903473,29.484127163887024
stim_100_harmonic.wav,64.9999988079071,40.000001192092896,44.0146878361702,26.321057081222534
stim_100_harmonic.wav,0.0,10.000000298023224,41.931550204753876,28.3149254322052
stim_100_harmonic.wav,60.00000178813934,49.999998807907104,43.29380124807358,28.50524604320526
stim_100_harmonic.wav,45.0,30.0,40.14509439468384,28.396251797676086
stim_100_harmonic.wav,10.000000074505806,30.0,41.532198786735535,28.494974970817566
stim_100_harmonic.wav,35.00000059604645,10.000000298023224,41.0262268781662,28.375600576400757
stim_100_harmonic.wav,54.99999940395355,10.000000298023224,41.35199725627899,28.6242413520813
stim_100_harmonic.wav,54.99999940395355,0.0,40.943290293216705,28.373658657073975
stim_100_harmonic.wav,80.00000059604645,40.000001192092896,41.31390452384949,28.41611087322235
stim_100_harmonic.wav,25.000001192092896,20.000000596046448,41.194479167461395,28.35842192173004
stim_100_harmonic.wav,25.000001192092896,40.000001192092896,40.8483749628067,28.58381688594818
stim_100_harmonic.wav,60.00000178813934,60.0,41.61958783864975,28.49363923072815
stim_100_harmonic.wav,84.99999761581421,49.999998807907104,40.89855641126633,28.43468964099884
stim_100_harmonic.wav,20.000000149011612,10.000000298023224,41.75381898880005,29.05759871006012
stim_100_harmonic.wav,90.0,20.000000596046448,42.63178110122681,28.304230570793152
stim_100_harmonic.wav,70.0000011920929,40.000001192092896,41.24761909246445,28.620713353157043
stim_100_harmonic.wav,20.000000149011612,0.0,40.9204164147377,28.371689915657043
stim_100_harmonic.wav,0.0,0.0,41.01365804672241,28.250275254249573
stim_100_harmonic.wav,20.000000149011612,20.000000596046448,41.86267912387848,29.397842288017273
stim_100_harmonic.wav,60.00000178813934,40.000001192092896,41.25155121088028,28.3516788482666
stim_100_harmonic.wav,74.99999821186066,30.0,42.61767268180847,28.19322645664215
stim_100_harmonic.wav,45.0,40.000001192092896,41.3810133934021,28.242947459220886
stim_100_harmonic.wav,50.00000238418579,20.000000596046448,41.53741031885147,28.337897658348083
stim_100_harmonic.wav,15.000000447034836,20.000000596046448,40.76303780078888,28.38895618915558
stim_100_harmonic.wav,10.000000074505806,10.000000298023224,27.960880994796753,33.395090103149414
stim_100_harmonic.wav,90.0,40.000001192092896,42.136157155036926,28.278908729553223
stim_100_harmonic.wav,60.00000178813934,49.999998807907104,51.55526518821716,31.200138330459595
stim_100_harmonic.wav,84.99999761581421,20.000000596046448,41.50674194097519,28.339996933937073
stim_100_harmonic.wav,30.00000089406967,30.0,41.0936576128006,28.399078845977783
stim_100_harmonic.wav,0.0,20.000000596046448,41.07749730348587,28.310834169387817
stim_100_harmonic.wav,45.0,60.0,41.59335047006607,28.14041554927826
stim_100_harmonic.wav,54.99999940395355,60.0,40.70189148187637,28.4477037191391
stim_100_harmonic.wav,0.0,30.0,42.06620782613754,28.359603881835938
stim_100_harmonic.wav,20.000000149011612,40.000001192092896,35.81385254859924,30.669690370559692
stim_100_harmonic.wav,74.99999821186066,49.999998807907104,41.84949606657028,28.303465247154236
stim_100_harmonic.wav,15.000000447034836,10.000000298023224,40.063429176807404,28.481263518333435
stim_100_harmonic.wav,74.99999821186066,0.0,45.672794580459595,28.075942397117615
stim_100_harmonic.wav,30.00000089406967,10.000000298023224,41.40735536813736,28.41480016708374
stim_100_harmonic.wav,20.000000149011612,0.0,41.497364938259125,28.338605761528015
stim_100_harmonic.wav,35.00000059604645,10.000000298023224,42.77345806360245,28.789876699447632
