filename,true_azim,true_elev,pred_azim,pred_elev
khz_band_1.4_2.5_noise.wav,5.000000037252903,20.000000596046448,14.353578686714172,31.972990036010742
khz_band_1.4_2.5_noise.wav,40.000000298023224,60.0,31.552299857139587,40.078303813934326
khz_band_1.4_2.5_noise.wav,84.99999761581421,10.000000298023224,49.1833233833313,21.50483787059784
khz_band_1.4_2.5_noise.wav,90.0,10.000000298023224,50.5545437335968,19.185497760772705
khz_band_1.4_2.5_noise.wav,74.99999821186066,20.000000596046448,69.14866805076599,32.423704862594604
khz_band_1.4_2.5_noise.wav,50.00000238418579,49.999998807907104,40.0104421377182,15.835148692131042
khz_band_1.4_2.5_noise.wav,30.00000089406967,49.999998807907104,33.69635045528412,27.60449767112732
khz_band_1.4_2.5_noise.wav,54.99999940395355,49.999998807907104,44.5747572183609,19.535107612609863
khz_band_1.4_2.5_noise.wav,45.0,20.000000596046448,44.75033462047577,15.516811609268188
khz_band_1.4_2.5_noise.wav,54.99999940395355,20.000000596046448,57.174981236457825,20.216331481933594
khz_band_1.4_2.5_noise.wav,74.99999821186066,10.000000298023224,66.93150043487549,15.533908009529114
khz_band_1.4_2.5_noise.wav,0.0,20.000000596046448,10.827337503433228,32.02863693237305
khz_band_1.4_2.5_noise.wav,0.0,60.0,13.39259147644043,29.118574261665344
khz_band_1.4_2.5_noise.wav,25.000001192092896,30.0,37.27286159992218,33.85420203208923
khz_band_1.4_2.5_noise.wav,5.000000037252903,20.000000596046448,15.034755170345306,41.93549036979675
khz_band_1.4_2.5_noise.wav,50.00000238418579,20.000000596046448,48.03579926490784,13.89220654964447
khz_band_1.4_2.5_noise.wav,60.00000178813934,20.000000596046448,58.13139796257019,11.907357573509216
khz_band_1.4_2.5_noise.wav,80.00000059604645,40.000001192092896,68.60771477222443,37.29225397109985
khz_band_1.4_2.5_noise.wav,45.0,20.000000596046448,42.745520174503326,18.37572991847992
khz_band_1.4_2.5_noise.wav,20.000000149011612,49.999998807907104,31.32666438817978,36.48264169692993
khz_band_1.4_2.5_noise.wav,0.0,40.000001192092896,14.828219711780548,29.107945561408997
khz_band_1.4_2.5_noise.wav,50.00000238418579,20.000000596046448,58.28914403915405,20.302276611328125
khz_band_1.4_2.5_noise.wav,45.0,10.000000298023224,53.3780300617218,28.69058132171631
khz_band_1.4_2.5_noise.wav,15.000000447034836,10.000000298023224,26.519665718078613,30.56775212287903
khz_band_1.4_2.5_noise.wav,0.0,0.0,13.356089293956757,30.651490688323975
khz_band_1.4_2.5_noise.wav,90.0,20.000000596046448,58.161760568618774,31.907111406326294
khz_band_1.4_2.5_noise.wav,80.00000059604645,30.0,75.91267883777618,35.30292749404907
khz_band_1.4_2.5_noise.wav,60.00000178813934,0.0,57.60926306247711,8.90433132648468
khz_band_1.4_2.5_noise.wav,0.0,49.999998807907104,13.850669860839844,31.679906845092773
khz_band_1.4_2.5_noise.wav,50.00000238418579,20.000000596046448,50.354429483413696,16.91279947757721
khz_band_1.4_2.5_noise.wav,70.0000011920929,0.0,65.00513792037964,15.219528079032898
khz_band_1.4_2.5_noise.wav,80.00000059604645,0.0,57.10265815258026,14.302976131439209
khz_band_1.4_2.5_noise.wav,50.00000238418579,30.0,43.41490834951401,21.809880137443542
khz_band_1.4_2.5_noise.wav,35.00000059604645,49.999998807907104,43.77809286117554,23.05511713027954
khz_band_1.4_2.5_noise.wav,10.000000074505806,30.0,17.90656417608261,32.36454963684082
khz_band_1.4_2.5_noise.wav,10.000000074505806,10.000000298023224,20.06939560174942,30.758936405181885
khz_band_1.4_2.5_noise.wav,20.000000149011612,0.0,32.53781318664551,32.3581337928772
khz_band_1.4_2.5_noise.wav,10.000000074505806,40.000001192092896,16.11193299293518,37.40123391151428
khz_band_1.4_2.5_noise.wav,40.000000298023224,60.0,31.237488985061646,36.69102430343628
khz_band_1.4_2.5_noise.wav,20.000000149011612,40.000001192092896,32.16828256845474,38.925297260284424
khz_band_1.4_2.5_noise.wav,45.0,30.0,44.23565626144409,18.12518835067749
khz_band_1.4_2.5_noise.wav,84.99999761581421,0.0,56.608922481536865,11.506834030151367
khz_band_1.4_2.5_noise.wav,60.00000178813934,0.0,58.12309920787811,10.239552855491638
khz_band_1.4_2.5_noise.wav,20.000000149011612,60.0,16.995401680469513,37.17872142791748
khz_band_1.4_2.5_noise.wav,10.000000074505806,10.000000298023224,20.73970913887024,30.86076021194458
khz_band_1.4_2.5_noise.wav,50.00000238418579,49.999998807907104,50.15560805797577,33.93804430961609
khz_band_1.4_2.5_noise.wav,54.99999940395355,0.0,57.41129994392395,13.65121990442276
khz_band_1.4_2.5_noise.wav,40.000000298023224,49.999998807907104,43.98589700460434,22.85175919532776
khz_band_1.4_2.5_noise.wav,10.000000074505806,0.0,17.218046486377716,33.946791887283325
khz_band_1.4_2.5_noise.wav,25.000001192092896,60.0,29.584730565547943,34.85102891921997
khz_band_1.4_2.5_noise.wav,64.9999988079071,60.0,46.53213143348694,29.368282556533813
khz_band_1.4_2.5_noise.wav,80.00000059604645,49.999998807907104,63.1849479675293,26.761377453804016
khz_band_1.4_2.5_noise.wav,45.0,49.999998807907104,48.22847843170166,22.850823998451233
khz_band_1.4_2.5_noise.wav,90.0,49.999998807907104,57.392438650131226,22.64805257320404
khz_band_1.4_2.5_noise.wav,50.00000238418579,20.000000596046448,58.79138231277466,26.081977486610413
khz_band_1.4_2.5_noise.wav,40.000000298023224,49.999998807907104,51.59573972225189,32.984222173690796
khz_band_1.4_2.5_noise.wav,25.000001192092896,10.000000298023224,41.49378687143326,20.44565498828888
khz_band_1.4_2.5_noise.wav,25.000001192092896,30.0,30.573551058769226,31.991883516311646
khz_band_1.4_2.5_noise.wav,50.00000238418579,40.000001192092896,40.922226905822754,17.427538633346558
khz_band_1.4_2.5_noise.wav,74.99999821186066,30.0,71.56275272369385,34.900288581848145
khz_band_1.4_2.5_noise.wav,60.00000178813934,30.0,52.57226765155792,23.4285968542099
khz_band_1.4_2.5_noise.wav,54.99999940395355,40.000001192092896,53.260565400123596,23.687766194343567
khz_band_1.4_2.5_noise.wav,15.000000447034836,20.000000596046448,26.493334472179413,33.531049489974976
khz_band_1.4_2.5_noise.wav,35.00000059604645,60.0,33.58664810657501,40.596792697906494
khz_band_1.4_2.5_noise.wav,60.00000178813934,49.999998807907104,48.82803797721863,23.26550602912903
khz_band_1.4_2.5_noise.wav,84.99999761581421,0.0,57.606178522109985,9.3235445022583
khz_band_1.4_2.5_noise.wav,15.000000447034836,60.0,14.751438796520233,41.553096771240234
khz_band_1.4_2.5_noise.wav,60.00000178813934,0.0,60.138779282569885,7.695888876914978
khz_band_1.4_2.5_noise.wav,84.99999761581421,0.0,58.64271283149719,9.934142231941223
khz_band_1.4_2.5_noise.wav,50.00000238418579,30.0,43.338725566864014,17.44909644126892
khz_band_1.4_2.5_noise.wav,5.000000037252903,10.000000298023224,14.105726480484009,36.68206572532654
khz_band_1.4_2.5_noise.wav,35.00000059604645,40.000001192092896,47.18997001647949,22.538702487945557
khz_band_1.4_2.5_noise.wav,60.00000178813934,10.000000298023224,56.992966532707214,7.690801620483398
khz_band_1.4_2.5_noise.wav,60.00000178813934,60.0,45.68622708320618,28.48109543323517
khz_band_1.4_2.5_noise.wav,74.99999821186066,20.000000596046448,71.00752472877502,29.965238571166992
khz_band_1.4_2.5_noise.wav,60.00000178813934,49.999998807907104,43.21774184703827,13.790769875049591
khz_band_1.4_2.5_noise.wav,25.000001192092896,40.000001192092896,36.824063658714294,36.19726538658142
khz_band_1.4_2.5_noise.wav,10.000000074505806,20.000000596046448,18.145980834960938,35.760565996170044
khz_band_1.4_2.5_noise.wav,20.000000149011612,60.0,20.03460332751274,36.2206506729126
khz_band_1.4_2.5_noise.wav,80.00000059604645,0.0,56.978251934051514,12.6969113945961
khz_band_1.4_2.5_noise.wav,80.00000059604645,0.0,59.32195544242859,7.622821927070618
khz_band_1.4_2.5_noise.wav,45.0,0.0,50.283801555633545,19.420219659805298
khz_band_1.4_2.5_noise.wav,54.99999940395355,49.999998807907104,48.0607008934021,25.23880898952484
khz_band_1.4_2.5_noise.wav,90.0,20.000000596046448,56.07464790344238,32.966530323028564
khz_band_1.4_2.5_noise.wav,90.0,49.999998807907104,62.30975925922394,25.609148740768433
khz_band_1.4_2.5_noise.wav,30.00000089406967,20.000000596046448,41.54729425907135,24.3758225440979
khz_band_1.4_2.5_noise.wav,54.99999940395355,20.000000596046448,54.63434457778931,18.4397953748703
khz_band_1.4_2.5_noise.wav,90.0,40.000001192092896,72.89865911006927,40.84319472312927
khz_band_1.4_2.5_noise.wav,0.0,0.0,13.282170295715332,30.82809090614319
khz_band_1.4_2.5_noise.wav,0.0,10.000000298023224,9.55309510231018,32.013856172561646
khz_band_1.4_2.5_noise.wav,74.99999821186066,30.0,77.58765935897827,39.21167492866516
khz_band_1.4_2.5_noise.wav,5.000000037252903,30.0,17.388927340507507,36.72125458717346
khz_band_1.4_2.5_noise.wav,45.0,20.000000596046448,42.80225694179535,18.079002499580383
khz_band_1.4_2.5_noise.wav,64.9999988079071,10.000000298023224,60.26948869228363,9.485583901405334
khz_band_1.4_2.5_noise.wav,15.000000447034836,60.0,14.11756306886673,44.06185269355774
khz_band_1.4_2.5_noise.wav,15.000000447034836,60.0,17.839069068431854,37.13817000389099
khz_band_1.4_2.5_noise.wav,90.0,49.999998807907104,61.18978679180145,23.330259919166565
khz_band_1.4_2.5_noise.wav,74.99999821186066,40.000001192092896,68.66105318069458,37.59977102279663
khz_band_1.4_2.5_noise.wav,45.0,49.999998807907104,56.15462601184845,36.10719680786133
khz_band_1.4_2.5_noise.wav,90.0,49.999998807907104,59.80576157569885,24.842857718467712
khz_band_1.4_2.5_noise.wav,50.00000238418579,60.0,43.920638859272,23.368102312088013
khz_band_1.4_2.5_noise.wav,30.00000089406967,40.000001192092896,46.9643372297287,22.627737522125244
khz_band_1.4_2.5_noise.wav,5.000000037252903,49.999998807907104,12.226640582084656,34.348626136779785
khz_band_1.4_2.5_noise.wav,10.000000074505806,60.0,14.752932786941528,40.13297438621521
khz_band_1.4_2.5_noise.wav,45.0,49.999998807907104,59.71017837524414,33.938119411468506
khz_band_1.4_2.5_noise.wav,60.00000178813934,20.000000596046448,56.86721920967102,10.55178701877594
khz_band_1.4_2.5_noise.wav,35.00000059604645,60.0,32.807021141052246,38.60904335975647
khz_band_1.4_2.5_noise.wav,50.00000238418579,60.0,45.96701681613922,27.382839918136597
khz_band_1.4_2.5_noise.wav,10.000000074505806,0.0,19.58852916955948,34.85780954360962
khz_band_1.4_2.5_noise.wav,84.99999761581421,60.0,54.5718115568161,36.02410554885864
khz_band_1.4_2.5_noise.wav,50.00000238418579,49.999998807907104,46.6010856628418,29.37180519104004
khz_band_1.4_2.5_noise.wav,30.00000089406967,0.0,44.431191980838776,21.81872248649597
khz_band_1.4_2.5_noise.wav,45.0,30.0,51.834896206855774,17.992408275604248
khz_band_1.4_2.5_noise.wav,35.00000059604645,60.0,30.76480597257614,43.05150389671326
khz_band_1.4_2.5_noise.wav,10.000000074505806,30.0,19.823025315999985,34.34691309928894
khz_band_1.4_2.5_noise.wav,64.9999988079071,10.000000298023224,61.39839291572571,11.517731845378876
khz_band_1.4_2.5_noise.wav,30.00000089406967,40.000001192092896,46.884761452674866,19.57165539264679
khz_band_1.4_2.5_noise.wav,45.0,60.0,31.656565368175507,39.601850509643555
khz_band_1.4_2.5_noise.wav,35.00000059604645,0.0,43.485654294490814,13.092042803764343
khz_band_1.4_2.5_noise.wav,15.000000447034836,20.000000596046448,24.444172382354736,34.8320996761322
khz_band_1.4_2.5_noise.wav,60.00000178813934,49.999998807907104,41.84284955263138,15.05968451499939
khz_band_1.4_2.5_noise.wav,10.000000074505806,20.000000596046448,16.518376171588898,38.878018856048584
khz_band_1.4_2.5_noise.wav,70.0000011920929,10.000000298023224,62.86821663379669,13.314844965934753
khz_band_1.4_2.5_noise.wav,84.99999761581421,40.000001192092896,74.35533463954926,38.002721071243286
khz_band_1.4_2.5_noise.wav,70.0000011920929,10.000000298023224,58.5616672039032,13.28728973865509
khz_band_1.4_2.5_noise.wav,10.000000074505806,40.000001192092896,18.809594213962555,36.99981451034546
khz_band_1.4_2.5_noise.wav,0.0,49.999998807907104,8.353884816169739,34.873881340026855
khz_band_1.4_2.5_noise.wav,70.0000011920929,60.0,46.0988312959671,28.804972171783447
khz_band_1.4_2.5_noise.wav,70.0000011920929,20.000000596046448,75.6520003080368,36.71103000640869
khz_band_1.4_2.5_noise.wav,25.000001192092896,0.0,43.99599552154541,23.096941709518433
khz_band_1.4_2.5_noise.wav,45.0,30.0,54.09921169281006,38.51084232330322
khz_band_1.4_2.5_noise.wav,54.99999940395355,60.0,49.183419942855835,21.741446256637573
khz_band_1.4_2.5_noise.wav,50.00000238418579,49.999998807907104,42.43012994527817,17.502431273460388
band_5_noise.wav,80.00000059604645,60.0,65.19117057323456,42.14344024658203
band_5_noise.wav,5.000000037252903,10.000000298023224,12.553086876869202,35.76640605926514
band_5_noise.wav,20.000000149011612,60.0,26.269300282001495,38.60706567764282
band_5_noise.wav,35.00000059604645,20.000000596046448,58.45875084400177,31.56431794166565
band_5_noise.wav,54.99999940395355,49.999998807907104,48.24551582336426,40.185091495513916
band_5_noise.wav,74.99999821186066,40.000001192092896,59.63059186935425,29.940301179885864
band_5_noise.wav,84.99999761581421,30.0,60.96940040588379,26.980977058410645
band_5_noise.wav,90.0,49.999998807907104,70.60942053794861,42.620383501052856
band_5_noise.wav,84.99999761581421,60.0,59.532541036605835,38.27381372451782
band_5_noise.wav,50.00000238418579,0.0,50.20695626735687,7.333781719207764
band_5_noise.wav,90.0,60.0,60.06651520729065,42.474457025527954
band_5_noise.wav,40.000000298023224,0.0,45.12536644935608,22.21148908138275
band_5_noise.wav,20.000000149011612,0.0,30.21879404783249,14.161937534809113
band_5_noise.wav,30.00000089406967,30.0,32.853388488292694,22.000064849853516
band_5_noise.wav,30.00000089406967,40.000001192092896,41.03897005319595,34.88313674926758
band_5_noise.wav,84.99999761581421,49.999998807907104,69.5845377445221,42.18280792236328
band_5_noise.wav,70.0000011920929,40.000001192092896,56.14645600318909,34.460474252700806
band_5_noise.wav,60.00000178813934,40.000001192092896,51.25169813632965,30.25479555130005
band_5_noise.wav,45.0,60.0,42.81732827425003,38.080265522003174
band_5_noise.wav,80.00000059604645,20.000000596046448,63.55638563632965,15.201988220214844
band_5_noise.wav,90.0,49.999998807907104,71.0150295495987,41.94500684738159
band_5_noise.wav,35.00000059604645,30.0,44.60716903209686,33.13642144203186
band_5_noise.wav,70.0000011920929,10.000000298023224,54.85516548156738,30.615062713623047
band_5_noise.wav,50.00000238418579,49.999998807907104,47.804619669914246,42.277493476867676
band_5_noise.wav,90.0,0.0,63.35484981536865,15.413621664047241
band_5_noise.wav,35.00000059604645,20.000000596046448,49.028388261795044,35.15929698944092
band_5_noise.wav,30.00000089406967,10.000000298023224,45.39800763130188,24.96383786201477
band_5_noise.wav,84.99999761581421,30.0,59.08179044723511,25.957818031311035
band_5_noise.wav,60.00000178813934,60.0,46.08198702335358,33.31670165061951
band_5_noise.wav,20.000000149011612,10.000000298023224,31.531966030597687,22.8785240650177
band_5_noise.wav,50.00000238418579,49.999998807907104,45.72480261325836,42.99530267715454
band_5_noise.wav,54.99999940395355,20.000000596046448,48.681680560112,8.783467411994934
band_5_noise.wav,20.000000149011612,10.000000298023224,30.403590202331543,22.479504346847534
band_5_noise.wav,20.000000149011612,20.000000596046448,31.09954833984375,18.109554648399353
band_5_noise.wav,0.0,60.0,11.362395286560059,31.098003387451172
band_5_noise.wav,70.0000011920929,60.0,64.92437660694122,51.736178398132324
band_5_noise.wav,80.00000059604645,49.999998807907104,71.21515989303589,43.54118585586548
band_5_noise.wav,40.000000298023224,30.0,48.60172927379608,30.054123401641846
band_5_noise.wav,15.000000447034836,30.0,21.097853779792786,34.130741357803345
band_5_noise.wav,64.9999988079071,49.999998807907104,52.2529399394989,37.33045220375061
band_5_noise.wav,50.00000238418579,60.0,45.19349992275238,47.56963133811951
band_5_noise.wav,54.99999940395355,40.000001192092896,54.199912548065186,34.068732261657715
band_5_noise.wav,70.0000011920929,60.0,48.48616361618042,29.798026084899902
band_5_noise.wav,0.0,0.0,4.815954566001892,29.48864758014679
band_5_noise.wav,0.0,10.000000298023224,8.339191675186157,31.331241130828857
band_5_noise.wav,10.000000074505806,40.000001192092896,18.967431485652924,28.44370186328888
band_5_noise.wav,70.0000011920929,49.999998807907104,55.8382648229599,39.495052099227905
band_5_noise.wav,25.000001192092896,20.000000596046448,34.4770073890686,18.156872391700745
band_5_noise.wav,30.00000089406967,60.0,27.52585619688034,45.91147184371948
band_5_noise.wav,15.000000447034836,0.0,26.964075565338135,27.706879377365112
band_5_noise.wav,25.000001192092896,10.000000298023224,32.0661199092865,16.882495880126953
band_5_noise.wav,25.000001192092896,20.000000596046448,32.544862031936646,17.299171686172485
band_5_noise.wav,40.000000298023224,30.0,50.311750173568726,34.27170753479004
band_5_noise.wav,25.000001192092896,49.999998807907104,30.608374178409576,39.00231599807739
band_5_noise.wav,74.99999821186066,49.999998807907104,59.01589393615723,39.614607095718384
band_5_noise.wav,90.0,40.000001192092896,74.34017479419708,34.073660373687744
band_5_noise.wav,70.0000011920929,10.000000298023224,54.70148026943207,11.863625943660736
band_5_noise.wav,35.00000059604645,49.999998807907104,40.68315088748932,42.132078409194946
band_5_noise.wav,30.00000089406967,20.000000596046448,57.663105726242065,39.207987785339355
band_5_noise.wav,20.000000149011612,30.0,28.667723536491394,41.35931611061096
band_5_noise.wav,25.000001192092896,40.000001192092896,33.535275757312775,40.67588925361633
band_5_noise.wav,74.99999821186066,20.000000596046448,59.036123156547546,19.656161069869995
band_5_noise.wav,25.000001192092896,20.000000596046448,37.46716350317001,12.73714005947113
band_5_noise.wav,60.00000178813934,40.000001192092896,53.35517227649689,35.86958169937134
band_5_noise.wav,0.0,0.0,6.080487370491028,30.050325393676758
band_5_noise.wav,35.00000059604645,0.0,43.43049198389053,23.80646288394928
band_5_noise.wav,84.99999761581421,10.000000298023224,70.93071162700653,12.5056654214859
band_5_noise.wav,80.00000059604645,40.000001192092896,66.66598856449127,34.517730474472046
band_5_noise.wav,20.000000149011612,20.000000596046448,31.750914752483368,18.821398615837097
band_5_noise.wav,10.000000074505806,40.000001192092896,18.205851763486862,32.44558095932007
band_5_noise.wav,50.00000238418579,60.0,40.802348256111145,41.07733726501465
band_5_noise.wav,80.00000059604645,10.000000298023224,69.29028868675232,13.516365587711334
band_5_noise.wav,84.99999761581421,10.000000298023224,72.91843771934509,11.554331481456757
band_5_noise.wav,60.00000178813934,30.0,57.08740174770355,28.037111163139343
band_5_noise.wav,84.99999761581421,20.000000596046448,76.631800532341,18.690648078918457
band_5_noise.wav,15.000000447034836,10.000000298023224,25.57307928800583,25.216843485832214
band_5_noise.wav,50.00000238418579,20.000000596046448,44.8128542304039,18.44614326953888
band_5_noise.wav,54.99999940395355,10.000000298023224,51.20428740978241,12.412530183792114
band_5_noise.wav,70.0000011920929,60.0,57.63234615325928,39.26438570022583
band_5_noise.wav,45.0,20.000000596046448,50.604872703552246,27.55480170249939
band_5_noise.wav,64.9999988079071,20.000000596046448,56.731022000312805,19.14846181869507
band_5_noise.wav,84.99999761581421,0.0,71.33362233638763,8.717138171195984
band_5_noise.wav,84.99999761581421,60.0,62.1976375579834,42.80118942260742
band_5_noise.wav,54.99999940395355,10.000000298023224,51.48472309112549,11.896004676818848
band_5_noise.wav,0.0,40.000001192092896,9.888784289360046,30.31390070915222
band_5_noise.wav,74.99999821186066,30.0,63.51087927818298,28.82133722305298
band_5_noise.wav,5.000000037252903,20.000000596046448,13.453737795352936,38.106865882873535
band_5_noise.wav,90.0,49.999998807907104,69.00115728378296,43.00735116004944
band_5_noise.wav,20.000000149011612,30.0,26.114949882030487,37.44528293609619
band_5_noise.wav,40.000000298023224,0.0,52.873061299324036,30.9869384765625
band_5_noise.wav,54.99999940395355,60.0,46.72933280467987,50.75650691986084
band_5_noise.wav,70.0000011920929,10.000000298023224,55.56642830371857,6.0929954051971436
band_5_noise.wav,90.0,60.0,67.16331839561462,43.79100322723389
band_5_noise.wav,15.000000447034836,40.000001192092896,21.523741632699966,32.1524977684021
band_5_noise.wav,70.0000011920929,49.999998807907104,50.77105164527893,29.986027479171753
band_5_noise.wav,30.00000089406967,40.000001192092896,44.09618407487869,41.95761680603027
band_5_noise.wav,0.0,30.0,7.4430012702941895,28.95010471343994
band_5_noise.wav,84.99999761581421,20.000000596046448,67.57799863815308,20.578978657722473
band_5_noise.wav,0.0,30.0,5.732213258743286,31.279664039611816
band_5_noise.wav,50.00000238418579,0.0,49.51511263847351,9.92814838886261
band_5_noise.wav,54.99999940395355,30.0,55.99102199077606,36.821640729904175
band_5_noise.wav,5.000000037252903,49.999998807907104,10.757476687431335,41.54866576194763
band_5_noise.wav,40.000000298023224,49.999998807907104,53.37677478790283,42.384023666381836
band_5_noise.wav,35.00000059604645,40.000001192092896,44.77346330881119,39.66331601142883
band_5_noise.wav,10.000000074505806,10.000000298023224,18.20486471056938,26.3778018951416
band_5_noise.wav,0.0,20.000000596046448,9.900355339050293,30.773355960845947
band_5_noise.wav,15.000000447034836,60.0,12.402156293392181,46.54677629470825
band_5_noise.wav,50.00000238418579,0.0,49.6157169342041,8.870072364807129
band_5_noise.wav,90.0,40.000001192092896,67.82614588737488,31.77982807159424
band_5_noise.wav,80.00000059604645,49.999998807907104,60.132551193237305,37.693283557891846
band_5_noise.wav,0.0,49.999998807907104,11.621070206165314,40.45015811920166
band_5_noise.wav,0.0,0.0,12.299465239048004,30.295965671539307
band_5_noise.wav,10.000000074505806,20.000000596046448,22.37941324710846,30.772268772125244
band_5_noise.wav,0.0,30.0,7.670356035232544,30.795135498046875
band_5_noise.wav,35.00000059604645,40.000001192092896,36.24577671289444,34.74425196647644
band_5_noise.wav,35.00000059604645,60.0,32.456236481666565,40.33681869506836
band_5_noise.wav,54.99999940395355,20.000000596046448,51.82651698589325,9.240973591804504
band_5_noise.wav,54.99999940395355,60.0,44.54737454652786,39.32727813720703
band_5_noise.wav,84.99999761581421,40.000001192092896,66.26022934913635,32.42399454116821
band_5_noise.wav,64.9999988079071,40.000001192092896,52.51285672187805,28.077455163002014
band_5_noise.wav,54.99999940395355,30.0,44.71260666847229,25.834990739822388
band_5_noise.wav,35.00000059604645,20.000000596046448,45.147183537483215,34.90824222564697
band_5_noise.wav,10.000000074505806,20.000000596046448,16.43296390771866,25.554022192955017
band_5_noise.wav,30.00000089406967,0.0,53.074843883514404,39.4443941116333
band_5_noise.wav,64.9999988079071,60.0,42.12933361530304,30.23446798324585
band_5_noise.wav,35.00000059604645,10.000000298023224,38.525450527668,23.029056787490845
band_5_noise.wav,70.0000011920929,30.0,56.33706986904144,14.011353850364685
band_5_noise.wav,20.000000149011612,20.000000596046448,31.326313018798828,24.520418643951416
band_5_noise.wav,25.000001192092896,60.0,34.970761835575104,42.47550845146179
band_5_noise.wav,84.99999761581421,20.000000596046448,63.59894156455994,21.07581853866577
band_5_noise.wav,70.0000011920929,60.0,60.626898407936096,40.31084060668945
band_5_noise.wav,10.000000074505806,60.0,14.77276235818863,44.723228216171265
band_5_noise.wav,74.99999821186066,10.000000298023224,63.583733439445496,5.463992357254028
band_5_noise.wav,80.00000059604645,49.999998807907104,63.23750853538513,38.50546360015869
band_5_noise.wav,50.00000238418579,30.0,47.39247143268585,29.286648631095886
band_5_noise.wav,5.000000037252903,30.0,14.982937574386597,36.68987989425659
band_5_noise.wav,80.00000059604645,10.000000298023224,67.1056991815567,10.040727853775024
band_5_noise.wav,54.99999940395355,60.0,45.01031041145325,37.65400528907776
band_5_noise.wav,45.0,0.0,57.54409074783325,33.93024444580078
band_5_noise.wav,15.000000447034836,20.000000596046448,25.156872868537903,27.217939496040344
band_5_noise.wav,15.000000447034836,60.0,10.826742053031921,45.55037498474121
band_5_noise.wav,70.0000011920929,20.000000596046448,44.197753965854645,14.249303340911865
band_5_noise.wav,60.00000178813934,20.000000596046448,57.05944240093231,8.732478618621826
band_1_noise.wav,35.00000059604645,0.0,43.841575384140015,26.799693703651428
band_1_noise.wav,80.00000059604645,30.0,63.82136106491089,19.47260320186615
band_1_noise.wav,54.99999940395355,60.0,39.19944941997528,27.027640342712402
band_1_noise.wav,40.000000298023224,20.000000596046448,34.39125180244446,24.166486859321594
band_1_noise.wav,40.000000298023224,60.0,30.540581345558167,27.646143436431885
band_1_noise.wav,35.00000059604645,20.000000596046448,36.789685785770416,26.000567078590393
band_1_noise.wav,25.000001192092896,20.000000596046448,30.73752522468567,25.18630027770996
band_1_noise.wav,80.00000059604645,20.000000596046448,63.01266968250275,16.834927797317505
band_1_noise.wav,70.0000011920929,30.0,49.03877913951874,25.60712993144989
band_1_noise.wav,74.99999821186066,0.0,75.6700086593628,7.609468102455139
band_1_noise.wav,45.0,30.0,45.16278862953186,28.626211881637573
band_1_noise.wav,0.0,49.999998807907104,18.742206394672394,27.39312171936035
band_1_noise.wav,0.0,10.000000298023224,27.366589307785034,25.35792052745819
band_1_noise.wav,60.00000178813934,0.0,61.923558712005615,20.874266624450684
band_1_noise.wav,70.0000011920929,20.000000596046448,58.92194151878357,18.433445692062378
band_1_noise.wav,5.000000037252903,40.000001192092896,24.430198073387146,25.92757523059845
band_1_noise.wav,5.000000037252903,49.999998807907104,22.635435461997986,27.540598511695862
band_1_noise.wav,10.000000074505806,60.0,26.72694683074951,30.470280647277832
band_1_noise.wav,50.00000238418579,30.0,53.97225201129913,22.44158148765564
band_1_noise.wav,60.00000178813934,10.000000298023224,59.377498626708984,19.17807698249817
band_1_noise.wav,84.99999761581421,40.000001192092896,34.519061744213104,25.679951906204224
band_1_noise.wav,84.99999761581421,49.999998807907104,55.692052245140076,24.747875332832336
band_1_noise.wav,5.000000037252903,20.000000596046448,27.308326363563538,24.80264961719513
band_1_noise.wav,20.000000149011612,20.000000596046448,30.67268818616867,23.99823546409607
band_1_noise.wav,25.000001192092896,60.0,32.19464063644409,27.295523285865784
band_1_noise.wav,54.99999940395355,60.0,33.87069135904312,26.514589190483093
band_1_noise.wav,40.000000298023224,40.000001192092896,30.392019152641296,26.194104552268982
band_1_noise.wav,50.00000238418579,0.0,42.347209453582764,23.79730224609375
band_1_noise.wav,90.0,40.000001192092896,47.152698040008545,25.69592535495758
band_1_noise.wav,64.9999988079071,20.000000596046448,64.97410476207733,18.83606493473053
band_1_noise.wav,30.00000089406967,60.0,30.38719117641449,25.426953434944153
band_1_noise.wav,40.000000298023224,30.0,42.02875077724457,27.630048394203186
band_1_noise.wav,60.00000178813934,10.000000298023224,53.097567558288574,22.394120693206787
band_1_noise.wav,84.99999761581421,0.0,63.00588369369507,18.08123230934143
band_1_noise.wav,45.0,49.999998807907104,38.43556970357895,24.248592853546143
band_1_noise.wav,0.0,49.999998807907104,21.437990069389343,24.53187882900238
band_1_noise.wav,64.9999988079071,30.0,43.62156182527542,24.337817430496216
band_1_noise.wav,10.000000074505806,49.999998807907104,22.726314067840576,25.538758635520935
band_1_noise.wav,70.0000011920929,60.0,48.59159588813782,26.672099232673645
band_1_noise.wav,64.9999988079071,20.000000596046448,45.246103405952454,24.48977530002594
band_1_noise.wav,45.0,40.000001192092896,43.403010070323944,25.635051727294922
band_1_noise.wav,30.00000089406967,20.000000596046448,30.165570974349976,27.13741421699524
band_1_noise.wav,40.000000298023224,30.0,45.755197405815125,23.429110050201416
band_1_noise.wav,10.000000074505806,20.000000596046448,19.479588568210602,22.108574509620667
band_1_noise.wav,10.000000074505806,40.000001192092896,26.23401314020157,32.30980396270752
band_1_noise.wav,35.00000059604645,10.000000298023224,44.92902338504791,28.574504256248474
band_1_noise.wav,60.00000178813934,60.0,40.00505894422531,26.559800505638123
band_1_noise.wav,74.99999821186066,40.000001192092896,56.297303438186646,21.519956588745117
band_1_noise.wav,80.00000059604645,0.0,67.48489916324615,13.187629580497742
band_1_noise.wav,90.0,20.000000596046448,64.49490666389465,20.377551913261414
band_1_noise.wav,60.00000178813934,30.0,57.2203266620636,22.033578157424927
band_1_noise.wav,50.00000238418579,30.0,40.707237124443054,26.000059247016907
band_1_noise.wav,50.00000238418579,60.0,33.80013048648834,26.975485682487488
band_1_noise.wav,20.000000149011612,60.0,18.671304881572723,25.99644184112549
band_1_noise.wav,30.00000089406967,49.999998807907104,30.468279719352722,24.325584769248962
band_1_noise.wav,40.000000298023224,40.000001192092896,40.1802796125412,27.994258403778076
band_1_noise.wav,84.99999761581421,40.000001192092896,58.60114395618439,20.356221199035645
band_1_noise.wav,90.0,20.000000596046448,56.65306091308594,21.529197692871094
band_1_noise.wav,84.99999761581421,30.0,51.09765350818634,23.697322010993958
band_1_noise.wav,0.0,0.0,30.506876707077026,25.400959253311157
band_1_noise.wav,35.00000059604645,49.999998807907104,32.99074977636337,31.513592004776
band_1_noise.wav,25.000001192092896,10.000000298023224,29.308095574378967,24.713725447654724
band_1_noise.wav,10.000000074505806,20.000000596046448,22.27447047829628,26.89238727092743
band_1_noise.wav,5.000000037252903,10.000000298023224,28.687496781349182,24.49258804321289
band_1_noise.wav,25.000001192092896,60.0,25.347395539283752,24.861701130867004
band_1_noise.wav,60.00000178813934,49.999998807907104,45.20901918411255,26.05889081954956
band_1_noise.wav,15.000000447034836,30.0,28.514829576015472,22.94507324695587
band_1_noise.wav,10.000000074505806,30.0,26.33185476064682,25.275635719299316
band_1_noise.wav,35.00000059604645,40.000001192092896,42.83847749233246,26.739424467086792
band_1_noise.wav,84.99999761581421,60.0,51.32764756679535,39.07908082008362
band_1_noise.wav,15.000000447034836,0.0,25.045689940452576,24.795459508895874
band_1_noise.wav,45.0,20.000000596046448,38.4037184715271,26.68199121952057
band_1_noise.wav,74.99999821186066,60.0,37.61112302541733,26.36155128479004
band_1_noise.wav,54.99999940395355,20.000000596046448,52.745951414108276,19.452767372131348
band_1_noise.wav,60.00000178813934,60.0,32.8129380941391,30.553593635559082
band_1_noise.wav,64.9999988079071,40.000001192092896,53.97440314292908,22.5536048412323
band_1_noise.wav,70.0000011920929,40.000001192092896,48.198893666267395,26.357581615447998
band_1_noise.wav,5.000000037252903,60.0,17.41194874048233,28.58614683151245
band_1_noise.wav,0.0,20.000000596046448,19.10033494234085,27.809695601463318
band_1_noise.wav,5.000000037252903,20.000000596046448,20.738085061311722,23.464035987854004
band_1_noise.wav,0.0,10.000000298023224,20.28191775083542,21.738760471343994
band_1_noise.wav,20.000000149011612,40.000001192092896,38.82729023694992,26.67160212993622
band_1_noise.wav,70.0000011920929,10.000000298023224,63.7706458568573,20.096395611763
band_1_noise.wav,5.000000037252903,10.000000298023224,34.22412067651749,25.75082838535309
band_1_noise.wav,45.0,0.0,50.13285756111145,23.380603194236755
band_1_noise.wav,70.0000011920929,49.999998807907104,47.0931476354599,26.1630642414093
band_1_noise.wav,25.000001192092896,0.0,30.63547521829605,25.825021862983704
band_1_noise.wav,64.9999988079071,40.000001192092896,48.53977560997009,23.209619522094727
band_1_noise.wav,40.000000298023224,30.0,37.41472631692886,26.74813449382782
band_1_noise.wav,50.00000238418579,10.000000298023224,47.2354120016098,25.173046588897705
band_1_noise.wav,50.00000238418579,40.000001192092896,45.677000284194946,23.243916034698486
band_1_noise.wav,50.00000238418579,30.0,29.941112995147705,26.790778040885925
band_1_noise.wav,90.0,49.999998807907104,46.87810957431793,20.228984355926514
band_1_noise.wav,74.99999821186066,49.999998807907104,36.88540309667587,25.656225085258484
band_1_noise.wav,5.000000037252903,60.0,14.710784554481506,28.119521141052246
band_1_noise.wav,70.0000011920929,40.000001192092896,51.16016507148743,22.651990056037903
band_1_noise.wav,15.000000447034836,40.000001192092896,19.099759608507156,23.38021159172058
band_1_noise.wav,50.00000238418579,10.000000298023224,53.05667996406555,22.357789278030396
band_1_noise.wav,35.00000059604645,0.0,42.896214723587036,25.33798635005951
band_1_noise.wav,0.0,49.999998807907104,23.06378960609436,26.679493188858032
band_1_noise.wav,20.000000149011612,49.999998807907104,34.489683508872986,31.690492630004883
band_1_noise.wav,10.000000074505806,30.0,22.103301286697388,26.188096404075623
band_1_noise.wav,45.0,30.0,46.119511127471924,24.75037157535553
band_1_noise.wav,70.0000011920929,0.0,44.67814564704895,25.248822569847107
band_1_noise.wav,64.9999988079071,20.000000596046448,54.812185764312744,23.184528350830078
band_1_noise.wav,15.000000447034836,60.0,23.48065048456192,25.510552525520325
band_1_noise.wav,5.000000037252903,30.0,22.443158626556396,24.891024827957153
band_1_noise.wav,80.00000059604645,10.000000298023224,52.82629430294037,22.10750699043274
band_1_noise.wav,54.99999940395355,10.000000298023224,52.50349044799805,22.042747735977173
band_1_noise.wav,20.000000149011612,30.0,36.27848893404007,26.45561456680298
band_1_noise.wav,84.99999761581421,0.0,54.952722787857056,22.381303310394287
band_1_noise.wav,0.0,0.0,18.95932987332344,25.588576197624207
band_1_noise.wav,84.99999761581421,49.999998807907104,56.57580256462097,22.72068679332733
band_1_noise.wav,25.000001192092896,40.000001192092896,39.15846258401871,28.066304326057434
band_1_noise.wav,80.00000059604645,60.0,43.7505117058754,28.729283809661865
band_1_noise.wav,54.99999940395355,0.0,49.74862575531006,24.98206615447998
band_1_noise.wav,5.000000037252903,0.0,14.269909858703613,25.49037516117096
band_1_noise.wav,50.00000238418579,10.000000298023224,37.860538959503174,26.119966506958008
band_1_noise.wav,60.00000178813934,30.0,52.85468280315399,21.636375188827515
band_1_noise.wav,70.0000011920929,30.0,60.23658871650696,22.531580328941345
band_1_noise.wav,25.000001192092896,40.000001192092896,36.474770307540894,25.390759706497192
band_1_noise.wav,40.000000298023224,40.000001192092896,41.563062965869904,26.225627660751343
band_1_noise.wav,25.000001192092896,0.0,34.21296536922455,19.25510287284851
band_1_noise.wav,20.000000149011612,30.0,25.256237983703613,23.925023674964905
band_1_noise.wav,35.00000059604645,30.0,39.80317980051041,26.62102460861206
band_1_noise.wav,40.000000298023224,40.000001192092896,48.06693971157074,30.012699365615845
band_1_noise.wav,84.99999761581421,20.000000596046448,72.15658843517303,12.270821928977966
band_1_noise.wav,5.000000037252903,0.0,33.35237056016922,32.739139795303345
band_1_noise.wav,30.00000089406967,10.000000298023224,34.610356092453,21.137419939041138
band_1_noise.wav,70.0000011920929,20.000000596046448,63.070149421691895,20.352421402931213
band_1_noise.wav,50.00000238418579,49.999998807907104,42.14259445667267,25.44212579727173
band_1_noise.wav,35.00000059604645,40.000001192092896,35.81123471260071,21.692199110984802
band_1_noise.wav,20.000000149011612,40.000001192092896,38.055278062820435,32.18729853630066
band_1_noise.wav,5.000000037252903,20.000000596046448,25.82812249660492,27.374044060707092
band_1_noise.wav,0.0,60.0,31.03414535522461,28.826352953910828
pink_noise.wav,25.000001192092896,40.000001192092896,25.608825087547302,31.44347906112671
pink_noise.wav,40.000000298023224,30.0,43.34286153316498,32.58459448814392
pink_noise.wav,80.00000059604645,0.0,80.90093314647675,-4.316997528076172
pink_noise.wav,10.000000074505806,60.0,4.524787366390228,41.26330375671387
pink_noise.wav,80.00000059604645,40.000001192092896,74.75172221660614,38.339420557022095
pink_noise.wav,54.99999940395355,20.000000596046448,52.447137236595154,7.694916129112244
pink_noise.wav,25.000001192092896,40.000001192092896,31.222396194934845,51.05944633483887
pink_noise.wav,20.000000149011612,49.999998807907104,19.41070944070816,37.59221076965332
pink_noise.wav,45.0,40.000001192092896,47.989649176597595,44.137723445892334
pink_noise.wav,84.99999761581421,10.000000298023224,78.71259927749634,8.317047357559204
pink_noise.wav,80.00000059604645,40.000001192092896,68.44364941120148,33.099156618118286
pink_noise.wav,10.000000074505806,10.000000298023224,11.197970509529114,42.122225761413574
pink_noise.wav,0.0,30.0,10.966973304748535,31.06350302696228
pink_noise.wav,80.00000059604645,60.0,82.88012444972992,65.99843502044678
pink_noise.wav,15.000000447034836,30.0,11.514734029769897,21.42185389995575
pink_noise.wav,0.0,49.999998807907104,0.8932775259017944,34.45463418960571
pink_noise.wav,15.000000447034836,20.000000596046448,14.744317531585693,25.750706791877747
pink_noise.wav,30.00000089406967,20.000000596046448,34.134623408317566,25.09362816810608
pink_noise.wav,50.00000238418579,40.000001192092896,49.19732987880707,41.02356433868408
pink_noise.wav,84.99999761581421,30.0,78.00034940242767,30.50514578819275
pink_noise.wav,74.99999821186066,0.0,62.52815008163452,9.304533004760742
pink_noise.wav,30.00000089406967,20.000000596046448,33.87392342090607,28.21141004562378
pink_noise.wav,60.00000178813934,30.0,61.32052838802338,33.97019863128662
pink_noise.wav,84.99999761581421,49.999998807907104,77.44446694850922,46.9221031665802
pink_noise.wav,60.00000178813934,10.000000298023224,60.085821747779846,6.674087047576904
pink_noise.wav,10.000000074505806,60.0,3.4241804480552673,39.58744525909424
pink_noise.wav,84.99999761581421,60.0,82.96370208263397,65.51174640655518
pink_noise.wav,45.0,60.0,43.69045972824097,50.97243547439575
pink_noise.wav,15.000000447034836,30.0,13.654254376888275,26.712672114372253
pink_noise.wav,10.000000074505806,40.000001192092896,13.358674943447113,33.203158378601074
pink_noise.wav,64.9999988079071,20.000000596046448,63.343284130096436,11.731951832771301
pink_noise.wav,64.9999988079071,40.000001192092896,62.06534028053284,31.896343231201172
pink_noise.wav,45.0,10.000000298023224,48.765923380851746,19.323198795318604
pink_noise.wav,45.0,20.000000596046448,44.95710611343384,23.046002984046936
pink_noise.wav,70.0000011920929,0.0,65.66914558410645,2.026240825653076
pink_noise.wav,60.00000178813934,60.0,49.33940649032593,56.150479316711426
pink_noise.wav,74.99999821186066,20.000000596046448,71.19405627250671,19.29712414741516
pink_noise.wav,45.0,49.999998807907104,39.166750609874725,46.18893384933472
pink_noise.wav,20.000000149011612,20.000000596046448,27.69228994846344,32.14936852455139
pink_noise.wav,20.000000149011612,60.0,18.641721457242966,38.835461139678955
pink_noise.wav,30.00000089406967,20.000000596046448,36.4795446395874,33.14927101135254
pink_noise.wav,35.00000059604645,30.0,46.953436732292175,38.8970947265625
pink_noise.wav,80.00000059604645,30.0,60.374497175216675,29.29919958114624
pink_noise.wav,90.0,30.0,82.14206635951996,28.03689479827881
pink_noise.wav,50.00000238418579,20.000000596046448,50.11722028255463,21.93540930747986
pink_noise.wav,20.000000149011612,20.000000596046448,27.123420238494873,23.593924641609192
pink_noise.wav,60.00000178813934,10.000000298023224,59.66897964477539,8.947260975837708
pink_noise.wav,5.000000037252903,30.0,6.070045530796051,42.15470910072327
pink_noise.wav,15.000000447034836,20.000000596046448,21.069390177726746,27.48483717441559
pink_noise.wav,0.0,10.000000298023224,12.066711187362671,25.65113604068756
pink_noise.wav,15.000000447034836,20.000000596046448,18.528524190187454,37.667076587677
pink_noise.wav,5.000000037252903,10.000000298023224,-0.8971962332725525,40.50005078315735
pink_noise.wav,40.000000298023224,10.000000298023224,39.674846827983856,17.801932096481323
pink_noise.wav,15.000000447034836,20.000000596046448,11.696528792381287,18.38581681251526
pink_noise.wav,25.000001192092896,0.0,29.298235774040222,15.202664136886597
pink_noise.wav,54.99999940395355,30.0,53.152515292167664,31.352866888046265
pink_noise.wav,20.000000149011612,0.0,21.129699647426605,16.96742534637451
pink_noise.wav,10.000000074505806,10.000000298023224,12.259752452373505,20.684884786605835
pink_noise.wav,30.00000089406967,20.000000596046448,33.904168009757996,23.912792801856995
pink_noise.wav,0.0,40.000001192092896,7.598821520805359,29.628843069076538
pink_noise.wav,74.99999821186066,30.0,72.40112543106079,27.267075777053833
pink_noise.wav,10.000000074505806,20.000000596046448,7.004905343055725,15.880470871925354
pink_noise.wav,5.000000037252903,49.999998807907104,-2.0848864316940308,38.47710728645325
pink_noise.wav,35.00000059604645,10.000000298023224,39.1139030456543,24.59495186805725
pink_noise.wav,50.00000238418579,49.999998807907104,44.94106113910675,47.24513053894043
pink_noise.wav,40.000000298023224,10.000000298023224,40.56135445833206,24.7581285238266
pink_noise.wav,84.99999761581421,40.000001192092896,74.11615133285522,37.284053564071655
pink_noise.wav,15.000000447034836,20.000000596046448,14.042839407920837,23.5214763879776
pink_noise.wav,5.000000037252903,10.000000298023224,10.549578666687012,33.62677574157715
pink_noise.wav,20.000000149011612,20.000000596046448,28.891881108283997,29.981566071510315
pink_noise.wav,20.000000149011612,40.000001192092896,22.487318515777588,44.124226570129395
pink_noise.wav,40.000000298023224,40.000001192092896,38.30302566289902,35.49519181251526
pink_noise.wav,35.00000059604645,60.0,33.45686137676239,44.028446674346924
pink_noise.wav,60.00000178813934,20.000000596046448,60.71647346019745,16.16964876651764
pink_noise.wav,50.00000238418579,10.000000298023224,55.10435879230499,20.474731922149658
pink_noise.wav,20.000000149011612,49.999998807907104,25.601792335510254,53.648972511291504
pink_noise.wav,80.00000059604645,60.0,89.12998259067535,69.65250492095947
pink_noise.wav,20.000000149011612,10.000000298023224,21.661187410354614,18.94172430038452
pink_noise.wav,10.000000074505806,49.999998807907104,7.689659893512726,49.840089082717896
pink_noise.wav,35.00000059604645,40.000001192092896,38.93773019313812,48.005794286727905
pink_noise.wav,74.99999821186066,30.0,71.23004615306854,29.050750136375427
pink_noise.wav,80.00000059604645,0.0,75.94031631946564,1.827508807182312
pink_noise.wav,64.9999988079071,30.0,61.3741672039032,21.96314513683319
pink_noise.wav,30.00000089406967,0.0,32.02373564243317,22.28622257709503
pink_noise.wav,70.0000011920929,49.999998807907104,60.7304584980011,41.65982723236084
pink_noise.wav,80.00000059604645,40.000001192092896,68.67294609546661,36.527241468429565
pink_noise.wav,40.000000298023224,60.0,34.00476962327957,47.136147022247314
pink_noise.wav,54.99999940395355,20.000000596046448,54.16115999221802,18.732354640960693
pink_noise.wav,5.000000037252903,60.0,3.904513120651245,35.06755828857422
pink_noise.wav,10.000000074505806,30.0,10.869512557983398,32.09220886230469
pink_noise.wav,20.000000149011612,10.000000298023224,19.373693615198135,11.896448135375977
pink_noise.wav,0.0,60.0,8.29542338848114,27.020578980445862
pink_noise.wav,20.000000149011612,60.0,17.24103569984436,47.67479181289673
pink_noise.wav,84.99999761581421,10.000000298023224,77.6902323961258,7.5654566287994385
pink_noise.wav,74.99999821186066,20.000000596046448,78.46212387084961,19.98886227607727
pink_noise.wav,45.0,10.000000298023224,49.21303153038025,21.92641317844391
pink_noise.wav,15.000000447034836,40.000001192092896,16.246451139450073,35.30584216117859
pink_noise.wav,70.0000011920929,49.999998807907104,59.83728289604187,40.535030364990234
pink_noise.wav,80.00000059604645,30.0,71.95465564727783,26.73206090927124
pink_noise.wav,70.0000011920929,10.000000298023224,66.90186202526093,7.205182313919067
pink_noise.wav,64.9999988079071,60.0,55.73095500469208,54.86771821975708
pink_noise.wav,5.000000037252903,10.000000298023224,3.4276270866394043,30.582919120788574
pink_noise.wav,0.0,10.000000298023224,10.58584213256836,27.01385200023651
khz_band_gt_8_noise.wav,0.0,0.0,40.83187401294708,26.151700615882874
khz_band_gt_8_noise.wav,5.000000037252903,10.000000298023224,40.70076763629913,26.11834466457367
khz_band_gt_8_noise.wav,50.00000238418579,0.0,40.800840854644775,26.127498149871826
khz_band_gt_8_noise.wav,80.00000059604645,49.999998807907104,41.09930634498596,26.160149574279785
khz_band_gt_8_noise.wav,40.000000298023224,60.0,40.69472998380661,26.11957311630249
khz_band_gt_8_noise.wav,40.000000298023224,30.0,40.7700115442276,26.106539368629456
khz_band_gt_8_noise.wav,50.00000238418579,20.000000596046448,40.87931960821152,26.145379543304443
khz_band_gt_8_noise.wav,40.000000298023224,0.0,40.7645183801651,26.142826080322266
khz_band_gt_8_noise.wav,15.000000447034836,0.0,40.74861288070679,26.13202393054962
khz_band_gt_8_noise.wav,60.00000178813934,0.0,40.85655301809311,26.126806139945984
khz_band_gt_8_noise.wav,84.99999761581421,30.0,40.80397367477417,26.11587166786194
khz_band_gt_8_noise.wav,90.0,0.0,40.94326078891754,26.134908199310303
khz_band_gt_8_noise.wav,15.000000447034836,10.000000298023224,40.712303817272186,26.121731400489807
khz_band_gt_8_noise.wav,0.0,0.0,40.75498849153519,26.12221598625183
khz_band_gt_8_noise.wav,0.0,30.0,40.73904275894165,26.141826510429382
khz_band_gt_8_noise.wav,40.000000298023224,10.000000298023224,40.87618142366409,26.1544007062912
khz_band_gt_8_noise.wav,50.00000238418579,30.0,40.751885175704956,26.132057905197144
khz_band_gt_8_noise.wav,35.00000059604645,10.000000298023224,40.81072747707367,26.119889616966248
khz_band_gt_8_noise.wav,80.00000059604645,30.0,40.876648128032684,26.091193556785583
khz_band_gt_8_noise.wav,50.00000238418579,40.000001192092896,40.73525816202164,26.09932243824005
khz_band_gt_8_noise.wav,15.000000447034836,10.000000298023224,40.75642615556717,26.135308742523193
khz_band_gt_8_noise.wav,84.99999761581421,20.000000596046448,40.73921173810959,26.120479702949524
khz_band_gt_8_noise.wav,54.99999940395355,10.000000298023224,40.85913598537445,26.119850277900696
khz_band_gt_8_noise.wav,45.0,0.0,40.789334177970886,26.129944324493408
khz_band_gt_8_noise.wav,10.000000074505806,10.000000298023224,40.73410481214523,26.11434280872345
khz_band_gt_8_noise.wav,40.000000298023224,49.999998807907104,40.86642622947693,26.101208925247192
khz_band_gt_8_noise.wav,25.000001192092896,0.0,40.725433230400085,26.126344799995422
khz_band_gt_8_noise.wav,50.00000238418579,30.0,40.715855062007904,26.11730396747589
khz_band_gt_8_noise.wav,80.00000059604645,40.000001192092896,40.75233042240143,26.13416075706482
khz_band_gt_8_noise.wav,90.0,30.0,40.747400522232056,26.095447540283203
khz_band_gt_8_noise.wav,84.99999761581421,60.0,40.72589725255966,26.137239933013916
khz_band_gt_8_noise.wav,25.000001192092896,60.0,40.81962704658508,26.055527329444885
khz_band_gt_8_noise.wav,20.000000149011612,49.999998807907104,40.76607137918472,26.12296164035797
khz_band_gt_8_noise.wav,64.9999988079071,40.000001192092896,40.877267718315125,26.11328959465027
khz_band_gt_8_noise.wav,5.000000037252903,10.000000298023224,40.729282200336456,26.12190306186676
khz_band_gt_8_noise.wav,30.00000089406967,60.0,40.78954339027405,26.123074293136597
khz_band_gt_8_noise.wav,30.00000089406967,20.000000596046448,40.77212244272232,26.094762682914734
khz_band_gt_8_noise.wav,40.000000298023224,10.000000298023224,40.73811739683151,26.130874156951904
khz_band_gt_8_noise.wav,45.0,49.999998807907104,40.84733694791794,26.060214042663574
khz_band_gt_8_noise.wav,84.99999761581421,0.0,40.814184844493866,26.097915172576904
khz_band_gt_8_noise.wav,54.99999940395355,0.0,40.73722422122955,26.134893894195557
khz_band_gt_8_noise.wav,5.000000037252903,40.000001192092896,40.784514248371124,26.124034523963928
khz_band_gt_8_noise.wav,20.000000149011612,30.0,40.84081381559372,26.121329069137573
khz_band_gt_8_noise.wav,30.00000089406967,10.000000298023224,40.73651075363159,26.121114492416382
khz_band_gt_8_noise.wav,10.000000074505806,0.0,40.68678796291351,26.126643419265747
khz_band_gt_8_noise.wav,0.0,0.0,40.801004469394684,26.112109422683716
khz_band_gt_8_noise.wav,74.99999821186066,0.0,40.7465985417366,26.12917721271515
khz_band_gt_8_noise.wav,84.99999761581421,60.0,40.860809683799744,26.119864583015442
khz_band_gt_8_noise.wav,35.00000059604645,49.999998807907104,40.72576850652695,26.129795908927917
khz_band_gt_8_noise.wav,40.000000298023224,60.0,40.73143869638443,26.126062273979187
khz_band_gt_8_noise.wav,90.0,0.0,40.906439423561096,26.12949550151825
khz_band_gt_8_noise.wav,20.000000149011612,10.000000298023224,40.75941950082779,26.08443260192871
khz_band_gt_8_noise.wav,74.99999821186066,20.000000596046448,40.77156186103821,26.106871962547302
khz_band_gt_8_noise.wav,30.00000089406967,0.0,40.79753637313843,26.141756772994995
khz_band_gt_8_noise.wav,25.000001192092896,49.999998807907104,40.8146408200264,26.125606298446655
khz_band_gt_8_noise.wav,20.000000149011612,30.0,40.754291117191315,26.143137216567993
khz_band_gt_8_noise.wav,35.00000059604645,49.999998807907104,40.83857148885727,26.12960457801819
khz_band_gt_8_noise.wav,40.000000298023224,60.0,40.76312094926834,26.12594962120056
khz_band_gt_8_noise.wav,70.0000011920929,49.999998807907104,40.73185175657272,26.101648807525635
khz_band_gt_8_noise.wav,64.9999988079071,49.999998807907104,40.79080134630203,26.146942377090454
khz_band_gt_8_noise.wav,20.000000149011612,49.999998807907104,40.83866536617279,26.105641722679138
khz_band_gt_8_noise.wav,25.000001192092896,49.999998807907104,41.10086739063263,26.014299988746643
khz_band_gt_8_noise.wav,30.00000089406967,20.000000596046448,40.715592205524445,26.126021146774292
khz_band_gt_8_noise.wav,45.0,40.000001192092896,40.87046295404434,26.102982759475708
khz_band_gt_8_noise.wav,10.000000074505806,30.0,40.72664827108383,26.11748456954956
khz_band_gt_8_noise.wav,5.000000037252903,40.000001192092896,40.77692359685898,26.077750325202942
khz_band_gt_8_noise.wav,40.000000298023224,0.0,40.70354372262955,26.116406321525574
khz_band_gt_8_noise.wav,50.00000238418579,0.0,40.73222458362579,26.143071055412292
khz_band_gt_8_noise.wav,35.00000059604645,60.0,40.71512013673782,26.132272481918335
khz_band_gt_8_noise.wav,5.000000037252903,49.999998807907104,40.706354677677155,26.123390793800354
khz_band_gt_8_noise.wav,30.00000089406967,20.000000596046448,40.81121027469635,26.101214289665222
khz_band_gt_8_noise.wav,80.00000059604645,40.000001192092896,40.789465606212616,26.133381128311157
khz_band_gt_8_noise.wav,50.00000238418579,10.000000298023224,40.91312348842621,26.139339208602905
khz_band_gt_8_noise.wav,35.00000059604645,60.0,40.76303780078888,26.12810254096985
khz_band_gt_8_noise.wav,84.99999761581421,20.000000596046448,40.86273014545441,26.117931604385376
khz_band_gt_8_noise.wav,30.00000089406967,10.000000298023224,40.77468395233154,26.104624271392822
khz_band_gt_8_noise.wav,25.000001192092896,10.000000298023224,40.72879135608673,26.11377775669098
khz_band_gt_8_noise.wav,60.00000178813934,40.000001192092896,40.97170025110245,26.149574518203735
khz_band_gt_8_noise.wav,40.000000298023224,10.000000298023224,40.78106760978699,26.145495772361755
khz_band_gt_8_noise.wav,64.9999988079071,0.0,40.86417853832245,26.140514016151428
khz_band_gt_8_noise.wav,45.0,0.0,40.95601201057434,26.12866222858429
khz_band_gt_8_noise.wav,10.000000074505806,49.999998807907104,40.804738104343414,26.115673184394836
khz_band_gt_8_noise.wav,20.000000149011612,49.999998807907104,40.82324534654617,26.131839752197266
khz_band_gt_8_noise.wav,5.000000037252903,40.000001192092896,40.817298889160156,26.065669655799866
khz_band_gt_8_noise.wav,50.00000238418579,10.000000298023224,40.78257232904434,26.140791177749634
khz_band_gt_8_noise.wav,64.9999988079071,49.999998807907104,41.00015044212341,26.18481159210205
khz_band_gt_8_noise.wav,74.99999821186066,30.0,40.70002734661102,26.120372414588928
khz_band_gt_8_noise.wav,64.9999988079071,40.000001192092896,40.77922224998474,26.14697277545929
khz_band_gt_8_noise.wav,5.000000037252903,0.0,40.81179767847061,26.117157340049744
khz_band_gt_8_noise.wav,80.00000059604645,30.0,40.74598431587219,26.126287579536438
khz_band_gt_8_noise.wav,20.000000149011612,40.000001192092896,40.79301416873932,26.117114424705505
khz_band_gt_8_noise.wav,30.00000089406967,40.000001192092896,40.91118961572647,26.06467366218567
khz_band_gt_8_noise.wav,74.99999821186066,30.0,40.74050188064575,26.099154353141785
khz_band_gt_8_noise.wav,50.00000238418579,30.0,40.76000690460205,26.08774960041046
khz_band_gt_8_noise.wav,30.00000089406967,10.000000298023224,40.72176396846771,26.13285541534424
khz_band_gt_8_noise.wav,80.00000059604645,30.0,40.85211932659149,26.09995186328888
khz_band_gt_8_noise.wav,74.99999821186066,40.000001192092896,40.88982582092285,26.12279176712036
khz_band_gt_8_noise.wav,64.9999988079071,40.000001192092896,40.77958166599274,26.0970801115036
khz_band_gt_8_noise.wav,74.99999821186066,30.0,40.76698064804077,26.10015034675598
khz_band_gt_8_noise.wav,64.9999988079071,60.0,40.83235681056976,26.09547793865204
khz_band_gt_8_noise.wav,80.00000059604645,20.000000596046448,40.73813617229462,26.114328503608704
khz_band_gt_8_noise.wav,20.000000149011612,10.000000298023224,40.742167532444,26.122595071792603
khz_band_gt_8_noise.wav,70.0000011920929,60.0,40.769746005535126,26.09808325767517
khz_band_gt_8_noise.wav,35.00000059604645,40.000001192092896,40.806996524333954,26.138657927513123
khz_band_gt_8_noise.wav,20.000000149011612,10.000000298023224,40.744801461696625,26.12682044506073
khz_band_gt_8_noise.wav,80.00000059604645,10.000000298023224,41.050433814525604,26.140288710594177
khz_band_gt_8_noise.wav,45.0,60.0,40.782907605171204,26.13017499446869
khz_band_gt_8_noise.wav,35.00000059604645,49.999998807907104,40.84967315196991,26.0939884185791
khz_band_gt_8_noise.wav,10.000000074505806,30.0,40.730668902397156,26.111292243003845
khz_band_gt_8_noise.wav,0.0,0.0,40.79227387905121,26.119977235794067
khz_band_gt_8_noise.wav,50.00000238418579,10.000000298023224,40.745453238487244,26.14169955253601
khz_band_gt_8_noise.wav,80.00000059604645,60.0,40.8581006526947,26.134820580482483
khz_band_gt_8_noise.wav,5.000000037252903,0.0,40.764899253845215,26.13636016845703
khz_band_gt_8_noise.wav,60.00000178813934,0.0,40.989510118961334,26.12152934074402
khz_band_gt_8_noise.wav,30.00000089406967,30.0,40.75883746147156,26.12880527973175
khz_band_gt_8_noise.wav,20.000000149011612,10.000000298023224,40.7392680644989,26.108627915382385
khz_band_gt_8_noise.wav,10.000000074505806,40.000001192092896,40.9024778008461,26.068984866142273
khz_band_gt_8_noise.wav,60.00000178813934,30.0,40.88900774717331,26.159666776657104
khz_band_gt_8_noise.wav,50.00000238418579,0.0,40.80180644989014,26.141619086265564
khz_band_gt_8_noise.wav,15.000000447034836,10.000000298023224,40.714363753795624,26.123971939086914
khz_band_gt_8_noise.wav,70.0000011920929,0.0,40.89189648628235,26.11444652080536
khz_band_gt_8_noise.wav,35.00000059604645,60.0,40.83493173122406,26.08203113079071
khz_band_gt_8_noise.wav,64.9999988079071,30.0,40.79099714756012,26.07814371585846
khz_band_gt_8_noise.wav,15.000000447034836,10.000000298023224,40.69239377975464,26.121137738227844
khz_band_gt_8_noise.wav,0.0,10.000000298023224,40.79748809337616,26.10845446586609
khz_band_gt_8_noise.wav,10.000000074505806,49.999998807907104,40.757437348365784,26.129152178764343
khz_band_gt_8_noise.wav,15.000000447034836,30.0,40.747548043727875,26.137980222702026
khz_band_gt_8_noise.wav,54.99999940395355,10.000000298023224,40.805719792842865,26.133787035942078
khz_band_gt_8_noise.wav,84.99999761581421,60.0,40.79739958047867,26.08731508255005
khz_band_gt_8_noise.wav,35.00000059604645,0.0,40.803565979003906,26.116817593574524
khz_band_gt_8_noise.wav,50.00000238418579,30.0,40.98209649324417,26.106737852096558
khz_band_gt_8_noise.wav,70.0000011920929,40.000001192092896,40.968545973300934,26.206535696983337
khz_band_gt_8_noise.wav,84.99999761581421,20.000000596046448,40.812948346138,26.064130067825317
khz_band_gt_8_noise.wav,15.000000447034836,49.999998807907104,40.75598627328873,26.091901659965515
khz_band_gt_8_noise.wav,0.0,20.000000596046448,40.75467199087143,26.111367344856262
khz_band_gt_8_noise.wav,30.00000089406967,10.000000298023224,40.86106449365616,26.115832328796387
khz_band_gt_8_noise.wav,54.99999940395355,10.000000298023224,40.78570246696472,26.097223162651062
khz_band_gt_8_noise.wav,70.0000011920929,49.999998807907104,40.83236217498779,26.04812979698181
khz_band_gt_8_noise.wav,40.000000298023224,10.000000298023224,40.73189467191696,26.122167706489563
band_3_noise.wav,0.0,40.000001192092896,15.600934624671936,31.82454228401184
band_3_noise.wav,10.000000074505806,49.999998807907104,23.300585746765137,37.60882616043091
band_3_noise.wav,5.000000037252903,49.999998807907104,19.61042270064354,46.2871527671814
band_3_noise.wav,30.00000089406967,10.000000298023224,35.98810225725174,22.108354568481445
band_3_noise.wav,50.00000238418579,60.0,39.48520392179489,41.93863391876221
band_3_noise.wav,64.9999988079071,40.000001192092896,64.38632011413574,41.774868965148926
band_3_noise.wav,90.0,20.000000596046448,61.64886832237244,30.03443956375122
band_3_noise.wav,80.00000059604645,49.999998807907104,63.43936085700989,44.37163710594177
band_3_noise.wav,45.0,60.0,39.267360270023346,36.78471565246582
band_3_noise.wav,60.00000178813934,0.0,65.60690760612488,30.8712637424469
band_3_noise.wav,35.00000059604645,0.0,37.91807770729065,30.3189218044281
band_3_noise.wav,70.0000011920929,30.0,78.11408042907715,24.388232231140137
band_3_noise.wav,60.00000178813934,10.000000298023224,59.68767464160919,30.08306622505188
band_3_noise.wav,54.99999940395355,40.000001192092896,43.98516207933426,29.471747875213623
band_3_noise.wav,40.000000298023224,30.0,59.27977502346039,52.69340515136719
band_3_noise.wav,90.0,60.0,63.08832406997681,55.353548526763916
band_3_noise.wav,74.99999821186066,60.0,60.03783702850342,53.94912242889404
band_3_noise.wav,84.99999761581421,49.999998807907104,70.5328381061554,45.26658654212952
band_3_noise.wav,54.99999940395355,10.000000298023224,54.69166874885559,30.790979862213135
band_3_noise.wav,0.0,20.000000596046448,20.669576078653336,30.106000900268555
band_3_noise.wav,0.0,40.000001192092896,16.453168988227844,27.47148871421814
band_3_noise.wav,70.0000011920929,10.000000298023224,68.2146692276001,20.3629732131958
band_3_noise.wav,0.0,0.0,19.167316406965256,25.124704241752625
band_3_noise.wav,20.000000149011612,49.999998807907104,27.914425134658813,51.613415479660034
band_3_noise.wav,45.0,30.0,49.94083285331726,39.15282726287842
band_3_noise.wav,70.0000011920929,30.0,76.0495787858963,27.87874460220337
band_3_noise.wav,40.000000298023224,20.000000596046448,56.516300439834595,43.3347487449646
band_3_noise.wav,30.00000089406967,30.0,38.796997368335724,37.289371490478516
band_3_noise.wav,5.000000037252903,40.000001192092896,19.982768297195435,31.836365461349487
band_3_noise.wav,50.00000238418579,0.0,47.304505705833435,28.557465076446533
band_3_noise.wav,74.99999821186066,49.999998807907104,60.400493144989014,42.98710584640503
band_3_noise.wav,74.99999821186066,49.999998807907104,74.30739283561707,45.767011642456055
band_3_noise.wav,70.0000011920929,40.000001192092896,61.379247307777405,39.88297462463379
band_3_noise.wav,40.000000298023224,49.999998807907104,48.19733798503876,47.97725558280945
band_3_noise.wav,25.000001192092896,30.0,30.253528654575348,41.740078926086426
band_3_noise.wav,50.00000238418579,10.000000298023224,48.87337267398834,26.219733953475952
band_3_noise.wav,84.99999761581421,0.0,56.52164876461029,20.92649281024933
band_3_noise.wav,90.0,40.000001192092896,77.01436936855316,37.12266683578491
band_3_noise.wav,80.00000059604645,0.0,58.454829454422,20.034459829330444
band_3_noise.wav,70.0000011920929,20.000000596046448,71.92151963710785,23.06070864200592
band_3_noise.wav,0.0,40.000001192092896,16.897546648979187,29.51000154018402
band_3_noise.wav,84.99999761581421,49.999998807907104,67.75402128696442,44.264302253723145
band_3_noise.wav,60.00000178813934,60.0,45.5787992477417,49.0568733215332
band_3_noise.wav,15.000000447034836,30.0,26.72909528017044,37.68300175666809
band_3_noise.wav,25.000001192092896,60.0,30.14121651649475,45.50720572471619
band_3_noise.wav,80.00000059604645,10.000000298023224,59.93067741394043,22.24032461643219
band_3_noise.wav,0.0,49.999998807907104,14.667440056800842,31.69665813446045
band_3_noise.wav,45.0,40.000001192092896,66.52181446552277,60.16641139984131
band_3_noise.wav,70.0000011920929,30.0,75.06511688232422,31.458213329315186
band_3_noise.wav,80.00000059604645,0.0,60.04251480102539,20.74606418609619
band_3_noise.wav,50.00000238418579,49.999998807907104,54.15585994720459,44.55667734146118
band_3_noise.wav,25.000001192092896,60.0,31.299887895584106,39.19444799423218
band_3_noise.wav,45.0,20.000000596046448,40.64363658428192,23.294586539268494
band_3_noise.wav,50.00000238418579,0.0,48.0962347984314,34.629878997802734
band_3_noise.wav,25.000001192092896,60.0,30.191277265548706,54.6605658531189
band_3_noise.wav,45.0,0.0,39.59090977907181,23.971479535102844
band_3_noise.wav,84.99999761581421,49.999998807907104,65.10222852230072,43.83517384529114
band_3_noise.wav,20.000000149011612,20.000000596046448,30.55148720741272,39.292781352996826
band_3_noise.wav,64.9999988079071,40.000001192092896,63.11562895774841,43.04122567176819
band_3_noise.wav,70.0000011920929,0.0,64.80189085006714,17.48196244239807
band_3_noise.wav,0.0,0.0,15.729954242706299,27.312317490577698
band_3_noise.wav,74.99999821186066,20.000000596046448,66.87564074993134,26.048855781555176
band_3_noise.wav,15.000000447034836,60.0,18.013336211442947,41.33291244506836
band_3_noise.wav,30.00000089406967,0.0,36.737149357795715,35.49465894699097
band_3_noise.wav,0.0,0.0,14.331579208374023,34.37328815460205
band_3_noise.wav,0.0,0.0,20.072171688079834,24.411109685897827
band_3_noise.wav,54.99999940395355,49.999998807907104,58.02377700805664,50.730392932891846
band_3_noise.wav,25.000001192092896,10.000000298023224,32.67622858285904,25.240960121154785
band_3_noise.wav,74.99999821186066,40.000001192092896,64.8526918888092,37.187830209732056
band_3_noise.wav,70.0000011920929,49.999998807907104,56.60707712173462,45.30087947845459
band_3_noise.wav,15.000000447034836,20.000000596046448,27.994269132614136,30.681445598602295
band_3_noise.wav,90.0,10.000000298023224,57.20124542713165,24.09421741962433
band_3_noise.wav,70.0000011920929,30.0,80.15243589878082,29.94823694229126
band_3_noise.wav,25.000001192092896,0.0,31.78418755531311,27.462685704231262
band_3_noise.wav,35.00000059604645,49.999998807907104,30.50687938928604,37.21879720687866
band_3_noise.wav,10.000000074505806,10.000000298023224,23.690434098243713,34.77654218673706
band_3_noise.wav,64.9999988079071,49.999998807907104,56.64655923843384,42.71627426147461
band_3_noise.wav,45.0,49.999998807907104,57.3593670129776,55.97615718841553
band_3_noise.wav,60.00000178813934,10.000000298023224,63.72620701789856,26.114251613616943
band_3_noise.wav,10.000000074505806,10.000000298023224,24.128159880638123,30.855939388275146
band_3_noise.wav,10.000000074505806,20.000000596046448,24.52996551990509,41.30463123321533
band_3_noise.wav,20.000000149011612,60.0,27.54722535610199,43.45338463783264
band_3_noise.wav,25.000001192092896,0.0,36.83885872364044,35.47976016998291
band_3_noise.wav,90.0,20.000000596046448,49.74237620830536,29.28097128868103
band_3_noise.wav,20.000000149011612,20.000000596046448,28.441074192523956,33.319172859191895
band_3_noise.wav,20.000000149011612,40.000001192092896,27.079048454761505,36.58547401428223
band_3_noise.wav,0.0,40.000001192092896,17.12630420923233,27.977269291877747
band_3_noise.wav,40.000000298023224,20.000000596046448,54.178476333618164,43.71805429458618
band_3_noise.wav,10.000000074505806,49.999998807907104,19.633460193872452,32.83787727355957
band_3_noise.wav,30.00000089406967,49.999998807907104,35.41049391031265,47.627949714660645
band_3_noise.wav,54.99999940395355,49.999998807907104,53.766247630119324,45.045093297958374
band_3_noise.wav,20.000000149011612,60.0,29.312700927257538,47.81099796295166
band_3_noise.wav,25.000001192092896,20.000000596046448,32.471482157707214,34.49132323265076
band_3_noise.wav,60.00000178813934,40.000001192092896,49.92432117462158,39.72684860229492
band_3_noise.wav,20.000000149011612,49.999998807907104,28.992265462875366,42.24580764770508
band_3_noise.wav,0.0,30.0,23.508529365062714,26.5771222114563
band_3_noise.wav,35.00000059604645,60.0,30.299386382102966,36.17172718048096
band_3_noise.wav,20.000000149011612,10.000000298023224,28.7529855966568,32.28790998458862
band_3_noise.wav,10.000000074505806,10.000000298023224,19.11931961774826,36.87504529953003
band_3_noise.wav,80.00000059604645,20.000000596046448,62.421661019325256,25.034156441688538
band_3_noise.wav,64.9999988079071,0.0,65.53570032119751,21.459272503852844
band_3_noise.wav,5.000000037252903,60.0,14.256380796432495,41.29263639450073
band_3_noise.wav,84.99999761581421,30.0,76.31752610206604,22.286142110824585
band_3_noise.wav,70.0000011920929,0.0,67.73030519485474,16.24313235282898
band_3_noise.wav,60.00000178813934,30.0,68.52961421012878,44.107346534729004
band_3_noise.wav,45.0,0.0,45.12312412261963,27.066632509231567
band_3_noise.wav,45.0,60.0,38.366349935531616,42.36912488937378
band_3_noise.wav,64.9999988079071,10.000000298023224,62.30453431606293,24.793989658355713
band_3_noise.wav,15.000000447034836,30.0,23.3285129070282,35.02254009246826
band_3_noise.wav,54.99999940395355,30.0,57.42056965827942,37.495912313461304
band_3_noise.wav,35.00000059604645,49.999998807907104,35.88603883981705,39.54019904136658
band_7_noise.wav,20.000000149011612,40.000001192092896,40.7071191072464,26.12802028656006
band_7_noise.wav,60.00000178813934,49.999998807907104,40.734839737415314,26.133592128753662
band_7_noise.wav,20.000000149011612,0.0,40.7999262213707,26.17505371570587
band_7_noise.wav,15.000000447034836,60.0,40.860262513160706,26.162359714508057
band_7_noise.wav,84.99999761581421,30.0,40.78771948814392,26.12014353275299
band_7_noise.wav,10.000000074505806,60.0,40.68924218416214,26.14137053489685
band_7_noise.wav,35.00000059604645,20.000000596046448,40.734660029411316,26.145848035812378
band_7_noise.wav,64.9999988079071,10.000000298023224,41.14175230264664,26.067150235176086
band_7_noise.wav,54.99999940395355,10.000000298023224,40.75685530900955,26.149245500564575
band_7_noise.wav,0.0,40.000001192092896,40.73797523975372,26.160451769828796
band_7_noise.wav,64.9999988079071,10.000000298023224,40.695446133613586,26.132156252861023
band_7_noise.wav,54.99999940395355,30.0,40.72367638349533,26.122153401374817
band_7_noise.wav,10.000000074505806,0.0,40.66011339426041,26.14578366279602
band_7_noise.wav,30.00000089406967,10.000000298023224,40.699732303619385,26.13063633441925
band_7_noise.wav,40.000000298023224,40.000001192092896,40.75811326503754,26.204752922058105
band_7_noise.wav,60.00000178813934,60.0,40.87442725896835,26.185943484306335
band_7_noise.wav,40.000000298023224,0.0,40.69429814815521,26.1496764421463
band_7_noise.wav,0.0,40.000001192092896,40.76882064342499,26.154563426971436
band_7_noise.wav,74.99999821186066,49.999998807907104,40.82377105951309,26.094301342964172
band_7_noise.wav,70.0000011920929,0.0,40.758046209812164,26.11710011959076
band_7_noise.wav,30.00000089406967,60.0,40.72492092847824,26.131843328475952
band_7_noise.wav,20.000000149011612,20.000000596046448,40.777891874313354,26.18051826953888
band_7_noise.wav,20.000000149011612,40.000001192092896,40.800079107284546,26.155123114585876
band_7_noise.wav,30.00000089406967,0.0,40.699107348918915,26.130858063697815
band_7_noise.wav,30.00000089406967,49.999998807907104,40.80938905477524,26.12147569656372
band_7_noise.wav,90.0,40.000001192092896,40.98842650651932,26.18731677532196
band_7_noise.wav,54.99999940395355,0.0,40.56121498346329,26.1477792263031
band_7_noise.wav,40.000000298023224,10.000000298023224,40.52023887634277,26.149635314941406
band_7_noise.wav,20.000000149011612,60.0,40.71878671646118,26.162322163581848
band_7_noise.wav,80.00000059604645,49.999998807907104,40.912452936172485,26.060653924942017
band_7_noise.wav,74.99999821186066,49.999998807907104,40.88617265224457,26.06726825237274
band_7_noise.wav,80.00000059604645,49.999998807907104,40.9469273686409,26.114206910133362
band_7_noise.wav,50.00000238418579,40.000001192092896,40.76870262622833,26.104910373687744
band_7_noise.wav,35.00000059604645,60.0,40.784755647182465,26.15550935268402
band_7_noise.wav,25.000001192092896,10.000000298023224,40.75743466615677,26.152705550193787
band_7_noise.wav,50.00000238418579,49.999998807907104,40.87736964225769,26.075702905654907
band_7_noise.wav,50.00000238418579,30.0,40.69767236709595,26.14354133605957
band_7_noise.wav,15.000000447034836,10.000000298023224,40.72366565465927,26.140737533569336
band_7_noise.wav,25.000001192092896,0.0,40.767420530319214,26.15272343158722
band_7_noise.wav,5.000000037252903,49.999998807907104,40.7650950551033,26.155455708503723
band_7_noise.wav,5.000000037252903,40.000001192092896,40.769641399383545,26.15566849708557
band_7_noise.wav,50.00000238418579,20.000000596046448,40.82080990076065,26.161662340164185
band_7_noise.wav,20.000000149011612,60.0,40.79592704772949,26.16417646408081
band_7_noise.wav,64.9999988079071,40.000001192092896,40.837144553661346,26.116134524345398
band_7_noise.wav,70.0000011920929,60.0,40.70833683013916,26.147709488868713
band_7_noise.wav,5.000000037252903,40.000001192092896,40.72279393672943,26.151954531669617
band_7_noise.wav,25.000001192092896,40.000001192092896,40.72541981935501,26.12971544265747
band_7_noise.wav,70.0000011920929,30.0,40.891394913196564,26.063459515571594
band_7_noise.wav,20.000000149011612,60.0,40.77044606208801,26.153735518455505
band_7_noise.wav,15.000000447034836,30.0,40.693598091602325,26.13701641559601
band_7_noise.wav,54.99999940395355,60.0,40.76412945985794,26.137438416481018
band_7_noise.wav,74.99999821186066,20.000000596046448,40.794754922389984,26.11285150051117
band_7_noise.wav,64.9999988079071,10.000000298023224,40.93177020549774,26.10980451107025
band_7_noise.wav,64.9999988079071,49.999998807907104,40.83573907613754,26.132174134254456
band_7_noise.wav,25.000001192092896,20.000000596046448,40.83393931388855,26.14718198776245
band_7_noise.wav,60.00000178813934,30.0,40.86357772350311,26.127299666404724
band_7_noise.wav,54.99999940395355,60.0,40.77106028795242,26.155765056610107
band_7_noise.wav,84.99999761581421,0.0,40.85594415664673,26.078057885169983
band_7_noise.wav,50.00000238418579,49.999998807907104,40.756423473358154,26.138910055160522
band_7_noise.wav,20.000000149011612,40.000001192092896,40.707583129405975,26.138187646865845
band_7_noise.wav,25.000001192092896,20.000000596046448,40.82218587398529,26.166298985481262
band_7_noise.wav,90.0,40.000001192092896,40.931054055690765,26.08601689338684
band_7_noise.wav,74.99999821186066,30.0,40.66817343235016,26.11139416694641
band_7_noise.wav,60.00000178813934,10.000000298023224,40.725076496601105,26.12597644329071
band_7_noise.wav,15.000000447034836,0.0,40.71515500545502,26.133500933647156
band_7_noise.wav,15.000000447034836,30.0,40.68955600261688,26.144190430641174
band_7_noise.wav,50.00000238418579,49.999998807907104,40.830208361148834,26.11900806427002
band_7_noise.wav,35.00000059604645,30.0,40.76346963644028,26.15195631980896
band_7_noise.wav,80.00000059604645,40.000001192092896,40.80266207456589,26.119635701179504
band_7_noise.wav,70.0000011920929,60.0,40.769904255867004,26.14826738834381
band_7_noise.wav,54.99999940395355,60.0,40.888747572898865,26.192986965179443
band_7_noise.wav,50.00000238418579,0.0,40.7472825050354,26.11936926841736
band_7_noise.wav,90.0,0.0,40.810089111328125,26.107987761497498
band_7_noise.wav,35.00000059604645,10.000000298023224,40.76042264699936,26.16949439048767
band_7_noise.wav,0.0,0.0,40.72118729352951,26.154552698135376
band_7_noise.wav,54.99999940395355,40.000001192092896,40.821426808834076,26.072956323623657
band_7_noise.wav,20.000000149011612,60.0,40.72414040565491,26.15408957004547
band_7_noise.wav,20.000000149011612,20.000000596046448,40.79740226268768,26.171634793281555
band_7_noise.wav,74.99999821186066,60.0,40.805566906929016,26.13788902759552
band_7_noise.wav,5.000000037252903,0.0,40.721710324287415,26.162095069885254
band_7_noise.wav,30.00000089406967,60.0,40.810330510139465,26.160972118377686
band_7_noise.wav,60.00000178813934,10.000000298023224,40.845783948898315,26.07918620109558
band_7_noise.wav,35.00000059604645,60.0,40.785474479198456,26.150912046432495
band_7_noise.wav,50.00000238418579,49.999998807907104,40.75349181890488,26.116443872451782
band_7_noise.wav,84.99999761581421,20.000000596046448,40.780528485774994,26.137874722480774
band_7_noise.wav,35.00000059604645,60.0,40.79591363668442,26.15198314189911
band_7_noise.wav,74.99999821186066,60.0,40.78539401292801,26.146307587623596
band_7_noise.wav,64.9999988079071,30.0,40.76107442378998,26.147292852401733
band_7_noise.wav,64.9999988079071,49.999998807907104,40.962537825107574,26.02689027786255
band_7_noise.wav,50.00000238418579,49.999998807907104,40.79624891281128,26.102038621902466
band_7_noise.wav,10.000000074505806,49.999998807907104,40.78128755092621,26.163865327835083
band_7_noise.wav,5.000000037252903,40.000001192092896,40.79514116048813,26.14888608455658
band_7_noise.wav,15.000000447034836,49.999998807907104,40.77567100524902,26.11573576927185
band_7_noise.wav,30.00000089406967,49.999998807907104,40.79226315021515,26.144469380378723
band_7_noise.wav,50.00000238418579,40.000001192092896,41.04307383298874,26.05503737926483
band_7_noise.wav,20.000000149011612,0.0,40.75066477060318,26.145708560943604
band_7_noise.wav,40.000000298023224,10.000000298023224,40.77117830514908,26.173329949378967
band_7_noise.wav,0.0,20.000000596046448,40.70219725370407,26.14242911338806
band_7_noise.wav,60.00000178813934,60.0,40.76296538114548,26.10823094844818
band_7_noise.wav,84.99999761581421,30.0,40.95558553934097,26.080564856529236
band_7_noise.wav,20.000000149011612,49.999998807907104,40.698367059230804,26.134727597236633
band_7_noise.wav,64.9999988079071,0.0,40.81726133823395,26.090047359466553
band_7_noise.wav,64.9999988079071,49.999998807907104,40.98098337650299,26.053762435913086
band_7_noise.wav,74.99999821186066,30.0,40.88150829076767,26.085721850395203
band_7_noise.wav,84.99999761581421,20.000000596046448,40.78345745801926,26.113007068634033
band_7_noise.wav,70.0000011920929,0.0,41.18413656949997,26.01081132888794
band_7_noise.wav,50.00000238418579,30.0,40.64747482538223,26.149152517318726
band_7_noise.wav,20.000000149011612,30.0,40.83960145711899,26.175329089164734
band_7_noise.wav,84.99999761581421,10.000000298023224,40.972604155540466,25.999141931533813
band_7_noise.wav,50.00000238418579,40.000001192092896,40.83601802587509,26.081746816635132
band_7_noise.wav,80.00000059604645,40.000001192092896,40.84669589996338,26.159749031066895
band_7_noise.wav,80.00000059604645,30.0,40.71264982223511,26.126060485839844
band_7_noise.wav,84.99999761581421,0.0,40.862247347831726,26.07479453086853
band_7_noise.wav,35.00000059604645,60.0,40.83488881587982,26.152988076210022
band_7_noise.wav,15.000000447034836,30.0,40.65387725830078,26.163042783737183
band_7_noise.wav,74.99999821186066,30.0,40.89208424091339,26.118029952049255
band_7_noise.wav,50.00000238418579,20.000000596046448,40.82563251256943,26.15229070186615
band_7_noise.wav,45.0,30.0,40.75147747993469,26.16359531879425
band_7_noise.wav,30.00000089406967,49.999998807907104,40.735059678554535,26.151142716407776
band_7_noise.wav,25.000001192092896,60.0,40.8272123336792,26.175706386566162
band_7_noise.wav,60.00000178813934,49.999998807907104,40.737296640872955,26.11542820930481
band_7_noise.wav,20.000000149011612,40.000001192092896,40.72651952505112,26.12961709499359
band_7_noise.wav,20.000000149011612,60.0,40.69946676492691,26.13572359085083
khz_band_0.8_1.4_noise.wav,20.000000149011612,30.0,37.61182576417923,28.53214144706726
khz_band_0.8_1.4_noise.wav,90.0,10.000000298023224,53.91737937927246,20.40540039539337
khz_band_0.8_1.4_noise.wav,30.00000089406967,20.000000596046448,36.42885625362396,41.09579801559448
khz_band_0.8_1.4_noise.wav,15.000000447034836,40.000001192092896,21.05739802122116,37.97212600708008
khz_band_0.8_1.4_noise.wav,80.00000059604645,10.000000298023224,51.11222326755524,21.566961407661438
khz_band_0.8_1.4_noise.wav,15.000000447034836,49.999998807907104,27.26797252893448,27.149328589439392
khz_band_0.8_1.4_noise.wav,20.000000149011612,49.999998807907104,28.467037975788116,45.860198736190796
khz_band_0.8_1.4_noise.wav,45.0,0.0,50.64802944660187,35.67972421646118
khz_band_0.8_1.4_noise.wav,25.000001192092896,49.999998807907104,35.189935863018036,42.11775541305542
khz_band_0.8_1.4_noise.wav,20.000000149011612,49.999998807907104,25.69687396287918,34.55735921859741
khz_band_0.8_1.4_noise.wav,20.000000149011612,60.0,31.082451939582825,37.54623770713806
khz_band_0.8_1.4_noise.wav,10.000000074505806,10.000000298023224,29.669947028160095,27.250735759735107
khz_band_0.8_1.4_noise.wav,80.00000059604645,20.000000596046448,56.475327014923096,20.402226448059082
khz_band_0.8_1.4_noise.wav,10.000000074505806,10.000000298023224,36.565895676612854,27.330331206321716
khz_band_0.8_1.4_noise.wav,50.00000238418579,20.000000596046448,45.229344964027405,24.457147121429443
khz_band_0.8_1.4_noise.wav,15.000000447034836,49.999998807907104,26.42245441675186,29.817548990249634
khz_band_0.8_1.4_noise.wav,30.00000089406967,60.0,31.831566095352173,41.040165424346924
khz_band_0.8_1.4_noise.wav,40.000000298023224,10.000000298023224,40.356530249118805,21.48029923439026
khz_band_0.8_1.4_noise.wav,80.00000059604645,40.000001192092896,62.00351536273956,37.18464016914368
khz_band_0.8_1.4_noise.wav,40.000000298023224,60.0,35.27291268110275,55.04882454872131
khz_band_0.8_1.4_noise.wav,0.0,60.0,28.02273541688919,22.61423349380493
khz_band_0.8_1.4_noise.wav,25.000001192092896,0.0,30.429462790489197,20.348435640335083
khz_band_0.8_1.4_noise.wav,10.000000074505806,10.000000298023224,19.882385283708572,41.840550899505615
khz_band_0.8_1.4_noise.wav,35.00000059604645,60.0,35.28288245201111,42.2276508808136
khz_band_0.8_1.4_noise.wav,74.99999821186066,30.0,61.047431230545044,21.957331895828247
khz_band_0.8_1.4_noise.wav,74.99999821186066,30.0,56.45281791687012,22.64675259590149
khz_band_0.8_1.4_noise.wav,84.99999761581421,49.999998807907104,62.96167016029358,47.98758029937744
khz_band_0.8_1.4_noise.wav,0.0,20.000000596046448,30.553785860538483,24.096851348876953
khz_band_0.8_1.4_noise.wav,25.000001192092896,10.000000298023224,42.19420284032822,46.978983879089355
khz_band_0.8_1.4_noise.wav,84.99999761581421,10.000000298023224,54.104307889938354,18.895654678344727
khz_band_0.8_1.4_noise.wav,54.99999940395355,60.0,46.26111567020416,59.14039134979248
khz_band_0.8_1.4_noise.wav,20.000000149011612,60.0,30.21665632724762,39.24760580062866
khz_band_0.8_1.4_noise.wav,5.000000037252903,49.999998807907104,23.509331345558167,27.157119512557983
khz_band_0.8_1.4_noise.wav,30.00000089406967,10.000000298023224,46.28345847129822,43.94339561462402
khz_band_0.8_1.4_noise.wav,70.0000011920929,10.000000298023224,57.91935324668884,19.41155433654785
khz_band_0.8_1.4_noise.wav,64.9999988079071,0.0,54.431172609329224,23.541219234466553
khz_band_0.8_1.4_noise.wav,60.00000178813934,30.0,56.87469184398651,25.388907194137573
khz_band_0.8_1.4_noise.wav,50.00000238418579,20.000000596046448,54.2254900932312,35.25888204574585
khz_band_0.8_1.4_noise.wav,35.00000059604645,49.999998807907104,43.96872818470001,43.03374767303467
khz_band_0.8_1.4_noise.wav,30.00000089406967,60.0,36.57361775636673,39.62962031364441
khz_band_0.8_1.4_noise.wav,15.000000447034836,10.000000298023224,30.70580542087555,26.15155577659607
khz_band_0.8_1.4_noise.wav,5.000000037252903,20.000000596046448,36.65427178144455,26.749931573867798
khz_band_0.8_1.4_noise.wav,70.0000011920929,49.999998807907104,56.373456716537476,44.751362800598145
khz_band_0.8_1.4_noise.wav,30.00000089406967,49.999998807907104,37.61778026819229,33.66234540939331
khz_band_0.8_1.4_noise.wav,70.0000011920929,10.000000298023224,58.98517727851868,20.954257249832153
khz_band_0.8_1.4_noise.wav,90.0,60.0,50.43390870094299,40.95610857009888
khz_band_0.8_1.4_noise.wav,45.0,40.000001192092896,52.78585195541382,45.44056534767151
khz_band_0.8_1.4_noise.wav,5.000000037252903,60.0,25.798843502998352,27.76160180568695
khz_band_0.8_1.4_noise.wav,80.00000059604645,10.000000298023224,56.06103301048279,18.722405433654785
khz_band_0.8_1.4_noise.wav,35.00000059604645,20.000000596046448,49.159221053123474,52.865331172943115
khz_band_0.8_1.4_noise.wav,20.000000149011612,49.999998807907104,37.18805819749832,33.481950759887695
khz_band_0.8_1.4_noise.wav,20.000000149011612,60.0,32.55366772413254,29.32359516620636
khz_band_0.8_1.4_noise.wav,5.000000037252903,40.000001192092896,33.552626967430115,26.842761039733887
khz_band_0.8_1.4_noise.wav,64.9999988079071,10.000000298023224,60.15222787857056,21.501347422599792
khz_band_0.8_1.4_noise.wav,5.000000037252903,60.0,26.653883457183838,30.633376836776733
khz_band_0.8_1.4_noise.wav,40.000000298023224,10.000000298023224,56.947492361068726,46.62813663482666
khz_band_0.8_1.4_noise.wav,45.0,60.0,44.671531319618225,43.2589066028595
khz_band_0.8_1.4_noise.wav,15.000000447034836,0.0,28.206697404384613,23.18641483783722
khz_band_0.8_1.4_noise.wav,5.000000037252903,30.0,21.90416067838669,34.40080404281616
khz_band_0.8_1.4_noise.wav,50.00000238418579,49.999998807907104,53.85929346084595,46.71753644943237
khz_band_0.8_1.4_noise.wav,60.00000178813934,49.999998807907104,53.12258720397949,42.93197751045227
khz_band_0.8_1.4_noise.wav,50.00000238418579,40.000001192092896,55.73392689228058,43.334054946899414
khz_band_0.8_1.4_noise.wav,50.00000238418579,49.999998807907104,60.39377152919769,53.005757331848145
khz_band_0.8_1.4_noise.wav,60.00000178813934,10.000000298023224,52.484575510025024,24.59824562072754
khz_band_0.8_1.4_noise.wav,54.99999940395355,30.0,44.894661605358124,36.73253417015076
khz_band_0.8_1.4_noise.wav,30.00000089406967,60.0,33.45943629741669,36.890244483947754
khz_band_0.8_1.4_noise.wav,0.0,20.000000596046448,28.207778334617615,22.53232777118683
khz_band_0.8_1.4_noise.wav,5.000000037252903,10.000000298023224,27.35282689332962,28.916977643966675
khz_band_0.8_1.4_noise.wav,5.000000037252903,40.000001192092896,24.356641173362732,29.45871412754059
khz_band_0.8_1.4_noise.wav,80.00000059604645,10.000000298023224,54.25916790962219,21.18103802204132
khz_band_0.8_1.4_noise.wav,20.000000149011612,60.0,29.733440279960632,26.17406666278839
khz_band_0.8_1.4_noise.wav,84.99999761581421,49.999998807907104,57.7690315246582,44.377055168151855
khz_band_0.8_1.4_noise.wav,40.000000298023224,20.000000596046448,59.18353199958801,51.07327938079834
khz_band_0.8_1.4_noise.wav,25.000001192092896,10.000000298023224,34.95108246803284,42.91800856590271
khz_band_0.8_1.4_noise.wav,70.0000011920929,10.000000298023224,55.829365253448486,20.47898769378662
khz_band_0.8_1.4_noise.wav,84.99999761581421,10.000000298023224,54.3383252620697,21.886922121047974
khz_band_0.8_1.4_noise.wav,5.000000037252903,0.0,30.254287719726562,25.061745643615723
khz_band_0.8_1.4_noise.wav,10.000000074505806,49.999998807907104,25.791091918945312,29.51460599899292
khz_band_0.8_1.4_noise.wav,74.99999821186066,10.000000298023224,58.140742778778076,19.20870065689087
khz_band_0.8_1.4_noise.wav,20.000000149011612,60.0,30.438453555107117,34.59609389305115
khz_band_0.8_1.4_noise.wav,15.000000447034836,40.000001192092896,27.6732274889946,33.33114266395569
khz_band_0.8_1.4_noise.wav,15.000000447034836,40.000001192092896,26.588606536388397,28.28388512134552
khz_band_0.8_1.4_noise.wav,50.00000238418579,40.000001192092896,53.73717784881592,42.28059768676758
khz_band_0.8_1.4_noise.wav,45.0,60.0,45.33064126968384,43.63394737243652
khz_band_0.8_1.4_noise.wav,10.000000074505806,49.999998807907104,18.514637053012848,41.60842180252075
khz_band_0.8_1.4_noise.wav,84.99999761581421,49.999998807907104,64.3545413017273,48.00578713417053
khz_band_0.8_1.4_noise.wav,74.99999821186066,10.000000298023224,57.92449235916138,19.898221492767334
khz_band_0.8_1.4_noise.wav,64.9999988079071,0.0,58.230875730514526,23.406184315681458
khz_band_0.8_1.4_noise.wav,25.000001192092896,10.000000298023224,36.2237423658371,49.29412364959717
khz_band_0.8_1.4_noise.wav,70.0000011920929,0.0,55.242599844932556,21.433053016662598
khz_band_0.8_1.4_noise.wav,40.000000298023224,0.0,45.85771679878235,32.0716667175293
khz_band_0.8_1.4_noise.wav,30.00000089406967,10.000000298023224,40.459886491298676,33.60142707824707
khz_band_0.8_1.4_noise.wav,64.9999988079071,60.0,42.79406547546387,41.82443976402283
khz_band_0.8_1.4_noise.wav,74.99999821186066,40.000001192092896,59.88868474960327,31.187435388565063
khz_band_0.8_1.4_noise.wav,80.00000059604645,10.000000298023224,58.573699593544006,19.092121124267578
khz_band_0.8_1.4_noise.wav,90.0,40.000001192092896,61.59901142120361,27.54875421524048
khz_band_0.8_1.4_noise.wav,80.00000059604645,30.0,59.06476378440857,21.366827487945557
khz_band_0.8_1.4_noise.wav,45.0,60.0,33.40871572494507,51.87393665313721
khz_band_0.8_1.4_noise.wav,64.9999988079071,30.0,54.08526420593262,28.506200909614563
khz_band_0.8_1.4_noise.wav,60.00000178813934,40.000001192092896,57.1887731552124,43.44761610031128
khz_band_0.8_1.4_noise.wav,30.00000089406967,60.0,30.2074134349823,49.872615337371826
khz_band_0.8_1.4_noise.wav,5.000000037252903,20.000000596046448,42.44234472513199,25.298348665237427
khz_band_0.8_1.4_noise.wav,60.00000178813934,49.999998807907104,53.44695746898651,42.73676633834839
khz_band_0.8_1.4_noise.wav,80.00000059604645,40.000001192092896,61.86584293842316,33.37962627410889
khz_band_0.8_1.4_noise.wav,5.000000037252903,60.0,26.331221759319305,26.614821553230286
khz_band_0.8_1.4_noise.wav,0.0,30.0,25.125536620616913,22.155354022979736
khz_band_0.8_1.4_noise.wav,74.99999821186066,20.000000596046448,56.787670254707336,19.586740136146545
khz_band_0.8_1.4_noise.wav,90.0,20.000000596046448,43.91216039657593,33.01644444465637
khz_band_0.8_1.4_noise.wav,45.0,30.0,50.22807598114014,41.775691509246826
khz_band_0.8_1.4_noise.wav,20.000000149011612,49.999998807907104,31.341145634651184,35.80190420150757
khz_band_0.8_1.4_noise.wav,50.00000238418579,49.999998807907104,60.87344706058502,53.77442121505737
khz_band_0.8_1.4_noise.wav,70.0000011920929,40.000001192092896,55.55265784263611,34.07607078552246
khz_band_0.8_1.4_noise.wav,0.0,49.999998807907104,28.047425150871277,21.740784645080566
khz_band_0.8_1.4_noise.wav,15.000000447034836,40.000001192092896,29.687740802764893,28.930343985557556
khz_band_0.8_1.4_noise.wav,10.000000074505806,40.000001192092896,25.69849133491516,31.14019274711609
khz_band_0.8_1.4_noise.wav,40.000000298023224,20.000000596046448,56.23024821281433,47.445698976516724
khz_band_0.8_1.4_noise.wav,40.000000298023224,60.0,33.83454591035843,55.040942430496216
khz_band_0.8_1.4_noise.wav,20.000000149011612,60.0,28.66631269454956,32.242398262023926
khz_band_0.8_1.4_noise.wav,74.99999821186066,0.0,57.173967361450195,18.43074917793274
khz_band_0.8_1.4_noise.wav,80.00000059604645,40.000001192092896,61.85073673725128,30.214483737945557
khz_band_0.8_1.4_noise.wav,64.9999988079071,60.0,48.193411231040955,42.44460940361023
khz_band_0.8_1.4_noise.wav,54.99999940395355,0.0,48.96287262439728,29.903939366340637
khz_band_0.8_1.4_noise.wav,30.00000089406967,0.0,38.07316035032272,37.52504825592041
khz_band_0.8_1.4_noise.wav,25.000001192092896,10.000000298023224,34.561751782894135,33.36864352226257
khz_band_0.8_1.4_noise.wav,35.00000059604645,10.000000298023224,49.867560267448425,48.23874235153198
khz_band_0.8_1.4_noise.wav,45.0,0.0,48.16784977912903,37.907066345214844
khz_band_0.8_1.4_noise.wav,90.0,20.000000596046448,52.62743532657623,22.822428345680237
khz_band_0.8_1.4_noise.wav,80.00000059604645,49.999998807907104,57.63844549655914,44.839375019073486
khz_band_0.8_1.4_noise.wav,54.99999940395355,0.0,48.05716037750244,26.989111304283142
band_9_noise.wav,74.99999821186066,0.0,40.82810014486313,26.15489423274994
band_9_noise.wav,35.00000059604645,20.000000596046448,40.88632553815842,26.146700978279114
band_9_noise.wav,74.99999821186066,10.000000298023224,40.91437339782715,26.09307825565338
band_9_noise.wav,54.99999940395355,40.000001192092896,40.78254550695419,26.135818362236023
band_9_noise.wav,40.000000298023224,10.000000298023224,40.80634206533432,26.15328311920166
band_9_noise.wav,35.00000059604645,0.0,40.92164218425751,26.107272505760193
band_9_noise.wav,70.0000011920929,20.000000596046448,40.753156542778015,26.131492853164673
band_9_noise.wav,50.00000238418579,30.0,40.814458429813385,26.098819971084595
band_9_noise.wav,84.99999761581421,10.000000298023224,40.897716879844666,26.060796976089478
band_9_noise.wav,0.0,49.999998807907104,41.025068163871765,26.160412430763245
band_9_noise.wav,0.0,30.0,40.9209743142128,26.163361072540283
band_9_noise.wav,25.000001192092896,10.000000298023224,40.7955864071846,26.147398352622986
band_9_noise.wav,54.99999940395355,0.0,40.781022012233734,26.11053228378296
band_9_noise.wav,64.9999988079071,30.0,40.7619434595108,26.11046612262726
band_9_noise.wav,74.99999821186066,20.000000596046448,40.68345934152603,26.126056909561157
band_9_noise.wav,20.000000149011612,30.0,40.92355191707611,26.16819977760315
band_9_noise.wav,10.000000074505806,40.000001192092896,40.869674384593964,26.15700602531433
band_9_noise.wav,15.000000447034836,20.000000596046448,40.88824063539505,26.163536310195923
band_9_noise.wav,30.00000089406967,10.000000298023224,40.8417284488678,26.138421893119812
band_9_noise.wav,54.99999940395355,60.0,40.88525801897049,26.17980122566223
band_9_noise.wav,50.00000238418579,10.000000298023224,40.81508070230484,26.1199289560318
band_9_noise.wav,30.00000089406967,0.0,40.821700394153595,26.13595426082611
band_9_noise.wav,20.000000149011612,0.0,40.82691729068756,26.14787757396698
band_9_noise.wav,84.99999761581421,30.0,40.90542823076248,26.07905387878418
band_9_noise.wav,0.0,30.0,40.86832523345947,26.14769697189331
band_9_noise.wav,10.000000074505806,30.0,40.90656816959381,26.17713153362274
band_9_noise.wav,54.99999940395355,0.0,40.86482495069504,26.097849011421204
band_9_noise.wav,5.000000037252903,49.999998807907104,41.08505845069885,26.08695924282074
band_9_noise.wav,0.0,20.000000596046448,40.86334705352783,26.14994466304779
band_9_noise.wav,40.000000298023224,30.0,40.83249896764755,26.140995025634766
band_9_noise.wav,70.0000011920929,10.000000298023224,40.84817111492157,26.080137491226196
band_9_noise.wav,5.000000037252903,0.0,40.89740037918091,26.143198013305664
band_9_noise.wav,40.000000298023224,40.000001192092896,40.865294337272644,26.15754246711731
band_9_noise.wav,54.99999940395355,60.0,40.949276983737946,26.125831604003906
band_9_noise.wav,5.000000037252903,10.000000298023224,40.845695436000824,26.1643248796463
band_9_noise.wav,15.000000447034836,20.000000596046448,40.92774152755737,26.171740293502808
band_9_noise.wav,5.000000037252903,30.0,40.941831171512604,26.144224405288696
band_9_noise.wav,50.00000238418579,30.0,40.909947752952576,26.16263508796692
band_9_noise.wav,20.000000149011612,0.0,41.187373995780945,26.069814562797546
band_9_noise.wav,5.000000037252903,49.999998807907104,40.888237953186035,26.157259941101074
band_9_noise.wav,15.000000447034836,49.999998807907104,40.947029292583466,26.149907112121582
band_9_noise.wav,80.00000059604645,60.0,40.94200015068054,26.101795434951782
band_9_noise.wav,70.0000011920929,40.000001192092896,40.77756196260452,26.114614605903625
band_9_noise.wav,64.9999988079071,60.0,40.93652039766312,26.15600824356079
band_9_noise.wav,35.00000059604645,49.999998807907104,40.87543845176697,26.1507511138916
band_9_noise.wav,30.00000089406967,49.999998807907104,40.93771129846573,26.15088164806366
band_9_noise.wav,5.000000037252903,49.999998807907104,40.94060003757477,26.148784160614014
band_9_noise.wav,84.99999761581421,60.0,40.811212956905365,26.1607164144516
band_9_noise.wav,30.00000089406967,49.999998807907104,40.93173801898956,26.16555154323578
band_9_noise.wav,60.00000178813934,49.999998807907104,40.942828953266144,26.122058629989624
band_9_noise.wav,80.00000059604645,49.999998807907104,40.917814671993256,26.12417221069336
band_9_noise.wav,45.0,0.0,40.7573676109314,26.092522144317627
band_9_noise.wav,60.00000178813934,40.000001192092896,40.83411902189255,26.122663021087646
band_9_noise.wav,20.000000149011612,60.0,40.889141857624054,26.16396725177765
band_9_noise.wav,74.99999821186066,10.000000298023224,40.752284824848175,26.099537014961243
band_9_noise.wav,54.99999940395355,10.000000298023224,40.87494492530823,26.07228398323059
band_9_noise.wav,80.00000059604645,10.000000298023224,41.01347029209137,26.06463074684143
band_9_noise.wav,10.000000074505806,0.0,40.88190793991089,26.143054962158203
band_9_noise.wav,35.00000059604645,30.0,40.88832646608353,26.160913109779358
band_9_noise.wav,84.99999761581421,60.0,40.89109718799591,26.058635115623474
band_9_noise.wav,80.00000059604645,20.000000596046448,40.71761727333069,26.111778616905212
band_9_noise.wav,15.000000447034836,0.0,40.78130632638931,26.14197313785553
band_9_noise.wav,50.00000238418579,40.000001192092896,40.84750324487686,26.16390287876129
band_9_noise.wav,60.00000178813934,10.000000298023224,40.813077092170715,26.15574359893799
band_9_noise.wav,54.99999940395355,0.0,40.953893065452576,26.133477687835693
band_9_noise.wav,54.99999940395355,40.000001192092896,40.85047245025635,26.16788148880005
band_9_noise.wav,50.00000238418579,49.999998807907104,40.89589297771454,26.136159896850586
band_9_noise.wav,60.00000178813934,10.000000298023224,40.75258255004883,26.100334525108337
band_9_noise.wav,84.99999761581421,30.0,40.89291036128998,26.13634765148163
band_9_noise.wav,5.000000037252903,0.0,40.85761249065399,26.16067886352539
band_9_noise.wav,5.000000037252903,40.000001192092896,40.875239968299866,26.17603361606598
band_9_noise.wav,70.0000011920929,20.000000596046448,40.84873706102371,26.131736040115356
band_9_noise.wav,70.0000011920929,30.0,40.83750665187836,26.116982102394104
band_9_noise.wav,25.000001192092896,49.999998807907104,40.943773090839386,26.14474654197693
band_9_noise.wav,5.000000037252903,30.0,40.770912766456604,26.171293258666992
band_9_noise.wav,15.000000447034836,60.0,40.86019545793533,26.159786581993103
band_9_noise.wav,80.00000059604645,49.999998807907104,40.79532086849213,26.14262580871582
band_9_noise.wav,84.99999761581421,40.000001192092896,40.78903377056122,26.157698035240173
band_9_noise.wav,35.00000059604645,0.0,40.95904290676117,26.096924543380737
band_9_noise.wav,50.00000238418579,49.999998807907104,40.78529477119446,26.140140295028687
band_9_noise.wav,64.9999988079071,20.000000596046448,40.822172462940216,26.130511164665222
band_9_noise.wav,80.00000059604645,60.0,40.93806803226471,26.077786087989807
band_9_noise.wav,5.000000037252903,60.0,40.81967532634735,26.147337555885315
band_9_noise.wav,35.00000059604645,30.0,40.79880505800247,26.14465355873108
band_9_noise.wav,84.99999761581421,20.000000596046448,40.728037655353546,26.113436222076416
band_9_noise.wav,70.0000011920929,40.000001192092896,40.80227851867676,26.130237579345703
band_9_noise.wav,10.000000074505806,10.000000298023224,40.99029064178467,26.16421401500702
band_9_noise.wav,5.000000037252903,10.000000298023224,40.878533720970154,26.163799166679382
band_9_noise.wav,10.000000074505806,40.000001192092896,40.94648748636246,26.148476600646973
band_9_noise.wav,25.000001192092896,10.000000298023224,40.94736993312836,26.116510033607483
band_9_noise.wav,45.0,49.999998807907104,40.76570391654968,26.130391359329224
band_9_noise.wav,74.99999821186066,20.000000596046448,40.75503408908844,26.09876275062561
band_9_noise.wav,45.0,60.0,40.875119268894196,26.16426408290863
band_9_noise.wav,10.000000074505806,40.000001192092896,40.96059322357178,26.141191720962524
band_9_noise.wav,50.00000238418579,0.0,40.95734506845474,26.117409467697144
band_9_noise.wav,84.99999761581421,49.999998807907104,40.840049386024475,26.15101933479309
band_9_noise.wav,10.000000074505806,60.0,40.94671010971069,26.15552008152008
band_9_noise.wav,0.0,0.0,40.910057723522186,26.124266982078552
band_9_noise.wav,20.000000149011612,30.0,40.82395076751709,26.14336609840393
band_9_noise.wav,70.0000011920929,40.000001192092896,40.70890009403229,26.11738622188568
band_9_noise.wav,90.0,49.999998807907104,40.93237370252609,26.126890182495117
band_9_noise.wav,10.000000074505806,40.000001192092896,40.91002553701401,26.122713088989258
band_9_noise.wav,10.000000074505806,60.0,40.946704745292664,26.1570543050766
band_9_noise.wav,0.0,40.000001192092896,40.832423865795135,26.141114830970764
band_9_noise.wav,25.000001192092896,49.999998807907104,40.85035711526871,26.15129292011261
band_9_noise.wav,84.99999761581421,0.0,40.74460834264755,26.10172927379608
band_9_noise.wav,50.00000238418579,20.000000596046448,40.83223074674606,26.122342944145203
band_9_noise.wav,45.0,0.0,40.90218812227249,26.143004894256592
band_9_noise.wav,45.0,0.0,40.77907204627991,26.11346125602722
band_9_noise.wav,5.000000037252903,0.0,40.85571348667145,26.143455505371094
band_9_noise.wav,30.00000089406967,0.0,41.0447958111763,26.053699851036072
band_9_noise.wav,54.99999940395355,10.000000298023224,40.770083963871,26.106138825416565
band_9_noise.wav,64.9999988079071,40.000001192092896,40.77158331871033,26.118721961975098
band_9_noise.wav,40.000000298023224,60.0,41.0540172457695,26.07692778110504
band_9_noise.wav,20.000000149011612,0.0,40.92588812112808,26.106932759284973
band_9_noise.wav,84.99999761581421,40.000001192092896,40.897086560726166,26.15806818008423
band_9_noise.wav,45.0,10.000000298023224,40.840537548065186,26.11730396747589
band_9_noise.wav,5.000000037252903,30.0,40.807951390743256,26.157056093215942
band_2_noise.wav,80.00000059604645,30.0,61.51561617851257,25.935094356536865
band_2_noise.wav,74.99999821186066,60.0,64.48342680931091,55.8357310295105
band_2_noise.wav,10.000000074505806,40.000001192092896,19.350056648254395,39.1802716255188
band_2_noise.wav,50.00000238418579,40.000001192092896,58.657899498939514,47.976036071777344
band_2_noise.wav,80.00000059604645,20.000000596046448,67.51475751399994,21.50574266910553
band_2_noise.wav,15.000000447034836,0.0,27.078844606876373,34.98505353927612
band_2_noise.wav,50.00000238418579,20.000000596046448,54.744749665260315,40.75033664703369
band_2_noise.wav,20.000000149011612,60.0,22.870013415813446,39.346582889556885
band_2_noise.wav,45.0,20.000000596046448,46.91281735897064,25.596081018447876
band_2_noise.wav,84.99999761581421,40.000001192092896,57.5251168012619,37.53960728645325
band_2_noise.wav,60.00000178813934,20.000000596046448,61.466113328933716,24.29814040660858
band_2_noise.wav,35.00000059604645,10.000000298023224,39.15684789419174,38.71597766876221
band_2_noise.wav,35.00000059604645,20.000000596046448,39.306963086128235,43.44067454338074
band_2_noise.wav,54.99999940395355,30.0,58.632402420043945,36.243778467178345
band_2_noise.wav,20.000000149011612,49.999998807907104,22.414060682058334,47.86592960357666
band_2_noise.wav,35.00000059604645,40.000001192092896,45.89165210723877,52.50936985015869
band_2_noise.wav,74.99999821186066,60.0,60.77431797981262,56.723878383636475
band_2_noise.wav,90.0,40.000001192092896,61.93067729473114,27.65160083770752
band_2_noise.wav,10.000000074505806,30.0,24.681665897369385,38.48994255065918
band_2_noise.wav,54.99999940395355,0.0,37.78316259384155,34.04376268386841
band_2_noise.wav,84.99999761581421,10.000000298023224,56.64949893951416,21.876162886619568
band_2_noise.wav,25.000001192092896,10.000000298023224,35.29251962900162,36.95538640022278
band_2_noise.wav,25.000001192092896,30.0,33.67463797330856,33.858726024627686
band_2_noise.wav,20.000000149011612,60.0,22.85831093788147,45.86545944213867
band_2_noise.wav,5.000000037252903,30.0,21.557536125183105,31.948885917663574
band_2_noise.wav,40.000000298023224,49.999998807907104,51.4609694480896,44.559406042099
band_2_noise.wav,45.0,60.0,31.28677725791931,41.85015320777893
band_2_noise.wav,80.00000059604645,0.0,61.78689479827881,18.22308361530304
band_2_noise.wav,84.99999761581421,40.000001192092896,61.27301037311554,32.61577248573303
band_2_noise.wav,60.00000178813934,40.000001192092896,59.07176971435547,44.93405342102051
band_2_noise.wav,25.000001192092896,60.0,28.072766661643982,44.642136096954346
band_2_noise.wav,84.99999761581421,60.0,61.0484504699707,54.33476686477661
band_2_noise.wav,30.00000089406967,60.0,26.628887951374054,32.06834435462952
band_2_noise.wav,40.000000298023224,0.0,46.715229749679565,36.68734788894653
band_2_noise.wav,84.99999761581421,60.0,64.36911106109619,56.48745775222778
band_2_noise.wav,64.9999988079071,30.0,53.90241265296936,45.58370590209961
band_2_noise.wav,20.000000149011612,49.999998807907104,24.764873385429382,44.38881754875183
band_2_noise.wav,0.0,30.0,17.551340460777283,25.071076154708862
band_2_noise.wav,25.000001192092896,60.0,33.11648368835449,44.56421613693237
band_2_noise.wav,80.00000059604645,49.999998807907104,58.765520453453064,38.00264239311218
band_2_noise.wav,0.0,49.999998807907104,27.79290497303009,23.514330983161926
band_2_noise.wav,30.00000089406967,10.000000298023224,47.16056227684021,33.373814821243286
band_2_noise.wav,35.00000059604645,30.0,57.85430431365967,51.07729911804199
band_2_noise.wav,40.000000298023224,49.999998807907104,52.15786635875702,55.865832567214966
band_2_noise.wav,84.99999761581421,0.0,63.831183314323425,16.127922534942627
band_2_noise.wav,40.000000298023224,0.0,58.34533095359802,47.46367335319519
band_2_noise.wav,40.000000298023224,49.999998807907104,50.3401654958725,46.127039194107056
band_2_noise.wav,10.000000074505806,10.000000298023224,17.681458443403244,33.87331008911133
band_2_noise.wav,0.0,40.000001192092896,17.702195942401886,24.196173548698425
band_2_noise.wav,35.00000059604645,30.0,56.20682179927826,47.11736440658569
band_2_noise.wav,35.00000059604645,49.999998807907104,48.89113426208496,55.430617332458496
band_2_noise.wav,64.9999988079071,20.000000596046448,62.63231635093689,20.137717723846436
band_2_noise.wav,70.0000011920929,49.999998807907104,58.363478779792786,32.96286106109619
band_2_noise.wav,5.000000037252903,40.000001192092896,18.298713862895966,27.752020955085754
band_2_noise.wav,64.9999988079071,49.999998807907104,61.52762711048126,45.706000328063965
band_2_noise.wav,35.00000059604645,20.000000596046448,57.188724875450134,54.06759738922119
band_2_noise.wav,80.00000059604645,0.0,66.53066039085388,17.57965922355652
band_2_noise.wav,74.99999821186066,49.999998807907104,51.622669100761414,40.48163652420044
band_2_noise.wav,64.9999988079071,0.0,64.86881732940674,18.77663254737854
band_2_noise.wav,45.0,30.0,57.0470130443573,42.16881036758423
band_2_noise.wav,35.00000059604645,10.000000298023224,47.62550175189972,33.323872089385986
band_2_noise.wav,74.99999821186066,20.000000596046448,60.392746925354004,22.672512531280518
band_2_noise.wav,60.00000178813934,30.0,61.1788272857666,34.90814208984375
band_2_noise.wav,50.00000238418579,0.0,54.630417823791504,35.08336544036865
band_2_noise.wav,50.00000238418579,20.000000596046448,56.1772745847702,34.62724685668945
band_2_noise.wav,45.0,20.000000596046448,51.963475942611694,37.30712413787842
band_2_noise.wav,54.99999940395355,49.999998807907104,59.20059621334076,48.29958200454712
band_2_noise.wav,5.000000037252903,60.0,14.89697277545929,42.744319438934326
band_2_noise.wav,64.9999988079071,20.000000596046448,61.93649768829346,27.95631229877472
band_2_noise.wav,50.00000238418579,60.0,48.8934463262558,54.714975357055664
band_2_noise.wav,35.00000059604645,30.0,52.85539627075195,46.436558961868286
band_2_noise.wav,25.000001192092896,10.000000298023224,47.93106436729431,44.034833908081055
band_2_noise.wav,50.00000238418579,60.0,60.66024363040924,60.59924840927124
band_2_noise.wav,70.0000011920929,40.000001192092896,58.68819236755371,36.813626289367676
band_2_noise.wav,20.000000149011612,40.000001192092896,31.231577396392822,39.599465131759644
band_2_noise.wav,25.000001192092896,0.0,34.61346477270126,40.33588528633118
band_2_noise.wav,70.0000011920929,49.999998807907104,58.192482590675354,48.64881992340088
band_2_noise.wav,25.000001192092896,10.000000298023224,36.320545971393585,46.04802131652832
band_2_noise.wav,40.000000298023224,49.999998807907104,60.2291214466095,65.33071517944336
band_2_noise.wav,60.00000178813934,60.0,63.715816140174866,56.49999976158142
band_2_noise.wav,45.0,30.0,45.41847288608551,32.26820468902588
band_2_noise.wav,35.00000059604645,49.999998807907104,56.15930914878845,53.15131187438965
band_2_noise.wav,0.0,30.0,19.34317946434021,24.36399221420288
band_2_noise.wav,20.000000149011612,40.000001192092896,27.11878001689911,50.726670026779175
band_2_noise.wav,10.000000074505806,49.999998807907104,17.50946044921875,28.286250829696655
band_2_noise.wav,5.000000037252903,20.000000596046448,16.747820377349854,31.490167379379272
band_2_noise.wav,5.000000037252903,49.999998807907104,18.436509668827057,33.75635504722595
band_2_noise.wav,40.000000298023224,60.0,42.04755038022995,52.43661046028137
band_2_noise.wav,45.0,0.0,53.295536041259766,34.09047603607178
band_2_noise.wav,84.99999761581421,0.0,64.34074938297272,17.32914626598358
band_2_noise.wav,40.000000298023224,60.0,39.418196976184845,56.29665970802307
band_2_noise.wav,15.000000447034836,10.000000298023224,22.76965856552124,24.75536048412323
band_2_noise.wav,0.0,30.0,18.59597772359848,23.841694593429565
band_2_noise.wav,25.000001192092896,20.000000596046448,34.17742341756821,38.195260763168335
band_2_noise.wav,20.000000149011612,0.0,33.09667021036148,34.80862855911255
band_2_noise.wav,30.00000089406967,10.000000298023224,38.53673994541168,16.726884841918945
band_2_noise.wav,70.0000011920929,49.999998807907104,63.39039981365204,44.82329249382019
band_2_noise.wav,50.00000238418579,10.000000298023224,55.32245993614197,34.96364951133728
band_2_noise.wav,64.9999988079071,30.0,59.718831181526184,25.008493065834045
band_2_noise.wav,84.99999761581421,60.0,64.2701643705368,53.64817142486572
band_2_noise.wav,40.000000298023224,10.000000298023224,55.058112144470215,45.591723918914795
band_2_noise.wav,35.00000059604645,10.000000298023224,54.229170083999634,37.2663938999176
band_2_noise.wav,10.000000074505806,60.0,18.934641480445862,34.294055700302124
band_2_noise.wav,0.0,49.999998807907104,17.714597135782242,28.39032232761383
band_2_noise.wav,64.9999988079071,20.000000596046448,62.017661333084106,17.37899601459503
band_2_noise.wav,64.9999988079071,60.0,58.520017862319946,63.263304233551025
band_2_noise.wav,30.00000089406967,30.0,47.20978081226349,53.409225940704346
band_2_noise.wav,10.000000074505806,20.000000596046448,21.31210595369339,30.09309411048889
band_2_noise.wav,90.0,49.999998807907104,62.3547238111496,43.22470664978027
band_2_noise.wav,45.0,49.999998807907104,64.11816358566284,57.10253119468689
band_2_noise.wav,10.000000074505806,30.0,26.527913510799408,36.59237265586853
band_2_noise.wav,60.00000178813934,40.000001192092896,60.11375427246094,46.578075885772705
band_2_noise.wav,40.000000298023224,30.0,61.738513112068176,51.96965217590332
band_2_noise.wav,20.000000149011612,60.0,26.342516541481018,37.689621448516846
band_2_noise.wav,45.0,30.0,57.072858810424805,43.497583866119385
band_2_noise.wav,60.00000178813934,10.000000298023224,60.56614637374878,22.84127712249756
band_2_noise.wav,84.99999761581421,0.0,64.04664516448975,16.41731858253479
band_2_noise.wav,70.0000011920929,20.000000596046448,62.379523515701294,26.65050745010376
band_2_noise.wav,30.00000089406967,0.0,36.54056757688522,27.046446204185486
band_2_noise.wav,74.99999821186066,20.000000596046448,67.05099821090698,27.011514902114868
band_2_noise.wav,10.000000074505806,20.000000596046448,15.966793298721313,32.32093334197998
band_2_noise.wav,30.00000089406967,60.0,28.70814174413681,49.64523911476135
band_2_noise.wav,90.0,10.000000298023224,63.84970664978027,17.460472583770752
band_2_noise.wav,84.99999761581421,60.0,67.61895060539246,55.90205669403076
band_2_noise.wav,70.0000011920929,40.000001192092896,65.64144372940063,44.85382318496704
band_2_noise.wav,15.000000447034836,20.000000596046448,21.97674661874771,40.24716138839722
band_2_noise.wav,30.00000089406967,40.000001192092896,40.567177534103394,55.41160583496094
band_2_noise.wav,60.00000178813934,40.000001192092896,51.2577223777771,45.22351384162903
band_2_noise.wav,70.0000011920929,20.000000596046448,64.11594808101654,21.33967638015747
band_2_noise.wav,15.000000447034836,49.999998807907104,19.834852516651154,37.26817846298218
band_2_noise.wav,35.00000059604645,40.000001192092896,46.83051109313965,50.60896039009094
band_2_noise.wav,30.00000089406967,49.999998807907104,36.933664083480835,45.367019176483154
band_2_noise.wav,25.000001192092896,60.0,29.520317316055298,55.253705978393555
band_2_noise.wav,20.000000149011612,49.999998807907104,33.59071433544159,42.315945625305176
band_0_noise.wav,54.99999940395355,60.0,42.50639051198959,27.35611081123352
band_0_noise.wav,25.000001192092896,60.0,51.64450228214264,25.454147458076477
band_0_noise.wav,20.000000149011612,10.000000298023224,50.039108991622925,30.980286598205566
band_0_noise.wav,15.000000447034836,49.999998807907104,56.41577124595642,20.855551958084106
band_0_noise.wav,45.0,40.000001192092896,44.76761341094971,25.333521366119385
band_0_noise.wav,15.000000447034836,0.0,43.33264499902725,26.87788188457489
band_0_noise.wav,60.00000178813934,30.0,66.07180416584015,16.341574788093567
band_0_noise.wav,60.00000178813934,10.000000298023224,64.63375389575958,15.475666522979736
band_0_noise.wav,50.00000238418579,20.000000596046448,62.37045764923096,18.012295961380005
band_0_noise.wav,30.00000089406967,60.0,62.84912467002869,18.579901456832886
band_0_noise.wav,45.0,40.000001192092896,58.113062381744385,18.14932107925415
band_0_noise.wav,5.000000037252903,20.000000596046448,42.812347412109375,22.970391511917114
band_0_noise.wav,0.0,10.000000298023224,48.65253031253815,29.346091747283936
band_0_noise.wav,35.00000059604645,20.000000596046448,53.65278482437134,23.773149847984314
band_0_noise.wav,35.00000059604645,49.999998807907104,47.35209882259369,23.37766170501709
band_0_noise.wav,60.00000178813934,10.000000298023224,66.06277585029602,14.502114057540894
band_0_noise.wav,30.00000089406967,49.999998807907104,54.68470573425293,29.78019118309021
band_0_noise.wav,10.000000074505806,30.0,55.168447494506836,22.751324772834778
band_0_noise.wav,5.000000037252903,10.000000298023224,48.87022912502289,38.85698676109314
band_0_noise.wav,5.000000037252903,20.000000596046448,44.32361662387848,26.219249367713928
band_0_noise.wav,20.000000149011612,40.000001192092896,43.37126076221466,31.441011428833008
band_0_noise.wav,64.9999988079071,20.000000596046448,64.60421741008759,17.64710783958435
band_0_noise.wav,15.000000447034836,49.999998807907104,46.99183523654938,22.12150812149048
band_0_noise.wav,60.00000178813934,10.000000298023224,56.17483377456665,20.390210151672363
band_0_noise.wav,60.00000178813934,30.0,60.74923396110535,18.24716091156006
band_0_noise.wav,30.00000089406967,40.000001192092896,52.263851165771484,21.444162726402283
band_0_noise.wav,30.00000089406967,0.0,61.56540334224701,19.894505739212036
band_0_noise.wav,0.0,40.000001192092896,38.677464723587036,29.861987829208374
band_0_noise.wav,10.000000074505806,49.999998807907104,41.83762460947037,30.058135986328125
band_0_noise.wav,0.0,20.000000596046448,53.761467933654785,27.22674071788788
band_0_noise.wav,45.0,0.0,54.01876151561737,20.04849672317505
band_0_noise.wav,35.00000059604645,40.000001192092896,49.364919662475586,24.103766083717346
band_0_noise.wav,20.000000149011612,10.000000298023224,52.129021883010864,22.32216238975525
band_0_noise.wav,10.000000074505806,60.0,41.429041028022766,29.867311120033264
band_0_noise.wav,40.000000298023224,0.0,61.86442673206329,24.973888993263245
band_0_noise.wav,74.99999821186066,30.0,62.97518312931061,21.93043828010559
band_0_noise.wav,70.0000011920929,30.0,51.84755623340607,24.49881613254547
band_0_noise.wav,64.9999988079071,49.999998807907104,46.54002785682678,21.9472736120224
band_0_noise.wav,25.000001192092896,40.000001192092896,38.15670311450958,25.07865071296692
band_0_noise.wav,0.0,30.0,50.65712213516235,24.03504967689514
band_0_noise.wav,45.0,20.000000596046448,56.768256425857544,22.927674651145935
band_0_noise.wav,70.0000011920929,20.000000596046448,58.43571066856384,18.989726901054382
band_0_noise.wav,90.0,20.000000596046448,57.712313532829285,20.771893858909607
band_0_noise.wav,80.00000059604645,10.000000298023224,68.22142839431763,16.74219846725464
band_0_noise.wav,10.000000074505806,40.000001192092896,49.48560833930969,21.40600562095642
band_0_noise.wav,20.000000149011612,49.999998807907104,58.50897789001465,21.915289163589478
band_0_noise.wav,84.99999761581421,40.000001192092896,70.42789936065674,17.996297478675842
band_0_noise.wav,74.99999821186066,60.0,55.606656074523926,25.406785011291504
band_0_noise.wav,45.0,0.0,60.474586486816406,15.824507474899292
band_0_noise.wav,0.0,30.0,46.175408363342285,36.045448780059814
band_0_noise.wav,15.000000447034836,10.000000298023224,64.4473671913147,16.54303550720215
band_0_noise.wav,60.00000178813934,20.000000596046448,65.22379696369171,17.379183769226074
band_0_noise.wav,15.000000447034836,40.000001192092896,41.1285075545311,34.20061111450195
band_0_noise.wav,54.99999940395355,10.000000298023224,69.77243185043335,16.410934925079346
band_0_noise.wav,70.0000011920929,10.000000298023224,67.88207530975342,14.81654405593872
band_0_noise.wav,74.99999821186066,0.0,54.86443519592285,20.39002776145935
band_0_noise.wav,15.000000447034836,60.0,45.50264060497284,26.680290699005127
band_0_noise.wav,10.000000074505806,0.0,29.834500551223755,30.995768308639526
band_0_noise.wav,0.0,10.000000298023224,55.92208385467529,23.102667331695557
band_0_noise.wav,45.0,10.000000298023224,64.09427046775818,17.42461323738098
band_0_noise.wav,54.99999940395355,49.999998807907104,57.38664507865906,18.602185249328613
band_0_noise.wav,64.9999988079071,0.0,58.63477349281311,18.943092226982117
band_0_noise.wav,30.00000089406967,10.000000298023224,54.02227520942688,21.327322125434875
band_0_noise.wav,84.99999761581421,30.0,57.45901107788086,20.7594895362854
band_0_noise.wav,54.99999940395355,10.000000298023224,53.304526805877686,21.836441159248352
band_0_noise.wav,30.00000089406967,20.000000596046448,51.06001675128937,20.699129104614258
band_0_noise.wav,20.000000149011612,0.0,44.417316913604736,33.08690428733826
band_0_noise.wav,30.00000089406967,30.0,57.521007657051086,22.853994369506836
band_0_noise.wav,40.000000298023224,60.0,37.2267410159111,34.806318283081055
band_0_noise.wav,90.0,30.0,61.470115184783936,16.34835183620453
band_0_noise.wav,60.00000178813934,30.0,68.12557697296143,19.87549066543579
band_0_noise.wav,54.99999940395355,0.0,58.19638788700104,18.64825129508972
band_0_noise.wav,5.000000037252903,49.999998807907104,52.1544224023819,22.34581768512726
band_0_noise.wav,35.00000059604645,60.0,38.772881627082825,32.12184190750122
band_0_noise.wav,80.00000059604645,40.000001192092896,58.738762736320496,19.568960666656494
band_0_noise.wav,74.99999821186066,20.000000596046448,64.43257749080658,17.843109369277954
band_0_noise.wav,40.000000298023224,40.000001192092896,54.49662923812866,21.785573959350586
band_0_noise.wav,20.000000149011612,40.000001192092896,46.09156250953674,23.834708333015442
band_0_noise.wav,74.99999821186066,30.0,65.00164568424225,19.18399214744568
band_0_noise.wav,80.00000059604645,49.999998807907104,59.60454225540161,17.250582575798035
band_0_noise.wav,64.9999988079071,40.000001192092896,72.8499448299408,15.298233032226562
band_0_noise.wav,40.000000298023224,30.0,51.911044120788574,21.47213101387024
band_0_noise.wav,35.00000059604645,0.0,64.96697545051575,16.955475211143494
band_0_noise.wav,15.000000447034836,40.000001192092896,35.693469643592834,32.515883445739746
band_0_noise.wav,10.000000074505806,10.000000298023224,41.86633497476578,24.983612895011902
band_0_noise.wav,84.99999761581421,60.0,59.37864661216736,20.67868173122406
band_0_noise.wav,70.0000011920929,30.0,44.302727580070496,25.694596767425537
band_0_noise.wav,64.9999988079071,10.000000298023224,48.48099231719971,22.87627637386322
band_0_noise.wav,10.000000074505806,0.0,46.52343571186066,30.022144317626953
band_0_noise.wav,64.9999988079071,30.0,65.12887895107269,15.629507303237915
band_0_noise.wav,40.000000298023224,30.0,59.255876541137695,18.374719619750977
band_0_noise.wav,40.000000298023224,49.999998807907104,56.61829948425293,20.55013418197632
band_0_noise.wav,45.0,30.0,54.720261096954346,22.206530570983887
band_0_noise.wav,60.00000178813934,20.000000596046448,56.80022835731506,20.98785102367401
band_0_noise.wav,60.00000178813934,49.999998807907104,51.13162636756897,21.653178334236145
band_0_noise.wav,30.00000089406967,60.0,43.442789912223816,26.906991004943848
band_0_noise.wav,10.000000074505806,10.000000298023224,32.472957372665405,33.970792293548584
band_0_noise.wav,0.0,60.0,33.68953227996826,33.05125951766968
band_0_noise.wav,64.9999988079071,20.000000596046448,57.55360186100006,19.722828269004822
band_0_noise.wav,60.00000178813934,40.000001192092896,64.5628148317337,21.557748913764954
band_0_noise.wav,30.00000089406967,0.0,58.438650369644165,22.4184912443161
band_0_noise.wav,20.000000149011612,10.000000298023224,60.10049879550934,21.580889225006104
band_0_noise.wav,60.00000178813934,40.000001192092896,57.16344237327576,19.01398479938507
band_0_noise.wav,35.00000059604645,10.000000298023224,61.81515455245972,17.277302742004395
band_0_noise.wav,50.00000238418579,20.000000596046448,56.9848769903183,19.191666841506958
band_0_noise.wav,60.00000178813934,40.000001192092896,64.4152021408081,15.425519943237305
band_0_noise.wav,80.00000059604645,10.000000298023224,60.68428158760071,15.283706188201904
band_0_noise.wav,35.00000059604645,60.0,50.71797072887421,28.06766152381897
band_0_noise.wav,60.00000178813934,10.000000298023224,57.27350413799286,19.231218695640564
band_0_noise.wav,64.9999988079071,40.000001192092896,58.37130010128021,19.431467056274414
band_0_noise.wav,25.000001192092896,30.0,40.02112001180649,26.99714720249176
band_0_noise.wav,40.000000298023224,10.000000298023224,47.277302742004395,23.39552342891693
band_0_noise.wav,84.99999761581421,0.0,50.53364396095276,23.106751441955566
band_0_noise.wav,84.99999761581421,40.000001192092896,67.29417264461517,18.100261688232422
band_0_noise.wav,80.00000059604645,0.0,53.57531726360321,20.191109776496887
band_0_noise.wav,60.00000178813934,60.0,54.52540397644043,25.802727341651917
band_0_noise.wav,70.0000011920929,49.999998807907104,59.078367948532104,22.02496647834778
band_0_noise.wav,74.99999821186066,30.0,68.3774846792221,19.68047261238098
band_0_noise.wav,0.0,0.0,37.80653804540634,31.036401987075806
band_0_noise.wav,70.0000011920929,0.0,58.379008769989014,19.32262659072876
band_0_noise.wav,74.99999821186066,0.0,46.17183566093445,24.102587699890137
band_0_noise.wav,30.00000089406967,30.0,46.27823352813721,25.71305215358734
band_0_noise.wav,20.000000149011612,40.000001192092896,59.72599804401398,25.39306640625
band_0_noise.wav,0.0,10.000000298023224,43.8485062122345,26.688496470451355
band_4_noise.wav,54.99999940395355,60.0,36.91924184560776,35.916112661361694
band_4_noise.wav,74.99999821186066,20.000000596046448,64.31292414665222,27.074307203292847
band_4_noise.wav,80.00000059604645,60.0,64.46538090705872,43.93622875213623
band_4_noise.wav,64.9999988079071,10.000000298023224,61.77633225917816,9.015476703643799
band_4_noise.wav,35.00000059604645,60.0,30.03165900707245,35.96327304840088
band_4_noise.wav,20.000000149011612,10.000000298023224,31.215969622135162,25.29569149017334
band_4_noise.wav,40.000000298023224,30.0,42.930597960948944,24.069079756736755
band_4_noise.wav,64.9999988079071,20.000000596046448,64.26368415355682,18.218459486961365
band_4_noise.wav,70.0000011920929,49.999998807907104,67.2877299785614,43.96771430969238
band_4_noise.wav,84.99999761581421,40.000001192092896,79.38621461391449,40.74373483657837
band_4_noise.wav,84.99999761581421,60.0,55.81526756286621,44.31539297103882
band_4_noise.wav,80.00000059604645,30.0,79.90637540817261,33.090641498565674
band_4_noise.wav,50.00000238418579,40.000001192092896,43.550904393196106,20.13841688632965
band_4_noise.wav,25.000001192092896,20.000000596046448,39.8726624250412,35.62412738800049
band_4_noise.wav,30.00000089406967,0.0,33.683575093746185,14.101881086826324
band_4_noise.wav,20.000000149011612,60.0,14.925616085529327,31.80556297302246
band_4_noise.wav,5.000000037252903,40.000001192092896,17.579514384269714,42.12554454803467
band_4_noise.wav,5.000000037252903,40.000001192092896,14.263035356998444,41.14238977432251
band_4_noise.wav,10.000000074505806,20.000000596046448,11.023010015487671,35.666770935058594
band_4_noise.wav,84.99999761581421,20.000000596046448,71.46799564361572,21.130828857421875
band_4_noise.wav,54.99999940395355,40.000001192092896,63.59085738658905,34.52329874038696
band_4_noise.wav,45.0,40.000001192092896,41.86836540699005,20.77486753463745
band_4_noise.wav,5.000000037252903,10.000000298023224,16.641333997249603,34.555989503860474
band_4_noise.wav,25.000001192092896,30.0,36.43007934093475,41.89587950706482
band_4_noise.wav,5.000000037252903,20.000000596046448,14.167819619178772,38.88153791427612
band_4_noise.wav,64.9999988079071,49.999998807907104,53.787946701049805,34.881627559661865
band_4_noise.wav,90.0,0.0,76.4436274766922,-0.7014834880828857
band_4_noise.wav,74.99999821186066,0.0,71.50623857975006,4.3579888343811035
band_4_noise.wav,74.99999821186066,20.000000596046448,68.69071304798126,26.840440034866333
band_4_noise.wav,64.9999988079071,60.0,46.04398548603058,41.21224522590637
band_4_noise.wav,84.99999761581421,49.999998807907104,71.44002556800842,40.457786321640015
band_4_noise.wav,10.000000074505806,0.0,14.184722900390625,31.139692068099976
band_4_noise.wav,30.00000089406967,40.000001192092896,37.40679234266281,33.96249532699585
band_4_noise.wav,50.00000238418579,0.0,59.86179828643799,18.781877160072327
band_4_noise.wav,84.99999761581421,10.000000298023224,67.52729415893555,13.42572033405304
band_4_noise.wav,60.00000178813934,10.000000298023224,57.589205503463745,16.796404123306274
band_4_noise.wav,5.000000037252903,0.0,16.445084810256958,33.19751858711243
band_4_noise.wav,35.00000059604645,20.000000596046448,41.20109349489212,19.85280990600586
band_4_noise.wav,80.00000059604645,0.0,74.35347855091095,1.1658596992492676
band_4_noise.wav,15.000000447034836,20.000000596046448,20.0227452814579,32.02419877052307
band_4_noise.wav,25.000001192092896,0.0,37.03948795795441,16.1012202501297
band_4_noise.wav,30.00000089406967,10.000000298023224,33.95899772644043,19.715445041656494
band_4_noise.wav,30.00000089406967,49.999998807907104,46.24913692474365,33.65885853767395
band_4_noise.wav,84.99999761581421,40.000001192092896,79.32750642299652,43.59039545059204
band_4_noise.wav,74.99999821186066,10.000000298023224,65.57277917861938,16.217833757400513
band_4_noise.wav,84.99999761581421,20.000000596046448,78.63052904605865,22.72659480571747
band_4_noise.wav,5.000000037252903,10.000000298023224,15.434200465679169,34.43854093551636
band_4_noise.wav,15.000000447034836,49.999998807907104,19.270436614751816,37.87506580352783
band_4_noise.wav,0.0,20.000000596046448,13.275515735149384,28.409863114356995
band_4_noise.wav,20.000000149011612,10.000000298023224,33.37571382522583,42.40753412246704
band_4_noise.wav,40.000000298023224,10.000000298023224,41.62676274776459,16.264615058898926
band_4_noise.wav,10.000000074505806,60.0,12.62728750705719,42.48886585235596
band_4_noise.wav,45.0,20.000000596046448,45.30229568481445,24.048884510993958
band_4_noise.wav,64.9999988079071,49.999998807907104,60.42037904262543,44.04431104660034
band_4_noise.wav,45.0,20.000000596046448,44.16252851486206,15.448229312896729
band_4_noise.wav,60.00000178813934,20.000000596046448,57.64271020889282,20.92267334461212
band_4_noise.wav,15.000000447034836,30.0,18.978050351142883,33.233914375305176
band_4_noise.wav,50.00000238418579,0.0,54.52810764312744,13.137445449829102
band_4_noise.wav,80.00000059604645,0.0,75.10826289653778,0.2767503261566162
band_4_noise.wav,10.000000074505806,10.000000298023224,14.720204472541809,28.800113797187805
band_4_noise.wav,10.000000074505806,40.000001192092896,15.074194371700287,33.06613326072693
band_4_noise.wav,74.99999821186066,49.999998807907104,69.75656926631927,43.146218061447144
band_4_noise.wav,10.000000074505806,49.999998807907104,8.388820588588715,48.085609674453735
band_4_noise.wav,30.00000089406967,49.999998807907104,38.36349606513977,31.534602642059326
band_4_noise.wav,74.99999821186066,30.0,77.77401387691498,35.77758550643921
band_4_noise.wav,50.00000238418579,60.0,40.2321320772171,34.645525217056274
band_4_noise.wav,35.00000059604645,30.0,43.7178772687912,28.938571214675903
band_4_noise.wav,25.000001192092896,10.000000298023224,39.10662353038788,25.36426305770874
band_4_noise.wav,35.00000059604645,0.0,39.03909891843796,18.58348309993744
band_4_noise.wav,40.000000298023224,30.0,41.273641884326935,25.901988744735718
band_4_noise.wav,10.000000074505806,49.999998807907104,10.538133680820465,44.61087942123413
band_4_noise.wav,74.99999821186066,20.000000596046448,73.48053753376007,26.22657537460327
band_4_noise.wav,0.0,0.0,12.676919102668762,29.88888144493103
band_4_noise.wav,0.0,40.000001192092896,11.800657510757446,30.349373817443848
band_4_noise.wav,50.00000238418579,49.999998807907104,46.24387443065643,36.76464557647705
band_4_noise.wav,45.0,60.0,42.79722511768341,38.61481189727783
band_4_noise.wav,30.00000089406967,0.0,43.68500143289566,10.933361649513245
band_4_noise.wav,45.0,40.000001192092896,58.76465678215027,29.61237609386444
band_4_noise.wav,80.00000059604645,20.000000596046448,76.11400008201599,23.595539331436157
band_4_noise.wav,25.000001192092896,60.0,28.516725897789,35.51113486289978
band_4_noise.wav,50.00000238418579,10.000000298023224,53.32106530666351,18.27981412410736
band_4_noise.wav,54.99999940395355,40.000001192092896,54.8371946811676,35.802719593048096
band_4_noise.wav,50.00000238418579,20.000000596046448,55.810144543647766,28.927652835845947
band_4_noise.wav,25.000001192092896,0.0,38.15377950668335,21.52421772480011
band_4_noise.wav,25.000001192092896,49.999998807907104,28.305872082710266,45.29888391494751
band_4_noise.wav,45.0,60.0,31.36296272277832,42.16420769691467
band_4_noise.wav,60.00000178813934,0.0,55.61904788017273,12.214048504829407
band_4_noise.wav,60.00000178813934,30.0,53.39900493621826,27.721382975578308
band_4_noise.wav,35.00000059604645,20.000000596046448,41.81482583284378,29.750109314918518
band_4_noise.wav,40.000000298023224,20.000000596046448,39.664533734321594,17.97418713569641
band_4_noise.wav,25.000001192092896,49.999998807907104,34.06106650829315,43.52687358856201
band_4_noise.wav,54.99999940395355,30.0,56.08913719654083,39.771058559417725
band_4_noise.wav,90.0,60.0,57.847115993499756,47.69688963890076
band_4_noise.wav,84.99999761581421,10.000000298023224,71.07261121273041,11.42024964094162
band_4_noise.wav,10.000000074505806,20.000000596046448,15.621662735939026,39.39697265625
band_4_noise.wav,45.0,20.000000596046448,43.762943744659424,16.237049102783203
band_4_noise.wav,15.000000447034836,40.000001192092896,13.911411166191101,34.80407238006592
band_4_noise.wav,5.000000037252903,10.000000298023224,11.25575602054596,34.45207357406616
band_4_noise.wav,0.0,60.0,14.6017125248909,28.38383674621582
band_4_noise.wav,0.0,10.000000298023224,14.495617747306824,28.496312499046326
band_4_noise.wav,30.00000089406967,30.0,36.26487672328949,29.074712991714478
band_4_noise.wav,64.9999988079071,60.0,47.874775528907776,45.61412572860718
band_4_noise.wav,20.000000149011612,49.999998807907104,29.38378483057022,47.16440677642822
band_4_noise.wav,35.00000059604645,30.0,41.525297462940216,27.513837218284607
band_4_noise.wav,40.000000298023224,20.000000596046448,42.41013944149017,17.16538667678833
band_4_noise.wav,40.000000298023224,49.999998807907104,37.99121081829071,36.601409912109375
band_4_noise.wav,35.00000059604645,40.000001192092896,35.6249338388443,34.43302273750305
band_4_noise.wav,25.000001192092896,30.0,32.81527429819107,39.77582931518555
band_4_noise.wav,25.000001192092896,49.999998807907104,31.644441783428192,46.746039390563965
band_4_noise.wav,70.0000011920929,49.999998807907104,68.59396576881409,45.08818745613098
band_4_noise.wav,90.0,20.000000596046448,76.29289269447327,21.953235268592834
band_4_noise.wav,25.000001192092896,30.0,38.443444669246674,35.8022940158844
band_4_noise.wav,20.000000149011612,0.0,28.2142773270607,27.836562395095825
band_4_noise.wav,50.00000238418579,40.000001192092896,47.4699604511261,27.702789902687073
band_4_noise.wav,5.000000037252903,10.000000298023224,14.539042711257935,36.077470779418945
band_4_noise.wav,54.99999940395355,20.000000596046448,55.582467913627625,8.480433225631714
band_4_noise.wav,40.000000298023224,40.000001192092896,44.65480238199234,36.61953091621399
band_4_noise.wav,35.00000059604645,20.000000596046448,44.608233869075775,35.04254937171936
band_4_noise.wav,10.000000074505806,20.000000596046448,14.843151569366455,31.757218837738037
band_4_noise.wav,35.00000059604645,40.000001192092896,38.4444585442543,27.905609607696533
band_4_noise.wav,45.0,0.0,44.355931878089905,12.999990284442902
band_4_noise.wav,64.9999988079071,10.000000298023224,63.709555864334106,13.677516281604767
band_4_noise.wav,74.99999821186066,30.0,77.59992241859436,33.52624297142029
band_4_noise.wav,70.0000011920929,10.000000298023224,64.12174701690674,12.907878756523132
band_4_noise.wav,30.00000089406967,30.0,44.79668319225311,28.237304091453552
band_4_noise.wav,84.99999761581421,20.000000596046448,75.08029818534851,21.26177430152893
band_4_noise.wav,80.00000059604645,20.000000596046448,62.4301153421402,27.843108773231506
band_4_noise.wav,60.00000178813934,40.000001192092896,52.402129769325256,37.656744718551636
band_4_noise.wav,15.000000447034836,20.000000596046448,21.636199951171875,25.24110496044159
band_4_noise.wav,60.00000178813934,40.000001192092896,52.34661340713501,34.78856563568115
band_4_noise.wav,25.000001192092896,30.0,35.11234760284424,33.44773292541504
band_4_noise.wav,10.000000074505806,30.0,16.147590279579163,33.511093854904175
band_4_noise.wav,10.000000074505806,20.000000596046448,12.466081380844116,37.720792293548584
band_4_noise.wav,15.000000447034836,0.0,28.344420790672302,27.190107107162476
band_4_noise.wav,50.00000238418579,40.000001192092896,46.29958927631378,24.065324664115906
band_4_noise.wav,84.99999761581421,60.0,59.43909287452698,52.04302668571472
band_4_noise.wav,5.000000037252903,40.000001192092896,10.399906039237976,41.56688690185547
khz_band_2.5_4.5_noise.wav,5.000000037252903,10.000000298023224,18.195021003484726,31.896175146102905
khz_band_2.5_4.5_noise.wav,80.00000059604645,20.000000596046448,58.49063158035278,19.261679649353027
khz_band_2.5_4.5_noise.wav,70.0000011920929,30.0,39.920679330825806,23.3955717086792
khz_band_2.5_4.5_noise.wav,20.000000149011612,60.0,32.85452038049698,34.51194763183594
khz_band_2.5_4.5_noise.wav,5.000000037252903,0.0,18.18683087825775,29.469199776649475
khz_band_2.5_4.5_noise.wav,0.0,40.000001192092896,14.549929797649384,28.328946232795715
khz_band_2.5_4.5_noise.wav,45.0,20.000000596046448,55.72743594646454,32.30823755264282
khz_band_2.5_4.5_noise.wav,64.9999988079071,10.000000298023224,51.49757623672485,22.285040616989136
khz_band_2.5_4.5_noise.wav,40.000000298023224,30.0,51.20907247066498,26.727415323257446
khz_band_2.5_4.5_noise.wav,54.99999940395355,40.000001192092896,49.33758795261383,29.070346355438232
khz_band_2.5_4.5_noise.wav,64.9999988079071,60.0,46.19232773780823,41.029672622680664
khz_band_2.5_4.5_noise.wav,80.00000059604645,0.0,53.11842441558838,14.97178316116333
khz_band_2.5_4.5_noise.wav,74.99999821186066,0.0,54.108792543411255,11.464473009109497
khz_band_2.5_4.5_noise.wav,60.00000178813934,20.000000596046448,50.64040660858154,17.482337951660156
khz_band_2.5_4.5_noise.wav,25.000001192092896,10.000000298023224,32.60883808135986,22.29098618030548
khz_band_2.5_4.5_noise.wav,50.00000238418579,20.000000596046448,53.87048900127411,23.240625858306885
khz_band_2.5_4.5_noise.wav,20.000000149011612,40.000001192092896,28.78389000892639,43.013877868652344
khz_band_2.5_4.5_noise.wav,70.0000011920929,60.0,45.626124143600464,35.187249183654785
khz_band_2.5_4.5_noise.wav,84.99999761581421,40.000001192092896,48.385140895843506,21.29615843296051
khz_band_2.5_4.5_noise.wav,60.00000178813934,40.000001192092896,45.355440974235535,25.971413254737854
khz_band_2.5_4.5_noise.wav,40.000000298023224,30.0,50.45648217201233,24.048344492912292
khz_band_2.5_4.5_noise.wav,25.000001192092896,40.000001192092896,34.42308157682419,35.11254072189331
khz_band_2.5_4.5_noise.wav,25.000001192092896,60.0,32.24971443414688,38.325533866882324
khz_band_2.5_4.5_noise.wav,0.0,49.999998807907104,12.035586833953857,29.59105610847473
khz_band_2.5_4.5_noise.wav,10.000000074505806,49.999998807907104,24.315179586410522,36.59513711929321
khz_band_2.5_4.5_noise.wav,84.99999761581421,10.000000298023224,68.92871618270874,15.655683875083923
khz_band_2.5_4.5_noise.wav,0.0,10.000000298023224,19.933686554431915,27.880155444145203
khz_band_2.5_4.5_noise.wav,25.000001192092896,10.000000298023224,33.014905750751495,18.934239149093628
khz_band_2.5_4.5_noise.wav,50.00000238418579,20.000000596046448,52.284573912620544,24.464035034179688
khz_band_2.5_4.5_noise.wav,25.000001192092896,30.0,36.20867371559143,27.37210750579834
khz_band_2.5_4.5_noise.wav,35.00000059604645,10.000000298023224,42.13938385248184,21.353344917297363
khz_band_2.5_4.5_noise.wav,54.99999940395355,10.000000298023224,49.85467493534088,17.539998292922974
khz_band_2.5_4.5_noise.wav,84.99999761581421,20.000000596046448,59.8517507314682,23.010966181755066
khz_band_2.5_4.5_noise.wav,60.00000178813934,30.0,45.530680418014526,26.458624005317688
khz_band_2.5_4.5_noise.wav,60.00000178813934,49.999998807907104,42.66983360052109,28.528881669044495
khz_band_2.5_4.5_noise.wav,10.000000074505806,49.999998807907104,29.260159134864807,36.902618408203125
khz_band_2.5_4.5_noise.wav,15.000000447034836,30.0,30.247700214385986,30.666146278381348
khz_band_2.5_4.5_noise.wav,35.00000059604645,60.0,35.409941375255585,40.81209182739258
khz_band_2.5_4.5_noise.wav,10.000000074505806,30.0,32.37877160310745,31.921874284744263
khz_band_2.5_4.5_noise.wav,25.000001192092896,40.000001192092896,34.770467877388,36.868064403533936
khz_band_2.5_4.5_noise.wav,50.00000238418579,20.000000596046448,55.29146432876587,24.236719608306885
khz_band_2.5_4.5_noise.wav,64.9999988079071,20.000000596046448,48.08907866477966,20.627251267433167
khz_band_2.5_4.5_noise.wav,60.00000178813934,0.0,53.29686641693115,12.737997472286224
khz_band_2.5_4.5_noise.wav,45.0,20.000000596046448,57.04200267791748,31.610684394836426
khz_band_2.5_4.5_noise.wav,54.99999940395355,10.000000298023224,50.1673024892807,21.30224347114563
khz_band_2.5_4.5_noise.wav,0.0,20.000000596046448,18.848592191934586,29.047744274139404
khz_band_2.5_4.5_noise.wav,45.0,49.999998807907104,39.87537682056427,36.812639236450195
khz_band_2.5_4.5_noise.wav,70.0000011920929,0.0,49.6320515871048,15.634610652923584
khz_band_2.5_4.5_noise.wav,80.00000059604645,30.0,50.70222079753876,23.069821000099182
khz_band_2.5_4.5_noise.wav,40.000000298023224,0.0,49.124239683151245,24.53548550605774
khz_band_2.5_4.5_noise.wav,10.000000074505806,30.0,30.981574058532715,31.1204731464386
khz_band_2.5_4.5_noise.wav,70.0000011920929,49.999998807907104,52.72970795631409,29.133957624435425
khz_band_2.5_4.5_noise.wav,60.00000178813934,10.000000298023224,48.594685792922974,17.59645700454712
khz_band_2.5_4.5_noise.wav,0.0,20.000000596046448,16.536658108234406,29.614123106002808
khz_band_2.5_4.5_noise.wav,50.00000238418579,20.000000596046448,55.84129571914673,22.50369429588318
khz_band_2.5_4.5_noise.wav,25.000001192092896,49.999998807907104,41.46683871746063,42.95701861381531
khz_band_2.5_4.5_noise.wav,10.000000074505806,40.000001192092896,30.084927678108215,36.41983509063721
khz_band_2.5_4.5_noise.wav,54.99999940395355,10.000000298023224,53.744521737098694,15.133225321769714
khz_band_2.5_4.5_noise.wav,90.0,60.0,39.21624273061752,26.55734896659851
khz_band_2.5_4.5_noise.wav,40.000000298023224,0.0,44.64791178703308,21.764389872550964
khz_band_2.5_4.5_noise.wav,25.000001192092896,0.0,33.19456547498703,19.3251371383667
khz_band_2.5_4.5_noise.wav,50.00000238418579,60.0,42.95805037021637,31.009987592697144
khz_band_2.5_4.5_noise.wav,40.000000298023224,60.0,39.11026865243912,35.4356324672699
khz_band_2.5_4.5_noise.wav,0.0,10.000000298023224,16.330581307411194,27.77216076850891
khz_band_2.5_4.5_noise.wav,74.99999821186066,60.0,48.557183146476746,34.5671546459198
khz_band_2.5_4.5_noise.wav,5.000000037252903,10.000000298023224,21.15038350224495,30.603361129760742
khz_band_2.5_4.5_noise.wav,10.000000074505806,30.0,30.252447724342346,31.742756366729736
khz_band_2.5_4.5_noise.wav,70.0000011920929,60.0,45.87648153305054,30.510385036468506
khz_band_2.5_4.5_noise.wav,60.00000178813934,20.000000596046448,50.37885367870331,18.626521825790405
khz_band_2.5_4.5_noise.wav,5.000000037252903,20.000000596046448,16.646108329296112,32.174988985061646
khz_band_2.5_4.5_noise.wav,74.99999821186066,49.999998807907104,51.949952244758606,29.67827081680298
khz_band_2.5_4.5_noise.wav,84.99999761581421,49.999998807907104,56.37700796127319,31.020548343658447
khz_band_2.5_4.5_noise.wav,70.0000011920929,40.000001192092896,46.80018067359924,28.065311908721924
khz_band_2.5_4.5_noise.wav,45.0,20.000000596046448,50.93039631843567,29.81166958808899
khz_band_2.5_4.5_noise.wav,84.99999761581421,10.000000298023224,71.32025957107544,11.99440062046051
khz_band_2.5_4.5_noise.wav,64.9999988079071,0.0,51.1250764131546,15.716428756713867
khz_band_2.5_4.5_noise.wav,25.000001192092896,10.000000298023224,34.895059168338776,26.04129910469055
khz_band_2.5_4.5_noise.wav,5.000000037252903,10.000000298023224,20.932769179344177,32.2001588344574
khz_band_2.5_4.5_noise.wav,10.000000074505806,30.0,28.11710089445114,29.424657225608826
khz_band_2.5_4.5_noise.wav,80.00000059604645,10.000000298023224,68.08641135692596,14.852469563484192
khz_band_2.5_4.5_noise.wav,84.99999761581421,0.0,60.10644793510437,11.862836480140686
khz_band_2.5_4.5_noise.wav,15.000000447034836,30.0,29.61530774831772,35.66101312637329
khz_band_2.5_4.5_noise.wav,70.0000011920929,10.000000298023224,60.478148460388184,12.728912830352783
khz_band_2.5_4.5_noise.wav,60.00000178813934,20.000000596046448,46.86437129974365,19.097743034362793
khz_band_2.5_4.5_noise.wav,30.00000089406967,30.0,33.97080481052399,21.48187279701233
khz_band_2.5_4.5_noise.wav,54.99999940395355,49.999998807907104,46.36834502220154,33.246238231658936
khz_band_2.5_4.5_noise.wav,54.99999940395355,49.999998807907104,46.36110305786133,32.300108671188354
khz_band_2.5_4.5_noise.wav,10.000000074505806,30.0,31.588520407676697,31.483161449432373
khz_band_2.5_4.5_noise.wav,50.00000238418579,30.0,53.35238814353943,26.602646112442017
khz_band_2.5_4.5_noise.wav,5.000000037252903,20.000000596046448,18.0581733584404,29.395312070846558
khz_band_2.5_4.5_noise.wav,5.000000037252903,30.0,18.393768668174744,31.386862993240356
khz_band_2.5_4.5_noise.wav,54.99999940395355,10.000000298023224,50.64042806625366,24.508028626441956
khz_band_2.5_4.5_noise.wav,0.0,20.000000596046448,12.188614904880524,28.333967328071594
khz_band_2.5_4.5_noise.wav,54.99999940395355,49.999998807907104,44.74536448717117,32.87901163101196
khz_band_2.5_4.5_noise.wav,0.0,20.000000596046448,14.986054301261902,29.94670271873474
khz_band_2.5_4.5_noise.wav,84.99999761581421,49.999998807907104,55.09875297546387,32.548277378082275
khz_band_2.5_4.5_noise.wav,90.0,49.999998807907104,54.8808878660202,29.69978392124176
khz_band_2.5_4.5_noise.wav,70.0000011920929,0.0,55.14632999897003,12.195072770118713
khz_band_2.5_4.5_noise.wav,35.00000059604645,0.0,49.95216250419617,20.71498990058899
khz_band_2.5_4.5_noise.wav,30.00000089406967,10.000000298023224,43.97271662950516,28.371083736419678
khz_band_2.5_4.5_noise.wav,30.00000089406967,20.000000596046448,38.850153386592865,25.628194212913513
khz_band_2.5_4.5_noise.wav,10.000000074505806,30.0,31.15783542394638,33.258512020111084
khz_band_2.5_4.5_noise.wav,15.000000447034836,30.0,29.710668325424194,31.303203105926514
khz_band_2.5_4.5_noise.wav,64.9999988079071,30.0,49.010165333747864,20.31454861164093
khz_band_2.5_4.5_noise.wav,5.000000037252903,10.000000298023224,18.026381134986877,30.29067635536194
khz_band_2.5_4.5_noise.wav,0.0,10.000000298023224,14.895269572734833,29.94624674320221
khz_band_2.5_4.5_noise.wav,74.99999821186066,49.999998807907104,52.15890169143677,30.9816312789917
khz_band_2.5_4.5_noise.wav,20.000000149011612,0.0,33.28259289264679,30.88214635848999
khz_band_2.5_4.5_noise.wav,20.000000149011612,30.0,34.37065780162811,40.229387283325195
khz_band_2.5_4.5_noise.wav,0.0,10.000000298023224,16.021408438682556,27.98902988433838
khz_band_2.5_4.5_noise.wav,45.0,0.0,52.330026626586914,13.70603084564209
khz_band_2.5_4.5_noise.wav,64.9999988079071,40.000001192092896,42.10091829299927,23.38314414024353
khz_band_2.5_4.5_noise.wav,20.000000149011612,20.000000596046448,33.921792805194855,20.482224225997925
khz_band_2.5_4.5_noise.wav,15.000000447034836,49.999998807907104,32.86466717720032,32.754127979278564
khz_band_2.5_4.5_noise.wav,0.0,40.000001192092896,14.000339806079865,27.223171591758728
khz_band_2.5_4.5_noise.wav,25.000001192092896,0.0,39.045402109622955,22.392611503601074
khz_band_2.5_4.5_noise.wav,40.000000298023224,30.0,47.434608936309814,21.173429489135742
khz_band_2.5_4.5_noise.wav,74.99999821186066,10.000000298023224,63.52946698665619,12.127474844455719
khz_band_2.5_4.5_noise.wav,20.000000149011612,0.0,34.39627021551132,31.702029705047607
khz_band_2.5_4.5_noise.wav,15.000000447034836,20.000000596046448,37.90613919496536,24.972474575042725
khz_band_2.5_4.5_noise.wav,25.000001192092896,20.000000596046448,40.56235492229462,29.411925673484802
khz_band_2.5_4.5_noise.wav,30.00000089406967,60.0,39.02408927679062,36.41533613204956
khz_band_2.5_4.5_noise.wav,80.00000059604645,49.999998807907104,55.882086753845215,31.788103580474854
khz_band_2.5_4.5_noise.wav,50.00000238418579,20.000000596046448,43.48994314670563,23.66837739944458
khz_band_2.5_4.5_noise.wav,54.99999940395355,40.000001192092896,51.58687233924866,28.08879554271698
khz_band_2.5_4.5_noise.wav,64.9999988079071,20.000000596046448,47.05022692680359,24.36121702194214
khz_band_2.5_4.5_noise.wav,35.00000059604645,60.0,41.561775505542755,41.26516342163086
khz_band_2.5_4.5_noise.wav,15.000000447034836,20.000000596046448,32.11498439311981,28.343083262443542
khz_band_2.5_4.5_noise.wav,0.0,0.0,15.806161165237427,28.67575764656067
khz_band_2.5_4.5_noise.wav,25.000001192092896,40.000001192092896,36.58227324485779,37.71616458892822
khz_band_2.5_4.5_noise.wav,64.9999988079071,0.0,40.63990831375122,22.82086730003357
khz_band_2.5_4.5_noise.wav,64.9999988079071,10.000000298023224,53.49911570549011,18.75909447669983
khz_band_2.5_4.5_noise.wav,60.00000178813934,20.000000596046448,49.62320029735565,22.374508380889893
khz_band_2.5_4.5_noise.wav,84.99999761581421,0.0,56.25251054763794,12.090568542480469
khz_band_2.5_4.5_noise.wav,74.99999821186066,30.0,51.74562692642212,28.01480233669281
khz_band_2.5_4.5_noise.wav,35.00000059604645,60.0,45.22166311740875,43.69101047515869
khz_band_2.5_4.5_noise.wav,50.00000238418579,60.0,39.26697939634323,46.87601566314697
khz_band_2.5_4.5_noise.wav,35.00000059604645,0.0,40.27039647102356,19.97535467147827
khz_band_2.5_4.5_noise.wav,30.00000089406967,40.000001192092896,40.88791877031326,44.830087423324585
khz_band_2.5_4.5_noise.wav,5.000000037252903,49.999998807907104,13.43104362487793,35.93723773956299
khz_band_lt_0.8_noise.wav,74.99999821186066,60.0,40.25688350200653,33.318268060684204
khz_band_lt_0.8_noise.wav,20.000000149011612,20.000000596046448,32.61187434196472,26.926494240760803
khz_band_lt_0.8_noise.wav,70.0000011920929,10.000000298023224,68.92890393733978,17.407164573669434
khz_band_lt_0.8_noise.wav,54.99999940395355,60.0,37.902357280254364,32.02081918716431
khz_band_lt_0.8_noise.wav,40.000000298023224,0.0,44.84474301338196,27.95735478401184
khz_band_lt_0.8_noise.wav,90.0,0.0,60.06824254989624,21.79526925086975
khz_band_lt_0.8_noise.wav,90.0,10.000000298023224,70.3100860118866,11.373450458049774
khz_band_lt_0.8_noise.wav,25.000001192092896,60.0,30.86305260658264,30.650761127471924
khz_band_lt_0.8_noise.wav,64.9999988079071,40.000001192092896,62.317816615104675,17.886326909065247
khz_band_lt_0.8_noise.wav,84.99999761581421,49.999998807907104,54.56685483455658,25.81745982170105
khz_band_lt_0.8_noise.wav,54.99999940395355,0.0,51.54781937599182,22.484943866729736
khz_band_lt_0.8_noise.wav,40.000000298023224,0.0,34.31154727935791,30.459022521972656
khz_band_lt_0.8_noise.wav,5.000000037252903,30.0,35.82270920276642,23.84303569793701
khz_band_lt_0.8_noise.wav,54.99999940395355,0.0,57.99735724925995,16.73697531223297
khz_band_lt_0.8_noise.wav,50.00000238418579,10.000000298023224,54.62882995605469,17.70953893661499
khz_band_lt_0.8_noise.wav,45.0,30.0,37.6866352558136,30.270159244537354
khz_band_lt_0.8_noise.wav,70.0000011920929,40.000001192092896,48.71681213378906,15.113548636436462
khz_band_lt_0.8_noise.wav,10.000000074505806,10.000000298023224,25.88028073310852,24.943349361419678
khz_band_lt_0.8_noise.wav,74.99999821186066,20.000000596046448,51.43155634403229,25.281121730804443
khz_band_lt_0.8_noise.wav,80.00000059604645,0.0,62.14743196964264,18.691645860671997
khz_band_lt_0.8_noise.wav,74.99999821186066,49.999998807907104,54.02726948261261,13.481340408325195
khz_band_lt_0.8_noise.wav,10.000000074505806,10.000000298023224,24.32285875082016,25.50503432750702
khz_band_lt_0.8_noise.wav,15.000000447034836,40.000001192092896,39.99019145965576,25.183830857276917
khz_band_lt_0.8_noise.wav,80.00000059604645,60.0,43.00229340791702,24.087583422660828
khz_band_lt_0.8_noise.wav,54.99999940395355,0.0,62.06854283809662,17.51726746559143
khz_band_lt_0.8_noise.wav,54.99999940395355,0.0,45.106751918792725,25.399205088615417
khz_band_lt_0.8_noise.wav,45.0,20.000000596046448,51.91644608974457,23.76886546611786
khz_band_lt_0.8_noise.wav,5.000000037252903,60.0,17.894724905490875,35.44105768203735
khz_band_lt_0.8_noise.wav,45.0,60.0,38.66100400686264,29.954493641853333
khz_band_lt_0.8_noise.wav,5.000000037252903,10.000000298023224,26.522790491580963,22.64487326145172
khz_band_lt_0.8_noise.wav,74.99999821186066,49.999998807907104,51.0068017244339,22.903447151184082
khz_band_lt_0.8_noise.wav,15.000000447034836,60.0,29.380920231342316,30.35167694091797
khz_band_lt_0.8_noise.wav,70.0000011920929,0.0,48.85444164276123,22.676002979278564
khz_band_lt_0.8_noise.wav,60.00000178813934,60.0,42.226601243019104,24.26328420639038
khz_band_lt_0.8_noise.wav,64.9999988079071,0.0,68.60684037208557,14.805390536785126
khz_band_lt_0.8_noise.wav,74.99999821186066,40.000001192092896,60.00653564929962,20.182971954345703
khz_band_lt_0.8_noise.wav,90.0,10.000000298023224,49.60403323173523,22.15811848640442
khz_band_lt_0.8_noise.wav,70.0000011920929,30.0,57.86965727806091,18.68453085422516
khz_band_lt_0.8_noise.wav,15.000000447034836,40.000001192092896,31.110982596874237,33.70805382728577
khz_band_lt_0.8_noise.wav,54.99999940395355,60.0,39.69256013631821,33.11413764953613
khz_band_lt_0.8_noise.wav,80.00000059604645,0.0,65.16637623310089,20.47262191772461
khz_band_lt_0.8_noise.wav,45.0,10.000000298023224,51.08587861061096,22.14257776737213
khz_band_lt_0.8_noise.wav,70.0000011920929,20.000000596046448,53.28973174095154,21.87840700149536
khz_band_lt_0.8_noise.wav,84.99999761581421,0.0,72.08878755569458,12.068107724189758
khz_band_lt_0.8_noise.wav,74.99999821186066,40.000001192092896,57.839235663414,21.633650064468384
khz_band_lt_0.8_noise.wav,50.00000238418579,0.0,56.712766885757446,21.92008137702942
khz_band_lt_0.8_noise.wav,25.000001192092896,60.0,30.026337504386902,27.743704319000244
khz_band_lt_0.8_noise.wav,60.00000178813934,49.999998807907104,53.92570495605469,19.597461819648743
khz_band_lt_0.8_noise.wav,50.00000238418579,40.000001192092896,43.02403807640076,26.206288933753967
khz_band_lt_0.8_noise.wav,64.9999988079071,10.000000298023224,52.47175991535187,23.060957193374634
khz_band_lt_0.8_noise.wav,74.99999821186066,10.000000298023224,62.31519341468811,19.932950735092163
khz_band_lt_0.8_noise.wav,64.9999988079071,10.000000298023224,65.72121798992157,18.79167079925537
khz_band_lt_0.8_noise.wav,40.000000298023224,0.0,43.52800637483597,28.47952365875244
khz_band_lt_0.8_noise.wav,10.000000074505806,60.0,35.07942080497742,31.7754864692688
khz_band_lt_0.8_noise.wav,40.000000298023224,49.999998807907104,42.9055380821228,24.79706346988678
khz_band_lt_0.8_noise.wav,80.00000059604645,10.000000298023224,72.03041732311249,13.085449934005737
khz_band_lt_0.8_noise.wav,40.000000298023224,30.0,47.42851495742798,29.27536189556122
khz_band_lt_0.8_noise.wav,20.000000149011612,20.000000596046448,35.16311377286911,28.28933894634247
khz_band_lt_0.8_noise.wav,10.000000074505806,49.999998807907104,25.1297128200531,24.51020121574402
khz_band_lt_0.8_noise.wav,10.000000074505806,0.0,25.313275158405304,27.73905336856842
khz_band_lt_0.8_noise.wav,20.000000149011612,60.0,25.729301869869232,31.514071226119995
khz_band_lt_0.8_noise.wav,45.0,40.000001192092896,38.863918483257294,27.866774797439575
khz_band_lt_0.8_noise.wav,5.000000037252903,60.0,27.755410373210907,28.621054887771606
khz_band_lt_0.8_noise.wav,20.000000149011612,30.0,28.211501240730286,26.909871697425842
khz_band_lt_0.8_noise.wav,5.000000037252903,30.0,25.343774557113647,23.204042315483093
khz_band_lt_0.8_noise.wav,40.000000298023224,10.000000298023224,46.75888538360596,28.9255428314209
khz_band_lt_0.8_noise.wav,35.00000059604645,10.000000298023224,43.54005217552185,22.562670707702637
khz_band_lt_0.8_noise.wav,84.99999761581421,0.0,61.363781690597534,16.79064631462097
khz_band_lt_0.8_noise.wav,0.0,60.0,27.493736743927002,28.112128973007202
khz_band_lt_0.8_noise.wav,80.00000059604645,30.0,50.602909326553345,20.67234992980957
khz_band_lt_0.8_noise.wav,80.00000059604645,20.000000596046448,59.44128155708313,20.407775044441223
khz_band_lt_0.8_noise.wav,35.00000059604645,40.000001192092896,40.635147392749786,26.52773916721344
khz_band_lt_0.8_noise.wav,0.0,10.000000298023224,16.52247726917267,25.81637978553772
khz_band_lt_0.8_noise.wav,54.99999940395355,0.0,59.998692870140076,21.965829133987427
khz_band_lt_0.8_noise.wav,74.99999821186066,20.000000596046448,64.37967896461487,16.809841990470886
khz_band_lt_0.8_noise.wav,25.000001192092896,30.0,35.75350284576416,29.6548068523407
khz_band_lt_0.8_noise.wav,45.0,20.000000596046448,53.65394353866577,22.40615487098694
khz_band_lt_0.8_noise.wav,64.9999988079071,10.000000298023224,45.024810433387756,24.803844094276428
khz_band_lt_0.8_noise.wav,70.0000011920929,20.000000596046448,62.916362285614014,18.806304931640625
khz_band_lt_0.8_noise.wav,50.00000238418579,20.000000596046448,52.05823838710785,25.986320972442627
khz_band_lt_0.8_noise.wav,54.99999940395355,0.0,60.514052510261536,20.02503275871277
khz_band_lt_0.8_noise.wav,50.00000238418579,10.000000298023224,52.67024874687195,26.3790500164032
khz_band_lt_0.8_noise.wav,45.0,30.0,45.605852007865906,14.530060887336731
khz_band_lt_0.8_noise.wav,20.000000149011612,49.999998807907104,32.81890869140625,28.319735527038574
khz_band_lt_0.8_noise.wav,20.000000149011612,40.000001192092896,32.65738606452942,31.109118461608887
khz_band_lt_0.8_noise.wav,20.000000149011612,30.0,37.18576490879059,32.913583517074585
khz_band_lt_0.8_noise.wav,54.99999940395355,60.0,38.73290866613388,27.211908102035522
khz_band_lt_0.8_noise.wav,74.99999821186066,0.0,57.377471923828125,20.9317409992218
khz_band_lt_0.8_noise.wav,20.000000149011612,49.999998807907104,36.889472007751465,27.78124451637268
khz_band_lt_0.8_noise.wav,40.000000298023224,60.0,37.05859065055847,29.18331027030945
khz_band_lt_0.8_noise.wav,45.0,20.000000596046448,39.66813862323761,26.56562626361847
khz_band_lt_0.8_noise.wav,0.0,20.000000596046448,32.65961766242981,28.132365345954895
khz_band_lt_0.8_noise.wav,74.99999821186066,60.0,28.978422582149506,26.031351685523987
khz_band_lt_0.8_noise.wav,50.00000238418579,0.0,45.68415105342865,23.267762660980225
khz_band_lt_0.8_noise.wav,5.000000037252903,40.000001192092896,18.09955582022667,23.82464110851288
khz_band_lt_0.8_noise.wav,80.00000059604645,49.999998807907104,43.958565294742584,18.260310888290405
khz_band_lt_0.8_noise.wav,90.0,60.0,33.835524916648865,23.793591856956482
khz_band_lt_0.8_noise.wav,80.00000059604645,10.000000298023224,69.47715818881989,14.87356424331665
khz_band_lt_0.8_noise.wav,54.99999940395355,0.0,55.7262396812439,23.07910144329071
khz_band_lt_0.8_noise.wav,64.9999988079071,49.999998807907104,46.16074204444885,30.798479318618774
khz_band_lt_0.8_noise.wav,45.0,0.0,51.74957513809204,14.653334319591522
khz_band_lt_0.8_noise.wav,40.000000298023224,10.000000298023224,55.92435836791992,20.34633994102478
khz_band_lt_0.8_noise.wav,54.99999940395355,20.000000596046448,55.991939306259155,14.124049544334412
band_8_noise.wav,64.9999988079071,40.000001192092896,41.047781109809875,25.98038613796234
band_8_noise.wav,5.000000037252903,20.000000596046448,40.78201711177826,26.13336682319641
band_8_noise.wav,5.000000037252903,49.999998807907104,40.758934020996094,26.141345500946045
band_8_noise.wav,20.000000149011612,40.000001192092896,40.974516570568085,26.083447337150574
band_8_noise.wav,74.99999821186066,20.000000596046448,40.93666523694992,26.076727509498596
band_8_noise.wav,54.99999940395355,60.0,40.83212345838547,26.11390471458435
band_8_noise.wav,80.00000059604645,30.0,41.07568949460983,26.079522371292114
band_8_noise.wav,54.99999940395355,0.0,40.76313704252243,26.08867049217224
band_8_noise.wav,10.000000074505806,0.0,40.81442892551422,26.135957837104797
band_8_noise.wav,10.000000074505806,10.000000298023224,40.76612502336502,26.151543259620667
band_8_noise.wav,60.00000178813934,60.0,40.92403203248978,26.10815405845642
band_8_noise.wav,84.99999761581421,60.0,40.97472310066223,26.121861934661865
band_8_noise.wav,70.0000011920929,10.000000298023224,40.88141441345215,26.027798652648926
band_8_noise.wav,10.000000074505806,30.0,40.84027200937271,26.137129068374634
band_8_noise.wav,60.00000178813934,20.000000596046448,40.8523553609848,26.097607612609863
band_8_noise.wav,15.000000447034836,10.000000298023224,40.80102324485779,26.11029088497162
band_8_noise.wav,15.000000447034836,30.0,40.858655869960785,26.116721034049988
band_8_noise.wav,50.00000238418579,49.999998807907104,41.048022508621216,25.963743925094604
band_8_noise.wav,64.9999988079071,40.000001192092896,40.884630382061005,26.007419228553772
band_8_noise.wav,64.9999988079071,60.0,41.06526106595993,26.109938621520996
band_8_noise.wav,25.000001192092896,60.0,40.827445685863495,26.074873208999634
band_8_noise.wav,35.00000059604645,10.000000298023224,40.946924686431885,26.116885542869568
band_8_noise.wav,20.000000149011612,49.999998807907104,41.03206604719162,26.096009016036987
band_8_noise.wav,54.99999940395355,49.999998807907104,40.83930641412735,26.049753427505493
band_8_noise.wav,64.9999988079071,0.0,40.92211961746216,26.102532148361206
band_8_noise.wav,5.000000037252903,49.999998807907104,40.87595880031586,26.12665057182312
band_8_noise.wav,10.000000074505806,40.000001192092896,41.092761754989624,26.052035093307495
band_8_noise.wav,84.99999761581421,20.000000596046448,40.830691158771515,26.11169993877411
band_8_noise.wav,54.99999940395355,49.999998807907104,40.960126519203186,26.101414561271667
band_8_noise.wav,0.0,30.0,40.78341722488403,26.131905913352966
band_8_noise.wav,5.000000037252903,30.0,40.789141058921814,26.142972707748413
band_8_noise.wav,15.000000447034836,60.0,40.847395956516266,26.12522006034851
band_8_noise.wav,25.000001192092896,10.000000298023224,40.91978073120117,26.122337579727173
band_8_noise.wav,40.000000298023224,20.000000596046448,40.95145761966705,26.121196746826172
band_8_noise.wav,54.99999940395355,40.000001192092896,40.91229200363159,26.114822030067444
band_8_noise.wav,5.000000037252903,49.999998807907104,40.82922667264938,26.146897673606873
band_8_noise.wav,10.000000074505806,30.0,40.90487837791443,26.135133504867554
band_8_noise.wav,60.00000178813934,20.000000596046448,40.83635330200195,26.11150324344635
band_8_noise.wav,60.00000178813934,20.000000596046448,40.84319829940796,26.053197383880615
band_8_noise.wav,74.99999821186066,40.000001192092896,40.95445096492767,25.976666808128357
band_8_noise.wav,25.000001192092896,30.0,40.91399788856506,26.074889302253723
band_8_noise.wav,60.00000178813934,30.0,40.87145805358887,26.107453107833862
band_8_noise.wav,60.00000178813934,60.0,40.92896729707718,26.03242814540863
band_8_noise.wav,90.0,0.0,40.87742865085602,26.02783441543579
band_8_noise.wav,50.00000238418579,49.999998807907104,41.07606500387192,25.97926676273346
band_8_noise.wav,45.0,40.000001192092896,40.932934284210205,26.013012528419495
band_8_noise.wav,45.0,30.0,40.82556813955307,26.120615601539612
band_8_noise.wav,90.0,10.000000298023224,40.85307955741882,26.05820596218109
band_8_noise.wav,20.000000149011612,10.000000298023224,40.77758073806763,26.1151921749115
band_8_noise.wav,10.000000074505806,30.0,40.82956999540329,26.15890681743622
band_8_noise.wav,60.00000178813934,60.0,40.867740511894226,26.117345094680786
band_8_noise.wav,54.99999940395355,10.000000298023224,40.96631973981857,26.06464147567749
band_8_noise.wav,80.00000059604645,60.0,41.075767278671265,26.115522980690002
band_8_noise.wav,30.00000089406967,60.0,40.88188648223877,26.122759580612183
band_8_noise.wav,45.0,0.0,40.94453752040863,26.126087307929993
band_8_noise.wav,10.000000074505806,10.000000298023224,40.81351429224014,26.11844301223755
band_8_noise.wav,90.0,30.0,40.94476819038391,26.107202768325806
band_8_noise.wav,80.00000059604645,10.000000298023224,40.76713353395462,26.082934141159058
band_8_noise.wav,35.00000059604645,0.0,40.967862010002136,26.102635860443115
band_8_noise.wav,50.00000238418579,20.000000596046448,40.940444469451904,26.09165668487549
band_8_noise.wav,54.99999940395355,20.000000596046448,40.921953320503235,26.027262210845947
band_8_noise.wav,80.00000059604645,49.999998807907104,40.855504274368286,26.07983887195587
band_8_noise.wav,45.0,49.999998807907104,40.77738493680954,26.073569655418396
band_8_noise.wav,84.99999761581421,49.999998807907104,40.89466452598572,26.05433464050293
band_8_noise.wav,20.000000149011612,20.000000596046448,40.94610929489136,26.126319766044617
band_8_noise.wav,45.0,60.0,40.86977630853653,26.123666167259216
band_8_noise.wav,15.000000447034836,10.000000298023224,40.769904255867004,26.144628524780273
band_8_noise.wav,60.00000178813934,40.000001192092896,40.98695397377014,26.084307432174683
band_8_noise.wav,30.00000089406967,10.000000298023224,40.874362885951996,26.106807589530945
band_8_noise.wav,0.0,60.0,40.761061012744904,26.147891879081726
band_8_noise.wav,30.00000089406967,20.000000596046448,41.00192338228226,26.09441041946411
band_8_noise.wav,45.0,40.000001192092896,40.89873880147934,26.059606075286865
band_8_noise.wav,70.0000011920929,30.0,40.907195806503296,26.098015308380127
band_8_noise.wav,20.000000149011612,20.000000596046448,40.96160709857941,26.12171173095703
band_8_noise.wav,70.0000011920929,0.0,40.91917186975479,26.057522892951965
band_8_noise.wav,50.00000238418579,60.0,40.79928785562515,26.11970543861389
band_8_noise.wav,35.00000059604645,49.999998807907104,40.933932065963745,26.113944053649902
band_8_noise.wav,30.00000089406967,20.000000596046448,40.86219906806946,26.130278706550598
band_8_noise.wav,15.000000447034836,49.999998807907104,40.87856858968735,26.13876163959503
band_8_noise.wav,54.99999940395355,40.000001192092896,40.89801728725433,26.01629376411438
band_8_noise.wav,64.9999988079071,60.0,40.860992074012756,26.128453016281128
band_8_noise.wav,50.00000238418579,60.0,40.72280466556549,26.134656071662903
band_8_noise.wav,25.000001192092896,60.0,40.89517951011658,26.109829545021057
band_8_noise.wav,30.00000089406967,20.000000596046448,40.92700660228729,26.129590272903442
band_8_noise.wav,40.000000298023224,60.0,40.862368047237396,26.105189323425293
band_8_noise.wav,60.00000178813934,30.0,40.77610284090042,26.084940433502197
band_8_noise.wav,70.0000011920929,49.999998807907104,41.12087666988373,25.95781981945038
band_8_noise.wav,80.00000059604645,49.999998807907104,40.93945473432541,26.00807011127472
band_8_noise.wav,20.000000149011612,40.000001192092896,41.006072759628296,26.108513474464417
band_8_noise.wav,54.99999940395355,0.0,40.79058676958084,26.074817776679993
band_8_noise.wav,54.99999940395355,10.000000298023224,40.79893380403519,26.0639226436615
band_8_noise.wav,20.000000149011612,30.0,41.03005975484848,26.06227397918701
band_8_noise.wav,0.0,0.0,40.986495316028595,26.10745668411255
band_8_noise.wav,80.00000059604645,60.0,40.908493995666504,26.02520227432251
band_8_noise.wav,84.99999761581421,30.0,40.811685025691986,26.13918900489807
band_8_noise.wav,80.00000059604645,20.000000596046448,40.94351828098297,26.091853380203247
band_8_noise.wav,10.000000074505806,30.0,40.837828516960144,26.11024796962738
band_8_noise.wav,10.000000074505806,40.000001192092896,40.84527164697647,26.125418543815613
band_8_noise.wav,90.0,30.0,40.87444603443146,26.078683733940125
band_8_noise.wav,20.000000149011612,40.000001192092896,40.908577144145966,26.082023978233337
band_8_noise.wav,20.000000149011612,49.999998807907104,40.990502536296844,26.09049618244171
band_8_noise.wav,40.000000298023224,10.000000298023224,41.121702790260315,26.102542877197266
band_8_noise.wav,60.00000178813934,0.0,40.886373817920685,26.076664924621582
band_8_noise.wav,64.9999988079071,0.0,40.90977609157562,26.088654398918152
band_8_noise.wav,80.00000059604645,60.0,40.93363970518112,26.10621213912964
band_8_noise.wav,50.00000238418579,0.0,40.9006404876709,26.076412796974182
band_8_noise.wav,54.99999940395355,60.0,40.87519437074661,26.136420965194702
band_8_noise.wav,60.00000178813934,60.0,40.79137533903122,26.10954523086548
band_8_noise.wav,74.99999821186066,10.000000298023224,40.882345139980316,26.037989258766174
band_8_noise.wav,30.00000089406967,49.999998807907104,40.96889466047287,26.100239753723145
band_8_noise.wav,60.00000178813934,30.0,40.97470164299011,26.067270040512085
band_8_noise.wav,70.0000011920929,60.0,40.87935447692871,26.10505521297455
band_8_noise.wav,74.99999821186066,30.0,40.974028408527374,26.082099080085754
band_8_noise.wav,5.000000037252903,20.000000596046448,40.76584875583649,26.150566935539246
band_8_noise.wav,45.0,49.999998807907104,40.90776979923248,26.040181517601013
band_8_noise.wav,64.9999988079071,0.0,40.94051152467728,26.11188054084778
band_8_noise.wav,35.00000059604645,60.0,40.84841251373291,26.100507974624634
band_8_noise.wav,15.000000447034836,40.000001192092896,40.9378319978714,26.112300753593445
band_8_noise.wav,60.00000178813934,30.0,40.89880585670471,26.072435975074768
band_8_noise.wav,0.0,60.0,40.80291956663132,26.130064129829407
band_8_noise.wav,54.99999940395355,0.0,40.906619131565094,26.10938787460327
band_8_noise.wav,30.00000089406967,60.0,40.69776892662048,26.1247318983078
band_8_noise.wav,40.000000298023224,20.000000596046448,40.832335352897644,26.078844666481018
band_8_noise.wav,54.99999940395355,60.0,40.87806969881058,26.104313135147095
band_8_noise.wav,64.9999988079071,10.000000298023224,40.84762126207352,26.035764813423157
band_8_noise.wav,84.99999761581421,20.000000596046448,40.991873145103455,25.963175296783447
band_8_noise.wav,50.00000238418579,40.000001192092896,40.925171971321106,26.106335520744324
band_8_noise.wav,35.00000059604645,40.000001192092896,41.017421185970306,26.08260154724121
band_6_noise.wav,0.0,30.0,23.864911794662476,27.273112535476685
band_6_noise.wav,30.00000089406967,10.000000298023224,43.72211515903473,28.87705385684967
band_6_noise.wav,60.00000178813934,40.000001192092896,47.73603558540344,32.635377645492554
band_6_noise.wav,80.00000059604645,0.0,48.64546537399292,27.75944709777832
band_6_noise.wav,35.00000059604645,0.0,40.1648810505867,26.309033632278442
band_6_noise.wav,5.000000037252903,60.0,30.059033632278442,27.841644287109375
band_6_noise.wav,25.000001192092896,60.0,39.32624816894531,30.864293575286865
band_6_noise.wav,60.00000178813934,20.000000596046448,45.687257051467896,24.09673511981964
band_6_noise.wav,5.000000037252903,0.0,20.893466770648956,31.178748607635498
band_6_noise.wav,10.000000074505806,30.0,33.83436620235443,32.49039888381958
band_6_noise.wav,15.000000447034836,10.000000298023224,40.71029752492905,29.877583980560303
band_6_noise.wav,40.000000298023224,49.999998807907104,45.28981268405914,29.90371584892273
band_6_noise.wav,74.99999821186066,40.000001192092896,45.824071168899536,29.43801462650299
band_6_noise.wav,20.000000149011612,10.000000298023224,38.7852680683136,29.547747373580933
band_6_noise.wav,50.00000238418579,40.000001192092896,48.000174164772034,31.36118173599243
band_6_noise.wav,70.0000011920929,49.999998807907104,49.38459634780884,33.59542965888977
band_6_noise.wav,84.99999761581421,30.0,47.02928423881531,27.17747211456299
band_6_noise.wav,64.9999988079071,30.0,43.283421099185944,25.128668546676636
band_6_noise.wav,70.0000011920929,20.000000596046448,47.68846392631531,28.873404264450073
band_6_noise.wav,60.00000178813934,20.000000596046448,44.04939025640488,24.854936599731445
band_6_noise.wav,74.99999821186066,0.0,42.7347457408905,23.74290704727173
band_6_noise.wav,64.9999988079071,49.999998807907104,45.93690633773804,31.49285316467285
band_6_noise.wav,45.0,10.000000298023224,46.23069941997528,29.663407802581787
band_6_noise.wav,15.000000447034836,30.0,40.38232773542404,30.45973777770996
band_6_noise.wav,80.00000059604645,0.0,48.353421092033386,28.430816531181335
band_6_noise.wav,80.00000059604645,60.0,46.77974760532379,30.21211266517639
band_6_noise.wav,15.000000447034836,49.999998807907104,35.828776359558105,31.062065362930298
band_6_noise.wav,25.000001192092896,60.0,39.961878061294556,30.981019735336304
band_6_noise.wav,64.9999988079071,20.000000596046448,43.712832033634186,26.151151657104492
band_6_noise.wav,0.0,60.0,25.84993690252304,27.654783725738525
band_6_noise.wav,20.000000149011612,0.0,40.28153568506241,30.268181562423706
band_6_noise.wav,60.00000178813934,0.0,44.425089955329895,23.98232102394104
band_6_noise.wav,60.00000178813934,10.000000298023224,48.744213581085205,23.816285133361816
band_6_noise.wav,80.00000059604645,20.000000596046448,58.792964816093445,19.56528067588806
band_6_noise.wav,50.00000238418579,40.000001192092896,47.07140564918518,33.545215129852295
band_6_noise.wav,25.000001192092896,30.0,40.43525040149689,26.459577083587646
band_6_noise.wav,90.0,49.999998807907104,52.49235391616821,28.5470849275589
band_6_noise.wav,35.00000059604645,49.999998807907104,42.765545547008514,36.23087167739868
band_6_noise.wav,84.99999761581421,60.0,36.53903067111969,27.045580744743347
band_6_noise.wav,70.0000011920929,20.000000596046448,45.52191495895386,26.62598490715027
band_6_noise.wav,60.00000178813934,60.0,43.98247987031937,28.565293550491333
band_6_noise.wav,45.0,0.0,46.792874336242676,31.81876301765442
band_6_noise.wav,70.0000011920929,40.000001192092896,45.43292462825775,29.37399923801422
band_6_noise.wav,45.0,20.000000596046448,45.66049933433533,30.26023507118225
band_6_noise.wav,10.000000074505806,20.000000596046448,32.793084383010864,31.708438396453857
band_6_noise.wav,74.99999821186066,20.000000596046448,46.68757617473602,26.58333420753479
band_6_noise.wav,15.000000447034836,40.000001192092896,37.24250704050064,31.811707019805908
band_6_noise.wav,40.000000298023224,0.0,50.319244265556335,29.367368817329407
band_6_noise.wav,90.0,30.0,49.393152594566345,28.922574520111084
band_6_noise.wav,15.000000447034836,60.0,20.244983732700348,33.2367217540741
band_6_noise.wav,30.00000089406967,49.999998807907104,41.2940239906311,32.22803235054016
band_6_noise.wav,54.99999940395355,49.999998807907104,44.202474653720856,27.195382118225098
band_6_noise.wav,70.0000011920929,0.0,49.63691174983978,28.23627233505249
band_6_noise.wav,84.99999761581421,30.0,45.19047975540161,27.589003443717957
band_6_noise.wav,60.00000178813934,0.0,43.848533034324646,24.295703172683716
band_6_noise.wav,50.00000238418579,40.000001192092896,46.29556059837341,31.93797469139099
band_6_noise.wav,0.0,10.000000298023224,23.676095008850098,27.767663598060608
band_6_noise.wav,15.000000447034836,30.0,34.81467068195343,31.131434440612793
band_6_noise.wav,30.00000089406967,10.000000298023224,46.05313718318939,30.1338529586792
band_6_noise.wav,40.000000298023224,60.0,44.534800350666046,34.834370613098145
band_6_noise.wav,20.000000149011612,20.000000596046448,37.80889570713043,24.1023051738739
band_6_noise.wav,20.000000149011612,49.999998807907104,41.26675397157669,32.24424362182617
band_6_noise.wav,35.00000059604645,30.0,46.50707423686981,30.245983600616455
band_6_noise.wav,5.000000037252903,10.000000298023224,30.87583065032959,27.784194946289062
band_6_noise.wav,15.000000447034836,60.0,39.078717827796936,30.114437341690063
band_6_noise.wav,45.0,49.999998807907104,42.839692533016205,29.908313155174255
band_6_noise.wav,25.000001192092896,49.999998807907104,38.45810830593109,39.153828620910645
band_6_noise.wav,40.000000298023224,30.0,46.88186466693878,22.098970413208008
band_6_noise.wav,64.9999988079071,10.000000298023224,45.60395836830139,26.059218049049377
band_6_noise.wav,74.99999821186066,40.000001192092896,45.289067029953,28.79514455795288
band_6_noise.wav,35.00000059604645,60.0,40.39858192205429,32.28955149650574
band_6_noise.wav,50.00000238418579,0.0,44.83663469552994,28.25516939163208
band_6_noise.wav,70.0000011920929,49.999998807907104,51.3770055770874,33.239686489105225
band_6_noise.wav,90.0,30.0,49.69371020793915,28.82193624973297
band_6_noise.wav,25.000001192092896,60.0,37.29402422904968,31.379002332687378
band_6_noise.wav,10.000000074505806,20.000000596046448,36.89203351736069,29.863809943199158
band_6_noise.wav,15.000000447034836,20.000000596046448,37.59621798992157,28.229504227638245
band_6_noise.wav,25.000001192092896,30.0,40.56950569152832,28.12782883644104
band_6_noise.wav,50.00000238418579,20.000000596046448,47.351916432380676,26.49485170841217
band_6_noise.wav,84.99999761581421,30.0,46.096041798591614,26.550713181495667
band_6_noise.wav,60.00000178813934,0.0,44.664514660835266,26.62660002708435
band_6_noise.wav,74.99999821186066,30.0,50.31986653804779,28.537268042564392
band_6_noise.wav,5.000000037252903,10.000000298023224,29.14372980594635,27.991808652877808
band_6_noise.wav,35.00000059604645,40.000001192092896,43.23501527309418,31.09567880630493
band_6_noise.wav,40.000000298023224,30.0,45.64892292022705,24.532358050346375
band_6_noise.wav,15.000000447034836,0.0,37.86498337984085,30.851240158081055
band_6_noise.wav,45.0,10.000000298023224,44.46957439184189,30.559444427490234
band_6_noise.wav,25.000001192092896,49.999998807907104,40.508568584918976,32.34435439109802
band_6_noise.wav,30.00000089406967,10.000000298023224,47.316462993621826,32.23788142204285
band_6_noise.wav,35.00000059604645,30.0,42.53493458032608,31.429617404937744
band_6_noise.wav,40.000000298023224,10.000000298023224,49.026618003845215,31.196504831314087
band_6_noise.wav,60.00000178813934,30.0,42.930927872657776,29.14042890071869
band_6_noise.wav,90.0,60.0,39.370150566101074,27.734313011169434
band_6_noise.wav,35.00000059604645,30.0,39.116413593292236,27.104381918907166
band_6_noise.wav,35.00000059604645,60.0,41.030665934085846,31.484205722808838
band_6_noise.wav,74.99999821186066,20.000000596046448,46.376890540122986,25.65726399421692
band_6_noise.wav,80.00000059604645,0.0,52.046838998794556,26.358073353767395
band_6_noise.wav,70.0000011920929,30.0,44.64997708797455,25.95068335533142
band_6_noise.wav,64.9999988079071,60.0,46.55956506729126,27.231289744377136
band_6_noise.wav,35.00000059604645,49.999998807907104,40.95794588327408,30.684592723846436
band_6_noise.wav,54.99999940395355,49.999998807907104,42.517103254795074,25.677747130393982
band_6_noise.wav,70.0000011920929,60.0,48.68637979030609,37.838566303253174
band_6_noise.wav,74.99999821186066,40.000001192092896,45.91735303401947,29.518727660179138
band_6_noise.wav,64.9999988079071,40.000001192092896,42.96959191560745,30.57961106300354
band_6_noise.wav,60.00000178813934,60.0,41.73798054456711,27.518439888954163
band_6_noise.wav,35.00000059604645,10.000000298023224,37.922334372997284,26.804328560829163
band_6_noise.wav,5.000000037252903,49.999998807907104,33.40738534927368,30.333781242370605
band_6_noise.wav,50.00000238418579,40.000001192092896,44.105384051799774,30.393658876419067
band_6_noise.wav,45.0,49.999998807907104,42.504099905490875,28.40899407863617
band_6_noise.wav,64.9999988079071,40.000001192092896,47.99650490283966,27.384556531906128
band_6_noise.wav,74.99999821186066,20.000000596046448,48.83546769618988,20.05967617034912
band_6_noise.wav,35.00000059604645,20.000000596046448,30.83246201276779,28.536890745162964
band_6_noise.wav,50.00000238418579,0.0,47.00542330741882,30.16202688217163
band_6_noise.wav,60.00000178813934,0.0,46.82753920555115,21.432141065597534
band_6_noise.wav,30.00000089406967,49.999998807907104,38.538140058517456,37.64064073562622
band_6_noise.wav,15.000000447034836,49.999998807907104,41.451397240161896,29.39281940460205
band_6_noise.wav,50.00000238418579,30.0,49.90165650844574,32.19143986701965
band_6_noise.wav,45.0,0.0,48.436333537101746,27.13798999786377
band_6_noise.wav,50.00000238418579,20.000000596046448,48.68438959121704,29.2399924993515
band_6_noise.wav,54.99999940395355,10.000000298023224,47.51092314720154,21.439887285232544
band_6_noise.wav,30.00000089406967,30.0,44.77509945631027,28.35363507270813
band_6_noise.wav,74.99999821186066,10.000000298023224,49.47336137294769,25.753812789916992
band_6_noise.wav,70.0000011920929,49.999998807907104,51.25774383544922,32.80545115470886
band_6_noise.wav,80.00000059604645,20.000000596046448,50.05202651023865,27.858381271362305
band_6_noise.wav,74.99999821186066,10.000000298023224,46.75905704498291,28.494674563407898
band_6_noise.wav,5.000000037252903,0.0,31.135860085487366,28.083654642105103
band_6_noise.wav,40.000000298023224,60.0,41.2701416015625,33.85405898094177
band_6_noise.wav,40.000000298023224,0.0,44.37195003032684,29.040448665618896
band_6_noise.wav,40.000000298023224,20.000000596046448,44.89394277334213,30.52499771118164
band_6_noise.wav,10.000000074505806,49.999998807907104,37.10719496011734,31.15162968635559
band_6_noise.wav,45.0,10.000000298023224,49.13382589817047,22.482951879501343
band_6_noise.wav,84.99999761581421,60.0,47.121976017951965,28.145030736923218
band_6_noise.wav,64.9999988079071,40.000001192092896,42.1636900305748,29.694530367851257
band_6_noise.wav,30.00000089406967,60.0,40.10479688644409,30.393930673599243
band_6_noise.wav,54.99999940395355,20.000000596046448,49.01996076107025,27.298412919044495
band_6_noise.wav,0.0,49.999998807907104,15.135836899280548,29.415687918663025
band_6_noise.wav,10.000000074505806,40.000001192092896,37.22889482975006,34.805359840393066
band_6_noise.wav,25.000001192092896,10.000000298023224,40.89715093374252,30.184121131896973
band_6_noise.wav,0.0,0.0,20.882901549339294,27.422865629196167
band_6_noise.wav,0.0,30.0,24.67442125082016,27.475735545158386
band_6_noise.wav,5.000000037252903,20.000000596046448,30.46923726797104,29.1778564453125
band_6_noise.wav,70.0000011920929,10.000000298023224,55.24574339389801,23.503634333610535
band_6_noise.wav,54.99999940395355,10.000000298023224,45.90481638908386,21.971738934516907
band_6_noise.wav,40.000000298023224,10.000000298023224,44.84153509140015,28.490631580352783
band_6_noise.wav,30.00000089406967,0.0,46.46370828151703,30.830440521240234
band_6_noise.wav,70.0000011920929,30.0,43.476537466049194,25.597132444381714
band_6_noise.wav,25.000001192092896,20.000000596046448,43.67920786142349,27.283485531806946
khz_band_4.5_8_noise.wav,60.00000178813934,10.000000298023224,40.686723589897156,26.152451634407043
khz_band_4.5_8_noise.wav,74.99999821186066,60.0,40.76486438512802,26.164825558662415
khz_band_4.5_8_noise.wav,74.99999821186066,60.0,40.68154692649841,26.137080788612366
khz_band_4.5_8_noise.wav,10.000000074505806,40.000001192092896,40.65581649541855,26.146198511123657
khz_band_4.5_8_noise.wav,15.000000447034836,40.000001192092896,40.68130552768707,26.137166619300842
khz_band_4.5_8_noise.wav,60.00000178813934,60.0,40.69497674703598,26.132322549819946
khz_band_4.5_8_noise.wav,20.000000149011612,30.0,40.69506794214249,26.135151386260986
khz_band_4.5_8_noise.wav,54.99999940395355,10.000000298023224,40.7029590010643,26.153295636177063
khz_band_4.5_8_noise.wav,60.00000178813934,40.000001192092896,40.7173678278923,26.132529973983765
khz_band_4.5_8_noise.wav,64.9999988079071,49.999998807907104,40.771704018116,26.126368045806885
khz_band_4.5_8_noise.wav,15.000000447034836,30.0,40.68110704421997,26.139119267463684
khz_band_4.5_8_noise.wav,25.000001192092896,20.000000596046448,40.64427763223648,26.150286197662354
khz_band_4.5_8_noise.wav,5.000000037252903,40.000001192092896,40.68104803562164,26.13725781440735
khz_band_4.5_8_noise.wav,10.000000074505806,20.000000596046448,40.704096257686615,26.142216324806213
khz_band_4.5_8_noise.wav,70.0000011920929,10.000000298023224,40.70163935422897,26.148735880851746
khz_band_4.5_8_noise.wav,70.0000011920929,60.0,40.67940652370453,26.13783895969391
khz_band_4.5_8_noise.wav,70.0000011920929,30.0,40.67432910203934,26.13963782787323
khz_band_4.5_8_noise.wav,45.0,0.0,40.826327204704285,26.171729564666748
khz_band_4.5_8_noise.wav,74.99999821186066,60.0,40.76182007789612,26.118094325065613
khz_band_4.5_8_noise.wav,84.99999761581421,49.999998807907104,40.66142499446869,26.148081421852112
khz_band_4.5_8_noise.wav,5.000000037252903,49.999998807907104,40.672145783901215,26.140412092208862
khz_band_4.5_8_noise.wav,0.0,60.0,40.67312479019165,26.14006519317627
khz_band_4.5_8_noise.wav,60.00000178813934,0.0,40.77400267124176,26.165742874145508
khz_band_4.5_8_noise.wav,70.0000011920929,49.999998807907104,40.782239735126495,26.159507632255554
khz_band_4.5_8_noise.wav,30.00000089406967,20.000000596046448,40.716353952884674,26.13852560520172
khz_band_4.5_8_noise.wav,20.000000149011612,30.0,40.66187560558319,26.1440509557724
khz_band_4.5_8_noise.wav,84.99999761581421,60.0,40.70906639099121,26.12733006477356
khz_band_4.5_8_noise.wav,45.0,10.000000298023224,40.665424168109894,26.142793893814087
khz_band_4.5_8_noise.wav,10.000000074505806,30.0,40.68382412195206,26.13627254962921
khz_band_4.5_8_noise.wav,40.000000298023224,40.000001192092896,40.72651416063309,26.156174540519714
khz_band_4.5_8_noise.wav,30.00000089406967,30.0,40.7744961977005,26.15784466266632
khz_band_4.5_8_noise.wav,74.99999821186066,20.000000596046448,40.755530297756195,26.145220398902893
khz_band_4.5_8_noise.wav,64.9999988079071,49.999998807907104,40.83741545677185,26.168689727783203
khz_band_4.5_8_noise.wav,20.000000149011612,20.000000596046448,40.687233209609985,26.13506555557251
khz_band_4.5_8_noise.wav,10.000000074505806,40.000001192092896,40.68055719137192,26.137431263923645
khz_band_4.5_8_noise.wav,15.000000447034836,40.000001192092896,40.66445857286453,26.14313542842865
khz_band_4.5_8_noise.wav,40.000000298023224,0.0,40.67633002996445,26.1389297246933
khz_band_4.5_8_noise.wav,15.000000447034836,20.000000596046448,40.68560242652893,26.135643124580383
khz_band_4.5_8_noise.wav,54.99999940395355,0.0,40.729598701000214,26.13767981529236
khz_band_4.5_8_noise.wav,50.00000238418579,30.0,40.683142840862274,26.136515736579895
khz_band_4.5_8_noise.wav,5.000000037252903,49.999998807907104,40.67833095788956,26.138219833374023
khz_band_4.5_8_noise.wav,84.99999761581421,0.0,40.89440703392029,26.143961548805237
khz_band_4.5_8_noise.wav,10.000000074505806,10.000000298023224,40.67363440990448,26.1398845911026
khz_band_4.5_8_noise.wav,50.00000238418579,20.000000596046448,40.659367740154266,26.147097945213318
khz_band_4.5_8_noise.wav,84.99999761581421,20.000000596046448,40.76259523630142,26.15168273448944
khz_band_4.5_8_noise.wav,74.99999821186066,60.0,40.665381252765656,26.143679022789
khz_band_4.5_8_noise.wav,15.000000447034836,10.000000298023224,40.685795545578,26.144585609436035
khz_band_4.5_8_noise.wav,0.0,49.999998807907104,40.67643731832504,26.140074133872986
khz_band_4.5_8_noise.wav,74.99999821186066,20.000000596046448,40.6620928645134,26.14527940750122
khz_band_4.5_8_noise.wav,0.0,49.999998807907104,40.66204458475113,26.143991947174072
khz_band_4.5_8_noise.wav,40.000000298023224,49.999998807907104,40.6707027554512,26.140923500061035
khz_band_4.5_8_noise.wav,40.000000298023224,49.999998807907104,40.70828586816788,26.14081621170044
khz_band_4.5_8_noise.wav,54.99999940395355,60.0,40.69518864154816,26.132397651672363
khz_band_4.5_8_noise.wav,54.99999940395355,60.0,40.711370408535004,26.131010055541992
khz_band_4.5_8_noise.wav,30.00000089406967,60.0,40.691996812820435,26.13337755203247
khz_band_4.5_8_noise.wav,5.000000037252903,10.000000298023224,40.656637251377106,26.145907044410706
khz_band_4.5_8_noise.wav,15.000000447034836,60.0,40.67221283912659,26.140387058258057
khz_band_4.5_8_noise.wav,70.0000011920929,49.999998807907104,40.77153503894806,26.159512996673584
khz_band_4.5_8_noise.wav,80.00000059604645,0.0,40.67430764436722,26.140127778053284
khz_band_4.5_8_noise.wav,20.000000149011612,30.0,40.70814371109009,26.15709900856018
khz_band_4.5_8_noise.wav,84.99999761581421,40.000001192092896,40.807940661907196,26.182966232299805
khz_band_4.5_8_noise.wav,60.00000178813934,49.999998807907104,40.7679408788681,26.15652859210968
khz_band_4.5_8_noise.wav,45.0,60.0,40.7007971405983,26.132880449295044
khz_band_4.5_8_noise.wav,50.00000238418579,30.0,40.685143768787384,26.13580584526062
khz_band_4.5_8_noise.wav,40.000000298023224,49.999998807907104,40.76094031333923,26.149250864982605
khz_band_4.5_8_noise.wav,70.0000011920929,10.000000298023224,40.86320489645004,26.161006093025208
khz_band_4.5_8_noise.wav,70.0000011920929,40.000001192092896,40.87620824575424,26.201276779174805
khz_band_4.5_8_noise.wav,5.000000037252903,10.000000298023224,40.65298408269882,26.147201657295227
khz_band_4.5_8_noise.wav,5.000000037252903,60.0,40.667030811309814,26.142223477363586
khz_band_4.5_8_noise.wav,45.0,40.000001192092896,40.74349254369736,26.153356432914734
khz_band_4.5_8_noise.wav,20.000000149011612,0.0,40.656248331069946,26.146044731140137
khz_band_4.5_8_noise.wav,10.000000074505806,40.000001192092896,40.699973702430725,26.130550503730774
khz_band_4.5_8_noise.wav,45.0,20.000000596046448,40.69392532110214,26.139782667160034
khz_band_4.5_8_noise.wav,80.00000059604645,20.000000596046448,40.71128189563751,26.129631400108337
khz_band_4.5_8_noise.wav,84.99999761581421,40.000001192092896,40.676525831222534,26.143462657928467
khz_band_4.5_8_noise.wav,54.99999940395355,20.000000596046448,40.67469924688339,26.139507293701172
khz_band_4.5_8_noise.wav,15.000000447034836,10.000000298023224,40.645540952682495,26.149839162826538
khz_band_4.5_8_noise.wav,25.000001192092896,49.999998807907104,40.69941580295563,26.1468905210495
khz_band_4.5_8_noise.wav,54.99999940395355,20.000000596046448,40.7672193646431,26.134745478630066
khz_band_4.5_8_noise.wav,40.000000298023224,10.000000298023224,40.738074481487274,26.144145727157593
khz_band_4.5_8_noise.wav,10.000000074505806,20.000000596046448,40.69612205028534,26.13543391227722
khz_band_4.5_8_noise.wav,40.000000298023224,10.000000298023224,40.65383702516556,26.146899461746216
khz_band_4.5_8_noise.wav,15.000000447034836,20.000000596046448,40.66061496734619,26.144497990608215
khz_band_4.5_8_noise.wav,25.000001192092896,20.000000596046448,40.71615278720856,26.150922775268555
khz_band_4.5_8_noise.wav,40.000000298023224,10.000000298023224,40.74883550405502,26.13470435142517
khz_band_4.5_8_noise.wav,10.000000074505806,0.0,40.66388726234436,26.14333927631378
khz_band_4.5_8_noise.wav,74.99999821186066,60.0,40.74218362569809,26.138926148414612
khz_band_4.5_8_noise.wav,20.000000149011612,0.0,40.67442834377289,26.139602065086365
khz_band_4.5_8_noise.wav,40.000000298023224,40.000001192092896,40.78683167695999,26.160934567451477
khz_band_4.5_8_noise.wav,45.0,10.000000298023224,40.782019793987274,26.13580048084259
khz_band_4.5_8_noise.wav,15.000000447034836,30.0,40.74106514453888,26.14726960659027
khz_band_4.5_8_noise.wav,20.000000149011612,0.0,40.666421949863434,26.14243984222412
khz_band_4.5_8_noise.wav,25.000001192092896,0.0,40.6700724363327,26.141651272773743
khz_band_4.5_8_noise.wav,84.99999761581421,40.000001192092896,40.774399638175964,26.148270964622498
khz_band_4.5_8_noise.wav,15.000000447034836,10.000000298023224,40.63817024230957,26.1524498462677
khz_band_4.5_8_noise.wav,64.9999988079071,40.000001192092896,40.7232204079628,26.13433599472046
khz_band_4.5_8_noise.wav,10.000000074505806,10.000000298023224,40.66295385360718,26.143668293952942
khz_band_4.5_8_noise.wav,50.00000238418579,40.000001192092896,40.78090399503708,26.138194799423218
khz_band_4.5_8_noise.wav,25.000001192092896,60.0,40.68201631307602,26.136914491653442
khz_band_4.5_8_noise.wav,54.99999940395355,10.000000298023224,40.842707455158234,26.1679208278656
khz_band_4.5_8_noise.wav,74.99999821186066,0.0,40.59925138950348,26.155681014060974
khz_band_4.5_8_noise.wav,60.00000178813934,20.000000596046448,40.680484771728516,26.142772436141968
khz_band_4.5_8_noise.wav,0.0,40.000001192092896,40.67427009344101,26.13965928554535
khz_band_4.5_8_noise.wav,10.000000074505806,10.000000298023224,40.683998465538025,26.14847481250763
khz_band_4.5_8_noise.wav,35.00000059604645,20.000000596046448,40.6279993057251,26.15756928920746
khz_band_4.5_8_noise.wav,50.00000238418579,10.000000298023224,40.68765968084335,26.13723635673523
khz_band_4.5_8_noise.wav,80.00000059604645,0.0,40.7555490732193,26.065231561660767
khz_band_4.5_8_noise.wav,40.000000298023224,20.000000596046448,40.679130256175995,26.137937307357788
khz_band_4.5_8_noise.wav,35.00000059604645,20.000000596046448,40.679250955581665,26.13789439201355
khz_band_4.5_8_noise.wav,15.000000447034836,49.999998807907104,40.6790417432785,26.137969493865967
khz_band_4.5_8_noise.wav,70.0000011920929,30.0,40.65921753644943,26.1449933052063
khz_band_4.5_8_noise.wav,84.99999761581421,20.000000596046448,40.73693722486496,26.15344226360321
