onset_sec,note,velocity,offset,duration,freq,interval,key
152.0,79.0,80.0,152.94791666666666,0.9479166666666572,783.9908719634984,0,c1
153.0,76.0,80.0,153.94791666666666,0.9479166666666572,659.2551138257397,-1.189207115002721,c1
154.0,77.0,80.0,154.94791666666666,0.9479166666666572,698.4564628660079,1.0594630943592958,c1
155.0,81.0,80.0,155.94791666666666,0.9479166666666572,880.0,1.259921049894873,c1
156.0,79.0,80.0,157.42291666666668,1.42291666666668,783.9908719634984,-1.1224620483093732,c1
157.5,76.0,80.0,157.97291666666666,0.4729166666666629,659.2551138257397,-1.189207115002721,c1
158.0,74.0,80.0,158.94791666666666,0.9479166666666572,587.3295358348153,-1.1224620483093726,c1
159.0,72.0,80.0,159.94791666666666,0.9479166666666572,523.2511306011972,-1.1224620483093732,c1
